21
6 60 4 20

Solution history:
B_obj   B_dis   B_sim   C_obj   C_dis   C_sim   neighbor   iterations   time   scores
1.0216856522221232 2292.5445302748353 0.0 1.0216856522221232 2292.5445302748353 0.0 0 0 0 3.0 3.0 3.0 3.0 3.0 3.0 3.0
1.0216856522221232 2292.5445302748353 0.0 1.0216856522221232 2292.5445302748353 0.0 t_swap_r_k 100 2.079192638397217 3.0 3.0 3.0 3.0 3.0 4.01 3.0
1.0214549767470693 2291.530828256483 0.0 1.0424261499046654 2383.6885253507153 0.0 move_t 100 4.56902289390564 3.0 3.98 3.0 3.0 3.0 4.01 3.0
1.0214549767470693 2291.530828256483 0.0 1.0343599812859772 2348.241794798933 0.0 t_swap_r_k 100 6.241535425186157 3.0 3.98 3.0 3.0 3.0 5.0099 3.0
1.0214549767470693 2291.530828256483 0.0 1.0338760022261577 2346.114951667191 0.0 t_swap_r_k 100 8.44961667060852 3.0 3.98 3.0 3.0 3.0 5.999801 3.0
1.0214549767470693 2291.530828256483 0.0 1.0338760022261577 2346.114951667191 0.0 move_t 100 10.888744115829468 3.0 4.9402 3.0 3.0 3.0 5.999801 3.0
1.0214549767470693 2291.530828256483 0.0 1.0338760022261577 2346.114951667191 0.0 t_swap_r_k 100 12.886528491973877 3.0 4.9402 3.0 3.0 3.0 6.97980299 3.0
1.0214549767470693 2291.530828256483 0.0 1.0338760022261577 2346.114951667191 0.0 t_swap_k 100 16.16551113128662 3.0 4.9402 3.9699999999999998 3.0 3.0 6.97980299 3.0
1.0214549767470693 2291.530828256483 0.0 1.0282217842229087 2321.267523908509 0.0 t_move_k 100 18.84519624710083 4.0 4.9402 3.9699999999999998 3.0 3.0 6.97980299 3.0
1.0214549767470693 2291.530828256483 0.0 1.0236592234573063 2301.21737745983 0.0 t_swap_k 100 23.88153076171875 4.0 4.9402 4.9303 3.0 3.0 6.97980299 3.0
1.0214549767470693 2291.530828256483 0.0 1.0224013897924569 2295.6898348178906 0.0 t_swap_r_k 100 26.695107221603394 4.0 4.9402 4.9303 3.0 3.0 7.950004960099999 3.0
1.0214549767470693 2291.530828256483 0.0 1.0224013897924569 2295.6898348178906 0.0 swap_t 100 30.72357749938965 4.0 4.9402 4.9303 3.0 3.9699999999999998 7.950004960099999 3.0
1.0214549767470693 2291.530828256483 0.0 1.0224013897924569 2295.6898348178906 0.0 t_multiswap_k 100 31.635388612747192 4.0 4.9402 4.9303 3.0 3.9699999999999998 7.950004960099999 3.9699999999999998
1.0214549767470693 2291.530828256483 0.0 1.0224013897924569 2295.6898348178906 0.0 swap_t 100 35.83736705780029 4.0 4.9402 4.9303 3.0 4.9303 7.950004960099999 3.9699999999999998
1.0214549767470693 2291.530828256483 0.0 1.0389578419818268 2368.4470665834588 0.0 f_swap_t 100 39.8237988948822 4.0 4.9402 4.9303 4.04 4.9303 7.950004960099999 3.9699999999999998
1.0214549767470693 2291.530828256483 0.0 1.0230920838840543 2298.725085940937 0.0 t_swap_r_k 100 42.69481301307678 4.0 4.9402 4.9303 4.04 4.9303 8.910504910499 3.9699999999999998
1.0214549767470693 2291.530828256483 0.0 1.0224013897924569 2295.6898348178906 0.0 t_swap_k 100 46.963767528533936 4.0 4.9402 5.880997 4.04 4.9303 8.910504910499 3.9699999999999998
1.0214549767470693 2291.530828256483 0.0 1.0224013897924569 2295.6898348178906 0.0 t_multiswap_k 100 48.433823585510254 4.0 4.9402 5.880997 4.04 4.9303 8.910504910499 4.9303
1.0214549767470693 2291.530828256483 0.0 1.0224013897924569 2295.6898348178906 0.0 t_move_k 100 51.42972135543823 4.96 4.9402 5.880997 4.04 4.9303 8.910504910499 4.9303
1.0214549767470693 2291.530828256483 0.0 1.0224013897924569 2295.6898348178906 0.0 t_multiswap_k 100 52.97559428215027 4.96 4.9402 5.880997 4.04 4.9303 8.910504910499 5.880997
1.0214549767470693 2291.530828256483 0.0 1.0224013897924569 2295.6898348178906 0.0 t_swap_r_k 100 56.06518220901489 4.96 4.9402 5.880997 4.04 4.9303 9.86139986139401 5.880997
1.0214549767470693 2291.530828256483 0.0 1.0224013897924569 2295.6898348178906 0.0 t_move_k 100 59.36865425109863 5.9104 4.9402 5.880997 4.04 4.9303 9.86139986139401 5.880997
1.0214549767470693 2291.530828256483 0.0 1.051535482783967 2440.798341383586 0.0 swap_t 100 64.00839829444885 5.9104 4.9402 5.880997 4.04 5.920997 9.86139986139401 5.880997
1.0214549767470693 2291.530828256483 0.0 1.037563823527558 2362.3210606854173 0.0 swap_t 100 68.07470345497131 5.9104 4.9402 5.880997 4.04 6.86178703 9.86139986139401 5.880997
1.0214549767470693 2291.530828256483 0.0 1.037563823527558 2362.3210606854173 0.0 swap_t 100 71.93441128730774 5.9104 4.9402 5.880997 4.04 7.793169159700001 9.86139986139401 5.880997
1.0214549767470693 2291.530828256483 0.0 1.037563823527558 2362.3210606854173 0.0 t_swap_r_k 100 74.40058636665344 5.9104 4.9402 5.880997 4.04 7.793169159700001 10.802785862780071 5.880997
1.0214549767470693 2291.530828256483 0.0 1.037563823527558 2362.3210606854173 0.0 swap_t 100 78.433429479599 5.9104 4.9402 5.880997 4.04 8.715237468103 10.802785862780071 5.880997
1.0214549767470693 2291.530828256483 0.0 1.037563823527558 2362.3210606854173 0.0 swap_t 100 82.63423204421997 5.9104 4.9402 5.880997 4.04 9.62808509342197 10.802785862780071 5.880997
1.0214549767470693 2291.530828256483 0.0 1.0403040936179617 2374.3631614801616 0.0 t_move_k 100 86.59797072410583 6.8912960000000005 4.9402 5.880997 4.04 9.62808509342197 10.802785862780071 5.880997
1.0214549767470693 2291.530828256483 0.0 1.0420334720796567 2381.9629049583395 0.0 t_move_k 100 89.87927889823914 7.832383040000001 4.9402 5.880997 4.04 9.62808509342197 10.802785862780071 5.880997
1.0214549767470693 2291.530828256483 0.0 1.0370222520524188 2359.9411280232966 0.0 t_swap_r_k 100 92.66507506370544 7.832383040000001 4.9402 5.880997 4.04 9.62808509342197 11.73475800415227 5.880997
1.0214549767470693 2291.530828256483 0.0 1.0370222520524188 2359.9411280232966 0.0 t_swap_r_k 100 95.60257911682129 7.832383040000001 4.9402 5.880997 4.04 9.62808509342197 12.657410424110749 5.880997
1.0214549767470693 2291.530828256483 0.0 1.0370222520524188 2359.9411280232966 0.0 t_multiswap_k 100 96.71791982650757 7.832383040000001 4.9402 5.880997 4.04 9.62808509342197 12.657410424110749 6.82218703
1.0214549767470693 2291.530828256483 0.0 1.0370222520524188 2359.9411280232966 0.0 t_move_k 100 99.47590112686157 8.754059209600001 4.9402 5.880997 4.04 9.62808509342197 12.657410424110749 6.82218703
1.0214549767470693 2291.530828256483 0.0 1.0370222520524188 2359.9411280232966 0.0 t_swap_r_k 100 100.97894024848938 8.754059209600001 4.9402 5.880997 4.04 9.62808509342197 13.570836319869642 6.82218703
1.0214549767470693 2291.530828256483 0.0 1.0370222520524188 2359.9411280232966 0.0 move_t 100 102.32959580421448 8.754059209600001 5.890798 5.880997 4.04 9.62808509342197 13.570836319869642 6.82218703
1.0214549767470693 2291.530828256483 0.0 1.0370222520524188 2359.9411280232966 0.0 t_move_k 100 103.77737212181091 9.666518617504002 5.890798 5.880997 4.04 9.62808509342197 13.570836319869642 6.82218703
1.0214549767470693 2291.530828256483 0.0 1.0370222520524188 2359.9411280232966 0.0 t_move_k 100 106.15838599205017 10.569853431328962 5.890798 5.880997 4.04 9.62808509342197 13.570836319869642 6.82218703
1.0214549767470693 2291.530828256483 0.0 1.0366540817411316 2358.3232057558243 0.0 t_multiswap_k 100 107.90586829185486 10.569853431328962 5.890798 5.880997 4.04 9.62808509342197 13.570836319869642 7.7839651597
1.0214549767470693 2291.530828256483 0.0 1.0366540817411316 2358.3232057558243 0.0 t_swap_r_k 100 110.45679140090942 10.569853431328962 5.890798 5.880997 4.04 9.62808509342197 14.475127956670946 7.7839651597
1.0214549767470693 2291.530828256483 0.0 1.0713771775448464 2557.658302105866 0.0 move_t 100 112.42051649093628 10.569853431328962 6.90189002 5.880997 4.04 9.62808509342197 14.475127956670946 7.7839651597
1.0214549767470693 2291.530828256483 0.0 1.0612481011328003 2466.401479317077 0.0 swap_t 100 115.9491674900055 10.569853431328962 6.90189002 5.880997 4.04 10.53180424248775 14.475127956670946 7.7839651597
1.0214549767470693 2291.530828256483 0.0 1.04883929014049 2411.8710323966716 0.0 t_move_k 100 118.6084668636322 11.524154897015672 6.90189002 5.880997 4.04 10.53180424248775 14.475127956670946 7.7839651597
1.0214549767470693 2291.530828256483 0.0 1.0461505271261773 2400.0552791448586 0.0 t_swap_r_k 100 121.32026195526123 11.524154897015672 6.90189002 5.880997 4.04 10.53180424248775 15.370376677104236 7.7839651597
1.0214549767470693 2291.530828256483 0.0 1.0461505271261773 2400.0552791448586 0.0 t_swap_r_k 100 123.48815608024597 11.524154897015672 6.90189002 5.880997 4.04 10.53180424248775 16.256672910333194 7.7839651597
1.0214549767470693 2291.530828256483 0.0 1.0461505271261773 2400.0552791448586 0.0 f_swap_t 100 125.70785236358643 11.524154897015672 6.90189002 5.880997 4.9996 10.53180424248775 16.256672910333194 7.7839651597
1.0214549767470693 2291.530828256483 0.0 1.0461505271261773 2400.0552791448586 0.0 move_t 100 128.33446955680847 11.524154897015672 7.8328711198 5.880997 4.9996 10.53180424248775 16.256672910333194 7.7839651597
1.0214549767470693 2291.530828256483 0.0 1.0461505271261773 2400.0552791448586 0.0 t_multiswap_k 100 129.1599509716034 11.524154897015672 7.8328711198 5.880997 4.9996 10.53180424248775 16.256672910333194 8.706125508103
1.0214549767470693 2291.530828256483 0.0 1.111004218474501 2685.0544443230256 0.0 t_swap_k 100 132.36380052566528 11.524154897015672 7.8328711198 6.862187029999999 4.9996 10.53180424248775 16.256672910333194 8.706125508103
1.0214549767470693 2291.530828256483 0.0 1.097114750758617 2624.017260139701 0.0 t_swap_r_k 100 134.09765696525574 11.524154897015672 7.8328711198 6.862187029999999 4.9996 10.53180424248775 17.13410618122986 8.706125508103
1.0214549767470693 2291.530828256483 0.0 1.0779329270883649 2539.722848843128 0.0 t_move_k 100 136.56733870506287 12.528913348045515 7.8328711198 6.862187029999999 4.9996 10.53180424248775 17.13410618122986 8.706125508103
1.0214549767470693 2291.530828256483 0.0 1.0670337162068564 2491.826330730579 0.0 t_move_k 100 139.06582975387573 13.43362421456506 7.8328711198 6.862187029999999 4.9996 10.53180424248775 17.13410618122986 8.706125508103
1.0214549767470693 2291.530828256483 0.0 1.070338906194047 2584.5719978978327 0.0 move_t 100 142.06940913200378 13.43362421456506 8.794542408602 6.862187029999999 4.9996 10.53180424248775 17.13410618122986 8.706125508103
1.0214549767470693 2291.530828256483 0.0 1.0663559842248422 2488.8480415218546 0.0 move_t 100 144.63712787628174 13.43362421456506 9.73659698451598 6.862187029999999 4.9996 10.53180424248775 17.13410618122986 8.706125508103
1.0214549767470693 2291.530828256483 0.0 1.059887640437025 2460.4229427913583 0.0 t_move_k 100 147.01796913146973 14.32928797241941 9.73659698451598 6.862187029999999 4.9996 10.53180424248775 17.13410618122986 8.706125508103
1.0214549767470693 2291.530828256483 0.0 1.0616950509483591 2468.365597652711 0.0 t_move_k 100 150.09592986106873 15.255995092695215 9.73659698451598 6.862187029999999 4.9996 10.53180424248775 17.13410618122986 8.706125508103
1.0214549767470693 2291.530828256483 0.0 1.0574864932675503 2449.871115678006 0.0 t_swap_r_k 100 152.62204098701477 15.255995092695215 9.73659698451598 6.862187029999999 4.9996 10.53180424248775 18.00276511941756 8.706125508103
1.0214549767470693 2291.530828256483 0.0 1.057431341306137 2449.6287507079637 0.0 swap_t 100 156.77865648269653 15.255995092695215 9.73659698451598 6.862187029999999 4.9996 11.426486200062872 18.00276511941756 8.706125508103
1.0214549767470693 2291.530828256483 0.0 1.057431341306137 2449.6287507079637 0.0 t_swap_r_k 100 159.76981711387634 15.255995092695215 9.73659698451598 6.862187029999999 4.9996 11.426486200062872 18.862737468223386 8.706125508103
1.0214549767470693 2291.530828256483 0.0 1.057431341306137 2449.6287507079637 0.0 f_swap_t 100 163.49540543556213 15.255995092695215 9.73659698451598 6.862187029999999 5.949604 11.426486200062872 18.862737468223386 8.706125508103
1.0214549767470693 2291.530828256483 0.0 1.057431341306137 2449.6287507079637 0.0 t_swap_r_k 100 166.04989075660706 15.255995092695215 9.73659698451598 6.862187029999999 5.949604 11.426486200062872 19.71411009354115 8.706125508103
1.0214549767470693 2291.530828256483 0.0 1.057431341306137 2449.6287507079637 0.0 move_t 100 167.55010962486267 15.255995092695215 10.63923101467082 6.862187029999999 5.949604 11.426486200062872 19.71411009354115 8.706125508103
1.0214549767470693 2291.530828256483 0.0 1.057431341306137 2449.6287507079637 0.0 t_swap_r_k 100 169.9648551940918 15.255995092695215 10.63923101467082 6.862187029999999 5.949604 11.426486200062872 20.55696899260574 8.706125508103
1.0214549767470693 2291.530828256483 0.0 1.057431341306137 2449.6287507079637 0.0 t_move_k 100 171.8431785106659 16.103435141768262 10.63923101467082 6.862187029999999 5.949604 11.426486200062872 20.55696899260574 8.706125508103
1.0214549767470693 2291.530828256483 0.0 1.057431341306137 2449.6287507079637 0.0 move_t 100 174.29009795188904 16.103435141768262 11.532838704524112 6.862187029999999 5.949604 11.426486200062872 20.55696899260574 8.706125508103
1.0214549767470693 2291.530828256483 0.0 1.057431341306137 2449.6287507079637 0.0 t_move_k 100 176.9150800704956 16.94240079035058 11.532838704524112 6.862187029999999 5.949604 11.426486200062872 20.55696899260574 8.706125508103
1.0214549767470693 2291.530828256483 0.0 1.057431341306137 2449.6287507079637 0.0 t_swap_r_k 100 178.55508589744568 16.94240079035058 11.532838704524112 6.862187029999999 5.949604 11.426486200062872 21.39139930267968 8.706125508103
1.0214549767470693 2291.530828256483 0.0 1.057431341306137 2449.6287507079637 0.0 swap_t 100 181.39172863960266 16.94240079035058 11.532838704524112 6.862187029999999 5.949604 12.312221338062242 21.39139930267968 8.706125508103
1.0214549767470693 2291.530828256483 0.0 1.0572472226356582 2448.8196422934816 0.0 t_multiswap_k 100 182.90450525283813 16.94240079035058 11.532838704524112 6.862187029999999 5.949604 12.312221338062242 21.39139930267968 9.64906425302197
1.0214549767470693 2291.530828256483 0.0 1.056511740661749 2445.5875710850464 0.0 t_move_k 100 185.30144000053406 17.772976782447074 11.532838704524112 6.862187029999999 5.949604 12.312221338062242 21.39139930267968 9.64906425302197
1.0214549767470693 2291.530828256483 0.0 1.056511740661749 2445.5875710850464 0.0 t_swap_r_k 100 187.15838074684143 17.772976782447074 11.532838704524112 6.862187029999999 5.949604 12.312221338062242 22.217485309652883 9.64906425302197
1.0214549767470693 2291.530828256483 0.0 1.056511740661749 2445.5875710850464 0.0 swap_t 100 189.18142938613892 17.772976782447074 11.532838704524112 6.862187029999999 5.949604 13.18909912468162 22.217485309652883 9.64906425302197
1.0214549767470693 2291.530828256483 0.0 1.056511740661749 2445.5875710850464 0.0 swap_t 100 191.6829285621643 17.772976782447074 11.532838704524112 6.862187029999999 5.949604 14.057208133434804 22.217485309652883 9.64906425302197
1.0214549767470693 2291.530828256483 0.0 1.1131541998089536 2694.5025246516625 0.0 t_swap_k 100 194.6594033241272 17.772976782447074 11.532838704524112 7.8935651597 5.949604 14.057208133434804 22.217485309652883 9.64906425302197
1.0214549767470693 2291.530828256483 0.0 1.1027913161874408 2648.96289352863 0.0 f_swap_t 100 197.06667757034302 17.772976782447074 11.532838704524112 7.8935651597 6.89010796 14.057208133434804 22.217485309652883 9.64906425302197
1.0214549767470693 2291.530828256483 0.0 1.1009742569235446 2640.9778372808946 0.0 swap_t 100 200.2313678264618 17.772976782447074 11.532838704524112 7.8935651597 6.89010796 14.916636052100456 22.217485309652883 9.64906425302197
1.0214549767470693 2291.530828256483 0.0 1.0875661415257243 2582.055953028116 0.0 t_move_k 100 202.77192521095276 18.695247014622602 11.532838704524112 7.8935651597 6.89010796 14.916636052100456 22.217485309652883 9.64906425302197
1.0214549767470693 2291.530828256483 0.0 1.0866773457477312 2578.1501452093844 0.0 f_swap_t 100 205.71582913398743 18.695247014622602 11.532838704524112 7.8935651597 7.8212068804 14.916636052100456 22.217485309652883 9.64906425302197
1.0214549767470693 2291.530828256483 0.0 1.0866773457477312 2578.1501452093844 0.0 move_t 100 208.28294920921326 18.695247014622602 12.417510317478872 7.8935651597 7.8212068804 14.916636052100456 22.217485309652883 9.64906425302197
1.0214549767470693 2291.530828256483 0.0 1.0866773457477312 2578.1501452093844 0.0 t_swap_k 100 210.59066224098206 18.695247014622602 12.417510317478872 8.814629508103 7.8212068804 14.916636052100456 22.217485309652883 9.64906425302197
1.0214549767470693 2291.530828256483 0.0 1.0866773457477312 2578.1501452093844 0.0 swap_t 100 212.73008751869202 18.695247014622602 12.417510317478872 8.814629508103 7.8212068804 15.767469691579452 22.217485309652883 9.64906425302197
1.0214549767470693 2291.530828256483 0.0 1.0866773457477312 2578.1501452093844 0.0 swap_t 100 215.25698447227478 18.695247014622602 12.417510317478872 8.814629508103 7.8212068804 16.60979499466366 22.217485309652883 9.64906425302197
1.0214549767470693 2291.530828256483 0.0 1.0866773457477312 2578.1501452093844 0.0 t_swap_r_k 100 217.11674308776855 18.695247014622602 12.417510317478872 8.814629508103 7.8212068804 16.60979499466366 23.035310456556353 9.64906425302197
1.0214549767470693 2291.530828256483 0.0 1.0866773457477312 2578.1501452093844 0.0 t_swap_r_k 100 219.1833724975586 18.695247014622602 12.417510317478872 8.814629508103 7.8212068804 16.60979499466366 23.84495735199079 9.64906425302197
1.0214549767470693 2291.530828256483 0.0 1.0866773457477312 2578.1501452093844 0.0 t_move_k 100 221.75010681152344 19.508294544476374 12.417510317478872 8.814629508103 7.8212068804 16.60979499466366 23.84495735199079 9.64906425302197
1.0214549767470693 2291.530828256483 0.0 1.0866773457477312 2578.1501452093844 0.0 t_swap_r_k 100 224.5741229057312 19.508294544476374 12.417510317478872 8.814629508103 7.8212068804 16.60979499466366 24.64650777847088 9.64906425302197
1.0214549767470693 2291.530828256483 0.0 1.0866773457477312 2578.1501452093844 0.0 t_swap_r_k 100 226.90993738174438 19.508294544476374 12.417510317478872 8.814629508103 7.8212068804 16.60979499466366 25.44004270068617 9.64906425302197
1.0214549767470693 2291.530828256483 0.0 1.0866773457477312 2578.1501452093844 0.0 f_swap_t 100 229.39518690109253 19.508294544476374 12.417510317478872 8.814629508103 8.742994811596 16.60979499466366 25.44004270068617 9.64906425302197
1.0214549767470693 2291.530828256483 0.0 1.1054687847158897 2660.7290132287467 0.0 t_multiswap_k 100 230.64362025260925 19.508294544476374 12.417510317478872 8.814629508103 8.742994811596 16.60979499466366 25.44004270068617 10.592573610491751
1.0214549767470693 2291.530828256483 0.0 1.1053443532303855 2660.182199797571 0.0 t_swap_k 100 234.42083764076233 19.508294544476374 12.417510317478872 9.80648321302197 8.742994811596 16.60979499466366 25.44004270068617 10.592573610491751
1.0214549767470693 2291.530828256483 0.0 1.1045954470457375 2656.8911359740014 0.0 swap_t 100 237.79976296424866 19.508294544476374 12.417510317478872 9.80648321302197 8.742994811596 17.443697044717023 25.44004270068617 10.592573610491751
1.0214549767470693 2291.530828256483 0.0 1.1020711791271183 2645.7982554526966 0.0 move_t 100 241.23295068740845 19.508294544476374 13.323335214304082 9.80648321302197 8.742994811596 17.443697044717023 25.44004270068617 10.592573610491751
1.0214549767470693 2291.530828256483 0.0 1.1152701386395754 2703.8010053974444 0.0 t_move_k 100 244.2214035987854 20.42321159903161 13.323335214304082 9.80648321302197 8.742994811596 17.443697044717023 25.44004270068617 10.592573610491751
1.0214549767470693 2291.530828256483 0.0 1.096527907377608 2621.438380353513 0.0 move_t 100 246.6273694038391 20.42321159903161 14.250101862161042 9.80648321302197 8.742994811596 17.443697044717023 25.44004270068617 10.592573610491751
1.0214549767470693 2291.530828256483 0.0 1.1120708835413309 2689.741897685371 0.0 t_move_k 100 248.59731221199036 21.328979483041294 14.250101862161042 9.80648321302197 8.742994811596 17.443697044717023 25.44004270068617 10.592573610491751
1.0214549767470693 2291.530828256483 0.0 1.107072764555804 2667.7776932010697 0.0 t_swap_r_k 100 250.84553408622742 21.328979483041294 14.250101862161042 9.80648321302197 8.742994811596 17.443697044717023 26.22564227367931 10.592573610491751
1.0214549767470693 2291.530828256483 0.0 1.1760135715648772 2955.788021145694 0.0 swap_t 100 253.40825843811035 21.328979483041294 14.250101862161042 9.80648321302197 8.742994811596 18.309260074269854 26.22564227367931 10.592573610491751
1.0214549767470693 2291.530828256483 0.0 1.1662866988970293 2926.243581316516 0.0 swap_t 100 256.1849400997162 21.328979483041294 14.250101862161042 9.80648321302197 8.742994811596 19.186167473527156 26.22564227367931 10.592573610491751
1.0214549767470693 2291.530828256483 0.0 1.1358909287739367 2814.429506582136 0.0 swap_t 100 259.93224835395813 21.328979483041294 14.250101862161042 9.80648321302197 8.742994811596 20.084305798791885 26.22564227367931 10.592573610491751
1.0214549767470693 2291.530828256483 0.0 1.1297002322782501 2767.213967018654 0.0 move_t 100 262.1588695049286 21.328979483041294 15.107600843539432 9.80648321302197 8.742994811596 20.084305798791885 26.22564227367931 10.592573610491751
1.0214549767470693 2291.530828256483 0.0 1.1297002322782501 2767.213967018654 0.0 move_t 100 264.34792304039 21.328979483041294 15.956524835104037 9.80648321302197 8.742994811596 20.084305798791885 26.22564227367931 10.592573610491751
1.0214549767470693 2291.530828256483 0.0 1.1552612005055307 2879.54149155067 0.0 f_swap_t 100 268.71927213668823 21.328979483041294 15.956524835104037 9.80648321302197 9.69556486348004 20.084305798791885 26.22564227367931 10.592573610491751
1.0214549767470693 2291.530828256483 0.0 1.1508854628087288 2860.3123379789904 0.0 t_move_k 100 271.86699771881104 22.185689688210882 15.956524835104037 9.80648321302197 9.69556486348004 20.084305798791885 26.22564227367931 10.592573610491751
1.0214549767470693 2291.530828256483 0.0 1.1507050766741587 2859.5196321716053 0.0 swap_t 100 274.96643805503845 22.185689688210882 15.956524835104037 9.80648321302197 9.69556486348004 20.883462740803967 26.22564227367931 10.592573610491751
1.0214549767470693 2291.530828256483 0.0 1.2177576674459476 3139.8094763275712 0.0 swap_t 100 278.13726353645325 22.185689688210882 15.956524835104037 9.80648321302197 9.69556486348004 21.744628113395926 26.22564227367931 10.592573610491751
1.0214549767470693 2291.530828256483 0.0 1.206194917538533 3103.369411473716 0.0 swap_t 100 283.25085401535034 22.185689688210882 15.956524835104037 9.80648321302197 9.69556486348004 22.527181832261967 26.22564227367931 10.592573610491751
1.0214549767470693 2291.530828256483 0.0 1.1885903633180332 3026.006301497003 0.0 t_move_k 100 286.8004858493805 23.11383279132877 15.956524835104037 9.80648321302197 9.69556486348004 22.527181832261967 26.22564227367931 10.592573610491751
1.0214549767470693 2291.530828256483 0.0 1.2153052404442832 3143.404671898556 0.0 swap_t 100 290.2081949710846 23.11383279132877 15.956524835104037 9.80648321302197 9.69556486348004 23.351910013939346 26.22564227367931 10.592573610491751
1.0214549767470693 2291.530828256483 0.0 1.1834927129726336 3003.6047070371583 0.0 t_move_k 100 293.3612599372864 23.942694463415485 15.956524835104037 9.80648321302197 9.69556486348004 23.351910013939346 26.22564227367931 10.592573610491751
1.0214549767470693 2291.530828256483 0.0 1.1895998809760564 3030.4426209074736 0.0 t_multiswap_k 100 294.9161078929901 23.942694463415485 15.956524835104037 9.80648321302197 9.69556486348004 23.351910013939346 26.22564227367931 11.496647874386834
1.0214549767470693 2291.530828256483 0.0 1.2300790694405346 3200.404861249188 0.0 swap_t 100 299.8483591079712 23.942694463415485 15.956524835104037 9.80648321302197 9.69556486348004 24.158390913799952 26.22564227367931 11.496647874386834
1.0214549767470693 2291.530828256483 0.0 1.213203330324438 3134.1678402397692 0.0 t_swap_r_k 100 302.27595376968384 23.942694463415485 15.956524835104037 9.80648321302197 9.69556486348004 24.158390913799952 27.003385850942514 11.496647874386834
1.0214549767470693 2291.530828256483 0.0 1.258131884947618 3361.6518810760977 0.0 swap_t 100 307.03838562965393 23.942694463415485 15.956524835104037 9.80648321302197 9.69556486348004 24.98680700466195 27.003385850942514 11.496647874386834
1.0214549767470693 2291.530828256483 0.0 1.2369760240310161 3238.636802908709 0.0 t_swap_r_k 100 310.23933601379395 23.942694463415485 15.956524835104037 9.80648321302197 9.69556486348004 24.98680700466195 27.77335199243309 11.496647874386834
1.0214549767470693 2291.530828256483 0.0 1.237491723253692 3240.9030401095533 0.0 t_swap_k 100 314.57656168937683 23.942694463415485 15.956524835104037 10.83841838089175 9.69556486348004 24.98680700466195 27.77335199243309 11.496647874386834
1.0214549767470693 2291.530828256483 0.0 1.2317485814853415 3215.6648373881585 0.0 t_swap_r_k 100 316.76440691947937 23.942694463415485 15.956524835104037 10.83841838089175 9.69556486348004 24.98680700466195 28.53561847250876 11.496647874386834
1.0214549767470693 2291.530828256483 0.0 1.3482765923692863 3744.7248585112325 0.0 swap_t 100 321.57736253738403 23.942694463415485 15.956524835104037 10.83841838089175 9.69556486348004 25.816938934615333 28.53561847250876 11.496647874386834
1.0214549767470693 2291.530828256483 0.0 1.3072979100972308 3547.66591761219 0.0 move_t 100 326.22386860847473 23.942694463415485 17.036959586752996 10.83841838089175 9.69556486348004 25.816938934615333 28.53561847250876 11.496647874386834
1.0214549767470693 2291.530828256483 0.0 1.3723986991111579 3833.750952028486 0.0 f_swap_t 100 330.86193442344666 23.942694463415485 17.036959586752996 10.83841838089175 10.76860921484524 25.816938934615333 28.53561847250876 11.496647874386834
1.0214549767470693 2291.530828256483 0.0 1.3185016477664457 3651.941875272048 0.0 swap_t 100 334.52482295036316 23.942694463415485 17.036959586752996 10.83841838089175 10.76860921484524 26.67876954526918 28.53561847250876 11.496647874386834
1.0214549767470693 2291.530828256483 0.0 1.3106014772946386 3562.183424230501 0.0 move_t 100 337.8802659511566 23.942694463415485 18.096589990885466 10.83841838089175 10.76860921484524 26.67876954526918 28.53561847250876 11.496647874386834
1.0214549767470693 2291.530828256483 0.0 1.2926990635983746 3483.5113725394713 0.0 t_swap_r_k 100 340.68809819221497 23.942694463415485 18.096589990885466 10.83841838089175 10.76860921484524 26.67876954526918 29.290262287783673 11.496647874386834
1.0214549767470693 2291.530828256483 0.0 1.2913900863479149 3477.7590797113794 0.0 move_t 100 345.04549074172974 23.942694463415485 19.015624090976612 10.83841838089175 10.76860921484524 26.67876954526918 29.290262287783673 11.496647874386834
1.0214549767470693 2291.530828256483 0.0 1.286107456741044 3454.5445949749974 0.0 swap_t 100 347.64196252822876 23.942694463415485 19.015624090976612 10.83841838089175 10.76860921484524 27.411981849816488 29.290262287783673 11.496647874386834
1.0214549767470693 2291.530828256483 0.0 1.2552502228100249 3318.9426619591204 0.0 t_move_k 100 349.9088773727417 24.88326751878133 19.015624090976612 10.83841838089175 10.76860921484524 27.411981849816488 29.290262287783673 11.496647874386834
1.0214549767470693 2291.530828256483 0.0 1.2550014834144494 3317.849578148282 0.0 t_swap_r_k 100 352.577516078949 24.88326751878133 19.015624090976612 10.83841838089175 10.76860921484524 27.411981849816488 30.037359664905836 11.496647874386834
1.0214549767470693 2291.530828256483 0.0 1.2457357544867635 3331.312149552858 0.0 move_t 100 355.5763258934021 24.88326751878133 19.855467850066844 10.83841838089175 10.76860921484524 27.411981849816488 30.037359664905836 11.496647874386834
1.0214549767470693 2291.530828256483 0.0 1.2302169772443634 3208.9342115596664 0.0 t_multiswap_k 100 357.32155990600586 24.88326751878133 19.855467850066844 10.83841838089175 10.76860921484524 27.411981849816488 30.037359664905836 12.441681395642966
1.0214549767470693 2291.530828256483 0.0 1.2217675492221634 3171.803249813381 0.0 swap_t 100 360.55228877067566 24.88326751878133 19.855467850066844 10.83841838089175 10.76860921484524 28.137862031318324 30.037359664905836 12.441681395642966
1.0214549767470693 2291.530828256483 0.0 1.2680644039089692 3375.2545054288494 0.0 t_move_k 100 363.08203053474426 25.82443484359352 19.855467850066844 10.83841838089175 10.76860921484524 28.137862031318324 30.037359664905836 12.441681395642966
1.0214549767470693 2291.530828256483 0.0 1.2999432468725296 3515.3458933293996 0.0 f_swap_t 100 366.4869976043701 25.82443484359352 19.855467850066844 10.83841838089175 11.670923122696788 28.137862031318324 30.037359664905836 12.441681395642966
1.0214549767470693 2291.530828256483 0.0 1.25074292597971 3299.1353725490144 0.0 t_move_k 100 368.74989795684814 26.746190495157585 19.855467850066844 10.83841838089175 11.670923122696788 28.137862031318324 30.037359664905836 12.441681395642966
1.0214549767470693 2291.530828256483 0.0 1.24051529739363 3254.1901188836578 0.0 t_swap_r_k 100 371.3851194381714 26.746190495157585 19.855467850066844 10.83841838089175 11.670923122696788 28.137862031318324 30.77698606825678 12.441681395642966
1.0214549767470693 2291.530828256483 0.0 1.2821669661162172 3427.99488982722 0.0 swap_t 100 375.67217087745667 26.746190495157585 19.855467850066844 10.83841838089175 11.670923122696788 28.89648341100514 30.77698606825678 12.441681395642966
1.0214549767470693 2291.530828256483 0.0 1.2512799393873701 3301.4952748104074 0.0 f_swap_t 100 381.2627708911896 26.746190495157585 19.855467850066844 10.83841838089175 12.61421389146982 28.89648341100514 30.77698606825678 12.441681395642966
1.0214549767470693 2291.530828256483 0.0 1.233307862395397 3222.517088176125 0.0 move_t 100 385.8602645397186 26.746190495157585 20.686913171566175 10.83841838089175 12.61421389146982 28.89648341100514 30.77698606825678 12.441681395642966
1.0214549767470693 2291.530828256483 0.0 1.2448265338291244 3199.8231579610388 0.0 move_t 100 388.10447216033936 26.746190495157585 21.520044039850514 10.83841838089175 12.61421389146982 28.89648341100514 30.77698606825678 12.441681395642966
1.0214549767470693 2291.530828256483 0.0 1.2280983792723987 3199.6240452328934 0.0 t_swap_r_k 100 389.83927059173584 26.746190495157585 21.520044039850514 10.83841838089175 12.61421389146982 28.89648341100514 31.509216207574212 12.441681395642966
1.0214549767470693 2291.530828256483 0.0 1.2258607790160831 3189.7909240674794 0.0 move_t 100 392.5162630081177 26.746190495157585 22.30484359945201 10.83841838089175 12.61421389146982 28.89648341100514 31.509216207574212 12.441681395642966
1.0214549767470693 2291.530828256483 0.0 1.215193436171717 3142.913348680366 0.0 t_multiswap_k 100 394.32465410232544 26.746190495157585 22.30484359945201 10.83841838089175 12.61421389146982 28.89648341100514 31.509216207574212 13.377264581686537
1.0214549767470693 2291.530828256483 0.0 1.1929150492396319 3045.0111083428237 0.0 t_multiswap_k 100 396.16740918159485 26.746190495157585 22.30484359945201 10.83841838089175 12.61421389146982 28.89648341100514 31.509216207574212 14.333491935869672
1.0214549767470693 2291.530828256483 0.0 1.1900846702132382 3032.5730243588678 0.0 t_swap_r_k 100 399.3139114379883 26.746190495157585 22.30484359945201 10.83841838089175 12.61421389146982 28.89648341100514 32.23412404549847 14.333491935869672
1.0214549767470693 2291.530828256483 0.0 1.1774020084836252 2976.8391419841037 0.0 t_move_k 100 403.0876672267914 27.56872859020601 22.30484359945201 10.83841838089175 12.61421389146982 28.89648341100514 32.23412404549847 14.333491935869672
1.0214549767470693 2291.530828256483 0.0 1.1764877128178801 2972.8212750586285 0.0 f_swap_t 100 406.4829955101013 27.56872859020601 22.30484359945201 10.83841838089175 13.498071752555122 28.89648341100514 32.23412404549847 14.333491935869672
1.0214549767470693 2291.530828256483 0.0 1.1759224166964943 2970.3370845781196 0.0 t_swap_r_k 100 408.47514271736145 27.56872859020601 22.30484359945201 10.83841838089175 13.498071752555122 28.89648341100514 32.951782805043486 14.333491935869672
1.0214549767470693 2291.530828256483 0.0 1.2014807156928686 3082.6528791906167 0.0 t_move_k 100 410.9849874973297 28.38304130430395 22.30484359945201 10.83841838089175 13.498071752555122 28.89648341100514 32.951782805043486 14.333491935869672
1.0214549767470693 2291.530828256483 0.0 1.19523173313459 3055.191762093104 0.0 t_swap_r_k 100 413.06849813461304 28.38304130430395 22.30484359945201 10.83841838089175 13.498071752555122 28.89648341100514 33.66226497699305 14.333491935869672
1.0214549767470693 2291.530828256483 0.0 1.1831782731981968 3002.2229032978466 0.0 t_move_k 100 415.4665186405182 29.159210891260912 22.30484359945201 10.83841838089175 13.498071752555122 28.89648341100514 33.66226497699305 14.333491935869672
1.0214549767470693 2291.530828256483 0.0 1.172827187961018 2956.4583707184233 0.0 move_t 100 418.6079308986664 29.159210891260912 23.11179516345749 10.83841838089175 13.498071752555122 28.89648341100514 33.66226497699305 14.333491935869672
1.0214549767470693 2291.530828256483 0.0 1.1708263949483793 2947.9426469794626 0.0 f_swap_t 100 422.80317306518555 29.159210891260912 23.11179516345749 10.83841838089175 14.363091035029571 28.89648341100514 33.66226497699305 14.333491935869672
1.0214549767470693 2291.530828256483 0.0 1.1708263949483793 2947.9426469794626 0.0 swap_t 100 427.5866105556488 29.159210891260912 23.11179516345749 10.83841838089175 14.363091035029571 29.60751857689509 33.66226497699305 14.333491935869672
1.0214549767470693 2291.530828256483 0.0 1.1885039740096097 3025.626664189255 0.0 t_swap_k 100 431.55408692359924 29.159210891260912 23.11179516345749 11.77003419708283 14.363091035029571 29.60751857689509 33.66226497699305 14.333491935869672
1.0214549767470693 2291.530828256483 0.0 1.1752864091164907 2967.5421530086205 0.0 t_move_k 100 433.7130517959595 29.987618782348303 23.11179516345749 11.77003419708283 14.363091035029571 29.60751857689509 33.66226497699305 14.333491935869672
1.0214549767470693 2291.530828256483 0.0 1.1704699621050558 2946.3763049459203 0.0 move_t 100 435.48639583587646 29.987618782348303 23.940677211822916 11.77003419708283 14.363091035029571 29.60751857689509 33.66226497699305 14.333491935869672
1.0214549767470693 2291.530828256483 0.0 1.1645538911796574 2920.378166061002 0.0 t_multiswap_k 100 436.43520951271057 29.987618782348303 23.940677211822916 11.77003419708283 14.363091035029571 29.60751857689509 33.66226497699305 15.220157016510974
1.0214549767470693 2291.530828256483 0.0 1.158821691962137 2895.1880503148686 0.0 t_move_k 100 438.93574047088623 30.74774259452482 23.940677211822916 11.77003419708283 14.363091035029571 29.60751857689509 33.66226497699305 15.220157016510974
1.0214549767470693 2291.530828256483 0.0 1.1560912236345269 2883.1890233090703 0.0 f_swap_t 100 441.78907227516174 30.74774259452482 23.940677211822916 11.77003419708283 15.219460124679275 29.60751857689509 33.66226497699305 15.220157016510974
1.0214549767470693 2291.530828256483 0.0 1.1639826252124106 2917.867741127969 0.0 t_move_k 100 444.40095257759094 31.45026516857957 23.940677211822916 11.77003419708283 15.219460124679275 29.60751857689509 33.66226497699305 15.220157016510974
1.0214549767470693 2291.530828256483 0.0 1.1630498729839402 2913.7687669461557 0.0 swap_t 100 447.4989860057831 31.45026516857957 23.940677211822916 11.77003419708283 15.219460124679275 30.311443391126137 33.66226497699305 15.220157016510974
1.0214549767470693 2291.530828256483 0.0 1.1630498729839402 2913.7687669461557 0.0 t_swap_r_k 100 449.96178364753723 31.45026516857957 23.940677211822916 11.77003419708283 15.219460124679275 30.311443391126137 34.36564232722312 15.220157016510974
1.0214549767470693 2291.530828256483 0.0 1.1630498729839402 2913.7687669461557 0.0 t_swap_r_k 100 452.78575110435486 31.45026516857957 23.940677211822916 11.77003419708283 15.219460124679275 30.311443391126137 35.06198590395089 15.220157016510974
1.0214549767470693 2291.530828256483 0.0 1.1660160516911988 2926.8036218289335 0.0 t_swap_k 100 455.99199533462524 31.45026516857957 23.940677211822916 12.782333855112002 15.219460124679275 30.311443391126137 35.06198590395089 15.220157016510974
1.0214549767470693 2291.530828256483 0.0 1.1618312365369285 2908.4134762474555 0.0 swap_t 100 459.75392603874207 31.45026516857957 23.940677211822916 12.782333855112002 15.219460124679275 31.008328957214875 35.06198590395089 15.220157016510974
1.0214549767470693 2291.530828256483 0.0 1.1618312365369285 2908.4134762474555 0.0 f_swap_t 100 462.05174827575684 31.45026516857957 23.940677211822916 12.782333855112002 16.067265523432482 31.008328957214875 35.06198590395089 15.220157016510974
1.0214549767470693 2291.530828256483 0.0 1.2142340693275835 3138.6974167265603 0.0 f_swap_t 100 465.33194065093994 31.45026516857957 23.940677211822916 12.782333855112002 17.046592868198157 31.008328957214875 35.06198590395089 15.220157016510974
1.0214549767470693 2291.530828256483 0.0 1.1967359465726906 3061.8020191994556 0.0 f_swap_t 100 469.3992564678192 31.45026516857957 23.940677211822916 12.782333855112002 17.876126939516176 31.008328957214875 35.06198590395089 15.220157016510974
1.0214549767470693 2291.530828256483 0.0 1.1765130370969616 2972.932562454102 0.0 t_move_k 100 471.6623709201813 32.225762516893774 23.940677211822916 12.782333855112002 17.876126939516176 31.008328957214875 35.06198590395089 15.220157016510974
1.0214549767470693 2291.530828256483 0.0 1.1730003371368074 2957.496023139964 0.0 t_swap_r_k 100 474.893461227417 32.225762516893774 23.940677211822916 12.782333855112002 17.876126939516176 31.008328957214875 35.75136604491138 15.220157016510974
1.0214549767470693 2291.530828256483 0.0 1.1708396169031472 2948.000750781923 0.0 t_swap_r_k 100 477.55866026878357 32.225762516893774 23.940677211822916 12.782333855112002 17.876126939516176 31.008328957214875 36.43385238446226 15.220157016510974
1.0214549767470693 2291.530828256483 0.0 1.1708396169031472 2948.000750781923 0.0 t_swap_r_k 100 481.098162651062 32.225762516893774 23.940677211822916 12.782333855112002 17.876126939516176 31.008328957214875 37.10951386061764 15.220157016510974
1.0214549767470693 2291.530828256483 0.0 1.1636859066641523 2916.5638132128665 0.0 t_move_k 100 483.82399344444275 32.99350489172483 23.940677211822916 12.782333855112002 17.876126939516176 31.008328957214875 37.10951386061764 15.220157016510974
1.0214549767470693 2291.530828256483 0.0 1.1607117176727195 2903.493757183399 0.0 t_move_k 100 486.5383143424988 33.67356984280758 23.940677211822916 12.782333855112002 17.876126939516176 31.008328957214875 37.10951386061764 15.220157016510974
1.0214549767470693 2291.530828256483 0.0 1.1604005159700164 2902.126183131275 0.0 swap_t 100 490.8918740749359 33.67356984280758 23.940677211822916 12.782333855112002 17.876126939516176 31.698245667642727 37.10951386061764 15.220157016510974
1.0214549767470693 2291.530828256483 0.0 1.1604005159700164 2902.126183131275 0.0 f_swap_t 100 494.4661555290222 33.67356984280758 23.940677211822916 12.782333855112002 18.697365670121016 31.698245667642727 37.10951386061764 15.220157016510974
1.0214549767470693 2291.530828256483 0.0 1.1604005159700164 2902.126183131275 0.0 t_swap_r_k 100 497.1669361591339 33.67356984280758 23.940677211822916 12.782333855112002 18.697365670121016 31.698245667642727 37.778418722011466 15.220157016510974
1.0214549767470693 2291.530828256483 0.0 1.1604005159700164 2902.126183131275 0.0 t_swap_r_k 100 500.17851209640503 33.67356984280758 23.940677211822916 12.782333855112002 18.697365670121016 31.698245667642727 38.44063453479135 15.220157016510974
1.0214549767470693 2291.530828256483 0.0 1.1604005159700164 2902.126183131275 0.0 t_swap_r_k 100 503.47333431243896 33.67356984280758 23.940677211822916 12.782333855112002 18.697365670121016 31.698245667642727 39.09622818944344 15.220157016510974
1.0214549767470693 2291.530828256483 0.0 1.1604005159700164 2902.126183131275 0.0 t_multiswap_k 100 505.1428015232086 33.67356984280758 23.940677211822916 12.782333855112002 18.697365670121016 31.698245667642727 39.09622818944344 16.067955446345863
1.0214549767470693 2291.530828256483 0.0 1.1762263351674254 2971.672652511059 0.0 t_swap_k 100 510.275976896286 33.67356984280758 23.940677211822916 13.784510516560882 18.697365670121016 31.698245667642727 39.09622818944344 16.067955446345863
1.0214549767470693 2291.530828256483 0.0 1.1612686589822259 2905.9412324922455 0.0 t_multiswap_k 100 511.5028786659241 33.67356984280758 23.940677211822916 13.784510516560882 18.697365670121016 31.698245667642727 39.09622818944344 16.907275891882403
1.0214549767470693 2291.530828256483 0.0 1.1590613301164208 2896.2411387743814 0.0 t_move_k 100 514.499662399292 34.3668341443795 23.940677211822916 13.784510516560882 18.697365670121016 31.698245667642727 39.09622818944344 16.907275891882403
1.0214549767470693 2291.530828256483 0.0 1.1556378663544968 2881.1967474085036 0.0 swap_t 100 518.6392393112183 34.3668341443795 23.940677211822916 13.784510516560882 18.697365670121016 32.4112632109663 39.09622818944344 16.907275891882403
1.0214549767470693 2291.530828256483 0.0 1.1432571683826802 2826.7898429913052 0.0 t_multiswap_k 100 520.9257507324219 34.3668341443795 23.940677211822916 13.784510516560882 18.697365670121016 32.4112632109663 39.09622818944344 17.768203132963578
1.0214549767470693 2291.530828256483 0.0 1.144837068418874 2833.7327044078097 0.0 t_move_k 100 522.9408118724823 35.213165802935706 23.940677211822916 13.784510516560882 18.697365670121016 32.4112632109663 39.09622818944344 17.768203132963578
1.0214549767470693 2291.530828256483 0.0 1.1447300819514235 2833.262553005865 0.0 t_swap_k 100 526.2685561180115 35.213165802935706 23.940677211822916 14.686665411395273 18.697365670121016 32.4112632109663 39.09622818944344 17.768203132963578
1.0214549767470693 2291.530828256483 0.0 1.142114481392573 2821.768311734258 0.0 f_swap_t 100 529.8103370666504 35.213165802935706 23.940677211822916 14.686665411395273 19.510392013419807 32.4112632109663 39.09622818944344 17.768203132963578
1.0214549767470693 2291.530828256483 0.0 1.142114481392573 2821.768311734258 0.0 t_swap_k 100 531.9225149154663 35.213165802935706 23.940677211822916 15.53979875728132 19.510392013419807 32.4112632109663 39.09622818944344 17.768203132963578
1.0214549767470693 2291.530828256483 0.0 1.142114481392573 2821.768311734258 0.0 f_swap_t 100 536.3933448791504 35.213165802935706 23.940677211822916 15.53979875728132 20.31528809328561 32.4112632109663 39.09622818944344 17.768203132963578
1.0214549767470693 2291.530828256483 0.0 1.142114481392573 2821.768311734258 0.0 t_swap_r_k 100 539.5256798267365 35.213165802935706 23.940677211822916 15.53979875728132 20.31528809328561 32.4112632109663 39.745265907549005 17.768203132963578
1.0214549767470693 2291.530828256483 0.0 1.1481148416135762 2848.136859432944 0.0 move_t 100 541.6757261753082 35.213165802935706 24.741270439704685 15.53979875728132 20.31528809328561 32.4112632109663 39.745265907549005 17.768203132963578
1.0214549767470693 2291.530828256483 0.0 1.1460537935316744 2839.0795957595606 0.0 f_swap_t 100 545.0695815086365 35.213165802935706 24.741270439704685 15.53979875728132 21.112135212352754 32.4112632109663 39.745265907549005 17.768203132963578
1.0214549767470693 2291.530828256483 0.0 1.1437100033524592 2828.7798236025446 0.0 move_t 100 547.7481422424316 35.213165802935706 25.523857735307637 15.53979875728132 21.112135212352754 32.4112632109663 39.745265907549005 17.768203132963578
1.0214549767470693 2291.530828256483 0.0 1.1437100033524592 2828.7798236025446 0.0 swap_t 100 552.1296174526215 35.213165802935706 25.523857735307637 15.53979875728132 21.112135212352754 33.08715057885664 39.745265907549005 17.768203132963578
1.0214549767470693 2291.530828256483 0.0 1.1437100033524592 2828.7798236025446 0.0 t_swap_r_k 100 555.8258249759674 35.213165802935706 25.523857735307637 15.53979875728132 21.112135212352754 33.08715057885664 40.38781324847351 17.768203132963578
1.0214549767470693 2291.530828256483 0.0 1.1437100033524592 2828.7798236025446 0.0 swap_t 100 559.647253036499 35.213165802935706 25.523857735307637 15.53979875728132 21.112135212352754 33.75627907306807 40.38781324847351 17.768203132963578
1.0214549767470693 2291.530828256483 0.0 1.1437100033524592 2828.7798236025446 0.0 swap_t 100 564.7501029968262 35.213165802935706 25.523857735307637 15.53979875728132 21.112135212352754 34.41871628233739 40.38781324847351 17.768203132963578
1.0214549767470693 2291.530828256483 0.0 1.1437100033524592 2828.7798236025446 0.0 t_swap_r_k 100 567.472428560257 35.213165802935706 25.523857735307637 15.53979875728132 21.112135212352754 34.41871628233739 41.02393511598878 17.768203132963578
1.0214549767470693 2291.530828256483 0.0 1.1460537035392777 2839.0792002885023 0.0 t_move_k 100 570.7942655086517 35.90103414490635 25.523857735307637 15.53979875728132 21.112135212352754 34.41871628233739 41.02393511598878 17.768203132963578
1.0214549767470693 2291.530828256483 0.0 1.1437100033524592 2828.7798236025446 0.0 f_swap_t 100 574.1079580783844 35.90103414490635 25.523857735307637 15.53979875728132 21.901013860229227 34.41871628233739 41.02393511598878 17.768203132963578
1.0214549767470693 2291.530828256483 0.0 1.1835058991017924 2912.995972307398 0.0 move_t 100 576.6867640018463 35.90103414490635 26.28861915795456 15.53979875728132 21.901013860229227 34.41871628233739 41.02393511598878 17.768203132963578
1.0214549767470693 2291.530828256483 0.0 1.1786204932640354 2977.485556180641 0.0 move_t 100 580.1341710090637 35.90103414490635 27.125732966375015 15.53979875728132 21.901013860229227 34.41871628233739 41.02393511598878 17.768203132963578
1.0214549767470693 2291.530828256483 0.0 1.1699512673050982 2944.096903698331 0.0 swap_t 100 582.9918105602264 35.90103414490635 27.125732966375015 15.53979875728132 21.901013860229227 35.07452911951402 41.02393511598878 17.768203132963578
1.0214549767470693 2291.530828256483 0.0 1.1699512673050982 2944.096903698331 0.0 t_swap_r_k 100 585.0845820903778 35.90103414490635 27.125732966375015 15.53979875728132 21.901013860229227 35.07452911951402 41.65369576482889 17.768203132963578
1.0214549767470693 2291.530828256483 0.0 1.1668726518213266 2930.567946062488 0.0 t_move_k 100 588.1320612430573 36.642023803457285 27.125732966375015 15.53979875728132 21.901013860229227 35.07452911951402 41.65369576482889 17.768203132963578
1.0214549767470693 2291.530828256483 0.0 1.1631547256797916 2914.229541501358 0.0 f_swap_t 100 592.0747327804565 36.642023803457285 27.125732966375015 15.53979875728132 22.682003721626934 35.07452911951402 41.65369576482889 17.768203132963578
1.0214549767470693 2291.530828256483 0.0 1.2145455218246086 3126.2300532616564 0.0 swap_t 100 596.2775855064392 36.642023803457285 27.125732966375015 15.53979875728132 22.682003721626934 35.743783828318875 41.65369576482889 17.768203132963578
1.0214549767470693 2291.530828256483 0.0 1.1919335025511644 3040.6977071935476 0.0 t_swap_r_k 100 598.0890696048737 36.642023803457285 27.125732966375015 15.53979875728132 22.682003721626934 35.743783828318875 42.2771588071806 17.768203132963578
1.0214549767470693 2291.530828256483 0.0 1.1886338812627546 3026.1975408491207 0.0 t_swap_r_k 100 599.4981265068054 36.642023803457285 27.125732966375015 15.53979875728132 22.682003721626934 35.743783828318875 42.89438721910879 17.768203132963578
1.0214549767470693 2291.530828256483 0.0 1.1886338812627546 3026.1975408491207 0.0 f_swap_t 100 602.0859637260437 36.642023803457285 27.125732966375015 15.53979875728132 23.455183684410663 35.743783828318875 42.89438721910879 17.768203132963578
1.0214549767470693 2291.530828256483 0.0 1.1849464500050222 3009.9931458754977 0.0 move_t 100 604.9459400177002 36.642023803457285 27.944475636711264 15.53979875728132 23.455183684410663 35.743783828318875 42.89438721910879 17.768203132963578
1.0214549767470693 2291.530828256483 0.0 1.180501802167879 2990.4611670974004 0.0 f_swap_t 100 608.0675365924835 36.642023803457285 27.944475636711264 15.53979875728132 24.230631847566556 35.743783828318875 42.89438721910879 17.768203132963578
1.0214549767470693 2291.530828256483 0.0 1.177045273241546 2975.271471061008 0.0 t_move_k 100 610.1538560390472 37.375603565422715 27.944475636711264 15.53979875728132 24.230631847566556 35.743783828318875 42.89438721910879 17.768203132963578
1.0214549767470693 2291.530828256483 0.0 1.1844488315064265 3007.806364310278 0.0 t_move_k 100 612.8033118247986 38.031847529768484 27.944475636711264 15.53979875728132 24.230631847566556 35.743783828318875 42.89438721910879 17.768203132963578
1.0214549767470693 2291.530828256483 0.0 1.1825061683137523 2999.2693423362966 0.0 t_move_k 100 615.1359474658966 38.811529054470796 27.944475636711264 15.53979875728132 24.230631847566556 35.743783828318875 42.89438721910879 17.768203132963578
1.0214549767470693 2291.530828256483 0.0 1.1708124143862504 2947.881209481417 0.0 t_move_k 100 616.8132450580597 39.48341376392609 27.944475636711264 15.53979875728132 24.230631847566556 35.743783828318875 42.89438721910879 17.768203132963578
1.0214549767470693 2291.530828256483 0.0 1.1642540130811845 2919.0603535210653 0.0 t_move_k 100 619.7692420482635 40.08857962628683 27.944475636711264 15.53979875728132 24.230631847566556 35.743783828318875 42.89438721910879 17.768203132963578
1.0214549767470693 2291.530828256483 0.0 1.161413181370551 2906.576335277698 0.0 swap_t 100 623.1734840869904 40.08857962628683 27.944475636711264 15.53979875728132 24.230631847566556 36.386345990035686 42.89438721910879 17.768203132963578
1.0214549767470693 2291.530828256483 0.0 1.1607675974500884 2903.739320536376 0.0 move_t 100 625.2759184837341 40.08857962628683 28.695030880344152 15.53979875728132 24.230631847566556 36.386345990035686 42.89438721910879 17.768203132963578
1.0214549767470693 2291.530828256483 0.0 1.1593369902304311 2917.0159731698996 0.0 swap_t 100 627.7519319057465 40.08857962628683 28.695030880344152 15.53979875728132 24.230631847566556 37.05248253013533 42.89438721910879 17.768203132963578
1.0214549767470693 2291.530828256483 0.0 1.158694902494067 2894.6308747431767 0.0 t_swap_r_k 100 629.6685962677002 40.08857962628683 28.695030880344152 15.53979875728132 24.230631847566556 37.05248253013533 43.50544334691771 17.768203132963578
1.0214549767470693 2291.530828256483 0.0 1.1533416295479133 2871.1059482678224 0.0 t_move_k 100 632.4042189121246 40.78769383002396 28.695030880344152 15.53979875728132 24.230631847566556 37.05248253013533 43.50544334691771 17.768203132963578
1.0214549767470693 2291.530828256483 0.0 1.152731912281874 2868.426549328406 0.0 t_swap_r_k 100 634.7849061489105 40.78769383002396 28.695030880344152 15.53979875728132 24.230631847566556 37.05248253013533 44.11038891344853 17.768203132963578
1.0214549767470693 2291.530828256483 0.0 1.157124584487018 2887.73012149739 0.0 move_t 100 637.4703288078308 40.78769383002396 29.44808057154071 15.53979875728132 24.230631847566556 37.05248253013533 44.11038891344853 17.768203132963578
1.0214549767470693 2291.530828256483 0.0 1.1496752945918276 2852.088982767879 0.0 move_t 100 639.959810256958 40.78769383002396 30.213599765825304 15.53979875728132 24.230631847566556 37.05248253013533 44.11038891344853 17.768203132963578
1.0214549767470693 2291.530828256483 0.0 1.1648169483081445 2892.9886959534633 0.0 swap_t 100 644.2055027484894 40.78769383002396 30.213599765825304 15.53979875728132 24.230631847566556 37.691957704833975 44.11038891344853 17.768203132963578
1.0214549767470693 2291.530828256483 0.0 1.1569431947669118 2886.933005439269 0.0 t_multiswap_k 100 646.0602419376373 40.78769383002396 30.213599765825304 15.53979875728132 24.230631847566556 37.691957704833975 44.11038891344853 18.660521101633943
1.0214549767470693 2291.530828256483 0.0 1.1510430213438485 2861.004728034857 0.0 t_swap_r_k 100 648.7731499671936 40.78769383002396 30.213599765825304 15.53979875728132 24.230631847566556 37.691957704833975 44.70928502431405 18.660521101633943
1.0214549767470693 2291.530828256483 0.0 1.182881651978487 3000.919403092478 0.0 t_multiswap_k 100 651.1503894329071 40.78769383002396 30.213599765825304 15.53979875728132 24.230631847566556 37.691957704833975 44.70928502431405 19.583915890617604
1.0214549767470693 2291.530828256483 0.0 1.169331237879412 2929.2935734990333 0.0 move_t 100 654.2875273227692 40.78769383002396 30.94146376816705 15.53979875728132 24.230631847566556 37.691957704833975 44.70928502431405 19.583915890617604
1.0214549767470693 2291.530828256483 0.0 1.1601447444264132 2901.00219658729 0.0 t_multiswap_k 100 656.3864674568176 40.78769383002396 30.94146376816705 15.53979875728132 24.230631847566556 37.691957704833975 44.70928502431405 20.418076731711427
1.0214549767470693 2291.530828256483 0.0 1.1539796168901053 2873.909579890614 0.0 f_swap_t 100 659.9539382457733 40.78769383002396 30.94146376816705 15.53979875728132 24.98832552909089 37.691957704833975 44.70928502431405 20.418076731711427
1.0214549767470693 2291.530828256483 0.0 1.1532572812318396 2870.73528008895 0.0 t_multiswap_k 100 660.508275270462 40.78769383002396 30.94146376816705 15.53979875728132 24.98832552909089 37.691957704833975 44.70928502431405 21.243895964394312
1.0214549767470693 2291.530828256483 0.0 1.1515841600163568 2863.3827587483615 0.0 f_swap_t 100 662.8949601650238 40.78769383002396 30.94146376816705 15.53979875728132 25.738442273799983 37.691957704833975 44.70928502431405 21.243895964394312
1.0214549767470693 2291.530828256483 0.0 1.1501045942473693 2856.880815678957 0.0 t_move_k 100 664.4547717571259 41.43981689172372 30.94146376816705 15.53979875728132 25.738442273799983 37.691957704833975 44.70928502431405 21.243895964394312
1.0214549767470693 2291.530828256483 0.0 1.1419202154976325 2820.914611401561 0.0 swap_t 100 667.9384334087372 41.43981689172372 30.94146376816705 15.53979875728132 25.738442273799983 38.345038127785635 44.70928502431405 21.243895964394312
1.0214549767470693 2291.530828256483 0.0 1.137301109839118 2800.615978753562 0.0 f_swap_t 100 670.7675111293793 41.43981689172372 30.94146376816705 15.53979875728132 26.481057851061983 38.345038127785635 44.70928502431405 21.243895964394312
1.0214549767470693 2291.530828256483 0.0 1.1366444096360226 2797.7301135735943 0.0 move_t 100 673.4450271129608 41.43981689172372 31.63204913048538 15.53979875728132 26.481057851061983 38.345038127785635 44.70928502431405 21.243895964394312
1.0214549767470693 2291.530828256483 0.0 1.136160430576203 2795.6032704418526 0.0 t_swap_r_k 100 675.8653647899628 41.43981689172372 31.63204913048538 15.53979875728132 26.481057851061983 38.345038127785635 45.30219217407091 21.243895964394312
1.0214549767470693 2291.530828256483 0.0 1.136160430576203 2795.6032704418526 0.0 swap_t 100 679.3839497566223 41.43981689172372 31.63204913048538 15.53979875728132 26.481057851061983 38.96158774650778 45.30219217407091 21.243895964394312
1.0214549767470693 2291.530828256483 0.0 1.136160430576203 2795.6032704418526 0.0 swap_t 100 682.0229496955872 41.43981689172372 31.63204913048538 15.53979875728132 26.481057851061983 39.571971869042706 45.30219217407091 21.243895964394312
1.0214549767470693 2291.530828256483 0.0 1.1804655230331351 2990.301738653153 0.0 f_swap_t 100 684.9952661991119 41.43981689172372 31.63204913048538 15.53979875728132 27.256247272551363 39.571971869042706 45.30219217407091 21.243895964394312
1.0214549767470693 2291.530828256483 0.0 1.1727480619563133 2956.3874013430977 0.0 f_swap_t 100 688.3996620178223 41.43981689172372 31.63204913048538 15.53979875728132 27.98368479982585 39.571971869042706 45.30219217407091 21.243895964394312
1.0214549767470693 2291.530828256483 0.0 1.1684517871130895 2909.1730427522066 0.0 swap_t 100 691.9355180263519 41.43981689172372 31.63204913048538 15.53979875728132 27.98368479982585 40.20625215035228 45.30219217407091 21.243895964394312
1.0214549767470693 2291.530828256483 0.0 1.165234745565396 2923.3701766545273 0.0 swap_t 100 694.1621794700623 41.43981689172372 31.63204913048538 15.53979875728132 27.98368479982585 40.804189628848754 45.30219217407091 21.243895964394312
1.0214549767470693 2291.530828256483 0.0 1.1638798754441209 2917.416207875567 0.0 t_multiswap_k 100 695.0719156265259 41.43981689172372 31.63204913048538 15.53979875728132 27.98368479982585 40.804189628848754 45.30219217407091 22.03145700475037
1.0214549767470693 2291.530828256483 0.0 1.1638798754441209 2917.416207875567 0.0 swap_t 100 699.0589401721954 41.43981689172372 31.63204913048538 15.53979875728132 27.98368479982585 41.396147732560266 45.30219217407091 22.03145700475037
1.0214549767470693 2291.530828256483 0.0 1.1875922399785936 3021.6200543525297 0.0 t_move_k 100 701.8532094955444 42.175418722806484 31.63204913048538 15.53979875728132 27.98368479982585 41.396147732560266 45.30219217407091 22.03145700475037
1.0214549767470693 2291.530828256483 0.0 1.1726000300638988 2955.736876062567 0.0 t_move_k 100 703.346159696579 42.78366453557842 31.63204913048538 15.53979875728132 27.98368479982585 41.396147732560266 45.30219217407091 22.03145700475037
1.0214549767470693 2291.530828256483 0.0 1.2158415185598126 3145.7613429230055 0.0 t_swap_k 100 706.2428572177887 42.78366453557842 31.63204913048538 16.604400769708505 27.98368479982585 41.396147732560266 45.30219217407091 22.03145700475037
1.0214549767470693 2291.530828256483 0.0 1.2030397265116153 3089.503943063915 0.0 t_swap_r_k 100 709.2130494117737 42.78366453557842 31.63204913048538 16.604400769708505 27.98368479982585 41.396147732560266 45.8891702523302 22.03145700475037
1.0214549767470693 2291.530828256483 0.0 1.2016720120408673 3083.4935298667424 0.0 t_swap_r_k 100 712.1339430809021 42.78366453557842 31.63204913048538 16.604400769708505 27.98368479982585 41.396147732560266 46.4702785498069 22.03145700475037
1.0214549767470693 2291.530828256483 0.0 1.190915026510151 3036.222020221718 0.0 t_multiswap_k 100 713.0776407718658 42.78366453557842 31.63204913048538 16.604400769708505 27.98368479982585 41.396147732560266 46.4702785498069 22.941142434702865
1.0214549767470693 2291.530828256483 0.0 1.1755914609768126 2983.2993924440443 0.0 move_t 100 714.7794215679169 42.78366453557842 32.37572863918053 16.604400769708505 27.98368479982585 41.396147732560266 46.4702785498069 22.941142434702865
1.0214549767470693 2291.530828256483 0.0 1.1788720867875386 2983.2993924440443 0.0 t_swap_r_k 100 716.5072994232178 42.78366453557842 32.37572863918053 16.604400769708505 27.98368479982585 41.396147732560266 47.04557576430883 22.941142434702865
1.0214549767470693 2291.530828256483 0.0 1.1740938025378704 2962.301250413465 0.0 t_swap_k 100 719.038631439209 42.78366453557842 32.37572863918053 17.46835676201142 27.98368479982585 41.396147732560266 47.04557576430883 22.941142434702865
1.0214549767470693 2291.530828256483 0.0 1.1648951272349561 2921.877725898953 0.0 t_move_k 100 721.8227767944336 43.54582789022263 32.37572863918053 17.46835676201142 27.98368479982585 41.396147732560266 47.04557576430883 22.941142434702865
1.0214549767470693 2291.530828256483 0.0 1.1600552377100675 2900.608859848763 0.0 t_swap_r_k 100 723.9964303970337 43.54582789022263 32.37572863918053 17.46835676201142 27.98368479982585 41.396147732560266 47.61512000666574 22.941142434702865
1.0214549767470693 2291.530828256483 0.0 1.2035694497049532 3091.831808521348 0.0 t_swap_k 100 727.5360040664673 43.54582789022263 32.37572863918053 18.383673194391307 27.98368479982585 41.396147732560266 47.61512000666574 22.941142434702865
1.0214549767470693 2291.530828256483 0.0 1.1853296423582989 3011.677082418137 0.0 t_move_k 100 730.6108477115631 44.230369611320405 32.37572863918053 18.383673194391307 27.98368479982585 41.396147732560266 47.61512000666574 22.941142434702865
1.0214549767470693 2291.530828256483 0.0 1.178416915901238 2981.29914666139 0.0 t_move_k 100 732.4765043258667 44.7880659152072 32.37572863918053 18.383673194391307 27.98368479982585 41.396147732560266 47.61512000666574 22.941142434702865
1.0214549767470693 2291.530828256483 0.0 1.1663226113283556 2928.1507963513177 0.0 t_swap_k 100 736.0917394161224 44.7880659152072 32.37572863918053 19.299836462447395 27.98368479982585 41.396147732560266 47.61512000666574 22.941142434702865
1.0214549767470693 2291.530828256483 0.0 1.2062196817774828 3103.478237776125 0.0 f_swap_t 100 740.0281686782837 44.7880659152072 32.37572863918053 19.299836462447395 28.74384795182759 41.396147732560266 47.61512000666574 22.941142434702865
1.0214549767470693 2291.530828256483 0.0 1.1977408573788944 3066.218093826702 0.0 t_move_k 100 743.0574741363525 45.37018525605512 32.37572863918053 19.299836462447395 28.74384795182759 41.396147732560266 47.61512000666574 22.941142434702865
1.0214549767470693 2291.530828256483 0.0 1.2240592504002423 3181.8741171612764 0.0 t_swap_k 100 747.5036807060242 45.37018525605512 32.37572863918053 20.20683809782292 28.74384795182759 41.396147732560266 47.61512000666574 22.941142434702865
1.0214549767470693 2291.530828256483 0.0 1.2190012800273813 3159.646896107366 0.0 f_swap_t 100 753.4673962593079 45.37018525605512 32.37572863918053 20.20683809782292 29.516409472309313 41.396147732560266 47.61512000666574 22.941142434702865
1.0214549767470693 2291.530828256483 0.0 1.211303205005344 3125.8177507010387 0.0 t_swap_r_k 100 756.1287910938263 45.37018525605512 32.37572863918053 20.20683809782292 29.516409472309313 41.396147732560266 48.17896880659908 22.941142434702865
1.0214549767470693 2291.530828256483 0.0 1.2101472761342702 3120.738028075968 0.0 t_swap_r_k 100 757.9980432987213 45.37018525605512 32.37572863918053 20.20683809782292 29.516409472309313 41.396147732560266 48.73717911853309 22.941142434702865
1.0214549767470693 2291.530828256483 0.0 1.208267028691989 3112.4752917499763 0.0 t_swap_r_k 100 759.7106885910034 45.37018525605512 32.37572863918053 20.20683809782292 29.516409472309313 41.396147732560266 49.28980732734776 22.941142434702865
1.0214549767470693 2291.530828256483 0.0 1.208267028691989 3112.4752917499763 0.0 t_swap_r_k 100 762.3035459518433 45.37018525605512 32.37572863918053 20.20683809782292 29.516409472309313 41.396147732560266 49.83690925407428 22.941142434702865
1.0214549767470693 2291.530828256483 0.0 1.2667636905068598 3351.5748850315963 0.0 swap_t 100 765.6566915512085 45.37018525605512 32.37572863918053 20.20683809782292 29.516409472309313 42.022186255234665 49.83690925407428 22.941142434702865
1.0214549767470693 2291.530828256483 0.0 1.2437794818185235 3268.5345581397933 0.0 t_swap_r_k 100 768.800562620163 45.37018525605512 32.37572863918053 20.20683809782292 29.516409472309313 42.022186255234665 50.378540161533536 22.941142434702865
1.0214549767470693 2291.530828256483 0.0 1.237369944368355 3240.367883514211 0.0 move_t 100 771.7864804267883 45.37018525605512 33.14197135278872 20.20683809782292 29.516409472309313 42.022186255234665 50.378540161533536 22.941142434702865
1.0214549767470693 2291.530828256483 0.0 1.2468421357630919 3281.9933728854885 0.0 t_move_k 100 774.9871606826782 46.24648340349457 33.14197135278872 20.20683809782292 29.516409472309313 42.022186255234665 50.378540161533536 22.941142434702865
1.0214549767470693 2291.530828256483 0.0 1.2314059963573296 3214.159349058104 0.0 swap_t 100 777.9102625846863 46.24648340349457 33.14197135278872 20.20683809782292 29.516409472309313 42.60196439268232 50.378540161533536 22.941142434702865
1.0214549767470693 2291.530828256483 0.0 1.2314059963573296 3214.159349058104 0.0 swap_t 100 781.5308594703674 46.24648340349457 33.14197135278872 20.20683809782292 29.516409472309313 43.1759447487555 50.378540161533536 22.941142434702865
1.0214549767470693 2291.530828256483 0.0 1.2256941225153364 3188.5744062891904 0.0 move_t 100 785.0797157287598 46.24648340349457 33.84055163926084 20.20683809782292 29.516409472309313 43.1759447487555 50.378540161533536 22.941142434702865
1.0214549767470693 2291.530828256483 0.0 1.2255839512981366 3188.5744062891904 0.0 t_swap_r_k 100 788.469286441803 46.24648340349457 33.84055163926084 20.20683809782292 29.516409472309313 43.1759447487555 50.9447547599182 22.941142434702865
1.0214549767470693 2291.530828256483 0.0 1.2230638411706414 3177.4997971565263 0.0 f_swap_t 100 792.090663433075 46.24648340349457 33.84055163926084 20.20683809782292 30.25124537758622 43.1759447487555 50.9447547599182 22.941142434702865
1.0214549767470693 2291.530828256483 0.0 1.2145328865239915 3140.010567138613 0.0 t_move_k 100 795.1110444068909 46.81401856945963 33.84055163926084 20.20683809782292 30.25124537758622 43.1759447487555 50.9447547599182 22.941142434702865
1.0214549767470693 2291.530828256483 0.0 1.1869169254650787 3018.652388694907 0.0 t_swap_k 100 800.2690010070801 46.81401856945963 33.84055163926084 21.33476971684469 30.25124537758622 43.1759447487555 50.9447547599182 22.941142434702865
1.0214549767470693 2291.530828256483 0.0 1.1879322174417357 3023.1140833146515 0.0 move_t 100 803.3979208469391 46.81401856945963 34.51214612286823 21.33476971684469 30.25124537758622 43.1759447487555 50.9447547599182 22.941142434702865
1.0214549767470693 2291.530828256483 0.0 1.1850469447458651 3010.434769423049 0.0 f_swap_t 100 806.8036487102509 46.81401856945963 34.51214612286823 21.33476971684469 30.948732923810358 43.1759447487555 50.9447547599182 22.941142434702865
1.0214549767470693 2291.530828256483 0.0 1.2192726115622405 3164.174557698045 0.0 swap_t 100 810.8299753665924 46.81401856945963 34.51214612286823 21.33476971684469 30.948732923810358 43.78418530126794 50.9447547599182 22.941142434702865
1.0214549767470693 2291.530828256483 0.0 1.2055305357602373 3100.4497896567113 0.0 f_swap_t 100 815.7026596069336 46.81401856945963 34.51214612286823 21.33476971684469 31.639245594572255 43.78418530126794 50.9447547599182 22.941142434702865
1.0214549767470693 2291.530828256483 0.0 1.2041313256037702 3094.3009688538964 0.0 move_t 100 820.0786247253418 46.81401856945963 35.197024661639546 21.33476971684469 31.639245594572255 43.78418530126794 50.9447547599182 22.941142434702865
1.0214549767470693 2291.530828256483 0.0 1.221834558736885 3172.097722731694 0.0 t_swap_k 100 824.4984064102173 46.81401856945963 35.197024661639546 22.371422019676242 31.639245594572255 43.78418530126794 50.9447547599182 22.941142434702865
1.0214549767470693 2291.530828256483 0.0 1.2158784990474434 3145.9238534583897 0.0 t_swap_r_k 100 827.5823471546173 46.81401856945963 35.197024661639546 22.371422019676242 31.639245594572255 43.78418530126794 51.47530721231902 22.941142434702865
1.0214549767470693 2291.530828256483 0.0 1.215219659273389 3143.028585946428 0.0 t_swap_r_k 100 830.5091195106506 46.81401856945963 35.197024661639546 22.371422019676242 31.639245594572255 43.78418530126794 52.000554140195824 22.941142434702865
1.0214549767470693 2291.530828256483 0.0 1.2169643814575184 3150.695757322595 0.0 t_swap_k 100 836.9796488285065 46.81401856945963 35.197024661639546 23.48770779947948 31.639245594572255 43.78418530126794 52.000554140195824 22.941142434702865
1.0214549767470693 2291.530828256483 0.0 1.202386139345718 3086.631758107604 0.0 t_swap_k 100 840.6241698265076 46.81401856945963 35.197024661639546 24.342830721484685 31.639245594572255 43.78418530126794 52.000554140195824 22.941142434702865
1.0214549767470693 2291.530828256483 0.0 1.1884074776884679 3025.2026116735624 0.0 t_move_k 100 843.6784675121307 47.46587838376503 35.197024661639546 24.342830721484685 31.639245594572255 43.78418530126794 52.000554140195824 22.941142434702865
1.0214549767470693 2291.530828256483 0.0 1.202980685667006 3044.0360273287138 0.0 swap_t 100 848.3509244918823 47.46587838376503 35.197024661639546 24.342830721484685 31.639245594572255 44.35634344825526 52.000554140195824 22.941142434702865
1.0214549767470693 2291.530828256483 0.0 1.1880821367830272 3023.7729029781717 0.0 t_multiswap_k 100 850.5966894626617 47.46587838376503 35.197024661639546 24.342830721484685 31.639245594572255 44.35634344825526 52.000554140195824 23.771731010355836
1.0214549767470693 2291.530828256483 0.0 1.1861733826025769 3015.384893958963 0.0 t_swap_r_k 100 853.3663589954376 47.46587838376503 35.197024661639546 24.342830721484685 31.639245594572255 44.35634344825526 52.520548598793866 23.771731010355836
1.0214549767470693 2291.530828256483 0.0 1.2004470312612097 3078.110359035547 0.0 t_swap_k 100 858.1745901107788 47.46587838376503 35.197024661639546 25.249402414269838 31.639245594572255 44.35634344825526 52.520548598793866 23.771731010355836
1.0214549767470693 2291.530828256483 0.0 1.1920088502369632 3041.028822155616 0.0 f_swap_t 100 862.5010073184967 47.46587838376503 35.197024661639546 25.249402414269838 32.322853138626535 44.35634344825526 52.520548598793866 23.771731010355836
1.0214549767470693 2291.530828256483 0.0 1.1704727581809782 2946.388592285115 0.0 t_swap_k 100 866.7698268890381 47.46587838376503 35.197024661639546 26.17690839012714 32.322853138626535 44.35634344825526 52.520548598793866 23.771731010355836
1.0214549767470693 2291.530828256483 0.0 1.1645609994875619 2920.4094034782793 0.0 t_swap_k 100 871.050745010376 47.46587838376503 35.197024661639546 26.915139306225868 32.322853138626535 44.35634344825526 52.520548598793866 23.771731010355836
1.0214549767470693 2291.530828256483 0.0 1.1988142847110994 3070.935263924465 0.0 t_swap_k 100 875.7966101169586 47.46587838376503 35.197024661639546 27.73598791316361 32.322853138626535 44.35634344825526 52.520548598793866 23.771731010355836
1.0214549767470693 2291.530828256483 0.0 1.1853796084904145 3011.896658291832 0.0 t_swap_r_k 100 877.7784469127655 47.46587838376503 35.197024661639546 27.73598791316361 32.322853138626535 44.35634344825526 53.035343112805926 23.771731010355836
1.0214549767470693 2291.530828256483 0.0 1.2144226745189797 3122.3553659792474 0.0 swap_t 100 882.0324048995972 47.46587838376503 35.197024661639546 27.73598791316361 32.322853138626535 44.92278001377271 53.035343112805926 23.771731010355836
1.0214549767470693 2291.530828256483 0.0 1.2089594204628047 3115.518003314363 0.0 f_swap_t 100 885.6316969394684 47.46587838376503 35.197024661639546 27.73598791316361 33.02962460724027 44.92278001377271 53.035343112805926 23.771731010355836
1.0214549767470693 2291.530828256483 0.0 1.2080325596855293 3111.444919080172 0.0 swap_t 100 889.5697770118713 47.46587838376503 35.197024661639546 27.73598791316361 33.02962460724027 45.47355221363498 53.035343112805926 23.771731010355836
1.0214549767470693 2291.530828256483 0.0 1.2080325596855293 3111.444919080172 0.0 t_swap_r_k 100 891.681916475296 47.46587838376503 35.197024661639546 27.73598791316361 33.02962460724027 45.47355221363498 53.54498968167787 23.771731010355836
1.0214549767470693 2291.530828256483 0.0 1.214456305215201 3139.6740310275645 0.0 f_swap_t 100 897.0223801136017 47.46587838376503 35.197024661639546 27.73598791316361 33.77932836116787 45.47355221363498 53.54498968167787 23.771731010355836
1.0214549767470693 2291.530828256483 0.0 1.1941548818180698 3050.459545316406 0.0 t_multiswap_k 100 899.7899363040924 47.46587838376503 35.197024661639546 27.73598791316361 33.77932836116787 45.47355221363498 53.54498968167787 24.664013700252276
1.0214549767470693 2291.530828256483 0.0 1.1825935222367534 2999.653218637132 0.0 swap_t 100 903.7871716022491 47.46587838376503 35.197024661639546 27.73598791316361 33.77932836116787 46.01881669149863 53.54498968167787 24.664013700252276
1.0214549767470693 2291.530828256483 0.0 1.221586108959753 3171.0059116474017 0.0 t_multiswap_k 100 906.5489134788513 47.46587838376503 35.197024661639546 27.73598791316361 33.77932836116787 46.01881669149863 53.54498968167787 25.637373563249753
1.0214549767470693 2291.530828256483 0.0 1.210719346058239 3123.251985992088 0.0 t_swap_r_k 100 910.4620158672333 47.46587838376503 35.197024661639546 27.73598791316361 33.77932836116787 46.01881669149863 54.04953978486109 25.637373563249753
1.0214549767470693 2291.530828256483 0.0 1.2085119170660419 3113.5514522693834 0.0 f_swap_t 100 916.2487750053406 47.46587838376503 35.197024661639546 27.73598791316361 34.44153507755619 46.01881669149863 54.04953978486109 25.637373563249753
1.0214549767470693 2291.530828256483 0.0 1.2199730408915581 3163.917293509353 0.0 t_move_k 100 919.8772430419922 48.15121959992738 35.197024661639546 27.73598791316361 34.44153507755619 46.01881669149863 54.04953978486109 25.637373563249753
1.0214549767470693 2291.530828256483 0.0 1.2105463748144638 3122.491864878688 0.0 t_swap_r_k 100 922.2784554958344 48.15121959992738 35.197024661639546 27.73598791316361 34.44153507755619 46.01881669149863 54.54904438701248 25.637373563249753
1.0214549767470693 2291.530828256483 0.0 1.2092587441045772 3116.83337929759 0.0 t_swap_r_k 100 924.7073938846588 48.15121959992738 35.197024661639546 27.73598791316361 34.44153507755619 46.01881669149863 55.043553943142356 25.637373563249753
1.0214549767470693 2291.530828256483 0.0 1.2092587441045772 3116.83337929759 0.0 f_swap_t 100 928.7037823200226 48.15121959992738 35.197024661639546 27.73598791316361 35.097119726780626 46.01881669149863 55.043553943142356 25.637373563249753
1.0214549767470693 2291.530828256483 0.0 1.2229653907472948 3172.4883904740595 0.0 move_t 100 932.0719635486603 48.15121959992738 35.91505441502315 27.73598791316361 35.097119726780626 46.01881669149863 55.043553943142356 25.637373563249753
1.0214549767470693 2291.530828256483 0.0 1.21875448034465 3158.5623363532127 0.0 t_swap_r_k 100 933.8642683029175 48.15121959992738 35.91505441502315 27.73598791316361 35.097119726780626 46.01881669149863 55.53311840371093 25.637373563249753
1.0214549767470693 2291.530828256483 0.0 1.2277453634127877 3198.0727191141777 0.0 t_swap_k 100 938.6907551288605 48.15121959992738 35.91505441502315 28.568628034031974 35.097119726780626 46.01881669149863 55.53311840371093 25.637373563249753
1.0214549767470693 2291.530828256483 0.0 1.256139822705272 3316.8269160634386 0.0 swap_t 100 941.5315971374512 48.15121959992738 35.91505441502315 28.568628034031974 35.097119726780626 46.568628524583644 55.53311840371093 25.637373563249753
1.0214549767470693 2291.530828256483 0.0 1.2281790595171733 3199.9785940940164 0.0 t_move_k 100 944.0915274620056 48.789707403928105 35.91505441502315 28.568628034031974 35.097119726780626 46.568628524583644 55.53311840371093 25.637373563249753
1.0214549767470693 2291.530828256483 0.0 1.2257886875398392 3189.4741184991485 0.0 t_swap_r_k 100 947.0625536441803 48.789707403928105 35.91505441502315 28.568628034031974 35.097119726780626 46.568628524583644 56.01778721967382 25.637373563249753
1.0214549767470693 2291.530828256483 0.0 1.2221465187589013 3173.468629213579 0.0 t_move_k 100 949.3061463832855 49.331810329888825 35.91505441502315 28.568628034031974 35.097119726780626 46.568628524583644 56.01778721967382 25.637373563249753
1.0214549767470693 2291.530828256483 0.0 1.2221465187589013 3173.468629213579 0.0 t_swap_r_k 100 951.2305092811584 49.331810329888825 35.91505441502315 28.568628034031974 35.097119726780626 46.568628524583644 56.49760934747708 25.637373563249753
1.0214549767470693 2291.530828256483 0.0 1.2221465187589013 3173.468629213579 0.0 f_swap_t 100 954.6659069061279 49.331810329888825 35.91505441502315 28.568628034031974 35.74614852951282 46.568628524583644 56.49760934747708 25.637373563249753
1.0214549767470693 2291.530828256483 0.0 1.2221465187589013 3173.468629213579 0.0 t_swap_r_k 100 957.071789264679 49.331810329888825 35.91505441502315 28.568628034031974 35.74614852951282 46.568628524583644 56.97263325400231 25.637373563249753
1.0214549767470693 2291.530828256483 0.0 1.2221465187589013 3173.468629213579 0.0 t_swap_r_k 100 959.6602611541748 49.331810329888825 35.91505441502315 28.568628034031974 35.74614852951282 46.568628524583644 57.44290692146229 25.637373563249753
1.0214549767470693 2291.530828256483 0.0 1.2221465187589013 3173.468629213579 0.0 t_swap_r_k 100 961.1961336135864 49.331810329888825 35.91505441502315 28.568628034031974 35.74614852951282 46.568628524583644 57.908477852247664 25.637373563249753
1.0214549767470693 2291.530828256483 0.0 1.2315815555221352 3214.9308427752508 0.0 t_move_k 100 963.0985972881317 49.938492226589936 35.91505441502315 28.568628034031974 35.74614852951282 46.568628524583644 57.908477852247664 25.637373563249753
1.0214549767470693 2291.530828256483 0.0 1.2114510201052084 3126.467323287983 0.0 t_multiswap_k 100 965.2669677734375 49.938492226589936 35.91505441502315 28.568628034031974 35.74614852951282 46.568628524583644 57.908477852247664 26.500999827617257
1.0214549767470693 2291.530828256483 0.0 1.19122633398834 3037.590059103593 0.0 move_t 100 967.5270285606384 49.938492226589936 36.61590387087292 28.568628034031974 35.74614852951282 46.568628524583644 57.908477852247664 26.500999827617257
1.0214549767470693 2291.530828256483 0.0 1.187050203104577 3019.2380764977797 0.0 t_swap_r_k 100 970.2718086242676 49.938492226589936 36.61590387087292 28.568628034031974 35.74614852951282 46.568628524583644 58.369393073725185 26.500999827617257
1.0214549767470693 2291.530828256483 0.0 1.187050203104577 3019.2380764977797 0.0 swap_t 100 974.1095757484436 49.938492226589936 36.61590387087292 28.568628034031974 35.74614852951282 47.10294223933781 58.369393073725185 26.500999827617257
1.0214549767470693 2291.530828256483 0.0 1.1858574169843774 3013.9963849082105 0.0 t_move_k 100 977.4746415615082 50.469107304324034 36.61590387087292 28.568628034031974 35.74614852951282 47.10294223933781 58.369393073725185 26.500999827617257
1.0214549767470693 2291.530828256483 0.0 1.1852753565782113 3011.4385238768364 0.0 move_t 100 981.4085423946381 50.469107304324034 37.24974483216419 28.568628034031974 35.74614852951282 47.10294223933781 58.369393073725185 26.500999827617257
1.0214549767470693 2291.530828256483 0.0 1.1716220865628375 2951.4393090991553 0.0 t_multiswap_k 100 983.4878673553467 50.469107304324034 37.24974483216419 28.568628034031974 35.74614852951282 47.10294223933781 58.369393073725185 27.355989829341084
1.0214549767470693 2291.530828256483 0.0 1.1666320079165238 2929.5104378382357 0.0 t_swap_r_k 100 985.4706773757935 50.469107304324034 37.24974483216419 28.568628034031974 35.74614852951282 47.10294223933781 58.825699142987936 27.355989829341084
1.0214549767470693 2291.530828256483 0.0 1.16316167131244 2914.2600640431797 0.0 t_move_k 100 988.3548898696899 51.07441623128079 37.24974483216419 28.568628034031974 35.74614852951282 47.10294223933781 58.825699142987936 27.355989829341084
1.0214549767470693 2291.530828256483 0.0 1.159621805697066 2898.70414541696 0.0 t_swap_r_k 100 990.8991386890411 51.07441623128079 37.24974483216419 28.568628034031974 35.74614852951282 47.10294223933781 59.277442151558056 27.355989829341084
1.0214549767470693 2291.530828256483 0.0 1.159621805697066 2898.70414541696 0.0 t_swap_r_k 100 993.9722545146942 51.07441623128079 37.24974483216419 28.568628034031974 35.74614852951282 47.10294223933781 59.724667730042476 27.355989829341084
1.0214549767470693 2291.530828256483 0.0 1.1562142607761179 2883.7297093041193 0.0 move_t 100 997.1631474494934 51.07441623128079 37.907247383842545 28.568628034031974 35.74614852951282 47.10294223933781 59.724667730042476 27.355989829341084
1.0214549767470693 2291.530828256483 0.0 1.1558229810898655 2882.0102330242858 0.0 swap_t 100 1000.5686521530151 51.07441623128079 37.907247383842545 28.568628034031974 35.74614852951282 47.63191281694443 59.724667730042476 27.355989829341084
1.0214549767470693 2291.530828256483 0.0 1.1558229810898655 2882.0102330242858 0.0 t_move_k 100 1003.321072101593 51.56367206896798 37.907247383842545 28.568628034031974 35.74614852951282 47.63191281694443 59.724667730042476 27.355989829341084
1.0214549767470693 2291.530828256483 0.0 1.1558229810898655 2882.0102330242858 0.0 t_swap_r_k 100 1005.5687294006348 51.56367206896798 37.907247383842545 28.568628034031974 35.74614852951282 47.63191281694443 60.16742105274205 27.355989829341084
1.0214549767470693 2291.530828256483 0.0 1.1558229810898655 2882.0102330242858 0.0 t_swap_r_k 100 1007.52783036232 51.56367206896798 37.907247383842545 28.568628034031974 35.74614852951282 47.63191281694443 60.60574684221463 27.355989829341084
1.0214549767470693 2291.530828256483 0.0 1.1558229810898655 2882.0102330242858 0.0 swap_t 100 1010.8698174953461 51.56367206896798 37.907247383842545 28.568628034031974 35.74614852951282 48.155593688774985 60.60574684221463 27.355989829341084
1.0214549767470693 2291.530828256483 0.0 1.1558229810898655 2882.0102330242858 0.0 t_swap_r_k 100 1013.1993894577026 51.56367206896798 37.907247383842545 28.568628034031974 35.74614852951282 48.155593688774985 61.039689373792484 27.355989829341084
1.0214549767470693 2291.530828256483 0.0 1.158536701317296 2893.9356606023543 0.0 f_swap_t 100 1017.5053796768188 51.56367206896798 37.907247383842545 28.568628034031974 36.398687044217695 48.155593688774985 61.039689373792484 27.355989829341084
1.0214549767470693 2291.530828256483 0.0 1.1572592897668232 2888.322083057194 0.0 swap_t 100 1021.4501192569733 51.56367206896798 37.907247383842545 28.568628034031974 36.398687044217695 48.674037751887234 61.039689373792484 27.355989829341084
1.0214549767470693 2291.530828256483 0.0 1.1572592897668232 2888.322083057194 0.0 t_swap_r_k 100 1023.3323216438293 51.56367206896798 37.907247383842545 28.568628034031974 36.398687044217695 48.674037751887234 61.46929248005456 27.355989829341084
1.0214549767470693 2291.530828256483 0.0 1.2028500160093665 3126.402388039159 0.0 move_t 100 1027.547474861145 51.56367206896798 38.60817491000412 28.568628034031974 36.398687044217695 48.674037751887234 61.46929248005456 27.355989829341084
1.0214549767470693 2291.530828256483 0.0 1.205324269399053 3099.5433533456903 0.0 f_swap_t 100 1032.4990389347076 51.56367206896798 38.60817491000412 28.568628034031974 37.07470017377552 48.674037751887234 61.46929248005456 27.355989829341084
1.0214549767470693 2291.530828256483 0.0 1.1995860582706097 3074.326818292367 0.0 move_t 100 1035.5083153247833 51.56367206896798 39.252093160904074 28.568628034031974 37.07470017377552 48.674037751887234 61.46929248005456 27.355989829341084
1.0214549767470693 2291.530828256483 0.0 1.1845208952937996 3008.1230482000287 0.0 f_swap_t 100 1040.104995250702 51.56367206896798 39.252093160904074 28.568628034031974 37.733953172037765 48.674037751887234 61.46929248005456 27.355989829341084
1.0214549767470693 2291.530828256483 0.0 1.183911062578669 3005.4431419202606 0.0 f_swap_t 100 1044.2888555526733 51.56367206896798 39.252093160904074 28.568628034031974 38.356613640317384 48.674037751887234 61.46929248005456 27.355989829341084
1.0214549767470693 2291.530828256483 0.0 1.183911062578669 3005.4431419202606 0.0 move_t 100 1047.2007851600647 51.56367206896798 39.85957222929503 28.568628034031974 38.356613640317384 48.674037751887234 61.46929248005456 27.355989829341084
1.0214549767470693 2291.530828256483 0.0 1.1716342341219972 2951.4926914764333 0.0 t_move_k 100 1050.1701247692108 52.1080353482783 39.85957222929503 28.568628034031974 38.356613640317384 48.674037751887234 61.46929248005456 27.355989829341084
1.0214549767470693 2291.530828256483 0.0 1.1792207806132027 2984.831725410001 0.0 t_move_k 100 1053.710280418396 52.686954994795514 39.85957222929503 28.568628034031974 38.356613640317384 48.674037751887234 61.46929248005456 27.355989829341084
1.0214549767470693 2291.530828256483 0.0 1.177230342380196 2976.084756302277 0.0 t_swap_k 100 1057.759970664978 52.686954994795514 39.85957222929503 29.442941753691656 38.356613640317384 48.674037751887234 61.46929248005456 27.355989829341084
1.0214549767470693 2291.530828256483 0.0 1.177036175159865 2975.2314895945733 0.0 t_swap_r_k 100 1060.6098811626434 52.686954994795514 39.85957222929503 29.442941753691656 38.356613640317384 48.674037751887234 61.89459955525402 27.355989829341084
1.0214549767470693 2291.530828256483 0.0 1.1696012743543842 2942.558861734983 0.0 t_swap_k 100 1065.0884220600128 52.686954994795514 39.85957222929503 30.29851233615474 38.356613640317384 48.674037751887234 61.89459955525402 27.355989829341084
1.0214549767470693 2291.530828256483 0.0 1.1668286351113943 2930.3745148895846 0.0 t_swap_r_k 100 1067.3999018669128 52.686954994795514 39.85957222929503 30.29851233615474 38.356613640317384 48.674037751887234 62.31565355970148 27.355989829341084
1.0214549767470693 2291.530828256483 0.0 1.1514543791614396 2862.8124375447646 0.0 t_multiswap_k 100 1069.6717021465302 52.686954994795514 39.85957222929503 30.29851233615474 38.356613640317384 48.674037751887234 62.31565355970148 28.172429931047674
1.0214549767470693 2291.530828256483 0.0 1.1933833995139318 3047.0692708685237 0.0 f_swap_t 100 1073.1494100093842 52.686954994795514 39.85957222929503 30.29851233615474 38.98304750391421 48.674037751887234 62.31565355970148 28.172429931047674
1.0214549767470693 2291.530828256483 0.0 1.1744203682913787 2963.736341696486 0.0 t_move_k 100 1077.0353569984436 53.26008544484756 39.85957222929503 30.29851233615474 38.98304750391421 48.674037751887234 62.31565355970148 28.172429931047674
1.0214549767470693 2291.530828256483 0.0 1.1714870083103865 2950.845708513253 0.0 t_swap_r_k 100 1079.5179243087769 53.26008544484756 39.85957222929503 30.29851233615474 38.98304750391421 48.674037751887234 62.73249702410447 28.172429931047674
1.0214549767470693 2291.530828256483 0.0 1.1714870083103865 2950.845708513253 0.0 move_t 100 1082.0805287361145 53.26008544484756 40.46097650700208 30.29851233615474 38.98304750391421 48.674037751887234 62.73249702410447 28.172429931047674
1.0214549767470693 2291.530828256483 0.0 1.1599776507553652 2900.2679044326705 0.0 t_multiswap_k 100 1084.4731481075287 53.26008544484756 40.46097650700208 30.29851233615474 38.98304750391421 48.674037751887234 62.73249702410447 28.950705631737197
1.0214549767470693 2291.530828256483 0.0 1.1743619540529289 2977.032466646598 0.0 move_t 100 1086.913541316986 53.26008544484756 41.09636674193206 30.29851233615474 38.98304750391421 48.674037751887234 62.73249702410447 28.950705631737197
1.0214549767470693 2291.530828256483 0.0 1.1474386728864512 2845.1654399386366 0.0 t_move_k 100 1089.1679010391235 53.81748459039908 41.09636674193206 30.29851233615474 38.98304750391421 48.674037751887234 62.73249702410447 28.950705631737197
1.0214549767470693 2291.530828256483 0.0 1.1427249467425369 2824.4509981240803 0.0 t_multiswap_k 100 1091.6342425346375 53.81748459039908 41.09636674193206 30.29851233615474 38.98304750391421 48.674037751887234 62.73249702410447 29.731198575419825
1.0214549767470693 2291.530828256483 0.0 1.1425962156551128 2823.8852901175574 0.0 move_t 100 1094.6734368801117 53.81748459039908 41.685403074512735 30.29851233615474 38.98304750391421 48.674037751887234 62.73249702410447 29.731198575419825
1.0214549767470693 2291.530828256483 0.0 1.1425962156551128 2823.8852901175574 0.0 t_swap_r_k 100 1096.935123205185 53.81748459039908 41.685403074512735 30.29851233615474 38.98304750391421 48.674037751887234 63.145172053863426 29.731198575419825
1.0214549767470693 2291.530828256483 0.0 1.1630157326140234 2913.61873729136 0.0 t_multiswap_k 100 1099.3655371665955 53.81748459039908 41.685403074512735 30.29851233615474 38.98304750391421 48.674037751887234 63.145172053863426 30.543886589665625
1.0214549767470693 2291.530828256483 0.0 1.1472520681267382 2844.3454064196376 0.0 t_multiswap_k 100 1101.1870913505554 53.81748459039908 41.685403074512735 30.29851233615474 38.98304750391421 48.674037751887234 63.145172053863426 31.32844772376897
1.0214549767470693 2291.530828256483 0.0 1.148810692175521 2851.1947706346045 0.0 t_swap_k 100 1103.6423614025116 53.81748459039908 41.685403074512735 31.03552721279319 38.98304750391421 48.674037751887234 63.145172053863426 31.32844772376897
1.0214549767470693 2291.530828256483 0.0 1.1478927046815661 2847.160679991776 0.0 swap_t 100 1107.6506986618042 53.81748459039908 41.685403074512735 31.03552721279319 38.98304750391421 49.18729737436836 63.145172053863426 31.32844772376897
1.0214549767470693 2291.530828256483 0.0 1.160067593012239 2900.663155151486 0.0 t_multiswap_k 100 1110.8798422813416 53.81748459039908 41.685403074512735 31.03552721279319 38.98304750391421 49.18729737436836 63.145172053863426 32.05516324653128
1.0214549767470693 2291.530828256483 0.0 1.148178614694591 2848.417109862368 0.0 t_swap_r_k 100 1112.773250579834 53.81748459039908 41.685403074512735 31.03552721279319 38.98304750391421 49.18729737436836 63.55372033332479 32.05516324653128
1.0214549767470693 2291.530828256483 0.0 1.1652193895764449 2923.302694851401 0.0 t_move_k 100 1116.19371342659 54.32930974449509 41.685403074512735 31.03552721279319 38.98304750391421 49.18729737436836 63.55372033332479 32.05516324653128
1.0214549767470693 2291.530828256483 0.0 1.1588190393491198 2895.176393422567 0.0 t_swap_r_k 100 1117.783605337143 54.32930974449509 41.685403074512735 31.03552721279319 38.98304750391421 49.18729737436836 63.95818312999154 32.05516324653128
1.0214549767470693 2291.530828256483 0.0 1.1567054597282778 2885.8882802102853 0.0 t_swap_r_k 100 1120.2742636203766 54.32930974449509 41.685403074512735 31.03552721279319 38.98304750391421 49.18729737436836 64.35860129869162 32.05516324653128
1.0214549767470693 2291.530828256483 0.0 1.2033733625496523 3090.970104670711 0.0 move_t 100 1123.7325360774994 54.32930974449509 42.32854904376761 31.03552721279319 38.98304750391421 49.18729737436836 64.35860129869162 32.05516324653128
1.0214549767470693 2291.530828256483 0.0 1.2228582626340776 3068.3302182032767 0.0 move_t 100 1126.9295196533203 54.32930974449509 42.94526355332993 31.03552721279319 38.98304750391421 49.18729737436836 64.35860129869162 32.05516324653128
1.0214549767470693 2291.530828256483 0.0 1.207295915597892 3108.207740969793 0.0 t_swap_r_k 100 1128.8716790676117 54.32930974449509 42.94526355332993 31.03552721279319 38.98304750391421 49.18729737436836 64.75501528570472 32.05516324653128
1.0214549767470693 2291.530828256483 0.0 1.2002162716793845 3178.243767897758 0.0 move_t 100 1131.888671875 54.32930974449509 43.60581091779663 31.03552721279319 38.98304750391421 49.18729737436836 64.75501528570472 32.05516324653128
1.0214549767470693 2291.530828256483 0.0 1.1979307797932957 3085.317153770502 0.0 move_t 100 1134.9144549369812 54.32930974449509 44.20975280861867 31.03552721279319 38.98304750391421 49.18729737436836 64.75501528570472 32.05516324653128
1.0214549767470693 2291.530828256483 0.0 1.1995634881191273 3064.2950583721768 0.0 swap_t 100 1140.501126050949 54.32930974449509 44.20975280861867 31.03552721279319 38.98304750391421 49.79542440062468 64.75501528570472 32.05516324653128
1.0214549767470693 2291.530828256483 0.0 1.2313184313241465 3213.774545034815 0.0 f_swap_t 100 1144.3483798503876 54.32930974449509 44.20975280861867 31.03552721279319 39.643217028875064 49.79542440062468 64.75501528570472 32.05516324653128
1.0214549767470693 2291.530828256483 0.0 1.2099322312904008 3110.1799182184627 0.0 move_t 100 1147.7145192623138 54.32930974449509 44.88765528053248 31.03552721279319 39.643217028875064 49.79542440062468 64.75501528570472 32.05516324653128
1.0214549767470693 2291.530828256483 0.0 1.1830008756568842 3001.443330845952 0.0 t_multiswap_k 100 1150.554859638214 54.32930974449509 44.88765528053248 31.03552721279319 39.643217028875064 49.79542440062468 64.75501528570472 32.824611614065965
1.0214549767470693 2291.530828256483 0.0 1.1803821007583526 2989.935139957289 0.0 t_swap_r_k 100 1152.9562606811523 54.32930974449509 44.88765528053248 31.03552721279319 39.643217028875064 49.79542440062468 65.14746513284767 32.824611614065965
1.0214549767470693 2291.530828256483 0.0 1.1745310117635732 2964.2225637842685 0.0 t_swap_k 100 1155.6791393756866 54.32930974449509 44.88765528053248 31.785171940665258 39.643217028875064 49.79542440062468 65.14746513284767 32.824611614065965
1.0214549767470693 2291.530828256483 0.0 1.1726508160031615 2955.9600545739468 0.0 t_swap_r_k 100 1157.154548406601 54.32930974449509 44.88765528053248 31.785171940665258 39.643217028875064 49.79542440062468 65.53599048151919 32.824611614065965
1.0214549767470693 2291.530828256483 0.0 1.1726508160031615 2955.9600545739468 0.0 t_swap_r_k 100 1159.4552736282349 54.32930974449509 44.88765528053248 31.785171940665258 39.643217028875064 49.79542440062468 65.920630576704 32.824611614065965
1.0214549767470693 2291.530828256483 0.0 1.1692247171038603 2940.9040831123643 0.0 t_move_k 100 1162.122237920761 54.84601664705014 44.88765528053248 31.785171940665258 39.643217028875064 49.79542440062468 65.920630576704 32.824611614065965
1.0214549767470693 2291.530828256483 0.0 1.170403786275783 2946.08549565341 0.0 t_swap_k 100 1164.964101076126 54.84601664705014 44.88765528053248 32.537320221258604 39.643217028875064 49.79542440062468 65.920630576704 32.824611614065965
1.0214549767470693 2291.530828256483 0.0 1.1631592046703298 2914.249224398935 0.0 t_move_k 100 1168.1066582202911 55.38755648057964 44.88765528053248 32.537320221258604 39.643217028875064 49.79542440062468 65.920630576704 32.824611614065965
1.0214549767470693 2291.530828256483 0.0 1.162186723024508 2909.9756595262475 0.0 move_t 100 1170.9025735855103 55.38755648057964 45.438778727727154 32.537320221258604 39.643217028875064 49.79542440062468 65.920630576704 32.824611614065965
1.0214549767470693 2291.530828256483 0.0 1.1843490998380828 3007.368094080336 0.0 t_move_k 100 1174.1870906352997 56.063680915773844 45.438778727727154 32.537320221258604 39.643217028875064 49.79542440062468 65.920630576704 32.824611614065965
1.0214549767470693 2291.530828256483 0.0 1.1766661915238974 2973.6055986824576 0.0 t_move_k 100 1177.4403722286224 56.5330441066161 45.438778727727154 32.537320221258604 39.643217028875064 49.79542440062468 65.920630576704 32.824611614065965
1.0214549767470693 2291.530828256483 0.0 1.218422549396275 3157.1036677529073 0.0 f_swap_t 100 1182.5137133598328 56.5330441066161 45.438778727727154 32.537320221258604 40.31678485858632 49.79542440062468 65.920630576704 32.824611614065965
1.0214549767470693 2291.530828256483 0.0 1.1953128175614822 3055.5480871301643 0.0 t_multiswap_k 100 1185.332082271576 56.5330441066161 45.438778727727154 32.537320221258604 40.31678485858632 49.79542440062468 65.920630576704 33.566365497925304
1.0214549767470693 2291.530828256483 0.0 1.1866370218156757 3017.4223537539247 0.0 move_t 100 1189.3239541053772 56.5330441066161 46.04439094044988 32.537320221258604 40.31678485858632 49.79542440062468 65.920630576704 33.566365497925304
1.0214549767470693 2291.530828256483 0.0 1.1866370218156757 3017.4223537539247 0.0 t_swap_r_k 100 1191.8428428173065 56.5330441066161 46.04439094044988 32.537320221258604 40.31678485858632 49.79542440062468 66.30142427093696 33.566365497925304
1.0214549767470693 2291.530828256483 0.0 1.1866370218156757 3017.4223537539247 0.0 t_swap_r_k 100 1193.6657576560974 56.5330441066161 46.04439094044988 32.537320221258604 40.31678485858632 49.79542440062468 66.67841002822759 33.566365497925304
1.0214549767470693 2291.530828256483 0.0 1.1764985706433306 2972.8689897087083 0.0 move_t 100 1196.722578048706 56.5330441066161 46.64394703104538 32.537320221258604 40.31678485858632 49.79542440062468 66.67841002822759 33.566365497925304
1.0214549767470693 2291.530828256483 0.0 1.1735031154089566 2959.705479299717 0.0 t_swap_r_k 100 1199.3484899997711 56.5330441066161 46.64394703104538 32.537320221258604 40.31678485858632 49.79542440062468 67.05162592794531 33.566365497925304
1.0214549767470693 2291.530828256483 0.0 1.1716808469047013 2951.697531075862 0.0 f_swap_t 100 1203.233927488327 56.5330441066161 46.64394703104538 32.537320221258604 40.94361701000045 49.79542440062468 67.05162592794531 33.566365497925304
1.0214549767470693 2291.530828256483 0.0 1.1661813240241252 2927.529910123891 0.0 t_move_k 100 1206.550879240036 56.997713665549945 46.64394703104538 32.537320221258604 40.94361701000045 49.79542440062468 67.05162592794531 33.566365497925304
1.0214549767470693 2291.530828256483 0.0 1.1645297317548744 2920.2719976108924 0.0 t_move_k 100 1209.2447710037231 57.487736528894445 46.64394703104538 32.537320221258604 40.94361701000045 49.79542440062468 67.05162592794531 33.566365497925304
1.0214549767470693 2291.530828256483 0.0 1.1623224028890693 2910.5719038930283 0.0 move_t 100 1213.4686303138733 57.487736528894445 47.177507560734924 32.537320221258604 40.94361701000045 49.79542440062468 67.05162592794531 33.566365497925304
1.0214549767470693 2291.530828256483 0.0 1.1623224028890693 2910.5719038930283 0.0 t_swap_r_k 100 1216.3898556232452 57.487736528894445 47.177507560734924 32.537320221258604 40.94361701000045 49.79542440062468 67.42110966866585 33.566365497925304
1.0214549767470693 2291.530828256483 0.0 1.1618895846843014 2908.6698868378967 0.0 t_multiswap_k 100 1219.4612491130829 57.487736528894445 47.177507560734924 32.537320221258604 40.94361701000045 49.79542440062468 67.42110966866585 34.26070184294605
1.0214549767470693 2291.530828256483 0.0 1.1602441100739833 2901.438858341095 0.0 swap_t 100 1223.0568528175354 57.487736528894445 47.177507560734924 32.537320221258604 40.94361701000045 50.29747015661844 67.42110966866585 34.26070184294605
1.0214549767470693 2291.530828256483 0.0 1.1837970934577249 3004.942305288607 0.0 t_multiswap_k 100 1224.9875223636627 57.487736528894445 47.177507560734924 32.537320221258604 40.94361701000045 50.29747015661844 67.42110966866585 35.08809482451659
1.0214549767470693 2291.530828256483 0.0 1.1821322027271144 2997.6259527653806 0.0 move_t 100 1228.6766531467438 57.487736528894445 47.77573248512758 32.537320221258604 40.94361701000045 50.29747015661844 67.42110966866585 35.08809482451659
1.0214549767470693 2291.530828256483 0.0 1.1731982242808 2958.36563703032 0.0 t_move_k 100 1232.1849300861359 57.9828591636055 47.77573248512758 32.537320221258604 40.94361701000045 50.29747015661844 67.42110966866585 35.08809482451659
1.0214549767470693 2291.530828256483 0.0 1.1724571853686476 2955.1091458894593 0.0 f_swap_t 100 1236.6344950199127 57.9828591636055 47.77573248512758 32.537320221258604 41.53418083990045 50.29747015661844 67.42110966866585 35.08809482451659
1.0214549767470693 2291.530828256483 0.0 1.1724571853686476 2955.1091458894593 0.0 t_swap_r_k 100 1239.6623260974884 57.9828591636055 47.77573248512758 32.537320221258604 41.53418083990045 50.29747015661844 67.7868985719792 35.08809482451659
1.0214549767470693 2291.530828256483 0.0 1.172050954535738 2948.969476065858 0.0 move_t 100 1243.271619796753 57.9828591636055 48.3279751602763 32.537320221258604 41.53418083990045 50.29747015661844 67.7868985719792 35.08809482451659
1.0214549767470693 2291.530828256483 0.0 1.2296735111926256 3206.5459531918264 0.0 f_swap_t 100 1245.945927619934 57.9828591636055 48.3279751602763 32.537320221258604 42.188839031501445 50.29747015661844 67.7868985719792 35.08809482451659
1.0214549767470693 2291.530828256483 0.0 1.2153681933564133 3143.681318100639 0.0 f_swap_t 100 1249.514859199524 57.9828591636055 48.3279751602763 32.537320221258604 42.76695064118643 50.29747015661844 67.7868985719792 35.08809482451659
1.0214549767470693 2291.530828256483 0.0 1.2550287679964516 3289.686930814011 0.0 move_t 100 1253.227318763733 57.9828591636055 48.97469540867354 32.537320221258604 42.76695064118643 50.29747015661844 67.7868985719792 35.08809482451659
1.0214549767470693 2291.530828256483 0.0 1.2354331857879044 3231.8568093239155 0.0 swap_t 100 1257.4789888858795 57.9828591636055 48.97469540867354 32.537320221258604 42.76695064118643 50.79449545505226 67.7868985719792 35.08809482451659
1.0214549767470693 2291.530828256483 0.0 1.2278484612336986 3198.525781881777 0.0 t_move_k 100 1260.1474170684814 58.50303057196944 48.97469540867354 32.537320221258604 42.76695064118643 50.79449545505226 67.7868985719792 35.08809482451659
1.0214549767470693 2291.530828256483 0.0 1.2082086702098072 3112.218835743277 0.0 move_t 100 1263.4561078548431 58.50303057196944 49.604948454586804 32.537320221258604 42.76695064118643 50.79449545505226 67.7868985719792 35.08809482451659
1.0214549767470693 2291.530828256483 0.0 1.2010576412253424 3080.7936809314833 0.0 t_swap_r_k 100 1266.0760142803192 58.50303057196944 49.604948454586804 32.537320221258604 42.76695064118643 50.79449545505226 68.1490295862594 35.08809482451659
1.0214549767470693 2291.530828256483 0.0 1.2010576412253424 3080.7936809314833 0.0 move_t 100 1269.0035893917084 58.50303057196944 50.10889897004093 32.537320221258604 42.76695064118643 50.79449545505226 68.1490295862594 35.08809482451659
1.0214549767470693 2291.530828256483 0.0 1.220187148694317 3129.7573951643017 0.0 move_t 100 1272.8677771091461 58.50303057196944 50.617809980340525 32.537320221258604 42.76695064118643 50.79449545505226 68.1490295862594 35.08809482451659
1.0214549767470693 2291.530828256483 0.0 1.2072815112777193 3108.1444412695173 0.0 t_swap_r_k 100 1275.3072700500488 58.50303057196944 50.617809980340525 32.537320221258604 42.76695064118643 50.79449545505226 68.5075392903968 35.08809482451659
1.0214549767470693 2291.530828256483 0.0 1.1963275242966063 3060.007209909433 0.0 t_swap_k 100 1280.4186644554138 58.50303057196944 50.617809980340525 33.461947019046015 42.76695064118643 50.79449545505226 68.5075392903968 35.08809482451659
1.0214549767470693 2291.530828256483 0.0 1.1882975936344031 3024.7197268442833 0.0 t_swap_k 100 1285.02556848526 58.50303057196944 50.617809980340525 34.31732754885555 42.76695064118643 50.79449545505226 68.5075392903968 35.08809482451659
1.0214549767470693 2291.530828256483 0.0 1.1789918497010845 2983.825689863208 0.0 t_swap_r_k 100 1288.0935657024384 58.50303057196944 50.617809980340525 34.31732754885555 42.76695064118643 50.79449545505226 68.86246389749284 35.08809482451659
1.0214549767470693 2291.530828256483 0.0 1.1781912993237276 2980.307675938536 0.0 f_swap_t 100 1292.355170249939 58.50303057196944 50.617809980340525 34.31732754885555 43.339281134774566 50.79449545505226 68.86246389749284 35.08809482451659
1.0214549767470693 2291.530828256483 0.0 1.1770154035639835 2975.140208938644 0.0 move_t 100 1296.6015272140503 58.50303057196944 51.17163188053712 34.31732754885555 43.339281134774566 50.79449545505226 68.86246389749284 35.08809482451659
1.0214549767470693 2291.530828256483 0.0 1.1738168264466413 2961.0840806096576 0.0 swap_t 100 1301.747760772705 58.50303057196944 51.17163188053712 34.31732754885555 43.339281134774566 51.28655050050173 68.86246389749284 35.08809482451659
1.0214549767470693 2291.530828256483 0.0 1.1738168264466413 2961.0840806096576 0.0 t_multiswap_k 100 1303.9841713905334 58.50303057196944 51.17163188053712 34.31732754885555 43.339281134774566 51.28655050050173 68.86246389749284 35.737213876271426
1.0214549767470693 2291.530828256483 0.0 1.1738168264466413 2961.0840806096576 0.0 t_swap_r_k 100 1306.787910938263 58.50303057196944 51.17163188053712 34.31732754885555 43.339281134774566 51.28655050050173 69.21383925851792 35.737213876271426
1.0214549767470693 2291.530828256483 0.0 1.232328280225118 3228.544443007385 0.0 swap_t 100 1312.4576568603516 58.50303057196944 51.17163188053712 34.31732754885555 43.339281134774566 51.813684995496715 69.21383925851792 35.737213876271426
1.0214549767470693 2291.530828256483 0.0 1.2334198779800851 3223.009340004192 0.0 f_swap_t 100 1318.2363455295563 58.50303057196944 51.17163188053712 34.31732754885555 43.94588832342682 51.813684995496715 69.21383925851792 35.737213876271426
1.0214549767470693 2291.530828256483 0.0 1.21514082774732 3142.682161268782 0.0 t_move_k 100 1322.3810288906097 59.19800026624974 51.17163188053712 34.31732754885555 43.94588832342682 51.813684995496715 69.21383925851792 35.737213876271426
1.0214549767470693 2291.530828256483 0.0 1.1963592942066548 3060.14682259228 0.0 t_swap_r_k 100 1325.2630808353424 59.19800026624974 51.17163188053712 34.31732754885555 43.94588832342682 51.813684995496715 69.56170086593275 35.737213876271426
1.0214549767470693 2291.530828256483 0.0 1.1963592942066548 3060.14682259228 0.0 t_swap_r_k 100 1327.8221831321716 59.19800026624974 51.17163188053712 34.31732754885555 43.94588832342682 51.813684995496715 69.90608385727342 35.737213876271426
1.0214549767470693 2291.530828256483 0.0 1.1936721461486233 3048.338166256345 0.0 f_swap_t 100 1332.0409109592438 59.19800026624974 51.17163188053712 34.31732754885555 44.536429440192556 51.813684995496715 69.90608385727342 35.737213876271426
1.0214549767470693 2291.530828256483 0.0 1.1930177695006006 3045.462511925478 0.0 t_multiswap_k 100 1336.1370205879211 59.19800026624974 51.17163188053712 34.31732754885555 44.536429440192556 51.813684995496715 69.90608385727342 36.41984173750871
1.0214549767470693 2291.530828256483 0.0 1.1981304150492018 3067.930002717594 0.0 t_swap_k 100 1339.4320812225342 59.19800026624974 51.17163188053712 34.984154273367 44.536429440192556 51.813684995496715 69.90608385727342 36.41984173750871
1.0214549767470693 2291.530828256483 0.0 1.1971212101361095 3063.4950576628835 0.0 f_swap_t 100 1346.4230904579163 59.19800026624974 51.17163188053712 34.984154273367 45.09106514579063 51.813684995496715 69.90608385727342 36.41984173750871
1.0214549767470693 2291.530828256483 0.0 1.1952807752422108 3055.4072773465905 0.0 f_swap_t 100 1352.1348090171814 59.19800026624974 51.17163188053712 34.984154273367 45.67015449433272 51.813684995496715 69.90608385727342 36.41984173750871
1.0214549767470693 2291.530828256483 0.0 1.1994194096169322 3073.5944817639647 0.0 t_swap_k 100 1357.5993814468384 59.19800026624974 51.17163188053712 35.79431273063333 45.67015449433272 51.813684995496715 69.90608385727342 36.41984173750871
1.0214549767470693 2291.530828256483 0.0 1.1934712279434887 3047.4552323856287 0.0 t_swap_r_k 100 1359.1009788513184 59.19800026624974 51.17163188053712 35.79431273063333 45.67015449433272 51.813684995496715 70.24702301870069 36.41984173750871
1.0214549767470693 2291.530828256483 0.0 1.1934712279434887 3047.4552323856287 0.0 t_swap_r_k 100 1360.8471462726593 59.19800026624974 51.17163188053712 35.79431273063333 45.67015449433272 51.813684995496715 70.58455278851368 36.41984173750871
1.0214549767470693 2291.530828256483 0.0 1.179895224272063 2987.795564101966 0.0 move_t 100 1364.6452767848969 59.19800026624974 51.68991556173175 35.79431273063333 45.67015449433272 51.813684995496715 70.58455278851368 36.41984173750871
1.0214549767470693 2291.530828256483 0.0 1.1977178569537492 2991.894538283779 0.0 swap_t 100 1370.0139932632446 59.19800026624974 51.68991556173175 35.79431273063333 45.67015449433272 52.30554814554175 70.58455278851368 36.41984173750871
1.0214549767470693 2291.530828256483 0.0 1.1880107051367084 3023.458997028565 0.0 t_move_k 100 1373.3028123378754 59.69602026358724 51.68991556173175 35.79431273063333 45.67015449433272 52.30554814554175 70.58455278851368 36.41984173750871
1.0214549767470693 2291.530828256483 0.0 1.1855784155666131 3012.7703148188566 0.0 f_swap_t 100 1379.6862297058105 59.69602026358724 51.68991556173175 35.79431273063333 46.21345294938939 52.30554814554175 70.58455278851368 36.41984173750871
1.0214549767470693 2291.530828256483 0.0 1.185578415566613 3012.770314818856 0.0 f_swap_t 100 1383.1610805988312 59.69602026358724 51.68991556173175 35.79431273063333 46.7513184198955 52.30554814554175 70.58455278851368 36.41984173750871
1.0214549767470693 2291.530828256483 0.0 1.185578415566613 3012.770314818856 0.0 t_swap_r_k 100 1385.0098459720612 59.69602026358724 51.68991556173175 35.79431273063333 46.7513184198955 52.30554814554175 70.91870726062854 36.41984173750871
1.0214549767470693 2291.530828256483 0.0 1.1702736403724137 2945.5135702465363 0.0 t_move_k 100 1387.475038766861 60.25906006095137 51.68991556173175 35.79431273063333 46.7513184198955 52.30554814554175 70.91870726062854 36.41984173750871
1.0214549767470693 2291.530828256483 0.0 1.165452722554045 2924.3280752490627 0.0 move_t 100 1390.61718416214 60.25906006095137 52.23301640611444 35.79431273063333 46.7513184198955 52.30554814554175 70.91870726062854 36.41984173750871
1.0214549767470693 2291.530828256483 0.0 1.1750383284194073 2966.451963844431 0.0 t_move_k 100 1394.6291944980621 60.756469460341854 52.23301640611444 35.79431273063333 46.7513184198955 52.30554814554175 70.91870726062854 36.41984173750871
1.0214549767470693 2291.530828256483 0.0 1.158206447602057 2892.484362593201 0.0 t_move_k 100 1399.076161623001 61.27890476573844 52.23301640611444 35.79431273063333 46.7513184198955 52.30554814554175 70.91870726062854 36.41984173750871
1.0214549767470693 2291.530828256483 0.0 1.1484883668574875 2849.778313920337 0.0 t_move_k 100 1404.6471784114838 61.966115718081056 52.23301640611444 35.79431273063333 46.7513184198955 52.30554814554175 70.91870726062854 36.41984173750871
1.0214549767470693 2291.530828256483 0.0 1.1418562466040103 2820.633500474787 0.0 swap_t 100 1408.6873626708984 61.966115718081056 52.23301640611444 35.79431273063333 46.7513184198955 52.782492664086334 70.91870726062854 36.41984173750871
1.0214549767470693 2291.530828256483 0.0 1.1435395891950968 2828.030939590346 0.0 f_swap_t 100 1412.2098650932312 61.966115718081056 52.23301640611444 35.79431273063333 47.293805235696546 52.782492664086334 70.91870726062854 36.41984173750871
1.0214549767470693 2291.530828256483 0.0 1.143187135779546 2826.482085128745 0.0 t_swap_r_k 100 1415.2409160137177 61.966115718081056 52.23301640611444 35.79431273063333 47.293805235696546 52.782492664086334 71.24952018802225 36.41984173750871
1.0214549767470693 2291.530828256483 0.0 1.143187135779546 2826.482085128745 0.0 f_swap_t 100 1419.0730714797974 61.966115718081056 52.23301640611444 35.79431273063333 47.82086718333958 52.782492664086334 71.24952018802225 36.41984173750871
1.0214549767470693 2291.530828256483 0.0 1.1410478901995689 2817.081183010005 0.0 t_multiswap_k 100 1421.408763408661 61.966115718081056 52.23301640611444 35.79431273063333 47.82086718333958 52.782492664086334 71.24952018802225 37.08564332013363
1.0214549767470693 2291.530828256483 0.0 1.1765378950639551 2973.0418006438476 0.0 t_swap_k 100 1427.0272297859192 61.966115718081056 52.23301640611444 36.526369603327 47.82086718333958 52.782492664086334 71.24952018802225 37.08564332013363
1.0214549767470693 2291.530828256483 0.0 1.1953453806560757 3055.691185457828 0.0 move_t 100 1430.1386318206787 61.966115718081056 52.81068624205329 36.526369603327 47.82086718333958 52.782492664086334 71.24952018802225 37.08564332013363
1.0214549767470693 2291.530828256483 0.0 1.2095868393363616 3118.275191863898 0.0 t_swap_k 100 1434.7380843162537 61.966115718081056 52.81068624205329 37.35110590729373 47.82086718333958 52.782492664086334 71.24952018802225 37.08564332013363
1.0214549767470693 2291.530828256483 0.0 1.197146249045611 3063.6050910034155 0.0 t_swap_r_k 100 1436.7791728973389 61.966115718081056 52.81068624205329 37.35110590729373 47.82086718333958 52.782492664086334 71.57702498614202 37.08564332013363
1.0214549767470693 2291.530828256483 0.0 1.1946415572356759 3056.592391841583 0.0 move_t 100 1440.0877709388733 61.966115718081056 53.322579379632764 37.35110590729373 47.82086718333958 52.782492664086334 71.57702498614202 37.08564332013363
1.0214549767470693 2291.530828256483 0.0 1.1907014599898373 3035.283503404341 0.0 t_swap_r_k 100 1442.2986135482788 61.966115718081056 53.322579379632764 37.35110590729373 47.82086718333958 52.782492664086334 71.9012547362806 37.08564332013363
1.0214549767470693 2291.530828256483 0.0 1.1901933726624372 3033.0507166325146 0.0 move_t 100 1446.397667169571 61.966115718081056 53.78935358583644 37.35110590729373 47.82086718333958 52.782492664086334 71.9012547362806 37.08564332013363
1.0214549767470693 2291.530828256483 0.0 1.2056258756184217 3100.868760102739 0.0 t_swap_k 100 1451.096655368805 61.966115718081056 53.78935358583644 38.28759484822079 47.82086718333958 52.782492664086334 71.9012547362806 37.08564332013363
1.0214549767470693 2291.530828256483 0.0 1.211007130364632 3124.516652433861 0.0 t_multiswap_k 100 1454.7315430641174 61.966115718081056 53.78935358583644 38.28759484822079 47.82086718333958 52.782492664086334 71.9012547362806 37.94478688693229
1.0214549767470693 2291.530828256483 0.0 1.1935893709412135 3047.974411094245 0.0 t_swap_r_k 100 1457.9391849040985 61.966115718081056 53.78935358583644 38.28759484822079 47.82086718333958 52.782492664086334 72.2222421889178 37.94478688693229
1.0214549767470693 2291.530828256483 0.0 1.1916470645273807 3039.438956982782 0.0 t_swap_k 100 1461.785267829895 61.966115718081056 53.78935358583644 38.934718899738584 47.82086718333958 52.782492664086334 72.2222421889178 37.94478688693229
1.0214549767470693 2291.530828256483 0.0 1.1916470645273807 3039.438956982782 0.0 t_swap_r_k 100 1464.615334033966 61.966115718081056 53.78935358583644 38.934718899738584 47.82086718333958 52.782492664086334 72.54001976702862 37.94478688693229
1.0214549767470693 2291.530828256483 0.0 1.2209545505394783 3169.436013399593 0.0 move_t 100 1468.2833313941956 61.966115718081056 54.341460049978075 38.934718899738584 47.82086718333958 52.782492664086334 72.54001976702862 37.94478688693229
1.0214549767470693 2291.530828256483 0.0 1.2063437653669045 3104.023522380012 0.0 t_swap_r_k 100 1471.5822958946228 61.966115718081056 54.341460049978075 38.934718899738584 47.82086718333958 52.782492664086334 72.85461956935833 37.94478688693229
1.0214549767470693 2291.530828256483 0.0 1.2638442529950569 3356.709077059459 0.0 t_swap_k 100 1475.3269774913788 61.966115718081056 54.341460049978075 39.7353717107412 47.82086718333958 52.782492664086334 72.85461956935833 37.94478688693229
1.0214549767470693 2291.530828256483 0.0 1.2308167783377333 3211.570033936611 0.0 move_t 100 1478.698049545288 61.966115718081056 54.88804544947829 39.7353717107412 47.82086718333958 52.782492664086334 72.85461956935833 37.94478688693229
1.0214549767470693 2291.530828256483 0.0 1.2183141507567339 3156.627310569016 0.0 t_swap_k 100 1482.1929173469543 61.966115718081056 54.88804544947829 40.49801799363379 47.82086718333958 52.782492664086334 72.85461956935833 37.94478688693229
1.0214549767470693 2291.530828256483 0.0 1.2119118148970776 3128.492283290581 0.0 f_swap_t 100 1486.9730923175812 61.966115718081056 54.88804544947829 40.49801799363379 48.34265851150619 52.782492664086334 72.85461956935833 37.94478688693229
1.0214549767470693 2291.530828256483 0.0 1.211486376876915 3126.6226984132895 0.0 t_swap_r_k 100 1490.215488433838 61.966115718081056 54.88804544947829 40.49801799363379 48.34265851150619 52.782492664086334 73.16607337366474 37.94478688693229
1.0214549767470693 2291.530828256483 0.0 1.2110853945199769 3124.860583804195 0.0 t_move_k 100 1491.9388782978058 62.476454560900244 54.88804544947829 40.49801799363379 48.34265851150619 52.782492664086334 73.16607337366474 37.94478688693229
1.0214549767470693 2291.530828256483 0.0 1.1858184552476594 3013.825167785366 0.0 t_swap_k 100 1495.3178634643555 62.476454560900244 54.88804544947829 41.21303781369745 48.34265851150619 52.782492664086334 73.16607337366474 37.94478688693229
1.0214549767470693 2291.530828256483 0.0 1.1802528108642754 2989.366976278214 0.0 t_swap_r_k 100 1497.4820053577423 62.476454560900244 54.88804544947829 41.21303781369745 48.34265851150619 52.782492664086334 73.47441263992809 37.94478688693229
1.0214549767470693 2291.530828256483 0.0 1.1715545242082184 2951.1424067291646 0.0 t_move_k 100 1499.2709846496582 63.03169001529124 54.88804544947829 41.21303781369745 48.34265851150619 52.782492664086334 73.47441263992809 37.94478688693229
1.0214549767470693 2291.530828256483 0.0 1.1697884637432963 2943.381464403559 0.0 t_swap_r_k 100 1501.2839305400848 63.03169001529124 54.88804544947829 41.21303781369745 48.34265851150619 52.782492664086334 73.7796685135288 37.94478688693229
1.0214549767470693 2291.530828256483 0.0 1.1694266095043293 2941.7912980787482 0.0 swap_t 100 1506.2638845443726 63.03169001529124 54.88804544947829 41.21303781369745 48.34265851150619 53.25466773744547 73.7796685135288 37.94478688693229
1.0214549767470693 2291.530828256483 0.0 1.1694266095043293 2941.7912980787482 0.0 t_swap_r_k 100 1508.4785783290863 63.03169001529124 54.88804544947829 41.21303781369745 48.34265851150619 53.25466773744547 74.08187182839352 37.94478688693229
1.0214549767470693 2291.530828256483 0.0 1.1694266095043293 2941.7912980787482 0.0 t_swap_r_k 100 1510.8262252807617 63.03169001529124 54.88804544947829 41.21303781369745 48.34265851150619 53.25466773744547 74.38105311010958 37.94478688693229
1.0214549767470693 2291.530828256483 0.0 1.1694266095043293 2941.7912980787482 0.0 t_swap_r_k 100 1513.431762456894 63.03169001529124 54.88804544947829 41.21303781369745 48.34265851150619 53.25466773744547 74.67724257900848 37.94478688693229
1.0214549767470693 2291.530828256483 0.0 1.2038473985002267 3015.2746708618542 0.0 swap_t 100 1517.4832525253296 63.03169001529124 54.88804544947829 41.21303781369745 48.34265851150619 53.732121060071016 74.67724257900848 37.94478688693229
1.0214549767470693 2291.530828256483 0.0 1.1857044309404445 3013.3240886379704 0.0 t_swap_r_k 100 1519.4301362037659 63.03169001529124 54.88804544947829 41.21303781369745 48.34265851150619 53.732121060071016 74.9704701532184 37.94478688693229
1.0214549767470693 2291.530828256483 0.0 1.1958072001770557 3057.720648626475 0.0 t_move_k 100 1522.2300763130188 63.54137311513833 54.88804544947829 41.21303781369745 48.34265851150619 53.732121060071016 74.9704701532184 37.94478688693229
1.0214549767470693 2291.530828256483 0.0 1.1820946811790582 2997.4610645431394 0.0 move_t 100 1524.2088248729706 63.54137311513833 55.36916499498351 41.21303781369745 48.34265851150619 53.732121060071016 74.9704701532184 37.94478688693229
1.0214549767470693 2291.530828256483 0.0 1.2028520840031847 3093.0383871780546 0.0 move_t 100 1526.8108973503113 63.54137311513833 55.89547334503367 41.21303781369745 48.34265851150619 53.732121060071016 74.9704701532184 37.94478688693229
1.0214549767470693 2291.530828256483 0.0 1.2103284697007537 3121.5342821381482 0.0 t_swap_k 100 1531.12189412117 63.54137311513833 55.89547334503367 41.870907435560476 48.34265851150619 53.732121060071016 74.9704701532184 37.94478688693229
1.0214549767470693 2291.530828256483 0.0 1.190666539449767 3035.130045296395 0.0 t_move_k 100 1533.6213409900665 63.96595938398694 55.89547334503367 41.870907435560476 48.34265851150619 53.732121060071016 74.9704701532184 37.94478688693229
1.0214549767470693 2291.530828256483 0.0 1.1782013894011214 2980.352016724296 0.0 move_t 100 1536.4025523662567 63.96595938398694 56.40651861158334 41.870907435560476 48.34265851150619 53.732121060071016 74.9704701532184 37.94478688693229
1.0214549767470693 2291.530828256483 0.0 1.1730994420972443 2957.931539305696 0.0 swap_t 100 1540.1418657302856 63.96595938398694 56.40651861158334 41.870907435560476 48.34265851150619 54.19479984947031 74.9704701532184 37.94478688693229
1.0214549767470693 2291.530828256483 0.0 1.2286309356528626 3201.9643611144875 0.0 t_swap_k 100 1543.7284877300262 63.96595938398694 56.40651861158334 42.582198361204874 48.34265851150619 54.19479984947031 74.9704701532184 37.94478688693229
1.0214549767470693 2291.530828256483 0.0 1.2031512246124012 3089.9939208120163 0.0 t_multiswap_k 100 1546.1732609272003 63.96595938398694 56.40651861158334 42.582198361204874 48.34265851150619 54.19479984947031 74.9704701532184 38.62533901806297
1.0214549767470693 2291.530828256483 0.0 1.1897569534885581 3031.1328751398037 0.0 t_move_k 100 1549.5341696739197 64.38629979014708 56.40651861158334 42.582198361204874 48.34265851150619 54.19479984947031 74.9704701532184 38.62533901806297
1.0214549767470693 2291.530828256483 0.0 1.1926400558848518 3043.8026516626805 0.0 t_move_k 100 1552.4641120433807 64.82243679224561 56.40651861158334 42.582198361204874 48.34265851150619 54.19479984947031 74.9704701532184 38.62533901806297
1.0214549767470693 2291.530828256483 0.0 1.1867730424159721 3018.02009548189 0.0 f_swap_t 100 1557.7128574848175 64.82243679224561 56.40651861158334 42.582198361204874 48.859231926391125 54.19479984947031 74.9704701532184 38.62533901806297
1.0214549767470693 2291.530828256483 0.0 1.1841081758466985 3006.3093550172484 0.0 move_t 100 1560.9561085700989 64.82243679224561 56.842453425467504 42.582198361204874 48.859231926391125 54.19479984947031 74.9704701532184 38.62533901806297
1.0214549767470693 2291.530828256483 0.0 1.1841081758466985 3006.3093550172484 0.0 t_swap_r_k 100 1564.1257214546204 64.82243679224561 56.842453425467504 42.582198361204874 48.859231926391125 54.19479984947031 75.26076545168621 38.62533901806297
1.0214549767470693 2291.530828256483 0.0 1.1841081758466985 3006.3093550172484 0.0 f_swap_t 100 1567.6731352806091 64.82243679224561 56.842453425467504 42.582198361204874 49.37063960712722 54.19479984947031 75.26076545168621 38.62533901806297
1.0214549767470693 2291.530828256483 0.0 1.1841081758466985 3006.3093550172484 0.0 f_swap_t 100 1572.2522175312042 64.82243679224561 56.842453425467504 42.582198361204874 49.87693321105594 54.19479984947031 75.26076545168621 38.62533901806297
1.0214549767470693 2291.530828256483 0.0 1.2145529249300357 3140.098625796114 0.0 f_swap_t 100 1576.844666481018 64.82243679224561 56.842453425467504 42.582198361204874 50.44816387894538 54.19479984947031 75.26076545168621 38.62533901806297
1.0214549767470693 2291.530828256483 0.0 1.2018261445804246 3084.170864405261 0.0 t_move_k 100 1579.1518263816833 65.23421242432316 56.842453425467504 42.582198361204874 50.44816387894538 54.19479984947031 75.26076545168621 38.62533901806297
1.0214549767470693 2291.530828256483 0.0 1.2003881333462667 3077.8515324947516 0.0 move_t 100 1582.8597338199615 65.23421242432316 57.27402889121283 42.582198361204874 50.44816387894538 54.19479984947031 75.26076545168621 38.62533901806297
1.0214549767470693 2291.530828256483 0.0 1.1982957401601007 3068.656522945041 0.0 move_t 100 1585.955772638321 65.23421242432316 57.7312886023007 42.582198361204874 50.44816387894538 54.19479984947031 75.26076545168621 38.62533901806297
1.0214549767470693 2291.530828256483 0.0 1.2375637241317259 3241.2194475445835 0.0 f_swap_t 100 1589.876363992691 65.23421242432316 57.7312886023007 42.582198361204874 50.95368224015593 54.19479984947031 75.26076545168621 38.62533901806297
1.0214549767470693 2291.530828256483 0.0 1.227154318556238 3195.475375968437 0.0 t_swap_r_k 100 1592.529141664505 65.23421242432316 57.7312886023007 42.582198361204874 50.95368224015593 54.19479984947031 75.54815779716935 38.62533901806297
1.0214549767470693 2291.530828256483 0.0 1.2264273984571727 3192.2809298686443 0.0 t_swap_r_k 100 1595.2574977874756 65.23421242432316 57.7312886023007 42.582198361204874 50.95368224015593 54.19479984947031 75.83267621919767 38.62533901806297
1.0214549767470693 2291.530828256483 0.0 1.235133051268225 3230.5378699424955 0.0 swap_t 100 1598.583683013916 65.23421242432316 57.7312886023007 42.582198361204874 50.95368224015593 54.662851850975606 75.83267621919767 38.62533901806297
1.0214549767470693 2291.530828256483 0.0 1.226436438289399 3192.3206553581936 0.0 t_move_k 100 1601.3185908794403 65.64187030007993 57.7312886023007 42.582198361204874 50.95368224015593 54.662851850975606 75.83267621919767 38.62533901806297
1.0214549767470693 2291.530828256483 0.0 1.2214118833389396 3170.2402781814862 0.0 swap_t 100 1604.041830778122 65.64187030007993 57.7312886023007 42.582198361204874 50.95368224015593 55.11622333246585 75.83267621919767 38.62533901806297
1.0214549767470693 2291.530828256483 0.0 1.2892559608447451 3476.7851882305 0.0 move_t 100 1606.670515537262 65.64187030007993 58.213975716277695 42.582198361204874 50.95368224015593 55.11622333246585 75.83267621919767 38.62533901806297
1.0214549767470693 2291.530828256483 0.0 1.2943158911442474 3463.7415727313332 0.0 move_t 100 1609.0766959190369 65.64187030007993 58.75183595911492 42.582198361204874 50.95368224015593 55.11622333246585 75.83267621919767 38.62533901806297
1.0214549767470693 2291.530828256483 0.0 1.2997864039570508 3514.656648059836 0.0 move_t 100 1612.31556224823 65.64187030007993 59.30431759952377 42.582198361204874 50.95368224015593 55.11622333246585 75.83267621919767 38.62533901806297
1.0214549767470693 2291.530828256483 0.0 1.2800503156357923 3427.9265240144505 0.0 move_t 100 1615.4487228393555 65.64187030007993 59.751274423528535 42.582198361204874 50.95368224015593 55.11622333246585 75.83267621919767 38.62533901806297
1.0214549767470693 2291.530828256483 0.0 1.2710622079183824 3388.4283375159357 0.0 swap_t 100 1619.463474035263 65.64187030007993 59.751274423528535 42.582198361204874 50.95368224015593 55.59506109914119 75.83267621919767 38.62533901806297
1.0214549767470693 2291.530828256483 0.0 1.2639364699368227 3357.114323867654 0.0 move_t 100 1622.8942785263062 65.64187030007993 60.18376167929325 42.582198361204874 50.95368224015593 55.59506109914119 75.83267621919767 38.62533901806297
1.0214549767470693 2291.530828256483 0.0 1.2632085459774312 3353.9154663095615 0.0 t_swap_r_k 100 1624.8727786540985 65.64187030007993 60.18376167929325 42.582198361204874 50.95368224015593 55.59506109914119 76.11434945700569 38.62533901806297
1.0214549767470693 2291.530828256483 0.0 1.2624182145381821 3350.668084143744 0.0 move_t 100 1628.7092311382294 65.64187030007993 60.611924062500314 42.582198361204874 50.95368224015593 55.59506109914119 76.11434945700569 38.62533901806297
1.0214549767470693 2291.530828256483 0.0 1.2276429266188544 3197.622561225743 0.0 t_swap_k 100 1631.4740815162659 65.64187030007993 60.611924062500314 43.426376377592824 50.95368224015593 55.59506109914119 76.11434945700569 38.62533901806297
1.0214549767470693 2291.530828256483 0.0 1.2361379662302414 3234.9539628324364 0.0 t_multiswap_k 100 1633.8754305839539 65.64187030007993 60.611924062500314 43.426376377592824 50.95368224015593 55.59506109914119 76.11434945700569 39.24908562788234
1.0214549767470693 2291.530828256483 0.0 1.2413355937273183 3227.788426138165 0.0 swap_t 100 1638.1170876026154 65.64187030007993 60.611924062500314 43.426376377592824 50.95368224015593 56.04911048814978 76.11434945700569 39.24908562788234
1.0214549767470693 2291.530828256483 0.0 1.251183704477043 3309.007273575361 0.0 move_t 100 1642.5564107894897 65.64187030007993 61.10580482187531 43.426376377592824 50.95368224015593 56.04911048814978 76.11434945700569 39.24908562788234
1.0214549767470693 2291.530828256483 0.0 1.204142985178704 3094.3522067873637 0.0 t_multiswap_k 100 1644.6522552967072 65.64187030007993 61.10580482187531 43.426376377592824 50.95368224015593 56.04911048814978 76.11434945700569 40.056594771603514
1.0214549767470693 2291.530828256483 0.0 1.1876428254043323 3021.842351708409 0.0 move_t 100 1648.8389494419098 65.64187030007993 61.49474677365656 43.426376377592824 50.95368224015593 56.04911048814978 76.11434945700569 40.056594771603514
1.0214549767470693 2291.530828256483 0.0 1.185009252394749 3010.2691306077654 0.0 swap_t 100 1652.7675380706787 65.64187030007993 61.49474677365656 43.426376377592824 50.95368224015593 56.48861938326828 76.11434945700569 40.056594771603514
1.0214549767470693 2291.530828256483 0.0 1.185009252394749 3010.2691306077654 0.0 t_swap_k 100 1657.4306502342224 65.64187030007993 61.49474677365656 43.99211261381689 50.95368224015593 56.48861938326828 76.11434945700569 40.056594771603514
1.0214549767470693 2291.530828256483 0.0 1.185009252394749 3010.2691306077654 0.0 t_swap_r_k 100 1659.788922071457 65.64187030007993 61.49474677365656 43.99211261381689 50.95368224015593 56.48861938326828 76.39320596243563 40.056594771603514
1.0214549767470693 2291.530828256483 0.0 1.2642559576679466 3358.518310822937 0.0 f_swap_t 100 1664.1308102607727 65.64187030007993 61.49474677365656 43.99211261381689 51.52414541775437 56.48861938326828 76.39320596243563 40.056594771603514
1.0214549767470693 2291.530828256483 0.0 1.271294290152986 3389.4482215308553 0.0 move_t 100 1667.3808133602142 65.64187030007993 62.00979930591999 43.99211261381689 51.52414541775437 56.48861938326828 76.39320596243563 40.056594771603514
1.0214549767470693 2291.530828256483 0.0 1.254010225549949 3327.289607731292 0.0 move_t 100 1671.1749901771545 65.64187030007993 62.47970131286079 43.99211261381689 51.52414541775437 56.48861938326828 76.39320596243563 40.056594771603514
1.0214549767470693 2291.530828256483 0.0 1.2454435879042878 3275.847462545859 0.0 t_swap_r_k 100 1673.2352068424225 65.64187030007993 62.47970131286079 43.99211261381689 51.52414541775437 56.48861938326828 76.66927390281127 40.056594771603514
1.0214549767470693 2291.530828256483 0.0 1.2317746848975837 3215.779548679723 0.0 t_multiswap_k 100 1675.0806584358215 65.64187030007993 62.47970131286079 43.99211261381689 51.52414541775437 56.48861938326828 76.66927390281127 40.77602882388748
1.0214549767470693 2291.530828256483 0.0 1.2241068498363077 3182.0832926030985 0.0 t_swap_r_k 100 1677.512433052063 65.64187030007993 62.47970131286079 43.99211261381689 51.52414541775437 56.48861938326828 76.94258116378316 40.77602882388748
1.0214549767470693 2291.530828256483 0.0 1.2241068498363077 3182.0832926030985 0.0 t_swap_r_k 100 1679.6541514396667 65.64187030007993 62.47970131286079 43.99211261381689 51.52414541775437 56.48861938326828 77.21315535214532 40.77602882388748
1.0214549767470693 2291.530828256483 0.0 1.2241068498363077 3182.0832926030985 0.0 f_swap_t 100 1683.548715353012 65.64187030007993 62.47970131286079 43.99211261381689 52.00890396357683 56.48861938326828 77.21315535214532 40.77602882388748
1.0214549767470693 2291.530828256483 0.0 1.2241068498363077 3182.0832926030985 0.0 t_swap_r_k 100 1685.4971704483032 65.64187030007993 62.47970131286079 43.99211261381689 52.00890396357683 56.48861938326828 77.48102379862387 40.77602882388748
1.0214549767470693 2291.530828256483 0.0 1.256260896938579 3323.384063472536 0.0 t_swap_k 100 1689.2792663574219 65.64187030007993 62.47970131286079 44.592191487678726 52.00890396357683 56.48861938326828 77.48102379862387 40.77602882388748
1.0214549767470693 2291.530828256483 0.0 1.2404133188769837 3245.740793163011 0.0 move_t 100 1691.7592749595642 65.64187030007993 63.00490429973218 44.592191487678726 52.00890396357683 56.48861938326828 77.48102379862387 40.77602882388748
1.0214549767470693 2291.530828256483 0.0 1.2328378544002914 3220.451640806094 0.0 f_swap_t 100 1694.9714834690094 65.64187030007993 63.00490429973218 44.592191487678726 52.48881492394106 56.48861938326828 77.48102379862387 40.77602882388748
1.0214549767470693 2291.530828256483 0.0 1.2196916268931552 3162.680621348574 0.0 t_move_k 100 1698.3689095973969 66.01545159707914 63.00490429973218 44.592191487678726 52.48881492394106 56.48861938326828 77.48102379862387 40.77602882388748
1.0214549767470693 2291.530828256483 0.0 1.22215451309131 3173.503760260328 0.0 t_move_k 100 1701.5976209640503 66.49529708110835 63.00490429973218 44.592191487678726 52.48881492394106 56.48861938326828 77.48102379862387 40.77602882388748
1.0214549767470693 2291.530828256483 0.0 1.2120646329805544 3129.1638414595845 0.0 t_swap_k 100 1704.8455333709717 66.49529708110835 63.00490429973218 45.176269572801935 52.48881492394106 56.48861938326828 77.48102379862387 40.77602882388748
1.0214549767470693 2291.530828256483 0.0 1.2097985156871247 3119.205402342304 0.0 t_swap_r_k 100 1706.2576508522034 66.49529708110835 63.00490429973218 45.176269572801935 52.48881492394106 56.48861938326828 77.74621356063763 40.77602882388748
1.0214549767470693 2291.530828256483 0.0 1.2097985156871247 3119.205402342304 0.0 swap_t 100 1710.3976249694824 66.49529708110835 63.00490429973218 45.176269572801935 52.48881492394106 56.923733189435595 77.74621356063763 40.77602882388748
1.0214549767470693 2291.530828256483 0.0 1.2097985156871247 3119.205402342304 0.0 move_t 100 1713.8478429317474 66.49529708110835 63.37485525673486 45.176269572801935 52.48881492394106 56.923733189435595 77.74621356063763 40.77602882388748
1.0214549767470693 2291.530828256483 0.0 1.2015188479925887 3082.820451357453 0.0 t_swap_k 100 1717.861700296402 66.49529708110835 63.37485525673486 45.81450687707392 52.48881492394106 56.923733189435595 77.74621356063763 40.77602882388748
1.0214549767470693 2291.530828256483 0.0 1.1955976275277767 3056.7996828518685 0.0 t_move_k 100 1720.3817558288574 66.86034411029726 63.37485525673486 45.81450687707392 52.48881492394106 56.923733189435595 77.74621356063763 40.77602882388748
1.0214549767470693 2291.530828256483 0.0 1.2149500186811348 3141.84365194972 0.0 t_move_k 100 1722.9389550685883 67.2017406691943 63.37485525673486 45.81450687707392 52.48881492394106 56.923733189435595 77.74621356063763 40.77602882388748
1.0214549767470693 2291.530828256483 0.0 1.1981764687525711 3068.1323854461743 0.0 t_move_k 100 1724.608924627304 67.61972326250235 63.37485525673486 45.81450687707392 52.48881492394106 56.923733189435595 77.74621356063763 40.77602882388748
1.0214549767470693 2291.530828256483 0.0 1.1916312022228155 3039.3692501786686 0.0 t_move_k 100 1727.451341867447 68.03352602987732 63.37485525673486 45.81450687707392 52.48881492394106 56.923733189435595 77.74621356063763 40.77602882388748
1.0214549767470693 2291.530828256483 0.0 1.1858483787811234 3013.9566665771717 0.0 swap_t 100 1729.612646818161 68.03352602987732 63.37485525673486 45.81450687707392 52.48881492394106 57.35449585754124 77.74621356063763 40.77602882388748
1.0214549767470693 2291.530828256483 0.0 1.1858483787811234 3013.9566665771717 0.0 t_swap_r_k 100 1731.2741949558258 68.03352602987732 63.37485525673486 45.81450687707392 52.48881492394106 57.35449585754124 78.00875142503125 40.77602882388748
1.0214549767470693 2291.530828256483 0.0 1.17529237202622 2967.568356980353 0.0 t_multiswap_k 100 1731.9915449619293 68.03352602987732 63.37485525673486 45.81450687707392 52.48881492394106 57.35449585754124 78.00875142503125 41.45826853564861
1.0214549767470693 2291.530828256483 0.0 1.1810203504593892 2992.7399245144798 0.0 f_swap_t 100 1734.5377445220947 68.03352602987732 63.37485525673486 45.81450687707392 52.983926774701644 57.35449585754124 78.00875142503125 41.45826853564861
1.0214549767470693 2291.530828256483 0.0 1.169458049854519 2941.9294625127336 0.0 swap_t 100 1736.8361580371857 68.03352602987732 63.37485525673486 45.81450687707392 52.983926774701644 57.78095089896583 78.00875142503125 41.45826853564861
1.0214549767470693 2291.530828256483 0.0 1.166102153895459 2927.181997459126 0.0 t_move_k 100 1738.3471231460571 68.41319076957855 63.37485525673486 45.81450687707392 52.983926774701644 57.78095089896583 78.00875142503125 41.45826853564861
1.0214549767470693 2291.530828256483 0.0 1.1652083508357611 2923.254185170393 0.0 t_swap_k 100 1742.5459587574005 68.41319076957855 63.37485525673486 46.38636180830318 52.983926774701644 57.78095089896583 78.00875142503125 41.45826853564861
1.0214549767470693 2291.530828256483 0.0 1.1648033121835142 2921.4742451954226 0.0 swap_t 100 1744.9842159748077 68.41319076957855 63.37485525673486 46.38636180830318 52.983926774701644 58.20314138997617 78.00875142503125 41.45826853564861
1.0214549767470693 2291.530828256483 0.0 1.1647811287492904 2921.376760224204 0.0 t_move_k 100 1746.3693206310272 68.72905886188276 63.37485525673486 46.38636180830318 52.983926774701644 58.20314138997617 78.00875142503125 41.45826853564861
1.0214549767470693 2291.530828256483 0.0 1.1647811287492904 2921.376760224204 0.0 t_swap_r_k 100 1747.9111914634705 68.72905886188276 63.37485525673486 46.38636180830318 52.983926774701644 58.20314138997617 78.26866391078093 41.45826853564861
1.0214549767470693 2291.530828256483 0.0 1.1647811287492904 2921.376760224204 0.0 swap_t 100 1750.4532392024994 68.72905886188276 63.37485525673486 46.38636180830318 52.983926774701644 58.621109976076404 78.26866391078093 41.45826853564861
1.0214549767470693 2291.530828256483 0.0 1.1647811287492904 2921.376760224204 0.0 t_swap_r_k 100 1752.2501075267792 68.72905886188276 63.37485525673486 46.38636180830318 52.983926774701644 58.621109976076404 78.52597727167313 41.45826853564861
1.0214549767470693 2291.530828256483 0.0 1.1629493113730653 2913.3268495386415 0.0 t_multiswap_k 100 1753.1313543319702 68.72905886188276 63.37485525673486 46.38636180830318 52.983926774701644 58.621109976076404 78.52597727167313 42.07368585029212
1.0214549767470693 2291.530828256483 0.0 1.2359289565048703 3234.0354708236323 0.0 t_move_k 100 1754.479379415512 69.14176827326393 63.37485525673486 46.38636180830318 52.983926774701644 58.621109976076404 78.52597727167313 42.07368585029212
1.0214549767470693 2291.530828256483 0.0 1.2049490040747215 3097.894252085126 0.0 t_move_k 100 1756.6716768741608 69.54035059053129 63.37485525673486 46.38636180830318 52.983926774701644 58.621109976076404 78.52597727167313 42.07368585029212
1.0214549767470693 2291.530828256483 0.0 1.2006476154257657 3078.991824966906 0.0 t_swap_r_k 100 1758.910367488861 69.54035059053129 63.37485525673486 46.38636180830318 52.983926774701644 58.621109976076404 78.78071749895639 42.07368585029212
1.0214549767470693 2291.530828256483 0.0 1.2006476154257657 3078.991824966906 0.0 move_t 100 1761.5397293567657 69.54035059053129 63.741106704167514 46.38636180830318 52.983926774701644 58.621109976076404 78.78071749895639 42.07368585029212
1.0214549767470693 2291.530828256483 0.0 1.2006476154257657 3078.991824966906 0.0 move_t 100 1764.5405089855194 69.54035059053129 64.10369563712584 46.38636180830318 52.983926774701644 58.621109976076404 78.78071749895639 42.07368585029212
1.0214549767470693 2291.530828256483 0.0 1.2705224674884512 3238.902437582587 0.0 swap_t 100 1767.8767683506012 69.54035059053129 64.10369563712584 46.38636180830318 52.983926774701644 59.08489887631564 78.78071749895639 42.07368585029212
1.0214549767470693 2291.530828256483 0.0 1.2477641334606808 3286.0450863446003 0.0 swap_t 100 1771.1730489730835 69.54035059053129 64.10369563712584 46.38636180830318 52.983926774701644 59.524049887552486 78.78071749895639 42.07368585029212
1.0214549767470693 2291.530828256483 0.0 1.2432406473072537 3266.166653049298 0.0 t_swap_r_k 100 1773.1703515052795 69.54035059053129 64.10369563712584 46.38636180830318 52.983926774701644 59.524049887552486 79.03291032396683 42.07368585029212
1.0214549767470693 2291.530828256483 0.0 1.2432406473072537 3266.166653049298 0.0 f_swap_t 100 1776.417798757553 69.54035059053129 64.10369563712584 46.38636180830318 53.45408750695463 59.524049887552486 79.03291032396683 42.07368585029212
1.0214549767470693 2291.530828256483 0.0 1.233995462132349 3225.5387411758834 0.0 t_move_k 100 1778.8998708724976 69.93494708462597 64.10369563712584 46.38636180830318 53.45408750695463 59.524049887552486 79.03291032396683 42.07368585029212
1.0214549767470693 2291.530828256483 0.0 1.2266598794850798 3193.302566378391 0.0 t_swap_r_k 100 1781.3142557144165 69.93494708462597 64.10369563712584 46.38636180830318 53.45408750695463 59.524049887552486 79.28258122072717 42.07368585029212
1.0214549767470693 2291.530828256483 0.0 1.2252869564141817 3187.2692640184955 0.0 t_multiswap_k 100 1782.9445362091064 69.93494708462597 64.10369563712584 46.38636180830318 53.45408750695463 59.524049887552486 79.28258122072717 42.6829489917892
1.0214549767470693 2291.530828256483 0.0 1.2231109888816516 3177.70698749525 0.0 t_swap_r_k 100 1784.96311378479 69.93494708462597 64.10369563712584 46.38636180830318 53.45408750695463 59.524049887552486 79.52975540851989 42.6829489917892
1.0214549767470693 2291.530828256483 0.0 1.2059426595532117 3102.2608652409353 0.0 t_move_k 100 1786.9572367668152 70.32559761377972 64.10369563712584 46.38636180830318 53.45408750695463 59.524049887552486 79.52975540851989 42.6829489917892
1.0214549767470693 2291.530828256483 0.0 1.19769685446273 3066.024723270431 0.0 t_multiswap_k 100 1788.4320385456085 70.32559761377972 64.10369563712584 46.38636180830318 53.45408750695463 59.524049887552486 79.52975540851989 43.31611950187131
1.0214549767470693 2291.530828256483 0.0 1.1937855798846913 3048.8366501423093 0.0 t_swap_r_k 100 1790.4559507369995 70.32559761377972 64.10369563712584 46.38636180830318 53.45408750695463 59.524049887552486 79.77445785443469 43.31611950187131
1.0214549767470693 2291.530828256483 0.0 1.2676587304663833 3373.471775871468 0.0 t_swap_k 100 1794.48220038414 70.32559761377972 64.10369563712584 46.99249819022015 53.45408750695463 59.524049887552486 79.77445785443469 43.31611950187131
1.0214549767470693 2291.530828256483 0.0 1.2247208940820342 3184.7817064292994 0.0 t_swap_k 100 1798.4121615886688 70.32559761377972 64.10369563712584 47.64257320831795 53.45408750695463 59.524049887552486 79.77445785443469 43.31611950187131
1.0214549767470693 2291.530828256483 0.0 1.2648545192030265 3361.148685968267 0.0 t_swap_k 100 1802.6083579063416 70.32559761377972 64.10369563712584 48.38614747623477 53.45408750695463 59.524049887552486 79.77445785443469 43.31611950187131
1.0214549767470693 2291.530828256483 0.0 1.2502520525499765 3296.978232149236 0.0 t_swap_r_k 100 1805.177139043808 70.32559761377972 64.10369563712584 48.38614747623477 53.45408750695463 59.524049887552486 80.01671327589034 43.31611950187131
1.0214549767470693 2291.530828256483 0.0 1.2535960973462315 3311.673617337603 0.0 t_move_k 100 1807.3143999576569 70.76234163764192 64.10369563712584 48.38614747623477 53.45408750695463 59.524049887552486 80.01671327589034 43.31611950187131
1.0214549767470693 2291.530828256483 0.0 1.2413610275026812 3257.906674873525 0.0 t_move_k 100 1809.6805012226105 71.0847182212655 64.10369563712584 48.38614747623477 53.45408750695463 59.524049887552486 80.01671327589034 43.31611950187131
1.0214549767470693 2291.530828256483 0.0 1.2356238212615824 3232.694555791727 0.0 t_swap_r_k 100 1812.1990096569061 71.0847182212655 64.10369563712584 48.38614747623477 53.45408750695463 59.524049887552486 80.25654614313143 43.31611950187131
1.0214549767470693 2291.530828256483 0.0 1.2364759548353494 3233.8062382904764 0.0 move_t 100 1815.623283147812 71.0847182212655 64.50265868075458 48.38614747623477 53.45408750695463 59.524049887552486 80.25654614313143 43.31611950187131
1.0214549767470693 2291.530828256483 0.0 1.2319540409267533 3216.5677276949855 0.0 move_t 100 1818.316975593567 71.0847182212655 64.91763209394703 48.38614747623477 53.45408750695463 59.524049887552486 80.25654614313143 43.31611950187131
1.0214549767470693 2291.530828256483 0.0 1.203816878612185 3092.9191333988674 0.0 t_multiswap_k 100 1819.6831798553467 71.0847182212655 64.91763209394703 48.38614747623477 53.45408750695463 59.524049887552486 80.25654614313143 43.9429583068526
1.0214549767470693 2291.530828256483 0.0 1.2577267149339222 3329.8255920315232 0.0 t_move_k 100 1822.8250370025635 71.50387103905285 64.91763209394703 48.38614747623477 53.45408750695463 59.524049887552486 80.25654614313143 43.9429583068526
1.0214549767470693 2291.530828256483 0.0 1.2294003096109973 3205.3453704482595 0.0 t_move_k 100 1825.5086698532104 71.93883232866233 64.91763209394703 48.38614747623477 53.45408750695463 59.524049887552486 80.25654614313143 43.9429583068526
1.0214549767470693 2291.530828256483 0.0 1.2264070155796891 3192.191357433429 0.0 t_swap_r_k 100 1827.984613418579 71.93883232866233 64.91763209394703 48.38614747623477 53.45408750695463 59.524049887552486 80.49398068170012 43.9429583068526
1.0214549767470693 2291.530828256483 0.0 1.2264070155796891 3192.191357433429 0.0 t_swap_r_k 100 1830.1782972812653 71.93883232866233 64.91763209394703 48.38614747623477 53.45408750695463 59.524049887552486 80.72904087488313 43.9429583068526
1.0214549767470693 2291.530828256483 0.0 1.2264070155796891 3192.191357433429 0.0 t_swap_r_k 100 1832.2657809257507 71.93883232866233 64.91763209394703 48.38614747623477 53.45408750695463 59.524049887552486 80.96175046613429 43.9429583068526
1.0214549767470693 2291.530828256483 0.0 1.2187090980028799 3158.3629039192306 0.0 move_t 100 1834.2248339653015 71.93883232866233 65.38845577300756 48.38614747623477 53.45408750695463 59.524049887552486 80.96175046613429 43.9429583068526
1.0214549767470693 2291.530828256483 0.0 1.196829163928246 3062.211662320164 0.0 t_move_k 100 1836.349952697754 72.27944400537571 65.38845577300756 48.38614747623477 53.45408750695463 59.524049887552486 80.96175046613429 43.9429583068526
1.0214549767470693 2291.530828256483 0.0 1.204128719170407 3094.2895148978128 0.0 t_move_k 100 1838.603587627411 72.56664956532195 65.38845577300756 48.38614747623477 53.45408750695463 59.524049887552486 80.96175046613429 43.9429583068526
1.0214549767470693 2291.530828256483 0.0 1.204128719170407 3094.2895148978128 0.0 swap_t 100 1842.5537402629852 72.56664956532195 65.38845577300756 48.38614747623477 53.45408750695463 59.92880938867696 80.96175046613429 43.9429583068526
1.0214549767470693 2291.530828256483 0.0 1.2316286524983924 3215.137810160401 0.0 f_swap_t 100 1845.8565635681152 72.56664956532195 65.38845577300756 48.38614747623477 53.95954663188508 59.92880938867696 80.96175046613429 43.9429583068526
1.0214549767470693 2291.530828256483 0.0 1.2316688598904624 3215.314501308363 0.0 t_move_k 100 1848.6196098327637 72.98098306966874 65.38845577300756 48.38614747623477 53.95954663188508 59.92880938867696 80.96175046613429 43.9429583068526
1.0214549767470693 2291.530828256483 0.0 1.223739896213325 3180.4707170652246 0.0 t_swap_r_k 100 1850.4661326408386 72.98098306966874 65.38845577300756 48.38614747623477 53.95954663188508 59.92880938867696 81.19213296147295 43.9429583068526
1.0214549767470693 2291.530828256483 0.0 1.2231987775364423 3178.092774222379 0.0 swap_t 100 1853.6951479911804 72.98098306966874 65.38845577300756 48.38614747623477 53.95954663188508 60.32952129479019 81.19213296147295 43.9429583068526
1.0214549767470693 2291.530828256483 0.0 1.2231987775364423 3178.092774222379 0.0 swap_t 100 1856.9114105701447 72.98098306966874 65.38845577300756 48.38614747623477 53.95954663188508 60.72622608184229 81.19213296147295 43.9429583068526
1.0214549767470693 2291.530828256483 0.0 1.2231987775364423 3178.092774222379 0.0 t_swap_r_k 100 1858.7296288013458 72.98098306966874 65.38845577300756 48.38614747623477 53.95954663188508 60.72622608184229 81.42021163185822 43.9429583068526
1.0214549767470693 2291.530828256483 0.0 1.2355300657007948 3232.282547531291 0.0 move_t 100 1862.096419095993 72.98098306966874 65.87457121527748 48.38614747623477 53.95954663188508 60.72622608184229 81.42021163185822 43.9429583068526
1.0214549767470693 2291.530828256483 0.0 1.2456807096756881 3247.4238976315723 0.0 move_t 100 1864.9183237552643 72.98098306966874 66.22582550312471 48.38614747623477 53.95954663188508 60.72622608184229 81.42021163185822 43.9429583068526
1.0214549767470693 2291.530828256483 0.0 1.2229753843822326 3177.111074320142 0.0 t_swap_k 100 1868.3017435073853 72.98098306966874 66.22582550312471 49.08228600147242 53.95954663188508 60.72622608184229 81.42021163185822 43.9429583068526
1.0214549767470693 2291.530828256483 0.0 1.2061413604339446 3103.1340550926116 0.0 t_multiswap_k 100 1870.100087404251 72.98098306966874 66.22582550312471 49.08228600147242 53.95954663188508 60.72622608184229 81.42021163185822 44.563528723784074
1.0214549767470693 2291.530828256483 0.0 1.1971581855667752 3063.6575459754636 0.0 swap_t 100 1872.957587480545 72.98098306966874 66.22582550312471 49.08228600147242 53.95954663188508 61.11896382102387 81.42021163185822 44.563528723784074
1.0214549767470693 2291.530828256483 0.0 1.2614868627978222 3346.3495397032484 0.0 f_swap_t 100 1876.6527523994446 72.98098306966874 66.22582550312471 49.08228600147242 54.45995116556623 61.11896382102387 81.42021163185822 44.563528723784074
1.0214549767470693 2291.530828256483 0.0 1.2451610130478312 3274.605689001189 0.0 t_swap_r_k 100 1878.7260267734528 72.98098306966874 66.22582550312471 49.08228600147242 54.45995116556623 61.11896382102387 81.64600951553965 44.563528723784074
1.0214549767470693 2291.530828256483 0.0 1.2376447042536676 3241.5753142141525 0.0 t_multiswap_k 100 1880.3767693042755 72.98098306966874 66.22582550312471 49.08228600147242 54.45995116556623 61.11896382102387 81.64600951553965 45.23789343654623
1.0214549767470693 2291.530828256483 0.0 1.235061784816299 3230.2246899386764 0.0 t_swap_r_k 100 1882.5445675849915 72.98098306966874 66.22582550312471 49.08228600147242 54.45995116556623 61.11896382102387 81.86954942038425 45.23789343654623
1.0214549767470693 2291.530828256483 0.0 1.235061784816299 3230.2246899386764 0.0 t_swap_r_k 100 1884.440179824829 72.98098306966874 66.22582550312471 49.08228600147242 54.45995116556623 61.11896382102387 82.0908539261804 45.23789343654623
1.0214549767470693 2291.530828256483 0.0 1.2512257551179053 3328.5652354711374 0.0 move_t 100 1887.4932641983032 72.98098306966874 66.66356724809346 49.08228600147242 54.45995116556623 61.11896382102387 82.0908539261804 45.23789343654623
1.0214549767470693 2291.530828256483 0.0 1.2342127605972188 3226.493658001663 0.0 t_move_k 100 1889.6559653282166 73.31117323897205 66.66356724809346 49.08228600147242 54.45995116556623 61.11896382102387 82.0908539261804 45.23789343654623
1.0214549767470693 2291.530828256483 0.0 1.220938373536564 3168.1594421400036 0.0 move_t 100 1893.4007561206818 73.31117323897205 67.05693157561252 49.08228600147242 54.45995116556623 61.11896382102387 82.0908539261804 45.23789343654623
1.0214549767470693 2291.530828256483 0.0 1.2101364200258151 3120.6903209712154 0.0 t_move_k 100 1895.934902191162 73.76806150658233 67.05693157561252 49.08228600147242 54.45995116556623 61.11896382102387 82.0908539261804 45.23789343654623
1.0214549767470693 2291.530828256483 0.0 1.2022307932149316 3081.446612988207 0.0 move_t 100 1898.40687084198 73.76806150658233 67.4163622598564 49.08228600147242 54.45995116556623 61.11896382102387 82.0908539261804 45.23789343654623
1.0214549767470693 2291.530828256483 0.0 1.201206220797678 3081.446612988207 0.0 t_swap_r_k 100 1900.7789118289948 73.76806150658233 67.4163622598564 49.08228600147242 54.45995116556623 61.11896382102387 82.3399453869186 45.23789343654623
1.0214549767470693 2291.530828256483 0.0 1.201206220797678 3081.446612988207 0.0 t_swap_k 100 1903.8436799049377 73.76806150658233 67.4163622598564 49.591463141457695 54.45995116556623 61.11896382102387 82.3399453869186 45.23789343654623
1.0214549767470693 2291.530828256483 0.0 1.201206220797678 3081.446612988207 0.0 move_t 100 1906.2522654533386 73.76806150658233 67.74219863725783 49.591463141457695 54.45995116556623 61.11896382102387 82.3399453869186 45.23789343654623
1.0214549767470693 2291.530828256483 0.0 1.2299494327750806 3207.7584889630275 0.0 t_move_k 100 1909.0159776210785 74.1503808915165 67.74219863725783 49.591463141457695 54.45995116556623 61.11896382102387 82.3399453869186 45.23789343654623
1.0214549767470693 2291.530828256483 0.0 1.222243060386706 3173.892880829134 0.0 swap_t 100 1912.7969748973846 74.1503808915165 67.74219863725783 49.591463141457695 54.45995116556623 61.50777418281363 82.3399453869186 45.23789343654623
1.0214549767470693 2291.530828256483 0.0 1.222243060386706 3173.892880829134 0.0 swap_t 100 1916.420706987381 74.1503808915165 67.74219863725783 49.591463141457695 54.45995116556623 61.89269644098549 82.3399453869186 45.23789343654623
1.0214549767470693 2291.530828256483 0.0 1.222243060386706 3173.892880829134 0.0 f_swap_t 100 1919.8038959503174 74.1503808915165 67.74219863725783 49.591463141457695 54.91535165391057 61.89269644098549 82.3399453869186 45.23789343654623
1.0214549767470693 2291.530828256483 0.0 1.222243060386706 3173.892880829134 0.0 f_swap_t 100 1922.7606472969055 74.1503808915165 67.74219863725783 49.591463141457695 55.36619813737146 61.89269644098549 82.3399453869186 45.23789343654623
1.0214549767470693 2291.530828256483 0.0 1.218483605841294 3158.905266643136 0.0 move_t 100 1925.0093779563904 74.1503808915165 68.12477665088525 49.591463141457695 55.36619813737146 61.89269644098549 82.3399453869186 45.23789343654623
1.0214549767470693 2291.530828256483 0.0 1.2153781516279585 3143.725079666373 0.0 swap_t 100 1927.7140967845917 74.1503808915165 68.12477665088525 49.591463141457695 55.36619813737146 62.27376947657564 82.3399453869186 45.23789343654623
1.0214549767470693 2291.530828256483 0.0 1.20720760762596 3107.819672106542 0.0 t_swap_k 100 1931.1309957504272 74.1503808915165 68.12477665088525 50.18554851004312 55.36619813737146 62.27376947657564 82.3399453869186 45.23789343654623
1.0214549767470693 2291.530828256483 0.0 1.2039126456276543 3093.3399809850716 0.0 move_t 100 1932.6514372825623 74.1503808915165 68.4435288843764 50.18554851004312 55.36619813737146 62.27376947657564 82.3399453869186 45.23789343654623
1.0214549767470693 2291.530828256483 0.0 1.2016193666934405 3083.262180197122 0.0 t_swap_k 100 1935.8360471725464 74.1503808915165 68.4435288843764 50.77369302494269 55.36619813737146 62.27376947657564 82.3399453869186 45.23789343654623
1.0214549767470693 2291.530828256483 0.0 1.1919088069956219 3044.38395844902 0.0 swap_t 100 1939.1293258666992 74.1503808915165 68.4435288843764 50.77369302494269 55.36619813737146 62.68103178180988 82.3399453869186 45.23789343654623
1.0214549767470693 2291.530828256483 0.0 1.1912430500841695 3037.6635178883957 0.0 f_swap_t 100 1942.424467086792 74.1503808915165 68.4435288843764 50.77369302494269 55.81253615599775 62.68103178180988 82.3399453869186 45.23789343654623
1.0214549767470693 2291.530828256483 0.0 1.1912430500841695 3037.6635178883957 0.0 move_t 100 1944.8571043014526 74.1503808915165 68.75909359553265 50.77369302494269 55.81253615599775 62.68103178180988 82.3399453869186 45.23789343654623
1.0214549767470693 2291.530828256483 0.0 1.1912430500841695 3037.6635178883957 0.0 f_swap_t 100 1948.239138841629 74.1503808915165 68.75909359553265 50.77369302494269 56.25441079443777 62.68103178180988 82.3399453869186 45.23789343654623
1.0214549767470693 2291.530828256483 0.0 1.1912430500841695 3037.6635178883957 0.0 t_multiswap_k 100 1949.2561492919922 74.1503808915165 68.75909359553265 50.77369302494269 56.25441079443777 62.68103178180988 82.3399453869186 45.78551450218077
1.0214549767470693 2291.530828256483 0.0 1.1912430500841695 3037.6635178883957 0.0 t_multiswap_k 100 1951.1784932613373 74.1503808915165 68.75909359553265 50.77369302494269 56.25441079443777 62.68103178180988 82.3399453869186 46.32765935715896
1.0214549767470693 2291.530828256483 0.0 1.1857878854002422 3013.6908287706947 0.0 t_multiswap_k 100 1952.7899658679962 74.1503808915165 68.75909359553265 50.77369302494269 56.25441079443777 62.68103178180988 82.3399453869186 46.95438276358737
1.0214549767470693 2291.530828256483 0.0 1.1752247749521694 2967.271302036025 0.0 f_swap_t 100 1956.206294298172 74.1503808915165 68.75909359553265 50.77369302494269 56.69186668649339 62.68103178180988 82.3399453869186 46.95438276358737
1.0214549767470693 2291.530828256483 0.0 1.1752247749521694 2967.271302036025 0.0 t_move_k 100 1958.8140914440155 74.40887708260134 68.75909359553265 50.77369302494269 56.69186668649339 62.68103178180988 82.3399453869186 46.95438276358737
1.0214549767470693 2291.530828256483 0.0 1.2004371548074297 3078.0669570175014 0.0 move_t 100 1961.5530495643616 74.40887708260134 69.15150265957732 50.77369302494269 56.69186668649339 62.68103178180988 82.3399453869186 46.95438276358737
1.0214549767470693 2291.530828256483 0.0 1.1951185209950341 3054.694252011708 0.0 t_swap_r_k 100 1963.9044725894928 74.40887708260134 69.15150265957732 50.77369302494269 56.69186668649339 62.68103178180988 82.55654593304942 46.95438276358737
1.0214549767470693 2291.530828256483 0.0 1.1837341357056985 3004.6656378176285 0.0 t_move_k 100 1965.8100419044495 74.75478831177533 69.15150265957732 50.77369302494269 56.69186668649339 62.68103178180988 82.55654593304942 46.95438276358737
1.0214549767470693 2291.530828256483 0.0 1.1783719761556477 2981.1016592137157 0.0 swap_t 100 1969.8361999988556 74.75478831177533 69.15150265957732 50.77369302494269 56.69186668649339 63.05422146399178 82.55654593304942 46.95438276358737
1.0214549767470693 2291.530828256483 0.0 1.1752940861533903 2967.5758897021205 0.0 t_swap_k 100 1973.8205528259277 74.75478831177533 69.15150265957732 51.35595609469326 56.69186668649339 63.05422146399178 82.55654593304942 46.95438276358737
1.0214549767470693 2291.530828256483 0.0 1.1705468042385638 2946.7139872496564 0.0 f_swap_t 100 1977.0580468177795 74.75478831177533 69.15150265957732 51.35595609469326 57.124948019628455 63.05422146399178 82.55654593304942 46.95438276358737
1.0214549767470693 2291.530828256483 0.0 1.170341975969485 2945.813870625935 0.0 move_t 100 1980.0812056064606 74.75478831177533 69.45998763298155 51.35595609469326 57.124948019628455 63.05422146399178 82.55654593304942 46.95438276358737
1.0214549767470693 2291.530828256483 0.0 1.170341975969485 2945.813870625935 0.0 t_move_k 100 1982.4642925262451 75.00724042865758 69.45998763298155 51.35595609469326 57.124948019628455 63.05422146399178 82.55654593304942 46.95438276358737
1.0214549767470693 2291.530828256483 0.0 1.170341975969485 2945.813870625935 0.0 move_t 100 1985.1059274673462 75.00724042865758 69.76538775665173 51.35595609469326 57.124948019628455 63.05422146399178 82.55654593304942 46.95438276358737
1.0214549767470693 2291.530828256483 0.0 1.170341975969485 2945.813870625935 0.0 swap_t 100 1988.8017773628235 75.00724042865758 69.76538775665173 51.35595609469326 57.124948019628455 63.42367924935186 82.55654593304942 46.95438276358737
1.0214549767470693 2291.530828256483 0.0 1.1700637853000162 2944.591363365197 0.0 move_t 100 1991.2311310768127 75.00724042865758 70.09773387908521 51.35595609469326 57.124948019628455 63.42367924935186 82.55654593304942 46.95438276358737
1.0214549767470693 2291.530828256483 0.0 1.1700637853000162 2944.591363365197 0.0 swap_t 100 1993.9314312934875 75.00724042865758 70.09773387908521 51.35595609469326 57.124948019628455 63.789442456858346 82.55654593304942 46.95438276358737
1.0214549767470693 2291.530828256483 0.0 1.1700637853000162 2944.591363365197 0.0 move_t 100 1996.3247401714325 75.00724042865758 70.39675654029436 51.35595609469326 57.124948019628455 63.789442456858346 82.55654593304942 46.95438276358737
1.0214549767470693 2291.530828256483 0.0 1.1700637853000162 2944.591363365197 0.0 t_swap_r_k 100 1998.374498128891 75.00724042865758 70.39675654029436 51.35595609469326 57.124948019628455 63.789442456858346 82.77098047371892 46.95438276358737
1.0214549767470693 2291.530828256483 0.0 1.1700637853000162 2944.591363365197 0.0 move_t 100 2000.494380235672 75.00724042865758 70.69278897489141 51.35595609469326 57.124948019628455 63.789442456858346 82.77098047371892 46.95438276358737
1.0214549767470693 2291.530828256483 0.0 1.1700637853000162 2944.591363365197 0.0 f_swap_t 100 2003.2456126213074 75.00724042865758 70.69278897489141 51.35595609469326 57.55369853943217 63.789442456858346 82.77098047371892 46.95438276358737
1.0214549767470693 2291.530828256483 0.0 1.1841736981041526 2966.9362041734285 0.0 move_t 100 2006.0416293144226 75.00724042865758 70.9958610851425 51.35595609469326 57.55369853943217 63.789442456858346 82.77098047371892 46.95438276358737
1.0214549767470693 2291.530828256483 0.0 1.1878038824952335 3022.550116147079 0.0 t_swap_k 100 2009.7614488601685 75.00724042865758 70.9958610851425 52.00239653374633 57.55369853943217 63.789442456858346 82.77098047371892 46.95438276358737
1.0214549767470693 2291.530828256483 0.0 1.180821460464445 2991.8659036015147 0.0 t_multiswap_k 100 2010.6980175971985 75.00724042865758 70.9958610851425 52.00239653374633 57.55369853943217 63.789442456858346 82.77098047371892 47.544838935951496
1.0214549767470693 2291.530828256483 0.0 1.1778007517535916 2978.591416938669 0.0 t_multiswap_k 100 2011.5184512138367 75.00724042865758 70.9958610851425 52.00239653374633 57.55369853943217 63.789442456858346 82.77098047371892 48.099390546591984
1.0214549767470693 2291.530828256483 0.0 1.1755934228877862 2968.891323220805 0.0 t_swap_r_k 100 2013.7025179862976 75.00724042865758 70.9958610851425 52.00239653374633 57.55369853943217 63.789442456858346 82.98327066898173 48.099390546591984
1.0214549767470693 2291.530828256483 0.0 1.1746285599257482 2964.651238609195 0.0 t_multiswap_k 100 2015.112045288086 75.00724042865758 70.9958610851425 52.00239653374633 57.55369853943217 63.789442456858346 82.98327066898173 48.64839664112606
1.0214549767470693 2291.530828256483 0.0 1.2046404597427005 3070.2189267743543 0.0 move_t 100 2018.0077967643738 75.00724042865758 71.30590247429107 52.00239653374633 57.55369853943217 63.789442456858346 82.98327066898173 48.64839664112606
1.0214549767470693 2291.530828256483 0.0 1.1871343606001736 3019.6079061171868 0.0 t_multiswap_k 100 2020.0718212127686 75.00724042865758 71.30590247429107 52.00239653374633 57.55369853943217 63.789442456858346 82.98327066898173 49.2219126747148
1.0214549767470693 2291.530828256483 0.0 1.1852064459466924 2993.9192183640653 0.0 move_t 100 2022.7324476242065 75.00724042865758 71.62284344954816 52.00239653374633 57.55369853943217 63.789442456858346 82.98327066898173 49.2219126747148
1.0214549767470693 2291.530828256483 0.0 1.1833449497183932 3002.9553622855033 0.0 t_move_k 100 2025.3847858905792 75.30716802437101 71.62284344954816 52.00239653374633 57.55369853943217 63.789442456858346 82.98327066898173 49.2219126747148
1.0214549767470693 2291.530828256483 0.0 1.2065367167823333 3104.8714462402254 0.0 t_swap_k 100 2028.658762216568 75.30716802437101 71.62284344954816 52.612372568408865 57.55369853943217 63.789442456858346 82.98327066898173 49.2219126747148
1.0214549767470693 2291.530828256483 0.0 1.1991971347738835 3089.638920647548 0.0 move_t 100 2031.875274181366 75.30716802437101 72.03661501505267 52.612372568408865 57.55369853943217 63.789442456858346 82.98327066898173 49.2219126747148
1.0214549767470693 2291.530828256483 0.0 1.1933441913376583 3046.896970768502 0.0 swap_t 100 2035.1461222171783 75.30716802437101 72.03661501505267 52.612372568408865 57.55369853943217 64.15154803228977 82.98327066898173 49.2219126747148
1.0214549767470693 2291.530828256483 0.0 1.229746448444951 3206.866475518173 0.0 t_multiswap_k 100 2037.7390270233154 75.30716802437101 72.03661501505267 52.612372568408865 57.55369853943217 64.15154803228977 82.98327066898173 49.88969354796765
1.0214549767470693 2291.530828256483 0.0 1.2507051474271278 3298.9693549218955 0.0 t_swap_k 100 2042.0432028770447 75.30716802437101 72.03661501505267 53.216248842724774 57.55369853943217 64.15154803228977 82.98327066898173 49.88969354796765
1.0214549767470693 2291.530828256483 0.0 1.2367610880451938 3237.6922679832087 0.0 f_swap_t 100 2045.750559091568 75.30716802437101 72.03661501505267 53.216248842724774 57.97816155403785 64.15154803228977 82.98327066898173 49.88969354796765
1.0214549767470693 2291.530828256483 0.0 1.233378460748137 3222.827332222 0.0 t_swap_r_k 100 2048.2069251537323 75.30716802437101 72.03661501505267 53.216248842724774 57.97816155403785 64.15154803228977 83.19343796229191 49.88969354796765
1.0214549767470693 2291.530828256483 0.0 1.239857181864083 3251.298034059922 0.0 t_move_k 100 2051.430109500885 75.6240963441273 72.03661501505267 53.216248842724774 57.97816155403785 64.15154803228977 83.19343796229191 49.88969354796765
1.0214549767470693 2291.530828256483 0.0 1.2297263451830664 3206.778131852063 0.0 t_swap_r_k 100 2054.007086753845 75.6240963441273 72.03661501505267 53.216248842724774 57.97816155403785 64.15154803228977 83.401503582669 49.88969354796765
1.0214549767470693 2291.530828256483 0.0 1.2192342449038196 3160.670658886637 0.0 move_t 100 2057.6617708206177 75.6240963441273 72.37624886490215 53.216248842724774 57.97816155403785 64.15154803228977 83.401503582669 49.88969354796765
1.0214549767470693 2291.530828256483 0.0 1.2260243035625626 3191.613789196334 0.0 move_t 100 2060.9753963947296 75.6240963441273 72.69248637625313 53.216248842724774 57.97816155403785 64.15154803228977 83.401503582669 49.88969354796765
1.0214549767470693 2291.530828256483 0.0 1.2177720266890346 3154.24494954214 0.0 t_swap_k 100 2065.086215019226 75.6240963441273 72.69248637625313 53.74408635429753 57.97816155403785 64.15154803228977 83.401503582669 49.88969354796765
1.0214549767470693 2291.530828256483 0.0 1.208569383246025 3113.8039870593175 0.0 t_move_k 100 2067.858179807663 75.98785538068603 72.69248637625313 53.74408635429753 57.97816155403785 64.15154803228977 83.401503582669 49.88969354796765
1.0214549767470693 2291.530828256483 0.0 1.2118558672439994 3128.2464216581984 0.0 t_swap_k 100 2071.827090024948 75.98785538068603 72.69248637625313 54.276645490754554 57.97816155403785 64.15154803228977 83.401503582669 49.88969354796765
1.0214549767470693 2291.530828256483 0.0 1.2113719063277382 3126.119658258217 0.0 swap_t 100 2075.102972984314 75.98785538068603 72.69248637625313 54.276645490754554 57.97816155403785 64.51003255196687 83.401503582669 49.88969354796765
1.0214549767470693 2291.530828256483 0.0 1.1958564947953294 3057.9372735365414 0.0 move_t 100 2078.350668668747 75.98785538068603 73.0255615124906 54.276645490754554 57.97816155403785 64.51003255196687 83.401503582669 49.88969354796765
1.0214549767470693 2291.530828256483 0.0 1.1919770692530336 3040.889160808665 0.0 t_swap_r_k 100 2080.917149543762 75.98785538068603 73.0255615124906 54.276645490754554 57.97816155403785 64.51003255196687 83.6074885468423 49.88969354796765
1.0214549767470693 2291.530828256483 0.0 1.1919770692530336 3040.889160808665 0.0 swap_t 100 2084.7815084457397 75.98785538068603 73.0255615124906 54.276645490754554 57.97816155403785 64.86493222644721 83.6074885468423 49.88969354796765
1.0214549767470693 2291.530828256483 0.0 1.2106887965875273 3123.1177365227286 0.0 t_move_k 100 2087.1953299045563 76.37797682687916 73.0255615124906 54.276645490754554 57.97816155403785 64.86493222644721 83.6074885468423 49.88969354796765
1.0214549767470693 2291.530828256483 0.0 1.1933395359883066 3046.8765128631567 0.0 t_move_k 100 2089.6369349956512 76.70419705861038 73.0255615124906 54.276645490754554 57.97816155403785 64.86493222644721 83.6074885468423 49.88969354796765
1.0214549767470693 2291.530828256483 0.0 1.2111969465958357 3125.3507987454377 0.0 t_multiswap_k 100 2091.046378850937 76.70419705861038 73.0255615124906 54.276645490754554 57.97816155403785 64.86493222644721 83.6074885468423 50.500796612487974
1.0214549767470693 2291.530828256483 0.0 1.1986123200945542 3070.0477316049582 0.0 t_move_k 100 2093.9917685985565 76.98715508802427 73.0255615124906 54.276645490754554 57.97816155403785 64.86493222644721 83.6074885468423 50.500796612487974
1.0214549767470693 2291.530828256483 0.0 1.1875689734332617 3021.5178096559157 0.0 f_swap_t 100 2097.7629392147064 76.98715508802427 73.0255615124906 54.276645490754554 58.39837993849747 64.86493222644721 83.6074885468423 50.500796612487974
1.0214549767470693 2291.530828256483 0.0 1.1856886893415417 3013.2549122741802 0.0 t_swap_r_k 100 2099.7171108722687 76.98715508802427 73.0255615124906 54.276645490754554 58.39837993849747 64.86493222644721 83.81141366137388 50.500796612487974
1.0214549767470693 2291.530828256483 0.0 1.1856886893415417 3013.2549122741802 0.0 t_swap_k 100 2103.170800447464 76.98715508802427 73.0255615124906 54.73387903584701 58.39837993849747 64.86493222644721 83.81141366137388 50.500796612487974
1.0214549767470693 2291.530828256483 0.0 1.1856886893415417 3013.2549122741802 0.0 t_swap_r_k 100 2105.420634508133 76.98715508802427 73.0255615124906 54.73387903584701 58.39837993849747 64.86493222644721 84.01329952476014 50.500796612487974
1.0214549767470693 2291.530828256483 0.0 1.1972188634872567 3063.9241947401288 0.0 t_move_k 100 2107.6055257320404 77.25728353714402 73.0255615124906 54.73387903584701 58.39837993849747 64.86493222644721 84.01329952476014 50.500796612487974
1.0214549767470693 2291.530828256483 0.0 1.1955531060965905 3056.6040336843844 0.0 t_swap_r_k 100 2109.6065883636475 77.25728353714402 73.0255615124906 54.73387903584701 58.39837993849747 64.86493222644721 84.21316652951253 50.500796612487974
1.0214549767470693 2291.530828256483 0.0 1.208256687161666 3112.4298459557976 0.0 t_multiswap_k 100 2111.145525455475 77.25728353714402 73.0255615124906 54.73387903584701 58.39837993849747 64.86493222644721 84.21316652951253 51.105788646363095
1.0214549767470693 2291.530828256483 0.0 1.2044390278137413 3095.6531644057923 0.0 f_swap_t 100 2115.6081762313843 77.25728353714402 73.0255615124906 54.73387903584701 58.884396139112496 64.86493222644721 84.21316652951253 51.105788646363095
1.0214549767470693 2291.530828256483 0.0 1.2020999846301663 3085.374252893197 0.0 swap_t 100 2119.4045853614807 77.25728353714402 73.0255615124906 54.73387903584701 58.884396139112496 65.21628290418273 84.21316652951253 51.105788646363095
1.0214549767470693 2291.530828256483 0.0 1.2035331793181507 3091.6724185198773 0.0 t_multiswap_k 100 2121.047761440277 77.25728353714402 73.0255615124906 54.73387903584701 58.884396139112496 65.21628290418273 84.21316652951253 51.60473075989946
1.0214549767470693 2291.530828256483 0.0 1.194789134018099 3053.2467628789327 0.0 t_multiswap_k 100 2122.6514744758606 77.25728353714402 73.0255615124906 54.73387903584701 58.884396139112496 65.21628290418273 84.21316652951253 52.18868345230047
1.0214549767470693 2291.530828256483 0.0 1.1842045646448582 3006.7329350238288 0.0 t_swap_r_k 100 2125.338176727295 77.25728353714402 73.0255615124906 54.73387903584701 58.884396139112496 65.21628290418273 84.41103486421741 52.18868345230047
1.0214549767470693 2291.530828256483 0.0 1.1827583730288427 3000.37765447336 0.0 move_t 100 2129.106909751892 77.25728353714402 73.3253058973657 54.73387903584701 58.884396139112496 65.21628290418273 84.41103486421741 52.18868345230047
1.0214549767470693 2291.530828256483 0.0 1.1667550807366918 2930.0512806225825 0.0 t_multiswap_k 100 2131.090319633484 77.25728353714402 73.3253058973657 54.73387903584701 58.884396139112496 65.21628290418273 84.41103486421741 52.72679661777746
1.0214549767470693 2291.530828256483 0.0 1.162059462294583 2909.416412997105 0.0 t_multiswap_k 100 2132.689670085907 77.25728353714402 73.3253058973657 54.73387903584701 58.884396139112496 65.21628290418273 84.41103486421741 53.229528651599686
1.0214549767470693 2291.530828256483 0.0 1.1572342639622861 2916.126271805937 0.0 move_t 100 2135.580413579941 77.25728353714402 73.62205283839204 54.73387903584701 58.884396139112496 65.21628290418273 84.41103486421741 53.229528651599686
1.0214549767470693 2291.530828256483 0.0 1.153492358070252 2871.768323872695 0.0 t_multiswap_k 100 2137.2282252311707 77.25728353714402 73.62205283839204 54.73387903584701 58.884396139112496 65.21628290418273 84.41103486421741 53.69723336508369
1.0214549767470693 2291.530828256483 0.0 1.1531851510560163 2870.418304455545 0.0 t_multiswap_k 100 2138.4854521751404 77.25728353714402 73.62205283839204 54.73387903584701 58.884396139112496 65.21628290418273 84.41103486421741 54.190261031432854
1.0214549767470693 2291.530828256483 0.0 1.15151939366535 2863.0981433998013 0.0 move_t 100 2140.824262857437 77.25728353714402 73.88583231000811 54.73387903584701 58.884396139112496 65.21628290418273 84.41103486421741 54.190261031432854
1.0214549767470693 2291.530828256483 0.0 1.150037961634042 2856.587999051604 0.0 swap_t 100 2145.149047613144 77.25728353714402 73.88583231000811 54.73387903584701 58.884396139112496 65.5641200751409 84.41103486421741 54.190261031432854
1.0214549767470693 2291.530828256483 0.0 1.150037961634042 2856.587999051604 0.0 f_swap_t 100 2150.022957801819 77.25728353714402 73.88583231000811 54.73387903584701 59.29555217772137 65.5641200751409 84.41103486421741 54.190261031432854
1.0214549767470693 2291.530828256483 0.0 1.150037961634042 2856.587999051604 0.0 move_t 100 2152.1013720035553 77.25728353714402 74.14697398690804 54.73387903584701 59.29555217772137 65.5641200751409 84.41103486421741 54.190261031432854
1.0214549767470693 2291.530828256483 0.0 1.150037961634042 2856.587999051604 0.0 swap_t 100 2154.274366378784 77.25728353714402 74.14697398690804 54.73387903584701 59.29555217772137 65.9084788743895 84.41103486421741 54.190261031432854
1.0214549767470693 2291.530828256483 0.0 1.150037961634042 2856.587999051604 0.0 move_t 100 2156.638965845108 77.25728353714402 74.40550424703896 54.73387903584701 59.29555217772137 65.9084788743895 84.41103486421741 54.190261031432854
1.0214549767470693 2291.530828256483 0.0 1.150037961634042 2856.587999051604 0.0 swap_t 100 2160.459566116333 77.25728353714402 74.40550424703896 54.73387903584701 59.29555217772137 66.2493940856456 84.41103486421741 54.190261031432854
1.0214549767470693 2291.530828256483 0.0 1.150037961634042 2856.587999051604 0.0 t_swap_r_k 100 2162.1621322631836 77.25728353714402 74.40550424703896 54.73387903584701 59.29555217772137 66.2493940856456 84.60692451557524 54.190261031432854
1.0214549767470693 2291.530828256483 0.0 1.150037961634042 2856.587999051604 0.0 t_swap_r_k 100 2163.753523349762 77.25728353714402 74.40550424703896 54.73387903584701 59.29555217772137 66.2493940856456 84.80085527041949 54.190261031432854
1.0214549767470693 2291.530828256483 0.0 1.150037961634042 2856.587999051604 0.0 t_multiswap_k 100 2165.392622232437 77.25728353714402 74.40550424703896 54.73387903584701 59.29555217772137 66.2493940856456 84.80085527041949 54.64835842111852
1.0214549767470693 2291.530828256483 0.0 1.150037961634042 2856.587999051604 0.0 t_move_k 100 2167.7804408073425 77.48471070177258 74.40550424703896 54.73387903584701 59.29555217772137 66.2493940856456 84.80085527041949 54.64835842111852
1.0214549767470693 2291.530828256483 0.0 1.150037961634042 2856.587999051604 0.0 t_move_k 100 2170.454157114029 77.70986359475486 74.40550424703896 54.73387903584701 59.29555217772137 66.2493940856456 84.80085527041949 54.64835842111852
1.0214549767470693 2291.530828256483 0.0 1.1481816958562068 2848.430650008966 0.0 f_swap_t 100 2175.0383405685425 77.70986359475486 74.40550424703896 54.73387903584701 59.73259665594416 66.2493940856456 84.80085527041949 54.64835842111852
1.0214549767470693 2291.530828256483 0.0 1.1588580406943958 2895.3477846049864 0.0 move_t 100 2178.181893825531 77.70986359475486 74.70144920456858 54.73387903584701 59.73259665594416 66.2493940856456 84.80085527041949 54.64835842111852
1.0214549767470693 2291.530828256483 0.0 1.1461001968993556 2839.2835150859028 0.0 move_t 100 2181.3954269886017 77.70986359475486 74.9544347125229 54.73387903584701 59.73259665594416 66.2493940856456 84.80085527041949 54.64835842111852
1.0214549767470693 2291.530828256483 0.0 1.1446187648680475 2832.7733707377056 0.0 move_t 100 2183.816348552704 77.70986359475486 75.20489036539767 54.73387903584701 59.73259665594416 66.2493940856456 84.80085527041949 54.64835842111852
1.0214549767470693 2291.530828256483 0.0 1.1446187648680475 2832.7733707377056 0.0 t_swap_r_k 100 2186.5099532604218 77.70986359475486 75.20489036539767 54.73387903584701 59.73259665594416 66.2493940856456 84.9928467177153 54.64835842111852
1.0214549767470693 2291.530828256483 0.0 1.1446187648680475 2832.7733707377056 0.0 move_t 100 2188.862499475479 77.70986359475486 75.4528414617437 54.73387903584701 59.73259665594416 66.2493940856456 84.9928467177153 54.64835842111852
1.0214549767470693 2291.530828256483 0.0 1.1581319927390767 2892.1571711357574 0.0 move_t 100 2191.6178979873657 77.70986359475486 75.73831304712627 54.73387903584701 59.73259665594416 66.2493940856456 84.9928467177153 54.64835842111852
1.0214549767470693 2291.530828256483 0.0 1.1537542949213933 2872.9194038243922 0.0 t_move_k 100 2193.848599910736 77.96276495880731 75.73831304712627 54.73387903584701 59.73259665594416 66.2493940856456 84.9928467177153 54.64835842111852
1.0214549767470693 2291.530828256483 0.0 1.1487694933016663 2851.0137224257714 0.0 t_swap_k 100 2197.4271092414856 77.96276495880731 75.73831304712627 55.19654024548854 59.73259665594416 66.2493940856456 84.9928467177153 54.64835842111852
1.0214549767470693 2291.530828256483 0.0 1.2422553614539062 3274.0131700152388 0.0 swap_t 100 2202.557576417923 77.96276495880731 75.73831304712627 55.19654024548854 59.73259665594416 66.62690014478915 84.9928467177153 54.64835842111852
1.0214549767470693 2291.530828256483 0.0 1.2143248034496297 3140.7284479516557 0.0 move_t 100 2205.9227051734924 77.96276495880731 76.040929916655 55.19654024548854 59.73259665594416 66.62690014478915 84.9928467177153 54.64835842111852
1.0214549767470693 2291.530828256483 0.0 1.2032628383494102 3090.4844067228205 0.0 t_swap_r_k 100 2208.1489889621735 77.96276495880731 76.040929916655 55.19654024548854 59.73259665594416 66.62690014478915 85.18291825053814 54.64835842111852
1.0214549767470693 2291.530828256483 0.0 1.201992043390038 3084.899905748335 0.0 t_swap_r_k 100 2210.38769197464 77.96276495880731 76.040929916655 55.19654024548854 59.73259665594416 66.62690014478915 85.37108906803276 54.64835842111852
1.0214549767470693 2291.530828256483 0.0 1.1964624268376691 3060.6000383326736 0.0 t_multiswap_k 100 2212.0719673633575 77.96276495880731 76.040929916655 55.19654024548854 59.73259665594416 66.62690014478915 85.37108906803276 55.16187483690734
1.0214549767470693 2291.530828256483 0.0 1.2113948498694438 3126.2204835172943 0.0 f_swap_t 100 2215.280602455139 77.96276495880731 76.040929916655 55.19654024548854 60.145270689384716 66.62690014478915 85.37108906803276 55.16187483690734
1.0214549767470693 2291.530828256483 0.0 1.203047424783184 3089.5377730730443 0.0 swap_t 100 2218.453356742859 77.96276495880731 76.040929916655 55.19654024548854 60.145270689384716 66.96063114334126 85.37108906803276 55.16187483690734
1.0214549767470693 2291.530828256483 0.0 1.2297162170508238 3206.7336238344947 0.0 t_swap_k 100 2222.0059230327606 77.96276495880731 76.040929916655 55.79457484303366 60.145270689384716 66.96063114334126 85.37108906803276 55.16187483690734
1.0214549767470693 2291.530828256483 0.0 1.1886275404946942 3026.169676381173 0.0 t_multiswap_k 100 2224.1298429965973 77.96276495880731 76.040929916655 55.79457484303366 60.145270689384716 66.96063114334126 85.37108906803276 55.73025608853826
1.0214549767470693 2291.530828256483 0.0 1.1854620689155917 3012.2590301452633 0.0 t_swap_r_k 100 2226.8850071430206 77.96276495880731 76.040929916655 55.79457484303366 60.145270689384716 66.96063114334126 85.55737817735243 55.73025608853826
1.0214549767470693 2291.530828256483 0.0 1.1854620689155917 3012.2590301452633 0.0 t_swap_r_k 100 2229.2747938632965 77.96276495880731 76.040929916655 55.79457484303366 60.145270689384716 66.96063114334126 85.74180439557891 55.73025608853826
1.0214549767470693 2291.530828256483 0.0 1.1829018551651775 3001.0081858775598 0.0 t_multiswap_k 100 2231.431586742401 77.96276495880731 76.040929916655 55.79457484303366 60.145270689384716 66.96063114334126 85.74180439557891 56.20295352765288
1.0214549767470693 2291.530828256483 0.0 1.1829018551651775 3001.0081858775598 0.0 swap_t 100 2234.7199573516846 77.96276495880731 76.040929916655 55.79457484303366 60.145270689384716 67.29102483190785 85.74180439557891 56.20295352765288
1.0214549767470693 2291.530828256483 0.0 1.1783802653494027 2981.1380860269173 0.0 t_swap_k 100 2238.4609649181366 77.96276495880731 76.040929916655 56.29662909460332 60.145270689384716 67.29102483190785 85.74180439557891 56.20295352765288
1.0214549767470693 2291.530828256483 0.0 1.171156034602835 2949.391246502116 0.0 t_move_k 100 2240.5905928611755 78.21313730921923 76.040929916655 56.29662909460332 60.145270689384716 67.29102483190785 85.74180439557891 56.20295352765288
1.0214549767470693 2291.530828256483 0.0 1.171156034602835 2949.391246502116 0.0 f_swap_t 100 2243.6748046875 78.21313730921923 76.040929916655 56.29662909460332 60.54381798249087 67.29102483190785 85.74180439557891 56.20295352765288
1.0214549767470693 2291.530828256483 0.0 1.171156034602835 2949.391246502116 0.0 swap_t 100 2246.922867536545 78.21313730921923 76.040929916655 56.29662909460332 60.54381798249087 67.61811458358876 85.74180439557891 56.20295352765288
1.0214549767470693 2291.530828256483 0.0 1.280722533115489 3430.8805797751747 0.0 f_swap_t 100 2250.4783265590668 78.21313730921923 76.040929916655 56.29662909460332 61.068379802665966 67.61811458358876 85.74180439557891 56.20295352765288
1.0214549767470693 2291.530828256483 0.0 1.2345626166344152 3228.0310982993624 0.0 t_move_k 100 2252.4059591293335 78.56100593612705 76.040929916655 56.29662909460332 61.068379802665966 67.61811458358876 85.74180439557891 56.20295352765288
1.0214549767470693 2291.530828256483 0.0 1.2319726396681507 3216.649459754663 0.0 t_move_k 100 2254.586541414261 78.88539587676577 76.040929916655 56.29662909460332 61.068379802665966 67.61811458358876 85.74180439557891 56.20295352765288
1.0214549767470693 2291.530828256483 0.0 1.2195479694525548 3162.04931957081 0.0 t_swap_r_k 100 2256.440831422806 78.88539587676577 76.040929916655 56.29662909460332 61.068379802665966 67.61811458358876 85.92438635162313 56.20295352765288
1.0214549767470693 2291.530828256483 0.0 1.2195479694525548 3162.04931957081 0.0 t_swap_r_k 100 2258.6217563152313 78.88539587676577 76.040929916655 56.29662909460332 61.068379802665966 67.61811458358876 86.10514248810689 56.20295352765288
1.0214549767470693 2291.530828256483 0.0 1.2397800573384994 3250.959110785871 0.0 f_swap_t 100 2261.285836458206 78.88539587676577 76.040929916655 56.29662909460332 61.46769600463931 67.61811458358876 86.10514248810689 56.20295352765288
1.0214549767470693 2291.530828256483 0.0 1.260169317624538 3340.5595951887008 0.0 t_swap_k 100 2264.8285100460052 78.88539587676577 76.040929916655 56.98366280365728 61.46769600463931 67.61811458358876 86.10514248810689 56.20295352765288
1.0214549767470693 2291.530828256483 0.0 1.2437949371071828 3268.6024763149026 0.0 f_swap_t 100 2268.622395515442 78.88539587676577 76.040929916655 56.98366280365728 61.88301904459291 67.61811458358876 86.10514248810689 56.20295352765288
1.0214549767470693 2291.530828256483 0.0 1.2380477308277027 3243.346412123255 0.0 t_swap_r_k 100 2270.8711671829224 78.88539587676577 76.040929916655 56.98366280365728 61.88301904459291 67.61811458358876 86.28409106322583 56.20295352765288
1.0214549767470693 2291.530828256483 0.0 1.2380477308277027 3243.346412123255 0.0 t_swap_r_k 100 2272.829656600952 78.88539587676577 76.040929916655 56.98366280365728 61.88301904459291 67.61811458358876 86.46125015259358 56.20295352765288
1.0214549767470693 2291.530828256483 0.0 1.3024931376944182 3526.551373548414 0.0 f_swap_t 100 2276.8656420707703 78.88539587676577 76.040929916655 56.98366280365728 62.39418885414698 67.61811458358876 86.46125015259358 56.20295352765288
1.0214549767470693 2291.530828256483 0.0 1.2689630226457467 3379.2034801821833 0.0 t_swap_k 100 2280.193104505539 78.88539587676577 76.040929916655 57.58382617562071 62.39418885414698 67.61811458358876 86.46125015259358 56.20295352765288
1.0214549767470693 2291.530828256483 0.0 1.2499835369912868 3295.7982421059105 0.0 t_swap_k 100 2284.012379169464 78.88539587676577 76.040929916655 58.1079879138645 62.39418885414698 67.61811458358876 86.46125015259358 56.20295352765288
1.0214549767470693 2291.530828256483 0.0 1.2298210982482898 3207.194523639875 0.0 t_swap_k 100 2287.4766743183136 78.88539587676577 76.040929916655 58.58690803472585 62.39418885414698 67.61811458358876 86.46125015259358 56.20295352765288
1.0214549767470693 2291.530828256483 0.0 1.2454568749304564 3275.905852304206 0.0 t_move_k 100 2290.2738432884216 79.19654191799812 76.040929916655 58.58690803472585 62.39418885414698 67.61811458358876 86.46125015259358 56.20295352765288
1.0214549767470693 2291.530828256483 0.0 1.228941379789478 3203.3286060468945 0.0 swap_t 100 2294.2665841579437 79.19654191799812 76.040929916655 58.58690803472585 62.39418885414698 67.94193343775288 86.46125015259358 56.20295352765288
1.0214549767470693 2291.530828256483 0.0 1.2311829492889912 3213.179170028194 0.0 t_swap_k 100 2297.9103252887726 79.19654191799812 76.040929916655 59.071038954378594 62.39418885414698 67.94193343775288 86.46125015259358 56.20295352765288
1.0214549767470693 2291.530828256483 0.0 1.2311829492889912 3213.179170028194 0.0 swap_t 100 2300.9517579078674 79.19654191799812 76.040929916655 59.071038954378594 62.39418885414698 68.26251410337535 86.46125015259358 56.20295352765288
1.0214549767470693 2291.530828256483 0.0 1.2225457003494893 3175.222830365538 0.0 t_swap_k 100 2304.7639899253845 79.19654191799812 76.040929916655 59.55032856483481 62.39418885414698 68.26251410337535 86.46125015259358 56.20295352765288
1.0214549767470693 2291.530828256483 0.0 1.2205085157993465 3166.2704348421094 0.0 t_swap_r_k 100 2307.4348311424255 79.19654191799812 76.040929916655 59.55032856483481 62.39418885414698 68.26251410337535 86.63663765106764 56.20295352765288
1.0214549767470693 2291.530828256483 0.0 1.217026081598368 3150.966898228655 0.0 t_move_k 100 2310.0335404872894 79.47457649881814 76.040929916655 59.55032856483481 62.39418885414698 68.26251410337535 86.63663765106764 56.20295352765288
1.0214549767470693 2291.530828256483 0.0 1.2143659515411112 3139.2769723382125 0.0 t_swap_r_k 100 2312.076129436493 79.47457649881814 76.040929916655 59.55032856483481 62.39418885414698 68.26251410337535 86.81027127455697 56.20295352765288
1.0214549767470693 2291.530828256483 0.0 1.2143659515411112 3139.2769723382125 0.0 swap_t 100 2314.9821586608887 79.47457649881814 76.040929916655 59.55032856483481 62.39418885414698 68.5798889623416 86.81027127455697 56.20295352765288
1.0214549767470693 2291.530828256483 0.0 1.2143659515411112 3139.2769723382125 0.0 swap_t 100 2318.5831587314606 79.47457649881814 76.040929916655 59.55032856483481 62.39418885414698 68.89409007271819 86.81027127455697 56.20295352765288
1.0214549767470693 2291.530828256483 0.0 1.2086732217011265 3114.2603045395113 0.0 t_swap_k 100 2322.4339854717255 79.47457649881814 76.040929916655 60.01482527918646 62.39418885414698 68.89409007271819 86.81027127455697 56.20295352765288
1.0214549767470693 2291.530828256483 0.0 1.190639001566426 3035.009030230023 0.0 t_move_k 100 2325.665974378586 79.82983073382995 76.040929916655 60.01482527918646 62.39418885414698 68.89409007271819 86.81027127455697 56.20295352765288
1.0214549767470693 2291.530828256483 0.0 1.1805250559608185 2990.5633557537008 0.0 move_t 100 2329.0237119197845 79.82983073382995 76.37052061748845 60.01482527918646 62.39418885414698 68.89409007271819 86.81027127455697 56.20295352765288
1.0214549767470693 2291.530828256483 0.0 1.173175097316201 2958.264005720417 0.0 t_swap_r_k 100 2331.0680730342865 79.82983073382995 76.37052061748845 60.01482527918646 62.39418885414698 68.89409007271819 86.98216856181139 56.20295352765288
1.0214549767470693 2291.530828256483 0.0 1.1696908584178225 2942.952538374853 0.0 t_move_k 100 2334.335241794586 80.12153242649165 76.37052061748845 60.01482527918646 62.39418885414698 68.89409007271819 86.98216856181139 56.20295352765288
1.0214549767470693 2291.530828256483 0.0 1.263667985130469 3462.4216909739503 0.0 swap_t 100 2338.647644996643 80.12153242649165 76.37052061748845 60.01482527918646 62.39418885414698 69.25514917199101 86.98216856181139 56.20295352765288
1.0214549767470693 2291.530828256483 0.0 1.2462008416348467 3279.1752096108353 0.0 move_t 100 2343.252198934555 80.12153242649165 76.76681541131357 60.01482527918646 62.39418885414698 69.25514917199101 86.98216856181139 56.20295352765288
1.0214549767470693 2291.530828256483 0.0 1.221521759331437 3170.7231275842546 0.0 t_multiswap_k 100 2345.586089849472 80.12153242649165 76.76681541131357 60.01482527918646 62.39418885414698 69.25514917199101 86.98216856181139 56.67092399237635
1.0214549767470693 2291.530828256483 0.0 1.2174238431825026 3152.714859170607 0.0 t_swap_r_k 100 2348.7249035835266 80.12153242649165 76.76681541131357 60.01482527918646 62.39418885414698 69.25514917199101 87.15234687619328 56.67092399237635
1.0214549767470693 2291.530828256483 0.0 1.2174238431825026 3152.714859170607 0.0 t_swap_r_k 100 2351.0651745796204 80.12153242649165 76.76681541131357 60.01482527918646 62.39418885414698 69.25514917199101 87.32082340743135 56.67092399237635
1.0214549767470693 2291.530828256483 0.0 1.2174238431825026 3152.714859170607 0.0 swap_t 100 2354.9413845539093 80.12153242649165 76.76681541131357 60.01482527918646 62.39418885414698 69.5625976802711 87.32082340743135 56.67092399237635
1.0214549767470693 2291.530828256483 0.0 1.2174238431825026 3152.714859170607 0.0 t_swap_r_k 100 2356.8429687023163 80.12153242649165 76.76681541131357 60.01482527918646 62.39418885414698 69.5625976802711 87.48761517335703 56.67092399237635
1.0214549767470693 2291.530828256483 0.0 1.2174238431825026 3152.714859170607 0.0 t_swap_r_k 100 2358.7040498256683 80.12153242649165 76.76681541131357 60.01482527918646 62.39418885414698 69.5625976802711 87.65273902162346 56.67092399237635
1.0214549767470693 2291.530828256483 0.0 1.2373994710296718 3158.033471370092 0.0 swap_t 100 2362.63441157341 80.12153242649165 76.76681541131357 60.01482527918646 62.39418885414698 69.87697170346839 87.65273902162346 56.67092399237635
1.0214549767470693 2291.530828256483 0.0 1.2259688587739093 3190.265879927551 0.0 t_swap_r_k 100 2365.0726194381714 80.12153242649165 76.76681541131357 60.01482527918646 62.39418885414698 69.87697170346839 87.81621163140723 56.67092399237635
1.0214549767470693 2291.530828256483 0.0 1.224625381846793 3184.3619784733096 0.0 t_swap_r_k 100 2367.659194469452 80.12153242649165 76.76681541131357 60.01482527918646 62.39418885414698 69.87697170346839 87.97804951509316 56.67092399237635
1.0214549767470693 2291.530828256483 0.0 1.2238384927399744 3180.9039989216667 0.0 move_t 100 2370.9508945941925 80.12153242649165 77.02914725720044 60.01482527918646 62.39418885414698 69.87697170346839 87.97804951509316 56.67092399237635
1.0214549767470693 2291.530828256483 0.0 1.2878845677615476 3462.35409890211 0.0 f_swap_t 100 2375.452428817749 80.12153242649165 77.02914725720044 60.01482527918646 62.880246965605515 69.87697170346839 87.97804951509316 56.67092399237635
1.0214549767470693 2291.530828256483 0.0 1.2710896106479985 3388.548758650058 0.0 t_swap_r_k 100 2377.7281289100647 80.12153242649165 77.02914725720044 60.01482527918646 62.880246965605515 69.87697170346839 88.13826901994223 56.67092399237635
1.0214549767470693 2291.530828256483 0.0 1.2697461337208822 3382.6448571958167 0.0 swap_t 100 2381.2780282497406 80.12153242649165 77.02914725720044 60.01482527918646 62.880246965605515 70.1782019864337 88.13826901994223 56.67092399237635
1.0214549767470693 2291.530828256483 0.0 1.2561821999867697 3323.0382301806844 0.0 swap_t 100 2384.8336942195892 80.12153242649165 77.02914725720044 60.01482527918646 62.880246965605515 70.53641996656937 88.13826901994223 56.67092399237635
1.0214549767470693 2291.530828256483 0.0 1.2494867042851214 3293.6149137009047 0.0 t_swap_r_k 100 2388.1654720306396 80.12153242649165 77.02914725720044 60.01482527918646 62.880246965605515 70.53641996656937 88.2968863297428 56.67092399237635
1.0214549767470693 2291.530828256483 0.0 1.2340865682871782 3225.9391066374174 0.0 t_multiswap_k 100 2390.633369207382 80.12153242649165 77.02914725720044 60.01482527918646 62.880246965605515 70.53641996656937 88.2968863297428 57.25421475245259
1.0214549767470693 2291.530828256483 0.0 1.2575402176680375 3435.563148902653 0.0 move_t 100 2393.8265249729156 80.12153242649165 77.29885578462843 60.01482527918646 62.880246965605515 70.53641996656937 88.2968863297428 57.25421475245259
1.0214549767470693 2291.530828256483 0.0 1.2424974848839234 3262.900830151056 0.0 swap_t 100 2396.6312341690063 80.12153242649165 77.29885578462843 60.01482527918646 62.880246965605515 70.83105576690367 88.2968863297428 57.25421475245259
1.0214549767470693 2291.530828256483 0.0 1.2389918761931569 3247.495453378534 0.0 swap_t 100 2400.561231136322 80.12153242649165 77.29885578462843 60.01482527918646 62.880246965605515 71.12274520923464 88.2968863297428 57.25421475245259
1.0214549767470693 2291.530828256483 0.0 1.219914404773553 3163.659617433662 0.0 t_multiswap_k 100 2402.9832022190094 80.12153242649165 77.29885578462843 60.01482527918646 62.880246965605515 71.12274520923464 88.2968863297428 57.86167260492807
1.0214549767470693 2291.530828256483 0.0 1.2156731895157216 3145.0216219288136 0.0 f_swap_t 100 2408.563287973404 80.12153242649165 77.29885578462843 60.01482527918646 63.25144449594946 71.12274520923464 88.2968863297428 57.86167260492807
1.0214549767470693 2291.530828256483 0.0 1.2147036978302186 3140.7611964191624 0.0 swap_t 100 2412.741319656372 80.12153242649165 77.29885578462843 60.01482527918646 63.25144449594946 71.41151775714229 88.2968863297428 57.86167260492807
1.0214549767470693 2291.530828256483 0.0 1.2067950705493353 3106.006780349748 0.0 t_move_k 100 2416.269242286682 80.49031710222674 77.29885578462843 60.01482527918646 63.25144449594946 71.41151775714229 88.2968863297428 57.86167260492807
1.0214549767470693 2291.530828256483 0.0 1.2054683375204245 3100.1764598576874 0.0 f_swap_t 100 2419.364035129547 80.49031710222674 77.29885578462843 60.01482527918646 63.68893005098996 71.41151775714229 88.2968863297428 57.86167260492807
1.0214549767470693 2291.530828256483 0.0 1.1961408654703205 3059.1869387951983 0.0 move_t 100 2422.012984275818 80.49031710222674 77.58586722678214 60.01482527918646 63.68893005098996 71.41151775714229 88.2968863297428 57.86167260492807
1.0214549767470693 2291.530828256483 0.0 1.1919078512478678 3040.5849826920858 0.0 move_t 100 2425.040658712387 80.49031710222674 77.81000855451433 60.01482527918646 63.68893005098996 71.41151775714229 88.2968863297428 57.86167260492807
1.0214549767470693 2291.530828256483 0.0 1.1797897829484683 2987.3322028256066 0.0 t_multiswap_k 100 2426.2154190540314 80.49031710222674 77.81000855451433 60.01482527918646 63.68893005098996 71.41151775714229 88.2968863297428 58.343055878878786
1.0214549767470693 2291.530828256483 0.0 1.1741197834759554 2962.4154234930666 0.0 t_swap_r_k 100 2428.8670036792755 80.49031710222674 77.81000855451433 60.01482527918646 63.68893005098996 71.41151775714229 88.45391746644538 58.343055878878786
1.0214549767470693 2291.530828256483 0.0 1.1907099090970255 3032.836379828649 0.0 move_t 100 2431.8689498901367 80.49031710222674 78.05190846896919 60.01482527918646 63.68893005098996 71.41151775714229 88.45391746644538 58.343055878878786
1.0214549767470693 2291.530828256483 0.0 1.1882163624444602 3024.362756857859 0.0 t_move_k 100 2434.864191055298 80.75541393120447 78.05190846896919 60.01482527918646 63.68893005098996 71.41151775714229 88.45391746644538 58.343055878878786
1.0214549767470693 2291.530828256483 0.0 1.1864518586609094 3016.608655359383 0.0 swap_t 100 2439.1041724681854 80.75541393120447 78.05190846896919 60.01482527918646 63.68893005098996 71.69740257957086 88.45391746644538 58.343055878878786
1.0214549767470693 2291.530828256483 0.0 1.1864518586609094 3016.608655359383 0.0 swap_t 100 2443.253481388092 80.75541393120447 78.05190846896919 60.01482527918646 63.68893005098996 71.98042855377516 88.45391746644538 58.343055878878786
1.0214549767470693 2291.530828256483 0.0 1.1802429381145974 2989.3235905378233 0.0 t_swap_k 100 2446.9582583904266 80.75541393120447 78.05190846896919 60.504677026394596 63.68893005098996 71.98042855377516 88.45391746644538 58.343055878878786
1.0214549767470693 2291.530828256483 0.0 1.1807356576753039 2991.4888437493037 0.0 t_swap_k 100 2449.7292342185974 80.75541393120447 78.05190846896919 61.02963025613065 63.68893005098996 71.98042855377516 88.45391746644538 58.343055878878786
1.0214549767470693 2291.530828256483 0.0 1.1776675049828478 2978.005864788358 0.0 t_swap_r_k 100 2451.717602968216 80.75541393120447 78.05190846896919 61.02963025613065 63.68893005098996 71.98042855377516 88.60937829178093 58.343055878878786
1.0214549767470693 2291.530828256483 0.0 1.1776675049828478 2978.005864788358 0.0 t_swap_r_k 100 2454.264986038208 80.75541393120447 78.05190846896919 61.02963025613065 63.68893005098996 71.98042855377516 88.76328450886312 58.343055878878786
1.0214549767470693 2291.530828256483 0.0 1.1773682892738395 2976.6909631150274 0.0 t_move_k 100 2456.6489202976227 80.97785979189243 78.05190846896919 61.02963025613065 63.68893005098996 71.98042855377516 88.76328450886312 58.343055878878786
1.0214549767470693 2291.530828256483 0.0 1.1876972369040972 3022.081462724091 0.0 t_move_k 100 2460.100561618805 81.3080811939735 78.05190846896919 61.02963025613065 63.68893005098996 71.98042855377516 88.76328450886312 58.343055878878786
1.0214549767470693 2291.530828256483 0.0 1.241916128184454 3260.3460615546223 0.0 t_swap_k 100 2463.665713787079 81.3080811939735 78.05190846896919 61.519333953569344 63.68893005098996 71.98042855377516 88.76328450886312 58.343055878878786
1.0214549767470693 2291.530828256483 0.0 1.2205373106174433 3205.1770488809993 0.0 move_t 100 2466.391288280487 81.3080811939735 78.3013893842795 61.519333953569344 63.68893005098996 71.98042855377516 88.76328450886312 58.343055878878786
1.0214549767470693 2291.530828256483 0.0 1.2093645912708562 3117.2985240472385 0.0 swap_t 100 2469.6896975040436 81.3080811939735 78.3013893842795 61.519333953569344 63.68893005098996 72.26062426823741 88.76328450886312 58.343055878878786
1.0214549767470693 2291.530828256483 0.0 1.2093645912708562 3117.2985240472385 0.0 t_swap_r_k 100 2472.5009911060333 81.3080811939735 78.3013893842795 61.519333953569344 63.68893005098996 72.26062426823741 88.9156516637745 58.343055878878786
1.0214549767470693 2291.530828256483 0.0 1.2319665252306056 3216.6225898948346 0.0 f_swap_t 100 2476.054791212082 81.3080811939735 78.3013893842795 61.519333953569344 64.23204075048007 72.26062426823741 88.9156516637745 58.343055878878786
1.0214549767470693 2291.530828256483 0.0 1.2144820457936834 3139.787147848305 0.0 t_swap_r_k 100 2478.5928044319153 81.3080811939735 78.3013893842795 61.519333953569344 64.23204075048007 72.26062426823741 89.06649514713675 58.343055878878786
1.0214549767470693 2291.530828256483 0.0 1.2316990447654037 3215.447148563754 0.0 t_swap_k 100 2481.4479327201843 81.3080811939735 78.3013893842795 62.05414061403365 64.23204075048007 72.26062426823741 89.06649514713675 58.343055878878786
1.0214549767470693 2291.530828256483 0.0 1.2132614640360648 3134.4233084935854 0.0 f_swap_t 100 2485.9148454666138 81.3080811939735 78.3013893842795 62.05414061403365 64.58972034297527 72.26062426823741 89.06649514713675 58.343055878878786
1.0214549767470693 2291.530828256483 0.0 1.2132614640360648 3134.4233084935854 0.0 move_t 100 2489.0399487018585 81.3080811939735 78.51837549043671 62.05414061403365 64.58972034297527 72.26062426823741 89.06649514713675 58.343055878878786
1.0214549767470693 2291.530828256483 0.0 1.2132614640360648 3134.4233084935854 0.0 f_swap_t 100 2493.591987133026 81.3080811939735 78.51837549043671 62.05414061403365 64.94382313954551 72.26062426823741 89.06649514713675 58.343055878878786
1.0214549767470693 2291.530828256483 0.0 1.2068941638819606 3106.4422454171295 0.0 t_move_k 100 2495.592026948929 81.58500038203377 78.51837549043671 62.05414061403365 64.94382313954551 72.26062426823741 89.06649514713675 58.343055878878786
1.0214549767470693 2291.530828256483 0.0 1.2061072113465228 3102.9839871287913 0.0 t_swap_k 100 2500.1284606456757 81.58500038203377 78.51837549043671 62.56359920789331 64.94382313954551 72.26062426823741 89.06649514713675 58.343055878878786
1.0214549767470693 2291.530828256483 0.0 1.2088905841270994 3115.215502441982 0.0 t_move_k 100 2503.206404209137 81.90915037821343 78.51837549043671 62.56359920789331 64.94382313954551 72.26062426823741 89.06649514713675 58.343055878878786
1.0214549767470693 2291.530828256483 0.0 1.1919073199537409 3040.58264792317 0.0 swap_t 100 2506.929880619049 81.90915037821343 78.51837549043671 62.56359920789331 64.94382313954551 72.53801802555503 89.06649514713675 58.343055878878786
1.0214549767470693 2291.530828256483 0.0 1.20118804571741 3081.3667427048704 0.0 t_swap_k 100 2511.495093345642 81.90915037821343 78.51837549043671 63.03796321581438 64.94382313954551 72.53801802555503 89.06649514713675 58.343055878878786
1.0214549767470693 2291.530828256483 0.0 1.1980047851202156 3067.377922733586 0.0 move_t 100 2514.0659029483795 81.90915037821343 78.73319173553234 63.03796321581438 64.94382313954551 72.53801802555503 89.06649514713675 58.343055878878786
1.0214549767470693 2291.530828256483 0.0 1.1970421431022102 3063.1475980474634 0.0 t_swap_k 100 2516.473071575165 81.90915037821343 78.73319173553234 63.40758358365623 64.94382313954551 72.53801802555503 89.06649514713675 58.343055878878786
1.0214549767470693 2291.530828256483 0.0 1.1944906498138685 3051.935075799047 0.0 move_t 100 2518.5953707695007 81.90915037821343 78.94585981817703 63.40758358365623 64.94382313954551 72.53801802555503 89.06649514713675 58.343055878878786
1.0214549767470693 2291.530828256483 0.0 1.1975271994040182 3065.279175112787 0.0 t_multiswap_k 100 2520.381791114807 81.90915037821343 78.94585981817703 63.40758358365623 64.94382313954551 72.53801802555503 89.06649514713675 58.79962532009
1.0214549767470693 2291.530828256483 0.0 1.1991822226257138 3072.5521649261264 0.0 t_move_k 100 2522.8422696590424 82.13005887443128 78.94585981817703 63.40758358365623 64.94382313954551 72.53801802555503 89.06649514713675 58.79962532009
1.0214549767470693 2291.530828256483 0.0 1.208460326926175 3113.3247397031787 0.0 t_swap_k 100 2526.547071456909 82.13005887443128 78.94585981817703 63.93350774781967 64.94382313954551 72.53801802555503 89.06649514713675 58.79962532009
1.0214549767470693 2291.530828256483 0.0 1.193167696380143 3046.121364715797 0.0 t_multiswap_k 100 2527.8316378593445 82.13005887443128 78.94585981817703 63.93350774781967 64.94382313954551 72.53801802555503 89.06649514713675 59.3016290668891
1.0214549767470693 2291.530828256483 0.0 1.1909025274261964 3036.1670930707955 0.0 f_swap_t 100 2529.542757987976 82.13005887443128 78.94585981817703 63.93350774781967 65.29438490815006 72.53801802555503 89.06649514713675 59.3016290668891
1.0214549767470693 2291.530828256483 0.0 1.1909025274261964 3036.1670930707955 0.0 move_t 100 2532.2187633514404 82.13005887443128 79.15640121999526 63.93350774781967 65.29438490815006 72.53801802555503 89.06649514713675 59.3016290668891
1.0214549767470693 2291.530828256483 0.0 1.212565058442379 3131.3629582082053 0.0 f_swap_t 100 2534.5134766101837 82.13005887443128 79.15640121999526 63.93350774781967 65.65144105906856 72.53801802555503 89.06649514713675 59.3016290668891
1.0214549767470693 2291.530828256483 0.0 1.2288244313774068 3202.8146769379077 0.0 t_swap_k 100 2538.2658257484436 82.13005887443128 79.15640121999526 64.35417267034147 65.65144105906856 72.53801802555503 89.06649514713675 59.3016290668891
1.0214549767470693 2291.530828256483 0.0 1.2119945557647398 3128.855887546864 0.0 swap_t 100 2542.0443303585052 82.13005887443128 79.15640121999526 64.35417267034147 65.65144105906856 72.81263784529948 89.06649514713675 59.3016290668891
1.0214549767470693 2291.530828256483 0.0 1.2139247667416846 3137.338188332063 0.0 t_swap_k 100 2546.4447526931763 82.13005887443128 79.15640121999526 64.86063094363806 65.65144105906856 72.81263784529948 89.06649514713675 59.3016290668891
1.0214549767470693 2291.530828256483 0.0 1.2052706435798926 3099.3076949988026 0.0 swap_t 100 2550.130806684494 82.13005887443128 79.15640121999526 64.86063094363806 65.65144105906856 73.08451146684648 89.06649514713675 59.3016290668891
1.0214549767470693 2291.530828256483 0.0 1.2024395448481164 3086.8664482737777 0.0 t_swap_k 100 2553.704162836075 82.13005887443128 79.15640121999526 65.31202463420168 65.65144105906856 73.08451146684648 89.06649514713675 59.3016290668891
1.0214549767470693 2291.530828256483 0.0 1.1966935486592933 3061.6157018184044 0.0 swap_t 100 2557.7257056236267 82.13005887443128 79.15640121999526 65.31202463420168 65.65144105906856 73.36366635217802 89.06649514713675 59.3016290668891
1.0214549767470693 2291.530828256483 0.0 1.1879113866842683 3023.022542673481 0.0 t_swap_k 100 2560.157315015793 82.13005887443128 79.15640121999526 65.68890438785967 65.65144105906856 73.36366635217802 89.06649514713675 59.3016290668891
1.0214549767470693 2291.530828256483 0.0 1.1879113866842683 3023.022542673481 0.0 move_t 100 2563.405569076538 82.13005887443128 79.3648372077953 65.68890438785967 65.65144105906856 73.36366635217802 89.06649514713675 59.3016290668891
1.0214549767470693 2291.530828256483 0.0 1.1879113866842683 3023.022542673481 0.0 t_swap_r_k 100 2566.9824090003967 82.13005887443128 79.3648372077953 65.68890438785967 65.65144105906856 73.36366635217802 89.21583019566538 59.3016290668891
1.0214549767470693 2291.530828256483 0.0 1.1879113866842683 3023.022542673481 0.0 t_swap_r_k 100 2569.82998585701 82.13005887443128 79.3648372077953 65.68890438785967 65.65144105906856 73.36366635217802 89.36367189370873 59.3016290668891
1.0214549767470693 2291.530828256483 0.0 1.1879113866842683 3023.022542673481 0.0 swap_t 100 2573.3354103565216 82.13005887443128 79.3648372077953 65.68890438785967 65.65144105906856 73.63002968865624 89.36367189370873 59.3016290668891
1.0214549767470693 2291.530828256483 0.0 1.1767576458053277 2974.0074939842934 0.0 t_multiswap_k 100 2575.8535130023956 82.13005887443128 79.3648372077953 65.68890438785967 65.65144105906856 73.63002968865624 89.36367189370873 59.76861277622021
1.0214549767470693 2291.530828256483 0.0 1.1662469387915706 2927.818253833502 0.0 t_move_k 100 2579.1807446479797 82.39875828568697 79.3648372077953 65.68890438785967 65.65144105906856 73.63002968865624 89.36367189370873 59.76861277622021
1.0214549767470693 2291.530828256483 0.0 1.184198703078377 3006.7071764044026 0.0 swap_t 100 2582.6084945201874 82.39875828568697 79.3648372077953 65.68890438785967 65.65144105906856 73.90372939176967 89.36367189370873 59.76861277622021
1.0214549767470693 2291.530828256483 0.0 1.1749563816576525 2966.0918492818887 0.0 t_swap_k 100 2586.7837946414948 82.39875828568697 79.3648372077953 66.03201534398107 65.65144105906856 73.90372939176967 89.36367189370873 59.76861277622021
1.0214549767470693 2291.530828256483 0.0 1.181936469619067 2996.765804773317 0.0 t_move_k 100 2589.995429754257 82.6447707028301 79.3648372077953 66.03201534398107 65.65144105906856 73.90372939176967 89.36367189370873 59.76861277622021
1.0214549767470693 2291.530828256483 0.0 1.1698549194148757 2943.6735034614408 0.0 t_multiswap_k 100 2591.534069299698 82.6447707028301 79.3648372077953 66.03201534398107 65.65144105906856 73.90372939176967 89.36367189370873 60.17092664845801
1.0214549767470693 2291.530828256483 0.0 1.1695472536940523 2942.321468260889 0.0 t_swap_r_k 100 2593.8243322372437 82.6447707028301 79.3648372077953 66.03201534398107 65.65144105906856 73.90372939176967 89.51003517477164 60.17092664845801
1.0214549767470693 2291.530828256483 0.0 1.1695472536940523 2942.321468260889 0.0 move_t 100 2597.6204719543457 82.6447707028301 79.57118883571735 66.03201534398107 65.65144105906856 73.90372939176967 89.51003517477164 60.17092664845801
1.0214549767470693 2291.530828256483 0.0 1.1886772805086578 3026.3882585799797 0.0 t_swap_k 100 2600.747447490692 82.6447707028301 79.57118883571735 66.41169519054127 65.65144105906856 73.90372939176967 89.51003517477164 60.17092664845801
1.0214549767470693 2291.530828256483 0.0 1.184588449583013 3008.419915126641 0.0 move_t 100 2603.6041038036346 82.6447707028301 79.80547694736018 66.41169519054127 65.65144105906856 73.90372939176967 89.51003517477164 60.17092664845801
1.0214549767470693 2291.530828256483 0.0 1.1844979685137549 3008.022296599972 0.0 swap_t 100 2607.123519420624 82.6447707028301 79.80547694736018 66.41169519054127 65.65144105906856 74.16469209785198 89.51003517477164 60.17092664845801
1.0214549767470693 2291.530828256483 0.0 1.1844979685137549 3008.022296599972 0.0 t_swap_r_k 100 2610.331387281418 82.6447707028301 79.80547694736018 66.41169519054127 65.65144105906856 74.16469209785198 89.65493482302392 60.17092664845801
1.0214549767470693 2291.530828256483 0.0 1.2246854622044046 3184.6260012514576 0.0 f_swap_t 100 2613.0918095111847 82.6447707028301 79.80547694736018 66.41169519054127 66.01492664847787 74.16469209785198 89.65493482302392 60.17092664845801
1.0214549767470693 2291.530828256483 0.0 1.2715774468437206 3390.692551942837 0.0 f_swap_t 100 2615.290805578232 82.6447707028301 79.80547694736018 66.41169519054127 66.40477738199309 74.16469209785198 89.65493482302392 60.17092664845801
1.0214549767470693 2291.530828256483 0.0 1.2443576551416422 3271.0753374075784 0.0 t_swap_r_k 100 2617.894196033478 82.6447707028301 79.80547694736018 66.41169519054127 66.40477738199309 74.16469209785198 89.79838547479368 60.17092664845801
1.0214549767470693 2291.530828256483 0.0 1.2415328713586378 3258.661841687787 0.0 t_swap_r_k 100 2620.831080198288 82.6447707028301 79.80547694736018 66.41169519054127 66.40477738199309 74.16469209785198 89.94040162004573 60.17092664845801
1.0214549767470693 2291.530828256483 0.0 1.2415328713586378 3258.661841687787 0.0 t_multiswap_k 100 2622.7484765052795 82.6447707028301 79.80547694736018 66.41169519054127 66.40477738199309 74.16469209785198 89.94040162004573 60.569217381973424
1.0214549767470693 2291.530828256483 0.0 1.2415328713586378 3258.661841687787 0.0 t_swap_r_k 100 2625.564300298691 82.6447707028301 79.80547694736018 66.41169519054127 66.40477738199309 74.16469209785198 90.08099760384528 60.569217381973424
1.0214549767470693 2291.530828256483 0.0 1.2243336336859216 3183.0798928963445 0.0 f_swap_t 100 2629.218175649643 82.6447707028301 79.80547694736018 66.41169519054127 66.77072960817316 74.16469209785198 90.08099760384528 60.569217381973424
1.0214549767470693 2291.530828256483 0.0 1.2060805421975092 3102.8667897103114 0.0 t_multiswap_k 100 2630.474018096924 82.6447707028301 79.80547694736018 66.41169519054127 66.77072960817316 74.16469209785198 90.08099760384528 60.96352520815369
1.0214549767470693 2291.530828256483 0.0 1.2178622358372913 3154.641373113568 0.0 t_move_k 100 2632.966385602951 82.8283229958018 79.80547694736018 66.41169519054127 66.77072960817316 74.16469209785198 90.08099760384528 60.96352520815369
1.0214549767470693 2291.530828256483 0.0 1.1999732493084139 3076.0283270306445 0.0 t_swap_k 100 2637.296261548996 82.8283229958018 79.80547694736018 66.86757823863586 66.77072960817316 74.16469209785198 90.08099760384528 60.96352520815369
1.0214549767470693 2291.530828256483 0.0 1.195141858805166 3054.796809881067 0.0 t_multiswap_k 100 2638.8358356952667 82.8283229958018 79.80547694736018 66.86757823863586 66.77072960817316 74.16469209785198 90.08099760384528 61.38388995607215
1.0214549767470693 2291.530828256483 0.0 1.18990551281532 3031.785718227473 0.0 t_swap_r_k 100 2641.07222533226 82.8283229958018 79.80547694736018 66.86757823863586 66.77072960817316 74.16469209785198 90.22018762780682 61.38388995607215
1.0214549767470693 2291.530828256483 0.0 1.18990551281532 3031.785718227473 0.0 t_swap_r_k 100 2642.7143840789795 82.8283229958018 79.80547694736018 66.86757823863586 66.77072960817316 74.16469209785198 90.35798575152876 61.38388995607215
1.0214549767470693 2291.530828256483 0.0 1.18990551281532 3031.785718227473 0.0 swap_t 100 2646.1527378559113 82.8283229958018 79.80547694736018 66.86757823863586 66.77072960817316 74.42304517687346 90.35798575152876 61.38388995607215
1.0214549767470693 2291.530828256483 0.0 1.1866639616484786 3017.540740690724 0.0 move_t 100 2647.936534166336 82.8283229958018 80.03742217788657 66.86757823863586 66.77072960817316 74.42304517687346 90.35798575152876 61.38388995607215
1.0214549767470693 2291.530828256483 0.0 1.1993772336288793 3073.409139632534 0.0 move_t 100 2650.2912154197693 82.8283229958018 80.30704795610771 66.86757823863586 66.77072960817316 74.42304517687346 90.35798575152876 61.38388995607215
1.0214549767470693 2291.530828256483 0.0 1.1900074101597091 3032.2335055080575 0.0 move_t 100 2652.8051567077637 82.8283229958018 80.56397747654663 66.86757823863586 66.77072960817316 74.42304517687346 90.35798575152876 61.38388995607215
1.0214549767470693 2291.530828256483 0.0 1.184245596281486 3006.913248309652 0.0 t_swap_k 100 2656.004415035248 82.8283229958018 80.56397747654663 67.2289024562495 66.77072960817316 74.42304517687346 90.35798575152876 61.38388995607215
1.0214549767470693 2291.530828256483 0.0 1.184245596281486 3006.913248309652 0.0 swap_t 100 2658.873048067093 82.8283229958018 80.56397747654663 67.2289024562495 66.77072960817316 74.67881472510473 90.35798575152876 61.38388995607215
1.0214549767470693 2291.530828256483 0.0 1.1837824602041032 3004.8779995416357 0.0 t_swap_k 100 2661.778783559799 82.8283229958018 80.56397747654663 67.586613431687 66.77072960817316 74.67881472510473 90.35798575152876 61.38388995607215
1.0214549767470693 2291.530828256483 0.0 1.1837824602041032 3004.8779995416357 0.0 t_swap_k 100 2664.26105427742 82.8283229958018 80.56397747654663 67.91074729737012 66.77072960817316 74.67881472510473 90.35798575152876 61.38388995607215
1.0214549767470693 2291.530828256483 0.0 1.2012815533746646 3081.777661554688 0.0 move_t 100 2667.1811480522156 82.8283229958018 80.79833770178116 67.91074729737012 66.77072960817316 74.67881472510473 90.35798575152876 61.38388995607215
1.0214549767470693 2291.530828256483 0.0 1.1816242163174149 2995.393609475797 0.0 t_multiswap_k 100 2668.331384420395 82.8283229958018 80.79833770178116 67.91074729737012 66.77072960817316 74.67881472510473 90.35798575152876 61.86005105651143
1.0214549767470693 2291.530828256483 0.0 1.2037877733821394 3074.917437040156 0.0 move_t 100 2671.4899322986603 82.8283229958018 81.15035432476336 67.91074729737012 66.77072960817316 74.67881472510473 90.35798575152876 61.86005105651143
1.0214549767470693 2291.530828256483 0.0 1.1849105650163725 3009.835449503943 0.0 move_t 100 2673.5966086387634 82.8283229958018 81.33885078151572 67.91074729737012 66.77072960817316 74.67881472510473 90.35798575152876 61.86005105651143
1.0214549767470693 2291.530828256483 0.0 1.1838744756600637 3005.2823609216443 0.0 swap_t 100 2677.3185338974 82.8283229958018 81.33885078151572 67.91074729737012 66.77072960817316 74.93202657785368 90.35798575152876 61.86005105651143
1.0214549767470693 2291.530828256483 0.0 1.1838744756600637 3005.2823609216443 0.0 swap_t 100 2680.99800825119 82.8283229958018 81.33885078151572 67.91074729737012 66.77072960817316 75.18270631207514 90.35798575152876 61.86005105651143
1.0214549767470693 2291.530828256483 0.0 1.176105771448945 2971.1428359593197 0.0 move_t 100 2683.62278342247 82.8283229958018 81.58546227370056 67.91074729737012 66.77072960817316 75.18270631207514 90.35798575152876 61.86005105651143
1.0214549767470693 2291.530828256483 0.0 1.1666084391089426 2929.406864851945 0.0 t_swap_k 100 2687.3038170337677 82.8283229958018 81.58546227370056 68.36163982439642 66.77072960817316 75.18270631207514 90.35798575152876 61.86005105651143
1.0214549767470693 2291.530828256483 0.0 1.1546655281752534 2876.923812998851 0.0 t_move_k 100 2689.850759267807 83.06003976584378 81.58546227370056 68.36163982439642 66.77072960817316 75.18270631207514 90.35798575152876 61.86005105651143
1.0214549767470693 2291.530828256483 0.0 1.1500029131871068 2856.4339788576935 0.0 f_swap_t 100 2692.8287959098816 83.06003976584378 81.58546227370056 68.36163982439642 67.10302231209143 75.18270631207514 90.35798575152876 61.86005105651143
1.0214549767470693 2291.530828256483 0.0 1.1500029131871068 2856.4339788576935 0.0 t_move_k 100 2694.5072581768036 83.22943936818534 81.58546227370056 68.36163982439642 67.10302231209143 75.18270631207514 90.35798575152876 61.86005105651143
1.0214549767470693 2291.530828256483 0.0 1.1425405810778697 2823.6408042950898 0.0 t_multiswap_k 100 2696.1661648750305 83.22943936818534 81.58546227370056 68.36163982439642 67.10302231209143 75.18270631207514 90.35798575152876 62.271450545946315
1.0214549767470693 2291.530828256483 0.0 1.1607602780718569 2915.5540601327607 0.0 swap_t 100 2699.594022989273 83.22943936818534 81.58546227370056 68.36163982439642 67.10302231209143 75.50087924895439 90.35798575152876 62.271450545946315
1.0214549767470693 2291.530828256483 0.0 1.1481032490400493 2848.085915936765 0.0 t_move_k 100 2701.4525034427643 83.45714497450349 81.58546227370056 68.36163982439642 67.10302231209143 75.50087924895439 90.35798575152876 62.271450545946315
1.0214549767470693 2291.530828256483 0.0 1.1421152289978227 2821.7715970811305 0.0 swap_t 100 2704.97927236557 83.45714497450349 81.58546227370056 68.36163982439642 67.10302231209143 75.77587045646484 90.35798575152876 62.271450545946315
1.0214549767470693 2291.530828256483 0.0 1.1409792385596915 2816.7794937823546 0.0 t_swap_r_k 100 2707.774235725403 83.45714497450349 81.58546227370056 68.36163982439642 67.10302231209143 75.77587045646484 90.49440589401347 62.271450545946315
1.0214549767470693 2291.530828256483 0.0 1.1561342297088875 2883.378013249897 0.0 t_multiswap_k 100 2710.019827604294 83.45714497450349 81.58546227370056 68.36163982439642 67.10302231209143 75.77587045646484 90.49440589401347 62.778736040486855
1.0214549767470693 2291.530828256483 0.0 1.1484408130987949 2849.5693392074613 0.0 swap_t 100 2714.269165277481 83.45714497450349 81.58546227370056 68.36163982439642 67.10302231209143 76.0181117519002 90.49440589401347 62.778736040486855
1.0214549767470693 2291.530828256483 0.0 1.158337680279288 2893.0610638214157 0.0 t_multiswap_k 100 2715.8689770698547 83.45714497450349 81.58546227370056 68.36163982439642 67.10302231209143 76.0181117519002 90.49440589401347 63.25094868008199
1.0214549767470693 2291.530828256483 0.0 1.1964361175836538 3060.484422470647 0.0 move_t 100 2719.134218931198 83.45714497450349 81.83960765096356 68.36163982439642 67.10302231209143 76.0181117519002 90.49440589401347 63.25094868008199
1.0214549767470693 2291.530828256483 0.0 1.1921992684756715 3041.865613985631 0.0 t_swap_r_k 100 2721.61191034317 83.45714497450349 81.83960765096356 68.36163982439642 67.10302231209143 76.0181117519002 90.62946183507333 63.25094868008199
1.0214549767470693 2291.530828256483 0.0 1.1944436481250458 3051.7285271539663 0.0 move_t 100 2725.7302935123444 83.45714497450349 82.12121157445392 68.36163982439642 67.10302231209143 76.0181117519002 90.62946183507333 63.25094868008199
1.0214549767470693 2291.530828256483 0.0 1.2244836337161005 3183.739067146706 0.0 f_swap_t 100 2730.0628004074097 83.45714497450349 82.12121157445392 68.36163982439642 67.54199208897052 76.0181117519002 90.62946183507333 63.25094868008199
1.0214549767470693 2291.530828256483 0.0 1.185432851024895 3012.130632296449 0.0 t_move_k 100 2732.248105287552 83.86257352475846 82.12121157445392 68.36163982439642 67.54199208897052 76.0181117519002 90.62946183507333 63.25094868008199
1.0214549767470693 2291.530828256483 0.0 1.179476589410321 2985.9558756643387 0.0 f_swap_t 100 2737.7701604366302 83.86257352475846 82.12121157445392 68.36163982439642 67.86657216808081 76.0181117519002 90.62946183507333 63.25094868008199
1.0214549767470693 2291.530828256483 0.0 1.2926687502851655 3474.3208470830623 0.0 swap_t 100 2741.584032535553 83.86257352475846 82.12121157445392 68.36163982439642 67.86657216808081 76.35793063438119 90.62946183507333 63.25094868008199
1.0214549767470693 2291.530828256483 0.0 1.280170060407305 3428.452741708556 0.0 t_swap_k 100 2746.0417103767395 83.86257352475846 82.12121157445392 68.90802342615245 67.86657216808081 76.35793063438119 90.62946183507333 63.25094868008199
1.0214549767470693 2291.530828256483 0.0 1.238104940815852 3243.597821079684 0.0 t_move_k 100 2749.7816665172577 84.30394778951087 82.12121157445392 68.90802342615245 67.86657216808081 76.35793063438119 90.62946183507333 63.25094868008199
1.0214549767470693 2291.530828256483 0.0 1.2289042357640294 3203.1653768455326 0.0 swap_t 100 2753.1974844932556 84.30394778951087 82.12121157445392 68.90802342615245 67.86657216808081 76.59435132803738 90.62946183507333 63.25094868008199
1.0214549767470693 2291.530828256483 0.0 1.2061126079980538 3103.0077026822028 0.0 t_move_k 100 2756.053717851639 84.58090831161576 82.12121157445392 68.90802342615245 67.86657216808081 76.59435132803738 90.62946183507333 63.25094868008199
1.0214549767470693 2291.530828256483 0.0 1.205619832938292 3100.8422055804504 0.0 t_swap_k 100 2759.3030898571014 84.58090831161576 82.12121157445392 69.40894319189093 67.86657216808081 76.59435132803738 90.62946183507333 63.25094868008199
1.0214549767470693 2291.530828256483 0.0 1.1786897617662946 2982.4981662105743 0.0 t_move_k 100 2761.5867400169373 84.8850992284996 82.12121157445392 69.40894319189093 67.86657216808081 76.59435132803738 90.62946183507333 63.25094868008199
1.0214549767470693 2291.530828256483 0.0 1.1785044979748625 2981.6840255687976 0.0 t_swap_r_k 100 2764.4428453445435 84.8850992284996 82.12121157445392 69.40894319189093 67.86657216808081 76.59435132803738 90.7631672167226 63.25094868008199
1.0214549767470693 2291.530828256483 0.0 1.1843388544489812 3007.323070778191 0.0 t_move_k 100 2767.300404071808 85.1162482362146 82.12121157445392 69.40894319189093 67.86657216808081 76.59435132803738 90.7631672167226 63.25094868008199
1.0214549767470693 2291.530828256483 0.0 1.172212046498907 2954.031884568226 0.0 t_multiswap_k 100 2769.4662714004517 85.1162482362146 82.12121157445392 69.40894319189093 67.86657216808081 76.59435132803738 90.7631672167226 63.70843919328117
1.0214549767470693 2291.530828256483 0.0 1.1687780467954507 2938.9411930692536 0.0 move_t 100 2771.9314301013947 85.1162482362146 82.29999945870938 69.40894319189093 67.86657216808081 76.59435132803738 90.7631672167226 63.70843919328117
1.0214549767470693 2291.530828256483 0.0 1.1666463880781606 2929.5736313739676 0.0 t_swap_k 100 2776.4629995822906 85.1162482362146 82.29999945870938 69.74485375997202 67.86657216808081 76.59435132803738 90.7631672167226 63.70843919328117
1.0214549767470693 2291.530828256483 0.0 1.1677659332760655 2934.4934661612965 0.0 t_multiswap_k 100 2778.434946537018 85.1162482362146 82.29999945870938 69.74485375997202 67.86657216808081 76.59435132803738 90.7631672167226 64.17135480134836
1.0214549767470693 2291.530828256483 0.0 1.1627496271465956 2899.963374215289 0.0 move_t 100 2781.2920343875885 85.1162482362146 82.50699946412229 69.74485375997202 67.86657216808081 76.59435132803738 90.7631672167226 64.17135480134836
1.0214549767470693 2291.530828256483 0.0 1.1625789499029604 2911.6992982366323 0.0 f_swap_t 100 2786.3580400943756 85.1162482362146 82.50699946412229 69.74485375997202 68.1879064464 76.59435132803738 90.7631672167226 64.17135480134836
1.0214549767470693 2291.530828256483 0.0 1.1625789499029604 2911.6992982366323 0.0 t_swap_k 100 2791.145604610443 85.1162482362146 82.50699946412229 70.04740522237229 68.1879064464 76.59435132803738 90.7631672167226 64.17135480134836
1.0214549767470693 2291.530828256483 0.0 1.1665825765476288 2929.293211978368 0.0 t_swap_k 100 2796.6784760951996 85.1162482362146 82.50699946412229 70.42693117014856 68.1879064464 76.59435132803738 90.7631672167226 64.17135480134836
1.0214549767470693 2291.530828256483 0.0 1.163359509732372 2915.1294638159375 0.0 f_swap_t 100 2801.634132385254 85.1162482362146 82.50699946412229 70.42693117014856 68.50602738193601 76.59435132803738 90.7631672167226 64.17135480134836
1.0214549767470693 2291.530828256483 0.0 1.163359509732372 2915.1294638159375 0.0 t_swap_r_k 100 2803.055622816086 85.1162482362146 82.50699946412229 70.42693117014856 68.50602738193601 76.59435132803738 90.89553554455537 64.17135480134836
1.0214549767470693 2291.530828256483 0.0 1.163359509732372 2915.1294638159375 0.0 t_swap_r_k 100 2805.3299911022186 85.1162482362146 82.50699946412229 70.42693117014856 68.50602738193601 76.59435132803738 91.02658018910982 64.17135480134836
1.0214549767470693 2291.530828256483 0.0 1.1622275930338115 2910.155262541745 0.0 t_move_k 100 2808.2670798301697 85.39508575385246 82.50699946412229 70.42693117014856 68.50602738193601 76.59435132803738 91.02658018910982 64.17135480134836
1.0214549767470693 2291.530828256483 0.0 1.2428098425924983 3264.2734842641844 0.0 f_swap_t 100 2811.8277866840363 85.39508575385246 82.50699946412229 70.42693117014856 68.90096710811665 76.59435132803738 91.02658018910982 64.17135480134836
1.0214549767470693 2291.530828256483 0.0 1.221099206169745 3168.8662202005435 0.0 t_move_k 100 2814.317545890808 85.61113489631393 82.50699946412229 70.42693117014856 68.90096710811665 76.59435132803738 91.02658018910982 64.17135480134836
1.0214549767470693 2291.530828256483 0.0 1.2231141330825173 3177.72080466746 0.0 t_multiswap_k 100 2815.803190946579 85.61113489631393 82.50699946412229 70.42693117014856 68.90096710811665 76.59435132803738 91.02658018910982 64.62964125333487
1.0214549767470693 2291.530828256483 0.0 1.1946527665967075 3052.6474970477043 0.0 t_move_k 100 2818.790758371353 85.84502354735079 82.50699946412229 70.42693117014856 68.90096710811665 76.59435132803738 91.02658018910982 64.62964125333487
1.0214549767470693 2291.530828256483 0.0 1.2062375011218025 3103.556544779929 0.0 t_move_k 100 2820.776950120926 85.99657331187728 82.50699946412229 70.42693117014856 68.90096710811665 76.59435132803738 91.02658018910982 64.62964125333487
1.0214549767470693 2291.530828256483 0.0 1.1978063420672038 3066.5058659043143 0.0 swap_t 100 2823.8221962451935 85.99657331187728 82.50699946412229 70.42693117014856 68.90096710811665 76.828407814757 91.02658018910982 64.62964125333487
1.0214549767470693 2291.530828256483 0.0 1.2146862010816002 3140.684307060269 0.0 f_swap_t 100 2826.7726440429688 85.99657331187728 82.50699946412229 70.42693117014856 69.22195743703548 76.828407814757 91.02658018910982 64.62964125333487
1.0214549767470693 2291.530828256483 0.0 1.1837155647392694 3004.5840278148844 0.0 t_multiswap_k 100 2827.801333665848 85.99657331187728 82.50699946412229 70.42693117014856 69.22195743703548 76.828407814757 91.02658018910982 65.19334484080152
1.0214549767470693 2291.530828256483 0.0 1.178280949995628 2980.7016452889015 0.0 move_t 100 2829.6670849323273 85.99657331187728 82.68192946948106 70.42693117014856 69.22195743703548 76.828407814757 91.02658018910982 65.19334484080152
1.0214549767470693 2291.530828256483 0.0 1.1840286660357162 3005.9599496205424 0.0 t_swap_k 100 2832.863639354706 85.99657331187728 82.68192946948106 70.79266185844708 69.22195743703548 76.828407814757 91.02658018910982 65.19334484080152
1.0214549767470693 2291.530828256483 0.0 1.172538269376937 2955.465469086974 0.0 t_move_k 100 2834.931026697159 86.22660757875852 82.68192946948106 70.79266185844708 69.22195743703548 76.828407814757 91.02658018910982 65.19334484080152
1.0214549767470693 2291.530828256483 0.0 1.1683382119328227 2937.008341352426 0.0 move_t 100 2836.9261906147003 86.22660757875852 82.85511017478625 70.79266185844708 69.22195743703548 76.828407814757 91.02658018910982 65.19334484080152
1.0214549767470693 2291.530828256483 0.0 1.2033535856687705 3103.034789875392 0.0 move_t 100 2839.339455127716 86.22660757875852 83.07655907303838 70.79266185844708 69.22195743703548 76.828407814757 91.02658018910982 65.19334484080152
1.0214549767470693 2291.530828256483 0.0 1.2049409515484992 3097.858865306004 0.0 move_t 100 2841.703379869461 86.22660757875852 83.315793482308 70.79266185844708 69.22195743703548 76.828407814757 91.02658018910982 65.19334484080152
1.0214549767470693 2291.530828256483 0.0 1.188417696311939 3025.2475173543025 0.0 t_multiswap_k 100 2843.1046278476715 86.22660757875852 83.315793482308 70.79266185844708 69.22195743703548 76.828407814757 91.02658018910982 65.6014113923935
1.0214549767470693 2291.530828256483 0.0 1.177824644885804 2978.696415167644 0.0 f_swap_t 100 2846.1420657634735 86.22660757875852 83.315793482308 70.79266185844708 69.55973786266513 76.828407814757 91.02658018910982 65.6014113923935
1.0214549767470693 2291.530828256483 0.0 1.1750074986275676 2966.3164825055233 0.0 t_move_k 100 2849.3999733924866 86.39434150297093 83.315793482308 70.79266185844708 69.55973786266513 76.828407814757 91.02658018910982 65.6014113923935
1.0214549767470693 2291.530828256483 0.0 1.1733417412369014 2958.9963214497798 0.0 t_swap_r_k 100 2852.8782975673676 86.39434150297093 83.315793482308 70.79266185844708 69.55973786266513 76.828407814757 91.15631438721873 65.6014113923935
1.0214549767470693 2291.530828256483 0.0 1.1781196834779304 2979.992960525406 0.0 t_move_k 100 2854.4948949813843 86.58039808794122 83.315793482308 70.79266185844708 69.55973786266513 76.828407814757 91.15631438721873 65.6014113923935
1.0214549767470693 2291.530828256483 0.0 1.1757587105819935 2969.6176790208215 0.0 t_swap_k 100 2859.038738489151 86.58039808794122 83.315793482308 71.11473523986261 69.55973786266513 76.828407814757 91.15631438721873 65.6014113923935
1.0214549767470693 2291.530828256483 0.0 1.1707954287207367 2947.8065660742227 0.0 t_multiswap_k 100 2860.376039981842 86.58039808794122 83.315793482308 71.11473523986261 69.55973786266513 76.828407814757 91.15631438721873 65.97539727846957
1.0214549767470693 2291.530828256483 0.0 1.170795396514385 2947.8064245435994 0.0 t_swap_r_k 100 2862.094333410263 86.58039808794122 83.315793482308 71.11473523986261 69.55973786266513 76.828407814757 91.28475124334653 65.97539727846957
1.0214549767470693 2291.530828256483 0.0 1.170795396514385 2947.8064245435994 0.0 t_swap_r_k 100 2864.1820867061615 86.58039808794122 83.315793482308 71.11473523986261 69.55973786266513 76.828407814757 91.41190373091307 65.97539727846957
1.0214549767470693 2291.530828256483 0.0 1.1820491575099141 2997.2610110468436 0.0 f_swap_t 100 2867.7948253154755 86.58039808794122 83.315793482308 71.11473523986261 69.87414048403848 76.828407814757 91.41190373091307 65.97539727846957
1.0214549767470693 2291.530828256483 0.0 1.1744276590777067 2963.768381014122 0.0 f_swap_t 100 2870.8198206424713 86.58039808794122 83.315793482308 71.11473523986261 70.17539907919809 76.828407814757 91.41190373091307 65.97539727846957
1.0214549767470693 2291.530828256483 0.0 1.165975418594026 2926.6250599224018 0.0 t_move_k 100 2872.7713260650635 86.7745941070618 83.315793482308 71.11473523986261 70.17539907919809 76.828407814757 91.41190373091307 65.97539727846957
1.0214549767470693 2291.530828256483 0.0 1.1846579409775488 3008.7252946511985 0.0 t_move_k 100 2875.718279838562 86.95684816599119 83.315793482308 71.11473523986261 70.17539907919809 76.828407814757 91.41190373091307 65.97539727846957
1.0214549767470693 2291.530828256483 0.0 1.175587516233988 2968.86536646543 0.0 t_move_k 100 2878.997195959091 87.14727968433128 83.315793482308 71.11473523986261 70.17539907919809 76.828407814757 91.41190373091307 65.97539727846957
1.0214549767470693 2291.530828256483 0.0 1.1783488091349006 2980.999851877305 0.0 move_t 100 2881.0570578575134 87.14727968433128 83.49263554748491 71.11473523986261 70.17539907919809 76.828407814757 91.41190373091307 65.97539727846957
1.0214549767470693 2291.530828256483 0.0 1.1773596919415423 2976.6531821888143 0.0 t_swap_r_k 100 2883.0583486557007 87.14727968433128 83.49263554748491 71.11473523986261 70.17539907919809 76.828407814757 91.53778469360394 65.97539727846957
1.0214549767470693 2291.530828256483 0.0 1.170983134466157 2948.631437868437 0.0 t_swap_k 100 2886.833852291107 87.14727968433128 83.49263554748491 71.52358788746399 70.17539907919809 76.828407814757 91.53778469360394 65.97539727846957
1.0214549767470693 2291.530828256483 0.0 1.169410694103 2941.721357941217 0.0 f_swap_t 100 2890.7006912231445 87.14727968433128 83.49263554748491 71.52358788746399 70.4736450884061 76.828407814757 91.53778469360394 65.97539727846957
1.0214549767470693 2291.530828256483 0.0 1.1732657506815372 2941.567762385979 0.0 move_t 100 2893.635708808899 87.14727968433128 83.81770919201006 71.52358788746399 70.4736450884061 76.828407814757 91.53778469360394 65.97539727846957
1.0214549767470693 2291.530828256483 0.0 1.1669956138057773 2946.403727837716 0.0 move_t 100 2896.7644414901733 87.14727968433128 84.00953210008996 71.52358788746399 70.4736450884061 76.828407814757 91.53778469360394 65.97539727846957
1.0214549767470693 2291.530828256483 0.0 1.157017447303605 2887.259307775034 0.0 t_swap_k 100 2900.5006849765778 87.14727968433128 84.00953210008996 71.89835200858936 70.4736450884061 76.828407814757 91.53778469360394 65.97539727846957
1.0214549767470693 2291.530828256483 0.0 1.1544166959200997 2875.8303211171424 0.0 t_move_k 100 2903.273906469345 87.43580688748797 84.00953210008996 71.89835200858936 70.4736450884061 76.828407814757 91.53778469360394 65.97539727846957
1.0214549767470693 2291.530828256483 0.0 1.216505273140029 3174.624795203416 0.0 swap_t 100 2908.8082604408264 87.43580688748797 84.00953210008996 71.89835200858936 70.4736450884061 77.14012373660943 91.53778469360394 65.97539727846957
1.0214549767470693 2291.530828256483 0.0 1.1969372190888619 3062.6865100879395 0.0 t_move_k 100 2910.971191883087 87.78144881861309 84.00953210008996 71.89835200858936 70.4736450884061 77.14012373660943 91.53778469360394 65.97539727846957
1.0214549767470693 2291.530828256483 0.0 1.2224916863994204 3174.9854663796564 0.0 f_swap_t 100 2914.851487159729 87.78144881861309 84.00953210008996 71.89835200858936 70.83890863752204 77.14012373660943 91.53778469360394 65.97539727846957
1.0214549767470693 2291.530828256483 0.0 1.2477589271685379 3286.0222073244 0.0 t_swap_k 100 2918.8138859272003 87.78144881861309 84.00953210008996 72.33936848850347 70.83890863752204 77.14012373660943 91.53778469360394 65.97539727846957
1.0214549767470693 2291.530828256483 0.0 1.2183807383477447 3137.557150470478 0.0 move_t 100 2922.8914988040924 87.78144881861309 84.25943677908906 72.33936848850347 70.83890863752204 77.14012373660943 91.53778469360394 65.97539727846957
1.0214549767470693 2291.530828256483 0.0 1.2019391425118497 3084.667433150285 0.0 f_swap_t 100 2927.803974866867 87.78144881861309 84.25943677908906 72.33936848850347 71.19051955114682 77.14012373660943 91.53778469360394 65.97539727846957
1.0214549767470693 2291.530828256483 0.0 1.237856237915949 3242.5048976488647 0.0 f_swap_t 100 2933.005042552948 87.78144881861309 84.25943677908906 72.33936848850347 71.57861435563535 77.14012373660943 91.53778469360394 65.97539727846957
1.0214549767470693 2291.530828256483 0.0 1.2095552891604573 3123.8169503358126 0.0 move_t 100 2936.681518793106 87.78144881861309 84.48684241129817 72.33936848850347 71.57861435563535 77.14012373660943 91.53778469360394 65.97539727846957
1.0214549767470693 2291.530828256483 0.0 1.2059880750597114 3102.4604434171274 0.0 swap_t 100 2941.4666068553925 87.78144881861309 84.48684241129817 72.33936848850347 71.57861435563535 77.36872249924333 91.53778469360394 65.97539727846957
1.0214549767470693 2291.530828256483 0.0 1.20534112983822 3099.617446446441 0.0 swap_t 100 2944.191248655319 87.78144881861309 84.48684241129817 72.33936848850347 71.57861435563535 77.5950352742509 91.53778469360394 65.97539727846957
1.0214549767470693 2291.530828256483 0.0 1.20534112983822 3099.617446446441 0.0 f_swap_t 100 2948.494661092758 87.78144881861309 84.48684241129817 72.33936848850347 71.862828212079 77.5950352742509 91.53778469360394 65.97539727846957
1.0214549767470693 2291.530828256483 0.0 1.20534112983822 3099.617446446441 0.0 t_swap_r_k 100 2951.393409729004 87.78144881861309 84.48684241129817 72.33936848850347 71.862828212079 77.5950352742509 91.6624068466679 65.97539727846957
1.0214549767470693 2291.530828256483 0.0 1.1934034620749057 3047.157435674721 0.0 t_move_k 100 2954.1933240890503 88.15363433042695 84.48684241129817 72.33936848850347 71.862828212079 77.5950352742509 91.6624068466679 65.97539727846957
1.0214549767470693 2291.530828256483 0.0 1.1768491239536907 2974.4094941692256 0.0 move_t 100 2957.296326160431 88.15363433042695 84.67197398718518 72.33936848850347 71.862828212079 77.5950352742509 91.6624068466679 65.97539727846957
1.0214549767470693 2291.530828256483 0.0 1.1708797551437005 2948.1771380439513 0.0 move_t 100 2960.762657880783 88.15363433042695 84.85525424731333 72.33936848850347 71.862828212079 77.5950352742509 91.6624068466679 65.97539727846957
1.0214549767470693 2291.530828256483 0.0 1.1687191244858237 2938.682259326163 0.0 t_swap_r_k 100 2964.5927441120148 88.15363433042695 84.85525424731333 72.33936848850347 71.862828212079 77.5950352742509 91.78578277820122 65.97539727846957
1.0214549767470693 2291.530828256483 0.0 1.1754155086127582 2968.1094799856387 0.0 f_swap_t 100 2970.41495680809 88.15363433042695 84.85525424731333 72.33936848850347 72.18419992995821 77.5950352742509 91.78578277820122 65.97539727846957
1.0214549767470693 2291.530828256483 0.0 1.1687191244858237 2938.682259326163 0.0 t_swap_k 100 2974.7478392124176 88.15363433042695 84.85525424731333 72.61597480361843 72.18419992995821 77.5950352742509 91.78578277820122 65.97539727846957
1.0214549767470693 2291.530828256483 0.0 1.1687191244858237 2938.682259326163 0.0 t_swap_k 100 2978.4704160690308 88.15363433042695 84.85525424731333 72.88981505558225 72.18419992995821 77.5950352742509 91.78578277820122 65.97539727846957
1.0214549767470693 2291.530828256483 0.0 1.1657398033537514 2925.58965013484 0.0 t_move_k 100 2981.207663536072 88.33209798712268 84.85525424731333 72.88981505558225 72.18419992995821 77.5950352742509 91.78578277820122 65.97539727846957
1.0214549767470693 2291.530828256483 0.0 1.1906743148288423 2951.784085243741 0.0 swap_t 100 2985.9048540592194 88.33209798712268 84.85525424731333 72.88981505558225 72.18419992995821 77.8290849215084 91.78578277820122 65.97539727846957
1.0214549767470693 2291.530828256483 0.0 1.1829884145333525 3001.3885705118855 0.0 swap_t 100 2990.3275566101074 88.33209798712268 84.85525424731333 72.88981505558225 72.18419992995821 78.05079407229331 91.78578277820122 65.97539727846957
1.0214549767470693 2291.530828256483 0.0 1.1823227768142377 2998.4634294703387 0.0 t_swap_r_k 100 2992.6228461265564 88.33209798712268 84.85525424731333 72.88981505558225 72.18419992995821 78.05079407229331 91.90792495041921 65.97539727846957
1.0214549767470693 2291.530828256483 0.0 1.1794666271335896 2978.8274066240638 0.0 swap_t 100 2997.706627845764 88.33209798712268 84.85525424731333 72.88981505558225 72.18419992995821 78.30028613157037 91.90792495041921 65.97539727846957
1.0214549767470693 2291.530828256483 0.0 1.1698826983398818 2969.3217419764956 0.0 move_t 100 3000.3798322677612 88.33209798712268 85.0367017048402 72.88981505558225 72.18419992995821 78.30028613157037 91.90792495041921 65.97539727846957
1.0214549767470693 2291.530828256483 0.0 1.1660800337689976 2927.0847906934955 0.0 f_swap_t 100 3005.255683898926 88.33209798712268 85.0367017048402 72.88981505558225 72.46235793065863 78.30028613157037 91.90792495041921 65.97539727846957
1.0214549767470693 2291.530828256483 0.0 1.1560973353848658 2883.2158813599863 0.0 t_swap_k 100 3010.1431896686554 88.33209798712268 85.0367017048402 73.25091690502643 72.46235793065863 78.30028613157037 91.90792495041921 65.97539727846957
1.0214549767470693 2291.530828256483 0.0 1.149070293156565 2852.335585618899 0.0 t_move_k 100 3013.290031671524 88.57877700725145 85.0367017048402 73.25091690502643 72.46235793065863 78.30028613157037 91.90792495041921 65.97539727846957
1.0214549767470693 2291.530828256483 0.0 1.1455060526426462 2836.6725516443908 0.0 swap_t 100 3017.7628190517426 88.57877700725145 85.0367017048402 73.25091690502643 72.46235793065863 78.51728327025467 91.90792495041921 65.97539727846957
1.0214549767470693 2291.530828256483 0.0 1.1447147422331048 2833.1951427039367 0.0 t_move_k 100 3020.6658318042755 88.75298923717894 85.0367017048402 73.25091690502643 72.46235793065863 78.51728327025467 91.90792495041921 65.97539727846957
1.0214549767470693 2291.530828256483 0.0 1.1376569547011048 2802.1797369065794 0.0 t_move_k 100 3023.411224126816 88.89545934480715 85.0367017048402 73.25091690502643 72.46235793065863 78.51728327025467 91.90792495041921 65.97539727846957
1.0214549767470693 2291.530828256483 0.0 1.1467373070051177 2877.3494670369837 0.0 move_t 100 3026.1080265045166 88.89545934480715 85.22633468779179 73.25091690502643 72.46235793065863 78.51728327025467 91.90792495041921 65.97539727846957
1.0214549767470693 2291.530828256483 0.0 1.1492684085539309 2853.2062025673617 0.0 f_swap_t 100 3031.5706872940063 88.89545934480715 85.22633468779179 73.25091690502643 72.77773435135204 78.51728327025467 91.90792495041921 65.97539727846957
1.0214549767470693 2291.530828256483 0.0 1.147398637305076 2844.9895038117625 0.0 t_swap_r_k 100 3033.726275920868 88.89545934480715 85.22633468779179 73.25091690502643 72.77773435135204 78.51728327025467 92.02884570091503 65.97539727846957
1.0214549767470693 2291.530828256483 0.0 1.151595225014996 2863.431383819801 0.0 t_move_k 100 3036.5041303634644 89.07650475135908 85.22633468779179 73.25091690502643 72.77773435135204 78.51728327025467 92.02884570091503 65.97539727846957
1.0214549767470693 2291.530828256483 0.0 1.1583700498628478 2893.2033117659803 0.0 t_multiswap_k 100 3039.1988892555237 89.07650475135908 85.22633468779179 73.25091690502643 72.77773435135204 78.51728327025467 92.02884570091503 66.35564330568488
1.0214549767470693 2291.530828256483 0.0 1.190849050999538 3035.93209122838 0.0 t_multiswap_k 100 3040.871297597885 89.07650475135908 85.22633468779179 73.25091690502643 72.77773435135204 78.51728327025467 92.02884570091503 66.76208687262803
1.0214549767470693 2291.530828256483 0.0 1.1841849177970794 3006.6465970668214 0.0 swap_t 100 3043.7825603485107 89.07650475135908 85.22633468779179 73.25091690502643 72.77773435135204 78.73211043755212 92.02884570091503 66.76208687262803
1.0214549767470693 2291.530828256483 0.0 1.1635501545558453 2915.9672513713695 0.0 t_multiswap_k 100 3045.8424701690674 89.07650475135908 85.22633468779179 73.25091690502643 72.77773435135204 78.73211043755212 92.02884570091503 67.21446600390175
1.0214549767470693 2291.530828256483 0.0 1.150056824787943 2856.6708930704754 0.0 t_move_k 100 3048.5395510196686 89.24573970384549 85.22633468779179 73.25091690502643 72.77773435135204 78.73211043755212 92.02884570091503 67.21446600390175
1.0214549767470693 2291.530828256483 0.0 1.1569373004503354 2886.9071028997423 0.0 f_swap_t 100 3053.486667394638 89.24573970384549 85.22633468779179 73.25091690502643 73.05995700783852 78.73211043755212 92.02884570091503 67.21446600390175
1.0214549767470693 2291.530828256483 0.0 1.150062158591465 2856.6943324386793 0.0 swap_t 100 3057.380998849869 89.24573970384549 85.22633468779179 73.25091690502643 73.05995700783852 78.9447893331766 92.02884570091503 67.21446600390175
1.0214549767470693 2291.530828256483 0.0 1.1742603915741898 2963.0333249537393 0.0 t_swap_k 100 3061.532805919647 89.24573970384549 85.22633468779179 73.62840773597617 73.05995700783852 78.9447893331766 92.02884570091503 67.21446600390175
1.0214549767470693 2291.530828256483 0.0 1.165120574327433 2922.868451820824 0.0 t_swap_r_k 100 3064.372148036957 89.24573970384549 85.22633468779179 73.62840773597617 73.05995700783852 78.9447893331766 92.14855724390588 67.21446600390175
1.0214549767470693 2291.530828256483 0.0 1.1651205743274329 2922.868451820823 0.0 f_swap_t 100 3068.224442958832 89.24573970384549 85.22633468779179 73.62840773597617 73.32935743776014 78.9447893331766 92.14855724390588 67.21446600390175
1.0214549767470693 2291.530828256483 0.0 1.1973608224164858 3064.5480324196606 0.0 f_swap_t 100 3072.1514432430267 89.24573970384549 85.22633468779179 73.62840773597617 73.64606386338254 78.9447893331766 92.14855724390588 67.21446600390175
1.0214549767470693 2291.530828256483 0.0 1.1751987453904946 2967.156915280344 0.0 move_t 100 3075.011412858963 89.24573970384549 85.40407134091387 73.62840773597617 73.64606386338254 78.9447893331766 92.14855724390588 67.21446600390175
1.0214549767470693 2291.530828256483 0.0 1.1913732179972638 3038.2355400168753 0.0 t_multiswap_k 100 3077.4074997901917 89.24573970384549 85.40407134091387 73.62840773597617 73.64606386338254 78.9447893331766 92.14855724390588 67.62232134386274
1.0214549767470693 2291.530828256483 0.0 1.2677684551229942 3373.9539602295736 0.0 swap_t 100 3079.934028148651 89.24573970384549 85.40407134091387 73.62840773597617 73.64606386338254 79.22534143984484 92.14855724390588 67.62232134386274
1.0214549767470693 2291.530828256483 0.0 1.2480880462001815 3287.468518973168 0.0 t_multiswap_k 100 3083.6273291110992 89.24573970384549 85.40407134091387 73.62840773597617 73.64606386338254 79.22534143984484 92.14855724390588 68.09609813042411
1.0214549767470693 2291.530828256483 0.0 1.2463750782533336 3279.940891405963 0.0 t_swap_k 100 3088.343549966812 89.24573970384549 85.40407134091387 73.9921236586164 73.64606386338254 79.22534143984484 92.14855724390588 68.09609813042411
1.0214549767470693 2291.530828256483 0.0 1.2394875045775398 3249.6734893985513 0.0 swap_t 100 3091.243109226227 89.24573970384549 85.40407134091387 73.9921236586164 73.64606386338254 79.4330880254464 92.14855724390588 68.09609813042411
1.0214549767470693 2291.530828256483 0.0 1.2392546200004335 3248.650079494223 0.0 f_swap_t 100 3096.6967539787292 89.24573970384549 85.40407134091387 73.9921236586164 73.93960322474871 79.4330880254464 92.14855724390588 68.09609813042411
1.0214549767470693 2291.530828256483 0.0 1.2340919185451018 3214.0325565295616 0.0 move_t 100 3100.5655195713043 89.24573970384549 85.61003062750473 73.9921236586164 73.93960322474871 79.4330880254464 92.14855724390588 68.09609813042411
1.0214549767470693 2291.530828256483 0.0 1.2742301393449087 3460.267484447976 0.0 swap_t 100 3104.4606001377106 89.24573970384549 85.61003062750473 73.9921236586164 73.93960322474871 79.67875714519194 92.14855724390588 68.09609813042411
1.0214549767470693 2291.530828256483 0.0 1.2623914167755246 3350.324596837918 0.0 swap_t 100 3108.379259109497 89.24573970384549 85.61003062750473 73.9921236586164 73.93960322474871 79.88196957374002 92.14855724390588 68.09609813042411
1.0214549767470693 2291.530828256483 0.0 1.2486188441333437 3308.999688973172 0.0 move_t 100 3112.3184208869934 89.24573970384549 85.90393032122968 73.9921236586164 73.93960322474871 79.88196957374002 92.14855724390588 68.09609813042411
1.0214549767470693 2291.530828256483 0.0 1.2438383742954908 3268.7933607834366 0.0 t_swap_k 100 3116.979760169983 89.24573970384549 85.90393032122968 74.41220242203025 73.93960322474871 79.88196957374002 92.14855724390588 68.09609813042411
1.0214549767470693 2291.530828256483 0.0 1.2474724071939418 3284.763096981271 0.0 t_swap_k 100 3120.7913765907288 89.24573970384549 85.90393032122968 74.95808039780995 73.93960322474871 79.88196957374002 92.14855724390588 68.09609813042411
1.0214549767470693 2291.530828256483 0.0 1.2223350938049422 3174.2973211442577 0.0 t_move_k 100 3124.005719423294 89.63328230680703 85.90393032122968 74.95808039780995 73.93960322474871 79.88196957374002 92.14855724390588 68.09609813042411
1.0214549767470693 2291.530828256483 0.0 1.2073305311284792 3108.359858715359 0.0 move_t 100 3127.35373210907 89.63328230680703 86.04489101801738 74.95808039780995 73.93960322474871 79.88196957374002 92.14855724390588 68.09609813042411
1.0214549767470693 2291.530828256483 0.0 1.2073305311284792 3108.359858715359 0.0 swap_t 100 3131.399067401886 89.63328230680703 86.04489101801738 74.95808039780995 73.93960322474871 80.08314987800262 92.14855724390588 68.09609813042411
1.0214549767470693 2291.530828256483 0.0 1.2345220682671545 3265.7646782289216 0.0 swap_t 100 3135.0307569503784 89.63328230680703 86.04489101801738 74.95808039780995 73.93960322474871 80.3223183792226 92.14855724390588 68.09609813042411
1.0214549767470693 2291.530828256483 0.0 1.3486650406225897 3642.1347089039573 0.0 move_t 100 3139.5621972084045 89.63328230680703 86.28444210783721 74.95808039780995 73.93960322474871 80.3223183792226 92.14855724390588 68.09609813042411
1.0214549767470693 2291.530828256483 0.0 1.3322857846609315 3657.474985410386 0.0 t_swap_k 100 3144.196263074875 89.63328230680703 86.28444210783721 75.42849959383184 73.93960322474871 80.3223183792226 92.14855724390588 68.09609813042411
1.0214549767470693 2291.530828256483 0.0 1.3132919365945503 3574.0066317994015 0.0 t_swap_k 100 3148.096476793289 89.63328230680703 86.28444210783721 75.93421459789353 73.93960322474871 80.3223183792226 92.14855724390588 68.09609813042411
1.0214549767470693 2291.530828256483 0.0 1.301203848359966 3520.8855991514183 0.0 t_swap_r_k 100 3150.692434310913 89.63328230680703 86.28444210783721 75.93421459789353 73.93960322474871 80.3223183792226 92.26707167146682 68.09609813042411
1.0214549767470693 2291.530828256483 0.0 1.2998592390647095 3514.976721512045 0.0 t_swap_r_k 100 3153.8707871437073 89.63328230680703 86.28444210783721 75.93421459789353 73.93960322474871 80.3223183792226 92.38440095475215 68.09609813042411
1.0214549767470693 2291.530828256483 0.0 1.282374783051916 3438.1413824027118 0.0 t_swap_k 100 3158.861116170883 89.63328230680703 86.28444210783721 76.5348724519146 73.93960322474871 80.3223183792226 92.38440095475215 68.09609813042411
1.0214549767470693 2291.530828256483 0.0 1.2642352662294538 3358.427382418182 0.0 t_move_k 100 3162.4941816329956 89.82694948373896 86.28444210783721 76.5348724519146 73.93960322474871 80.3223183792226 92.38440095475215 68.09609813042411
1.0214549767470693 2291.530828256483 0.0 1.2582853393581952 3332.280463778311 0.0 t_swap_r_k 100 3165.568943977356 89.82694948373896 86.28444210783721 76.5348724519146 73.93960322474871 80.3223183792226 92.50055694520464 68.09609813042411
1.0214549767470693 2291.530828256483 0.0 1.2582853393581952 3332.280463778311 0.0 t_swap_r_k 100 3168.6671829223633 89.82694948373896 86.28444210783721 76.5348724519146 73.93960322474871 80.3223183792226 92.61555137575259 68.09609813042411
1.0214549767470693 2291.530828256483 0.0 1.2582853393581952 3332.280463778311 0.0 t_swap_r_k 100 3171.753300666809 89.82694948373896 86.28444210783721 76.5348724519146 73.93960322474871 80.3223183792226 92.72939586199506 68.09609813042411
1.0214549767470693 2291.530828256483 0.0 1.2582853393581952 3332.280463778311 0.0 move_t 100 3175.6107001304626 89.82694948373896 86.42159768675883 76.5348724519146 73.93960322474871 80.3223183792226 92.72939586199506 68.09609813042411
1.0214549767470693 2291.530828256483 0.0 1.2575823275751503 3329.1910826326475 0.0 f_swap_t 100 3179.864919424057 89.82694948373896 86.42159768675883 76.5348724519146 74.23020719250123 80.3223183792226 92.72939586199506 68.09609813042411
1.0214549767470693 2291.530828256483 0.0 1.255867807671323 3321.6566349996265 0.0 f_swap_t 100 3184.5878105163574 89.82694948373896 86.42159768675883 76.5348724519146 74.48790512057622 80.3223183792226 92.72939586199506 68.09609813042411
1.0214549767470693 2291.530828256483 0.0 1.2691796025869233 3380.1552394598193 0.0 f_swap_t 100 3188.1051330566406 89.82694948373896 86.42159768675883 76.5348724519146 74.75302606937045 80.3223183792226 92.72939586199506 68.09609813042411
1.0214549767470693 2291.530828256483 0.0 1.2566231455016466 3324.9759626522873 0.0 t_move_k 100 3190.5426025390625 90.09867998890157 86.42159768675883 76.5348724519146 74.75302606937045 80.3223183792226 92.72939586199506 68.09609813042411
1.0214549767470693 2291.530828256483 0.0 1.2502426968557212 3296.937118605859 0.0 t_swap_r_k 100 3192.792162656784 90.09867998890157 86.42159768675883 76.5348724519146 74.75302606937045 80.3223183792226 92.84210190337511 68.09609813042411
1.0214549767470693 2291.530828256483 0.0 1.2502426968557212 3296.937118605859 0.0 swap_t 100 3196.699887752533 90.09867998890157 86.42159768675883 76.5348724519146 74.75302606937045 80.51909519543037 92.84210190337511 68.09609813042411
1.0214549767470693 2291.530828256483 0.0 1.2682097282424054 3375.893132357376 0.0 t_swap_k 100 3201.283145427704 90.09867998890157 86.42159768675883 76.92952372739545 74.75302606937045 80.51909519543037 92.84210190337511 68.09609813042411
1.0214549767470693 2291.530828256483 0.0 1.2547235052270682 3316.6280046388288 0.0 t_swap_r_k 100 3204.206260919571 90.09867998890157 86.42159768675883 76.92952372739545 74.75302606937045 80.51909519543037 92.95368088434135 68.09609813042411
1.0214549767470693 2291.530828256483 0.0 1.2715352647264841 3390.507182876745 0.0 f_swap_t 100 3207.0209770202637 90.09867998890157 86.42159768675883 76.92952372739545 75.05549580867674 80.51909519543037 92.95368088434135 68.09609813042411
1.0214549767470693 2291.530828256483 0.0 1.2659149490818034 3365.8087388333865 0.0 t_swap_r_k 100 3208.839969396591 90.09867998890157 86.42159768675883 76.92952372739545 75.05549580867674 80.51909519543037 93.06414407549794 68.09609813042411
1.0214549767470693 2291.530828256483 0.0 1.2501169389091085 3296.3844760491434 0.0 t_move_k 100 3211.700459957123 90.28769318901254 86.42159768675883 76.92952372739545 75.05549580867674 80.51909519543037 93.06414407549794 68.09609813042411
1.0214549767470693 2291.530828256483 0.0 1.244104648782669 3269.9635024511854 0.0 swap_t 100 3215.8987226486206 90.28769318901254 86.42159768675883 76.92952372739545 75.05549580867674 80.71390424347607 93.06414407549794 68.09609813042411
1.0214549767470693 2291.530828256483 0.0 1.2398179851524715 3251.125784341291 0.0 t_multiswap_k 100 3217.354469537735 90.28769318901254 86.42159768675883 76.92952372739545 75.05549580867674 80.71390424347607 93.06414407549794 68.47513714911987
1.0214549767470693 2291.530828256483 0.0 1.2385313111940253 3245.4715031987703 0.0 t_move_k 100 3218.782556772232 90.54481625712242 86.42159768675883 76.92952372739545 75.05549580867674 80.71390424347607 93.06414407549794 68.47513714911987
1.0214549767470693 2291.530828256483 0.0 1.2261655770610747 3191.130357283455 0.0 t_swap_r_k 100 3220.347603082657 90.54481625712242 86.42159768675883 76.92952372739545 75.05549580867674 80.71390424347607 93.17350263474296 68.47513714911987
1.0214549767470693 2291.530828256483 0.0 1.2181644624366645 3179.6065838969794 0.0 move_t 100 3224.099183320999 90.54481625712242 86.61738170989125 76.92952372739545 75.05549580867674 80.71390424347607 93.17350263474296 68.47513714911987
1.0214549767470693 2291.530828256483 0.0 1.2901961232955017 3472.5122161001204 0.0 move_t 100 3227.8154296875 90.54481625712242 86.92120789279234 76.92952372739545 75.05549580867674 80.71390424347607 93.17350263474296 68.47513714911987
1.0214549767470693 2291.530828256483 0.0 1.2544738136721747 3315.530736569468 0.0 t_swap_k 100 3232.105283498764 90.54481625712242 86.92120789279234 77.56022849012149 75.05549580867674 80.71390424347607 93.17350263474296 68.47513714911987
1.0214549767470693 2291.530828256483 0.0 1.2459741566475855 3278.1790437676173 0.0 t_move_k 100 3236.0009622573853 90.9193680945512 86.92120789279234 77.56022849012149 75.05549580867674 80.71390424347607 93.17350263474296 68.47513714911987
1.0214549767470693 2291.530828256483 0.0 1.2148334137128436 3141.331232102403 0.0 t_move_k 100 3238.859801054001 91.13017441360569 86.92120789279234 77.56022849012149 75.05549580867674 80.71390424347607 93.17350263474296 68.47513714911987
1.0214549767470693 2291.530828256483 0.0 1.2108224630683717 3123.705133086609 0.0 t_swap_k 100 3242.309611082077 91.13017441360569 86.92120789279234 77.81462620522028 75.05549580867674 80.71390424347607 93.17350263474296 68.47513714911987
1.0214549767470693 2291.530828256483 0.0 1.2041669366735295 3094.4574614904986 0.0 t_swap_k 100 3244.942465543747 91.13017441360569 86.92120789279234 78.06647994316808 75.05549580867674 80.71390424347607 93.17350263474296 68.47513714911987
1.0214549767470693 2291.530828256483 0.0 1.2041669366735295 3094.4574614904986 0.0 swap_t 100 3247.241712331772 91.13017441360569 86.92120789279234 78.06647994316808 75.05549580867674 80.90676520104131 93.17350263474296 68.47513714911987
1.0214549767470693 2291.530828256483 0.0 1.2041669366735295 3094.4574614904986 0.0 swap_t 100 3250.6076271533966 91.13017441360569 86.92120789279234 78.06647994316808 75.05549580867674 81.0976975490309 93.17350263474296 68.47513714911987
1.0214549767470693 2291.530828256483 0.0 1.1963392683934662 3060.058819274008 0.0 t_move_k 100 3252.92955327034 91.25887266946962 86.92120789279234 78.06647994316808 75.05549580867674 81.0976975490309 93.17350263474296 68.47513714911987
1.0214549767470693 2291.530828256483 0.0 1.200472355663833 3078.2216469739233 0.0 f_swap_t 100 3255.785398244858 91.25887266946962 86.92120789279234 78.06647994316808 75.31494085058998 81.0976975490309 93.17350263474296 68.47513714911987
1.0214549767470693 2291.530828256483 0.0 1.1955320187468172 3056.5113654498364 0.0 f_swap_t 100 3258.715676546097 91.25887266946962 86.92120789279234 78.06647994316808 75.56179144208407 81.0976975490309 93.17350263474296 68.47513714911987
1.0214549767470693 2291.530828256483 0.0 1.1955320187468172 3056.5113654498364 0.0 move_t 100 3261.6958842277527 91.25887266946962 87.05199581386441 78.06647994316808 75.56179144208407 81.0976975490309 93.17350263474296 68.47513714911987
1.0214549767470693 2291.530828256483 0.0 1.1955320187468172 3056.5113654498364 0.0 f_swap_t 100 3265.4102857112885 91.25887266946962 87.05199581386441 78.06647994316808 75.80617352766323 81.0976975490309 93.17350263474296 68.47513714911987
1.0214549767470693 2291.530828256483 0.0 1.2014657962946589 3082.587315982936 0.0 t_multiswap_k 100 3266.5428142547607 91.25887266946962 87.05199581386441 78.06647994316808 75.80617352766323 81.0976975490309 93.17350263474296 68.86038577762868
1.0214549767470693 2291.530828256483 0.0 1.1880511227812713 3023.636612129871 0.0 swap_t 100 3270.392062664032 91.25887266946962 87.05199581386441 78.06647994316808 75.80617352766323 81.28672057354059 93.17350263474296 68.86038577762868
1.0214549767470693 2291.530828256483 0.0 1.2230566600774215 3177.4682398846085 0.0 t_move_k 100 3273.4094018936157 91.43628394277493 87.05199581386441 78.06647994316808 75.80617352766323 81.28672057354059 93.17350263474296 68.86038577762868
1.0214549767470693 2291.530828256483 0.0 1.2157151355317695 3145.2059534496216 0.0 move_t 100 3276.143579721451 91.43628394277493 87.18147585572576 78.06647994316808 75.80617352766323 81.28672057354059 93.17350263474296 68.86038577762868
1.0214549767470693 2291.530828256483 0.0 1.224093557838494 3182.024880996886 0.0 f_swap_t 100 3281.4834127426147 91.43628394277493 87.18147585572576 78.06647994316808 76.1481117923866 81.28672057354059 93.17350263474296 68.86038577762868
1.0214549767470693 2291.530828256483 0.0 1.211303669044812 3125.8197899197507 0.0 swap_t 100 3285.2654445171356 91.43628394277493 87.18147585572576 78.06647994316808 76.1481117923866 81.47385336780519 93.17350263474296 68.86038577762868
1.0214549767470693 2291.530828256483 0.0 1.2033113413917629 3071.0143364772507 0.0 move_t 100 3288.0214200019836 91.43628394277493 87.3696610971685 78.06647994316808 76.1481117923866 81.47385336780519 93.17350263474296 68.86038577762868
1.0214549767470693 2291.530828256483 0.0 1.195739020128527 3057.4210318042333 0.0 f_swap_t 100 3291.7085876464844 91.43628394277493 87.3696610971685 78.06647994316808 76.38663067446274 81.47385336780519 93.17350263474296 68.86038577762868
1.0214549767470693 2291.530828256483 0.0 1.195230932801127 3055.188245032407 0.0 swap_t 100 3294.2135174274445 91.43628394277493 87.3696610971685 78.06647994316808 76.38663067446274 81.65911483412714 93.17350263474296 68.86038577762868
1.0214549767470693 2291.530828256483 0.0 1.195230932801127 3055.188245032407 0.0 move_t 100 3296.294231891632 91.43628394277493 87.49596448619681 78.06647994316808 76.38663067446274 81.65911483412714 93.17350263474296 68.86038577762868
1.0214549767470693 2291.530828256483 0.0 1.2073930841986842 3108.634747814455 0.0 t_swap_k 100 3299.8489232063293 91.43628394277493 87.49596448619681 78.3058151437364 76.38663067446274 81.65911483412714 93.17350263474296 68.86038577762868
1.0214549767470693 2291.530828256483 0.0 1.206153266696652 3103.1863770940486 0.0 swap_t 100 3302.03746843338 91.43628394277493 87.49596448619681 78.3058151437364 76.38663067446274 81.84252368578586 93.17350263474296 68.86038577762868
1.0214549767470693 2291.530828256483 0.0 1.205551656853629 3100.542606177393 0.0 t_swap_r_k 100 3304.314091205597 91.43628394277493 87.49596448619681 78.3058151437364 76.38663067446274 81.84252368578586 93.28176760839553 68.86038577762868
1.0214549767470693 2291.530828256483 0.0 1.2014556854729856 3082.5428840365616 0.0 f_swap_t 100 3306.505959749222 91.43628394277493 87.49596448619681 78.3058151437364 76.68276436771811 81.84252368578586 93.28176760839553 68.86038577762868
1.0214549767470693 2291.530828256483 0.0 1.1955329964953145 3056.5156621598567 0.0 t_move_k 100 3308.316018342972 91.62192110334719 87.49596448619681 78.3058151437364 76.68276436771811 81.84252368578586 93.28176760839553 68.86038577762868
1.0214549767470693 2291.530828256483 0.0 1.1902880400095683 3033.4667317326744 0.0 t_swap_r_k 100 3310.356257200241 91.62192110334719 87.49596448619681 78.3058151437364 76.68276436771811 81.84252368578586 93.38894993231158 68.86038577762868
1.0214549767470693 2291.530828256483 0.0 1.1902880400095683 3033.4667317326744 0.0 t_swap_r_k 100 3312.6079683303833 91.62192110334719 87.49596448619681 78.3058151437364 76.68276436771811 81.84252368578586 93.49506043298847 68.86038577762868
1.0214549767470693 2291.530828256483 0.0 1.1902880400095683 3033.4667317326744 0.0 t_swap_r_k 100 3315.6680397987366 91.62192110334719 87.49596448619681 78.3058151437364 76.68276436771811 81.84252368578586 93.60010982865859 68.86038577762868
1.0214549767470693 2291.530828256483 0.0 1.1902880400095683 3033.4667317326744 0.0 swap_t 100 3319.895354270935 91.62192110334719 87.49596448619681 78.3058151437364 76.68276436771811 82.024098448928 93.60010982865859 68.86038577762868
1.0214549767470693 2291.530828256483 0.0 1.201742117386117 3083.8016073941017 0.0 t_move_k 100 3322.9334750175476 91.82570189231372 87.49596448619681 78.3058151437364 76.68276436771811 82.024098448928 93.60010982865859 68.86038577762868
1.0214549767470693 2291.530828256483 0.0 1.1946350140164448 3052.5694834381566 0.0 move_t 100 3326.0258955955505 91.82570189231372 87.62100484133484 78.3058151437364 76.68276436771811 82.024098448928 93.60010982865859 68.86038577762868
1.0214549767470693 2291.530828256483 0.0 1.1919849486292593 3040.9237866811445 0.0 f_swap_t 100 3328.0230474472046 91.82570189231372 87.62100484133484 78.3058151437364 76.91593672404093 82.024098448928 93.60010982865859 68.86038577762868
1.0214549767470693 2291.530828256483 0.0 1.1919849486292593 3040.9237866811445 0.0 move_t 100 3329.510463953018 91.82570189231372 87.74479479292148 78.3058151437364 76.91593672404093 82.024098448928 93.60010982865859 68.86038577762868
1.0214549767470693 2291.530828256483 0.0 1.1875386111917101 3015.5393525338195 0.0 swap_t 100 3331.7594158649445 91.82570189231372 87.74479479292148 78.3058151437364 76.91593672404093 82.23385746443873 93.60010982865859 68.86038577762868
1.0214549767470693 2291.530828256483 0.0 1.1845151782252699 3008.0979245760013 0.0 move_t 100 3334.6515402793884 91.82570189231372 87.89734684499227 78.3058151437364 76.91593672404093 82.23385746443873 93.60010982865859 68.86038577762868
1.0214549767470693 2291.530828256483 0.0 1.1760440299529977 2997.686773851637 0.0 move_t 100 3337.489358663559 91.82570189231372 88.04837337654234 78.3058151437364 76.91593672404093 82.23385746443873 93.60010982865859 68.86038577762868
1.0214549767470693 2291.530828256483 0.0 1.1701716486486875 2945.0653682165093 0.0 swap_t 100 3340.459020137787 91.82570189231372 88.04837337654234 78.3058151437364 76.91593672404093 82.41151888979434 93.60010982865859 68.86038577762868
1.0214549767470693 2291.530828256483 0.0 1.1564641225451893 2884.8277253786846 0.0 t_multiswap_k 100 3342.004983186722 91.82570189231372 88.04837337654234 78.3058151437364 76.91593672404093 82.41151888979434 93.60010982865859 69.2917819198524
1.0214549767470693 2291.530828256483 0.0 1.1467236014953537 2842.023062916318 0.0 t_swap_k 100 3344.406895160675 91.82570189231372 88.04837337654234 78.52275699229904 76.91593672404093 82.41151888979434 93.60010982865859 69.2917819198524
1.0214549767470693 2291.530828256483 0.0 1.2506039556094926 3298.52466807448 0.0 f_swap_t 100 3348.609477519989 91.82570189231372 88.04837337654234 78.52275699229904 77.17677735680053 82.41151888979434 93.60010982865859 69.2917819198524
1.0214549767470693 2291.530828256483 0.0 1.2499152415640156 3295.498118252463 0.0 f_swap_t 100 3352.405246257782 91.82570189231372 88.04837337654234 78.52275699229904 77.49500958323252 82.41151888979434 93.60010982865859 69.2917819198524
1.0214549767470693 2291.530828256483 0.0 1.2224391577123455 3174.7546293732653 0.0 t_swap_r_k 100 3354.0079622268677 91.82570189231372 88.04837337654234 78.52275699229904 77.49500958323252 82.41151888979434 93.704108730372 69.2917819198524
1.0214549767470693 2291.530828256483 0.0 1.2176773495879734 3153.8288915783924 0.0 t_move_k 100 3355.564093351364 91.93744487339058 88.04837337654234 78.52275699229904 77.49500958323252 82.41151888979434 93.704108730372 69.2917819198524
1.0214549767470693 2291.530828256483 0.0 1.2142381885747122 3138.7155187338394 0.0 swap_t 100 3358.4872937202454 91.93744487339058 88.04837337654234 78.52275699229904 77.49500958323252 82.58740370089639 93.704108730372 69.2917819198524
1.0214549767470693 2291.530828256483 0.0 1.2115144763061503 3126.74618118979 0.0 f_swap_t 100 3361.0203189849854 91.93744487339058 88.04837337654234 78.52275699229904 77.7500594874002 82.58740370089639 93.704108730372 69.2917819198524
1.0214549767470693 2291.530828256483 0.0 1.2045786863696941 3096.2668931084927 0.0 swap_t 100 3363.2844018936157 91.93744487339058 88.04837337654234 78.52275699229904 77.7500594874002 82.76152966388743 93.704108730372 69.2917819198524
1.0214549767470693 2291.530828256483 0.0 1.204578686369694 3096.266893108492 0.0 t_move_k 100 3365.8243136405945 92.01807042465667 88.04837337654234 78.52275699229904 77.7500594874002 82.76152966388743 93.704108730372 69.2917819198524
1.0214549767470693 2291.530828256483 0.0 1.204578686369694 3096.266893108492 0.0 t_move_k 100 3367.9536113739014 92.1078897204101 88.04837337654234 78.52275699229904 77.7500594874002 82.76152966388743 93.704108730372 69.2917819198524
1.0214549767470693 2291.530828256483 0.0 1.204578686369694 3096.266893108492 0.0 t_swap_r_k 100 3370.6439096927643 92.1078897204101 88.04837337654234 78.52275699229904 77.7500594874002 82.76152966388743 93.80706764306828 69.2917819198524
1.0214549767470693 2291.530828256483 0.0 1.2203464061325384 3165.558044864807 0.0 t_move_k 100 3373.327241897583 92.206810823206 88.04837337654234 78.52275699229904 77.7500594874002 82.76152966388743 93.80706764306828 69.2917819198524
1.0214549767470693 2291.530828256483 0.0 1.2119877058137298 3128.8257854774392 0.0 t_swap_r_k 100 3375.766178369522 92.206810823206 88.04837337654234 78.52275699229904 77.7500594874002 82.76152966388743 93.9089969666376 69.2917819198524
1.0214549767470693 2291.530828256483 0.0 1.2182277921047011 3156.247807980597 0.0 t_swap_k 100 3379.8417532444 92.206810823206 88.04837337654234 78.96752942237605 77.7500594874002 82.76152966388743 93.9089969666376 69.2917819198524
1.0214549767470693 2291.530828256483 0.0 1.247153195876547 3283.3603247244946 0.0 f_swap_t 100 3384.427593231201 92.206810823206 88.04837337654234 78.96752942237605 78.01255889252619 82.76152966388743 93.9089969666376 69.2917819198524
1.0214549767470693 2291.530828256483 0.0 1.2344469926387274 3227.522989330381 0.0 t_swap_r_k 100 3387.0958285331726 92.206810823206 88.04837337654234 78.96752942237605 78.01255889252619 82.76152966388743 94.00990699697122 69.2917819198524
1.0214549767470693 2291.530828256483 0.0 1.2323758501071733 3218.421365657372 0.0 t_swap_r_k 100 3389.137355327606 92.206810823206 88.04837337654234 78.96752942237605 78.01255889252619 82.76152966388743 94.10980792700151 69.2917819198524
1.0214549767470693 2291.530828256483 0.0 1.2323758501071733 3218.421365657372 0.0 swap_t 100 3393.0570409297943 92.206810823206 88.04837337654234 78.96752942237605 78.01255889252619 82.93391436724856 94.10980792700151 69.2917819198524
1.0214549767470693 2291.530828256483 0.0 1.2236055076040953 3179.880147112402 0.0 t_move_k 100 3396.9309198856354 92.49474271497394 88.04837337654234 78.96752942237605 78.01255889252619 82.93391436724856 94.10980792700151 69.2917819198524
1.0214549767470693 2291.530828256483 0.0 1.2105366201987353 3122.4489982772425 0.0 t_swap_k 100 3401.002322435379 92.49474271497394 88.04837337654234 79.26785412815228 78.01255889252619 82.93391436724856 94.10980792700151 69.2917819198524
1.0214549767470693 2291.530828256483 0.0 1.2012987011796503 3081.8530174828393 0.0 f_swap_t 100 3403.483856201172 92.49474271497394 88.04837337654234 79.26785412815228 78.26243330360093 82.93391436724856 94.10980792700151 69.2917819198524
1.0214549767470693 2291.530828256483 0.0 1.1889877295262539 3027.752524961827 0.0 swap_t 100 3407.7463982105255 92.49474271497394 88.04837337654234 79.26785412815228 78.26243330360093 83.10457522357608 94.10980792700151 69.2917819198524
1.0214549767470693 2291.530828256483 0.0 1.206431063848929 3053.2843459399137 0.0 swap_t 100 3412.84813785553 92.49474271497394 88.04837337654234 79.26785412815228 78.26243330360093 83.28352947134032 94.10980792700151 69.2917819198524
1.0214549767470693 2291.530828256483 0.0 1.21520885352958 3142.9811001688145 0.0 t_swap_k 100 3416.0104591846466 92.49474271497394 88.04837337654234 79.66517558687076 78.26243330360093 83.28352947134032 94.10980792700151 69.2917819198524
1.0214549767470693 2291.530828256483 0.0 1.173372908618119 2959.1332863232224 0.0 t_move_k 100 3418.202265024185 92.8097952878242 88.04837337654234 79.66517558687076 78.26243330360093 83.28352947134032 94.10980792700151 69.2917819198524
1.0214549767470693 2291.530828256483 0.0 1.1649207458138693 2921.990306593306 0.0 swap_t 100 3422.1138367652893 92.8097952878242 88.04837337654234 79.66517558687076 78.26243330360093 83.45069417662691 94.10980792700151 69.2917819198524
1.0214549767470693 2291.530828256483 0.0 1.1677245873646895 2934.3117717969403 0.0 t_swap_k 100 3425.226099014282 92.8097952878242 88.04837337654234 79.93852383100206 78.26243330360093 83.45069417662691 94.10980792700151 69.2917819198524
1.0214549767470693 2291.530828256483 0.0 1.152066808518705 2865.503754753122 0.0 t_multiswap_k 100 3426.108258485794 92.8097952878242 88.04837337654234 79.93852383100206 78.26243330360093 83.45069417662691 94.10980792700151 69.68886410065387
1.0214549767470693 2291.530828256483 0.0 1.1501581332363608 2857.1160924511782 0.0 t_swap_k 100 3429.030907392502 92.8097952878242 88.04837337654234 80.13913859269203 78.26243330360093 83.45069417662691 94.10980792700151 69.68886410065387
1.0214549767470693 2291.530828256483 0.0 1.1450911444630374 2834.8492400894793 0.0 t_swap_k 100 3432.2114214897156 92.8097952878242 88.04837337654234 80.36774720676512 78.26243330360093 83.45069417662691 94.10980792700151 69.68886410065387
1.0214549767470693 2291.530828256483 0.0 1.1445111338673855 2832.3003869383533 0.0 t_move_k 100 3434.119098186493 92.94169733494596 88.04837337654234 80.36774720676512 78.26243330360093 83.45069417662691 94.10980792700151 69.68886410065387
1.0214549767470693 2291.530828256483 0.0 1.1394436964388952 2810.0315629641627 0.0 t_swap_r_k 100 3437.1051704883575 92.94169733494596 88.04837337654234 80.36774720676512 78.26243330360093 83.45069417662691 94.2087098477315 69.68886410065387
1.0214549767470693 2291.530828256483 0.0 1.165073780051627 2922.6628146510257 0.0 t_move_k 100 3440.545265674591 93.1622803615965 88.04837337654234 80.36774720676512 78.26243330360093 83.45069417662691 94.2087098477315 69.68886410065387
1.0214549767470693 2291.530828256483 0.0 1.149984035576424 2856.35102130858 0.0 t_move_k 100 3442.5247111320496 93.29065755798054 88.04837337654234 80.36774720676512 78.26243330360093 83.45069417662691 94.2087098477315 69.68886410065387
1.0214549767470693 2291.530828256483 0.0 1.1485567708171462 2850.0789147187247 0.0 move_t 100 3445.059330701828 93.29065755798054 88.20788964277692 80.36774720676512 78.26243330360093 83.45069417662691 94.2087098477315 69.68886410065387
1.0214549767470693 2291.530828256483 0.0 1.1459296082576649 2838.533864303349 0.0 t_multiswap_k 100 3446.978224992752 93.29065755798054 88.20788964277692 80.36774720676512 78.26243330360093 83.45069417662691 94.2087098477315 69.99197545964734
1.0214549767470693 2291.530828256483 0.0 1.1459296082576649 2838.533864303349 0.0 f_swap_t 100 3449.046324968338 93.29065755798054 88.20788964277692 80.36774720676512 78.47980897056492 83.45069417662691 94.2087098477315 69.99197545964734
1.0214549767470693 2291.530828256483 0.0 1.1459296082576649 2838.533864303349 0.0 f_swap_t 100 3451.865902900696 93.29065755798054 88.20788964277692 80.36774720676512 78.69501088085927 83.45069417662691 94.2087098477315 69.99197545964734
1.0214549767470693 2291.530828256483 0.0 1.1459296082576649 2838.533864303349 0.0 f_swap_t 100 3455.4071941375732 93.29065755798054 88.20788964277692 80.36774720676512 78.90806077205067 83.45069417662691 94.2087098477315 69.99197545964734
1.0214549767470693 2291.530828256483 0.0 1.1459296082576649 2838.533864303349 0.0 swap_t 100 3458.612492799759 93.29065755798054 88.20788964277692 80.36774720676512 78.90806077205067 83.61618723486065 94.2087098477315 69.99197545964734
1.0214549767470693 2291.530828256483 0.0 1.1337320722496371 2784.931864058712 0.0 t_move_k 100 3461.026877641678 93.44775098240073 88.20788964277692 80.36774720676512 78.90806077205067 83.61618723486065 94.2087098477315 69.99197545964734
1.0214549767470693 2291.530828256483 0.0 1.1620452916656796 2909.354140251736 0.0 t_swap_k 100 3464.4891650676727 93.44775098240073 88.20788964277692 80.61406973469747 78.90806077205067 83.61618723486065 94.2087098477315 69.99197545964734
1.0214549767470693 2291.530828256483 0.0 1.1761406219586084 2971.295986319055 0.0 t_swap_k 100 3468.2950899600983 93.44775098240073 88.20788964277692 80.8479290373505 78.90806077205067 83.61618723486065 94.2087098477315 69.99197545964734
1.0214549767470693 2291.530828256483 0.0 1.1698169213362621 2943.5065211284677 0.0 t_multiswap_k 100 3469.657698392868 93.44775098240073 88.20788964277692 80.8479290373505 78.90806077205067 83.61618723486065 94.2087098477315 70.29205570505086
1.0214549767470693 2291.530828256483 0.0 1.1698169213362621 2943.5065211284677 0.0 swap_t 100 3472.928026199341 93.44775098240073 88.20788964277692 80.8479290373505 78.90806077205067 83.78002536251203 94.2087098477315 70.29205570505086
1.0214549767470693 2291.530828256483 0.0 1.1698169213362621 2943.5065211284677 0.0 t_swap_r_k 100 3474.6076130867004 93.44775098240073 88.20788964277692 80.8479290373505 78.90806077205067 83.78002536251203 94.30662274925419 70.29205570505086
1.0214549767470693 2291.530828256483 0.0 1.1698169213362621 2943.5065211284677 0.0 t_multiswap_k 100 3475.8826014995575 93.44775098240073 88.20788964277692 80.8479290373505 78.90806077205067 83.78002536251203 94.30662274925419 70.58913514800035
1.0214549767470693 2291.530828256483 0.0 1.1592114971608627 2896.9010469679392 0.0 t_swap_k 100 3479.0941667556763 93.44775098240073 88.20788964277692 81.09944974697699 78.90806077205067 83.78002536251203 94.30662274925419 70.58913514800035
1.0214549767470693 2291.530828256483 0.0 1.2383783122032428 3196.3891901569864 0.0 swap_t 100 3481.8141922950745 93.44775098240073 88.20788964277692 81.09944974697699 78.90806077205067 84.02222510888691 94.30662274925419 70.58913514800035
1.0214549767470693 2291.530828256483 0.0 1.2069538835516131 3184.134479021852 0.0 move_t 100 3485.1170225143433 93.44775098240073 88.44581074634915 81.09944974697699 78.90806077205067 84.02222510888691 94.30662274925419 70.58913514800035
1.0214549767470693 2291.530828256483 0.0 1.1810228607349265 2992.7509559055634 0.0 f_swap_t 100 3489.543855905533 93.44775098240073 88.44581074634915 81.09944974697699 79.17898016433017 84.02222510888691 94.30662274925419 70.58913514800035
1.0214549767470693 2291.530828256483 0.0 1.1855944373221032 3012.840722329123 0.0 t_move_k 100 3492.9038054943085 93.64327347257672 88.44581074634915 81.09944974697699 79.17898016433017 84.02222510888691 94.30662274925419 70.58913514800035
1.0214549767470693 2291.530828256483 0.0 1.1778966921550094 2979.0130264684035 0.0 t_multiswap_k 100 3494.1293828487396 93.64327347257672 88.44581074634915 81.09944974697699 79.17898016433017 84.02222510888691 94.30662274925419 70.94324379652035
1.0214549767470693 2291.530828256483 0.0 1.1762708654274387 2971.8683404767726 0.0 t_move_k 100 3496.159549474716 93.77684073785096 88.44581074634915 81.09944974697699 79.17898016433017 84.02222510888691 94.30662274925419 70.94324379652035
1.0214549767470693 2291.530828256483 0.0 1.178945256551824 2983.6209365428303 0.0 t_move_k 100 3498.363099336624 93.91907233047245 88.44581074634915 81.09944974697699 79.17898016433017 84.02222510888691 94.30662274925419 70.94324379652035
1.0214549767470693 2291.530828256483 0.0 1.1731226054126114 2979.5162404179287 0.0 move_t 100 3500.1207394599915 93.91907233047245 88.59135263888567 81.09944974697699 79.17898016433017 84.02222510888691 94.30662274925419 70.94324379652035
1.0214549767470693 2291.530828256483 0.0 1.1677139010701172 2934.264810938295 0.0 t_move_k 100 3501.80717253685 94.00988160716773 88.59135263888567 81.09944974697699 79.17898016433017 84.02222510888691 94.30662274925419 70.94324379652035
1.0214549767470693 2291.530828256483 0.0 1.1801932725296083 2989.105335416709 0.0 t_move_k 100 3503.7868185043335 94.20978279109605 88.59135263888567 81.09944974697699 79.17898016433017 84.02222510888691 94.30662274925419 70.94324379652035
1.0214549767470693 2291.530828256483 0.0 1.1700394680807247 2944.484501488048 0.0 f_swap_t 100 3507.0426807403564 94.20978279109605 88.59135263888567 81.09944974697699 79.38719036268687 84.02222510888691 94.30662274925419 70.94324379652035
1.0214549767470693 2291.530828256483 0.0 1.1728832347673501 2956.9814174661487 0.0 t_swap_k 100 3510.04971241951 94.20978279109605 88.59135263888567 81.35845524950722 79.38719036268687 84.02222510888691 94.30662274925419 70.94324379652035
1.0214549767470693 2291.530828256483 0.0 1.1573533869237258 2888.7355924597477 0.0 t_multiswap_k 100 3511.3532752990723 94.20978279109605 88.59135263888567 81.35845524950722 79.38719036268687 84.02222510888691 94.30662274925419 71.23381135855514
1.0214549767470693 2291.530828256483 0.0 1.1573533869237258 2888.7355924597477 0.0 f_swap_t 100 3514.898544073105 94.20978279109605 88.59135263888567 81.35845524950722 79.59331845906 84.02222510888691 94.30662274925419 71.23381135855514
1.0214549767470693 2291.530828256483 0.0 1.1573533869237258 2888.7355924597477 0.0 move_t 100 3518.0245444774628 94.20978279109605 88.7054391124968 81.35845524950722 79.59331845906 84.02222510888691 94.30662274925419 71.23381135855514
1.0214549767470693 2291.530828256483 0.0 1.1573533869237258 2888.7355924597477 0.0 swap_t 100 3520.7992644309998 94.20978279109605 88.7054391124968 81.35845524950722 79.59331845906 84.18200285779804 94.30662274925419 71.23381135855514
1.0214549767470693 2291.530828256483 0.0 1.1757985225213292 2915.6848514629746 0.0 swap_t 100 3524.7971138954163 94.20978279109605 88.7054391124968 81.35845524950722 79.59331845906 84.35018282922006 94.30662274925419 71.23381135855514
1.0214549767470693 2291.530828256483 0.0 1.1676459395691878 2933.966154522193 0.0 f_swap_t 100 3528.1337995529175 94.20978279109605 88.7054391124968 81.35845524950722 79.7973852744694 84.35018282922006 94.30662274925419 71.23381135855514
1.0214549767470693 2291.530828256483 0.0 1.1676459395691878 2933.966154522193 0.0 t_multiswap_k 100 3528.8614003658295 94.20978279109605 88.7054391124968 81.35845524950722 79.7973852744694 84.35018282922006 94.30662274925419 71.5214732449696
1.0214549767470693 2291.530828256483 0.0 1.1676459395691878 2933.966154522193 0.0 move_t 100 3532.245701313019 94.20978279109605 88.81838472137184 81.35845524950722 79.7973852744694 84.35018282922006 94.30662274925419 71.5214732449696
1.0214549767470693 2291.530828256483 0.0 1.1676459395691878 2933.966154522193 0.0 f_swap_t 100 3535.416216611862 94.20978279109605 88.81838472137184 81.35845524950722 79.99941142172472 84.35018282922006 94.30662274925419 71.5214732449696
1.0214549767470693 2291.530828256483 0.0 1.1676459395691878 2933.966154522193 0.0 f_swap_t 100 3539.8685672283173 94.20978279109605 88.81838472137184 81.35845524950722 80.19941730750747 84.35018282922006 94.30662274925419 71.5214732449696
1.0214549767470693 2291.530828256483 0.0 1.1745235425742 2964.1897404754995 0.0 t_move_k 100 3543.7269916534424 94.30768496318508 88.81838472137184 81.35845524950722 80.19941730750747 84.35018282922006 94.30662274925419 71.5214732449696
1.0214549767470693 2291.530828256483 0.0 1.1727629020804418 2956.452616181295 0.0 swap_t 100 3546.4638979434967 94.30768496318508 88.81838472137184 81.35845524950722 80.19941730750747 84.50668100092786 94.30662274925419 71.5214732449696
1.0214549767470693 2291.530828256483 0.0 1.1727629020804418 2956.452616181295 0.0 t_swap_r_k 100 3549.1470115184784 94.30768496318508 88.81838472137184 81.35845524950722 80.19941730750747 84.50668100092786 94.40355652176164 71.5214732449696
1.0214549767470693 2291.530828256483 0.0 1.1721939358115063 2953.9522972589657 0.0 t_multiswap_k 100 3550.6230704784393 94.30768496318508 88.81838472137184 81.35845524950722 80.19941730750747 84.50668100092786 94.40355652176164 71.8362585125199
1.0214549767470693 2291.530828256483 0.0 1.2101368896534126 3120.6923847469297 0.0 t_swap_k 100 3555.6112928390503 94.30768496318508 88.81838472137184 81.73487069701214 80.19941730750747 84.50668100092786 94.40355652176164 71.8362585125199
1.0214549767470693 2291.530828256483 0.0 1.2055426575969164 3100.5030589967005 0.0 t_swap_r_k 100 3557.6787011623383 94.30768496318508 88.81838472137184 81.73487069701214 80.19941730750747 84.50668100092786 94.49952095654403 71.8362585125199
1.0214549767470693 2291.530828256483 0.0 1.1940507793590949 3050.002067672743 0.0 move_t 100 3560.1857562065125 94.30768496318508 88.96020087415812 81.73487069701214 80.19941730750747 84.50668100092786 94.49952095654403 71.8362585125199
1.0214549767470693 2291.530828256483 0.0 1.1959400957346875 3058.304657372832 0.0 f_swap_t 100 3563.30068898201 94.30768496318508 88.96020087415812 81.73487069701214 80.4374231344324 84.50668100092786 94.49952095654403 71.8362585125199
1.0214549767470693 2291.530828256483 0.0 1.1917737103340813 3039.995501235432 0.0 f_swap_t 100 3566.5875997543335 94.30768496318508 88.96020087415812 81.73487069701214 80.63304890308807 84.50668100092786 94.49952095654403 71.8362585125199
1.0214549767470693 2291.530828256483 0.0 1.1914601474138526 3038.6175508267797 0.0 move_t 100 3569.690090894699 94.30768496318508 89.07059886541654 81.73487069701214 80.63304890308807 84.50668100092786 94.49952095654403 71.8362585125199
1.0214549767470693 2291.530828256483 0.0 1.1997420748401235 3075.012432189448 0.0 f_swap_t 100 3573.8386883735657 94.30768496318508 89.07059886541654 81.73487069701214 80.89671841405719 84.50668100092786 94.49952095654403 71.8362585125199
1.0214549767470693 2291.530828256483 0.0 1.1823871929134813 2998.7465056395863 0.0 t_multiswap_k 100 3574.497072458267 94.30768496318508 89.07059886541654 81.73487069701214 80.89671841405719 84.50668100092786 94.49952095654403 72.1478959273947
1.0214549767470693 2291.530828256483 0.0 1.181651710939572 2995.5144344311507 0.0 f_swap_t 100 3577.513142824173 94.30768496318508 89.07059886541654 81.73487069701214 81.08775122991662 84.50668100092786 94.49952095654403 72.1478959273947
1.0214549767470693 2291.530828256483 0.0 1.1744862766556725 2964.0259756157184 0.0 t_move_k 100 3579.8817727565765 94.45460811355323 89.07059886541654 81.73487069701214 81.08775122991662 84.50668100092786 94.49952095654403 72.1478959273947
1.0214549767470693 2291.530828256483 0.0 1.2443668550905 3164.49801372201 0.0 swap_t 100 3584.4222457408905 94.45460811355323 89.07059886541654 81.73487069701214 81.08775122991662 84.68161419091858 94.49952095654403 72.1478959273947
1.0214549767470693 2291.530828256483 0.0 1.225285823476399 3187.2642853300727 0.0 t_swap_k 100 3588.6437327861786 94.45460811355323 89.07059886541654 82.01752199004201 81.08775122991662 84.68161419091858 94.49952095654403 72.1478959273947
1.0214549767470693 2291.530828256483 0.0 1.2109496241093254 3124.263941533153 0.0 f_swap_t 100 3592.286397218704 94.45460811355323 89.07059886541654 82.01752199004201 81.30687371761745 84.68161419091858 94.49952095654403 72.1478959273947
1.0214549767470693 2291.530828256483 0.0 1.204579219728927 3096.2692369525034 0.0 t_swap_r_k 100 3594.5050003528595 94.45460811355323 89.07059886541654 82.01752199004201 81.30687371761745 84.68161419091858 94.59452574697859 72.1478959273947
1.0214549767470693 2291.530828256483 0.0 1.2136891104921395 3136.3025983295033 0.0 t_move_k 100 3596.549812555313 94.65006203241771 89.07059886541654 82.01752199004201 81.30687371761745 84.68161419091858 94.59452574697859 72.1478959273947
1.0214549767470693 2291.530828256483 0.0 1.1988426405080186 3071.0598733072447 0.0 t_swap_k 100 3600.221296072006 94.65006203241771 89.07059886541654 82.3973467701416 81.30687371761745 84.68161419091858 94.59452574697859 72.1478959273947