18
4 76 4 30

Solution history:
B_obj   B_dis   B_sim   C_obj   C_dis   C_sim   neighbor   iterations   time   scores
0.9047843251479548 3343.1376652761405 0.5 0.9047843251479548 3343.1376652761405 0.5 0 0 0 3.0 3.0 3.0 3.0 3.0 3.0 3.0
0.9047843251479548 3343.1376652761405 0.5 0.9105137332462501 3367.7011239087756 0.5 t_move_k 100 0.908989429473877 4.01 3.0 3.0 3.0 3.0 3.0 3.0
0.9047843251479548 3343.1376652761405 0.5 1.11643690455725 4183.319037685164 0.5454545454545454 move_t 100 1.8057901859283447 4.01 4.01 3.0 3.0 3.0 3.0 3.0
0.9047843251479548 3343.1376652761405 0.5 1.081603619564665 4112.907767119595 0.5151515151515151 move_t 100 2.7098474502563477 4.01 5.0999 3.0 3.0 3.0 3.0 3.0
0.9047843251479548 3343.1376652761405 0.5 1.1658698764893334 4478.718764098553 0.5151515151515151 move_t 100 3.6594302654266357 4.01 6.158901 3.0 3.0 3.0 3.0 3.0
0.9047843251479548 3343.1376652761405 0.5 1.1151896515650892 4334.517779172483 0.5833333333333334 t_swap_r_k 100 5.105633497238159 4.01 6.158901 3.0 3.0 3.0 4.04 3.0
0.9047843251479548 3343.1376652761405 0.5 1.1302008255861364 4398.874575855022 0.5833333333333334 t_swap_k 100 6.2061028480529785 4.01 6.158901 4.04 3.0 3.0 4.04 3.0
0.9047843251479548 3343.1376652761405 0.5 1.1282809739223247 4360.87103918474 0.5555555555555556 t_swap_r_k 100 7.668798446655273 4.01 6.158901 4.04 3.0 3.0 5.0396 3.0
0.9047843251479548 3343.1376652761405 0.5 1.1429251858403022 4453.427208756655 0.5833333333333334 move_t 100 8.52466368675232 4.01 7.16731199 4.04 3.0 3.0 5.0396 3.0
0.9047843251479548 3343.1376652761405 0.5 1.1239241560783524 4371.964865609202 0.5833333333333334 swap_t 100 9.216851472854614 4.01 7.16731199 4.04 3.0 3.9699999999999998 5.0396 3.0
0.9047843251479548 3343.1376652761405 0.5 1.1223652966200195 4365.281630768549 0.5833333333333334 swap_t 100 9.883793354034424 4.01 7.16731199 4.04 3.0 4.9303 5.0396 3.0
0.9047843251479548 3343.1376652761405 0.5 1.1223652966200195 4365.281630768549 0.5833333333333334 move_t 100 10.630500316619873 4.01 8.0956388701 4.04 3.0 4.9303 5.0396 3.0
0.9047843251479548 3343.1376652761405 0.5 1.1580528130899663 4518.283270636348 0.5833333333333334 t_swap_k 100 11.742422342300415 4.01 8.0956388701 5.1495999999999995 3.0 4.9303 5.0396 3.0
0.9047843251479548 3343.1376652761405 0.5 1.1631195365444122 4540.005628311185 0.5833333333333334 swap_t 100 12.549566984176636 4.01 8.0956388701 5.1495999999999995 3.0 5.890997 5.0396 3.0
0.9047843251479548 3343.1376652761405 0.5 1.1348692989015394 4418.889531884176 0.5833333333333334 f_swap_t 100 13.908130407333374 4.01 8.0956388701 5.1495999999999995 3.9699999999999998 5.890997 5.0396 3.0
0.9047843251479548 3343.1376652761405 0.5 1.2367323559085097 4815.003831698321 0.5454545454545454 t_swap_k 100 15.152898073196411 4.01 8.0956388701 6.318104 3.9699999999999998 5.890997 5.0396 3.0
0.9047843251479548 3343.1376652761405 0.5 1.1920561874747326 4662.3450142381635 0.5555555555555556 move_t 100 16.112796306610107 4.01 9.104682481399 6.318104 3.9699999999999998 5.890997 5.0396 3.0
0.9047843251479548 3343.1376652761405 0.5 1.1735031012959816 4549.503790921466 0.5555555555555556 move_t 100 17.030471563339233 4.01 10.08363565658501 6.318104 3.9699999999999998 5.890997 5.0396 3.0
0.9047843251479548 3343.1376652761405 0.5 1.1668918184919161 4548.058570049815 0.5757575757575758 t_move_k 100 18.07996106147766 5.289899999999999 10.08363565658501 6.318104 3.9699999999999998 5.890997 5.0396 3.0
0.9047843251479548 3343.1376652761405 0.5 1.159996410901514 4437.298074764394 0.5 t_swap_r_k 100 19.547581911087036 5.289899999999999 10.08363565658501 6.318104 3.9699999999999998 5.890997 6.029204 3.0
0.9047843251479548 3343.1376652761405 0.5 1.150010739010958 4426.006988714065 0.5277777777777778 move_t 100 20.40261435508728 5.289899999999999 11.04279930001916 6.318104 3.9699999999999998 5.890997 6.029204 3.0
0.9047843251479548 3343.1376652761405 0.5 1.141178485362242 4386.393381523054 0.5277777777777778 move_t 100 21.28136897087097 5.289899999999999 11.932371307018968 6.318104 3.9699999999999998 5.890997 6.029204 3.0
0.9047843251479548 3343.1376652761405 0.5 1.1379660168124204 4372.620695587893 0.5277777777777778 f_swap_t 100 22.69083595275879 5.289899999999999 11.932371307018968 6.318104 4.9902999999999995 5.890997 6.029204 3.0
0.9047843251479548 3343.1376652761405 0.5 1.1807516622170087 4585.206211509266 0.5757575757575758 move_t 100 23.643883228302002 5.289899999999999 12.983047593948779 6.318104 4.9902999999999995 5.890997 6.029204 3.0
0.9047843251479548 3343.1376652761405 0.5 1.2386239798008596 4823.113713981287 0.5454545454545454 t_move_k 100 24.65212631225586 6.337000999999999 12.983047593948779 6.318104 4.9902999999999995 5.890997 6.029204 3.0
0.9047843251479548 3343.1376652761405 0.5 1.2373588999967287 4817.689988719859 0.5454545454545454 f_swap_t 100 25.927494525909424 6.337000999999999 12.983047593948779 6.318104 6.140396999999999 5.890997 6.029204 3.0
0.9047843251479548 3343.1376652761405 0.5 1.2043216547746445 4657.10452710483 0.5277777777777778 t_swap_r_k 100 27.354103326797485 6.337000999999999 12.983047593948779 6.318104 6.140396999999999 5.890997 7.00891196 3.0
0.9047843251479548 3343.1376652761405 0.5 1.2655340552380265 4925.894784258288 0.5277777777777778 move_t 100 28.17574453353882 6.337000999999999 13.903217118009291 6.318104 6.140396999999999 5.890997 7.00891196 3.0
0.9047843251479548 3343.1376652761405 0.5 1.3084992084753642 4861.518047702977 0.5277777777777778 move_t 100 29.123045444488525 6.337000999999999 14.774184946829198 6.318104 6.140396999999999 5.890997 7.00891196 3.0
0.9047843251479548 3343.1376652761405 0.5 1.23718635151906 4827.776641225003 0.5555555555555556 t_multiswap_k 100 29.814584255218506 6.337000999999999 14.774184946829198 6.318104 6.140396999999999 5.890997 7.00891196 4.0600000000000005
0.9047843251479548 3343.1376652761405 0.5 1.1940735470631154 4642.940865762337 0.5555555555555556 t_swap_k 100 30.870981216430664 6.337000999999999 14.774184946829198 7.284922959999999 6.140396999999999 5.890997 7.00891196 4.0600000000000005
0.9047843251479548 3343.1376652761405 0.5 1.1889777349925987 4621.09379764529 0.5555555555555556 swap_t 100 31.551690816879272 6.337000999999999 14.774184946829198 7.284922959999999 6.140396999999999 6.832087029999999 7.00891196 4.0600000000000005
0.9047843251479548 3343.1376652761405 0.5 1.1786933425263189 4606.7745741475055 0.5833333333333334 f_swap_t 100 32.9057183265686 6.337000999999999 14.774184946829198 7.284922959999999 7.108993029999999 6.832087029999999 7.00891196 4.0600000000000005
0.9047843251479548 3343.1376652761405 0.5 1.1703321957088375 4570.928168995514 0.5833333333333334 move_t 100 33.92732572555542 6.337000999999999 15.626443097360907 7.284922959999999 7.108993029999999 6.832087029999999 7.00891196 4.0600000000000005
0.9047843251479548 3343.1376652761405 0.5 1.1646429933178681 4546.537082658891 0.5833333333333334 t_swap_r_k 100 35.359628438949585 6.337000999999999 15.626443097360907 7.284922959999999 7.108993029999999 6.832087029999999 7.9788228403999994 4.0600000000000005
0.9047843251479548 3343.1376652761405 0.5 1.144731895652157 4461.173042351207 0.5833333333333334 t_swap_k 100 36.41483950614929 6.337000999999999 15.626443097360907 8.2420737304 7.108993029999999 6.832087029999999 7.9788228403999994 4.0600000000000005
0.9047843251479548 3343.1376652761405 0.5 1.1415678011080377 4447.607748325922 0.5833333333333334 t_multiswap_k 100 37.16245245933533 6.337000999999999 15.626443097360907 8.2420737304 7.108993029999999 6.832087029999999 7.9788228403999994 5.019400000000001
0.9047843251479548 3343.1376652761405 0.5 1.1401062891014362 4441.341867261186 0.5833333333333334 t_swap_k 100 38.30450510978699 6.337000999999999 15.626443097360907 9.159652993096 7.108993029999999 6.832087029999999 7.9788228403999994 5.019400000000001
0.9047843251479548 3343.1376652761405 0.5 1.202605081861911 4709.290402995328 0.5833333333333334 t_move_k 100 39.46226143836975 7.383630989999999 15.626443097360907 9.159652993096 7.108993029999999 6.832087029999999 7.9788228403999994 5.019400000000001
0.9047843251479548 3343.1376652761405 0.5 1.1734035243925423 4584.0957517152465 0.5833333333333334 move_t 100 40.42923283576965 7.383630989999999 16.470178666387298 9.159652993096 7.108993029999999 6.832087029999999 7.9788228403999994 5.019400000000001
0.9047843251479548 3343.1376652761405 0.5 1.1643722071274636 4545.376152023095 0.5833333333333334 t_swap_r_k 100 41.95917820930481 7.383630989999999 16.470178666387298 9.159652993096 7.108993029999999 6.832087029999999 8.939034611996 5.019400000000001
0.9047843251479548 3343.1376652761405 0.5 1.1770831156099368 4559.272066495899 0.5454545454545454 t_swap_k 100 43.07547569274902 7.383630989999999 16.470178666387298 10.178056463165039 7.108993029999999 6.832087029999999 8.939034611996 5.019400000000001
0.9047843251479548 3343.1376652761405 0.5 1.1671180076661494 4516.549063954013 0.5454545454545454 t_move_k 100 44.21113896369934 8.349794680099999 16.470178666387298 10.178056463165039 7.108993029999999 6.832087029999999 8.939034611996 5.019400000000001
0.9047843251479548 3343.1376652761405 0.5 1.194625580874599 4569.522689804518 0.48484848484848486 t_move_k 100 45.15826916694641 9.356296733298999 16.470178666387298 10.178056463165039 7.108993029999999 6.832087029999999 8.939034611996 5.019400000000001
0.9047843251479548 3343.1376652761405 0.5 1.1707277236507365 4499.545614926004 0.5151515151515151 t_multiswap_k 100 45.9164502620697 9.356296733298999 16.470178666387298 10.178056463165039 7.108993029999999 6.832087029999999 8.939034611996 6.079206000000001
0.9047843251479548 3343.1376652761405 0.5 1.1437667316568558 4383.956849005571 0.5151515151515151 t_swap_k 100 46.957157611846924 9.356296733298999 16.470178666387298 11.076275898533389 7.108993029999999 6.832087029999999 8.939034611996 6.079206000000001
0.9047843251479548 3343.1376652761405 0.5 1.1333674865751093 4339.372587945145 0.5151515151515151 swap_t 100 47.88980579376221 9.356296733298999 16.470178666387298 11.076275898533389 7.108993029999999 7.763766159699999 8.939034611996 6.079206000000001
0.9047843251479548 3343.1376652761405 0.5 1.1613740482018717 4459.443982085495 0.5151515151515151 f_swap_t 100 49.268012285232544 9.356296733298999 16.470178666387298 11.076275898533389 8.077903099699999 7.763766159699999 8.939034611996 6.079206000000001
0.9047843251479548 3343.1376652761405 0.5 1.1462198180763372 4408.006882508063 0.5277777777777778 t_swap_r_k 100 50.77086043357849 9.356296733298999 16.470178666387298 11.076275898533389 8.077903099699999 7.763766159699999 9.91964426587604 6.079206000000001
0.9047843251479548 3343.1376652761405 0.5 1.1858693499830415 4607.7673448448195 0.5555555555555556 t_move_k 100 51.87122201919556 10.472733765966009 16.470178666387298 11.076275898533389 8.077903099699999 7.763766159699999 9.91964426587604 6.079206000000001
0.9047843251479548 3343.1376652761405 0.5 1.2468099239080055 4825.729741913808 0.5151515151515151 t_multiswap_k 100 52.7220356464386 10.472733765966009 16.470178666387298 11.076275898533389 8.077903099699999 7.763766159699999 9.91964426587604 7.088413940000001
0.9047843251479548 3343.1376652761405 0.5 1.3327977252953553 5178.14213142027 0.5 f_swap_t 100 54.19183802604675 10.472733765966009 16.470178666387298 11.076275898533389 9.157124068702998 7.763766159699999 9.91964426587604 7.088413940000001
0.9047843251479548 3343.1376652761405 0.5 1.3382711280729214 5185.368409961558 0.48484848484848486 t_swap_k 100 55.38996362686157 10.472733765966009 16.470178666387298 12.245513139548056 9.157124068702998 7.763766159699999 9.91964426587604 7.088413940000001
0.9047843251479548 3343.1376652761405 0.5 1.372926387728577 5366.423734871397 0.5151515151515151 t_swap_k 100 56.583359479904175 10.472733765966009 16.470178666387298 13.283058008152576 9.157124068702998 7.763766159699999 9.91964426587604 7.088413940000001
0.9047843251479548 3343.1376652761405 0.5 1.3050182717831813 5075.284027553076 0.5151515151515151 t_swap_k 100 57.72619271278381 10.472733765966009 16.470178666387298 14.21022742807105 9.157124068702998 7.763766159699999 9.91964426587604 7.088413940000001
0.9047843251479548 3343.1376652761405 0.5 1.3811313754119592 5369.121407554836 0.48484848484848486 t_move_k 100 59.1730854511261 11.608006428306348 16.470178666387298 14.21022742807105 9.157124068702998 7.763766159699999 9.91964426587604 7.088413940000001
0.9047843251479548 3343.1376652761405 0.5 1.3804918286591294 5398.858742492964 0.5151515151515151 t_move_k 100 60.3927366733551 12.681926364023285 16.470178666387298 14.21022742807105 9.157124068702998 7.763766159699999 9.91964426587604 7.088413940000001
0.9047843251479548 3343.1376652761405 0.5 1.3546915520781284 5288.2462646182385 0.5151515151515151 t_swap_k 100 61.89465260505676 12.681926364023285 16.470178666387298 15.238125153790339 9.157124068702998 7.763766159699999 9.91964426587604 7.088413940000001
0.9047843251479548 3343.1376652761405 0.5 1.355945188736964 5293.620930147619 0.5151515151515151 f_swap_t 100 63.45739030838013 12.681926364023285 16.470178666387298 15.238125153790339 10.195552828015968 7.763766159699999 9.91964426587604 7.088413940000001
0.9047843251479548 3343.1376652761405 0.5 1.3077017387737904 5086.788746589494 0.5151515151515151 f_swap_t 100 65.0014533996582 12.681926364023285 16.470178666387298 15.238125153790339 11.213597299735808 7.763766159699999 9.91964426587604 7.088413940000001
0.9047843251479548 3343.1376652761405 0.5 1.2755432173854895 4981.396061756148 0.5454545454545454 t_swap_k 100 66.35188746452332 12.681926364023285 16.470178666387298 16.115743902252436 11.213597299735808 7.763766159699999 9.91964426587604 7.088413940000001
0.9047843251479548 3343.1376652761405 0.5 1.314683329426685 5111.998789636143 0.5151515151515151 move_t 100 67.7226870059967 12.681926364023285 17.445476879723426 16.115743902252436 11.213597299735808 7.763766159699999 9.91964426587604 7.088413940000001
0.9047843251479548 3343.1376652761405 0.5 1.380726973287961 5383.627249631691 0.5 t_multiswap_k 100 68.72719669342041 12.681926364023285 17.445476879723426 16.115743902252436 11.213597299735808 7.763766159699999 9.91964426587604 8.057529800600001
0.9047843251479548 3343.1376652761405 0.5 1.2773191786047458 4970.063846134487 0.5277777777777778 t_multiswap_k 100 70.17930912971497 12.681926364023285 17.445476879723426 16.115743902252436 11.213597299735808 7.763766159699999 9.91964426587604 9.166954502594
0.9047843251479548 3343.1376652761405 0.5 1.2352850725312539 4789.852730434205 0.5277777777777778 t_swap_k 100 71.3366060256958 12.681926364023285 17.445476879723426 16.954586463229912 11.213597299735808 7.763766159699999 9.91964426587604 9.166954502594
0.9047843251479548 3343.1376652761405 0.5 1.2567523419476703 4881.888482682797 0.5277777777777778 t_move_k 100 72.73175168037415 13.655107100383052 17.445476879723426 16.954586463229912 11.213597299735808 7.763766159699999 9.91964426587604 9.166954502594
0.9047843251479548 3343.1376652761405 0.5 1.2354486181029736 4777.020876989757 0.5151515151515151 t_swap_r_k 100 74.1378161907196 13.655107100383052 17.445476879723426 16.954586463229912 11.213597299735808 7.763766159699999 10.89044782321728 9.166954502594
0.9047843251479548 3343.1376652761405 0.5 1.2261196194823794 4737.0250401128105 0.5151515151515151 f_swap_t 100 75.57328867912292 13.655107100383052 17.445476879723426 16.954586463229912 12.10146132673845 7.763766159699999 10.89044782321728 9.166954502594
0.9047843251479548 3343.1376652761405 0.5 1.2261196194823794 4737.0250401128105 0.5151515151515151 swap_t 100 76.30980229377747 13.655107100383052 17.445476879723426 16.954586463229912 12.10146132673845 8.686128498102999 10.89044782321728 9.166954502594
0.9047843251479548 3343.1376652761405 0.5 1.2824449816713333 5021.812128040102 0.5555555555555556 t_move_k 100 77.56848526000977 14.618556029379222 17.445476879723426 16.954586463229912 12.10146132673845 8.686128498102999 10.89044782321728 9.166954502594
0.9047843251479548 3343.1376652761405 0.5 1.3011280388323097 5091.084827585085 0.5454545454545454 t_multiswap_k 100 78.47906732559204 14.618556029379222 17.445476879723426 16.954586463229912 12.10146132673845 8.686128498102999 10.89044782321728 10.295284957568061
0.9047843251479548 3343.1376652761405 0.5 1.4436921266014782 5702.294050656361 0.5454545454545454 t_swap_k 100 79.77600717544556 14.618556029379222 17.445476879723426 17.975040598597612 12.10146132673845 8.686128498102999 10.89044782321728 10.295284957568061
0.9047843251479548 3343.1376652761405 0.5 1.364045927162881 5393.309372490335 0.5757575757575758 t_swap_r_k 100 81.29647779464722 14.618556029379222 17.445476879723426 17.975040598597612 12.10146132673845 8.686128498102999 11.851543344985107 10.295284957568061
0.9047843251479548 3343.1376652761405 0.5 1.3678808910269649 5358.325397523304 0.5277777777777778 t_swap_r_k 100 82.73031401634216 14.618556029379222 17.445476879723426 17.975040598597612 12.10146132673845 8.686128498102999 12.803027911535256 10.295284957568061
0.9047843251479548 3343.1376652761405 0.5 1.399970406941217 5466.128841136799 0.5 t_move_k 100 83.9763674736023 15.63237046908543 17.445476879723426 17.975040598597612 12.10146132673845 8.686128498102999 12.803027911535256 10.295284957568061
0.9047843251479548 3343.1376652761405 0.5 1.3537619663321176 5268.021270527906 0.5 t_move_k 100 85.54313206672668 16.596046764394575 17.445476879723426 17.975040598597612 12.10146132673845 8.686128498102999 12.803027911535256 10.295284957568061
0.9047843251479548 3343.1376652761405 0.5 1.3619247382304187 5303.017190946145 0.5 f_swap_t 100 86.99236536026001 16.596046764394575 17.445476879723426 17.975040598597612 12.990446713471066 8.686128498102999 12.803027911535256 10.295284957568061
0.9047843251479548 3343.1376652761405 0.5 1.3992671480712773 5463.113787947458 0.5 t_swap_k 100 88.45678806304932 16.596046764394575 17.445476879723426 18.985290192611636 12.990446713471066 8.686128498102999 12.803027911535256 10.295284957568061
0.9047843251479548 3343.1376652761405 0.5 1.32130180666228 5128.856146386021 0.5 t_swap_k 100 89.91861891746521 16.596046764394575 17.445476879723426 19.88543729068552 12.990446713471066 8.686128498102999 12.803027911535256 10.295284957568061
0.9047843251479548 3343.1376652761405 0.5 1.2786919256471332 4946.176534164213 0.5 move_t 100 90.96196413040161 16.596046764394575 18.271022110926193 19.88543729068552 12.990446713471066 8.686128498102999 12.803027911535256 10.295284957568061
0.9047843251479548 3343.1376652761405 0.5 1.2723772934591149 4919.104068061328 0.5 f_swap_t 100 92.41145896911621 16.596046764394575 18.271022110926193 19.88543729068552 13.860542246336355 8.686128498102999 12.803027911535256 10.295284957568061
0.9047843251479548 3343.1376652761405 0.5 1.368336418039179 5330.505725371725 0.5 f_swap_t 100 94.00419664382935 16.596046764394575 18.271022110926193 19.88543729068552 14.921936823872992 8.686128498102999 12.803027911535256 10.295284957568061
0.9047843251479548 3343.1376652761405 0.5 1.2968291034814463 5053.707954637988 0.5277777777777778 t_multiswap_k 100 95.3480315208435 16.596046764394575 18.271022110926193 19.88543729068552 14.921936823872992 8.686128498102999 12.803027911535256 11.28233210799238
0.9047843251479548 3343.1376652761405 0.5 1.2733958624056465 4953.243571944558 0.5277777777777778 move_t 100 96.43213152885437 16.596046764394575 19.11831188981693 19.88543729068552 14.921936823872992 8.686128498102999 12.803027911535256 11.28233210799238
0.9047843251479548 3343.1376652761405 0.5 1.2557671648670188 4896.6109950231985 0.5454545454545454 move_t 100 97.92652916908264 16.596046764394575 19.99712877091876 19.88543729068552 14.921936823872992 8.686128498102999 12.803027911535256 11.28233210799238
0.9047843251479548 3343.1376652761405 0.5 1.2373718642492504 4817.745569833135 0.5454545454545454 f_swap_t 100 99.54975700378418 16.596046764394575 19.99712877091876 19.88543729068552 15.772717455634261 8.686128498102999 12.803027911535256 11.28233210799238
0.9047843251479548 3343.1376652761405 0.5 1.3124390084041269 5194.7524917255905 0.6060606060606061 move_t 100 100.7497832775116 16.596046764394575 21.02715748320957 19.88543729068552 15.772717455634261 8.686128498102999 12.803027911535256 11.28233210799238
0.9047843251479548 3343.1376652761405 0.5 1.4769192383803609 5855.573710009799 0.5555555555555556 f_swap_t 100 102.73412156105042 16.596046764394575 21.02715748320957 19.88543729068552 16.744990281077918 8.686128498102999 12.803027911535256 11.28233210799238
0.9047843251479548 3343.1376652761405 0.5 1.3482495335906381 5333.705945357527 0.5833333333333334 t_multiswap_k 100 104.65267014503479 16.596046764394575 21.02715748320957 19.88543729068552 16.744990281077918 8.686128498102999 12.803027911535256 12.389508786912456
0.9047843251479548 3343.1376652761405 0.5 1.2653185621027787 4948.386725035119 0.5555555555555556 t_multiswap_k 100 106.40109038352966 16.596046764394575 21.02715748320957 19.88543729068552 16.744990281077918 8.686128498102999 12.803027911535256 13.355613699043332
0.9047843251479548 3343.1376652761405 0.5 1.2617327542650019 4992.558705952831 0.6111111111111112 f_swap_t 100 108.26105499267578 16.596046764394575 21.02715748320957 19.88543729068552 17.65754037826714 8.686128498102999 12.803027911535256 13.355613699043332
0.9047843251479548 3343.1376652761405 0.5 1.3564567829788008 5368.8925523115395 0.5833333333333334 t_swap_k 100 109.52159833908081 16.596046764394575 21.02715748320957 20.816582917778664 17.65754037826714 8.686128498102999 12.803027911535256 13.355613699043332
0.9047843251479548 3343.1376652761405 0.5 1.2991575022444504 5123.235673302214 0.5833333333333334 t_move_k 100 110.80822420120239 17.52008629675063 21.02715748320957 20.816582917778664 17.65754037826714 8.686128498102999 12.803027911535256 13.355613699043332
0.9047843251479548 3343.1376652761405 0.5 1.316436796476508 5197.316489642835 0.5833333333333334 move_t 100 111.92735552787781 17.52008629675063 21.886885908377476 20.816582917778664 17.65754037826714 8.686128498102999 12.803027911535256 13.355613699043332
0.9047843251479548 3343.1376652761405 0.5 1.3969466930128744 5566.842727368154 0.6060606060606061 f_swap_t 100 113.51839137077332 17.52008629675063 21.886885908377476 20.816582917778664 18.67096497448447 8.686128498102999 12.803027911535256 13.355613699043332
0.9047843251479548 3343.1376652761405 0.5 1.344444755522778 5287.6212402738465 0.5555555555555556 t_swap_r_k 100 114.96481442451477 17.52008629675063 21.886885908377476 20.816582917778664 18.67096497448447 8.686128498102999 13.714997632419903 13.355613699043332
0.9047843251479548 3343.1376652761405 0.5 1.4065453370864218 5553.86254131767 0.5555555555555556 t_swap_k 100 116.27936673164368 17.52008629675063 21.886885908377476 21.79841708860088 18.67096497448447 8.686128498102999 13.714997632419903 13.355613699043332
0.9047843251479548 3343.1376652761405 0.5 1.4016767483014687 5503.21700375462 0.5277777777777778 t_swap_k 100 117.52169108390808 17.52008629675063 21.886885908377476 22.84043291771487 18.67096497448447 8.686128498102999 13.714997632419903 13.355613699043332
0.9047843251479548 3343.1376652761405 0.5 1.4728781527378678 5808.475893059327 0.5277777777777778 f_swap_t 100 118.98404598236084 17.52008629675063 21.886885908377476 22.84043291771487 19.524255324739624 8.686128498102999 13.714997632419903 13.355613699043332
0.9047843251479548 3343.1376652761405 0.5 1.3969414184007705 5482.915416202794 0.5277777777777778 move_t 100 120.13764429092407 17.52008629675063 22.6980170492937 22.84043291771487 19.524255324739624 8.686128498102999 13.714997632419903 13.355613699043332
0.9047843251479548 3343.1376652761405 0.5 1.4252424432215935 5574.476615825808 0.5 move_t 100 121.45990419387817 17.52008629675063 23.551036878800762 22.84043291771487 19.524255324739624 8.686128498102999 13.714997632419903 13.355613699043332
0.9047843251479548 3343.1376652761405 0.5 1.4115958468003078 5575.515386481146 0.5555555555555556 t_multiswap_k 100 122.61964678764343 17.52008629675063 23.551036878800762 22.84043291771487 19.524255324739624 8.686128498102999 13.714997632419903 14.502057562052897
0.9047843251479548 3343.1376652761405 0.5 1.3488691120862422 5306.5896044675255 0.5555555555555556 t_multiswap_k 100 123.65484976768494 17.52008629675063 23.551036878800762 22.84043291771487 19.524255324739624 8.686128498102999 13.714997632419903 15.617036986432367
0.9047843251479548 3343.1376652761405 0.5 1.318802605793 5118.141424007375 0.5 t_multiswap_k 100 124.7724552154541 17.52008629675063 23.551036878800762 22.84043291771487 19.524255324739624 8.686128498102999 13.714997632419903 16.630866616568042
0.9047843251479548 3343.1376652761405 0.5 1.3287068496366834 5044.615143671604 0.5 swap_t 100 125.75857019424438 17.52008629675063 23.551036878800762 22.84043291771487 19.524255324739624 9.609267213121969 13.714997632419903 16.630866616568042
0.9047843251479548 3343.1376652761405 0.5 1.282956719290816 4931.610044390367 0.4166666666666667 move_t 100 126.9821400642395 17.52008629675063 24.345526510012753 22.84043291771487 19.524255324739624 9.609267213121969 13.714997632419903 16.630866616568042
0.9047843251479548 3343.1376652761405 0.5 1.2680818040239508 4870.915556063472 0.4722222222222222 swap_t 100 128.00225186347961 17.52008629675063 24.345526510012753 22.84043291771487 19.524255324739624 10.51317454099075 13.714997632419903 16.630866616568042
0.9047843251479548 3343.1376652761405 0.5 1.2661908199243743 4862.808416738078 0.4722222222222222 move_t 100 129.17319512367249 17.52008629675063 25.102071244912626 22.84043291771487 19.524255324739624 10.51317454099075 13.714997632419903 16.630866616568042
0.9047843251479548 3343.1376652761405 0.5 1.327761911317969 5126.779656081766 0.4722222222222222 f_swap_t 100 131.0492422580719 17.52008629675063 25.102071244912626 22.84043291771487 20.33901277149223 10.51317454099075 13.714997632419903 16.630866616568042
0.9047843251479548 3343.1376652761405 0.5 1.34864417491008 5186.53470201133 0.4444444444444444 t_move_k 100 132.4644787311554 18.654885433783125 25.102071244912626 22.84043291771487 20.33901277149223 10.51317454099075 13.714997632419903 16.630866616568042
0.9047843251479548 3343.1376652761405 0.5 1.276198221467295 4905.712742909718 0.4722222222222222 t_move_k 100 134.30221390724182 19.498336579445294 25.102071244912626 22.84043291771487 20.33901277149223 10.51317454099075 13.714997632419903 16.630866616568042
0.9047843251479548 3343.1376652761405 0.5 1.2635439386931824 4851.460550342032 0.4722222222222222 t_swap_r_k 100 135.88867902755737 19.498336579445294 25.102071244912626 22.84043291771487 20.33901277149223 10.51317454099075 14.617847656095705 16.630866616568042
0.9047843251479548 3343.1376652761405 0.5 1.254838034633361 4814.136081467709 0.4722222222222222 t_move_k 100 137.12087607383728 20.36335321365084 25.102071244912626 22.84043291771487 20.33901277149223 10.51317454099075 14.617847656095705 16.630866616568042
0.9047843251479548 3343.1376652761405 0.5 1.3517891377817925 5259.563242813035 0.5 f_swap_t 100 138.90245604515076 20.36335321365084 25.102071244912626 22.84043291771487 21.335622643777306 10.51317454099075 14.617847656095705 16.630866616568042
0.9047843251479548 3343.1376652761405 0.5 1.368880060966693 5332.836463614108 0.5 f_swap_t 100 140.42162942886353 20.36335321365084 25.102071244912626 22.84043291771487 22.202266417339533 10.51317454099075 14.617847656095705 16.630866616568042
0.9047843251479548 3343.1376652761405 0.5 1.292889851414311 4977.274090029812 0.4722222222222222 t_swap_k 100 141.62451219558716 20.36335321365084 25.102071244912626 23.67202858853772 22.202266417339533 10.51317454099075 14.617847656095705 16.630866616568042
0.9047843251479548 3343.1376652761405 0.5 1.2574011721312985 4825.124916757532 0.4722222222222222 t_multiswap_k 100 142.759605884552 20.36335321365084 25.102071244912626 23.67202858853772 22.202266417339533 10.51317454099075 14.617847656095705 17.494557950402363
0.9047843251479548 3343.1376652761405 0.5 1.2506867667319785 4796.33851920313 0.4722222222222222 f_swap_t 100 144.30351877212524 20.36335321365084 25.102071244912626 23.67202858853772 22.98024375316614 10.51317454099075 14.617847656095705 17.494557950402363
0.9047843251479548 3343.1376652761405 0.5 1.2631107385925202 4879.375943754671 0.5 move_t 100 145.40265727043152 20.36335321365084 25.8910505324635 23.67202858853772 22.98024375316614 10.51317454099075 14.617847656095705 17.494557950402363
0.9047843251479548 3343.1376652761405 0.5 1.2407105370331157 4753.567834812435 0.4722222222222222 t_move_k 100 146.86252856254578 21.18971968151433 25.8910505324635 23.67202858853772 22.98024375316614 10.51317454099075 14.617847656095705 17.494557950402363
0.9047843251479548 3343.1376652761405 0.5 1.35943706679123 5243.633041591552 0.45454545454545453 f_swap_t 100 149.04026460647583 21.18971968151433 25.8910505324635 23.67202858853772 23.900441315634477 10.51317454099075 14.617847656095705 17.494557950402363
0.9047843251479548 3343.1376652761405 0.5 1.3338742289833467 5134.038525324934 0.45454545454545453 t_move_k 100 150.26976346969604 22.117822484699186 25.8910505324635 23.67202858853772 23.900441315634477 10.51317454099075 14.617847656095705 17.494557950402363
0.9047843251479548 3343.1376652761405 0.5 1.2943964066577391 5043.27835235278 0.5277777777777778 t_multiswap_k 100 151.61151695251465 22.117822484699186 25.8910505324635 23.67202858853772 23.900441315634477 10.51317454099075 14.617847656095705 18.60961237089834
0.9047843251479548 3343.1376652761405 0.5 1.2579023348245182 4916.591435044522 0.5555555555555556 t_swap_r_k 100 153.2618556022644 22.117822484699186 25.8910505324635 23.67202858853772 23.900441315634477 10.51317454099075 15.571669179534748 18.60961237089834
0.9047843251479548 3343.1376652761405 0.5 1.2743770798723566 4943.917290004719 0.5151515151515151 t_multiswap_k 100 154.3915433883667 22.117822484699186 25.8910505324635 23.67202858853772 23.900441315634477 10.51317454099075 15.571669179534748 19.713516247189357
0.9047843251479548 3343.1376652761405 0.5 1.2354850969736786 4809.656509126026 0.5454545454545454 move_t 100 155.322363615036 22.117822484699186 26.662140027138864 23.67202858853772 23.900441315634477 10.51317454099075 15.571669179534748 19.713516247189357
0.9047843251479548 3343.1376652761405 0.5 1.3671788720332325 5295.770390786396 0.4722222222222222 t_swap_k 100 157.19173216819763 22.117822484699186 26.662140027138864 24.535308302652343 23.900441315634477 10.51317454099075 15.571669179534748 19.713516247189357
0.9047843251479548 3343.1376652761405 0.5 1.3408202349798568 5196.297092468448 0.48484848484848486 f_swap_t 100 159.0398828983307 22.117822484699186 26.662140027138864 24.535308302652343 24.67143690247813 10.51317454099075 15.571669179534748 19.713516247189357
0.9047843251479548 3343.1376652761405 0.5 1.38809306420044 5437.939051930562 0.5151515151515151 move_t 100 160.2577610015869 22.117822484699186 27.595518626867477 24.535308302652343 24.67143690247813 10.51317454099075 15.571669179534748 19.713516247189357
0.9047843251479548 3343.1376652761405 0.5 1.299350105057867 5064.516142302896 0.5277777777777778 t_multiswap_k 100 161.78524255752563 22.117822484699186 27.595518626867477 24.535308302652343 24.67143690247813 10.51317454099075 15.571669179534748 20.736381084717465
0.9047843251479548 3343.1376652761405 0.5 1.253698696193031 4868.796711266633 0.5277777777777778 t_move_k 100 164.44415020942688 22.956644259852194 27.595518626867477 24.535308302652343 24.67143690247813 10.51317454099075 15.571669179534748 20.736381084717465
0.9047843251479548 3343.1376652761405 0.5 1.3256316685596552 5147.419387435797 0.5 f_swap_t 100 167.62834668159485 22.956644259852194 27.595518626867477 24.535308302652343 25.44472253345335 10.51317454099075 15.571669179534748 20.736381084717465
0.9047843251479548 3343.1376652761405 0.5 1.356191010556972 5278.435213174409 0.5 swap_t 100 169.16309928894043 22.956644259852194 27.595518626867477 24.535308302652343 25.44472253345335 11.418042795580842 15.571669179534748 20.736381084717465
0.9047843251479548 3343.1376652761405 0.5 1.3914056476070538 5459.182130921254 0.5277777777777778 t_move_k 100 171.18841648101807 23.977077817253672 27.595518626867477 24.535308302652343 25.44472253345335 11.418042795580842 15.571669179534748 20.736381084717465
0.9047843251479548 3343.1376652761405 0.5 1.3083175876827338 5102.962066334792 0.5277777777777778 t_move_k 100 174.0832929611206 24.857307039081135 27.595518626867477 24.535308302652343 25.44472253345335 11.418042795580842 15.571669179534748 20.736381084717465
0.9047843251479548 3343.1376652761405 0.5 1.2900266188955727 5024.543938764523 0.5277777777777778 t_move_k 100 177.37510061264038 25.608733968690323 27.595518626867477 24.535308302652343 25.44472253345335 11.418042795580842 15.571669179534748 20.736381084717465
0.9047843251479548 3343.1376652761405 0.5 1.2858933685600102 5006.823622478078 0.5277777777777778 swap_t 100 179.6947865486145 25.608733968690323 27.595518626867477 24.535308302652343 25.44472253345335 12.303862367625033 15.571669179534748 20.736381084717465
0.9047843251479548 3343.1376652761405 0.5 1.3202533708661073 5154.1338647898765 0.5277777777777778 t_swap_k 100 182.41702318191528 25.608733968690323 27.595518626867477 25.48995521962582 25.44472253345335 12.303862367625033 15.571669179534748 20.736381084717465
0.9047843251479548 3343.1376652761405 0.5 1.3234194580311922 5167.707701698094 0.5277777777777778 t_move_k 100 184.97666835784912 26.36264662900342 27.595518626867477 25.48995521962582 25.44472253345335 12.303862367625033 15.571669179534748 20.736381084717465
0.9047843251479548 3343.1376652761405 0.5 1.2830950057202115 4994.826315134069 0.5277777777777778 t_move_k 100 186.66914081573486 27.28902016271339 27.595518626867477 25.48995521962582 25.44472253345335 12.303862367625033 15.571669179534748 20.736381084717465
0.9047843251479548 3343.1376652761405 0.5 1.274595966509093 4958.388729523512 0.5277777777777778 t_swap_k 100 189.1701271533966 27.28902016271339 27.595518626867477 26.26505566742956 25.44472253345335 12.303862367625033 15.571669179534748 20.736381084717465
0.9047843251479548 3343.1376652761405 0.5 1.270740062559468 4941.857469132721 0.5277777777777778 t_swap_r_k 100 193.4158811569214 27.28902016271339 27.595518626867477 26.26505566742956 25.44472253345335 12.303862367625033 16.4559524877394 20.736381084717465
0.9047843251479548 3343.1376652761405 0.5 1.3171183605088248 5170.465896826762 0.5555555555555556 t_swap_k 100 196.20641160011292 27.28902016271339 27.595518626867477 27.112405110755265 25.44472253345335 12.303862367625033 16.4559524877394 20.736381084717465
0.9047843251479548 3343.1376652761405 0.5 1.2920106614233915 5051.996265733693 0.5454545454545454 f_swap_t 100 199.05568766593933 27.28902016271339 27.595518626867477 27.112405110755265 26.22027530811882 12.303862367625033 16.4559524877394 20.736381084717465
0.9047843251479548 3343.1376652761405 0.5 1.3210049090227542 5176.302125828252 0.5454545454545454 move_t 100 201.35450387001038 27.28902016271339 28.419563440598804 27.112405110755265 26.22027530811882 12.303862367625033 16.4559524877394 20.736381084717465
0.9047843251479548 3343.1376652761405 0.5 1.350638365277017 5270.869201471163 0.5151515151515151 t_swap_k 100 203.72934103012085 27.28902016271339 28.419563440598804 27.951281059647712 26.22027530811882 12.303862367625033 16.4559524877394 20.736381084717465
0.9047843251479548 3343.1376652761405 0.5 1.3202414578200408 5140.549774739868 0.5151515151515151 t_move_k 100 205.48047804832458 28.046129961086255 28.419563440598804 27.951281059647712 26.22027530811882 12.303862367625033 16.4559524877394 20.736381084717465
0.9047843251479548 3343.1376652761405 0.5 1.3848602471133105 5417.58728550271 0.5151515151515151 f_swap_t 100 206.88672280311584 28.046129961086255 28.419563440598804 27.951281059647712 27.14807255503763 12.303862367625033 16.4559524877394 20.736381084717465
0.9047843251479548 3343.1376652761405 0.5 1.3377381617758752 5183.083445203335 0.48484848484848486 t_swap_k 100 208.78985595703125 28.046129961086255 28.419563440598804 28.861768249051234 27.14807255503763 12.303862367625033 16.4559524877394 20.736381084717465
0.9047843251479548 3343.1376652761405 0.5 1.284269367584177 4953.848855568248 0.48484848484848486 f_swap_t 100 210.91983580589294 28.046129961086255 28.419563440598804 28.861768249051234 27.906591829487255 12.303862367625033 16.4559524877394 20.736381084717465
0.9047843251479548 3343.1376652761405 0.5 1.297940334979364 5012.45983881793 0.48484848484848486 move_t 100 213.10416293144226 28.046129961086255 29.175367806192817 28.861768249051234 27.906591829487255 12.303862367625033 16.4559524877394 20.736381084717465
0.9047843251479548 3343.1376652761405 0.5 1.2764022530804602 4920.12049508931 0.48484848484848486 f_swap_t 100 216.1907844543457 28.046129961086255 29.175367806192817 28.861768249051234 28.657525911192383 12.303862367625033 16.4559524877394 20.736381084717465
0.9047843251479548 3343.1376652761405 0.5 1.2692753476948742 4905.8052219757665 0.5 t_multiswap_k 100 217.97950196266174 28.046129961086255 29.175367806192817 28.861768249051234 28.657525911192383 12.303862367625033 16.4559524877394 21.55901727387029
0.9047843251479548 3343.1376652761405 0.5 1.295829203879812 5035.888109956622 0.5151515151515151 t_swap_k 100 220.93076848983765 28.046129961086255 29.175367806192817 29.64315056656072 28.657525911192383 12.303862367625033 16.4559524877394 21.55901727387029
0.9047843251479548 3343.1376652761405 0.5 1.2828075362969589 4980.060843420223 0.5151515151515151 t_swap_k 100 223.391286611557 28.046129961086255 29.175367806192817 30.356719060895113 28.657525911192383 12.303862367625033 16.4559524877394 21.55901727387029
0.9047843251479548 3343.1376652761405 0.5 1.2867712136686777 4980.814537548438 0.5 t_swap_k 100 226.55726385116577 28.046129961086255 29.175367806192817 31.09315187028616 28.657525911192383 12.303862367625033 16.4559524877394 21.55901727387029
0.9047843251479548 3343.1376652761405 0.5 1.3684352669159514 5063.943080062757 0.5 swap_t 100 229.31326341629028 28.046129961086255 29.175367806192817 31.09315187028616 28.657525911192383 13.190823743948783 16.4559524877394 21.55901727387029
0.9047843251479548 3343.1376652761405 0.5 1.3082628314994318 5072.954677764877 0.5 t_move_k 100 231.49160170555115 28.885668661475393 29.175367806192817 31.09315187028616 28.657525911192383 13.190823743948783 16.4559524877394 21.55901727387029
0.9047843251479548 3343.1376652761405 0.5 1.2988508757288266 5002.830547458862 0.4722222222222222 t_multiswap_k 100 234.27782464027405 28.885668661475393 29.175367806192817 31.09315187028616 28.657525911192383 13.190823743948783 16.4559524877394 22.523427101131585
0.9047843251479548 3343.1376652761405 0.5 1.2611967240150566 4841.3974321876085 0.4722222222222222 t_move_k 100 237.3714258670807 29.656811974860638 29.175367806192817 31.09315187028616 28.657525911192383 13.190823743948783 16.4559524877394 22.523427101131585
0.9047843251479548 3343.1376652761405 0.5 1.2830226190042517 4905.1980706791055 0.4444444444444444 t_swap_k 100 239.73716568946838 29.656811974860638 29.175367806192817 31.8322203515833 28.657525911192383 13.190823743948783 16.4559524877394 22.523427101131585
0.9047843251479548 3343.1376652761405 0.5 1.281770894414334 4975.616490781372 0.5151515151515151 t_move_k 100 242.10995769500732 30.54024385511203 29.175367806192817 31.8322203515833 28.657525911192383 13.190823743948783 16.4559524877394 22.523427101131585
0.9047843251479548 3343.1376652761405 0.5 1.2346523179617996 4773.606931737245 0.5151515151515151 f_swap_t 100 245.3143494129181 30.54024385511203 29.175367806192817 31.8322203515833 29.37095065208046 13.190823743948783 16.4559524877394 22.523427101131585
0.9047843251479548 3343.1376652761405 0.5 1.2294198878474556 4751.174146629811 0.5151515151515151 t_swap_r_k 100 249.82535028457642 30.54024385511203 29.175367806192817 31.8322203515833 29.37095065208046 13.190823743948783 17.331392962862004 22.523427101131585
0.9047843251479548 3343.1376652761405 0.5 1.2999333464993268 5053.483633914304 0.5151515151515151 t_swap_k 100 252.03425574302673 30.54024385511203 29.175367806192817 32.62389814806747 29.37095065208046 13.190823743948783 17.331392962862004 22.523427101131585
0.9047843251479548 3343.1376652761405 0.5 1.2600755842738507 4882.603068798652 0.5151515151515151 t_swap_k 100 253.99586129188538 30.54024385511203 29.175367806192817 33.29765916658679 29.37095065208046 13.190823743948783 17.331392962862004 22.523427101131585
0.9047843251479548 3343.1376652761405 0.5 1.2508311649030421 4842.969845104018 0.5151515151515151 swap_t 100 254.84426474571228 30.54024385511203 29.175367806192817 33.29765916658679 29.37095065208046 14.058915506509296 17.331392962862004 22.523427101131585
0.9047843251479548 3343.1376652761405 0.5 1.2463091774166908 4823.582911820049 0.5151515151515151 move_t 100 256.6489725112915 30.54024385511203 29.913614128130888 33.29765916658679 29.37095065208046 14.058915506509296 17.331392962862004 22.523427101131585
0.9047843251479548 3343.1376652761405 0.5 1.2775156807596058 4957.373286110362 0.5151515151515151 swap_t 100 258.3548653125763 30.54024385511203 29.913614128130888 33.29765916658679 29.37095065208046 14.958326351444203 17.331392962862004 22.523427101131585
0.9047843251479548 3343.1376652761405 0.5 1.3001560124040181 5038.198641525863 0.5 t_multiswap_k 100 260.41448640823364 30.54024385511203 29.913614128130888 33.29765916658679 29.37095065208046 14.958326351444203 17.331392962862004 23.368192830120268
0.9047843251479548 3343.1376652761405 0.5 1.3679932323428874 5329.034399274937 0.5 swap_t 100 262.2702660560608 30.54024385511203 29.913614128130888 33.29765916658679 29.37095065208046 15.848743087929762 17.331392962862004 23.368192830120268
0.9047843251479548 3343.1376652761405 0.5 1.3271221852586175 5153.809619140029 0.5 swap_t 100 264.22313690185547 30.54024385511203 29.913614128130888 33.29765916658679 29.37095065208046 16.690255657050464 17.331392962862004 23.368192830120268
0.9047843251479548 3343.1376652761405 0.5 1.3531134185082077 5205.695508565578 0.4444444444444444 t_swap_k 100 267.9617655277252 30.54024385511203 29.913614128130888 34.124682574920925 29.37095065208046 16.690255657050464 17.331392962862004 23.368192830120268
0.9047843251479548 3343.1376652761405 0.5 1.3361682450839747 5192.592424012076 0.5 t_swap_k 100 271.2077214717865 30.54024385511203 29.913614128130888 35.003435749171715 29.37095065208046 16.690255657050464 17.331392962862004 23.368192830120268
0.9047843251479548 3343.1376652761405 0.5 1.261318888822297 4931.239088231519 0.5555555555555556 t_multiswap_k 100 272.77520871162415 30.54024385511203 29.913614128130888 35.003435749171715 29.37095065208046 16.690255657050464 17.331392962862004 24.254510901819067
0.9047843251479548 3343.1376652761405 0.5 1.2146404049945625 4671.571051204303 0.5 t_multiswap_k 100 274.8488268852234 30.54024385511203 29.913614128130888 35.003435749171715 29.37095065208046 16.690255657050464 17.331392962862004 25.101965792800875
0.9047843251479548 3343.1376652761405 0.5 1.2215844193099386 4671.569207129419 0.4722222222222222 f_swap_t 100 278.77639651298523 30.54024385511203 29.913614128130888 35.003435749171715 30.117241145559653 16.690255657050464 17.331392962862004 25.101965792800875
0.9047843251479548 3343.1376652761405 0.5 1.216673903083656 4650.516550359331 0.4722222222222222 swap_t 100 280.5262279510498 30.54024385511203 29.913614128130888 35.003435749171715 30.117241145559653 17.52335310047996 17.331392962862004 25.101965792800875
0.9047843251479548 3343.1376652761405 0.5 1.2359684766756702 4770.262797407293 0.4722222222222222 move_t 100 282.3613154888153 30.54024385511203 30.71447798684958 35.003435749171715 30.117241145559653 17.52335310047996 17.331392962862004 25.101965792800875
0.9047843251479548 3343.1376652761405 0.5 1.27674685125724 4856.6394013452655 0.42424242424242425 t_multiswap_k 100 284.78025460243225 30.54024385511203 30.71447798684958 35.003435749171715 30.117241145559653 17.52335310047996 17.331392962862004 26.100946134872867
0.9047843251479548 3343.1376652761405 0.5 1.2126488368258301 4744.230776273394 0.5757575757575758 t_multiswap_k 100 286.7884964942932 30.54024385511203 30.71447798684958 35.003435749171715 30.117241145559653 17.52335310047996 17.331392962862004 26.92993667352414
0.9047843251479548 3343.1376652761405 0.5 1.1592674301978259 4523.490649229657 0.5833333333333334 t_multiswap_k 100 287.9985508918762 30.54024385511203 30.71447798684958 35.003435749171715 30.117241145559653 17.52335310047996 17.331392962862004 27.780637306788897
0.9047843251479548 3343.1376652761405 0.5 1.3027042185539015 4989.578193035157 0.4444444444444444 t_multiswap_k 100 289.08015155792236 30.54024385511203 30.71447798684958 35.003435749171715 30.117241145559653 17.52335310047996 17.331392962862004 28.722830933721006
0.9047843251479548 3343.1376652761405 0.5 1.2325126452250545 4796.912837474052 0.5454545454545454 t_multiswap_k 100 290.0621302127838 30.54024385511203 30.71447798684958 35.003435749171715 30.117241145559653 17.52335310047996 17.331392962862004 29.585602624383796
0.9047843251479548 3343.1376652761405 0.5 1.2004076782694395 4659.270516629251 0.5454545454545454 t_move_k 100 291.1765739917755 31.264841416560913 30.71447798684958 35.003435749171715 30.117241145559653 17.52335310047996 17.331392962862004 29.585602624383796
0.9047843251479548 3343.1376652761405 0.5 1.2128766811364469 4712.728366176583 0.5454545454545454 t_move_k 100 292.4155113697052 31.992193002395304 30.71447798684958 35.003435749171715 30.117241145559653 17.52335310047996 17.331392962862004 29.585602624383796
0.9047843251479548 3343.1376652761405 0.5 1.2073164436684962 4688.890185916346 0.5454545454545454 f_swap_t 100 293.91234588623047 31.992193002395304 30.71447798684958 35.003435749171715 30.816068734104057 17.52335310047996 17.331392962862004 29.585602624383796
0.9047843251479548 3343.1376652761405 0.5 1.2822226898711606 5010.0326928487075 0.5454545454545454 f_swap_t 100 295.43575739860535 31.992193002395304 30.71447798684958 35.003435749171715 31.527908046763017 17.52335310047996 17.331392962862004 29.585602624383796
0.9047843251479548 3343.1376652761405 0.5 1.2648195052369144 4916.474504194692 0.5277777777777778 t_swap_r_k 100 296.93856501579285 31.992193002395304 30.71447798684958 35.003435749171715 31.527908046763017 17.52335310047996 18.198079033233384 29.585602624383796
0.9047843251479548 3343.1376652761405 0.5 1.2643216149814962 4914.339919525081 0.5277777777777778 t_move_k 100 298.12162804603577 32.77227107237135 30.71447798684958 35.003435749171715 31.527908046763017 17.52335310047996 18.198079033233384 29.585602624383796
0.9047843251479548 3343.1376652761405 0.5 1.2579327948371894 4886.94939041044 0.5277777777777778 t_multiswap_k 100 299.0600678920746 32.77227107237135 30.71447798684958 35.003435749171715 31.527908046763017 17.52335310047996 18.198079033233384 30.289746598139956
0.9047843251479548 3343.1376652761405 0.5 1.3014727726050186 5092.56279068702 0.5454545454545454 f_swap_t 100 300.52698135375977 32.77227107237135 30.71447798684958 35.003435749171715 32.37262896629539 17.52335310047996 18.198079033233384 30.289746598139956
0.9047843251479548 3343.1376652761405 0.5 1.2699477446221805 4908.687962011951 0.5 t_swap_r_k 100 302.0388240814209 32.77227107237135 30.71447798684958 35.003435749171715 32.37262896629539 17.52335310047996 19.05609824290105 30.289746598139956
0.9047843251479548 3343.1376652761405 0.5 1.3318662948471567 5174.148847490937 0.5 f_swap_t 100 303.5557243824005 32.77227107237135 30.71447798684958 35.003435749171715 33.128902676632435 17.52335310047996 19.05609824290105 30.289746598139956
0.9047843251479548 3343.1376652761405 0.5 1.3345321917772428 5185.578239120507 0.5 move_t 100 304.6470413208008 32.77227107237135 31.577333206981084 35.003435749171715 33.128902676632435 17.52335310047996 19.05609824290105 30.289746598139956
0.9047843251479548 3343.1376652761405 0.5 1.2623440261107892 4876.0888484727475 0.5 t_move_k 100 305.650671005249 33.69454836164764 31.577333206981084 35.003435749171715 33.128902676632435 17.52335310047996 19.05609824290105 30.289746598139956
0.9047843251479548 3343.1376652761405 0.5 1.2289406355304486 4762.65248336802 0.5277777777777778 t_move_k 100 306.59826612472534 34.467602878031165 31.577333206981084 35.003435749171715 33.128902676632435 17.52335310047996 19.05609824290105 30.289746598139956
0.9047843251479548 3343.1376652761405 0.5 1.2212628811154038 4729.735958706145 0.5277777777777778 t_move_k 100 307.6276156902313 35.16292684925085 31.577333206981084 35.003435749171715 33.128902676632435 17.52335310047996 19.05609824290105 30.289746598139956
0.9047843251479548 3343.1376652761405 0.5 1.2031830405553565 4652.222992608739 0.5277777777777778 f_swap_t 100 308.99663972854614 35.16292684925085 31.577333206981084 35.003435749171715 33.79761364986611 17.52335310047996 19.05609824290105 30.289746598139956
0.9047843251479548 3343.1376652761405 0.5 1.2980001662877072 5028.955970033831 0.5 t_multiswap_k 100 310.10670137405396 35.16292684925085 31.577333206981084 35.003435749171715 33.79761364986611 17.52335310047996 19.05609824290105 31.156849132158555
0.9047843251479548 3343.1376652761405 0.5 1.2597903503723866 4894.9132128095125 0.5277777777777778 t_move_k 100 311.1919939517975 35.901297580758346 31.577333206981084 35.003435749171715 33.79761364986611 17.52335310047996 19.05609824290105 31.156849132158555
0.9047843251479548 3343.1376652761405 0.5 1.2393499280219118 4807.279820280036 0.5277777777777778 t_move_k 100 312.2418031692505 36.57228460495076 31.577333206981084 35.003435749171715 33.79761364986611 17.52335310047996 19.05609824290105 31.156849132158555
0.9047843251479548 3343.1376652761405 0.5 1.2646402729059043 4915.7060887017005 0.5277777777777778 t_swap_k 100 313.42599391937256 36.57228460495076 31.577333206981084 35.783401391679995 33.79761364986611 17.52335310047996 19.05609824290105 31.156849132158555
0.9047843251479548 3343.1376652761405 0.5 1.3520607453180815 5320.272963990154 0.5555555555555556 t_multiswap_k 100 314.4098570346832 36.57228460495076 31.577333206981084 35.783401391679995 33.79761364986611 17.52335310047996 19.05609824290105 31.97528064083697
0.9047843251479548 3343.1376652761405 0.5 1.3024318226305431 5107.500899493593 0.5555555555555556 t_swap_r_k 100 315.9577281475067 36.57228460495076 31.577333206981084 35.783401391679995 33.79761364986611 17.52335310047996 19.90553726047204 31.97528064083697
0.9047843251479548 3343.1376652761405 0.5 1.32970730353603 5280.5091886835435 0.5555555555555556 swap_t 100 316.80448627471924 36.57228460495076 31.577333206981084 35.783401391679995 33.79761364986611 18.38811956947516 19.90553726047204 31.97528064083697
0.9047843251479548 3343.1376652761405 0.5 1.2887207688298172 5070.370880595959 0.5757575757575758 f_swap_t 100 318.1482472419739 36.57228460495076 31.577333206981084 35.783401391679995 34.48963751336745 18.38811956947516 19.90553726047204 31.97528064083697
0.9047843251479548 3343.1376652761405 0.5 1.2655323791675466 4970.9562394228005 0.5757575757575758 f_swap_t 100 319.6574561595917 36.57228460495076 31.577333206981084 35.783401391679995 35.20474113823377 18.38811956947516 19.90553726047204 31.97528064083697
0.9047843251479548 3343.1376652761405 0.5 1.2658041058124152 4890.9231076419965 0.5 t_multiswap_k 100 320.70183062553406 36.57228460495076 31.577333206981084 35.783401391679995 35.20474113823377 18.38811956947516 19.90553726047204 32.8455278344286
0.9047843251479548 3343.1376652761405 0.5 1.231595628369587 4803.807760940588 0.5555555555555556 move_t 100 321.67262172698975 36.57228460495076 32.421559874911274 35.783401391679995 35.20474113823377 18.38811956947516 19.90553726047204 32.8455278344286
0.9047843251479548 3343.1376652761405 0.5 1.2646293428405968 4908.2822563397895 0.5555555555555556 move_t 100 322.61918592453003 36.57228460495076 33.16734427616216 35.783401391679995 35.20474113823377 18.38811956947516 19.90553726047204 32.8455278344286
0.9047843251479548 3343.1376652761405 0.5 1.1919220481882284 4574.171562803422 0.5 t_swap_k 100 323.8038868904114 36.57228460495076 33.16734427616216 36.5155673777632 35.20474113823377 18.38811956947516 19.90553726047204 32.8455278344286
0.9047843251479548 3343.1376652761405 0.5 1.1639229760857797 4543.450182024172 0.5833333333333334 t_multiswap_k 100 324.7328758239746 36.57228460495076 33.16734427616216 36.5155673777632 35.20474113823377 18.38811956947516 19.90553726047204 33.57707255608432
0.9047843251479548 3343.1376652761405 0.5 1.1548723344573661 4508.419025386892 0.5833333333333334 move_t 100 325.68261075019836 36.57228460495076 33.86567083340054 36.5155673777632 35.20474113823377 18.38811956947516 19.90553726047204 33.57707255608432
0.9047843251479548 3343.1376652761405 0.5 1.2164696128221433 4738.958608846363 0.5555555555555556 t_move_k 100 326.8342089653015 37.32656175890125 33.86567083340054 36.5155673777632 35.20474113823377 18.38811956947516 19.90553726047204 33.57707255608432
0.9047843251479548 3343.1376652761405 0.5 1.156743273204825 4482.896298866171 0.5555555555555556 t_move_k 100 327.81237506866455 38.04329614131224 33.86567083340054 36.5155673777632 35.20474113823377 18.38811956947516 19.90553726047204 33.57707255608432
0.9047843251479548 3343.1376652761405 0.5 1.168251423349539 4562.007358172705 0.5833333333333334 t_move_k 100 329.1264500617981 38.85286317989912 33.86567083340054 36.5155673777632 35.20474113823377 18.38811956947516 19.90553726047204 33.57707255608432
0.9047843251479548 3343.1376652761405 0.5 1.1831843713844965 4506.938241325385 0.4722222222222222 t_swap_r_k 100 330.5752866268158 38.85286317989912 33.86567083340054 36.5155673777632 35.20474113823377 18.38811956947516 20.746481887867322 33.57707255608432
0.9047843251479548 3343.1376652761405 0.5 1.1853265827157118 4570.9152875147365 0.5277777777777778 move_t 100 331.34320545196533 38.85286317989912 34.597014125066536 36.5155673777632 35.20474113823377 18.38811956947516 20.746481887867322 33.57707255608432
0.9047843251479548 3343.1376652761405 0.5 1.1691720735993438 4506.409155376842 0.5277777777777778 t_multiswap_k 100 332.32591128349304 38.85286317989912 34.597014125066536 36.5155673777632 35.20474113823377 18.38811956947516 20.746481887867322 34.241301830523476
0.9047843251479548 3343.1376652761405 0.5 1.17185104463554 4488.121964481279 0.5 t_multiswap_k 100 333.25177025794983 38.85286317989912 34.597014125066536 36.5155673777632 35.20474113823377 18.38811956947516 20.746481887867322 34.99888881221824
0.9047843251479548 3343.1376652761405 0.5 1.2065214988413244 4666.535829222446 0.5277777777777778 t_swap_k 100 334.3556480407715 38.85286317989912 34.597014125066536 37.22041170398557 35.20474113823377 18.38811956947516 20.746481887867322 34.99888881221824
0.9047843251479548 3343.1376652761405 0.5 1.1798710199096962 4552.278313341924 0.5277777777777778 t_move_k 100 335.4903244972229 39.504334548100125 34.597014125066536 37.22041170398557 35.20474113823377 18.38811956947516 20.746481887867322 34.99888881221824
0.9047843251479548 3343.1376652761405 0.5 1.1697475070079655 4508.876187657667 0.5277777777777778 t_swap_k 100 336.4047095775604 39.504334548100125 34.597014125066536 37.84820758694571 35.20474113823377 18.38811956947516 20.746481887867322 34.99888881221824
0.9047843251479548 3343.1376652761405 0.5 1.1948478718918316 4586.715327931834 0.5 t_move_k 100 337.56477642059326 40.259291202619124 34.597014125066536 37.84820758694571 35.20474113823377 18.38811956947516 20.746481887867322 34.99888881221824
0.9047843251479548 3343.1376652761405 0.5 1.1770528867500933 4569.968880118052 0.5555555555555556 t_multiswap_k 100 338.27974700927734 40.259291202619124 34.597014125066536 37.84820758694571 35.20474113823377 18.38811956947516 20.746481887867322 35.77889992409606
0.9047843251479548 3343.1376652761405 0.5 1.1476640198569912 4443.971184753408 0.5555555555555556 f_swap_t 100 339.5163335800171 40.259291202619124 34.597014125066536 37.84820758694571 35.852693726851435 18.38811956947516 20.746481887867322 35.77889992409606
0.9047843251479548 3343.1376652761405 0.5 1.1711054893983155 4544.470845012872 0.5555555555555556 t_move_k 100 340.6657772064209 40.906698290592935 34.597014125066536 37.84820758694571 35.852693726851435 18.38811956947516 20.746481887867322 35.77889992409606
0.9047843251479548 3343.1376652761405 0.5 1.1580757758972766 4488.609083538229 0.5555555555555556 t_multiswap_k 100 341.3524899482727 40.906698290592935 34.597014125066536 37.84820758694571 35.852693726851435 18.38811956947516 20.746481887867322 36.4211109248551
0.9047843251479548 3343.1376652761405 0.5 1.2216520182671111 4717.871274879889 0.5151515151515151 f_swap_t 100 342.5980439186096 40.906698290592935 34.597014125066536 37.84820758694571 36.54416678958292 18.38811956947516 20.746481887867322 36.4211109248551
0.9047843251479548 3343.1376652761405 0.5 1.2963435012467794 5038.093036169181 0.5151515151515151 f_swap_t 100 343.8070001602173 40.906698290592935 34.597014125066536 37.84820758694571 37.27872512168709 18.38811956947516 20.746481887867322 36.4211109248551
0.9047843251479548 3343.1376652761405 0.5 1.2698730032054875 4938.140160781117 0.5277777777777778 f_swap_t 100 344.9560720920563 40.906698290592935 34.597014125066536 37.84820758694571 37.915937870470216 18.38811956947516 20.746481887867322 36.4211109248551
0.9047843251479548 3343.1376652761405 0.5 1.296946797352293 5054.212538790183 0.5277777777777778 t_swap_k 100 345.85442304611206 40.906698290592935 34.597014125066536 38.59972551107626 37.915937870470216 18.38811956947516 20.746481887867322 36.4211109248551
0.9047843251479548 3343.1376652761405 0.5 1.262547838935772 4906.735281528416 0.5277777777777778 t_multiswap_k 100 346.6435306072235 40.906698290592935 34.597014125066536 38.59972551107626 37.915937870470216 18.38811956947516 20.746481887867322 37.05689981560655
0.9047843251479548 3343.1376652761405 0.5 1.249259552584085 4920.8194412596595 0.5277777777777778 move_t 100 347.5371518135071 40.906698290592935 35.28104398381587 38.59972551107626 37.915937870470216 18.38811956947516 20.746481887867322 37.05689981560655
0.9047843251479548 3343.1376652761405 0.5 1.2913788226729621 5060.113821707087 0.5555555555555556 f_swap_t 100 348.9125349521637 40.906698290592935 35.28104398381587 38.59972551107626 38.576778491765516 18.38811956947516 20.746481887867322 37.05689981560655
0.9047843251479548 3343.1376652761405 0.5 1.2530595831504514 4895.829302486804 0.5555555555555556 t_swap_r_k 100 350.3798863887787 40.906698290592935 35.28104398381587 38.59972551107626 38.576778491765516 18.38811956947516 21.579017068988648 37.05689981560655
0.9047843251479548 3343.1376652761405 0.5 1.2523120877086986 4892.624595639855 0.5555555555555556 move_t 100 351.35028100013733 40.906698290592935 35.92823354397771 38.59972551107626 38.576778491765516 18.38811956947516 21.579017068988648 37.05689981560655
0.9047843251479548 3343.1376652761405 0.5 1.2466713017994024 4868.441083318613 0.5555555555555556 t_move_k 100 352.4275267124176 41.527631307687 35.92823354397771 38.59972551107626 38.576778491765516 18.38811956947516 21.579017068988648 37.05689981560655
0.9047843251479548 3343.1376652761405 0.5 1.3008448549226506 5057.391506955548 0.5151515151515151 t_swap_k 100 353.6103174686432 41.527631307687 35.92823354397771 39.31372825596549 38.576778491765516 18.38811956947516 21.579017068988648 37.05689981560655
0.9047843251479548 3343.1376652761405 0.5 1.3048010505452945 5074.3527437626 0.5151515151515151 t_move_k 100 354.641206741333 42.27235499461013 35.92823354397771 39.31372825596549 38.576778491765516 18.38811956947516 21.579017068988648 37.05689981560655
0.9047843251479548 3343.1376652761405 0.5 1.2699693560211864 4925.0202345628995 0.5151515151515151 t_move_k 100 355.5498366355896 42.919631444664034 35.92823354397771 39.31372825596549 38.576778491765516 18.38811956947516 21.579017068988648 37.05689981560655
0.9047843251479548 3343.1376652761405 0.5 1.2570641322546954 4869.692192870875 0.5151515151515151 t_swap_k 100 356.66250109672546 42.919631444664034 35.92823354397771 40.02059097340584 38.576778491765516 18.38811956947516 21.579017068988648 37.05689981560655
0.9047843251479548 3343.1376652761405 0.5 1.2514031252168873 4845.421987326671 0.5151515151515151 f_swap_t 100 357.99669671058655 42.919631444664034 35.92823354397771 40.02059097340584 39.19101070684786 18.38811956947516 21.579017068988648 37.05689981560655
0.9047843251479548 3343.1376652761405 0.5 1.2488112186276514 4834.309811480219 0.5151515151515151 t_swap_k 100 358.93789434432983 42.919631444664034 35.92823354397771 40.62038506367178 39.19101070684786 18.38811956947516 21.579017068988648 37.05689981560655
0.9047843251479548 3343.1376652761405 0.5 1.3188205838227902 5093.355135343827 0.48484848484848486 swap_t 100 359.9576835632324 42.919631444664034 35.92823354397771 40.62038506367178 39.19101070684786 19.244238373780405 21.579017068988648 37.05689981560655
0.9047843251479548 3343.1376652761405 0.5 1.3011229888377405 5091.063176948481 0.5454545454545454 f_swap_t 100 361.2062120437622 42.919631444664034 35.92823354397771 40.62038506367178 39.89910059977938 19.244238373780405 21.579017068988648 37.05689981560655
0.9047843251479548 3343.1376652761405 0.5 1.236555478045274 4814.2455104193905 0.5454545454545454 t_move_k 100 362.3006339073181 43.580435130217396 35.92823354397771 40.62038506367178 39.89910059977938 19.244238373780405 21.579017068988648 37.05689981560655
0.9047843251479548 3343.1376652761405 0.5 1.2116386050320878 4707.420412780398 0.5454545454545454 f_swap_t 100 363.7658441066742 43.580435130217396 35.92823354397771 40.62038506367178 40.50010959378159 19.244238373780405 21.579017068988648 37.05689981560655
0.9047843251479548 3343.1376652761405 0.5 1.1967740112586425 4624.745821615801 0.5277777777777778 t_multiswap_k 100 364.51822423934937 43.580435130217396 35.92823354397771 40.62038506367178 40.50010959378159 19.244238373780405 21.579017068988648 37.71633081745048
0.9047843251479548 3343.1376652761405 0.5 1.1785415540432793 4576.351182940016 0.5555555555555556 t_move_k 100 365.48066115379333 44.204630778915224 35.92823354397771 40.62038506367178 40.50010959378159 19.244238373780405 21.579017068988648 37.71633081745048
0.9047843251479548 3343.1376652761405 0.5 1.2228865424052087 4766.469650416096 0.5555555555555556 t_move_k 100 366.6114773750305 44.842584471126074 35.92823354397771 40.62038506367178 40.50010959378159 19.244238373780405 21.579017068988648 37.71633081745048
0.9047843251479548 3343.1376652761405 0.5 1.2271110185033982 4773.754662624226 0.5454545454545454 t_move_k 100 367.6714277267456 45.504158626414814 35.92823354397771 40.62038506367178 40.50010959378159 19.244238373780405 21.579017068988648 37.71633081745048
0.9047843251479548 3343.1376652761405 0.5 1.225287311892306 4765.93595934265 0.5454545454545454 f_swap_t 100 368.93299746513367 45.504158626414814 35.92823354397771 40.62038506367178 41.22510849784377 19.244238373780405 21.579017068988648 37.71633081745048
0.9047843251479548 3343.1376652761405 0.5 1.181236945830354 4587.90702667198 0.5555555555555556 t_multiswap_k 100 369.7179946899414 45.504158626414814 35.92823354397771 40.62038506367178 41.22510849784377 19.244238373780405 21.579017068988648 38.369167509275975
0.9047843251479548 3343.1376652761405 0.5 1.1644586846779437 4515.974269103636 0.5555555555555556 move_t 100 370.6603057384491 45.504158626414814 36.59895120853793 40.62038506367178 41.22510849784377 19.244238373780405 21.579017068988648 38.369167509275975
0.9047843251479548 3343.1376652761405 0.5 1.1601560822961319 4497.527896667755 0.5555555555555556 move_t 100 371.64296412467957 45.504158626414814 37.232961696452556 40.62038506367178 41.22510849784377 19.244238373780405 21.579017068988648 38.369167509275975
0.9047843251479548 3343.1376652761405 0.5 1.2334695480422844 4782.06910603248 0.5277777777777778 t_move_k 100 372.7216055393219 46.179117040150665 37.232961696452556 40.62038506367178 41.22510849784377 19.244238373780405 21.579017068988648 38.369167509275975
0.9047843251479548 3343.1376652761405 0.5 1.2130787796220777 4689.407506969536 0.5277777777777778 move_t 100 373.8007185459137 46.179117040150665 37.99063207948803 40.62038506367178 41.22510849784377 19.244238373780405 21.579017068988648 38.369167509275975
0.9047843251479548 3343.1376652761405 0.5 1.1728880348720399 4552.113079822022 0.5555555555555556 t_swap_k 100 374.7954750061035 46.179117040150665 37.99063207948803 41.24418121303506 41.22510849784377 19.244238373780405 21.579017068988648 38.369167509275975
0.9047843251479548 3343.1376652761405 0.5 1.160339908300266 4498.316006428952 0.5555555555555556 move_t 100 375.7081732749939 46.179117040150665 38.64072575869315 41.24418121303506 41.22510849784377 19.244238373780405 21.579017068988648 38.369167509275975
0.9047843251479548 3343.1376652761405 0.5 1.1469588878129275 4440.948100780727 0.5555555555555556 t_swap_k 100 376.7355365753174 46.179117040150665 38.64072575869315 41.86173940090471 41.22510849784377 19.244238373780405 21.579017068988648 38.369167509275975
0.9047843251479548 3343.1376652761405 0.5 1.1755115884488458 4520.055284172194 0.5151515151515151 t_swap_k 100 377.8855872154236 46.179117040150665 38.64072575869315 42.52312200689566 41.22510849784377 19.244238373780405 21.579017068988648 38.369167509275975
0.9047843251479548 3343.1376652761405 0.5 1.1603686695443733 4455.133663001932 0.5151515151515151 t_multiswap_k 100 378.6690409183502 46.179117040150665 38.64072575869315 42.52312200689566 41.22510849784377 19.244238373780405 21.579017068988648 38.98547583418321
0.9047843251479548 3343.1376652761405 0.5 1.1587022719806095 4447.989384409661 0.5151515151515151 t_multiswap_k 100 379.35654973983765 46.179117040150665 38.64072575869315 42.52312200689566 41.22510849784377 19.244238373780405 21.579017068988648 39.59562107584138
0.9047843251479548 3343.1376652761405 0.5 1.163983403299936 4484.163979946626 0.5277777777777778 t_move_k 100 380.5647678375244 46.847325869749156 38.64072575869315 42.52312200689566 41.22510849784377 19.244238373780405 21.579017068988648 39.59562107584138
0.9047843251479548 3343.1376652761405 0.5 1.1548450175083702 4496.41080948918 0.5757575757575758 t_multiswap_k 100 381.4670395851135 46.847325869749156 38.64072575869315 42.52312200689566 41.22510849784377 19.244238373780405 21.579017068988648 40.269664865082966
0.9047843251479548 3343.1376652761405 0.5 1.2102626007629456 4766.479601076528 0.6060606060606061 t_move_k 100 382.6837913990021 47.53885261105167 38.64072575869315 42.52312200689566 41.22510849784377 19.244238373780405 21.579017068988648 40.269664865082966
0.9047843251479548 3343.1376652761405 0.5 1.1653367657022289 4573.870893140563 0.6060606060606061 swap_t 100 383.5954098701477 47.53885261105167 38.64072575869315 42.52312200689566 41.22510849784377 20.0517959900426 21.579017068988648 40.269664865082966
0.9047843251479548 3343.1376652761405 0.5 1.1286845182158711 4416.733201169881 0.6060606060606061 t_move_k 100 384.74368119239807 48.12346408494115 38.64072575869315 42.52312200689566 41.22510849784377 20.0517959900426 21.579017068988648 40.269664865082966
0.9047843251479548 3343.1376652761405 0.5 1.1824701489049438 4622.966722734796 0.5833333333333334 t_move_k 100 385.9925377368927 48.83222944409174 38.64072575869315 42.52312200689566 41.22510849784377 20.0517959900426 21.579017068988648 40.269664865082966
0.9047843251479548 3343.1376652761405 0.5 1.1050233174017554 4290.932067632595 0.5833333333333334 t_multiswap_k 100 386.85554122924805 48.83222944409174 38.64072575869315 42.52312200689566 41.22510849784377 20.0517959900426 21.579017068988648 40.98696821643214
0.9047843251479548 3343.1376652761405 0.5 1.1572976467894844 4544.818311437566 0.6111111111111112 t_move_k 100 387.92919754981995 49.44390714965082 38.64072575869315 42.52312200689566 41.22510849784377 20.0517959900426 21.579017068988648 40.98696821643214
0.9047843251479548 3343.1376652761405 0.5 1.1007083650343494 4302.2053822143225 0.6111111111111112 t_move_k 100 388.9894902706146 50.09946807815431 38.64072575869315 42.52312200689566 41.22510849784377 20.0517959900426 21.579017068988648 40.98696821643214
0.9047843251479548 3343.1376652761405 0.5 1.0829407616794184 4226.031058004502 0.6111111111111112 f_swap_t 100 390.3397126197815 50.09946807815431 38.64072575869315 42.52312200689566 41.812857412865334 20.0517959900426 21.579017068988648 40.98696821643214
0.9047843251479548 3343.1376652761405 0.5 1.0803845893537019 4215.072084214643 0.6111111111111112 t_swap_k 100 391.31429052352905 50.09946807815431 38.64072575869315 43.0978907868267 41.812857412865334 20.0517959900426 21.579017068988648 40.98696821643214
0.9047843251479548 3343.1376652761405 0.5 1.076681071614472 4199.194143034318 0.6111111111111112 move_t 100 392.30107736587524 50.09946807815431 39.28431850110622 43.0978907868267 41.812857412865334 20.0517959900426 21.579017068988648 40.98696821643214
0.9047843251479548 3343.1376652761405 0.5 1.0659906999261377 4153.361746697946 0.6111111111111112 swap_t 100 393.03150844573975 50.09946807815431 39.28431850110622 43.0978907868267 41.812857412865334 20.851278030142172 21.579017068988648 40.98696821643214
0.9047843251479548 3343.1376652761405 0.5 1.101783309241514 4306.813946853475 0.6111111111111112 t_move_k 100 394.1913878917694 50.63847339737276 39.28431850110622 43.0978907868267 41.812857412865334 20.851278030142172 21.579017068988648 40.98696821643214
0.9047843251479548 3343.1376652761405 0.5 1.0802324275446802 4214.419727071068 0.6111111111111112 t_move_k 100 395.2780017852783 51.23208866339903 39.28431850110622 43.0978907868267 41.812857412865334 20.851278030142172 21.579017068988648 40.98696821643214
0.9047843251479548 3343.1376652761405 0.5 1.0930234579077496 4299.030826631949 0.6388888888888888 t_move_k 100 396.30532479286194 51.759767776765045 39.28431850110622 43.0978907868267 41.812857412865334 20.851278030142172 21.579017068988648 40.98696821643214
0.9047843251479548 3343.1376652761405 0.5 1.1376060835940598 4251.987030083016 0.4166666666666667 t_swap_r_k 100 397.923579454422 51.759767776765045 39.28431850110622 43.0978907868267 41.812857412865334 20.851278030142172 22.433226898298763 40.98696821643214
0.9047843251479548 3343.1376652761405 0.5 1.123062302782265 4249.179338541209 0.4722222222222222 t_move_k 100 399.2295277118683 52.362170098997396 39.28431850110622 43.0978907868267 41.812857412865334 20.851278030142172 22.433226898298763 40.98696821643214
0.9047843251479548 3343.1376652761405 0.5 1.1457336758822851 4346.377395606315 0.4722222222222222 t_move_k 100 400.6141867637634 53.058548398007424 39.28431850110622 43.0978907868267 41.812857412865334 20.851278030142172 22.433226898298763 40.98696821643214
0.9047843251479548 3343.1376652761405 0.5 1.1218003193512276 4243.768888234382 0.4722222222222222 t_swap_k 100 401.82723665237427 53.058548398007424 39.28431850110622 43.66691187895844 41.812857412865334 20.851278030142172 22.433226898298763 40.98696821643214
0.9047843251479548 3343.1376652761405 0.5 1.1185016769417202 4229.626752610651 0.4722222222222222 move_t 100 402.9027645587921 53.058548398007424 39.89147531609516 43.66691187895844 41.812857412865334 20.851278030142172 22.433226898298763 40.98696821643214
0.9047843251479548 3343.1376652761405 0.5 1.1185016769417202 4229.626752610651 0.4722222222222222 f_swap_t 100 404.3912477493286 53.058548398007424 39.89147531609516 43.66691187895844 42.39472883873668 20.851278030142172 22.433226898298763 40.98696821643214
0.9047843251479548 3343.1376652761405 0.5 1.1185016769417202 4229.626752610651 0.4722222222222222 f_swap_t 100 405.6705412864685 53.058548398007424 39.89147531609516 43.66691187895844 42.970781550349315 20.851278030142172 22.433226898298763 40.98696821643214
0.9047843251479548 3343.1376652761405 0.5 1.104358936356774 4168.993155326182 0.4722222222222222 t_multiswap_k 100 406.9242262840271 53.058548398007424 39.89147531609516 43.66691187895844 42.970781550349315 20.851278030142172 22.433226898298763 41.64709853426782
0.9047843251479548 3343.1376652761405 0.5 1.1439898506892885 4338.901164684055 0.4722222222222222 swap_t 100 407.7716510295868 53.058548398007424 39.89147531609516 43.66691187895844 42.970781550349315 21.68276524984075 22.433226898298763 41.64709853426782
0.9047843251479548 3343.1376652761405 0.5 1.117160090657157 4223.875024223075 0.4722222222222222 t_move_k 100 408.79646134376526 53.55796291402735 39.89147531609516 43.66691187895844 42.970781550349315 21.68276524984075 22.433226898298763 41.64709853426782
0.9047843251479548 3343.1376652761405 0.5 1.14218407932732 4331.159354467584 0.4722222222222222 t_swap_k 100 409.8082597255707 53.55796291402735 39.89147531609516 44.310242760168855 42.970781550349315 21.68276524984075 22.433226898298763 41.64709853426782
0.9047843251479548 3343.1376652761405 0.5 1.1258191072366202 4260.998474307252 0.4722222222222222 f_swap_t 100 411.0794258117676 53.55796291402735 39.89147531609516 44.310242760168855 43.541073734845824 21.68276524984075 22.433226898298763 41.64709853426782
0.9047843251479548 3343.1376652761405 0.5 1.1879108732459676 4582.400655552293 0.4444444444444444 move_t 100 412.0638635158539 53.55796291402735 40.60256056293421 44.310242760168855 43.541073734845824 21.68276524984075 22.433226898298763 41.64709853426782
0.9047843251479548 3343.1376652761405 0.5 1.1485917940662878 4388.403524219725 0.5 f_swap_t 100 413.44427609443665 53.55796291402735 40.60256056293421 44.310242760168855 44.17566299749737 21.68276524984075 22.433226898298763 41.64709853426782
0.9047843251479548 3343.1376652761405 0.5 1.118181442311168 4287.7990929042935 0.5277777777777778 t_swap_k 100 414.47737407684326 53.55796291402735 40.60256056293421 44.957140332567164 44.17566299749737 21.68276524984075 22.433226898298763 41.64709853426782
0.9047843251479548 3343.1376652761405 0.5 1.2474917346180594 4871.95849161912 0.5555555555555556 t_swap_k 100 415.4350199699402 53.55796291402735 40.60256056293421 45.607568929241495 44.17566299749737 21.68276524984075 22.433226898298763 41.64709853426782
0.9047843251479548 3343.1376652761405 0.5 1.1992134800107248 4664.977091523718 0.5555555555555556 t_swap_k 100 416.4243412017822 53.55796291402735 40.60256056293421 46.15149323994908 44.17566299749737 21.68276524984075 22.433226898298763 41.64709853426782
0.9047843251479548 3343.1376652761405 0.5 1.1909344861617286 4629.482897456766 0.5555555555555556 f_swap_t 100 417.72321033477783 53.55796291402735 40.60256056293421 46.15149323994908 44.733906367522394 21.68276524984075 22.433226898298763 41.64709853426782
0.9047843251479548 3343.1376652761405 0.5 1.1909344861617286 4629.482897456766 0.5555555555555556 f_swap_t 100 419.0689969062805 53.55796291402735 40.60256056293421 46.15149323994908 45.28656730384717 21.68276524984075 22.433226898298763 41.64709853426782
0.9047843251479548 3343.1376652761405 0.5 1.1639216180956549 4543.444359968267 0.5833333333333334 t_multiswap_k 100 419.8060562610626 53.55796291402735 40.60256056293421 46.15149323994908 45.28656730384717 21.68276524984075 22.433226898298763 42.35062754892514
0.9047843251479548 3343.1376652761405 0.5 1.14845873420586 4477.150965912217 0.5833333333333334 t_multiswap_k 100 420.5248465538025 53.55796291402735 40.60256056293421 46.15149323994908 45.28656730384717 21.68276524984075 22.433226898298763 42.92712127343589
0.9047843251479548 3343.1376652761405 0.5 1.1455888575927693 4464.847060472596 0.5833333333333334 t_swap_k 100 421.73973274230957 53.55796291402735 40.60256056293421 46.729978307549594 45.28656730384717 21.68276524984075 22.433226898298763 42.92712127343589
0.9047843251479548 3343.1376652761405 0.5 1.2316709562628694 4804.130711157919 0.5555555555555556 f_swap_t 100 423.14044976234436 53.55796291402735 40.60256056293421 46.729978307549594 45.8537016308087 21.68276524984075 22.433226898298763 42.92712127343589
0.9047843251479548 3343.1376652761405 0.5 1.2366649126355853 4825.541097478784 0.5555555555555556 t_swap_k 100 424.0650477409363 53.55796291402735 40.60256056293421 47.3926785244741 45.8537016308087 21.68276524984075 22.433226898298763 42.92712127343589
0.9047843251479548 3343.1376652761405 0.5 1.245647007589657 4834.2770337469465 0.5277777777777778 f_swap_t 100 425.4557147026062 53.55796291402735 40.60256056293421 47.3926785244741 46.40516461450061 21.68276524984075 22.433226898298763 42.92712127343589
0.9047843251479548 3343.1376652761405 0.5 1.2321018518646782 4776.205437760946 0.5277777777777778 t_move_k 100 426.51435470581055 54.02238328488708 40.60256056293421 47.3926785244741 46.40516461450061 21.68276524984075 22.433226898298763 42.92712127343589
0.9047843251479548 3343.1376652761405 0.5 1.2241806561057378 4742.2452169130665 0.5277777777777778 t_move_k 100 427.56248712539673 54.552159452038204 40.60256056293421 47.3926785244741 46.40516461450061 21.68276524984075 22.433226898298763 42.92712127343589
0.9047843251479548 3343.1376652761405 0.5 1.2103325001496084 4682.874580342794 0.5277777777777778 t_swap_k 100 428.7795386314392 54.552159452038204 40.60256056293421 47.94875173922936 46.40516461450061 21.68276524984075 22.433226898298763 42.92712127343589
0.9047843251479548 3343.1376652761405 0.5 1.1924267960677584 4606.108182495589 0.5277777777777778 f_swap_t 100 430.2088620662689 54.552159452038204 40.60256056293421 47.94875173922936 46.941112968355604 21.68276524984075 22.433226898298763 42.92712127343589
0.9047843251479548 3343.1376652761405 0.5 1.3156035653649873 5134.19894252268 0.5277777777777778 t_swap_k 100 431.32264590263367 54.552159452038204 40.60256056293421 48.539264221837065 46.941112968355604 21.68276524984075 22.433226898298763 42.92712127343589
0.9047843251479548 3343.1376652761405 0.5 1.181092323184314 4576.460579290469 0.5454545454545454 t_multiswap_k 100 432.11267137527466 54.552159452038204 40.60256056293421 48.539264221837065 46.941112968355604 21.68276524984075 22.433226898298763 43.627850060701526
0.9047843251479548 3343.1376652761405 0.5 1.152257857772538 4452.839746878994 0.5454545454545454 swap_t 100 432.9466350078583 54.552159452038204 40.60256056293421 48.539264221837065 46.941112968355604 22.465937597342343 22.433226898298763 43.627850060701526
0.9047843251479548 3343.1376652761405 0.5 1.2130565644950262 4681.0203350381 0.5151515151515151 move_t 100 433.86046743392944 54.552159452038204 41.33653495730486 48.539264221837065 46.941112968355604 22.465937597342343 22.433226898298763 43.627850060701526
0.9047843251479548 3343.1376652761405 0.5 1.1321036356853647 4377.259781699157 0.5555555555555556 t_multiswap_k 100 434.81534361839294 54.552159452038204 41.33653495730486 48.539264221837065 46.941112968355604 22.465937597342343 22.433226898298763 44.311571560094514
0.9047843251479548 3343.1376652761405 0.5 1.124200222875153 4343.3758009650865 0.5555555555555556 f_swap_t 100 436.26438426971436 54.552159452038204 41.33653495730486 48.539264221837065 47.511701838672046 22.465937597342343 22.433226898298763 44.311571560094514
0.9047843251479548 3343.1376652761405 0.5 1.0956486448584124 4220.967780192515 0.5555555555555556 t_swap_k 100 437.39704966545105 54.552159452038204 41.33653495730486 49.05387157961869 47.511701838672046 22.465937597342343 22.433226898298763 44.311571560094514
0.9047843251479548 3343.1376652761405 0.5 1.09258923710403 4207.851305588883 0.5555555555555556 t_swap_k 100 438.5874788761139 54.552159452038204 41.33653495730486 49.56333286382251 47.511701838672046 22.465937597342343 22.433226898298763 44.311571560094514
0.9047843251479548 3343.1376652761405 0.5 1.0903613300007349 4198.299689954203 0.5555555555555556 f_swap_t 100 440.07029008865356 54.552159452038204 41.33653495730486 49.56333286382251 48.06658482028533 22.465937597342343 22.433226898298763 44.311571560094514
0.9047843251479548 3343.1376652761405 0.5 1.1051136386025668 4261.546663439088 0.5555555555555556 move_t 100 441.06289076805115 54.552159452038204 41.993169607731815 49.56333286382251 48.06658482028533 22.465937597342343 22.433226898298763 44.311571560094514
0.9047843251479548 3343.1376652761405 0.5 1.0839441676332124 4192.440475547477 0.5757575757575758 t_move_k 100 442.17553091049194 55.036637857517825 41.993169607731815 49.56333286382251 48.06658482028533 22.465937597342343 22.433226898298763 44.311571560094514
0.9047843251479548 3343.1376652761405 0.5 1.0812492058986705 4180.886475562268 0.5757575757575758 f_swap_t 100 443.7094440460205 55.036637857517825 41.993169607731815 49.56333286382251 48.585918972082474 22.465937597342343 22.433226898298763 44.311571560094514
0.9047843251479548 3343.1376652761405 0.5 1.113191927094865 4296.18038158217 0.5555555555555556 t_swap_k 100 445.0175790786743 55.036637857517825 41.993169607731815 50.07769953518429 48.585918972082474 22.465937597342343 22.433226898298763 44.311571560094514
0.9047843251479548 3343.1376652761405 0.5 1.1028844072586315 4251.989370441295 0.5555555555555556 t_move_k 100 446.24428725242615 55.51627147894265 41.993169607731815 50.07769953518429 48.585918972082474 22.465937597342343 22.433226898298763 44.311571560094514
0.9047843251479548 3343.1376652761405 0.5 1.1317073367143315 4364.734332631658 0.5454545454545454 t_move_k 100 447.43499279022217 55.97110876415322 41.993169607731815 50.07769953518429 48.585918972082474 22.465937597342343 22.433226898298763 44.311571560094514
0.9047843251479548 3343.1376652761405 0.5 1.1868168770614551 4582.05700459385 0.5277777777777778 t_swap_k 100 448.72815442085266 55.97110876415322 41.993169607731815 50.63692253983245 48.585918972082474 22.465937597342343 22.433226898298763 44.311571560094514
0.9047843251479548 3343.1376652761405 0.5 1.150189999233722 4425.028078930169 0.5277777777777778 move_t 100 449.73650336265564 55.97110876415322 42.573237911654495 50.63692253983245 48.585918972082474 22.465937597342343 22.433226898298763 44.311571560094514
0.9047843251479548 3343.1376652761405 0.5 1.1890699667322442 4621.489219036563 0.5555555555555556 f_swap_t 100 451.3169114589691 55.97110876415322 42.573237911654495 50.63692253983245 49.14005978236165 22.465937597342343 22.433226898298763 44.311571560094514
0.9047843251479548 3343.1376652761405 0.5 1.171174668642124 4544.767434375049 0.5555555555555556 move_t 100 452.44190764427185 55.97110876415322 43.14750553253795 50.63692253983245 49.14005978236165 22.465937597342343 22.433226898298763 44.311571560094514
0.9047843251479548 3343.1376652761405 0.5 1.169519073377328 4537.6694680403925 0.5555555555555556 t_multiswap_k 100 453.49345541000366 55.97110876415322 43.14750553253795 50.63692253983245 49.14005978236165 22.465937597342343 22.433226898298763 44.86845584449357
0.9047843251479548 3343.1376652761405 0.5 1.167414388094271 4528.646136310808 0.5555555555555556 t_swap_k 100 454.6243531703949 55.97110876415322 43.14750553253795 51.130553314434124 49.14005978236165 22.465937597342343 22.433226898298763 44.86845584449357
0.9047843251479548 3343.1376652761405 0.5 1.167414388094271 4528.646136310808 0.5555555555555556 move_t 100 455.59182929992676 55.97110876415322 43.71603047721257 51.130553314434124 49.14005978236165 22.465937597342343 22.433226898298763 44.86845584449357
0.9047843251479548 3343.1376652761405 0.5 1.2346222983265658 4727.465976287391 0.4722222222222222 t_multiswap_k 100 456.5743176937103 55.97110876415322 43.71603047721257 51.130553314434124 49.14005978236165 22.465937597342343 22.433226898298763 45.52977128604863
0.9047843251479548 3343.1376652761405 0.5 1.1927900995323935 4548.120489465016 0.4722222222222222 t_multiswap_k 100 457.41116309165955 55.97110876415322 43.71603047721257 51.130553314434124 49.14005978236165 22.465937597342343 22.433226898298763 46.16447357318814
0.9047843251479548 3343.1376652761405 0.5 1.268278671689796 4871.759578811219 0.4722222222222222 t_move_k 100 458.4221622943878 56.48139767651169 43.71603047721257 51.130553314434124 49.14005978236165 22.465937597342343 22.433226898298763 46.16447357318814
0.9047843251479548 3343.1376652761405 0.5 1.2331753522975721 4691.4899087376 0.4444444444444444 f_swap_t 100 459.85688161849976 56.48139767651169 43.71603047721257 51.130553314434124 49.78865918453803 22.465937597342343 22.433226898298763 46.16447357318814
0.9047843251479548 3343.1376652761405 0.5 1.1939891586269407 4523.488532210525 0.4444444444444444 t_swap_r_k 100 461.30454778671265 56.48139767651169 43.71603047721257 51.130553314434124 49.78865918453803 22.465937597342343 23.248894629315775 46.16447357318814
0.9047843251479548 3343.1376652761405 0.5 1.1975121947770166 4598.13797122263 0.5 t_swap_k 100 462.4205701351166 56.48139767651169 43.71603047721257 51.809247781289784 49.78865918453803 22.465937597342343 23.248894629315775 46.16447357318814
0.9047843251479548 3343.1376652761405 0.5 1.1911424087445095 4560.161803735787 0.5 move_t 100 463.36185216903687 56.48139767651169 44.34887017244044 51.809247781289784 49.78865918453803 22.465937597342343 23.248894629315775 46.16447357318814
0.9047843251479548 3343.1376652761405 0.5 1.165257151373357 4459.852233717671 0.5 f_swap_t 100 464.39765071868896 56.48139767651169 44.34887017244044 51.809247781289784 50.29077259269265 22.465937597342343 23.248894629315775 46.16447357318814
0.9047843251479548 3343.1376652761405 0.5 1.1634398586313761 4452.061028356629 0.5 swap_t 100 464.9436342716217 56.48139767651169 44.34887017244044 51.809247781289784 50.29077259269265 23.24127822136892 23.248894629315775 46.16447357318814
0.9047843251479548 3343.1376652761405 0.5 1.1634398586313761 4452.061028356629 0.5 move_t 100 465.6426475048065 56.48139767651169 44.90538147071604 51.809247781289784 50.29077259269265 23.24127822136892 23.248894629315775 46.16447357318814
0.9047843251479548 3343.1376652761405 0.5 1.1634398586313761 4452.061028356629 0.5 swap_t 100 466.32449102401733 56.48139767651169 44.90538147071604 51.809247781289784 50.29077259269265 24.00886543915523 23.248894629315775 46.16447357318814
0.9047843251479548 3343.1376652761405 0.5 1.1634398586313761 4452.061028356629 0.5 t_swap_r_k 100 467.7726671695709 56.48139767651169 44.90538147071604 51.809247781289784 50.29077259269265 24.00886543915523 24.056405683022618 46.16447357318814
0.9047843251479548 3343.1376652761405 0.5 1.1634398586313761 4452.061028356629 0.5 f_swap_t 100 468.83574891090393 56.48139767651169 44.90538147071604 51.809247781289784 50.78786486676572 24.00886543915523 24.056405683022618 46.16447357318814
0.9047843251479548 3343.1376652761405 0.5 1.1634398586313761 4452.061028356629 0.5 t_multiswap_k 100 469.7124240398407 56.48139767651169 44.90538147071604 51.809247781289784 50.78786486676572 24.00886543915523 24.056405683022618 46.70282883745626
0.9047843251479548 3343.1376652761405 0.5 1.1634398586313761 4452.061028356629 0.5 move_t 100 470.4584767818451 56.48139767651169 45.456327656008874 51.809247781289784 50.78786486676572 24.00886543915523 24.056405683022618 46.70282883745626
0.9047843251479548 3343.1376652761405 0.5 1.1634398586313761 4452.061028356629 0.5 t_move_k 100 471.2047829627991 56.916583699746575 45.456327656008874 51.809247781289784 50.78786486676572 24.00886543915523 24.056405683022618 46.70282883745626
0.9047843251479548 3343.1376652761405 0.5 1.261042062762952 4870.506993892459 0.5 t_multiswap_k 100 471.9155445098877 56.916583699746575 45.456327656008874 51.809247781289784 50.78786486676572 24.00886543915523 24.056405683022618 47.265800549081696
0.9047843251479548 3343.1376652761405 0.5 1.2679309705456339 4900.041528427413 0.5 t_move_k 100 472.817334651947 57.40741786274911 45.456327656008874 51.809247781289784 50.78786486676572 24.00886543915523 24.056405683022618 47.265800549081696
0.9047843251479548 3343.1376652761405 0.5 1.2332654860686971 4721.648970202883 0.4722222222222222 t_swap_r_k 100 474.3171443939209 57.40741786274911 45.456327656008874 51.809247781289784 50.78786486676572 24.00886543915523 24.85584162619239 47.265800549081696
0.9047843251479548 3343.1376652761405 0.5 1.2249737633081912 4715.872838599852 0.5 t_move_k 100 475.10920000076294 57.86334368412162 45.456327656008874 51.809247781289784 50.78786486676572 24.00886543915523 24.85584162619239 47.265800549081696
0.9047843251479548 3343.1376652761405 0.5 1.2973172348177613 4966.482796462389 0.4444444444444444 f_swap_t 100 476.1926050186157 57.86334368412162 45.456327656008874 51.809247781289784 51.289986218098065 24.00886543915523 24.85584162619239 47.265800549081696
0.9047843251479548 3343.1376652761405 0.5 1.2592744197725954 4879.168268772734 0.5151515151515151 t_multiswap_k 100 476.7360427379608 57.86334368412162 45.456327656008874 51.809247781289784 51.289986218098065 24.00886543915523 24.85584162619239 47.88314254359088
0.9047843251479548 3343.1376652761405 0.5 1.2285848685115095 4747.594202146181 0.5151515151515151 t_multiswap_k 100 477.20520401000977 57.86334368412162 45.456327656008874 51.809247781289784 51.289986218098065 24.00886543915523 24.85584162619239 48.43431111815497
0.9047843251479548 3343.1376652761405 0.5 1.247177403888975 4811.065605032785 0.5 t_move_k 100 478.0758192539215 58.3247102472804 45.456327656008874 51.809247781289784 51.289986218098065 24.00886543915523 24.85584162619239 48.43431111815497
0.9047843251479548 3343.1376652761405 0.5 1.2303588985848397 4738.96031034732 0.5 t_multiswap_k 100 478.6664991378784 58.3247102472804 45.456327656008874 51.809247781289784 51.289986218098065 24.00886543915523 24.85584162619239 48.94996800697342
0.9047843251479548 3343.1376652761405 0.5 1.229075199062773 4733.45675752545 0.5 f_swap_t 100 479.61825942993164 58.3247102472804 45.456327656008874 51.809247781289784 51.777086355917085 24.00886543915523 24.85584162619239 48.94996800697342
0.9047843251479548 3343.1376652761405 0.5 1.3585037711505112 5272.110998853615 0.48484848484848486 t_swap_k 100 480.56830644607544 58.3247102472804 45.456327656008874 52.42115530347689 51.777086355917085 24.00886543915523 24.85584162619239 48.94996800697342
0.9047843251479548 3343.1376652761405 0.5 1.313699347736917 5066.4897984096 0.4722222222222222 t_swap_k 100 481.6646320819855 58.3247102472804 45.456327656008874 52.99694375044212 51.777086355917085 24.00886543915523 24.85584162619239 48.94996800697342
0.9047843251479548 3343.1376652761405 0.5 1.2851682102649908 5042.033064828571 0.5 move_t 100 482.51625204086304 58.3247102472804 46.03176437944879 52.99694375044212 51.777086355917085 24.00886543915523 24.85584162619239 48.94996800697342
0.9047843251479548 3343.1376652761405 0.5 1.2656169917830258 4890.120901263669 0.5 move_t 100 483.2371575832367 58.3247102472804 46.5714467356543 52.99694375044212 51.777086355917085 24.00886543915523 24.85584162619239 48.94996800697342
0.9047843251479548 3343.1376652761405 0.5 1.262477172973937 4876.659683611192 0.5 t_multiswap_k 100 483.73574209213257 58.3247102472804 46.5714467356543 52.99694375044212 51.777086355917085 24.00886543915523 24.85584162619239 49.46046832690369
0.9047843251479548 3343.1376652761405 0.5 1.2792840697470274 4932.47559063524 0.48484848484848486 t_swap_k 100 484.7022979259491 58.3247102472804 46.5714467356543 53.5369743129377 51.777086355917085 24.00886543915523 24.85584162619239 49.46046832690369
0.9047843251479548 3343.1376652761405 0.5 1.311499231368603 5103.069582351249 0.5151515151515151 t_swap_k 100 485.664023399353 58.3247102472804 46.5714467356543 54.18160456980832 51.777086355917085 24.00886543915523 24.85584162619239 49.46046832690369
0.9047843251479548 3343.1376652761405 0.5 1.270510888293467 4927.341923878828 0.5151515151515151 f_swap_t 100 486.7991318702698 58.3247102472804 46.5714467356543 54.18160456980832 52.25931549235791 24.00886543915523 24.85584162619239 49.46046832690369
0.9047843251479548 3343.1376652761405 0.5 1.2615022084762924 4888.719376797626 0.5151515151515151 t_move_k 100 487.7294466495514 58.8114631448076 46.5714467356543 54.18160456980832 52.25931549235791 24.00886543915523 24.85584162619239 49.46046832690369
0.9047843251479548 3343.1376652761405 0.5 1.240720671170397 4799.6235359745915 0.5151515151515151 t_swap_r_k 100 489.240597486496 58.8114631448076 46.5714467356543 54.18160456980832 52.25931549235791 24.00886543915523 25.647283209930468 49.46046832690369
0.9047843251479548 3343.1376652761405 0.5 1.2489524798032638 4818.675815903154 0.5 t_swap_k 100 490.01155519485474 58.8114631448076 46.5714467356543 54.679788524110236 52.25931549235791 24.00886543915523 25.647283209930468 49.46046832690369
0.9047843251479548 3343.1376652761405 0.5 1.2400914096960116 4780.686109935948 0.5 f_swap_t 100 491.1449477672577 58.8114631448076 46.5714467356543 54.679788524110236 52.73672233743434 24.00886543915523 25.647283209930468 49.46046832690369
0.9047843251479548 3343.1376652761405 0.5 1.2600653713749252 4896.0922991833695 0.5277777777777778 t_swap_k 100 492.03452372550964 58.8114631448076 46.5714467356543 55.17299063886914 52.73672233743434 24.00886543915523 25.647283209930468 49.46046832690369
0.9047843251479548 3343.1376652761405 0.5 1.2429347956951065 4822.64907785137 0.5277777777777778 t_swap_r_k 100 493.4864809513092 58.8114631448076 46.5714467356543 55.17299063886914 52.73672233743434 24.00886543915523 26.43081037783116 49.46046832690369
0.9047843251479548 3343.1376652761405 0.5 1.2895242874865913 4992.617679108389 0.5 t_swap_k 100 494.449875831604 58.8114631448076 46.5714467356543 55.691260732480444 52.73672233743434 24.00886543915523 26.43081037783116 49.46046832690369
0.9047843251479548 3343.1376652761405 0.5 1.272182534500032 4918.269085886434 0.5 swap_t 100 495.0968255996704 58.8114631448076 46.5714467356543 55.691260732480444 52.73672233743434 24.768776784763677 26.43081037783116 49.46046832690369
0.9047843251479548 3343.1376652761405 0.5 1.3357276678663494 5190.703555201554 0.5 f_swap_t 100 496.1111493110657 58.8114631448076 46.5714467356543 55.691260732480444 53.29935511405999 24.768776784763677 26.43081037783116 49.46046832690369
0.9047843251479548 3343.1376652761405 0.5 1.2742190360913 4927.000096443579 0.5 swap_t 100 496.6928105354309 58.8114631448076 46.5714467356543 55.691260732480444 53.29935511405999 25.52108901691604 26.43081037783116 49.46046832690369
0.9047843251479548 3343.1376652761405 0.5 1.260183476848102 4866.826013372281 0.5 t_swap_k 100 497.5451717376709 58.8114631448076 46.5714467356543 56.16434812515564 53.29935511405999 25.52108901691604 26.43081037783116 49.46046832690369
0.9047843251479548 3343.1376652761405 0.5 1.2446302842901533 4800.145442631256 0.5 t_swap_k 100 498.3806631565094 58.8114631448076 46.5714467356543 56.632704643904084 53.29935511405999 25.52108901691604 26.43081037783116 49.46046832690369
0.9047843251479548 3343.1376652761405 0.5 1.2795872449964558 4933.775381568267 0.48484848484848486 t_swap_k 100 499.28016090393066 58.8114631448076 46.5714467356543 57.17637759746504 53.29935511405999 25.52108901691604 26.43081037783116 49.46046832690369
0.9047843251479548 3343.1376652761405 0.5 1.2663031502454156 4863.29000596104 0.4722222222222222 t_multiswap_k 100 499.7734019756317 58.8114631448076 46.5714467356543 57.17637759746504 53.29935511405999 25.52108901691604 26.43081037783116 50.03586364363465
0.9047843251479548 3343.1376652761405 0.5 1.2366226860146332 4736.042157174155 0.4722222222222222 move_t 100 500.38842606544495 58.8114631448076 47.10573226829776 57.17637759746504 53.29935511405999 25.52108901691604 26.43081037783116 50.03586364363465
0.9047843251479548 3343.1376652761405 0.5 1.242144378184337 4759.715083742787 0.4722222222222222 move_t 100 501.10507893562317 58.8114631448076 47.70467494561478 57.17637759746504 53.29935511405999 25.52108901691604 26.43081037783116 50.03586364363465
0.9047843251479548 3343.1376652761405 0.5 1.2343213382858402 4771.051043636526 0.5 move_t 100 501.81471490859985 58.8114631448076 48.25762819615863 57.17637759746504 53.29935511405999 25.52108901691604 26.43081037783116 50.03586364363465
0.9047843251479548 3343.1376652761405 0.5 1.2134224012818922 4683.268636192527 0.5151515151515151 swap_t 100 502.54475808143616 58.8114631448076 48.25762819615863 57.17637759746504 53.29935511405999 26.295878126746878 26.43081037783116 50.03586364363465
0.9047843251479548 3343.1376652761405 0.5 1.2917288388221286 5018.308781386351 0.5151515151515151 t_move_k 100 503.44415068626404 59.41334851335952 48.25762819615863 57.17637759746504 53.29935511405999 26.295878126746878 26.43081037783116 50.03586364363465
0.9047843251479548 3343.1376652761405 0.5 1.3067349697570105 5100.310837071553 0.5 move_t 100 504.22317814826965 59.41334851335952 48.81505191419704 57.17637759746504 53.29935511405999 26.295878126746878 26.43081037783116 50.03586364363465
0.9047843251479548 3343.1376652761405 0.5 1.2642325527783584 4900.425071027472 0.5151515151515151 t_move_k 100 505.31448912620544 59.84921502822593 48.81505191419704 57.17637759746504 53.29935511405999 26.295878126746878 26.43081037783116 50.03586364363465
0.9047843251479548 3343.1376652761405 0.5 1.2267202457668895 4693.587827300191 0.4722222222222222 t_multiswap_k 100 506.27919721603394 59.84921502822593 48.81505191419704 57.17637759746504 53.29935511405999 26.295878126746878 26.43081037783116 50.595505007198305
0.9047843251479548 3343.1376652761405 0.5 1.2224596338279254 4675.3214787844345 0.4722222222222222 t_swap_r_k 100 507.77595591545105 59.84921502822593 48.81505191419704 57.17637759746504 53.29935511405999 26.295878126746878 27.20650227405285 50.595505007198305
0.9047843251479548 3343.1376652761405 0.5 1.3488103018986863 5246.792200720595 0.5 f_swap_t 100 509.0689477920532 59.84921502822593 48.81505191419704 57.17637759746504 53.81636156291939 26.295878126746878 27.20650227405285 50.595505007198305
0.9047843251479548 3343.1376652761405 0.5 1.296771557283208 5023.688604550356 0.5 t_move_k 100 510.07872438430786 60.44072287794367 48.81505191419704 57.17637759746504 53.81636156291939 26.295878126746878 27.20650227405285 50.595505007198305
0.9047843251479548 3343.1376652761405 0.5 1.2331654517495925 4750.992731738842 0.5 t_multiswap_k 100 510.71137833595276 60.44072287794367 48.81505191419704 57.17637759746504 53.81636156291939 26.295878126746878 27.20650227405285 51.149549957126325
0.9047843251479548 3343.1376652761405 0.5 1.2461760231179475 4836.545060534748 0.5277777777777778 t_swap_k 100 511.8454029560089 60.44072287794367 48.81505191419704 57.65461382149039 53.81636156291939 26.295878126746878 27.20650227405285 51.149549957126325
0.9047843251479548 3343.1376652761405 0.5 1.2569669825687761 4912.581337308999 0.5555555555555556 t_move_k 100 512.8623270988464 60.976315649164235 48.81505191419704 57.65461382149039 53.81636156291939 26.295878126746878 27.20650227405285 51.149549957126325
0.9047843251479548 3343.1376652761405 0.5 1.2307970627843352 4770.611468532457 0.5277777777777778 t_swap_k 100 514.10502576828 60.976315649164235 48.81505191419704 58.20806768327549 53.81636156291939 26.295878126746878 27.20650227405285 51.149549957126325
0.9047843251479548 3343.1376652761405 0.5 1.1835151033751616 4567.901444374336 0.5277777777777778 t_swap_r_k 100 515.6533522605896 60.976315649164235 48.81505191419704 58.20806768327549 53.81636156291939 26.295878126746878 27.97443725131232 51.149549957126325
0.9047843251479548 3343.1376652761405 0.5 1.1727547225747461 4521.7689008152465 0.5277777777777778 move_t 100 516.5867245197296 60.976315649164235 49.35690139505507 58.20806768327549 53.81636156291939 26.295878126746878 27.97443725131232 51.149549957126325
0.9047843251479548 3343.1376652761405 0.5 1.2798667233076508 4980.985831067487 0.5277777777777778 t_swap_k 100 517.7824881076813 60.976315649164235 49.35690139505507 58.77598700644273 53.81636156291939 26.295878126746878 27.97443725131232 51.149549957126325
0.9047843251479548 3343.1376652761405 0.5 1.2419880947008834 4818.590325130301 0.5277777777777778 move_t 100 518.6714043617249 60.976315649164235 49.86333238110452 58.77598700644273 53.81636156291939 26.295878126746878 27.97443725131232 51.149549957126325
0.9047843251479548 3343.1376652761405 0.5 1.286733166064284 5040.196686817944 0.5555555555555556 move_t 100 519.5250706672668 60.976315649164235 50.524699057293475 58.77598700644273 53.81636156291939 26.295878126746878 27.97443725131232 51.149549957126325
0.9047843251479548 3343.1376652761405 0.5 1.2387135845650252 4834.324285432459 0.5555555555555556 f_swap_t 100 520.7086207866669 60.976315649164235 50.524699057293475 58.77598700644273 54.278197947290195 26.295878126746878 27.97443725131232 51.149549957126325
0.9047843251479548 3343.1376652761405 0.5 1.2287536788849376 4791.623586344438 0.5555555555555556 t_swap_r_k 100 522.2814431190491 60.976315649164235 50.524699057293475 58.77598700644273 54.278197947290195 26.295878126746878 28.734692878799198 51.149549957126325
0.9047843251479548 3343.1376652761405 0.5 1.2287050143177423 4791.414948722074 0.5555555555555556 t_swap_k 100 523.475174665451 60.976315649164235 50.524699057293475 59.18822713637831 54.278197947290195 26.295878126746878 28.734692878799198 51.149549957126325
0.9047843251479548 3343.1376652761405 0.5 1.359353427171487 5340.7121701135475 0.5454545454545454 t_multiswap_k 100 524.2670731544495 60.976315649164235 50.524699057293475 59.18822713637831 54.278197947290195 26.295878126746878 28.734692878799198 51.76805445755506
0.9047843251479548 3343.1376652761405 0.5 1.2731753656559377 4971.244467209346 0.5454545454545454 f_swap_t 100 525.6105570793152 60.976315649164235 50.524699057293475 59.18822713637831 54.76541596781729 26.295878126746878 28.734692878799198 51.76805445755506
0.9047843251479548 3343.1376652761405 0.5 1.2585469417100796 4908.528619378285 0.5454545454545454 t_move_k 100 526.6069610118866 61.43655249267259 50.524699057293475 59.18822713637831 54.76541596781729 26.295878126746878 28.734692878799198 51.76805445755506
0.9047843251479548 3343.1376652761405 0.5 1.21656877640599 4739.383748851735 0.5555555555555556 t_multiswap_k 100 527.4455540180206 61.43655249267259 50.524699057293475 59.18822713637831 54.76541596781729 26.295878126746878 28.734692878799198 52.31037391297951
0.9047843251479548 3343.1376652761405 0.5 1.1926577722397822 4636.871071865753 0.5555555555555556 t_multiswap_k 100 528.2119748592377 61.43655249267259 50.524699057293475 59.18822713637831 54.76541596781729 26.295878126746878 28.734692878799198 52.817270173849714
0.9047843251479548 3343.1376652761405 0.5 1.1842374893885534 4667.625968366254 0.5555555555555556 move_t 100 529.0015296936035 61.43655249267259 51.04945206672054 59.18822713637831 54.76541596781729 26.295878126746878 28.734692878799198 52.817270173849714
0.9047843251479548 3343.1376652761405 0.5 1.2002919089236181 4662.469565916657 0.5555555555555556 swap_t 100 529.6231343746185 61.43655249267259 51.04945206672054 59.18822713637831 54.76541596781729 27.042919345479408 28.734692878799198 52.817270173849714
0.9047843251479548 3343.1376652761405 0.5 1.18671309882254 4611.3847149744715 0.5555555555555556 swap_t 100 530.1168308258057 61.43655249267259 51.04945206672054 59.18822713637831 54.76541596781729 27.772490152024613 28.734692878799198 52.817270173849714
0.9047843251479548 3343.1376652761405 0.5 1.3342305209969019 5200.524517114459 0.5151515151515151 t_swap_k 100 531.0824842453003 61.43655249267259 51.04945206672054 59.726344865014525 54.76541596781729 27.772490152024613 28.734692878799198 52.817270173849714
0.9047843251479548 3343.1376652761405 0.5 1.3161958564986023 5155.6844702672315 0.5454545454545454 t_move_k 100 531.8578851222992 61.962186967745865 51.04945206672054 59.726344865014525 54.76541596781729 27.772490152024613 28.734692878799198 52.817270173849714
0.9047843251479548 3343.1376652761405 0.5 1.2852811615293573 5023.145154165184 0.5454545454545454 f_swap_t 100 532.9884049892426 61.962186967745865 51.04945206672054 59.726344865014525 55.217761808139116 27.772490152024613 28.734692878799198 52.817270173849714
0.9047843251479548 3343.1376652761405 0.5 1.3218935479587368 5147.632713689761 0.5151515151515151 move_t 100 533.4871187210083 61.962186967745865 51.57895754605334 59.726344865014525 55.217761808139116 27.772490152024613 28.734692878799198 52.817270173849714
0.9047843251479548 3343.1376652761405 0.5 1.307667499895456 5086.6419556370665 0.5151515151515151 f_swap_t 100 534.4830689430237 61.962186967745865 51.57895754605334 59.726344865014525 55.66558419005772 27.772490152024613 28.734692878799198 52.817270173849714
0.9047843251479548 3343.1376652761405 0.5 1.28557346507388 5005.452113255277 0.5277777777777778 t_swap_k 100 535.4589035511017 61.962186967745865 51.57895754605334 60.21908141636438 55.66558419005772 27.772490152024613 28.734692878799198 52.817270173849714
0.9047843251479548 3343.1376652761405 0.5 1.266901997273195 4925.402687718778 0.5277777777777778 t_swap_r_k 100 536.9631431102753 61.962186967745865 51.57895754605334 60.21908141636438 55.66558419005772 27.772490152024613 29.487345950011207 52.817270173849714
0.9047843251479548 3343.1376652761405 0.5 1.265317957297423 4918.611497468446 0.5277777777777778 move_t 100 537.5585494041443 61.962186967745865 52.06316797059281 60.21908141636438 55.66558419005772 27.772490152024613 29.487345950011207 52.817270173849714
0.9047843251479548 3343.1376652761405 0.5 1.3163866894732703 5128.443870221862 0.5277777777777778 swap_t 100 538.1487426757812 61.962186967745865 52.06316797059281 60.21908141636438 55.66558419005772 28.564765250504365 29.487345950011207 52.817270173849714
0.9047843251479548 3343.1376652761405 0.5 1.3341967122938128 5200.379570434888 0.5151515151515151 t_move_k 100 539.0495712757111 62.50256509806841 52.06316797059281 60.21908141636438 55.66558419005772 28.564765250504365 29.487345950011207 52.817270173849714
0.9047843251479548 3343.1376652761405 0.5 1.2751936439994753 4947.418112221127 0.5151515151515151 t_multiswap_k 100 539.8741970062256 62.50256509806841 52.06316797059281 60.21908141636438 55.66558419005772 28.564765250504365 29.487345950011207 53.38909747211122
0.9047843251479548 3343.1376652761405 0.5 1.267803687246321 4980.693926296868 0.5757575757575758 t_swap_k 100 541.0113744735718 62.50256509806841 52.06316797059281 60.77689060220074 55.66558419005772 28.564765250504365 29.487345950011207 53.38909747211122
0.9047843251479548 3343.1376652761405 0.5 1.379942514175628 5396.503688818954 0.5151515151515151 t_swap_k 100 542.1884591579437 62.50256509806841 52.06316797059281 61.32912169617873 55.66558419005772 28.564765250504365 29.487345950011207 53.38909747211122
0.9047843251479548 3343.1376652761405 0.5 1.348859484553015 5263.242678394649 0.5151515151515151 swap_t 100 542.7588710784912 62.50256509806841 52.06316797059281 61.32912169617873 55.66558419005772 29.27911759799932 29.487345950011207 53.38909747211122
0.9047843251479548 3343.1376652761405 0.5 1.3017104671289705 5061.102611009764 0.5151515151515151 t_swap_k 100 543.8016176223755 62.50256509806841 52.06316797059281 61.935830479216946 55.66558419005772 29.27911759799932 29.487345950011207 53.38909747211122
0.9047843251479548 3343.1376652761405 0.5 1.2857677623608366 5057.710575901606 0.5757575757575758 t_move_k 100 544.7029023170471 63.19753944708773 52.06316797059281 61.935830479216946 55.66558419005772 29.27911759799932 29.487345950011207 53.38909747211122
0.9047843251479548 3343.1376652761405 0.5 1.2519538435231898 4912.7415350642195 0.5757575757575758 swap_t 100 545.2004024982452 63.19753944708773 52.06316797059281 61.935830479216946 55.66558419005772 29.986326422019328 29.487345950011207 53.38909747211122
0.9047843251479548 3343.1376652761405 0.5 1.2490861040253511 4900.446791992018 0.5757575757575758 t_swap_k 100 545.9592950344086 63.19753944708773 52.06316797059281 62.316472174424774 55.66558419005772 29.986326422019328 29.487345950011207 53.38909747211122
0.9047843251479548 3343.1376652761405 0.5 1.2466602878106354 4890.0466886622735 0.5757575757575758 t_move_k 100 546.7693138122559 63.62556405261685 52.06316797059281 62.316472174424774 55.66558419005772 29.986326422019328 29.487345950011207 53.38909747211122
0.9047843251479548 3343.1376652761405 0.5 1.2354061463208008 4841.797264954155 0.5757575757575758 move_t 100 547.5385618209839 63.62556405261685 52.54253629088688 62.316472174424774 55.66558419005772 29.986326422019328 29.487345950011207 53.38909747211122
0.9047843251479548 3343.1376652761405 0.5 1.2362888240070542 4845.581533147354 0.5757575757575758 t_move_k 100 548.3757104873657 64.05930841209069 52.54253629088688 62.316472174424774 55.66558419005772 29.986326422019328 29.487345950011207 53.38909747211122
0.9047843251479548 3343.1376652761405 0.5 1.218682990815139 4770.1007595869305 0.5757575757575758 swap_t 100 548.8831300735474 64.05930841209069 52.54253629088688 62.316472174424774 55.66558419005772 30.686463157799135 29.487345950011207 53.38909747211122
0.9047843251479548 3343.1376652761405 0.5 1.2166364946088413 4761.326899522713 0.5757575757575758 t_move_k 100 549.903037071228 64.44871532796978 52.54253629088688 62.316472174424774 55.66558419005772 30.686463157799135 29.487345950011207 53.38909747211122
0.9047843251479548 3343.1376652761405 0.5 1.2114895384530493 4739.260563446146 0.5757575757575758 move_t 100 550.5737318992615 64.44871532796978 53.04711092797801 62.316472174424774 55.66558419005772 30.686463157799135 29.487345950011207 53.38909747211122
0.9047843251479548 3343.1376652761405 0.5 1.21016398482621 4733.577571220842 0.5757575757575758 swap_t 100 551.0913236141205 64.44871532796978 53.04711092797801 62.316472174424774 55.66558419005772 31.379598526221145 29.487345950011207 53.38909747211122
0.9047843251479548 3343.1376652761405 0.5 1.21016398482621 4733.577571220842 0.5757575757575758 swap_t 100 551.6934242248535 64.44871532796978 53.04711092797801 62.316472174424774 55.66558419005772 32.065802540958934 29.487345950011207 53.38909747211122
0.9047843251479548 3343.1376652761405 0.5 1.207821461683071 4723.534566893814 0.5757575757575758 t_swap_k 100 552.7149436473846 64.44871532796978 53.04711092797801 62.72330745268053 55.66558419005772 32.065802540958934 29.487345950011207 53.38909747211122
0.9047843251479548 3343.1376652761405 0.5 1.2043420046025055 4676.137994119344 0.5454545454545454 t_swap_r_k 100 554.2048740386963 64.44871532796978 53.04711092797801 62.72330745268053 55.66558419005772 32.065802540958934 30.232472490511096 53.38909747211122
0.9047843251479548 3343.1376652761405 0.5 1.2343757934059574 4804.900636995908 0.5454545454545454 t_move_k 100 555.0804414749146 64.87422817469007 53.04711092797801 62.72330745268053 55.66558419005772 32.065802540958934 30.232472490511096 53.38909747211122
0.9047843251479548 3343.1376652761405 0.5 1.2084733974059914 4693.850346683963 0.5454545454545454 t_swap_k 100 556.1813840866089 64.87422817469007 53.04711092797801 63.156074378153725 55.66558419005772 32.065802540958934 30.232472490511096 53.38909747211122
0.9047843251479548 3343.1376652761405 0.5 1.2150528056555325 4689.578738685669 0.5151515151515151 t_swap_k 100 557.2288722991943 64.87422817469007 53.04711092797801 63.54451363437219 55.66558419005772 32.065802540958934 30.232472490511096 53.38909747211122
0.9047843251479548 3343.1376652761405 0.5 1.2036199121044673 4640.5629585256775 0.5151515151515151 f_swap_t 100 558.440535068512 64.87422817469007 53.04711092797801 63.54451363437219 56.10892834815714 32.065802540958934 30.232472490511096 53.38909747211122
0.9047843251479548 3343.1376652761405 0.5 1.4661509827692467 5733.622516998409 0.48484848484848486 f_swap_t 100 559.6453485488892 64.87422817469007 53.04711092797801 63.54451363437219 56.70783906467557 32.065802540958934 30.232472490511096 53.38909747211122
0.9047843251479548 3343.1376652761405 0.5 1.4397929538446168 5620.618810154663 0.48484848484848486 t_move_k 100 560.5363886356354 65.37548589294317 53.04711092797801 63.54451363437219 56.70783906467557 32.065802540958934 30.232472490511096 53.38909747211122
0.9047843251479548 3343.1376652761405 0.5 1.384792046554177 5384.815654260059 0.48484848484848486 move_t 100 561.2921724319458 65.37548589294317 53.54663981869823 63.54451363437219 56.70783906467557 32.065802540958934 30.232472490511096 53.38909747211122
0.9047843251479548 3343.1376652761405 0.5 1.3771774761759672 5352.170015953006 0.48484848484848486 f_swap_t 100 562.4559381008148 65.37548589294317 53.54663981869823 63.54451363437219 57.14076067402881 32.065802540958934 30.232472490511096 53.38909747211122
0.9047843251479548 3343.1376652761405 0.5 1.370343206226846 5322.869727982693 0.48484848484848486 t_move_k 100 563.5380423069 65.75173103401374 53.54663981869823 63.54451363437219 57.14076067402881 32.065802540958934 30.232472490511096 53.38909747211122
0.9047843251479548 3343.1376652761405 0.5 1.443248673385471 5651.673995061495 0.5 t_swap_k 100 564.7609567642212 65.75173103401374 53.54663981869823 63.999068498028464 57.14076067402881 32.065802540958934 30.232472490511096 53.38909747211122
0.9047843251479548 3343.1376652761405 0.5 1.350085964268076 5252.261296184233 0.5 t_move_k 100 565.693855047226 66.3142137236736 53.54663981869823 63.999068498028464 57.14076067402881 32.065802540958934 30.232472490511096 53.38909747211122
0.9047843251479548 3343.1376652761405 0.5 1.3440094243127603 5226.209593240195 0.5 swap_t 100 566.1731505393982 66.3142137236736 53.54663981869823 63.999068498028464 57.14076067402881 32.74514451554934 30.232472490511096 53.38909747211122
0.9047843251479548 3343.1376652761405 0.5 1.341344096715012 5214.782642486035 0.5 move_t 100 566.880286693573 66.3142137236736 54.01117342051125 63.999068498028464 57.14076067402881 32.74514451554934 30.232472490511096 53.38909747211122
0.9047843251479548 3343.1376652761405 0.5 1.3357176339578953 5220.433171842615 0.5277777777777778 t_multiswap_k 100 567.3682332038879 66.3142137236736 54.01117342051125 63.999068498028464 57.14076067402881 32.74514451554934 30.232472490511096 53.88520649739011
0.9047843251479548 3343.1376652761405 0.5 1.3264925074774787 5180.882661773352 0.5277777777777778 t_swap_k 100 568.2330162525177 66.3142137236736 54.01117342051125 64.45907781304818 57.14076067402881 32.74514451554934 30.232472490511096 53.88520649739011
0.9047843251479548 3343.1376652761405 0.5 1.3173498996154347 5141.68593042504 0.5277777777777778 swap_t 100 568.8029475212097 66.3142137236736 54.01117342051125 64.45907781304818 57.14076067402881 33.417693070393845 30.232472490511096 53.88520649739011
0.9047843251479548 3343.1376652761405 0.5 1.3145818968251421 5129.818784488168 0.5277777777777778 move_t 100 569.498366355896 66.3142137236736 54.50106168630614 64.45907781304818 57.14076067402881 33.417693070393845 30.232472490511096 53.88520649739011
0.9047843251479548 3343.1376652761405 0.5 1.3138887173426375 5126.846944247191 0.5277777777777778 move_t 100 570.0914068222046 66.3142137236736 54.95605106944308 64.45907781304818 57.14076067402881 33.417693070393845 30.232472490511096 53.88520649739011
0.9047843251479548 3343.1376652761405 0.5 1.3430973630921514 5222.299350213604 0.5 move_t 100 571.0525460243225 66.3142137236736 55.48649055874865 64.45907781304818 57.14076067402881 33.417693070393845 30.232472490511096 53.88520649739011
0.9047843251479548 3343.1376652761405 0.5 1.3168542324612191 5109.788242157687 0.5 t_swap_k 100 572.0549509525299 66.3142137236736 55.48649055874865 64.8444870349177 57.14076067402881 33.417693070393845 30.232472490511096 53.88520649739011
0.9047843251479548 3343.1376652761405 0.5 1.3114278803413217 5086.524063112234 0.5 f_swap_t 100 573.1164577007294 66.3142137236736 55.48649055874865 64.8444870349177 57.569353067288525 33.417693070393845 30.232472490511096 53.88520649739011
0.9047843251479548 3343.1376652761405 0.5 1.3033724955348074 5051.988539010948 0.5 t_multiswap_k 100 573.8101198673248 66.3142137236736 55.48649055874865 64.8444870349177 57.569353067288525 33.417693070393845 30.232472490511096 54.43635443241621
0.9047843251479548 3343.1376652761405 0.5 1.316245334488403 5130.348737397929 0.5151515151515151 move_t 100 574.6864910125732 66.3142137236736 55.98162565316116 64.8444870349177 57.569353067288525 33.417693070393845 30.232472490511096 54.43635443241621
0.9047843251479548 3343.1376652761405 0.5 1.2856735102309345 4992.348017062185 0.5151515151515151 t_move_k 100 575.4873859882355 66.65107158643687 55.98162565316116 64.8444870349177 57.569353067288525 33.417693070393845 30.232472490511096 54.43635443241621
0.9047843251479548 3343.1376652761405 0.5 1.2761024540780705 4905.302163271611 0.4722222222222222 f_swap_t 100 576.5986995697021 66.65107158643687 55.98162565316116 64.8444870349177 58.02365953661564 33.417693070393845 30.232472490511096 54.43635443241621
0.9047843251479548 3343.1376652761405 0.5 1.2566625276349648 4881.503425427857 0.5277777777777778 t_swap_r_k 100 578.2397699356079 66.65107158643687 55.98162565316116 64.8444870349177 58.02365953661564 33.417693070393845 31.000147765605984 54.43635443241621
0.9047843251479548 3343.1376652761405 0.5 1.2551728979264414 4875.116996481707 0.5277777777777778 f_swap_t 100 579.3268532752991 66.65107158643687 55.98162565316116 64.8444870349177 58.44342294124948 33.417693070393845 31.000147765605984 54.43635443241621
0.9047843251479548 3343.1376652761405 0.5 1.3383962175537147 5202.14431988966 0.5 t_swap_k 100 580.4495093822479 66.65107158643687 55.98162565316116 65.26604216456853 58.44342294124948 33.417693070393845 31.000147765605984 54.43635443241621
0.9047843251479548 3343.1376652761405 0.5 1.3328621408152879 5204.124362579353 0.5 swap_t 100 581.1493496894836 66.65107158643687 55.98162565316116 65.26604216456853 58.44342294124948 34.123516139689904 31.000147765605984 54.43635443241621
0.9047843251479548 3343.1376652761405 0.5 1.267755848217979 4899.290733584874 0.5 t_multiswap_k 100 581.8182444572449 66.65107158643687 55.98162565316116 65.26604216456853 58.44342294124948 34.123516139689904 31.000147765605984 55.081990888092044
0.9047843251479548 3343.1376652761405 0.5 1.2622841788848984 4875.832267891957 0.5 f_swap_t 100 583.0894451141357 66.65107158643687 55.98162565316116 65.26604216456853 58.928988711836986 34.123516139689904 31.000147765605984 55.081990888092044
0.9047843251479548 3343.1376652761405 0.5 1.2869154250786654 5011.205443878384 0.5277777777777778 t_move_k 100 584.0628740787506 67.0845608705725 55.98162565316116 65.26604216456853 58.928988711836986 34.123516139689904 31.000147765605984 55.081990888092044
0.9047843251479548 3343.1376652761405 0.5 1.3676905043261298 5514.449292812412 0.5277777777777778 move_t 100 584.9750068187714 67.0845608705725 56.55180939662955 65.26604216456853 58.928988711836986 34.123516139689904 31.000147765605984 55.081990888092044
0.9047843251479548 3343.1376652761405 0.5 1.2858985225118267 5025.791940830425 0.5454545454545454 t_swap_k 100 586.419068813324 67.0845608705725 56.55180939662955 65.67338174292284 58.928988711836986 34.123516139689904 31.000147765605984 55.081990888092044
0.9047843251479548 3343.1376652761405 0.5 1.2282490452128796 4789.46009089856 0.5555555555555556 t_move_k 100 587.5324838161469 67.59371526186678 56.55180939662955 65.67338174292284 58.928988711836986 34.123516139689904 31.000147765605984 55.081990888092044
0.9047843251479548 3343.1376652761405 0.5 1.2096181288557395 4709.584519918923 0.5555555555555556 t_swap_k 100 588.8432459831238 67.59371526186678 56.55180939662955 66.04664792549362 58.928988711836986 34.123516139689904 31.000147765605984 55.081990888092044
0.9047843251479548 3343.1376652761405 0.5 1.3044249877074294 5086.273480563561 0.5277777777777778 t_swap_k 100 590.0528059005737 67.59371526186678 56.55180939662955 66.51618144623868 58.928988711836986 34.123516139689904 31.000147765605984 55.081990888092044
0.9047843251479548 3343.1376652761405 0.5 1.2617894582876374 4857.4716534912595 0.48484848484848486 t_multiswap_k 100 590.7570061683655 67.59371526186678 56.55180939662955 66.51618144623868 58.928988711836986 34.123516139689904 31.000147765605984 55.601170979211126
0.9047843251479548 3343.1376652761405 0.5 1.2316852976306176 4728.407308225137 0.48484848484848486 t_swap_k 100 591.9655241966248 67.59371526186678 56.55180939662955 66.91101963177628 58.928988711836986 34.123516139689904 31.000147765605984 55.601170979211126
0.9047843251479548 3343.1376652761405 0.5 1.214641991545923 4655.338234283747 0.48484848484848486 f_swap_t 100 593.1998744010925 67.59371526186678 56.55180939662955 66.91101963177628 59.33969882471862 34.123516139689904 31.000147765605984 55.601170979211126
0.9047843251479548 3343.1376652761405 0.5 1.2474819179924874 4796.131517102782 0.48484848484848486 t_move_k 100 594.2243618965149 68.0277781092481 56.55180939662955 66.91101963177628 59.33969882471862 34.123516139689904 31.000147765605984 55.601170979211126
0.9047843251479548 3343.1376652761405 0.5 1.2238218924523858 4727.174088342222 0.5151515151515151 t_swap_k 100 595.2668435573578 68.0277781092481 56.55180939662955 67.30190943545853 59.33969882471862 34.123516139689904 31.000147765605984 55.601170979211126
0.9047843251479548 3343.1376652761405 0.5 1.2073738443221256 4656.65703965172 0.5151515151515151 move_t 100 596.1771609783173 68.0277781092481 56.986291302663254 67.30190943545853 59.33969882471862 34.123516139689904 31.000147765605984 55.601170979211126
0.9047843251479548 3343.1376652761405 0.5 1.2000161065120953 4625.112509182642 0.5151515151515151 t_move_k 100 597.3515875339508 68.47750032815563 56.986291302663254 67.30190943545853 59.33969882471862 34.123516139689904 31.000147765605984 55.601170979211126
0.9047843251479548 3343.1376652761405 0.5 1.2124490694932826 4565.820468952294 0.5151515151515151 move_t 100 598.3044948577881 68.47750032815563 57.42642838963662 67.30190943545853 59.33969882471862 34.123516139689904 31.000147765605984 55.601170979211126
0.9047843251479548 3343.1376652761405 0.5 1.2293272730493023 4718.297845211826 0.48484848484848486 t_swap_k 100 599.3524606227875 68.47750032815563 57.42642838963662 67.76889034110394 59.33969882471862 34.123516139689904 31.000147765605984 55.601170979211126
0.9047843251479548 3343.1376652761405 0.5 1.2460397279059978 4789.948474121358 0.48484848484848486 swap_t 100 599.9631381034851 68.47750032815563 57.42642838963662 67.76889034110394 59.33969882471862 34.79228097829301 31.000147765605984 55.601170979211126
0.9047843251479548 3343.1376652761405 0.5 1.252548805397267 4817.854577675228 0.48484848484848486 t_move_k 100 600.9778821468353 68.84272532487407 57.42642838963662 67.76889034110394 59.33969882471862 34.79228097829301 31.000147765605984 55.601170979211126
0.9047843251479548 3343.1376652761405 0.5 1.2305577304195614 4723.57313511875 0.48484848484848486 t_move_k 100 602.2594065666199 69.27429807162532 57.42642838963662 67.76889034110394 59.33969882471862 34.79228097829301 31.000147765605984 55.601170979211126
0.9047843251479548 3343.1376652761405 0.5 1.1990841791641667 4621.117094915281 0.5151515151515151 t_multiswap_k 100 602.9489884376526 69.27429807162532 57.42642838963662 67.76889034110394 59.33969882471862 34.79228097829301 31.000147765605984 56.13515926941901
0.9047843251479548 3343.1376652761405 0.5 1.1867054383031612 4568.046222000173 0.5151515151515151 swap_t 100 604.1540644168854 69.27429807162532 57.42642838963662 67.76889034110394 59.33969882471862 35.44435816851008 31.000147765605984 56.13515926941901
0.9047843251479548 3343.1376652761405 0.5 1.1869079145326422 4568.914290114998 0.5151515151515151 t_move_k 100 605.5282797813416 69.59155509090907 57.42642838963662 67.76889034110394 59.33969882471862 35.44435816851008 31.000147765605984 56.13515926941901
0.9047843251479548 3343.1376652761405 0.5 1.2003325419201323 4626.469149855094 0.5151515151515151 t_move_k 100 606.8677349090576 69.97563953999997 57.42642838963662 67.76889034110394 59.33969882471862 35.44435816851008 31.000147765605984 56.13515926941901
0.9047843251479548 3343.1376652761405 0.5 1.1974925394546312 4614.293322635057 0.5151515151515151 move_t 100 608.1175775527954 69.97563953999997 57.85216410574025 67.76889034110394 59.33969882471862 35.44435816851008 31.000147765605984 56.13515926941901
0.9047843251479548 3343.1376652761405 0.5 1.1961614866518318 4608.586754016015 0.5151515151515151 t_move_k 100 609.4228150844574 70.30588314459997 57.85216410574025 67.76889034110394 59.33969882471862 35.44435816851008 31.000147765605984 56.13515926941901
0.9047843251479548 3343.1376652761405 0.5 1.1902417722598626 4583.207402940045 0.5151515151515151 swap_t 100 610.406765460968 70.30588314459997 57.85216410574025 67.76889034110394 59.33969882471862 36.089914586824975 31.000147765605984 56.13515926941901
0.9047843251479548 3343.1376652761405 0.5 1.1902417722598626 4583.207402940045 0.5151515151515151 t_swap_k 100 611.507691860199 70.30588314459997 57.85216410574025 68.0912014376929 59.33969882471862 36.089914586824975 31.000147765605984 56.13515926941901
0.9047843251479548 3343.1376652761405 0.5 1.227943997821776 4744.846623267864 0.5151515151515151 t_swap_k 100 613.2022023200989 70.30588314459997 57.85216410574025 68.49028942331597 59.33969882471862 36.089914586824975 31.000147765605984 56.13515926941901
0.9047843251479548 3343.1376652761405 0.5 1.1977673711464583 4615.47159738479 0.5151515151515151 t_move_k 100 614.6952955722809 70.66282431315398 57.85216410574025 68.49028942331597 59.33969882471862 36.089914586824975 31.000147765605984 56.13515926941901
0.9047843251479548 3343.1376652761405 0.5 1.1851564254900573 4545.16558340391 0.5 t_multiswap_k 100 615.7450993061066 70.66282431315398 57.85216410574025 68.49028942331597 59.33969882471862 36.089914586824975 31.000147765605984 56.60380767672482
0.9047843251479548 3343.1376652761405 0.5 1.175583998237873 4504.12610484191 0.5 swap_t 100 616.4529600143433 70.66282431315398 57.85216410574025 68.49028942331597 59.33969882471862 36.72901544095672 31.000147765605984 56.60380767672482
0.9047843251479548 3343.1376652761405 0.5 1.175583998237873 4504.12610484191 0.5 move_t 100 617.4249782562256 70.66282431315398 58.27364246468285 68.49028942331597 59.33969882471862 36.72901544095672 31.000147765605984 56.60380767672482
0.9047843251479548 3343.1376652761405 0.5 1.175583998237873 4504.12610484191 0.5 t_swap_k 100 619.3120596408844 70.66282431315398 58.27364246468285 68.80538652908281 59.33969882471862 36.72901544095672 31.000147765605984 56.60380767672482
0.9047843251479548 3343.1376652761405 0.5 1.175583998237873 4504.12610484191 0.5 f_swap_t 100 620.4356563091278 70.66282431315398 58.27364246468285 68.80538652908281 59.74630183647143 36.72901544095672 31.000147765605984 56.60380767672482
0.9047843251479548 3343.1376652761405 0.5 1.175583998237873 4504.12610484191 0.5 swap_t 100 621.5201179981232 70.66282431315398 58.27364246468285 68.80538652908281 59.74630183647143 37.361725286547156 31.000147765605984 56.60380767672482
0.9047843251479548 3343.1376652761405 0.5 1.175583998237873 4504.12610484191 0.5 t_swap_k 100 622.6348266601562 70.66282431315398 58.27364246468285 69.11733266379198 59.74630183647143 37.361725286547156 31.000147765605984 56.60380767672482
0.9047843251479548 3343.1376652761405 0.5 1.189472887126762 4504.12610484191 0.4444444444444444 t_swap_r_k 100 624.4113652706146 70.66282431315398 58.27364246468285 69.11733266379198 59.74630183647143 37.361725286547156 31.730146287949925 56.60380767672482
0.9047843251479548 3343.1376652761405 0.5 1.2637384399490614 4852.2944276764465 0.4722222222222222 t_move_k 100 625.5167019367218 71.04619607002243 58.27364246468285 69.11733266379198 59.74630183647143 37.361725286547156 31.730146287949925 56.60380767672482
0.9047843251479548 3343.1376652761405 0.5 1.2156599099300416 4675.941933305695 0.5 t_swap_k 100 626.6626369953156 71.04619607002243 58.27364246468285 69.52615933715407 59.74630183647143 37.361725286547156 31.730146287949925 56.60380767672482
0.9047843251479548 3343.1376652761405 0.5 1.1749928457498977 4501.591680790623 0.5 t_swap_r_k 100 628.4837238788605 71.04619607002243 58.27364246468285 69.52615933715407 59.74630183647143 37.361725286547156 32.45284482507043 56.60380767672482
0.9047843251479548 3343.1376652761405 0.5 1.1663194273678434 4464.406486443144 0.5 move_t 100 629.2732858657837 71.04619607002243 58.72090604003602 69.52615933715407 59.74630183647143 37.361725286547156 32.45284482507043 56.60380767672482
0.9047843251479548 3343.1376652761405 0.5 1.1613458075932561 4443.08328839344 0.5 t_swap_r_k 100 630.8470585346222 71.04619607002243 58.72090604003602 69.52615933715407 59.74630183647143 37.361725286547156 33.168316376819725 56.60380767672482
0.9047843251479548 3343.1376652761405 0.5 1.1613458075932561 4443.08328839344 0.5 t_swap_r_k 100 632.4908282756805 71.04619607002243 58.72090604003602 69.52615933715407 59.74630183647143 37.361725286547156 33.87663321305153 56.60380767672482
0.9047843251479548 3343.1376652761405 0.5 1.1613458075932561 4443.08328839344 0.5 t_multiswap_k 100 633.0501029491425 71.04619607002243 58.72090604003602 69.52615933715407 59.74630183647143 37.361725286547156 33.87663321305153 57.03776959995757
0.9047843251479548 3343.1376652761405 0.5 1.1872240919237198 4554.030205724053 0.5 t_move_k 100 633.926078081131 71.37573410932221 58.72090604003602 69.52615933715407 59.74630183647143 37.361725286547156 33.87663321305153 57.03776959995757
0.9047843251479548 3343.1376652761405 0.5 1.1657362801827453 4461.906383201736 0.5 t_move_k 100 634.869283914566 71.70197676822899 58.72090604003602 69.52615933715407 59.74630183647143 37.361725286547156 33.87663321305153 57.03776959995757
0.9047843251479548 3343.1376652761405 0.5 1.1567669133753182 4423.452381190478 0.5 t_swap_k 100 636.2194125652313 71.70197676822899 58.72090604003602 69.83089774378253 59.74630183647143 37.361725286547156 33.87663321305153 57.03776959995757
0.9047843251479548 3343.1376652761405 0.5 1.1618189427878398 4445.1117416961915 0.5 f_swap_t 100 637.780266046524 71.70197676822899 58.72090604003602 69.83089774378253 60.158838818106716 37.361725286547156 33.87663321305153 57.03776959995757
0.9047843251479548 3343.1376652761405 0.5 1.1496906901417874 4393.114776731155 0.5 move_t 100 638.6759014129639 71.70197676822899 59.13369697963566 69.83089774378253 60.158838818106716 37.361725286547156 33.87663321305153 57.03776959995757
0.9047843251479548 3343.1376652761405 0.5 1.1482682941374693 4387.016596114263 0.5 t_swap_r_k 100 640.2764446735382 71.70197676822899 59.13369697963566 69.83089774378253 60.158838818106716 37.361725286547156 34.577866880921015 57.03776959995757
0.9047843251479548 3343.1376652761405 0.5 1.1482682941374693 4387.016596114263 0.5 swap_t 100 641.0155093669891 71.70197676822899 59.13369697963566 69.83089774378253 60.158838818106716 37.988108033681684 34.577866880921015 57.03776959995757
0.9047843251479548 3343.1376652761405 0.5 1.1482682941374693 4387.016596114263 0.5 t_swap_k 100 642.083694934845 71.70197676822899 59.13369697963566 70.13258876634471 60.158838818106716 37.988108033681684 34.577866880921015 57.03776959995757
0.9047843251479548 3343.1376652761405 0.5 1.2119160672122196 4630.118473873267 0.4722222222222222 t_move_k 100 643.2380459308624 72.0149570005467 59.13369697963566 70.13258876634471 60.158838818106716 37.988108033681684 34.577866880921015 57.03776959995757
0.9047843251479548 3343.1376652761405 0.5 1.1820643430775142 4502.136389456233 0.4722222222222222 t_swap_k 100 644.5683009624481 72.0149570005467 59.13369697963566 70.43126287868127 60.158838818106716 37.988108033681684 34.577866880921015 57.03776959995757
0.9047843251479548 3343.1376652761405 0.5 1.1794959064782868 4491.124835544679 0.4722222222222222 t_swap_k 100 645.5975995063782 72.0149570005467 59.13369697963566 70.72695024989446 60.158838818106716 37.988108033681684 34.577866880921015 57.03776959995757
0.9047843251479548 3343.1376652761405 0.5 1.2005246220133705 4611.053028159491 0.5 t_multiswap_k 100 646.2435355186462 72.0149570005467 59.13369697963566 70.72695024989446 60.158838818106716 37.988108033681684 34.577866880921015 57.537391903957996
0.9047843251479548 3343.1376652761405 0.5 1.2302119799248774 4738.33043194375 0.5 t_move_k 100 647.2697250843048 72.44480743054123 59.13369697963566 70.72695024989446 60.158838818106716 37.988108033681684 34.577866880921015 57.537391903957996
0.9047843251479548 3343.1376652761405 0.5 1.199117463435285 4605.020174341198 0.5 t_move_k 100 648.1104123592377 72.72035935623582 59.13369697963566 70.72695024989446 60.158838818106716 37.988108033681684 34.577866880921015 57.537391903957996
0.9047843251479548 3343.1376652761405 0.5 1.216326185002033 4678.798427360236 0.5 f_swap_t 100 649.5498869419098 72.72035935623582 59.13369697963566 70.72695024989446 60.56725042992565 37.988108033681684 34.577866880921015 57.537391903957996
0.9047843251479548 3343.1376652761405 0.5 1.2092569446673307 4648.490760399441 0.5 f_swap_t 100 650.5143647193909 72.72035935623582 59.13369697963566 70.72695024989446 60.96157792562639 37.988108033681684 34.577866880921015 57.537391903957996
0.9047843251479548 3343.1376652761405 0.5 1.200434734268695 4610.667656082649 0.5 f_swap_t 100 651.5286514759064 72.72035935623582 59.13369697963566 70.72695024989446 61.35196214637013 37.988108033681684 34.577866880921015 57.537391903957996
0.9047843251479548 3343.1376652761405 0.5 1.1982147081792383 4571.377193789264 0.4722222222222222 t_multiswap_k 100 652.0345029830933 72.72035935623582 59.13369697963566 70.72695024989446 61.35196214637013 37.988108033681684 34.577866880921015 57.99201798491842
0.9047843251479548 3343.1376652761405 0.5 1.1971714450455122 4566.904454129498 0.4722222222222222 t_move_k 100 652.7841935157776 73.02315576267345 59.13369697963566 70.72695024989446 61.35196214637013 37.988108033681684 34.577866880921015 57.99201798491842
0.9047843251479548 3343.1376652761405 0.5 1.2933556347491022 4960.324801978622 0.45454545454545453 f_swap_t 100 653.9700450897217 73.02315576267345 59.13369697963566 70.72695024989446 61.848442524906424 37.988108033681684 34.577866880921015 57.99201798491842
0.9047843251479548 3343.1376652761405 0.5 1.249910761748168 4774.0653625304085 0.45454545454545453 move_t 100 654.8454580307007 73.02315576267345 59.5423600098393 70.72695024989446 61.848442524906424 37.988108033681684 34.577866880921015 57.99201798491842
0.9047843251479548 3343.1376652761405 0.5 1.2494605385876758 4772.135139060815 0.45454545454545453 t_move_k 100 655.6933853626251 73.30292420504672 59.5423600098393 70.72695024989446 61.848442524906424 37.988108033681684 34.577866880921015 57.99201798491842
0.9047843251479548 3343.1376652761405 0.5 1.3027503872238344 5033.081780439267 0.48484848484848486 f_swap_t 100 657.0361909866333 73.30292420504672 59.5423600098393 70.72695024989446 62.38995809965736 37.988108033681684 34.577866880921015 57.99201798491842
0.9047843251479548 3343.1376652761405 0.5 1.2513630075833517 4812.770754870313 0.48484848484848486 swap_t 100 657.7264502048492 73.30292420504672 59.5423600098393 70.72695024989446 62.38995809965736 38.60822695334487 34.577866880921015 57.99201798491842
0.9047843251479548 3343.1376652761405 0.5 1.239957355800902 4763.871767238448 0.48484848484848486 move_t 100 658.345662355423 73.30292420504672 59.94693640974091 70.72695024989446 62.38995809965736 38.60822695334487 34.577866880921015 57.99201798491842
0.9047843251479548 3343.1376652761405 0.5 1.2824596366894485 4845.346777391992 0.48484848484848486 swap_t 100 658.9385938644409 73.30292420504672 59.94693640974091 70.72695024989446 62.38995809965736 39.23214468381142 34.577866880921015 57.99201798491842
0.9047843251479548 3343.1376652761405 0.5 1.2583706641502 4842.81439624449 0.48484848484848486 f_swap_t 100 659.8897676467896 73.30292420504672 59.94693640974091 70.72695024989446 62.79605851866079 39.23214468381142 34.577866880921015 57.99201798491842
0.9047843251479548 3343.1376652761405 0.5 1.314888532361695 5085.121157082637 0.48484848484848486 t_swap_k 100 661.0368773937225 73.30292420504672 59.94693640974091 71.12968074739551 62.79605851866079 39.23214468381142 34.577866880921015 57.99201798491842
0.9047843251479548 3343.1376652761405 0.5 1.3190573597034936 5102.9940012229135 0.48484848484848486 t_swap_k 100 662.1544232368469 73.30292420504672 59.94693640974091 71.49838393992155 62.79605851866079 39.23214468381142 34.577866880921015 57.99201798491842
0.9047843251479548 3343.1376652761405 0.5 1.2932636039258267 4992.409479723472 0.48484848484848486 f_swap_t 100 663.1766536235809 73.30292420504672 59.94693640974091 71.49838393992155 63.19809793347419 39.23214468381142 34.577866880921015 57.99201798491842
0.9047843251479548 3343.1376652761405 0.5 1.272774791820051 4839.610152250442 0.42424242424242425 t_multiswap_k 100 663.6391711235046 73.30292420504672 59.94693640974091 71.49838393992155 63.19809793347419 39.23214468381142 34.577866880921015 58.47209780506923
0.9047843251479548 3343.1376652761405 0.5 1.2568529245213238 4836.307452778531 0.48484848484848486 t_swap_k 100 664.7731156349182 73.30292420504672 59.94693640974091 71.88340010052234 63.19809793347419 39.23214468381142 34.577866880921015 58.47209780506923
0.9047843251479548 3343.1376652761405 0.5 1.2098187220089698 4634.659626701185 0.48484848484848486 t_swap_k 100 665.7580635547638 73.30292420504672 59.94693640974091 72.31456609951711 63.19809793347419 39.23214468381142 34.577866880921015 58.47209780506923
0.9047843251479548 3343.1376652761405 0.5 1.1980080810429596 4584.024345391792 0.48484848484848486 f_swap_t 100 666.9468541145325 73.30292420504672 59.94693640974091 72.31456609951711 63.566116954139446 39.23214468381142 34.577866880921015 58.47209780506923
0.9047843251479548 3343.1376652761405 0.5 1.251082518009071 4811.568223310939 0.48484848484848486 swap_t 100 667.742555141449 73.30292420504672 59.94693640974091 72.31456609951711 63.566116954139446 39.9098232369733 34.577866880921015 58.47209780506923
0.9047843251479548 3343.1376652761405 0.5 1.2495343689521108 4772.451668983543 0.45454545454545453 t_move_k 100 668.6945035457611 73.67989496299626 59.94693640974091 72.31456609951711 63.566116954139446 39.9098232369733 34.577866880921015 58.47209780506923
0.9047843251479548 3343.1376652761405 0.5 1.2623087337816177 4841.158292907484 0.48484848484848486 move_t 100 669.2887191772461 73.67989496299626 60.397467045643495 72.31456609951711 63.566116954139446 39.9098232369733 34.577866880921015 58.47209780506923
0.9047843251479548 3343.1376652761405 0.5 1.2267657827368783 4739.795309589083 0.5151515151515151 t_move_k 100 670.7089643478394 74.1030960133663 60.397467045643495 72.31456609951711 63.566116954139446 39.9098232369733 34.577866880921015 58.47209780506923
0.9047843251479548 3343.1376652761405 0.5 1.1953227464816205 4604.990857350767 0.5151515151515151 t_swap_k 100 671.8847010135651 74.1030960133663 60.397467045643495 72.62142043852194 63.566116954139446 39.9098232369733 34.577866880921015 58.47209780506923
0.9047843251479548 3343.1376652761405 0.5 1.1889280659533625 4577.575203250036 0.5151515151515151 move_t 100 672.5840332508087 74.1030960133663 60.79349237518706 72.62142043852194 63.566116954139446 39.9098232369733 34.577866880921015 58.47209780506923
0.9047843251479548 3343.1376652761405 0.5 1.1843440005200159 4557.922125705289 0.5151515151515151 t_swap_k 100 673.6984288692474 74.1030960133663 60.79349237518706 72.95520623413672 63.566116954139446 39.9098232369733 34.577866880921015 58.47209780506923
0.9047843251479548 3343.1376652761405 0.5 1.1783452287924834 4532.20383532557 0.5151515151515151 t_move_k 100 674.6546111106873 74.36206505323264 60.79349237518706 72.95520623413672 63.566116954139446 39.9098232369733 34.577866880921015 58.47209780506923
0.9047843251479548 3343.1376652761405 0.5 1.1754069930910047 4519.606856742796 0.5151515151515151 t_swap_r_k 100 676.4375429153442 74.36206505323264 60.79349237518706 72.95520623413672 63.566116954139446 39.9098232369733 35.272088212111804 58.47209780506923
0.9047843251479548 3343.1376652761405 0.5 1.1753383395981496 4519.312521411326 0.5151515151515151 f_swap_t 100 678.5302929878235 74.36206505323264 60.79349237518706 72.95520623413672 63.960455784598054 39.9098232369733 35.272088212111804 58.47209780506923
0.9047843251479548 3343.1376652761405 0.5 1.1964752876884757 4593.692481577226 0.5 t_move_k 100 680.3852441310883 74.65844440270031 60.79349237518706 72.95520623413672 63.960455784598054 39.9098232369733 35.272088212111804 58.47209780506923
0.9047843251479548 3343.1376652761405 0.5 1.1893100846651778 4562.973397679262 0.5 t_multiswap_k 100 681.9159421920776 74.65844440270031 60.79349237518706 72.95520623413672 63.960455784598054 39.9098232369733 35.272088212111804 58.88737682701854
0.9047843251479548 3343.1376652761405 0.5 1.186116626812322 4549.28221553306 0.5 t_swap_k 100 684.940348148346 74.65844440270031 60.79349237518706 73.22565417179536 63.960455784598054 39.9098232369733 35.272088212111804 58.88737682701854
0.9047843251479548 3343.1376652761405 0.5 1.1849002914000222 4560.30708900068 0.5151515151515151 t_swap_k 100 686.7665445804596 74.65844440270031 60.79349237518706 73.6233976300774 63.960455784598054 39.9098232369733 35.272088212111804 58.88737682701854
0.9047843251479548 3343.1376652761405 0.5 1.1998891573751056 4624.568245303827 0.5151515151515151 t_swap_k 100 688.1846928596497 74.65844440270031 60.79349237518706 73.93716365377664 63.960455784598054 39.9098232369733 35.272088212111804 58.88737682701854
0.9047843251479548 3343.1376652761405 0.5 1.1817994927219542 4547.013160771075 0.5151515151515151 t_move_k 100 689.9818208217621 74.92185995867331 60.79349237518706 73.93716365377664 63.960455784598054 39.9098232369733 35.272088212111804 58.88737682701854
0.9047843251479548 3343.1376652761405 0.5 1.2017106194496225 4599.898087919377 0.48484848484848486 t_move_k 100 691.0457682609558 75.25264135908658 60.79349237518706 73.93716365377664 63.960455784598054 39.9098232369733 35.272088212111804 58.88737682701854
0.9047843251479548 3343.1376652761405 0.5 1.2750583562655202 4946.838098614224 0.5151515151515151 t_swap_k 100 693.4672598838806 75.25264135908658 60.79349237518706 74.26779201723888 63.960455784598054 39.9098232369733 35.272088212111804 58.88737682701854
0.9047843251479548 3343.1376652761405 0.5 1.2132467481959104 4665.596083016583 0.5 move_t 100 694.855654001236 75.25264135908658 61.305557451435185 74.26779201723888 63.960455784598054 39.9098232369733 35.272088212111804 58.88737682701854
0.9047843251479548 3343.1376652761405 0.5 1.190868933561835 4569.656587239273 0.5 f_swap_t 100 697.7247004508972 75.25264135908658 61.305557451435185 74.26779201723888 64.32085122675207 39.9098232369733 35.272088212111804 58.88737682701854
0.9047843251479548 3343.1376652761405 0.5 1.199045508236782 4588.472064863443 0.48484848484848486 t_multiswap_k 100 698.9444773197174 75.25264135908658 61.305557451435185 74.26779201723888 64.32085122675207 39.9098232369733 35.272088212111804 59.398503058748354
0.9047843251479548 3343.1376652761405 0.5 1.183373335224713 4507.74837832254 0.4722222222222222 t_swap_k 100 701.2201454639435 75.25264135908658 61.305557451435185 74.65511409706649 64.32085122675207 39.9098232369733 35.272088212111804 59.398503058748354
0.9047843251479548 3343.1376652761405 0.5 1.211650564859194 4628.980196418856 0.4722222222222222 t_swap_k 100 704.5879352092743 75.25264135908658 61.305557451435185 74.95856295609582 64.32085122675207 39.9098232369733 35.272088212111804 59.398503058748354
0.9047843251479548 3343.1376652761405 0.5 1.1875611672037758 4596.984751625119 0.48484848484848486 move_t 100 707.5032734870911 75.25264135908658 61.72250187692083 74.95856295609582 64.32085122675207 39.9098232369733 35.272088212111804 59.398503058748354
0.9047843251479548 3343.1376652761405 0.5 1.2023624152843282 4602.692505727996 0.48484848484848486 t_swap_k 100 710.127569437027 75.25264135908658 61.72250187692083 75.27897732653486 64.32085122675207 39.9098232369733 35.272088212111804 59.398503058748354
0.9047843251479548 3343.1376652761405 0.5 1.1745404339059256 4499.6520738672425 0.5 t_move_k 100 712.3186459541321 75.53011494549571 61.72250187692083 75.27897732653486 64.32085122675207 39.9098232369733 35.272088212111804 59.398503058748354
0.9047843251479548 3343.1376652761405 0.5 1.2289172455088364 4749.019188546907 0.5151515151515151 t_swap_k 100 714.5627954006195 75.53011494549571 61.72250187692083 75.6061875532695 64.32085122675207 39.9098232369733 35.272088212111804 59.398503058748354
0.9047843251479548 3343.1376652761405 0.5 1.1990799403745467 4634.6319378561775 0.5277777777777778 t_move_k 100 716.8486931324005 75.84481379604075 61.72250187692083 75.6061875532695 64.32085122675207 39.9098232369733 35.272088212111804 59.398503058748354
0.9047843251479548 3343.1376652761405 0.5 1.169035682433513 4505.824411071277 0.5277777777777778 swap_t 100 718.1835947036743 75.84481379604075 61.72250187692083 75.6061875532695 64.32085122675207 40.51072500460357 35.272088212111804 59.398503058748354
0.9047843251479548 3343.1376652761405 0.5 1.1685976027806084 4503.94624996854 0.5277777777777778 move_t 100 719.2773005962372 75.84481379604075 62.10527685815162 75.6061875532695 64.32085122675207 40.51072500460357 35.272088212111804 59.398503058748354
0.9047843251479548 3343.1376652761405 0.5 1.2521716346621368 4878.546406902289 0.5 move_t 100 721.4621183872223 75.84481379604075 62.5842240895701 75.6061875532695 64.32085122675207 40.51072500460357 35.272088212111804 59.398503058748354
0.9047843251479548 3343.1376652761405 0.5 1.2076549510585577 4582.077329049081 0.4444444444444444 t_swap_r_k 100 725.4897584915161 75.84481379604075 62.5842240895701 75.6061875532695 64.32085122675207 40.51072500460357 35.959367329990684 59.398503058748354
0.9047843251479548 3343.1376652761405 0.5 1.2043904155388414 4568.081418508657 0.4444444444444444 t_multiswap_k 100 726.7715880870819 75.84481379604075 62.5842240895701 75.6061875532695 64.32085122675207 40.51072500460357 35.959367329990684 59.80451802816087
0.9047843251479548 3343.1376652761405 0.5 1.2043904155388414 4568.081418508657 0.4444444444444444 swap_t 100 729.1613326072693 75.84481379604075 62.5842240895701 75.6061875532695 64.32085122675207 41.105617754557535 35.959367329990684 59.80451802816087
0.9047843251479548 3343.1376652761405 0.5 1.253467090001938 4789.312264208008 0.45454545454545453 t_swap_k 100 731.6639683246613 75.84481379604075 62.5842240895701 75.94012567773682 64.32085122675207 41.105617754557535 35.959367329990684 59.80451802816087
0.9047843251479548 3343.1376652761405 0.5 1.2206965832569976 4648.8166016561745 0.45454545454545453 t_move_k 100 734.8507828712463 76.11636565808034 62.5842240895701 75.94012567773682 64.32085122675207 41.105617754557535 35.959367329990684 59.80451802816087
0.9047843251479548 3343.1376652761405 0.5 1.20773133286837 4593.231210265122 0.45454545454545453 move_t 100 737.172571182251 76.11636565808034 62.9583818486744 75.94012567773682 64.32085122675207 41.105617754557535 35.959367329990684 59.80451802816087
0.9047843251479548 3343.1376652761405 0.5 1.1965735799177606 4594.113885859576 0.5 t_move_k 100 739.9288077354431 76.51520200149953 62.9583818486744 75.94012567773682 64.32085122675207 41.105617754557535 35.959367329990684 59.80451802816087
0.9047843251479548 3343.1376652761405 0.5 1.1731410611610336 4493.652599935369 0.5 t_move_k 100 741.6424028873444 76.75004998148454 62.9583818486744 75.94012567773682 64.32085122675207 41.105617754557535 35.959367329990684 59.80451802816087
0.9047843251479548 3343.1376652761405 0.5 1.170943496294574 4484.231069340284 0.5 t_multiswap_k 100 742.2560992240906 76.75004998148454 62.9583818486744 75.94012567773682 64.32085122675207 41.105617754557535 35.959367329990684 60.20647284787926
0.9047843251479548 3343.1376652761405 0.5 1.1635535471941836 4468.788059592113 0.5151515151515151 t_multiswap_k 100 743.3514425754547 76.75004998148454 62.9583818486744 75.94012567773682 64.32085122675207 41.105617754557535 35.959367329990684 60.63440811940047
0.9047843251479548 3343.1376652761405 0.5 1.1573460365146495 4442.174851181677 0.5151515151515151 t_swap_r_k 100 746.999439239502 76.75004998148454 62.9583818486744 75.94012567773682 64.32085122675207 41.105617754557535 36.63977365669078 60.63440811940047
0.9047843251479548 3343.1376652761405 0.5 1.175574606946976 4520.325460819652 0.5151515151515151 f_swap_t 100 750.3800184726715 76.75004998148454 62.9583818486744 75.94012567773682 64.68764271448455 41.105617754557535 36.63977365669078 60.63440811940047
0.9047843251479548 3343.1376652761405 0.5 1.161305088896474 4472.681351387803 0.5277777777777778 t_swap_k 100 753.2743518352509 76.75004998148454 62.9583818486744 76.21072442095945 64.68764271448455 41.105617754557535 36.63977365669078 60.63440811940047
0.9047843251479548 3343.1376652761405 0.5 1.1497091811336126 4422.966687018608 0.5277777777777778 t_move_k 100 756.2121872901917 76.9825494816697 62.9583818486744 76.21072442095945 64.68764271448455 41.105617754557535 36.63977365669078 60.63440811940047
0.9047843251479548 3343.1376652761405 0.5 1.1872460050836893 4644.835780517727 0.5277777777777778 swap_t 100 758.312869310379 76.9825494816697 62.9583818486744 76.21072442095945 64.68764271448455 41.73456157701196 36.63977365669078 60.63440811940047
0.9047843251479548 3343.1376652761405 0.5 1.1639081855999378 4483.841502156485 0.5277777777777778 f_swap_t 100 761.4828610420227 76.9825494816697 62.9583818486744 76.21072442095945 65.04076628733971 41.73456157701196 36.63977365669078 60.63440811940047
0.9047843251479548 3343.1376652761405 0.5 1.1998407948372398 4637.893918291012 0.5277777777777778 move_t 100 762.5903389453888 76.9825494816697 63.368798030187655 76.21072442095945 65.04076628733971 41.73456157701196 36.63977365669078 60.63440811940047
0.9047843251479548 3343.1376652761405 0.5 1.162041020312224 4475.836480255759 0.5277777777777778 move_t 100 764.2174623012543 76.9825494816697 63.735110049885776 76.21072442095945 65.04076628733971 41.73456157701196 36.63977365669078 60.63440811940047
0.9047843251479548 3343.1376652761405 0.5 1.186377270821172 4580.172298615051 0.5277777777777778 move_t 100 766.8036112785339 76.9825494816697 64.10775894938692 76.21072442095945 65.04076628733971 41.73456157701196 36.63977365669078 60.63440811940047
0.9047843251479548 3343.1376652761405 0.5 1.1983212042356768 4569.987786342402 0.5454545454545454 move_t 100 768.344507932663 76.9825494816697 64.47668135989305 76.21072442095945 65.04076628733971 41.73456157701196 36.63977365669078 60.63440811940047
0.9047843251479548 3343.1376652761405 0.5 1.1613280176782572 4491.725875046721 0.5454545454545454 t_multiswap_k 100 769.4569706916809 76.9825494816697 64.47668135989305 76.21072442095945 65.04076628733971 41.73456157701196 36.63977365669078 61.028064038206466
0.9047843251479548 3343.1376652761405 0.5 1.2093446164884112 4697.585488870352 0.5454545454545454 f_swap_t 100 772.3346590995789 76.9825494816697 64.47668135989305 76.21072442095945 65.46035862446631 41.73456157701196 36.63977365669078 61.028064038206466
0.9047843251479548 3343.1376652761405 0.5 1.1946968555994224 4602.307500792872 0.5151515151515151 f_swap_t 100 774.4783160686493 76.9825494816697 64.47668135989305 76.21072442095945 65.84575503822164 41.73456157701196 36.63977365669078 61.028064038206466
0.9047843251479548 3343.1376652761405 0.5 1.2167083025946739 4729.155521228268 0.5454545454545454 t_multiswap_k 100 775.6247818470001 76.9825494816697 64.47668135989305 76.21072442095945 65.84575503822164 41.73456157701196 36.63977365669078 61.4577833978244
0.9047843251479548 3343.1376652761405 0.5 1.200664431809526 4660.371285653293 0.5454545454545454 t_move_k 100 778.1204319000244 77.252723986853 64.47668135989305 76.21072442095945 65.84575503822164 41.73456157701196 36.63977365669078 61.4577833978244
0.9047843251479548 3343.1376652761405 0.5 1.1790893365417463 4578.6996685968115 0.5555555555555556 t_swap_r_k 100 780.9487454891205 77.252723986853 64.47668135989305 76.21072442095945 65.84575503822164 41.73456157701196 37.34337592012387 61.4577833978244
0.9047843251479548 3343.1376652761405 0.5 1.1926074094732149 4666.427788231433 0.5833333333333334 t_multiswap_k 100 781.9222364425659 77.252723986853 64.47668135989305 76.21072442095945 65.84575503822164 41.73456157701196 37.34337592012387 61.943205563846156
0.9047843251479548 3343.1376652761405 0.5 1.1671505404165032 4557.28758748766 0.5833333333333334 t_move_k 100 784.1385679244995 77.48019674698448 64.47668135989305 76.21072442095945 65.84575503822164 41.73456157701196 37.34337592012387 61.943205563846156
0.9047843251479548 3343.1376652761405 0.5 1.213167231715732 4724.800444459249 0.5555555555555556 t_swap_k 100 787.1230905056 77.48019674698448 64.47668135989305 76.57861717674986 65.84575503822164 41.73456157701196 37.34337592012387 61.943205563846156
0.9047843251479548 3343.1376652761405 0.5 1.1446549967486372 4460.8433568054925 0.5833333333333334 f_swap_t 100 789.5197877883911 77.48019674698448 64.47668135989305 76.57861717674986 66.21729748783942 41.73456157701196 37.34337592012387 61.943205563846156
0.9047843251479548 3343.1376652761405 0.5 1.138490552066087 4434.414783494745 0.5833333333333334 swap_t 100 791.3065958023071 77.48019674698448 64.47668135989305 76.57861717674986 66.21729748783942 42.31721596124184 37.34337592012387 61.943205563846156
0.9047843251479548 3343.1376652761405 0.5 1.134767412888952 4418.45272012064 0.5833333333333334 t_swap_k 100 793.4252469539642 77.48019674698448 64.47668135989305 76.81283100498236 66.21729748783942 42.31721596124184 37.34337592012387 61.943205563846156
0.9047843251479548 3343.1376652761405 0.5 1.134767412888952 4418.45272012064 0.5833333333333334 f_swap_t 100 797.1655621528625 77.48019674698448 64.47668135989305 76.81283100498236 66.55512451296103 42.31721596124184 37.34337592012387 61.943205563846156
0.9047843251479548 3343.1376652761405 0.5 1.134767412888952 4418.45272012064 0.5833333333333334 swap_t 100 799.9901857376099 77.48019674698448 64.47668135989305 76.81283100498236 66.55512451296103 42.89404380162942 37.34337592012387 61.943205563846156
0.9047843251479548 3343.1376652761405 0.5 1.134767412888952 4418.45272012064 0.5833333333333334 swap_t 100 802.5727562904358 77.48019674698448 64.47668135989305 76.81283100498236 66.55512451296103 43.465103363613125 37.34337592012387 61.943205563846156
0.9047843251479548 3343.1376652761405 0.5 1.134767412888952 4418.45272012064 0.5833333333333334 f_swap_t 100 804.0553777217865 77.48019674698448 64.47668135989305 76.81283100498236 66.88957326783142 43.465103363613125 37.34337592012387 61.943205563846156
0.9047843251479548 3343.1376652761405 0.5 1.134767412888952 4418.45272012064 0.5833333333333334 f_swap_t 100 805.610654592514 77.48019674698448 64.47668135989305 76.81283100498236 67.22067753515311 43.465103363613125 37.34337592012387 61.943205563846156
0.9047843251479548 3343.1376652761405 0.5 1.2477580439708758 4902.872863500193 0.5833333333333334 t_move_k 100 807.536630153656 77.89539477951463 64.47668135989305 76.81283100498236 67.22067753515311 43.465103363613125 37.34337592012387 61.943205563846156
0.9047843251479548 3343.1376652761405 0.5 1.2174980270801912 4797.499750450425 0.6060606060606061 t_swap_k 100 810.1903238296509 77.89539477951463 64.47668135989305 77.23470269493254 67.22067753515311 43.465103363613125 37.34337592012387 61.943205563846156
0.9047843251479548 3343.1376652761405 0.5 1.1942176735014967 4697.690836113615 0.6060606060606061 f_swap_t 100 811.773428440094 77.89539477951463 64.47668135989305 77.23470269493254 67.54847075980159 43.465103363613125 37.34337592012387 61.943205563846156
0.9047843251479548 3343.1376652761405 0.5 1.1744146119891663 4612.7899748182945 0.6060606060606061 t_move_k 100 813.487363576889 78.20644083171949 64.47668135989305 77.23470269493254 67.54847075980159 43.465103363613125 37.34337592012387 61.943205563846156
0.9047843251479548 3343.1376652761405 0.5 1.1554109913515167 4531.316523914686 0.6060606060606061 t_move_k 100 815.4073357582092 78.58437642340229 64.47668135989305 77.23470269493254 67.54847075980159 43.465103363613125 37.34337592012387 61.943205563846156
0.9047843251479548 3343.1376652761405 0.5 1.2001833216874214 4698.907688962104 0.5833333333333334 t_move_k 100 816.7984981536865 78.90853265916827 64.47668135989305 77.23470269493254 67.54847075980159 43.465103363613125 37.34337592012387 61.943205563846156
0.9047843251479548 3343.1376652761405 0.5 1.194823655159856 4604.177354209506 0.5833333333333334 swap_t 100 817.8156130313873 78.90853265916827 64.47668135989305 77.23470269493254 67.54847075980159 44.04045232997699 37.34337592012387 61.943205563846156
0.9047843251479548 3343.1376652761405 0.5 1.2055047978675897 4713.602428211945 0.5757575757575758 t_move_k 100 818.9240970611572 79.25944733257658 64.47668135989305 77.23470269493254 67.54847075980159 44.04045232997699 37.34337592012387 61.943205563846156
0.9047843251479548 3343.1376652761405 0.5 1.1759238736938895 4619.260571224373 0.6060606060606061 t_move_k 100 820.693817615509 79.52685285925082 64.47668135989305 77.23470269493254 67.54847075980159 44.04045232997699 37.34337592012387 61.943205563846156
0.9047843251479548 3343.1376652761405 0.5 1.2735741659878377 5037.9127031855805 0.6060606060606061 move_t 100 821.68754529953 79.52685285925082 64.94191454629411 77.23470269493254 67.54847075980159 44.04045232997699 37.34337592012387 61.943205563846156
0.9047843251479548 3343.1376652761405 0.5 1.2916376103986955 5115.355374738516 0.6060606060606061 t_move_k 100 823.7152228355408 79.86158433065832 64.94191454629411 77.23470269493254 67.54847075980159 44.04045232997699 37.34337592012387 61.943205563846156
0.9047843251479548 3343.1376652761405 0.5 1.3028632203603967 5163.482476384913 0.6060606060606061 f_swap_t 100 826.1057615280151 79.86158433065832 64.94191454629411 77.23470269493254 67.88298605220358 44.04045232997699 37.34337592012387 61.943205563846156
0.9047843251479548 3343.1376652761405 0.5 1.336579335802417 5283.6727803799895 0.5833333333333334 t_swap_k 100 828.223242521286 79.86158433065832 64.94191454629411 77.60235566798322 67.88298605220358 44.04045232997699 37.34337592012387 61.943205563846156
0.9047843251479548 3343.1376652761405 0.5 1.3088313418324342 5164.709932852497 0.5833333333333334 swap_t 100 829.7982857227325 79.86158433065832 64.94191454629411 77.60235566798322 67.88298605220358 44.630047806677226 37.34337592012387 61.943205563846156
0.9047843251479548 3343.1376652761405 0.5 1.2895786873226 5082.168809143499 0.5833333333333334 t_move_k 100 831.3244206905365 80.15296848735173 64.94191454629411 77.60235566798322 67.88298605220358 44.630047806677226 37.34337592012387 61.943205563846156
0.9047843251479548 3343.1376652761405 0.5 1.323289317682133 5196.922390874624 0.5555555555555556 t_move_k 100 833.3943865299225 80.63143880247821 64.94191454629411 77.60235566798322 67.88298605220358 44.630047806677226 37.34337592012387 61.943205563846156
0.9047843251479548 3343.1376652761405 0.5 1.2868714146234286 5040.789394250424 0.5555555555555556 t_swap_k 100 835.1752388477325 80.63143880247821 64.94191454629411 77.82633211130339 67.88298605220358 44.630047806677226 37.34337592012387 61.943205563846156
0.9047843251479548 3343.1376652761405 0.5 1.2397179624340708 4838.630313876336 0.5555555555555556 t_multiswap_k 100 836.9760053157806 80.63143880247821 64.94191454629411 77.82633211130339 67.88298605220358 44.630047806677226 37.34337592012387 62.463773508207694
0.9047843251479548 3343.1376652761405 0.5 1.21484881640775 4732.00983420964 0.5555555555555556 move_t 100 838.1905229091644 80.63143880247821 65.29249540083117 77.82633211130339 67.88298605220358 44.630047806677226 37.34337592012387 62.463773508207694
0.9047843251479548 3343.1376652761405 0.5 1.202117961990695 4699.0821843175745 0.5757575757575758 t_move_k 100 839.0326516628265 80.88512441445343 65.29249540083117 77.82633211130339 67.88298605220358 44.630047806677226 37.34337592012387 62.463773508207694
0.9047843251479548 3343.1376652761405 0.5 1.2154704960943674 4675.129867061292 0.5 t_swap_r_k 100 842.3331372737885 80.88512441445343 65.29249540083117 77.82633211130339 67.88298605220358 44.630047806677226 38.00994216092263 62.463773508207694
0.9047843251479548 3343.1376652761405 0.5 1.20479967099033 4688.926541220339 0.5555555555555556 t_multiswap_k 100 843.9990193843842 80.88512441445343 65.29249540083117 77.82633211130339 67.88298605220358 44.630047806677226 38.00994216092263 62.899135773125614
0.9047843251479548 3343.1376652761405 0.5 1.2004864392403323 4670.434597925959 0.5555555555555556 move_t 100 844.814475774765 80.88512441445343 65.63957044682286 77.82633211130339 67.88298605220358 44.630047806677226 38.00994216092263 62.899135773125614
0.9047843251479548 3343.1376652761405 0.5 1.2181632069171 4670.434597925959 0.48484848484848486 t_swap_r_k 100 847.4076585769653 80.88512441445343 65.63957044682286 77.82633211130339 67.88298605220358 44.630047806677226 38.699842739313404 62.899135773125614
0.9047843251479548 3343.1376652761405 0.5 1.275509987468105 4916.29512096996 0.48484848484848486 t_swap_k 100 849.1435418128967 80.88512441445343 65.63957044682286 78.18806879019036 67.88298605220358 44.630047806677226 38.699842739313404 62.899135773125614
0.9047843251479548 3343.1376652761405 0.5 1.249051386153515 4770.380996448083 0.45454545454545453 t_swap_k 100 851.2824115753174 80.88512441445343 65.63957044682286 78.46618810228846 67.88298605220358 44.630047806677226 38.699842739313404 62.899135773125614
0.9047843251479548 3343.1376652761405 0.5 1.2287007789768598 4715.611902620896 0.48484848484848486 t_move_k 100 853.4926578998566 81.1662731703089 65.63957044682286 78.46618810228846 67.88298605220358 44.630047806677226 38.699842739313404 62.899135773125614
0.9047843251479548 3343.1376652761405 0.5 1.2222257062728934 4687.851586410481 0.48484848484848486 t_swap_k 100 856.2883710861206 81.1662731703089 65.63957044682286 78.72152622126558 67.88298605220358 44.630047806677226 38.699842739313404 62.899135773125614
0.9047843251479548 3343.1376652761405 0.5 1.2166432192770387 4663.918016652953 0.48484848484848486 t_swap_k 100 858.4125699996948 81.1662731703089 65.63957044682286 78.94431095905293 67.88298605220358 44.630047806677226 38.699842739313404 62.899135773125614
0.9047843251479548 3343.1376652761405 0.5 1.2169844358701845 4665.3809006938 0.48484848484848486 t_move_k 100 860.2027456760406 81.39461043860581 65.63957044682286 78.94431095905293 67.88298605220358 44.630047806677226 38.699842739313404 62.899135773125614
0.9047843251479548 3343.1376652761405 0.5 1.268218419945908 4858.848873371745 0.45454545454545453 swap_t 100 861.604371547699 81.39461043860581 65.63957044682286 78.94431095905293 67.88298605220358 45.233747328610455 38.699842739313404 62.899135773125614
0.9047843251479548 3343.1376652761405 0.5 1.2353390121268228 4744.071729984463 0.48484848484848486 swap_t 100 863.0239000320435 81.39461043860581 65.63957044682286 78.94431095905293 67.88298605220358 45.78140985532435 38.699842739313404 62.899135773125614
0.9047843251479548 3343.1376652761405 0.5 1.2268318634806379 4740.078614877851 0.5151515151515151 move_t 100 864.7507123947144 81.39461043860581 66.04317474235464 78.94431095905293 67.88298605220358 45.78140985532435 38.699842739313404 62.899135773125614
0.9047843251479548 3343.1376652761405 0.5 1.1393939884880382 4332.730527066885 0.48484848484848486 t_multiswap_k 100 866.1962537765503 81.39461043860581 66.04317474235464 78.94431095905293 67.88298605220358 45.78140985532435 38.699842739313404 63.36014441539436
0.9047843251479548 3343.1376652761405 0.5 1.1123507289403207 4249.268296559818 0.5151515151515151 t_move_k 100 868.2285537719727 81.64066433421975 66.04317474235464 78.94431095905293 67.88298605220358 45.78140985532435 38.699842739313404 63.36014441539436
0.9047843251479548 3343.1376652761405 0.5 1.1213695482786439 4287.934314398209 0.5151515151515151 t_swap_k 100 870.747896194458 81.64066433421975 66.04317474235464 79.1948678494624 67.88298605220358 45.78140985532435 38.699842739313404 63.36014441539436
0.9047843251479548 3343.1376652761405 0.5 1.2582254415434182 4596.717278829931 0.5151515151515151 swap_t 100 872.1376631259918 81.64066433421975 66.04317474235464 79.1948678494624 67.88298605220358 46.3335957567711 38.699842739313404 63.36014441539436
0.9047843251479548 3343.1376652761405 0.5 1.2537609841940736 4898.836390692832 0.5555555555555556 move_t 100 873.8766739368439 81.64066433421975 66.5227429949311 79.1948678494624 67.88298605220358 46.3335957567711 38.699842739313404 63.36014441539436
0.9047843251479548 3343.1376652761405 0.5 1.2140125771494534 4728.424659602465 0.5555555555555556 t_swap_r_k 100 876.692821264267 81.64066433421975 66.5227429949311 79.1948678494624 67.88298605220358 46.3335957567711 39.35284431192027 63.36014441539436
0.9047843251479548 3343.1376652761405 0.5 1.2074063193098468 4700.10191868827 0.5555555555555556 swap_t 100 877.8752603530884 81.64066433421975 66.5227429949311 79.1948678494624 67.88298605220358 46.870259799203396 39.35284431192027 63.36014441539436
0.9047843251479548 3343.1376652761405 0.5 1.2351734154937541 4808.320249776484 0.5454545454545454 t_swap_k 100 879.5751538276672 81.64066433421975 66.5227429949311 79.65291917096778 67.88298605220358 46.870259799203396 39.35284431192027 63.36014441539436
0.9047843251479548 3343.1376652761405 0.5 1.233116048270536 4799.499782842964 0.5454545454545454 move_t 100 881.4392321109772 81.64066433421975 66.90751556498178 79.65291917096778 67.88298605220358 46.870259799203396 39.35284431192027 63.36014441539436
0.9047843251479548 3343.1376652761405 0.5 1.252483579084112 4915.012648818679 0.5757575757575758 t_swap_k 100 883.4010355472565 81.64066433421975 66.90751556498178 79.9463899792581 67.88298605220358 46.870259799203396 39.35284431192027 63.36014441539436
0.9047843251479548 3343.1376652761405 0.5 1.2204635396454342 4745.255196512271 0.5454545454545454 t_swap_k 100 885.365480184555 81.64066433421975 66.90751556498178 80.24692607946552 67.88298605220358 46.870259799203396 39.35284431192027 63.36014441539436
0.9047843251479548 3343.1376652761405 0.5 1.210692487816695 4714.190575455774 0.5555555555555556 f_swap_t 100 887.7768099308014 81.64066433421975 66.90751556498178 80.24692607946552 68.24415619168154 46.870259799203396 39.35284431192027 63.36014441539436
0.9047843251479548 3343.1376652761405 0.5 1.1982399085948259 4660.8031383351745 0.5555555555555556 t_swap_k 100 889.6174564361572 81.64066433421975 66.90751556498178 80.44445681867087 68.24415619168154 46.870259799203396 39.35284431192027 63.36014441539436
0.9047843251479548 3343.1376652761405 0.5 1.3057462199370702 5091.9379458381745 0.5277777777777778 t_swap_k 100 891.5715935230255 81.64066433421975 66.90751556498178 80.76001225048417 68.24415619168154 46.870259799203396 39.35284431192027 63.36014441539436
0.9047843251479548 3343.1376652761405 0.5 1.2481538950715574 4845.024710627678 0.5277777777777778 t_multiswap_k 100 893.6124684810638 81.64066433421975 66.90751556498178 80.76001225048417 68.24415619168154 46.870259799203396 39.35284431192027 63.816542971240416
0.9047843251479548 3343.1376652761405 0.5 1.2494950051692142 4850.774397478473 0.5277777777777778 f_swap_t 100 896.4452350139618 81.64066433421975 66.90751556498178 80.76001225048417 68.57171462976473 46.870259799203396 39.35284431192027 63.816542971240416
0.9047843251479548 3343.1376652761405 0.5 1.23451227993095 4786.539568106876 0.5277777777777778 f_swap_t 100 898.5003859996796 81.64066433421975 66.90751556498178 80.76001225048417 68.88599748346708 46.870259799203396 39.35284431192027 63.816542971240416
0.9047843251479548 3343.1376652761405 0.5 1.214929306029668 4672.809644878029 0.5 t_multiswap_k 100 899.6065442562103 81.64066433421975 66.90751556498178 80.76001225048417 68.88599748346708 46.870259799203396 39.35284431192027 64.20837754152801
0.9047843251479548 3343.1376652761405 0.5 1.2925846438393302 5035.510855208463 0.5277777777777778 t_swap_k 100 901.6159889698029 81.64066433421975 66.90751556498178 81.13241212797932 68.88599748346708 46.870259799203396 39.35284431192027 64.20837754152801
0.9047843251479548 3343.1376652761405 0.5 1.2396193439770633 4808.4348763618855 0.5277777777777778 move_t 100 903.1676959991455 81.64066433421975 67.29844040933196 81.13241212797932 68.88599748346708 46.870259799203396 39.35284431192027 64.20837754152801
0.9047843251479548 3343.1376652761405 0.5 1.246418745482756 4921.490371806035 0.6060606060606061 t_multiswap_k 100 904.5017731189728 81.64066433421975 67.29844040933196 81.13241212797932 68.88599748346708 46.870259799203396 39.35284431192027 64.69629376611273
0.9047843251479548 3343.1376652761405 0.5 1.311473939967233 5176.039436503341 0.5833333333333334 f_swap_t 100 906.4133477210999 81.64066433421975 67.29844040933196 81.13241212797932 69.2971375086324 46.870259799203396 39.35284431192027 64.69629376611273
0.9047843251479548 3343.1376652761405 0.5 1.2671593423704604 5010.410690437006 0.6060606060606061 t_swap_k 100 908.073539018631 81.64066433421975 67.29844040933196 81.49108800669953 69.2971375086324 46.870259799203396 39.35284431192027 64.69629376611273
0.9047843251479548 3343.1376652761405 0.5 1.2291271700311237 4847.356902691548 0.6060606060606061 t_swap_k 100 910.3883852958679 81.64066433421975 67.29844040933196 81.70617712663253 69.2971375086324 46.870259799203396 39.35284431192027 64.69629376611273
0.9047843251479548 3343.1376652761405 0.5 1.2541650252311192 4954.7006823462025 0.6060606060606061 t_move_k 100 913.0201382637024 81.89425769087755 67.29844040933196 81.70617712663253 69.2971375086324 46.870259799203396 39.35284431192027 64.69629376611273
0.9047843251479548 3343.1376652761405 0.5 1.2513124423699449 4918.111491390117 0.5833333333333334 t_move_k 100 914.9691443443298 82.21531511396877 67.29844040933196 81.70617712663253 69.2971375086324 46.870259799203396 39.35284431192027 64.69629376611273
0.9047843251479548 3343.1376652761405 0.5 1.2334710365020716 4841.6207566641415 0.5833333333333334 move_t 100 917.0527236461639 82.21531511396877 67.62545600523865 81.70617712663253 69.2971375086324 46.870259799203396 39.35284431192027 64.69629376611273
0.9047843251479548 3343.1376652761405 0.5 1.2228994146168402 4796.297471535438 0.5833333333333334 t_move_k 100 919.3012001514435 82.45316196282909 67.62545600523865 81.70617712663253 69.2971375086324 46.870259799203396 39.35284431192027 64.69629376611273
0.9047843251479548 3343.1376652761405 0.5 1.244303035536473 4768.96980773199 0.4722222222222222 t_swap_r_k 100 922.3280675411224 82.45316196282909 67.62545600523865 81.70617712663253 69.2971375086324 46.870259799203396 40.02931586880107 64.69629376611273
0.9047843251479548 3343.1376652761405 0.5 1.2910259734956133 4950.336939908689 0.45454545454545453 f_swap_t 100 924.9569547176361 82.45316196282909 67.62545600523865 81.70617712663253 69.65416613354608 46.870259799203396 40.02931586880107 64.69629376611273
0.9047843251479548 3343.1376652761405 0.5 1.306372864763174 5016.133043506624 0.45454545454545453 t_swap_k 100 926.7270014286041 82.45316196282909 67.62545600523865 81.9591153553662 69.65416613354608 46.870259799203396 40.02931586880107 64.69629376611273
0.9047843251479548 3343.1376652761405 0.5 1.334327441997895 5158.350966183504 0.4444444444444444 move_t 100 928.4553735256195 82.45316196282909 68.02920144518626 81.9591153553662 69.65416613354608 46.870259799203396 40.02931586880107 64.69629376611273
0.9047843251479548 3343.1376652761405 0.5 1.3103716113582404 5033.27670736948 0.45454545454545453 t_swap_r_k 100 931.3944034576416 82.45316196282909 68.02920144518626 81.9591153553662 69.65416613354608 46.870259799203396 40.69902271011306 64.69629376611273
0.9047843251479548 3343.1376652761405 0.5 1.3103333783744464 5033.112792650941 0.45454545454545453 swap_t 100 933.0433442592621 82.45316196282909 68.02920144518626 81.9591153553662 69.65416613354608 47.40155720121136 40.69902271011306 64.69629376611273
0.9047843251479548 3343.1376652761405 0.5 1.349419717173161 5200.686065441381 0.45454545454545453 f_swap_t 100 935.1554594039917 82.45316196282909 68.02920144518626 81.9591153553662 70.06762447221062 47.40155720121136 40.69902271011306 64.69629376611273
0.9047843251479548 3343.1376652761405 0.5 1.3224279076751575 5084.965176887212 0.45454545454545453 t_swap_r_k 100 937.9742636680603 82.45316196282909 68.02920144518626 81.9591153553662 70.06762447221062 47.40155720121136 41.33203248301193 64.69629376611273
0.9047843251479548 3343.1376652761405 0.5 1.3162864173259172 5058.635014757345 0.45454545454545453 t_swap_r_k 100 940.5182180404663 82.45316196282909 68.02920144518626 81.9591153553662 70.06762447221062 47.40155720121136 41.95871215818181 64.69629376611273
0.9047843251479548 3343.1376652761405 0.5 1.298711247007577 5032.004557522683 0.5 t_multiswap_k 100 941.4701852798462 82.45316196282909 68.02920144518626 81.9591153553662 70.06762447221062 47.40155720121136 41.95871215818181 65.1693308284516
0.9047843251479548 3343.1376652761405 0.5 1.2721692085346175 4918.211954016164 0.5 t_swap_k 100 943.8774225711823 82.45316196282909 68.02920144518626 82.16952420181254 70.06762447221062 47.40155720121136 41.95871215818181 65.1693308284516
0.9047843251479548 3343.1376652761405 0.5 1.3786244429986763 5404.385791528614 0.5277777777777778 t_swap_k 100 945.7537622451782 82.45316196282909 68.02920144518626 82.50782895979441 70.06762447221062 47.40155720121136 41.95871215818181 65.1693308284516
0.9047843251479548 3343.1376652761405 0.5 1.3119360836125171 5148.248131573981 0.5555555555555556 t_multiswap_k 100 947.574271440506 82.45316196282909 68.02920144518626 82.50782895979441 70.06762447221062 47.40155720121136 41.95871215818181 65.6476375201671
0.9047843251479548 3343.1376652761405 0.5 1.379513850988186 5394.665898546133 0.5151515151515151 f_swap_t 100 950.5814633369446 82.45316196282909 68.02920144518626 82.50782895979441 70.38694822748852 47.40155720121136 41.95871215818181 65.6476375201671
0.9047843251479548 3343.1376652761405 0.5 1.3253672529561893 5182.835995447386 0.5151515151515151 swap_t 100 952.4936382770538 82.45316196282909 68.02920144518626 82.50782895979441 70.38694822748852 47.95754162919925 41.95871215818181 65.6476375201671
0.9047843251479548 3343.1376652761405 0.5 1.2979311478806617 5044.89968909834 0.5151515151515151 t_multiswap_k 100 954.7162466049194 82.45316196282909 68.02920144518626 82.50782895979441 70.38694822748852 47.95754162919925 41.95871215818181 66.05116114496542
0.9047843251479548 3343.1376652761405 0.5 1.280893637098056 4971.855461120213 0.5151515151515151 t_move_k 100 956.8713505268097 82.6586303432008 68.02920144518626 82.50782895979441 70.38694822748852 47.95754162919925 41.95871215818181 66.05116114496542
0.9047843251479548 3343.1376652761405 0.5 1.3035509426747343 5036.513969308335 0.48484848484848486 f_swap_t 100 959.1141645908356 82.6586303432008 68.02920144518626 82.50782895979441 70.75307874521363 47.95754162919925 41.95871215818181 66.05116114496542
0.9047843251479548 3343.1376652761405 0.5 1.2677263897269802 4882.924818515143 0.48484848484848486 swap_t 100 959.9220564365387 82.6586303432008 68.02920144518626 82.50782895979441 70.75307874521363 48.477966212907255 41.95871215818181 66.05116114496542
0.9047843251479548 3343.1376652761405 0.5 1.2654079421859024 4872.9850325389725 0.48484848484848486 swap_t 100 961.478285074234 82.6586303432008 68.02920144518626 82.50782895979441 70.75307874521363 48.993186550778184 41.95871215818181 66.05116114496542
0.9047843251479548 3343.1376652761405 0.5 1.2814692030363086 4974.323061589942 0.5151515151515151 t_move_k 100 963.9202666282654 82.9520440397688 68.02920144518626 82.50782895979441 70.75307874521363 48.993186550778184 41.95871215818181 66.05116114496542
0.9047843251479548 3343.1376652761405 0.5 1.3508643317456719 5206.879502823251 0.45454545454545453 t_swap_k 100 966.3272750377655 82.9520440397688 68.02920144518626 82.95275067019647 70.75307874521363 48.993186550778184 41.95871215818181 66.05116114496542
0.9047843251479548 3343.1376652761405 0.5 1.293712756915643 5010.574733971557 0.5 t_multiswap_k 100 967.9493215084076 82.9520440397688 68.02920144518626 82.95275067019647 70.75307874521363 48.993186550778184 41.95871215818181 66.54064953351576
0.9047843251479548 3343.1376652761405 0.5 1.249405174306998 4820.616634662251 0.5 t_swap_k 100 969.3708410263062 82.9520440397688 68.02920144518626 83.1532231634945 70.75307874521363 48.993186550778184 41.95871215818181 66.54064953351576
0.9047843251479548 3343.1376652761405 0.5 1.3277732973705163 5156.601105651628 0.5 t_swap_k 100 971.1961534023285 82.9520440397688 68.02920144518626 83.44169093185955 70.75307874521363 48.993186550778184 41.95871215818181 66.54064953351576
0.9047843251479548 3343.1376652761405 0.5 1.3110503637647852 5084.905551626964 0.5 t_swap_r_k 100 973.248904466629 82.9520440397688 68.02920144518626 83.44169093185955 70.75307874521363 48.993186550778184 42.57912503659999 66.54064953351576
0.9047843251479548 3343.1376652761405 0.5 1.2929218714513373 5036.956637452493 0.5277777777777778 t_swap_k 100 974.7835927009583 82.9520440397688 68.02920144518626 83.66727402254097 70.75307874521363 48.993186550778184 42.57912503659999 66.54064953351576
0.9047843251479548 3343.1376652761405 0.5 1.4402548242323783 5655.07820606419 0.5151515151515151 f_swap_t 100 976.8345177173615 82.9520440397688 68.02920144518626 83.66727402254097 71.2655479577615 48.993186550778184 42.57912503659999 66.54064953351576
0.9047843251479548 3343.1376652761405 0.5 1.3495941064654056 5298.871430837569 0.5454545454545454 t_multiswap_k 100 978.2708308696747 82.9520440397688 68.02920144518626 83.66727402254097 71.2655479577615 48.993186550778184 42.57912503659999 67.00524303818061
0.9047843251479548 3343.1376652761405 0.5 1.3575373359718315 5300.446878320583 0.5151515151515151 f_swap_t 100 981.455766916275 82.9520440397688 68.02920144518626 83.66727402254097 71.70289247818388 48.993186550778184 42.57912503659999 67.00524303818061
0.9047843251479548 3343.1376652761405 0.5 1.3121201366008641 5105.731564134669 0.5151515151515151 f_swap_t 100 984.7010793685913 82.9520440397688 68.02920144518626 83.66727402254097 71.98586355340204 48.993186550778184 42.57912503659999 67.00524303818061
0.9047843251479548 3343.1376652761405 0.5 1.3096182920877761 5095.005507769298 0.5151515151515151 move_t 100 986.7258524894714 82.9520440397688 68.3489094307344 83.66727402254097 71.98586355340204 48.993186550778184 42.57912503659999 67.00524303818061
0.9047843251479548 3343.1376652761405 0.5 1.2959396360428412 5036.361561283835 0.5151515151515151 t_move_k 100 988.4335467815399 83.2825235993711 68.3489094307344 83.66727402254097 71.98586355340204 48.993186550778184 42.57912503659999 67.00524303818061
0.9047843251479548 3343.1376652761405 0.5 1.3130213672354807 5109.5953736298325 0.5151515151515151 t_multiswap_k 100 990.3348805904388 83.2825235993711 68.3489094307344 83.66727402254097 71.98586355340204 48.993186550778184 42.57912503659999 67.47519060779881
0.9047843251479548 3343.1376652761405 0.5 1.2809871613374986 4939.77718603784 0.48484848484848486 t_swap_r_k 100 993.3066396713257 83.2825235993711 68.3489094307344 83.66727402254097 71.98586355340204 48.993186550778184 43.19333378623399 67.47519060779881
0.9047843251479548 3343.1376652761405 0.5 1.2940835935807695 5060.883463577248 0.5454545454545454 t_move_k 100 995.2493844032288 83.6796983633774 68.3489094307344 83.66727402254097 71.98586355340204 48.993186550778184 43.19333378623399 67.47519060779881
0.9047843251479548 3343.1376652761405 0.5 1.2693931505649028 4955.029130069021 0.5454545454545454 move_t 100 996.3708055019379 83.6796983633774 68.66542033642705 83.66727402254097 71.98586355340204 48.993186550778184 43.19333378623399 67.47519060779881
0.9047843251479548 3343.1376652761405 0.5 1.24390824382697 4845.768724513335 0.5454545454545454 t_multiswap_k 100 997.835530757904 83.6796983633774 68.66542033642705 83.66727402254097 71.98586355340204 48.993186550778184 43.19333378623399 67.89043870172083
0.9047843251479548 3343.1376652761405 0.5 1.279018008240176 4977.3471694303435 0.5277777777777778 move_t 100 999.5313537120819 83.6796983633774 69.07876613306277 83.66727402254097 71.98586355340204 48.993186550778184 43.19333378623399 67.89043870172083
0.9047843251479548 3343.1376652761405 0.5 1.2872281844100257 4999.013308525137 0.5151515151515151 t_swap_k 100 1001.8457396030426 83.6796983633774 69.07876613306277 84.05060128231555 71.98586355340204 48.993186550778184 43.19333378623399 67.89043870172083
0.9047843251479548 3343.1376652761405 0.5 1.3032909763116662 5067.878663834348 0.5151515151515151 f_swap_t 100 1004.0249555110931 83.6796983633774 69.07876613306277 84.05060128231555 72.31600491786801 48.993186550778184 43.19333378623399 67.89043870172083
0.9047843251479548 3343.1376652761405 0.5 1.3889955511166656 5402.837168640141 0.48484848484848486 f_swap_t 100 1006.8582746982574 83.6796983633774 69.07876613306277 84.05060128231555 72.75284486868934 48.993186550778184 43.19333378623399 67.89043870172083
0.9047843251479548 3343.1376652761405 0.5 1.321569688726683 5130.004626280365 0.5 t_move_k 100 1008.8116641044617 84.07290137974363 69.07876613306277 84.05060128231555 72.75284486868934 48.993186550778184 43.19333378623399 67.89043870172083
0.9047843251479548 3343.1376652761405 0.5 1.2651667003291047 4888.190385002434 0.5 t_move_k 100 1011.5646615028381 84.33217236594619 69.07876613306277 84.05060128231555 72.75284486868934 48.993186550778184 43.19333378623399 67.89043870172083
0.9047843251479548 3343.1376652761405 0.5 1.3064515518496407 5065.189252089751 0.5 t_swap_k 100 1013.988687992096 84.33217236594619 69.07876613306277 84.3200952694924 72.75284486868934 48.993186550778184 43.19333378623399 67.89043870172083
0.9047843251479548 3343.1376652761405 0.5 1.2557021368873933 4847.613346574049 0.5 f_swap_t 100 1015.3701863288879 84.33217236594619 69.07876613306277 84.3200952694924 73.02531642000244 48.993186550778184 43.19333378623399 67.89043870172083
0.9047843251479548 3343.1376652761405 0.5 1.2682490086474285 4901.405040263716 0.5 f_swap_t 100 1016.6731016635895 84.33217236594619 69.07876613306277 84.3200952694924 73.33506325580241 48.993186550778184 43.19333378623399 67.89043870172083
0.9047843251479548 3343.1376652761405 0.5 1.3170203864941348 5110.500587594449 0.5 t_swap_k 100 1017.9624943733215 84.33217236594619 69.07876613306277 84.66689431679747 73.33506325580241 48.993186550778184 43.19333378623399 67.89043870172083
0.9047843251479548 3343.1376652761405 0.5 1.281112944968318 4972.79569084492 0.5151515151515151 t_multiswap_k 100 1019.5100314617157 84.33217236594619 69.07876613306277 84.66689431679747 73.33506325580241 48.993186550778184 43.19333378623399 68.38153431470361
0.9047843251479548 3343.1376652761405 0.5 1.2696941421148553 4923.840321160448 0.5151515151515151 t_move_k 100 1021.355388879776 84.59885064228673 69.07876613306277 84.66689431679747 73.33506325580241 48.993186550778184 43.19333378623399 68.38153431470361
0.9047843251479548 3343.1376652761405 0.5 1.3280026864086332 5141.344937080054 0.48484848484848486 f_swap_t 100 1022.8514025211334 84.59885064228673 69.07876613306277 84.66689431679747 73.71171262324438 48.993186550778184 43.19333378623399 68.38153431470361
0.9047843251479548 3343.1376652761405 0.5 1.324228631238384 5157.643821392219 0.5151515151515151 t_move_k 100 1024.232587337494 84.92286213586387 69.07876613306277 84.66689431679747 73.71171262324438 48.993186550778184 43.19333378623399 68.38153431470361
0.9047843251479548 3343.1376652761405 0.5 1.3148534288910596 5071.437643667285 0.4722222222222222 t_swap_r_k 100 1027.073004245758 84.92286213586387 69.07876613306277 84.66689431679747 73.71171262324438 48.993186550778184 43.80140044837165 68.38153431470361
0.9047843251479548 3343.1376652761405 0.5 1.2939292641212374 5011.502956520387 0.5 t_move_k 100 1029.289395570755 85.25363351450522 69.07876613306277 84.66689431679747 73.71171262324438 48.993186550778184 43.80140044837165 68.38153431470361
0.9047843251479548 3343.1376652761405 0.5 1.272588916262975 4920.011349912989 0.5 t_move_k 100 1031.3415713310242 85.43109717936018 69.07876613306277 84.66689431679747 73.71171262324438 48.993186550778184 43.80140044837165 68.38153431470361
0.9047843251479548 3343.1376652761405 0.5 1.2918380923276362 5002.537560625279 0.5 t_move_k 100 1032.8639504909515 85.62678620756658 69.07876613306277 84.66689431679747 73.71171262324438 48.993186550778184 43.80140044837165 68.38153431470361
0.9047843251479548 3343.1376652761405 0.5 1.379506608356374 5125.3251198016615 0.5 swap_t 100 1034.1516633033752 85.62678620756658 69.07876613306277 84.66689431679747 73.71171262324438 49.5232546852704 43.80140044837165 68.38153431470361
0.9047843251479548 3343.1376652761405 0.5 1.3249199952149788 5114.595624601447 0.4722222222222222 t_swap_k 100 1036.5831887722015 85.62678620756658 69.07876613306277 84.92022537362949 73.71171262324438 49.5232546852704 43.80140044837165 68.38153431470361
0.9047843251479548 3343.1376652761405 0.5 1.2874372768529505 5013.442757794604 0.5277777777777778 t_multiswap_k 100 1037.5371279716492 85.62678620756658 69.07876613306277 84.92022537362949 73.71171262324438 49.5232546852704 43.80140044837165 68.90771897155658
0.9047843251479548 3343.1376652761405 0.5 1.2653286532904724 4918.657353965016 0.5277777777777778 move_t 100 1038.3280181884766 85.62678620756658 69.38797847173214 84.92022537362949 73.71171262324438 49.5232546852704 43.80140044837165 68.90771897155658
0.9047843251479548 3343.1376652761405 0.5 1.305648098228461 5140.504482286862 0.5151515151515151 move_t 100 1039.2658545970917 85.62678620756658 69.75409868701482 84.92022537362949 73.71171262324438 49.5232546852704 43.80140044837165 68.90771897155658
0.9047843251479548 3343.1376652761405 0.5 1.268439185482724 4931.993012294641 0.5277777777777778 t_swap_r_k 100 1042.3865821361542 85.62678620756658 69.75409868701482 84.92022537362949 73.71171262324438 49.5232546852704 44.43338644388793 68.90771897155658
0.9047843251479548 3343.1376652761405 0.5 1.2866194288938497 5061.361891237075 0.5757575757575758 t_multiswap_k 100 1043.9766988754272 85.62678620756658 69.75409868701482 84.92022537362949 73.71171262324438 49.5232546852704 44.43338644388793 69.34864178184101
0.9047843251479548 3343.1376652761405 0.5 1.307822629897342 5130.612688534057 0.5555555555555556 t_move_k 100 1046.0870513916016 85.80051834549091 69.75409868701482 84.92022537362949 73.71171262324438 49.5232546852704 44.43338644388793 69.34864178184101
0.9047843251479548 3343.1376652761405 0.5 1.28593920125315 5036.792753731059 0.5555555555555556 swap_t 100 1047.608634710312 85.80051834549091 69.75409868701482 84.92022537362949 73.71171262324438 50.0280221384177 44.43338644388793 69.34864178184101
0.9047843251479548 3343.1376652761405 0.5 1.3020543377722764 5105.882523992774 0.5555555555555556 f_swap_t 100 1049.98668050766 85.80051834549091 69.75409868701482 84.92022537362949 74.01459549701194 50.0280221384177 44.43338644388793 69.34864178184101
0.9047843251479548 3343.1376652761405 0.5 1.380301571620866 5430.5222989758795 0.5454545454545454 f_swap_t 100 1051.4710850715637 85.80051834549091 69.75409868701482 84.92022537362949 74.49444954204182 50.0280221384177 44.43338644388793 69.34864178184101
0.9047843251479548 3343.1376652761405 0.5 1.3274501079763013 5236.413603277384 0.5757575757575758 t_move_k 100 1052.9524190425873 86.042513162036 69.75409868701482 84.92022537362949 74.49444954204182 50.0280221384177 44.43338644388793 69.34864178184101
0.9047843251479548 3343.1376652761405 0.5 1.289023962890372 5071.670752177163 0.5757575757575758 move_t 100 1054.5530552864075 86.042513162036 70.15655770014467 84.92022537362949 74.49444954204182 50.0280221384177 44.43338644388793 69.34864178184101
0.9047843251479548 3343.1376652761405 0.5 1.2676343358270459 4979.967872835433 0.5757575757575758 f_swap_t 100 1056.686383008957 86.042513162036 70.15655770014467 84.92022537362949 74.74950504662141 50.0280221384177 44.43338644388793 69.34864178184101
0.9047843251479548 3343.1376652761405 0.5 1.261921180468304 4955.474093912959 0.5757575757575758 t_move_k 100 1058.068657875061 86.18208803041564 70.15655770014467 84.92022537362949 74.74950504662141 50.0280221384177 44.43338644388793 69.34864178184101
0.9047843251479548 3343.1376652761405 0.5 1.261921180468304 4955.474093912959 0.5757575757575758 move_t 100 1059.4615771770477 86.18208803041564 70.45499212314323 84.92022537362949 74.74950504662141 50.0280221384177 44.43338644388793 69.34864178184101
0.9047843251479548 3343.1376652761405 0.5 1.261921180468304 4955.474093912959 0.5757575757575758 swap_t 100 1060.0102632045746 86.18208803041564 70.45499212314323 84.92022537362949 74.74950504662141 50.52774191703352 44.43338644388793 69.34864178184101
0.9047843251479548 3343.1376652761405 0.5 1.261921180468304 4955.474093912959 0.5757575757575758 swap_t 100 1061.3274438381195 86.18208803041564 70.45499212314323 84.92022537362949 74.74950504662141 51.02246449786318 44.43338644388793 69.34864178184101
0.9047843251479548 3343.1376652761405 0.5 1.3114662519407987 5135.407428745456 0.5454545454545454 f_swap_t 100 1063.318121433258 86.18208803041564 70.45499212314323 84.92022537362949 75.10200999615519 51.02246449786318 44.43338644388793 69.34864178184101
0.9047843251479548 3343.1376652761405 0.5 1.2764625974113653 4985.3376823992985 0.5454545454545454 swap_t 100 1064.784827709198 86.18208803041564 70.45499212314323 84.92022537362949 75.10200999615519 51.51223985288455 44.43338644388793 69.34864178184101
0.9047843251479548 3343.1376652761405 0.5 1.2722601511090956 4967.320705055271 0.5454545454545454 t_move_k 100 1066.7430679798126 86.32026715011149 70.45499212314323 84.92022537362949 75.10200999615519 51.51223985288455 44.43338644388793 69.34864178184101
0.9047843251479548 3343.1376652761405 0.5 1.2558923620728106 4897.147747918545 0.5454545454545454 t_multiswap_k 100 1068.5088946819305 86.32026715011149 70.45499212314323 84.92022537362949 75.10200999615519 51.51223985288455 44.43338644388793 69.7451553640226
0.9047843251479548 3343.1376652761405 0.5 1.2972969274102022 5029.422342093886 0.5454545454545454 swap_t 100 1070.0733025074005 86.32026715011149 70.45499212314323 84.92022537362949 75.10200999615519 52.0471174543557 44.43338644388793 69.7451553640226
0.9047843251479548 3343.1376652761405 0.5 1.252243255607314 4881.503081982116 0.5454545454545454 t_multiswap_k 100 1071.229475736618 86.32026715011149 70.45499212314323 84.92022537362949 75.10200999615519 52.0471174543557 44.43338644388793 70.11770381038237
0.9047843251479548 3343.1376652761405 0.5 1.2247402587457108 4763.590600606509 0.5454545454545454 move_t 100 1072.8333187103271 86.32026715011149 70.7504422019118 84.92022537362949 75.10200999615519 52.0471174543557 44.43338644388793 70.11770381038237
0.9047843251479548 3343.1376652761405 0.5 1.224410120050973 4762.175210389562 0.5454545454545454 f_swap_t 100 1075.0894536972046 86.32026715011149 70.7504422019118 84.92022537362949 75.35098989619364 52.0471174543557 44.43338644388793 70.11770381038237
0.9047843251479548 3343.1376652761405 0.5 1.2379256823913858 4820.119931859885 0.5454545454545454 t_move_k 100 1077.0666770935059 86.46706447861038 70.7504422019118 84.92022537362949 75.35098989619364 52.0471174543557 44.43338644388793 70.11770381038237
0.9047843251479548 3343.1376652761405 0.5 1.2407595764675685 4832.269570830497 0.5454545454545454 t_move_k 100 1078.6146159172058 86.64239383382427 70.7504422019118 84.92022537362949 75.35098989619364 52.0471174543557 44.43338644388793 70.11770381038237
0.9047843251479548 3343.1376652761405 0.5 1.2276563560385636 4776.092666089162 0.5454545454545454 t_move_k 100 1080.223333120346 86.77596989548603 70.7504422019118 84.92022537362949 75.35098989619364 52.0471174543557 44.43338644388793 70.11770381038237
0.9047843251479548 3343.1376652761405 0.5 1.2276563560385636 4776.092666089162 0.5454545454545454 move_t 100 1081.4339730739594 86.77596989548603 71.04293777989268 84.92022537362949 75.35098989619364 52.0471174543557 44.43338644388793 70.11770381038237
0.9047843251479548 3343.1376652761405 0.5 1.2674608030154473 4946.744654904992 0.5454545454545454 t_swap_k 100 1083.1131792068481 86.77596989548603 71.04293777989268 85.2310231198932 75.35098989619364 52.0471174543557 44.43338644388793 70.11770381038237
0.9047843251479548 3343.1376652761405 0.5 1.250433664426426 4884.571307796315 0.5555555555555556 t_multiswap_k 100 1084.1357338428497 86.77596989548603 71.04293777989268 85.2310231198932 75.35098989619364 52.0471174543557 44.43338644388793 70.52652677227854
0.9047843251479548 3343.1376652761405 0.5 1.2630519161839842 4938.669026050174 0.5555555555555556 t_swap_k 100 1085.9681315422058 86.77596989548603 71.04293777989268 85.45871288869427 75.35098989619364 52.0471174543557 44.43338644388793 70.52652677227854
0.9047843251479548 3343.1376652761405 0.5 1.253734956618969 4898.724803727229 0.5555555555555556 t_move_k 100 1087.4851517677307 86.94821019653116 71.04293777989268 85.45871288869427 75.35098989619364 52.0471174543557 44.43338644388793 70.52652677227854
0.9047843251479548 3343.1376652761405 0.5 1.2279519500265057 4788.1863667729185 0.5555555555555556 t_multiswap_k 100 1088.4853994846344 86.94821019653116 71.04293777989268 85.45871288869427 75.35098989619364 52.0471174543557 44.43338644388793 70.85126150455577
0.9047843251479548 3343.1376652761405 0.5 1.2597649435814284 4924.576921915804 0.5555555555555556 t_swap_k 100 1089.617265701294 86.94821019653116 71.04293777989268 85.64412575980732 75.35098989619364 52.0471174543557 44.43338644388793 70.85126150455577
0.9047843251479548 3343.1376652761405 0.5 1.239347995755982 4837.044170764032 0.5555555555555556 t_move_k 100 1090.498445034027 87.10872809456585 71.04293777989268 85.64412575980732 75.35098989619364 52.0471174543557 44.43338644388793 70.85126150455577
0.9047843251479548 3343.1376652761405 0.5 1.2443710053863966 4858.579115936593 0.5555555555555556 t_move_k 100 1091.9105110168457 87.3076408136202 71.04293777989268 85.64412575980732 75.35098989619364 52.0471174543557 44.43338644388793 70.85126150455577
0.9047843251479548 3343.1376652761405 0.5 1.24048607006677 4841.92339053234 0.5555555555555556 t_multiswap_k 100 1093.4540808200836 87.3076408136202 71.04293777989268 85.64412575980732 75.35098989619364 52.0471174543557 44.43338644388793 71.1427488895102
0.9047843251479548 3343.1376652761405 0.5 1.235403203457524 4820.131822965602 0.5555555555555556 t_swap_k 100 1095.6048395633698 87.3076408136202 71.04293777989268 85.81768450220925 75.35098989619364 52.0471174543557 44.43338644388793 71.1427488895102
0.9047843251479548 3343.1376652761405 0.5 1.229792639541036 4796.077880166622 0.5555555555555556 t_multiswap_k 100 1097.2379758358002 87.3076408136202 71.04293777989268 85.81768450220925 75.35098989619364 52.0471174543557 44.43338644388793 71.4313214006151
0.9047843251479548 3343.1376652761405 0.5 1.229792639541036 4796.077880166622 0.5555555555555556 f_swap_t 100 1098.745846748352 87.3076408136202 71.04293777989268 85.81768450220925 75.5974799972317 52.0471174543557 44.43338644388793 71.4313214006151
0.9047843251479548 3343.1376652761405 0.5 1.229792639541036 4796.077880166622 0.5555555555555556 swap_t 100 1099.8661377429962 87.3076408136202 71.04293777989268 85.81768450220925 75.5974799972317 52.52664627981214 44.43338644388793 71.4313214006151
0.9047843251479548 3343.1376652761405 0.5 1.229792639541036 4796.077880166622 0.5555555555555556 f_swap_t 100 1102.2549102306366 87.3076408136202 71.04293777989268 85.81768450220925 75.84150519725938 52.52664627981214 44.43338644388793 71.4313214006151
0.9047843251479548 3343.1376652761405 0.5 1.2759239778525626 4965.694426385396 0.5555555555555556 swap_t 100 1103.6888778209686 87.3076408136202 71.04293777989268 85.81768450220925 75.84150519725938 53.01137981701402 44.43338644388793 71.4313214006151
0.9047843251479548 3343.1376652761405 0.5 1.2582625662542446 4918.135840621931 0.5555555555555556 t_move_k 100 1105.1527271270752 87.464564405484 71.04293777989268 85.81768450220925 75.84150519725938 53.01137981701402 44.43338644388793 71.4313214006151
0.9047843251479548 3343.1376652761405 0.5 1.2650467624893644 4908.776313988116 0.5555555555555556 swap_t 100 1105.903172492981 87.464564405484 71.04293777989268 85.81768450220925 75.84150519725938 53.491266018843874 44.43338644388793 71.4313214006151
0.9047843251479548 3343.1376652761405 0.5 1.2445137162420212 4848.364541806353 0.5454545454545454 t_multiswap_k 100 1107.3699469566345 87.464564405484 71.04293777989268 85.81768450220925 75.84150519725938 53.491266018843874 44.43338644388793 71.74700818660895
0.9047843251479548 3343.1376652761405 0.5 1.2723312047587472 4967.625330481489 0.5454545454545454 t_move_k 100 1108.8437354564667 87.65991876142915 71.04293777989268 85.81768450220925 75.84150519725938 53.491266018843874 44.43338644388793 71.74700818660895
0.9047843251479548 3343.1376652761405 0.5 1.2715138743111436 4974.947635435568 0.5555555555555556 t_swap_k 100 1110.3711824417114 87.65991876142915 71.04293777989268 86.08950765718716 75.84150519725938 53.491266018843874 44.43338644388793 71.74700818660895
0.9047843251479548 3343.1376652761405 0.5 1.2547274728378248 4902.979978200023 0.5555555555555556 move_t 100 1111.1436204910278 87.65991876142915 71.33250840209375 86.08950765718716 75.84150519725938 53.491266018843874 44.43338644388793 71.74700818660895
0.9047843251479548 3343.1376652761405 0.5 1.2498576045895735 4882.101589855179 0.5555555555555556 move_t 100 1112.589721441269 87.65991876142915 71.61918331807281 86.08950765718716 75.84150519725938 53.491266018843874 44.43338644388793 71.74700818660895
0.9047843251479548 3343.1376652761405 0.5 1.2297467905104784 4785.054900894953 0.5454545454545454 t_swap_k 100 1114.5249977111816 87.65991876142915 71.61918331807281 86.31861258061528 75.84150519725938 53.491266018843874 44.43338644388793 71.74700818660895
0.9047843251479548 3343.1376652761405 0.5 1.3431700327241387 5238.850522653018 0.5151515151515151 f_swap_t 100 1116.9807486534119 87.65991876142915 71.61918331807281 86.31861258061528 76.12309014528678 53.491266018843874 44.43338644388793 71.74700818660895
0.9047843251479548 3343.1376652761405 0.5 1.2976690174976375 5027.536249276194 0.5 t_swap_r_k 100 1120.0556054115295 87.65991876142915 71.61918331807281 86.31861258061528 76.12309014528678 53.491266018843874 45.02905257944905 71.74700818660895
0.9047843251479548 3343.1376652761405 0.5 1.2715427196439364 4945.298668250025 0.5277777777777778 f_swap_t 100 1122.4760882854462 87.65991876142915 71.61918331807281 86.31861258061528 76.42185924383391 53.491266018843874 45.02905257944905 71.74700818660895
0.9047843251479548 3343.1376652761405 0.5 1.329340142214732 5193.091210522077 0.5277777777777778 move_t 100 1124.3085181713104 87.65991876142915 71.93299148489209 86.31861258061528 76.42185924383391 53.491266018843874 45.02905257944905 71.74700818660895
0.9047843251479548 3343.1376652761405 0.5 1.291734400460285 5031.865641303198 0.5277777777777778 t_swap_r_k 100 1127.0364096164703 87.65991876142915 71.93299148489209 86.31861258061528 76.42185924383391 53.491266018843874 45.61876205365456 71.74700818660895
0.9047843251479548 3343.1376652761405 0.5 1.2826689528182524 4992.999715832179 0.5277777777777778 f_swap_t 100 1128.93425822258 87.65991876142915 71.93299148489209 86.31861258061528 76.65764065139557 53.491266018843874 45.61876205365456 71.74700818660895
0.9047843251479548 3343.1376652761405 0.5 1.2823719741987127 4991.726491458791 0.5277777777777778 swap_t 100 1130.067524433136 87.65991876142915 71.93299148489209 86.31861258061528 76.65764065139557 53.956353358655434 45.61876205365456 71.74700818660895
0.9047843251479548 3343.1376652761405 0.5 1.2910012890354838 5028.7226024678985 0.5277777777777778 t_move_k 100 1131.8827285766602 87.85331957381486 71.93299148489209 86.31861258061528 76.65764065139557 53.956353358655434 45.61876205365456 71.74700818660895
0.9047843251479548 3343.1376652761405 0.5 1.2635345934589988 4910.9657541175575 0.5277777777777778 t_multiswap_k 100 1133.897001504898 87.85331957381486 71.93299148489209 86.31861258061528 76.65764065139557 53.956353358655434 45.61876205365456 72.20953810474286
0.9047843251479548 3343.1376652761405 0.5 1.3242375917658138 5125.202999741995 0.48484848484848486 t_swap_k 100 1136.1757555007935 87.85331957381486 71.93299148489209 86.55542645480912 76.65764065139557 53.956353358655434 45.61876205365456 72.20953810474286
0.9047843251479548 3343.1376652761405 0.5 1.3052021004331538 5076.072148657669 0.5151515151515151 f_swap_t 100 1138.440488576889 87.85331957381486 71.93299148489209 86.55542645480912 76.9210642448816 53.956353358655434 45.61876205365456 72.20953810474286
0.9047843251479548 3343.1376652761405 0.5 1.2996669481481251 5052.341515083304 0.5151515151515151 t_swap_r_k 100 1141.4294619560242 87.85331957381486 71.93299148489209 86.55542645480912 76.9210642448816 53.956353358655434 46.20257443311801 72.20953810474286
0.9047843251479548 3343.1376652761405 0.5 1.3110182068031286 5114.540321000585 0.5277777777777778 t_move_k 100 1142.972293138504 88.1447863780767 71.93299148489209 86.55542645480912 76.9210642448816 53.956353358655434 46.20257443311801 72.20953810474286
0.9047843251479548 3343.1376652761405 0.5 1.2912305685007779 5029.705583006977 0.5277777777777778 t_swap_r_k 100 1144.5374855995178 88.1447863780767 71.93299148489209 86.55542645480912 76.9210642448816 53.956353358655434 46.78054868878683 72.20953810474286
0.9047843251479548 3343.1376652761405 0.5 1.2931125379777249 5024.24105857544 0.5151515151515151 t_move_k 100 1146.0382769107819 88.42333851429593 71.93299148489209 86.55542645480912 76.9210642448816 53.956353358655434 46.78054868878683 72.20953810474286
0.9047843251479548 3343.1376652761405 0.5 1.2555163111561292 4876.589298073183 0.5277777777777778 t_swap_r_k 100 1148.1273579597473 88.42333851429593 71.93299148489209 86.55542645480912 76.9210642448816 53.956353358655434 47.38274320189896 72.20953810474286
0.9047843251479548 3343.1376652761405 0.5 1.2503295059773831 4854.352118899025 0.5277777777777778 t_swap_k 100 1149.354369878769 88.42333851429593 71.93299148489209 86.68987219026103 76.9210642448816 53.956353358655434 47.38274320189896 72.20953810474286
0.9047843251479548 3343.1376652761405 0.5 1.24610426048073 4836.237395494936 0.5277777777777778 t_move_k 100 1150.4210007190704 88.56910512915297 71.93299148489209 86.68987219026103 76.9210642448816 53.956353358655434 47.38274320189896 72.20953810474286
0.9047843251479548 3343.1376652761405 0.5 1.2941295750830417 5042.134376180282 0.5277777777777778 f_swap_t 100 1152.3028900623322 88.56910512915297 71.93299148489209 86.68987219026103 77.22185360243279 53.956353358655434 47.38274320189896 72.20953810474286
0.9047843251479548 3343.1376652761405 0.5 1.2563973693677466 4880.366623158553 0.5277777777777778 swap_t 100 1153.468876361847 88.56910512915297 71.93299148489209 86.68987219026103 77.22185360243279 54.41678982506888 47.38274320189896 72.20953810474286
0.9047843251479548 3343.1376652761405 0.5 1.3198916152692097 5190.187955731432 0.5277777777777778 swap_t 100 1154.9580538272858 88.56910512915297 71.93299148489209 86.68987219026103 77.22185360243279 54.94262192681819 47.38274320189896 72.20953810474286
0.9047843251479548 3343.1376652761405 0.5 1.2700474213710249 4938.88793669801 0.5277777777777778 move_t 100 1156.845909833908 88.56910512915297 72.21366157004316 86.68987219026103 77.22185360243279 54.94262192681819 47.38274320189896 72.20953810474286
0.9047843251479548 3343.1376652761405 0.5 1.361511909333045 5349.966143015301 0.5454545454545454 swap_t 100 1158.0474185943604 88.56910512915297 72.21366157004316 86.68987219026103 77.22185360243279 55.44319570755001 47.38274320189896 72.20953810474286
0.9047843251479548 3343.1376652761405 0.5 1.27658058930405 4996.669956833592 0.5555555555555556 move_t 100 1159.6833400726318 88.56910512915297 72.52152495434272 86.68987219026103 77.22185360243279 55.44319570755001 47.38274320189896 72.20953810474286
0.9047843251479548 3343.1376652761405 0.5 1.262902112507938 4938.026778834328 0.5555555555555556 f_swap_t 100 1162.0404467582703 88.56910512915297 72.52152495434272 86.68987219026103 77.47963506640846 55.44319570755001 47.38274320189896 72.20953810474286
0.9047843251479548 3343.1376652761405 0.5 1.2587648195191208 4920.28913064478 0.5555555555555556 swap_t 100 1163.3674647808075 88.56910512915297 72.52152495434272 86.68987219026103 77.47963506640846 55.88876375047451 47.38274320189896 72.20953810474286
0.9047843251479548 3343.1376652761405 0.5 1.2573882540129313 4914.387437261051 0.5555555555555556 move_t 100 1165.0400712490082 88.56910512915297 72.7963097047993 86.68987219026103 77.47963506640846 55.88876375047451 47.38274320189896 72.20953810474286
0.9047843251479548 3343.1376652761405 0.5 1.2562954092323733 4909.702128220642 0.5555555555555556 swap_t 100 1166.0263106822968 88.56910512915297 72.7963097047993 86.68987219026103 77.47963506640846 56.329876112969764 47.38274320189896 72.20953810474286
0.9047843251479548 3343.1376652761405 0.5 1.2376445450921023 4829.741035920592 0.5555555555555556 t_swap_k 100 1167.5786609649658 88.56910512915297 72.7963097047993 86.97297346835842 77.47963506640846 56.329876112969764 47.38274320189896 72.20953810474286
0.9047843251479548 3343.1376652761405 0.5 1.2767536660202736 5080.54032884821 0.5757575757575758 move_t 100 1168.9826221466064 88.56910512915297 73.1983466077513 86.97297346835842 77.47963506640846 56.329876112969764 47.38274320189896 72.20953810474286
0.9047843251479548 3343.1376652761405 0.5 1.2364880057049692 4846.4354767508075 0.5757575757575758 t_swap_r_k 100 1171.5975258350372 88.56910512915297 73.1983466077513 86.97297346835842 77.47963506640846 56.329876112969764 47.948915769879974 72.20953810474286
0.9047843251479548 3343.1376652761405 0.5 1.3180228904623394 5163.517438772657 0.5454545454545454 move_t 100 1173.1416957378387 88.56910512915297 73.59636314167379 86.97297346835842 77.47963506640846 56.329876112969764 47.948915769879974 72.20953810474286
0.9047843251479548 3343.1376652761405 0.5 1.2936488052795099 5059.019413352737 0.5454545454545454 f_swap_t 100 1175.0714654922485 88.56910512915297 73.59636314167379 86.97297346835842 77.70483871574437 56.329876112969764 47.948915769879974 72.20953810474286
0.9047843251479548 3343.1376652761405 0.5 1.390621831379339 5442.288691712394 0.5151515151515151 t_swap_k 100 1176.3882558345795 88.56910512915297 73.59636314167379 87.20324373367484 77.70483871574437 56.329876112969764 47.948915769879974 72.20953810474286
0.9047843251479548 3343.1376652761405 0.5 1.31810142302847 5131.3748904981985 0.5151515151515151 t_move_k 100 1177.687881231308 88.84341407786144 73.59636314167379 87.20324373367484 77.70483871574437 56.329876112969764 47.948915769879974 72.20953810474286
0.9047843251479548 3343.1376652761405 0.5 1.3481785584400883 5260.323371527376 0.5151515151515151 t_swap_k 100 1179.2771146297455 88.84341407786144 73.59636314167379 87.4112112963381 77.70483871574437 56.329876112969764 47.948915769879974 72.20953810474286
0.9047843251479548 3343.1376652761405 0.5 1.3666041764961308 5209.851219000778 0.48484848484848486 swap_t 100 1180.8388385772705 88.84341407786144 73.59636314167379 87.4112112963381 77.70483871574437 56.77657735184007 47.948915769879974 72.20953810474286
0.9047843251479548 3343.1376652761405 0.5 1.2625539926925202 4925.70788630384 0.5454545454545454 t_multiswap_k 100 1182.6269094944 88.84341407786144 73.59636314167379 87.4112112963381 77.70483871574437 56.77657735184007 47.948915769879974 72.78744272369543
0.9047843251479548 3343.1376652761405 0.5 1.2358789179319272 4822.171334309964 0.5555555555555556 t_multiswap_k 100 1183.639882326126 88.84341407786144 73.59636314167379 87.4112112963381 77.70483871574437 56.77657735184007 47.948915769879974 73.29956829645847
0.9047843251479548 3343.1376652761405 0.5 1.1930009431286548 4638.342334479295 0.5555555555555556 move_t 100 1184.6938872337341 88.84341407786144 73.86039951025705 87.4112112963381 77.70483871574437 56.77657735184007 47.948915769879974 73.29956829645847
0.9047843251479548 3343.1376652761405 0.5 1.1794682274281156 4580.324072104808 0.5555555555555556 t_swap_k 100 1186.7177803516388 88.84341407786144 73.86039951025705 87.59709918337471 77.70483871574437 56.77657735184007 47.948915769879974 73.29956829645847
0.9047843251479548 3343.1376652761405 0.5 1.1675172712735873 4529.08722318676 0.5555555555555556 t_multiswap_k 100 1188.899889945984 88.84341407786144 73.86039951025705 87.59709918337471 77.70483871574437 56.77657735184007 47.948915769879974 73.75657261349389
0.9047843251479548 3343.1376652761405 0.5 1.1559547121900324 4479.515533255858 0.5555555555555556 f_swap_t 100 1191.0526740550995 88.84341407786144 73.86039951025705 87.59709918337471 77.96779032858693 56.77657735184007 47.948915769879974 73.75657261349389
0.9047843251479548 3343.1376652761405 0.5 1.1348011075771458 4388.824543379545 0.5555555555555556 f_swap_t 100 1193.6069405078888 88.84341407786144 73.86039951025705 87.59709918337471 78.18811242530106 56.77657735184007 47.948915769879974 73.75657261349389
0.9047843251479548 3343.1376652761405 0.5 1.143765706813425 4457.030740185897 0.5833333333333334 t_move_k 100 1195.9247856140137 89.02497993708282 73.86039951025705 87.59709918337471 78.18811242530106 56.77657735184007 47.948915769879974 73.75657261349389
0.9047843251479548 3343.1376652761405 0.5 1.1352792449675684 4420.647077002582 0.5833333333333334 t_swap_r_k 100 1198.8462154865265 89.02497993708282 73.86039951025705 87.59709918337471 78.18811242530106 56.77657735184007 48.50942661218117 73.75657261349389
0.9047843251479548 3343.1376652761405 0.5 1.1290944033719525 4394.1310568348945 0.5833333333333334 t_multiswap_k 100 1199.6437985897064 89.02497993708282 73.86039951025705 87.59709918337471 78.18811242530106 56.77657735184007 48.50942661218117 74.01900688735896
0.9047843251479548 3343.1376652761405 0.5 1.1846022512357706 4632.107598459706 0.5833333333333334 f_swap_t 100 1200.9164445400238 89.02497993708282 73.86039951025705 87.59709918337471 78.46623130104804 56.77657735184007 48.50942661218117 74.01900688735896
0.9047843251479548 3343.1376652761405 0.5 1.1587286526940752 4521.18077032096 0.5833333333333334 t_swap_r_k 100 1202.526701450348 89.02497993708282 73.86039951025705 87.59709918337471 78.46623130104804 56.77657735184007 49.06433234605936 74.01900688735896
0.9047843251479548 3343.1376652761405 0.5 1.1573229450697868 4507.034327679066 0.5757575757575758 move_t 100 1203.412798166275 89.02497993708282 74.13179551515448 87.59709918337471 78.46623130104804 56.77657735184007 49.06433234605936 74.01900688735896
0.9047843251479548 3343.1376652761405 0.5 1.324013702027481 5121.0088378150795 0.5555555555555556 swap_t 100 1204.799775838852 89.02497993708282 74.13179551515448 87.59709918337471 78.46623130104804 57.25881157832167 49.06433234605936 74.01900688735896
0.9047843251479548 3343.1376652761405 0.5 1.3732758955250302 5400.401403206959 0.5454545454545454 move_t 100 1206.3526756763458 89.02497993708282 74.57047756000293 87.59709918337471 78.46623130104804 57.25881157832167 49.06433234605936 74.01900688735896
0.9047843251479548 3343.1376652761405 0.5 1.2872673328150697 5031.66038564755 0.5454545454545454 t_move_k 100 1208.3146615028381 89.28473013771199 74.57047756000293 87.59709918337471 78.46623130104804 57.25881157832167 49.06433234605936 74.01900688735896
0.9047843251479548 3343.1376652761405 0.5 1.2751289036999527 4979.619791520023 0.5454545454545454 f_swap_t 100 1211.0795447826385 89.28473013771199 74.57047756000293 87.59709918337471 78.68156898803755 57.25881157832167 49.06433234605936 74.01900688735896
0.9047843251479548 3343.1376652761405 0.5 1.2614345614566314 4920.908594233333 0.5454545454545454 t_swap_k 100 1212.9525818824768 89.28473013771199 74.57047756000293 87.81112819154096 78.68156898803755 57.25881157832167 49.06433234605936 74.01900688735896
0.9047843251479548 3343.1376652761405 0.5 1.3063358552526925 4764.460821857319 0.5454545454545454 swap_t 100 1214.213527917862 89.28473013771199 74.57047756000293 87.81112819154096 78.68156898803755 57.696223462538455 49.06433234605936 74.01900688735896
0.9047843251479548 3343.1376652761405 0.5 1.3159522050991073 5122.160635762856 0.5151515151515151 t_swap_k 100 1216.2118530273438 89.28473013771199 74.57047756000293 88.01301690962555 78.68156898803755 57.696223462538455 49.06433234605936 74.01900688735896
0.9047843251479548 3343.1376652761405 0.5 1.2694483625926911 4922.786600597721 0.5151515151515151 t_swap_k 100 1218.5566205978394 89.28473013771199 74.57047756000293 88.25288674052929 78.68156898803755 57.696223462538455 49.06433234605936 74.01900688735896
0.9047843251479548 3343.1376652761405 0.5 1.2770481080609577 4955.368680670506 0.5151515151515151 t_move_k 100 1220.0491321086884 89.43188283633486 74.57047756000293 88.25288674052929 78.68156898803755 57.696223462538455 49.06433234605936 74.01900688735896
0.9047843251479548 3343.1376652761405 0.5 1.2629236547869316 4894.813485831383 0.5151515151515151 f_swap_t 100 1222.0256025791168 89.43188283633486 74.57047756000293 88.25288674052929 78.89475329815718 57.696223462538455 49.06433234605936 74.01900688735896
0.9047843251479548 3343.1376652761405 0.5 1.2629236547869316 4894.813485831383 0.5151515151515151 f_swap_t 100 1224.4810619354248 89.43188283633486 74.57047756000293 88.25288674052929 79.10580576517562 57.696223462538455 49.06433234605936 74.01900688735896
0.9047843251479548 3343.1376652761405 0.5 1.2373120176127832 4798.542769755298 0.5277777777777778 t_swap_k 100 1226.0190558433533 89.43188283633486 74.57047756000293 88.400357873124 79.10580576517562 57.696223462538455 49.06433234605936 74.01900688735896
0.9047843251479548 3343.1376652761405 0.5 1.2314128145606833 4773.251356113653 0.5277777777777778 t_swap_r_k 100 1227.9117970466614 89.43188283633486 74.57047756000293 88.400357873124 79.10580576517562 57.696223462538455 49.61368902259876 74.01900688735896
0.9047843251479548 3343.1376652761405 0.5 1.22807858094309 4758.956631749079 0.5277777777777778 move_t 100 1229.5996930599213 89.43188283633486 74.8547727844029 88.400357873124 79.10580576517562 57.696223462538455 49.61368902259876 74.01900688735896
0.9047843251479548 3343.1376652761405 0.5 1.2224325547997668 4764.523287794567 0.5555555555555556 t_multiswap_k 100 1230.891235113144 89.43188283633486 74.8547727844029 88.400357873124 79.10580576517562 57.696223462538455 49.61368902259876 74.38881681848537
0.9047843251479548 3343.1376652761405 0.5 1.2062303394624907 4695.060188052616 0.5555555555555556 t_multiswap_k 100 1232.307447195053 89.43188283633486 74.8547727844029 88.400357873124 79.10580576517562 57.696223462538455 49.61368902259876 74.64492865030051
0.9047843251479548 3343.1376652761405 0.5 1.2006199084316078 4671.006814968694 0.5555555555555556 t_multiswap_k 100 1233.6481039524078 89.43188283633486 74.8547727844029 88.400357873124 79.10580576517562 57.696223462538455 49.61368902259876 74.9284793637975
0.9047843251479548 3343.1376652761405 0.5 1.1836950055818378 4598.445366407298 0.5555555555555556 t_swap_r_k 100 1236.133968114853 89.43188283633486 74.8547727844029 88.400357873124 79.10580576517562 57.696223462538455 50.15755213237278 74.9284793637975
0.9047843251479548 3343.1376652761405 0.5 1.2120603535793677 4720.054970782476 0.5555555555555556 t_swap_k 100 1237.1929421424866 89.43188283633486 74.8547727844029 88.58635429439275 79.10580576517562 57.696223462538455 50.15755213237278 74.9284793637975
0.9047843251479548 3343.1376652761405 0.5 1.1945528288707188 4644.995671189436 0.5555555555555556 t_multiswap_k 100 1238.1312050819397 89.43188283633486 74.8547727844029 88.58635429439275 79.10580576517562 57.696223462538455 50.15755213237278 75.17919457015954
0.9047843251479548 3343.1376652761405 0.5 1.2305972468117112 4676.402672763 0.5555555555555556 swap_t 100 1238.821384191513 89.43188283633486 74.8547727844029 88.58635429439275 79.10580576517562 58.12926122791307 50.15755213237278 75.17919457015954
0.9047843251479548 3343.1376652761405 0.5 1.2173632330397772 4742.789790509905 0.5555555555555556 t_move_k 100 1240.2564747333527 89.60756400797152 74.8547727844029 88.58635429439275 79.10580576517562 58.12926122791307 50.15755213237278 75.17919457015954
0.9047843251479548 3343.1376652761405 0.5 1.2522927227279002 4922.314207553447 0.5833333333333334 t_swap_k 100 1241.7924757003784 89.60756400797152 74.8547727844029 88.79049075144881 79.10580576517562 58.12926122791307 50.15755213237278 75.17919457015954
0.9047843251479548 3343.1376652761405 0.5 1.2239844087536615 4800.9491228298175 0.5833333333333334 t_move_k 100 1243.5449781417847 89.8014883678918 74.8547727844029 88.79049075144881 79.10580576517562 58.12926122791307 50.15755213237278 75.17919457015954
0.9047843251479548 3343.1376652761405 0.5 1.2175494608787134 4773.360832169133 0.5833333333333334 swap_t 100 1244.6199462413788 89.8014883678918 74.8547727844029 88.79049075144881 79.10580576517562 58.54796861563394 50.15755213237278 75.17919457015954
0.9047843251479548 3343.1376652761405 0.5 1.2154565374689794 4764.387926641322 0.5833333333333334 move_t 100 1245.4119935035706 89.8014883678918 75.13622505655887 88.79049075144881 79.10580576517562 58.54796861563394 50.15755213237278 75.17919457015954
0.9047843251479548 3343.1376652761405 0.5 1.2093175587791916 4738.06853264701 0.5833333333333334 f_swap_t 100 1246.9130599498749 89.8014883678918 75.13622505655887 88.79049075144881 79.31474770752386 58.54796861563394 50.15755213237278 75.17919457015954
0.9047843251479548 3343.1376652761405 0.5 1.2093175587791916 4738.06853264701 0.5833333333333334 t_swap_r_k 100 1249.5228245258331 89.8014883678918 75.13622505655887 88.79049075144881 79.31474770752386 58.54796861563394 50.69597661104905 75.17919457015954
0.9047843251479548 3343.1376652761405 0.5 1.2347178666879643 4817.193606469292 0.5555555555555556 t_multiswap_k 100 1250.344256401062 89.8014883678918 75.13622505655887 88.79049075144881 79.31474770752386 58.54796861563394 50.69597661104905 75.55740262445794
0.9047843251479548 3343.1376652761405 0.5 1.1931137584844524 4668.598637781303 0.5833333333333334 t_move_k 100 1251.2936305999756 89.99347348421288 75.13622505655887 88.79049075144881 79.31474770752386 58.54796861563394 50.69597661104905 75.55740262445794
0.9047843251479548 3343.1376652761405 0.5 1.1838916546342 4629.061086511576 0.5833333333333334 f_swap_t 100 1252.9370341300964 89.99347348421288 75.13622505655887 88.79049075144881 79.52160023044863 58.54796861563394 50.69597661104905 75.55740262445794
0.9047843251479548 3343.1376652761405 0.5 1.1816315177832093 4619.371293588652 0.5833333333333334 swap_t 100 1253.9692695140839 89.99347348421288 75.13622505655887 88.79049075144881 79.52160023044863 58.9624889294776 50.69597661104905 75.55740262445794
0.9047843251479548 3343.1376652761405 0.5 1.1774941360494438 4625.992693243141 0.6060606060606061 t_multiswap_k 100 1254.6908769607544 89.99347348421288 75.13622505655887 88.79049075144881 79.52160023044863 58.9624889294776 50.69597661104905 75.83182859821336
0.9047843251479548 3343.1376652761405 0.5 1.1654726951956942 4574.453658136948 0.6060606060606061 t_swap_k 100 1256.74298453331 89.99347348421288 75.13622505655887 88.93258584393432 79.52160023044863 58.9624889294776 50.69597661104905 75.83182859821336
0.9047843251479548 3343.1376652761405 0.5 1.1613749075340958 4556.8853795322275 0.6060606060606061 swap_t 100 1258.1108832359314 89.99347348421288 75.13622505655887 88.93258584393432 79.52160023044863 59.372864040182826 50.69597661104905 75.83182859821336
0.9047843251479548 3343.1376652761405 0.5 1.2072813399888238 4729.338734530679 0.5833333333333334 t_swap_k 100 1260.4514458179474 89.99347348421288 75.13622505655887 89.16325998549497 79.52160023044863 59.372864040182826 50.69597661104905 75.83182859821336
0.9047843251479548 3343.1376652761405 0.5 1.2082938583520573 4693.080616190238 0.5454545454545454 t_multiswap_k 100 1261.7400796413422 89.99347348421288 75.13622505655887 89.16325998549497 79.52160023044863 59.372864040182826 50.69597661104905 76.14351031223123
0.9047843251479548 3343.1376652761405 0.5 1.216522548346854 4728.359144586235 0.5454545454545454 t_move_k 100 1263.1091344356537 90.16353874937076 75.13622505655887 89.16325998549497 79.52160023044863 59.372864040182826 50.69597661104905 76.14351031223123
0.9047843251479548 3343.1376652761405 0.5 1.2008226262918402 4661.0495064320485 0.5454545454545454 swap_t 100 1264.3074264526367 90.16353874937076 75.13622505655887 89.16325998549497 79.52160023044863 59.779135399781 50.69597661104905 76.14351031223123
0.9047843251479548 3343.1376652761405 0.5 1.3182137012288138 5164.33549402174 0.5454545454545454 t_swap_k 100 1266.4338569641113 90.16353874937076 75.13622505655887 89.34162738564002 79.52160023044863 59.779135399781 50.69597661104905 76.14351031223123
0.9047843251479548 3343.1376652761405 0.5 1.3215571468660432 5146.190474948414 0.5151515151515151 t_swap_k 100 1267.8343713283539 90.16353874937076 75.13622505655887 89.62821111178363 79.52160023044863 59.779135399781 50.69597661104905 76.14351031223123
0.9047843251479548 3343.1376652761405 0.5 1.368599772848293 5361.407430357585 0.5277777777777778 f_swap_t 100 1270.8732950687408 90.16353874937076 75.13622505655887 89.62821111178363 79.89638422814414 59.779135399781 50.69597661104905 76.14351031223123
0.9047843251479548 3343.1376652761405 0.5 1.3397667928298196 5237.792966212485 0.5277777777777778 t_swap_k 100 1273.0566511154175 90.16353874937076 75.13622505655887 89.95192900066579 79.89638422814414 59.779135399781 50.69597661104905 76.14351031223123
0.9047843251479548 3343.1376652761405 0.5 1.344020658579569 5242.497376333757 0.5151515151515151 t_move_k 100 1274.2580761909485 90.41190336187705 75.13622505655887 89.95192900066579 79.89638422814414 59.779135399781 50.69597661104905 76.14351031223123
0.9047843251479548 3343.1376652761405 0.5 1.317236194538204 5127.665431534235 0.5151515151515151 t_move_k 100 1275.2723002433777 90.61778432825828 75.13622505655887 89.95192900066579 79.89638422814414 59.779135399781 50.69597661104905 76.14351031223123
0.9047843251479548 3343.1376652761405 0.5 1.2992197875016518 5082.9036591612075 0.5454545454545454 t_move_k 100 1276.0860123634338 90.8416064849757 75.13622505655887 89.95192900066579 79.89638422814414 59.779135399781 50.69597661104905 76.14351031223123
0.9047843251479548 3343.1376652761405 0.5 1.3081876694728938 5121.351295294598 0.5454545454545454 t_move_k 100 1277.6670610904694 91.07319042012594 75.13622505655887 89.95192900066579 79.89638422814414 59.779135399781 50.69597661104905 76.14351031223123
0.9047843251479548 3343.1376652761405 0.5 1.3037376436617865 5102.272880378087 0.5454545454545454 swap_t 100 1278.7571659088135 91.07319042012594 75.13622505655887 89.95192900066579 79.89638422814414 60.181344045783185 50.69597661104905 76.14351031223123
0.9047843251479548 3343.1376652761405 0.5 1.3022376265630031 5095.841917995573 0.5454545454545454 f_swap_t 100 1280.5283851623535 91.07319042012594 75.13622505655887 89.95192900066579 80.15742038586271 60.181344045783185 50.69597661104905 76.14351031223123
0.9047843251479548 3343.1376652761405 0.5 1.2530089088919862 4949.744111722572 0.6060606060606061 t_multiswap_k 100 1282.2710723876953 91.07319042012594 75.13622505655887 89.95192900066579 80.15742038586271 60.181344045783185 50.69597661104905 76.47207520910892
0.9047843251479548 3343.1376652761405 0.5 1.2967247295284885 5072.206698452812 0.5454545454545454 t_multiswap_k 100 1283.9146621227264 91.07319042012594 75.13622505655887 89.95192900066579 80.15742038586271 60.181344045783185 50.69597661104905 76.87735445701783
0.9047843251479548 3343.1376652761405 0.5 1.2868179635193755 5029.733822917826 0.5454545454545454 move_t 100 1285.092636346817 91.07319042012594 75.38486280599328 89.95192900066579 80.15742038586271 60.181344045783185 50.69597661104905 76.87735445701783
0.9047843251479548 3343.1376652761405 0.5 1.3238562884964202 5188.526729233302 0.5454545454545454 t_swap_k 100 1287.1808581352234 91.07319042012594 75.38486280599328 90.13240971065913 80.15742038586271 60.181344045783185 50.69597661104905 76.87735445701783
0.9047843251479548 3343.1376652761405 0.5 1.3089050519941972 5124.426900240779 0.5454545454545454 f_swap_t 100 1289.2029464244843 91.07319042012594 75.38486280599328 90.13240971065913 80.35584618200409 60.181344045783185 50.69597661104905 76.87735445701783
0.9047843251479548 3343.1376652761405 0.5 1.3079690871206724 5120.414176053918 0.5454545454545454 t_swap_k 100 1290.8805227279663 91.07319042012594 75.38486280599328 90.23108561355254 80.35584618200409 60.181344045783185 50.69597661104905 76.87735445701783
0.9047843251479548 3343.1376652761405 0.5 1.3338900492858232 5231.544064331772 0.5454545454545454 f_swap_t 100 1292.690157175064 91.07319042012594 75.38486280599328 90.23108561355254 80.56228772018405 60.181344045783185 50.69597661104905 76.87735445701783
0.9047843251479548 3343.1376652761405 0.5 1.3428539897954206 5221.255945763445 0.5 t_multiswap_k 100 1294.1372337341309 91.07319042012594 75.38486280599328 90.23108561355254 80.56228772018405 60.181344045783185 50.69597661104905 77.24858091244765
0.9047843251479548 3343.1376652761405 0.5 1.319908331809061 5152.654592854802 0.5277777777777778 t_swap_k 100 1296.860832452774 91.07319042012594 75.38486280599328 90.46877475741701 80.56228772018405 60.181344045783185 50.69597661104905 77.24858091244765
0.9047843251479548 3343.1376652761405 0.5 1.3014122533179449 5092.303328805617 0.5454545454545454 t_swap_k 100 1298.8646957874298 91.07319042012594 75.38486280599328 90.78408700984284 80.56228772018405 60.181344045783185 50.69597661104905 77.24858091244765
0.9047843251479548 3343.1376652761405 0.5 1.2664057330114447 4953.047708715016 0.5555555555555556 f_swap_t 100 1300.6173639297485 91.07319042012594 75.38486280599328 90.78408700984284 80.87666484298221 60.181344045783185 50.69597661104905 77.24858091244765
0.9047843251479548 3343.1376652761405 0.5 1.2696952983002046 4967.150928367643 0.5555555555555556 f_swap_t 100 1302.1244339942932 91.07319042012594 75.38486280599328 90.78408700984284 81.07789819455239 60.181344045783185 50.69597661104905 77.24858091244765
0.9047843251479548 3343.1376652761405 0.5 1.2514541313786918 4888.9463143132025 0.5555555555555556 f_swap_t 100 1305.1753597259521 91.07319042012594 75.38486280599328 90.78408700984284 81.29711921260686 60.181344045783185 50.69597661104905 77.24858091244765
0.9047843251479548 3343.1376652761405 0.5 1.2425414127552978 4850.735177760512 0.5555555555555556 t_swap_r_k 100 1306.6943452358246 91.07319042012594 75.38486280599328 90.78408700984284 81.29711921260686 60.181344045783185 51.229016844938556 77.24858091244765
0.9047843251479548 3343.1376652761405 0.5 1.2425414127552978 4850.735177760512 0.5555555555555556 swap_t 100 1308.305730342865 91.07319042012594 75.38486280599328 90.78408700984284 81.29711921260686 60.57953060532535 51.229016844938556 77.24858091244765
0.9047843251479548 3343.1376652761405 0.5 1.2425414127552978 4850.735177760512 0.5555555555555556 t_swap_r_k 100 1311.0010607242584 91.07319042012594 75.38486280599328 90.78408700984284 81.29711921260686 60.57953060532535 51.75672667648917 77.24858091244765
0.9047843251479548 3343.1376652761405 0.5 1.2958265017297252 5079.182175479014 0.5555555555555556 t_swap_k 100 1312.780959367752 91.07319042012594 75.38486280599328 91.0862461397444 81.29711921260686 60.57953060532535 51.75672667648917 77.24858091244765
0.9047843251479548 3343.1376652761405 0.5 1.2517930418895322 4801.08140775334 0.4722222222222222 t_multiswap_k 100 1313.7572376728058 91.07319042012594 75.38486280599328 91.0862461397444 81.29711921260686 60.57953060532535 51.75672667648917 77.57609510332317
0.9047843251479548 3343.1376652761405 0.5 1.1967931285144284 4643.774004274121 0.5454545454545454 t_move_k 100 1315.4704821109772 91.22245851592469 75.38486280599328 91.0862461397444 81.29711921260686 60.57953060532535 51.75672667648917 77.57609510332317
0.9047843251479548 3343.1376652761405 0.5 1.17905778474938 4567.737985293738 0.5454545454545454 t_swap_r_k 100 1317.9094061851501 91.22245851592469 75.38486280599328 91.0862461397444 81.29711921260686 60.57953060532535 52.27915940972428 77.57609510332317
0.9047843251479548 3343.1376652761405 0.5 1.171054104405286 4533.424131634146 0.5454545454545454 move_t 100 1318.9066247940063 91.22245851592469 75.63101417793335 91.0862461397444 81.29711921260686 60.57953060532535 52.27915940972428 77.57609510332317
0.9047843251479548 3343.1376652761405 0.5 1.180528960733651 4525.326441704127 0.5 t_swap_k 100 1321.057327747345 91.22245851592469 75.63101417793335 91.27538367834696 81.29711921260686 60.57953060532535 52.27915940972428 77.57609510332317
0.9047843251479548 3343.1376652761405 0.5 1.214267166950381 4669.9708828970215 0.5 f_swap_t 100 1323.4706740379333 91.22245851592469 75.63101417793335 91.27538367834696 81.50414802048078 60.57953060532535 52.27915940972428 77.57609510332317
0.9047843251479548 3343.1376652761405 0.5 1.1736142958094011 4495.681479622288 0.5 move_t 100 1324.8649904727936 91.22245851592469 75.87470403615401 91.27538367834696 81.50414802048078 60.57953060532535 52.27915940972428 77.57609510332317
0.9047843251479548 3343.1376652761405 0.5 1.2505474904331066 4874.232896826392 0.5454545454545454 t_swap_k 100 1327.0104811191559 91.22245851592469 75.87470403615401 91.45262984156349 81.50414802048078 60.57953060532535 52.27915940972428 77.57609510332317
0.9047843251479548 3343.1376652761405 0.5 1.2599826293480283 4895.737562652127 0.5277777777777778 f_swap_t 100 1328.9172461032867 91.22245851592469 75.87470403615401 91.45262984156349 81.73910654027597 60.57953060532535 52.27915940972428 77.57609510332317
0.9047843251479548 3343.1376652761405 0.5 1.2341858313118121 4785.139998201171 0.5277777777777778 f_swap_t 100 1330.083649635315 91.22245851592469 75.87470403615401 91.45262984156349 81.92171547487321 60.57953060532535 52.27915940972428 77.57609510332317
0.9047843251479548 3343.1376652761405 0.5 1.2255143588000608 4747.963146304408 0.5277777777777778 t_swap_k 100 1331.304018497467 91.22245851592469 75.87470403615401 91.53810354314786 81.92171547487321 60.57953060532535 52.27915940972428 77.57609510332317
0.9047843251479548 3343.1376652761405 0.5 1.2873434638986476 4963.630587822212 0.5277777777777778 move_t 100 1332.0888845920563 91.22245851592469 76.12595699579248 91.53810354314786 81.92171547487321 60.57953060532535 52.27915940972428 77.57609510332317
0.9047843251479548 3343.1376652761405 0.5 1.3246268289127543 5151.682967812435 0.4444444444444444 move_t 100 1333.4301013946533 91.22245851592469 76.47469742583455 91.53810354314786 81.92171547487321 60.57953060532535 52.27915940972428 77.57609510332317
0.9047843251479548 3343.1376652761405 0.5 1.2830411961910848 4905.277715897679 0.4444444444444444 swap_t 100 1334.8023538589478 91.22245851592469 76.47469742583455 91.53810354314786 81.92171547487321 60.9737352992721 52.27915940972428 77.57609510332317
0.9047843251479548 3343.1376652761405 0.5 1.3515158339453057 5258.391518375447 0.5 t_swap_k 100 1337.1057736873627 91.22245851592469 76.47469742583455 91.75272250771637 81.92171547487321 60.9737352992721 52.27915940972428 77.57609510332317
0.9047843251479548 3343.1376652761405 0.5 1.2772614767259132 4956.283447481532 0.5151515151515151 t_swap_r_k 100 1340.02822971344 91.22245851592469 76.47469742583455 91.75272250771637 81.92171547487321 60.9737352992721 52.82636781562704 77.57609510332317
0.9047843251479548 3343.1376652761405 0.5 1.2548518399225783 4873.740537541924 0.5277777777777778 t_move_k 100 1341.2902874946594 91.37023393076544 76.47469742583455 91.75272250771637 81.92171547487321 60.9737352992721 52.82636781562704 77.57609510332317
0.9047843251479548 3343.1376652761405 0.5 1.222039314626136 4719.531714829402 0.5151515151515151 t_move_k 100 1342.4590768814087 91.62653159145778 76.47469742583455 91.75272250771637 81.92171547487321 60.9737352992721 52.82636781562704 77.57609510332317
0.9047843251479548 3343.1376652761405 0.5 1.2556044817614862 4847.194673719134 0.5 t_swap_k 100 1344.1020255088806 91.62653159145778 76.47469742583455 91.8851952826392 81.92171547487321 60.9737352992721 52.82636781562704 77.57609510332317
0.9047843251479548 3343.1376652761405 0.5 1.268615208619116 4902.975034528655 0.5 f_swap_t 100 1346.3363065719604 91.62653159145778 76.47469742583455 91.8851952826392 82.14249832012447 60.9737352992721 52.82636781562704 77.57609510332317
0.9047843251479548 3343.1376652761405 0.5 1.2336537396034584 4753.0861484222905 0.5 f_swap_t 100 1349.0869991779327 91.62653159145778 76.47469742583455 91.8851952826392 82.35107333692324 60.9737352992721 52.82636781562704 77.57609510332317
0.9047843251479548 3343.1376652761405 0.5 1.335683811650655 5174.275913351518 0.48484848484848486 swap_t 100 1350.3766055107117 91.62653159145778 76.47469742583455 91.8851952826392 82.35107333692324 61.39399794627938 52.82636781562704 77.57609510332317
0.9047843251479548 3343.1376652761405 0.5 1.3337397542113765 5198.420472607992 0.5151515151515151 t_swap_k 100 1352.6692581176758 91.62653159145778 76.47469742583455 92.15634332981281 82.35107333692324 61.39399794627938 52.82636781562704 77.57609510332317
0.9047843251479548 3343.1376652761405 0.5 1.3077349617242122 5086.931181995445 0.5151515151515151 swap_t 100 1353.6386935710907 91.62653159145778 76.47469742583455 92.15634332981281 82.35107333692324 61.780057966816585 52.82636781562704 77.57609510332317
0.9047843251479548 3343.1376652761405 0.5 1.2903076117944625 4984.248302261209 0.5151515151515151 move_t 100 1355.368335723877 91.62653159145778 76.8399504515762 92.15634332981281 82.35107333692324 61.780057966816585 52.82636781562704 77.57609510332317
0.9047843251479548 3343.1376652761405 0.5 1.2746685814831267 4945.167033020867 0.5151515151515151 swap_t 100 1356.0325779914856 91.62653159145778 76.8399504515762 92.15634332981281 82.35107333692324 62.16225738714842 52.82636781562704 77.57609510332317
0.9047843251479548 3343.1376652761405 0.5 1.3697541430176696 5352.823498967072 0.5151515151515151 t_swap_k 100 1357.900552034378 91.62653159145778 76.8399504515762 92.42477989651468 82.35107333692324 62.16225738714842 52.82636781562704 77.57609510332317
0.9047843251479548 3343.1376652761405 0.5 1.292504614332037 5021.634732220874 0.5151515151515151 swap_t 100 1359.536542415619 91.62653159145778 76.8399504515762 92.42477989651468 82.35107333692324 62.54063481327694 52.82636781562704 77.57609510332317
0.9047843251479548 3343.1376652761405 0.5 1.303910881752916 5084.069374985841 0.5277777777777778 t_swap_k 100 1361.5459425449371 91.62653159145778 76.8399504515762 92.63053209754953 82.35107333692324 62.54063481327694 52.82636781562704 77.57609510332317
0.9047843251479548 3343.1376652761405 0.5 1.2866006626334319 5009.855975631412 0.5277777777777778 t_swap_k 100 1363.6838743686676 91.62653159145778 76.8399504515762 92.70422677657403 82.35107333692324 62.54063481327694 52.82636781562704 77.57609510332317
0.9047843251479548 3343.1376652761405 0.5 1.2855242657350217 5005.241182928084 0.5277777777777778 swap_t 100 1365.3508274555206 91.62653159145778 76.8399504515762 92.70422677657403 82.35107333692324 62.91522846514417 52.82636781562704 77.57609510332317
0.9047843251479548 3343.1376652761405 0.5 1.4492633937036803 5707.233295795484 0.5277777777777778 f_swap_t 100 1366.6690609455109 91.62653159145778 76.8399504515762 92.70422677657403 82.637562603554 62.91522846514417 52.82636781562704 77.57609510332317
0.9047843251479548 3343.1376652761405 0.5 1.370976055040516 5358.062152753112 0.5151515151515151 f_swap_t 100 1367.9859170913696 91.62653159145778 76.8399504515762 92.70422677657403 82.84118697751846 62.91522846514417 52.82636781562704 77.57609510332317
0.9047843251479548 3343.1376652761405 0.5 1.338296467844196 5250.435523644796 0.5454545454545454 t_swap_k 100 1369.1259553432465 91.62653159145778 76.8399504515762 92.94718450880829 82.84118697751846 62.91522846514417 52.82636781562704 77.57609510332317
0.9047843251479548 3343.1376652761405 0.5 1.3389370828462974 5204.4631496906195 0.5 t_swap_r_k 100 1371.3871746063232 91.62653159145778 76.8399504515762 92.94718450880829 82.84118697751846 62.91522846514417 53.368104137470766 77.57609510332317
0.9047843251479548 3343.1376652761405 0.5 1.353166904874025 5346.668182096629 0.5757575757575758 t_multiswap_k 100 1373.3435173034668 91.62653159145778 76.8399504515762 92.94718450880829 82.84118697751846 62.91522846514417 53.368104137470766 78.26033415228994
0.9047843251479548 3343.1376652761405 0.5 1.4172649814582114 5599.820437240873 0.5555555555555556 f_swap_t 100 1375.7972452640533 91.62653159145778 76.8399504515762 92.94718450880829 83.08277510774327 62.91522846514417 53.368104137470766 78.26033415228994
0.9047843251479548 3343.1376652761405 0.5 1.4672465367083407 5784.331694391173 0.5277777777777778 t_swap_k 100 1378.1128919124603 91.62653159145778 76.8399504515762 93.2677126637202 83.08277510774327 62.91522846514417 53.368104137470766 78.26033415228994
0.9047843251479548 3343.1376652761405 0.5 1.4778388664748245 5746.008332331141 0.5151515151515151 move_t 100 1379.8421666622162 91.62653159145778 77.22155094706044 93.2677126637202 83.08277510774327 62.91522846514417 53.368104137470766 78.26033415228994
0.9047843251479548 3343.1376652761405 0.5 1.4284960471070898 5599.498836694598 0.5277777777777778 move_t 100 1381.6503648757935 91.62653159145778 77.52933543758984 93.2677126637202 83.08277510774327 62.91522846514417 53.368104137470766 78.26033415228994
0.9047843251479548 3343.1376652761405 0.5 1.3871280946349807 5411.070517193095 0.5 t_swap_r_k 100 1383.599365234375 91.62653159145778 77.52933543758984 93.2677126637202 83.08277510774327 62.91522846514417 53.87442309609606 78.26033415228994
0.9047843251479548 3343.1376652761405 0.5 1.3825141706492712 5391.289428289546 0.5 t_swap_k 100 1385.5760428905487 91.62653159145778 77.52933543758984 93.445035537083 83.08277510774327 62.91522846514417 53.87442309609606 78.26033415228994
0.9047843251479548 3343.1376652761405 0.5 1.3501474848725823 5252.525050973195 0.5 move_t 100 1386.7304627895355 91.62653159145778 77.75404208321393 93.445035537083 83.08277510774327 62.91522846514417 53.87442309609606 78.26033415228994
0.9047843251479548 3343.1376652761405 0.5 1.3928425270647038 5451.809390127882 0.5151515151515151 t_move_k 100 1387.699887752533 91.9002662755432 77.75404208321393 93.445035537083 83.08277510774327 62.91522846514417 53.87442309609606 78.26033415228994
0.9047843251479548 3343.1376652761405 0.5 1.3631876974149955 5324.671443439255 0.5151515151515151 t_swap_r_k 100 1389.7235171794891 91.9002662755432 77.75404208321393 93.445035537083 83.08277510774327 62.91522846514417 54.3756788651351 78.26033415228994
0.9047843251479548 3343.1376652761405 0.5 1.3833802637041064 5443.721450499365 0.5454545454545454 t_multiswap_k 100 1391.5230798721313 91.9002662755432 77.75404208321393 93.445035537083 83.08277510774327 62.91522846514417 54.3756788651351 78.63773081076704
0.9047843251479548 3343.1376652761405 0.5 1.3354256704437595 5238.127670550989 0.5454545454545454 t_swap_k 100 1393.931606054306 91.9002662755432 77.75404208321393 93.51058518171217 83.08277510774327 62.91522846514417 54.3756788651351 78.63773081076704
0.9047843251479548 3343.1376652761405 0.5 1.3613576608206954 5349.304839633303 0.5454545454545454 f_swap_t 100 1395.4145703315735 91.9002662755432 77.75404208321393 93.51058518171217 83.38194735666585 62.91522846514417 54.3756788651351 78.63773081076704
0.9047843251479548 3343.1376652761405 0.5 1.3137552364475056 5145.220899051048 0.5454545454545454 t_swap_k 100 1397.8509511947632 91.9002662755432 77.75404208321393 93.63547932989505 83.38194735666585 62.91522846514417 54.3756788651351 78.63773081076704
0.9047843251479548 3343.1376652761405 0.5 1.3050257296408363 5107.79523907882 0.5454545454545454 swap_t 100 1399.4541766643524 91.9002662755432 77.75404208321393 93.63547932989505 83.38194735666585 63.296076180492726 54.3756788651351 78.63773081076704
0.9047843251479548 3343.1376652761405 0.5 1.290662690359937 5046.217164142901 0.5454545454545454 move_t 100 1400.4730920791626 91.9002662755432 78.0065016623818 93.63547932989505 83.38194735666585 63.296076180492726 54.3756788651351 78.63773081076704
0.9047843251479548 3343.1376652761405 0.5 1.2799701565872308 5000.375498390016 0.5454545454545454 t_move_k 100 1401.7868144512177 92.11126361278777 78.0065016623818 93.63547932989505 83.38194735666585 63.296076180492726 54.3756788651351 78.63773081076704
0.9047843251479548 3343.1376652761405 0.5 1.2671442401442534 4945.387467764925 0.5454545454545454 f_swap_t 100 1403.8177797794342 92.11126361278777 78.0065016623818 93.63547932989505 83.54812788309918 63.296076180492726 54.3756788651351 78.63773081076704
0.9047843251479548 3343.1376652761405 0.5 1.340902561051426 5261.60852120237 0.5454545454545454 t_move_k 100 1405.949053287506 92.29015097665989 78.0065016623818 93.63547932989505 83.54812788309918 63.296076180492726 54.3756788651351 78.63773081076704
0.9047843251479548 3343.1376652761405 0.5 1.2988166251301876 5081.17519750098 0.5454545454545454 t_move_k 100 1407.866280555725 92.36724946689328 78.0065016623818 93.63547932989505 83.54812788309918 63.296076180492726 54.3756788651351 78.63773081076704
0.9047843251479548 3343.1376652761405 0.5 1.3977718493166507 5516.248323548677 0.5555555555555556 t_move_k 100 1409.7596933841705 92.57357697222434 78.0065016623818 93.63547932989505 83.54812788309918 63.296076180492726 54.3756788651351 78.63773081076704
0.9047843251479548 3343.1376652761405 0.5 1.36486058851512 5375.149211846929 0.5555555555555556 t_swap_r_k 100 1412.8769714832306 92.57357697222434 78.0065016623818 93.63547932989505 83.54812788309918 63.296076180492726 54.87192207648375 78.63773081076704
0.9047843251479548 3343.1376652761405 0.5 1.4351197238759363 5665.5419366301685 0.5454545454545454 f_swap_t 100 1415.6545808315277 92.57357697222434 78.0065016623818 93.63547932989505 83.80264660426819 63.296076180492726 54.87192207648375 78.63773081076704
0.9047843251479548 3343.1376652761405 0.5 1.3724836065211297 5461.256467364416 0.5454545454545454 swap_t 100 1417.098842382431 92.57357697222434 78.0065016623818 93.63547932989505 83.80264660426819 63.693115418687796 54.87192207648375 78.63773081076704
0.9047843251479548 3343.1376652761405 0.5 1.3524614149694938 5311.1643261277695 0.5454545454545454 move_t 100 1418.7157204151154 92.57357697222434 78.22643664575797 93.63547932989505 83.80264660426819 63.693115418687796 54.87192207648375 78.63773081076704
0.9047843251479548 3343.1376652761405 0.5 1.3518149746223096 5308.392868683283 0.5454545454545454 move_t 100 1420.1678819656372 92.57357697222434 78.44417227930039 93.63547932989505 83.80264660426819 63.693115418687796 54.87192207648375 78.63773081076704
0.9047843251479548 3343.1376652761405 0.5 1.358878887756477 5338.6776965535955 0.5454545454545454 t_move_k 100 1422.0745122432709 92.6878412025021 78.44417227930039 93.63547932989505 83.80264660426819 63.693115418687796 54.87192207648375 78.63773081076704
0.9047843251479548 3343.1376652761405 0.5 1.3203454490654614 5173.474849938153 0.5454545454545454 t_swap_k 100 1424.045197725296 92.6878412025021 78.44417227930039 93.7591245365961 83.80264660426819 63.693115418687796 54.87192207648375 78.63773081076704
0.9047843251479548 3343.1376652761405 0.5 1.3883333575066217 5446.010426358635 0.5277777777777778 move_t 100 1425.199509859085 92.6878412025021 78.70973055650738 93.7591245365961 83.80264660426819 63.693115418687796 54.87192207648375 78.63773081076704
0.9047843251479548 3343.1376652761405 0.5 1.3347802953750227 5216.414558207462 0.5277777777777778 move_t 100 1426.1950500011444 92.6878412025021 78.92263325094231 93.7591245365961 83.80264660426819 63.693115418687796 54.87192207648375 78.63773081076704
0.9047843251479548 3343.1376652761405 0.5 1.3260654044001459 5179.051560097237 0.5277777777777778 t_multiswap_k 100 1427.5197970867157 92.6878412025021 78.92263325094231 93.7591245365961 83.80264660426819 63.693115418687796 54.87192207648375 78.88135350265937
0.9047843251479548 3343.1376652761405 0.5 1.3201294288943075 5153.602493408241 0.5277777777777778 t_swap_r_k 100 1429.0961620807648 92.6878412025021 78.92263325094231 93.7591245365961 83.80264660426819 63.693115418687796 55.36320285571891 78.88135350265937
0.9047843251479548 3343.1376652761405 0.5 1.3179349817258303 5144.1943291930875 0.5277777777777778 swap_t 100 1429.7057461738586 92.6878412025021 78.92263325094231 93.7591245365961 83.80264660426819 64.05618426450091 55.36320285571891 78.88135350265937
0.9047843251479548 3343.1376652761405 0.5 1.3102678178274378 5111.323208823108 0.5277777777777778 t_swap_k 100 1431.4661910533905 92.6878412025021 78.92263325094231 93.88153329123014 83.80264660426819 64.05618426450091 55.36320285571891 78.88135350265937
0.9047843251479548 3343.1376652761405 0.5 1.2944267517132697 5043.408449476852 0.5277777777777778 move_t 100 1432.3950459957123 92.6878412025021 79.16340691843288 93.88153329123014 83.80264660426819 64.05618426450091 55.36320285571891 78.88135350265937
0.9047843251479548 3343.1376652761405 0.5 1.2913872642432525 5030.377378299291 0.5277777777777778 t_move_k 100 1433.491914987564 92.76096279047708 79.16340691843288 93.88153329123014 83.80264660426819 64.05618426450091 55.36320285571891 78.88135350265937
0.9047843251479548 3343.1376652761405 0.5 1.2134323674487801 4696.164515509486 0.5277777777777778 t_multiswap_k 100 1435.0033149719238 92.76096279047708 79.16340691843288 93.88153329123014 83.80264660426819 64.05618426450091 55.36320285571891 79.18253996763278
0.9047843251479548 3343.1376652761405 0.5 1.276074033346565 4983.671807466303 0.5454545454545454 t_swap_k 100 1437.3468608856201 92.76096279047708 79.16340691843288 94.13271795831784 83.80264660426819 64.05618426450091 55.36320285571891 79.18253996763278
0.9047843251479548 3343.1376652761405 0.5 1.261075127321677 4984.326082376479 0.6060606060606061 t_move_k 100 1439.140445947647 92.9133531625723 79.16340691843288 94.13271795831784 83.80264660426819 64.05618426450091 55.36320285571891 79.18253996763278
0.9047843251479548 3343.1376652761405 0.5 1.2319725232805159 4859.555670110032 0.6060606060606061 move_t 100 1440.6394650936127 92.9133531625723 79.43177284924856 94.13271795831784 83.80264660426819 64.05618426450091 55.36320285571891 79.18253996763278
0.9047843251479548 3343.1376652761405 0.5 1.2346328474905963 4870.961170043463 0.6060606060606061 t_move_k 100 1442.1873812675476 93.05421963094658 79.43177284924856 94.13271795831784 83.80264660426819 64.05618426450091 55.36320285571891 79.18253996763278
0.9047843251479548 3343.1376652761405 0.5 1.2216253815301241 4815.194789545881 0.6060606060606061 t_multiswap_k 100 1443.2332289218903 93.05421963094658 79.43177284924856 94.13271795831784 83.80264660426819 64.05618426450091 55.36320285571891 79.39071456795645
0.9047843251479548 3343.1376652761405 0.5 1.2194371387312186 4805.813225072393 0.6060606060606061 f_swap_t 100 1444.2660365104675 93.05421963094658 79.43177284924856 94.13271795831784 83.99462013822551 64.05618426450091 55.36320285571891 79.39071456795645
0.9047843251479548 3343.1376652761405 0.5 1.234861225675524 4871.940286559834 0.6060606060606061 t_swap_k 100 1446.570318222046 93.05421963094658 79.43177284924856 94.46139077873467 83.99462013822551 64.05618426450091 55.36320285571891 79.39071456795645
0.9047843251479548 3343.1376652761405 0.5 1.2261846379987225 4802.262266868181 0.5757575757575758 t_move_k 100 1448.4944989681244 93.16367743463711 79.43177284924856 94.46139077873467 83.99462013822551 64.05618426450091 55.36320285571891 79.39071456795645
0.9047843251479548 3343.1376652761405 0.5 1.3192865346430358 5149.9887871199835 0.5277777777777778 t_swap_k 100 1451.094649553299 93.16367743463711 79.43177284924856 94.70677687094732 83.99462013822551 64.05618426450091 55.36320285571891 79.39071456795645
0.9047843251479548 3343.1376652761405 0.5 1.260841412432685 4899.41938849041 0.5277777777777778 t_move_k 100 1452.6950204372406 93.29204066029074 79.43177284924856 94.70677687094732 83.99462013822551 64.05618426450091 55.36320285571891 79.39071456795645
0.9047843251479548 3343.1376652761405 0.5 1.2404894361199206 4812.16518706606 0.5277777777777778 t_swap_r_k 100 1455.877956867218 93.29204066029074 79.43177284924856 94.70677687094732 83.99462013822551 64.05618426450091 55.90957082716172 79.39071456795645
0.9047843251479548 3343.1376652761405 0.5 1.2398417045394885 4809.388193769714 0.5277777777777778 f_swap_t 100 1457.5332639217377 93.29204066029074 79.43177284924856 94.70677687094732 84.15467393684325 64.05618426450091 55.90957082716172 79.39071456795645
0.9047843251479548 3343.1376652761405 0.5 1.2397930829653532 4809.179740469751 0.5277777777777778 move_t 100 1458.6974458694458 93.29204066029074 79.63745512075607 94.70677687094732 84.15467393684325 64.05618426450091 55.90957082716172 79.39071456795645
0.9047843251479548 3343.1376652761405 0.5 1.2414194832217293 4786.379905621365 0.5 t_move_k 100 1460.447342157364 93.53912025368783 79.63745512075607 94.70677687094732 84.15467393684325 64.05618426450091 55.90957082716172 79.39071456795645
0.9047843251479548 3343.1376652761405 0.5 1.2740035995381536 4955.849098668739 0.5277777777777778 t_move_k 100 1461.8500437736511 93.65372905115095 79.63745512075607 94.70677687094732 84.15467393684325 64.05618426450091 55.90957082716172 79.39071456795645
0.9047843251479548 3343.1376652761405 0.5 1.2249474812685393 4745.532795287967 0.5277777777777778 f_swap_t 100 1462.787213087082 93.65372905115095 79.63745512075607 94.70677687094732 84.34312719747481 64.05618426450091 55.90957082716172 79.39071456795645
0.9047843251479548 3343.1376652761405 0.5 1.1872333571313896 4635.268022461404 0.5757575757575758 t_multiswap_k 100 1463.6310608386993 93.65372905115095 79.63745512075607 94.70677687094732 84.34312719747481 64.05618426450091 55.90957082716172 79.65680742227688
0.9047843251479548 3343.1376652761405 0.5 1.1884839674792005 4510.712762388323 0.45454545454545453 t_swap_r_k 100 1466.4463713169098 93.65372905115095 79.63745512075607 94.70677687094732 84.34312719747481 64.05618426450091 56.4204751188901 79.65680742227688
0.9047843251479548 3343.1376652761405 0.5 1.1751662977011845 4453.616457663107 0.45454545454545453 t_multiswap_k 100 1467.3241131305695 93.65372905115095 79.63745512075607 94.70677687094732 84.34312719747481 64.05618426450091 56.4204751188901 79.86023934805412
0.9047843251479548 3343.1376652761405 0.5 1.1751662977011845 4453.616457663107 0.45454545454545453 t_move_k 100 1468.609723329544 93.71719176063944 79.63745512075607 94.70677687094732 84.34312719747481 64.05618426450091 56.4204751188901 79.86023934805412
0.9047843251479548 3343.1376652761405 0.5 1.2134766220335769 4607.036342565721 0.4444444444444444 t_multiswap_k 100 1469.2603957653046 93.71719176063944 79.63745512075607 94.70677687094732 84.34312719747481 64.05618426450091 56.4204751188901 80.07163695457358
0.9047843251479548 3343.1376652761405 0.5 1.199583165730438 4517.69885704841 0.4166666666666667 t_multiswap_k 100 1469.9024317264557 93.71719176063944 79.63745512075607 94.70677687094732 84.34312719747481 64.05618426450091 56.4204751188901 80.30092058502784
0.9047843251479548 3343.1376652761405 0.5 1.1848282312645395 4454.440625803165 0.4166666666666667 t_swap_k 100 1472.4751181602478 93.71719176063944 79.63745512075607 94.75970910223785 84.34312719747481 64.05618426450091 56.4204751188901 80.30092058502784
0.9047843251479548 3343.1376652761405 0.5 1.248915093775619 4688.913812370134 0.4166666666666667 swap_t 100 1473.653671503067 93.71719176063944 79.63745512075607 94.75970910223785 84.34312719747481 64.4256224218559 56.4204751188901 80.30092058502784
0.9047843251479548 3343.1376652761405 0.5 1.212249476269212 4542.2299811537705 0.3888888888888889 f_swap_t 100 1475.5711588859558 93.71719176063944 79.63745512075607 94.75970910223785 84.49969592550006 64.4256224218559 56.4204751188901 80.30092058502784
0.9047843251479548 3343.1376652761405 0.5 1.1921377663904682 4545.323768080979 0.4722222222222222 t_multiswap_k 100 1476.5030543804169 93.71719176063944 79.63745512075607 94.75970910223785 84.49969592550006 64.4256224218559 56.4204751188901 80.52791137917757
0.9047843251479548 3343.1376652761405 0.5 1.1651094410688467 4488.991595937822 0.5277777777777778 t_multiswap_k 100 1477.315792798996 93.71719176063944 79.63745512075607 94.75970910223785 84.49969592550006 64.4256224218559 56.4204751188901 80.81263226538579
0.9047843251479548 3343.1376652761405 0.5 1.1352671594598052 4379.996216101604 0.5454545454545454 t_move_k 100 1479.109833240509 93.81001984303305 79.63745512075607 94.75970910223785 84.49969592550006 64.4256224218559 56.4204751188901 80.81263226538579
0.9047843251479548 3343.1376652761405 0.5 1.1294865220531527 4355.213124135992 0.5454545454545454 swap_t 100 1480.2178254127502 93.81001984303305 79.63745512075607 94.75970910223785 84.49969592550006 64.78136619763734 56.4204751188901 80.81263226538579
0.9047843251479548 3343.1376652761405 0.5 1.1364053620321668 4384.875985760547 0.5454545454545454 t_move_k 100 1481.3837966918945 93.88191964460272 79.63745512075607 94.75970910223785 84.49969592550006 64.78136619763734 56.4204751188901 80.81263226538579
0.9047843251479548 3343.1376652761405 0.5 1.1534851538863036 4360.66377039276 0.45454545454545453 t_swap_r_k 100 1483.6451349258423 93.88191964460272 79.63745512075607 94.75970910223785 84.49969592550006 64.78136619763734 56.8962703677012 80.81263226538579
0.9047843251479548 3343.1376652761405 0.5 1.1956784118668877 4373.635889560043 0.48484848484848486 swap_t 100 1484.4646191596985 93.88191964460272 79.63745512075607 94.75970910223785 84.49969592550006 65.14355253566097 56.8962703677012 80.81263226538579
0.9047843251479548 3343.1376652761405 0.5 1.1597215984701745 4419.880263711603 0.48484848484848486 t_swap_r_k 100 1486.0954144001007 93.88191964460272 79.63745512075607 94.75970910223785 84.49969592550006 65.14355253566097 57.36730766402419 80.81263226538579
0.9047843251479548 3343.1376652761405 0.5 1.1525989475425913 4389.343611685289 0.48484848484848486 t_swap_r_k 100 1488.4800667762756 93.88191964460272 79.63745512075607 94.75970910223785 84.49969592550006 65.14355253566097 57.83363458738395 80.81263226538579
0.9047843251479548 3343.1376652761405 0.5 1.1525989475425913 4389.343611685289 0.48484848484848486 move_t 100 1490.4507830142975 93.88191964460272 79.84108056954851 94.75970910223785 84.49969592550006 65.14355253566097 57.83363458738395 80.81263226538579
0.9047843251479548 3343.1376652761405 0.5 1.1385461530583436 4361.574874420599 0.5151515151515151 t_move_k 100 1492.2600047588348 94.06310044815669 79.84108056954851 94.75970910223785 84.49969592550006 65.14355253566097 57.83363458738395 80.81263226538579
0.9047843251479548 3343.1376652761405 0.5 1.1258481873208575 4307.13540165828 0.5151515151515151 t_move_k 100 1493.9735145568848 94.12246944367513 79.84108056954851 94.75970910223785 84.49969592550006 65.14355253566097 57.83363458738395 80.81263226538579
0.9047843251479548 3343.1376652761405 0.5 1.1695038195154286 4494.2984204371205 0.5151515151515151 t_move_k 100 1495.6091442108154 94.23124474923837 79.84108056954851 94.75970910223785 84.49969592550006 65.14355253566097 57.83363458738395 80.81263226538579
0.9047843251479548 3343.1376652761405 0.5 1.1653477553293374 4476.480295255918 0.5151515151515151 swap_t 100 1496.7738687992096 94.23124474923837 79.84108056954851 94.75970910223785 84.49969592550006 65.49211701030437 57.83363458738395 80.81263226538579
0.9047843251479548 3343.1376652761405 0.5 1.2232931900391497 4757.386641715404 0.5454545454545454 f_swap_t 100 1498.7402617931366 94.23124474923837 79.84108056954851 94.75970910223785 84.69469896624506 65.49211701030437 57.83363458738395 80.81263226538579
0.9047843251479548 3343.1376652761405 0.5 1.2039749605790164 4674.564381185398 0.5454545454545454 t_multiswap_k 100 1499.6832785606384 94.23124474923837 79.84108056954851 94.75970910223785 84.69469896624506 65.49211701030437 57.83363458738395 81.03450594273193
0.9047843251479548 3343.1376652761405 0.5 1.1942394000889696 4643.65192070375 0.5555555555555556 t_multiswap_k 100 1500.7310571670532 94.23124474923837 79.84108056954851 94.75970910223785 84.69469896624506 65.49211701030437 57.83363458738395 81.2541608833046
0.9047843251479548 3343.1376652761405 0.5 1.1831137246853427 4595.953264429217 0.5555555555555556 swap_t 100 1502.2704589366913 94.23124474923837 79.84108056954851 94.75970910223785 84.69469896624506 65.83719584020133 57.83363458738395 81.2541608833046
0.9047843251479548 3343.1376652761405 0.5 1.1791499596185007 4578.959575451497 0.5555555555555556 f_swap_t 100 1504.1638042926788 94.23124474923837 79.84108056954851 94.75970910223785 84.8477519765826 65.83719584020133 57.83363458738395 81.2541608833046
0.9047843251479548 3343.1376652761405 0.5 1.1791499596185007 4578.959575451497 0.5555555555555556 swap_t 100 1505.1804990768433 94.23124474923837 79.84108056954851 94.75970910223785 84.8477519765826 66.17882388179932 57.83363458738395 81.2541608833046
0.9047843251479548 3343.1376652761405 0.5 1.1791499596185007 4578.959575451497 0.5555555555555556 move_t 100 1506.2522027492523 94.23124474923837 80.04266976385303 94.75970910223785 84.8477519765826 66.17882388179932 57.83363458738395 81.2541608833046
0.9047843251479548 3343.1376652761405 0.5 1.1832558481887627 4596.562584752903 0.5555555555555556 move_t 100 1506.9460499286652 94.23124474923837 80.25224306621449 94.75970910223785 84.8477519765826 66.17882388179932 57.83363458738395 81.2541608833046
0.9047843251479548 3343.1376652761405 0.5 1.1665658503642873 4606.228291933118 0.5277777777777778 move_t 100 1507.8078401088715 94.23124474923837 80.49972063555235 94.75970910223785 84.8477519765826 66.17882388179932 57.83363458738395 81.2541608833046
0.9047843251479548 3343.1376652761405 0.5 1.1500130676844116 4454.042162094346 0.5555555555555556 t_swap_k 100 1509.0075860023499 94.23124474923837 80.49972063555235 94.81211201121548 84.8477519765826 66.17882388179932 57.83363458738395 81.2541608833046
0.9047843251479548 3343.1376652761405 0.5 1.2012895454233758 4673.877722445343 0.5555555555555556 t_move_k 100 1510.574271440506 94.438932301746 80.49972063555235 94.81211201121548 84.8477519765826 66.17882388179932 57.83363458738395 81.2541608833046
0.9047843251479548 3343.1376652761405 0.5 1.1628056470197947 4508.887267892079 0.5555555555555556 swap_t 100 1511.953115940094 94.438932301746 80.49972063555235 94.81211201121548 84.8477519765826 66.51703564298133 57.83363458738395 81.2541608833046
0.9047843251479548 3343.1376652761405 0.5 1.1477731348390705 4433.612576399057 0.5454545454545454 t_move_k 100 1513.915492773056 94.52454297872853 80.49972063555235 94.81211201121548 84.8477519765826 66.51703564298133 57.83363458738395 81.2541608833046
0.9047843251479548 3343.1376652761405 0.5 1.150934647769891 4414.68756462297 0.5151515151515151 t_swap_r_k 100 1516.9243626594543 94.52454297872853 80.49972063555235 94.81211201121548 84.8477519765826 66.51703564298133 58.29529824151011 81.2541608833046
0.9047843251479548 3343.1376652761405 0.5 1.1887194629421116 4628.0483913051885 0.5151515151515151 swap_t 100 1518.0414431095123 94.52454297872853 80.49972063555235 94.81211201121548 84.8477519765826 66.8918652865515 58.29529824151011 81.2541608833046
0.9047843251479548 3343.1376652761405 0.5 1.1681785194166294 4521.095752907815 0.5454545454545454 swap_t 100 1519.4497594833374 94.52454297872853 80.49972063555235 94.81211201121548 84.8477519765826 67.22294663368599 58.29529824151011 81.2541608833046
0.9047843251479548 3343.1376652761405 0.5 1.1662519060968641 4512.835861873831 0.5454545454545454 swap_t 100 1520.465650320053 94.52454297872853 80.49972063555235 94.81211201121548 84.8477519765826 67.55071716734913 58.29529824151011 81.2541608833046
0.9047843251479548 3343.1376652761405 0.5 1.1662519060968641 4512.835861873831 0.5454545454545454 t_swap_r_k 100 1522.857812166214 94.52454297872853 80.49972063555235 94.81211201121548 84.8477519765826 67.55071716734913 58.75234525909501 81.2541608833046
0.9047843251479548 3343.1376652761405 0.5 1.1934820682590264 4610.632408099993 0.5277777777777778 t_swap_k 100 1524.4814889431 94.52454297872853 80.49972063555235 94.94399089110333 84.8477519765826 67.55071716734913 58.75234525909501 81.2541608833046
0.9047843251479548 3343.1376652761405 0.5 1.2400113765071648 4810.115621505291 0.5277777777777778 t_move_k 100 1525.9754865169525 94.88929754894124 80.49972063555235 94.94399089110333 84.8477519765826 67.55071716734913 58.75234525909501 81.2541608833046
0.9047843251479548 3343.1376652761405 0.5 1.181569252681878 4559.559077730218 0.5277777777777778 f_swap_t 100 1526.9595708847046 94.88929754894124 80.49972063555235 94.94399089110333 84.99927445681678 67.55071716734913 58.75234525909501 81.2541608833046
0.9047843251479548 3343.1376652761405 0.5 1.1711098830071367 4514.717046944283 0.5277777777777778 swap_t 100 1527.5646455287933 94.88929754894124 80.49972063555235 94.94399089110333 84.99927445681678 67.87520999567565 58.75234525909501 81.2541608833046
0.9047843251479548 3343.1376652761405 0.5 1.1703326672538426 4511.3849214127895 0.5277777777777778 swap_t 100 1528.0871386528015 94.88929754894124 80.49972063555235 94.94399089110333 84.99927445681678 68.1964578957189 58.75234525909501 81.2541608833046
0.9047843251479548 3343.1376652761405 0.5 1.1703326672538426 4511.3849214127895 0.5277777777777778 f_swap_t 100 1529.8491225242615 94.88929754894124 80.49972063555235 94.94399089110333 85.14928171224861 68.1964578957189 58.75234525909501 81.2541608833046
0.9047843251479548 3343.1376652761405 0.5 1.2186086187096206 4718.356447300068 0.5277777777777778 t_multiswap_k 100 1531.0153589248657 94.88929754894124 80.49972063555235 94.94399089110333 85.14928171224861 68.1964578957189 58.75234525909501 81.48161927447156
0.9047843251479548 3343.1376652761405 0.5 1.2029778508730096 4637.810275486181 0.5151515151515151 t_swap_r_k 100 1533.0107743740082 94.88929754894124 80.49972063555235 94.94399089110333 85.14928171224861 68.1964578957189 59.23482180650406 81.48161927447156
0.9047843251479548 3343.1376652761405 0.5 1.1849631659268387 4560.57664840577 0.5151515151515151 t_swap_k 100 1534.80246758461 94.88929754894124 80.49972063555235 95.0845509821923 85.14928171224861 68.1964578957189 59.23482180650406 81.48161927447156
0.9047843251479548 3343.1376652761405 0.5 1.188452895394426 4575.538023812364 0.5151515151515151 f_swap_t 100 1536.4718990325928 94.88929754894124 80.49972063555235 95.0845509821923 85.30778889512612 68.1964578957189 59.23482180650406 81.48161927447156
0.9047843251479548 3343.1376652761405 0.5 1.2085434705902343 4675.204546576597 0.5277777777777778 t_swap_k 100 1538.7165884971619 94.88929754894124 80.49972063555235 95.23370547237037 85.30778889512612 68.1964578957189 59.23482180650406 81.48161927447156
0.9047843251479548 3343.1376652761405 0.5 1.1876936222158143 4585.815838484017 0.5277777777777778 t_multiswap_k 100 1539.6168730258942 94.88929754894124 80.49972063555235 95.23370547237037 85.30778889512612 68.1964578957189 59.23482180650406 81.69680308172684
0.9047843251479548 3343.1376652761405 0.5 1.181778300401383 4560.455319527314 0.5277777777777778 t_swap_r_k 100 1541.9867434501648 94.88929754894124 80.49972063555235 95.23370547237037 85.30778889512612 68.1964578957189 59.68247358843902 81.69680308172684
0.9047843251479548 3343.1376652761405 0.5 1.1802666662334025 4553.974551755872 0.5277777777777778 t_swap_k 100 1543.8348941802979 94.88929754894124 80.49972063555235 95.28136841764668 85.30778889512612 68.1964578957189 59.68247358843902 81.69680308172684
0.9047843251479548 3343.1376652761405 0.5 1.1802666662334025 4553.974551755872 0.5277777777777778 t_multiswap_k 100 1544.6721668243408 94.88929754894124 80.49972063555235 95.28136841764668 85.30778889512612 68.1964578957189 59.68247358843902 81.87983505090958
0.9047843251479548 3343.1376652761405 0.5 1.1816323550099168 4568.403216231434 0.5277777777777778 swap_t 100 1545.5619387626648 94.88929754894124 80.49972063555235 95.28136841764668 85.30778889512612 68.55449331676171 59.68247358843902 81.87983505090958
0.9047843251479548 3343.1376652761405 0.5 1.1603523011146253 4487.5427250534285 0.5454545454545454 t_move_k 100 1547.1845180988312 94.97040457345183 80.49972063555235 95.28136841764668 85.30778889512612 68.55449331676171 59.68247358843902 81.87983505090958
0.9047843251479548 3343.1376652761405 0.5 1.1832823451256438 4585.849771409009 0.5454545454545454 f_swap_t 100 1548.9636404514313 94.97040457345183 80.49972063555235 95.28136841764668 85.49471100617487 68.55449331676171 59.68247358843902 81.87983505090958
0.9047843251479548 3343.1376652761405 0.5 1.1670135155429286 4516.101079118211 0.5454545454545454 f_swap_t 100 1550.6555852890015 94.97040457345183 80.49972063555235 95.28136841764668 85.63976389611312 68.55449331676171 59.68247358843902 81.87983505090958
0.9047843251479548 3343.1376652761405 0.5 1.163087785375744 4499.270455620955 0.5454545454545454 t_multiswap_k 100 1551.2324771881104 94.97040457345183 80.49972063555235 95.28136841764668 85.63976389611312 68.55449331676171 59.68247358843902 82.06103670040048
0.9047843251479548 3343.1376652761405 0.5 1.1760284024885848 4522.2710000137085 0.5151515151515151 t_swap_k 100 1553.2069962024689 94.97040457345183 80.49972063555235 95.3985547334702 85.63976389611312 68.55449331676171 59.68247358843902 82.06103670040048
0.9047843251479548 3343.1376652761405 0.5 1.2182830638894133 4829.517609173765 0.48484848484848486 swap_t 100 1553.819078207016 94.97040457345183 80.49972063555235 95.3985547334702 85.63976389611312 68.9089483835941 59.68247358843902 82.06103670040048
0.9047843251479548 3343.1376652761405 0.5 1.1992480904945113 4589.340587548871 0.48484848484848486 t_swap_k 100 1554.9947290420532 94.97040457345183 80.49972063555235 95.5045691861355 85.63976389611312 68.9089483835941 59.68247358843902 82.06103670040048
0.9047843251479548 3343.1376652761405 0.5 1.1920480671360778 4558.4722198423515 0.48484848484848486 move_t 100 1556.5261344909668 94.97040457345183 80.69472342919683 95.5045691861355 85.63976389611312 68.9089483835941 59.68247358843902 82.06103670040048
0.9047843251479548 3343.1376652761405 0.5 1.1920480671360778 4558.4722198423515 0.48484848484848486 t_swap_k 100 1557.6913726329803 94.97040457345183 80.69472342919683 95.54952349427414 85.63976389611312 68.9089483835941 59.68247358843902 82.06103670040048
0.9047843251479548 3343.1376652761405 0.5 1.1920480671360778 4558.4722198423515 0.48484848484848486 swap_t 100 1558.53471159935 94.97040457345183 80.69472342919683 95.54952349427414 85.63976389611312 69.21985889975815 59.68247358843902 82.06103670040048
0.9047843251479548 3343.1376652761405 0.5 1.1920480671360778 4558.4722198423515 0.48484848484848486 t_swap_r_k 100 1561.2427344322205 94.97040457345183 80.69472342919683 95.54952349427414 85.63976389611312 69.21985889975815 60.125648852554626 82.06103670040048
0.9047843251479548 3343.1376652761405 0.5 1.2624602671893466 4860.347585249801 0.48484848484848486 t_swap_k 100 1562.664378643036 94.97040457345183 80.69472342919683 95.6240282593314 85.63976389611312 69.21985889975815 60.125648852554626 82.06103670040048
0.9047843251479548 3343.1376652761405 0.5 1.2285790205236269 4761.102146036725 0.5277777777777778 t_multiswap_k 100 1563.9055397510529 94.97040457345183 80.69472342919683 95.6240282593314 85.63976389611312 69.21985889975815 60.125648852554626 82.27042633339647
0.9047843251479548 3343.1376652761405 0.5 1.2285790205236269 4761.102146036725 0.5277777777777778 t_swap_k 100 1565.4368069171906 94.97040457345183 80.69472342919683 95.66778797673808 85.63976389611312 69.21985889975815 60.125648852554626 82.27042633339647
0.9047843251479548 3343.1376652761405 0.5 1.2411270928272147 4814.898986768005 0.5277777777777778 t_move_k 100 1567.02973818779 95.13070052771731 80.69472342919683 95.66778797673808 85.63976389611312 69.21985889975815 60.125648852554626 82.27042633339647
0.9047843251479548 3343.1376652761405 0.5 1.229465269120721 4764.901723650935 0.5277777777777778 t_swap_k 100 1568.7661411762238 95.13070052771731 80.69472342919683 95.7111100969707 85.63976389611312 69.21985889975815 60.125648852554626 82.27042633339647
0.9047843251479548 3343.1376652761405 0.5 1.2950691512452916 5065.108804922676 0.5454545454545454 t_multiswap_k 100 1569.7480297088623 95.13070052771731 80.69472342919683 95.7111100969707 85.63976389611312 69.21985889975815 60.125648852554626 82.50772207006251
0.9047843251479548 3343.1376652761405 0.5 1.266819688549785 4943.996030896036 0.5454545454545454 f_swap_t 100 1570.9352297782898 95.13070052771731 80.69472342919683 95.7111100969707 85.783366257152 69.21985889975815 60.125648852554626 82.50772207006251
0.9047843251479548 3343.1376652761405 0.5 1.2984184926564022 5060.522078292717 0.5277777777777778 t_move_k 100 1571.9611656665802 95.28939352244014 80.69472342919683 95.7111100969707 85.783366257152 69.21985889975815 60.125648852554626 82.50772207006251
0.9047843251479548 3343.1376652761405 0.5 1.2749148196933182 4959.755735829614 0.5277777777777778 f_swap_t 100 1573.1504073143005 95.28939352244014 80.69472342919683 95.7111100969707 85.92553259458047 69.21985889975815 60.125648852554626 82.50772207006251
0.9047843251479548 3343.1376652761405 0.5 1.268135239926078 4930.689918854767 0.5277777777777778 t_swap_r_k 100 1576.4062383174896 95.28939352244014 80.69472342919683 95.7111100969707 85.92553259458047 69.21985889975815 60.56439236402908 82.50772207006251
0.9047843251479548 3343.1376652761405 0.5 1.345277193051495 5247.884465539501 0.5151515151515151 t_move_k 100 1578.201313495636 95.39649958721573 80.69472342919683 95.7111100969707 85.92553259458047 69.21985889975815 60.56439236402908 82.50772207006251
0.9047843251479548 3343.1376652761405 0.5 1.302222015932383 5063.295753417429 0.5151515151515151 t_multiswap_k 100 1578.6309931278229 95.39649958721573 80.69472342919683 95.7111100969707 85.92553259458047 69.21985889975815 60.56439236402908 82.68264484936189
0.9047843251479548 3343.1376652761405 0.5 1.4109427710607805 5496.930593292334 0.48484848484848486 t_swap_k 100 1580.1382849216461 95.39649958721573 80.69472342919683 95.943998996001 85.92553259458047 69.21985889975815 60.56439236402908 82.68264484936189
0.9047843251479548 3343.1376652761405 0.5 1.3551719269649456 5257.826518603922 0.48484848484848486 t_swap_r_k 100 1581.9916758537292 95.39649958721573 80.69472342919683 95.943998996001 85.92553259458047 69.21985889975815 60.998748440388795 82.68264484936189
0.9047843251479548 3343.1376652761405 0.5 1.371829068685128 5315.706990018424 0.4722222222222222 t_swap_k 100 1583.8067874908447 95.39649958721573 80.69472342919683 96.05455900604099 85.92553259458047 69.21985889975815 60.998748440388795 82.68264484936189
0.9047843251479548 3343.1376652761405 0.5 1.3726096156441412 5300.107175268837 0.45454545454545453 f_swap_t 100 1585.6687726974487 95.39649958721573 80.69472342919683 96.05455900604099 86.10627726863467 69.21985889975815 60.998748440388795 82.68264484936189
0.9047843251479548 3343.1376652761405 0.5 1.3349957044632692 5171.325819355387 0.48484848484848486 t_move_k 100 1587.5324783325195 95.57253459134357 80.69472342919683 96.05455900604099 86.10627726863467 69.21985889975815 60.998748440388795 82.68264484936189
0.9047843251479548 3343.1376652761405 0.5 1.3123377618380467 5074.185342219385 0.48484848484848486 move_t 100 1588.5653121471405 95.57253459134357 80.88777619490486 96.05455900604099 86.10627726863467 69.21985889975815 60.998748440388795 82.68264484936189
0.9047843251479548 3343.1376652761405 0.5 1.3116435852700143 5071.209227214123 0.48484848484848486 swap_t 100 1589.5642957687378 95.57253459134357 80.88777619490486 96.05455900604099 86.10627726863467 69.52766031076057 60.998748440388795 82.68264484936189
0.9047843251479548 3343.1376652761405 0.5 1.3116435852700143 5071.209227214123 0.48484848484848486 swap_t 100 1590.7581386566162 95.57253459134357 80.88777619490486 96.05455900604099 86.10627726863467 69.83238370765297 60.998748440388795 82.68264484936189
0.9047843251479548 3343.1376652761405 0.5 1.3116435852700143 5071.209227214123 0.48484848484848486 move_t 100 1592.2965438365936 95.57253459134357 81.07889843295581 96.05455900604099 86.10627726863467 69.83238370765297 60.998748440388795 82.68264484936189
0.9047843251479548 3343.1376652761405 0.5 1.3106533273238865 5066.9637345422725 0.48484848484848486 move_t 100 1594.179208278656 95.57253459134357 81.29810944862625 96.05455900604099 86.10627726863467 69.83238370765297 60.998748440388795 82.68264484936189
0.9047843251479548 3343.1376652761405 0.5 1.3649538883192434 5299.76432421142 0.48484848484848486 t_swap_k 100 1596.0816111564636 95.57253459134357 81.29810944862625 96.14401341598058 86.10627726863467 69.83238370765297 60.998748440388795 82.68264484936189
0.9047843251479548 3343.1376652761405 0.5 1.3323411028927572 5146.411838130673 0.4722222222222222 t_move_k 100 1597.1675536632538 95.77680924543013 81.29810944862625 96.14401341598058 86.10627726863467 69.83238370765297 60.998748440388795 82.68264484936189
0.9047843251479548 3343.1376652761405 0.5 1.3194393672238833 5091.09875081789 0.4722222222222222 f_swap_t 100 1598.0799353122711 95.77680924543013 81.29810944862625 96.14401341598058 86.24521449594832 69.83238370765297 60.998748440388795 82.68264484936189
0.9047843251479548 3343.1376652761405 0.5 1.3075072346628247 5010.169968918344 0.4444444444444444 t_multiswap_k 100 1598.6185812950134 95.77680924543013 81.29810944862625 96.14401341598058 86.24521449594832 69.83238370765297 60.998748440388795 82.91581840086828
0.9047843251479548 3343.1376652761405 0.5 1.29216592838796 4987.703459973462 0.48484848484848486 t_multiswap_k 100 1599.4220237731934 95.77680924543013 81.29810944862625 96.14401341598058 86.24521449594832 69.83238370765297 60.998748440388795 83.11666021685959
0.9047843251479548 3343.1376652761405 0.5 1.2996871631963496 5006.415928751496 0.4722222222222222 t_move_k 100 1601.1074891090393 95.88904115297584 81.29810944862625 96.14401341598058 86.24521449594832 69.83238370765297 60.998748440388795 83.11666021685959
0.9047843251479548 3343.1376652761405 0.5 1.4823035344970301 5757.908901817915 0.48484848484848486 move_t 100 1602.6665613651276 95.88904115297584 81.67512835413999 96.14401341598058 86.24521449594832 69.83238370765297 60.998748440388795 83.11666021685959
0.9047843251479548 3343.1376652761405 0.5 1.3587477818284854 5289.396754800256 0.5 t_multiswap_k 100 1603.6577236652374 95.88904115297584 81.67512835413999 96.14401341598058 86.24521449594832 69.83238370765297 60.998748440388795 83.52549361469099
0.9047843251479548 3343.1376652761405 0.5 1.3343478271683569 5184.787820221033 0.5 t_swap_r_k 100 1606.1128072738647 95.88904115297584 81.67512835413999 96.14401341598058 86.24521449594832 69.83238370765297 61.428760955984906 83.52549361469099
0.9047843251479548 3343.1376652761405 0.5 1.3309394821226848 5170.175360940985 0.5 f_swap_t 100 1607.4312629699707 95.88904115297584 81.67512835413999 96.14401341598058 86.38276235098884 69.83238370765297 61.428760955984906 83.52549361469099
0.9047843251479548 3343.1376652761405 0.5 1.316993307219243 5140.157126328301 0.5277777777777778 move_t 100 1608.419748544693 95.88904115297584 81.97837707059858 96.14401341598058 86.38276235098884 69.83238370765297 61.428760955984906 83.52549361469099
0.9047843251479548 3343.1376652761405 0.5 1.308504092814514 5103.76166221113 0.5277777777777778 move_t 100 1609.7386844158173 95.88904115297584 82.1585932998926 96.14401341598058 86.38276235098884 69.83238370765297 61.428760955984906 83.52549361469099
0.9047843251479548 3343.1376652761405 0.5 1.3599445427519228 5264.754944690108 0.4722222222222222 t_multiswap_k 100 1610.5101404190063 95.88904115297584 82.1585932998926 96.14401341598058 86.38276235098884 69.83238370765297 61.428760955984906 83.81023867854408
0.9047843251479548 3343.1376652761405 0.5 1.3444670747802274 5138.853755673605 0.4166666666666667 t_swap_r_k 100 1612.8274116516113 95.88904115297584 82.1585932998926 96.14401341598058 86.38276235098884 69.83238370765297 61.85447334642506 83.81023867854408
0.9047843251479548 3343.1376652761405 0.5 1.421657289182898 5197.154581998657 0.4166666666666667 swap_t 100 1613.5088291168213 95.88904115297584 82.1585932998926 96.14401341598058 86.38276235098884 70.14405987057644 61.85447334642506 83.81023867854408
0.9047843251479548 3343.1376652761405 0.5 1.3488595345005128 5217.230639045526 0.4722222222222222 t_multiswap_k 100 1614.921350479126 95.88904115297584 82.1585932998926 96.14401341598058 86.38276235098884 70.14405987057644 61.85447334642506 84.15213629175864
0.9047843251479548 3343.1376652761405 0.5 1.4069381014657585 5436.455885651631 0.4444444444444444 f_swap_t 100 1617.5356702804565 95.88904115297584 82.1585932998926 96.14401341598058 86.64893472747896 70.14405987057644 61.85447334642506 84.15213629175864
0.9047843251479548 3343.1376652761405 0.5 1.3710639642442441 5282.6541542154755 0.4444444444444444 f_swap_t 100 1619.1199398040771 95.88904115297584 82.1585932998926 96.14401341598058 86.78244538020417 70.14405987057644 61.85447334642506 84.15213629175864
0.9047843251479548 3343.1376652761405 0.5 1.3659184429963183 5260.593969961124 0.4444444444444444 move_t 100 1620.0082058906555 95.88904115297584 82.33700736689367 96.14401341598058 86.78244538020417 70.14405987057644 61.85447334642506 84.15213629175864
0.9047843251479548 3343.1376652761405 0.5 1.3936627674351882 5455.325973353156 0.5151515151515151 t_move_k 100 1621.5789153575897 96.10015074144607 82.33700736689367 96.14401341598058 86.78244538020417 70.14405987057644 61.85447334642506 84.15213629175864
0.9047843251479548 3343.1376652761405 0.5 1.3598144466847244 5310.209442592226 0.5151515151515151 swap_t 100 1623.0167496204376 96.10015074144607 82.33700736689367 96.14401341598058 86.78244538020417 70.44261927187068 61.85447334642506 84.15213629175864
0.9047843251479548 3343.1376652761405 0.5 1.3311873096881457 5187.4774808743205 0.5151515151515151 t_multiswap_k 100 1624.7624909877777 96.10015074144607 82.33700736689367 96.14401341598058 86.78244538020417 70.44261927187068 61.85447334642506 84.34061492884105
0.9047843251479548 3343.1376652761405 0.5 1.3344135280625071 5201.309115873763 0.5151515151515151 f_swap_t 100 1626.2211005687714 96.10015074144607 82.33700736689367 96.14401341598058 86.95462092640213 70.44261927187068 61.85447334642506 84.34061492884105
0.9047843251479548 3343.1376652761405 0.5 1.302745905485914 5065.541803821844 0.5151515151515151 swap_t 100 1626.8502056598663 96.10015074144607 82.33700736689367 96.14401341598058 86.95462092640213 70.73819307915197 61.85447334642506 84.34061492884105
0.9047843251479548 3343.1376652761405 0.5 1.2914694358088687 5060.502303724292 0.5555555555555556 t_move_k 100 1628.4700314998627 96.19914923403161 82.33700736689367 96.14401341598058 86.95462092640213 70.73819307915197 61.85447334642506 84.34061492884105
0.9047843251479548 3343.1376652761405 0.5 1.3393839802454721 5060.630239093126 0.5555555555555556 move_t 100 1629.6738126277924 96.19914923403161 82.52363729322474 96.14401341598058 86.95462092640213 70.73819307915197 61.85447334642506 84.34061492884105
0.9047843251479548 3343.1376652761405 0.5 1.3202572338853873 5124.377791946298 0.5 t_swap_r_k 100 1632.616079568863 96.19914923403161 82.52363729322474 96.14401341598058 86.95462092640213 70.73819307915197 62.27592861296081 84.34061492884105
0.9047843251479548 3343.1376652761405 0.5 1.3792282374665144 5360.962161539695 0.48484848484848486 t_move_k 100 1634.768298625946 96.3871577416913 82.52363729322474 96.14401341598058 86.95462092640213 70.73819307915197 62.27592861296081 84.34061492884105
0.9047843251479548 3343.1376652761405 0.5 1.3245528160212428 5126.554447889062 0.48484848484848486 swap_t 100 1635.7490606307983 96.3871577416913 82.52363729322474 96.14401341598058 86.95462092640213 71.03081114836046 62.27592861296081 84.34061492884105
0.9047843251479548 3343.1376652761405 0.5 1.3115081600388643 5070.62862412108 0.48484848484848486 move_t 100 1637.4738178253174 96.3871577416913 82.73840092029249 96.14401341598058 86.95462092640213 71.03081114836046 62.27592861296081 84.34061492884105
0.9047843251479548 3343.1376652761405 0.5 1.2805488670701144 4970.377342582691 0.5151515151515151 t_swap_k 100 1639.3154845237732 96.3871577416913 82.73840092029249 96.45257328182078 86.95462092640213 71.03081114836046 62.27592861296081 84.34061492884105
0.9047843251479548 3343.1376652761405 0.5 1.2569157834274471 4852.816564091425 0.5 t_swap_r_k 100 1641.9443542957306 96.3871577416913 82.73840092029249 96.45257328182078 86.95462092640213 71.03081114836046 62.723169326831204 84.34061492884105
0.9047843251479548 3343.1376652761405 0.5 1.2733862037911479 4923.4295283496795 0.5 t_move_k 100 1643.6684517860413 96.64328616427439 82.73840092029249 96.45257328182078 86.95462092640213 71.03081114836046 62.723169326831204 84.34061492884105
0.9047843251479548 3343.1376652761405 0.5 1.2489749742236136 4818.77225531788 0.5 t_swap_r_k 100 1646.4989349842072 96.64328616427439 82.73840092029249 96.45257328182078 86.95462092640213 71.03081114836046 63.13593763356289 84.34061492884105
0.9047843251479548 3343.1376652761405 0.5 1.241031028679858 4784.714500241574 0.5 swap_t 100 1647.9921822547913 96.64328616427439 82.73840092029249 96.45257328182078 86.95462092640213 71.32050303687686 63.13593763356289 84.34061492884105
0.9047843251479548 3343.1376652761405 0.5 1.2384913198633634 4744.053475176879 0.4722222222222222 t_move_k 100 1649.9853949546814 96.73685330263164 82.73840092029249 96.45257328182078 86.95462092640213 71.32050303687686 63.13593763356289 84.34061492884105
0.9047843251479548 3343.1376652761405 0.5 1.3020390440412872 5094.9905432159 0.5454545454545454 t_multiswap_k 100 1650.9030184745789 96.73685330263164 82.73840092029249 96.45257328182078 86.95462092640213 71.32050303687686 63.13593763356289 84.62720877955263
0.9047843251479548 3343.1376652761405 0.5 1.2886983093495963 5037.795353223097 0.5454545454545454 t_swap_r_k 100 1652.5108160972595 96.73685330263164 82.73840092029249 96.45257328182078 86.95462092640213 71.32050303687686 63.54457825722726 84.62720877955263
0.9047843251479548 3343.1376652761405 0.5 1.3166579166724799 5054.513407052937 0.5454545454545454 move_t 100 1653.2338635921478 96.73685330263164 82.92101691108957 96.45257328182078 86.95462092640213 71.32050303687686 63.54457825722726 84.62720877955263
0.9047843251479548 3343.1376652761405 0.5 1.2871636797755555 5031.21599818124 0.5454545454545454 t_swap_r_k 100 1656.0309410095215 96.73685330263164 82.92101691108957 96.45257328182078 86.95462092640213 71.32050303687686 63.94913247465499 84.62720877955263
0.9047843251479548 3343.1376652761405 0.5 1.3160039643753279 5154.861778961059 0.5454545454545454 t_multiswap_k 100 1657.274985074997 96.73685330263164 82.92101691108957 96.45257328182078 86.95462092640213 71.32050303687686 63.94913247465499 84.8609366917571
0.9047843251479548 3343.1376652761405 0.5 1.2976776586637864 5076.292152830148 0.5454545454545454 f_swap_t 100 1659.5414354801178 96.73685330263164 82.92101691108957 96.45257328182078 87.08507471713811 71.32050303687686 63.94913247465499 84.8609366917571
0.9047843251479548 3343.1376652761405 0.5 1.2722692099857524 4999.838780564755 0.5757575757575758 t_swap_k 100 1661.3735744953156 96.73685330263164 82.92101691108957 96.60804754900256 87.08507471713811 71.32050303687686 63.94913247465499 84.8609366917571
0.9047843251479548 3343.1376652761405 0.5 1.2862282503088285 4978.486712788902 0.5 t_swap_r_k 100 1664.7780447006226 96.73685330263164 82.92101691108957 96.60804754900256 87.08507471713811 71.32050303687686 64.37964114990844 84.8609366917571
0.9047843251479548 3343.1376652761405 0.5 1.2862282503088285 4978.486712788902 0.5 f_swap_t 100 1667.2887268066406 96.73685330263164 82.92101691108957 96.60804754900256 87.21422396996674 71.32050303687686 64.37964114990844 84.8609366917571
0.9047843251479548 3343.1376652761405 0.5 1.2862282503088285 4978.486712788902 0.5 swap_t 100 1668.7046792507172 96.73685330263164 82.92101691108957 96.60804754900256 87.21422396996674 71.60729800650809 64.37964114990844 84.8609366917571
0.9047843251479548 3343.1376652761405 0.5 1.2862282503088285 4978.486712788902 0.5 f_swap_t 100 1670.6546757221222 96.73685330263164 82.92101691108957 96.60804754900256 87.34208173026707 71.60729800650809 64.37964114990844 84.8609366917571
0.9047843251479548 3343.1376652761405 0.5 1.2831573669321485 4935.548404606654 0.4722222222222222 t_multiswap_k 100 1672.4220016002655 96.73685330263164 82.92101691108957 96.60804754900256 87.34208173026707 71.60729800650809 64.37964114990844 85.04232732483953
0.9047843251479548 3343.1376652761405 0.5 1.2797691019073485 4921.022033584516 0.4722222222222222 swap_t 100 1673.5433604717255 96.73685330263164 82.92101691108957 96.60804754900256 87.34208173026707 71.89122502644301 64.37964114990844 85.04232732483953
0.9047843251479548 3343.1376652761405 0.5 1.2794438519393727 4919.627602607254 0.4722222222222222 swap_t 100 1674.6841456890106 96.73685330263164 82.92101691108957 96.60804754900256 87.34208173026707 72.17231277617859 64.37964114990844 85.04232732483953
0.9047843251479548 3343.1376652761405 0.5 1.2794438519393727 4919.627602607254 0.4722222222222222 t_swap_r_k 100 1677.1031074523926 96.73685330263164 82.92101691108957 96.60804754900256 87.34208173026707 72.17231277617859 64.77584473840935 85.04232732483953
0.9047843251479548 3343.1376652761405 0.5 1.2707108014368589 4960.678241134295 0.5454545454545454 t_move_k 100 1678.768713235855 96.87948476960533 82.92101691108957 96.60804754900256 87.34208173026707 72.17231277617859 64.77584473840935 85.04232732483953
0.9047843251479548 3343.1376652761405 0.5 1.2613701507788089 4920.632448950426 0.5454545454545454 swap_t 100 1679.271299123764 96.87948476960533 82.92101691108957 96.60804754900256 87.34208173026707 72.4505896484168 64.77584473840935 85.04232732483953
0.9047843251479548 3343.1376652761405 0.5 1.2597136703721439 4906.641611275663 0.5454545454545454 move_t 100 1680.0746281147003 96.87948476960533 83.12180674197867 96.60804754900256 87.34208173026707 72.4505896484168 64.77584473840935 85.04232732483953
0.9047843251479548 3343.1376652761405 0.5 1.2483171687478438 4845.724707228454 0.5277777777777778 f_swap_t 100 1682.754791021347 96.87948476960533 83.12180674197867 96.60804754900256 87.4686609129644 72.4505896484168 64.77584473840935 85.04232732483953
0.9047843251479548 3343.1376652761405 0.5 1.2591283733143257 4878.542129724057 0.5151515151515151 t_swap_k 100 1684.3332693576813 96.87948476960533 83.12180674197867 96.84196707351254 87.4686609129644 72.4505896484168 64.77584473840935 85.04232732483953
0.9047843251479548 3343.1376652761405 0.5 1.2303242804413648 4755.051512264624 0.5151515151515151 t_swap_r_k 100 1686.7199108600616 96.87948476960533 83.12180674197867 96.84196707351254 87.4686609129644 72.4505896484168 65.16808629102525 85.04232732483953
0.9047843251479548 3343.1376652761405 0.5 1.225495560245021 4734.349536291444 0.5151515151515151 t_swap_r_k 100 1689.062457561493 96.87948476960533 83.12180674197867 96.84196707351254 87.4686609129644 72.4505896484168 65.556405428115 85.04232732483953
0.9047843251479548 3343.1376652761405 0.5 1.3230063397881193 5119.924303146888 0.48484848484848486 f_swap_t 100 1691.095608472824 96.87948476960533 83.12180674197867 96.84196707351254 87.66397430383475 72.4505896484168 65.556405428115 85.04232732483953
0.9047843251479548 3343.1376652761405 0.5 1.269192406215105 4921.6892492160905 0.5151515151515151 t_swap_k 100 1693.6673209667206 96.87948476960533 83.12180674197867 96.99354740277741 87.66397430383475 72.4505896484168 65.556405428115 85.04232732483953
0.9047843251479548 3343.1376652761405 0.5 1.2518058822873388 4847.148711356328 0.5151515151515151 f_swap_t 100 1696.3191227912903 96.87948476960533 83.12180674197867 96.99354740277741 87.8273345607964 72.4505896484168 65.556405428115 85.04232732483953
0.9047843251479548 3343.1376652761405 0.5 1.2349440950091095 4774.85785562128 0.5151515151515151 move_t 100 1697.37117934227 96.87948476960533 83.29058867455889 96.99354740277741 87.8273345607964 72.4505896484168 65.556405428115 85.04232732483953
0.9047843251479548 3343.1376652761405 0.5 1.2298686899185944 4753.098277520739 0.5151515151515151 f_swap_t 100 1699.3345992565155 96.87948476960533 83.29058867455889 96.99354740277741 87.94906121518844 72.4505896484168 65.556405428115 85.04232732483953
0.9047843251479548 3343.1376652761405 0.5 1.2298686899185944 4753.098277520739 0.5151515151515151 f_swap_t 100 1701.9375443458557 96.87948476960533 83.29058867455889 96.99354740277741 88.06957060303655 72.4505896484168 65.556405428115 85.04232732483953
0.9047843251479548 3343.1376652761405 0.5 1.3150292129454595 5118.203528991021 0.5151515151515151 t_swap_k 100 1704.7026665210724 96.87948476960533 83.29058867455889 97.21361192874963 88.06957060303655 72.4505896484168 65.556405428115 85.04232732483953
0.9047843251479548 3343.1376652761405 0.5 1.264761741798988 4902.693841621934 0.5151515151515151 swap_t 100 1705.483934879303 96.87948476960533 83.29058867455889 97.21361192874963 88.06957060303655 72.72608375193262 65.556405428115 85.04232732483953
0.9047843251479548 3343.1376652761405 0.5 1.2467010588662912 4853.362600541863 0.5277777777777778 move_t 100 1707.487990617752 96.87948476960533 83.5276827878133 97.21361192874963 88.06957060303655 72.72608375193262 65.556405428115 85.04232732483953
0.9047843251479548 3343.1376652761405 0.5 1.2758682894600333 4950.310492302595 0.5151515151515151 move_t 100 1709.184422492981 96.87948476960533 83.74240595993517 97.21361192874963 88.06957060303655 72.72608375193262 65.556405428115 85.04232732483953
0.9047843251479548 3343.1376652761405 0.5 1.367209109744946 5325.672662308918 0.5 t_swap_k 100 1711.0553624629974 96.87948476960533 83.74240595993517 97.52147580946213 88.06957060303655 72.72608375193262 65.556405428115 85.04232732483953
0.9047843251479548 3343.1376652761405 0.5 1.337022104225103 5196.253139627261 0.5 move_t 100 1712.0208883285522 96.87948476960533 83.91498190033582 97.52147580946213 88.06957060303655 72.72608375193262 65.556405428115 85.04232732483953
0.9047843251479548 3343.1376652761405 0.5 1.311143163619925 5115.076043285956 0.5277777777777778 f_swap_t 100 1713.772540807724 96.87948476960533 83.91498190033582 97.52147580946213 88.24887489700619 72.72608375193262 65.556405428115 85.04232732483953
0.9047843251479548 3343.1376652761405 0.5 1.3039722560527456 5038.320249041704 0.48484848484848486 t_move_k 100 1714.7833845615387 97.11068992190927 83.91498190033582 97.52147580946213 88.24887489700619 72.72608375193262 65.556405428115 85.04232732483953
0.9047843251479548 3343.1376652761405 0.5 1.2849199290907256 4956.637981491893 0.48484848484848486 swap_t 100 1716.003103017807 97.11068992190927 83.91498190033582 97.52147580946213 88.24887489700619 72.9988229144133 65.556405428115 85.04232732483953
0.9047843251479548 3343.1376652761405 0.5 1.364644459812893 5344.449977430978 0.5277777777777778 t_multiswap_k 100 1717.9118802547455 97.11068992190927 83.91498190033582 97.52147580946213 88.24887489700619 72.9988229144133 65.556405428115 85.47190405159114
0.9047843251479548 3343.1376652761405 0.5 1.3636338068617697 5353.325519001319 0.5277777777777778 swap_t 100 1719.1373071670532 97.11068992190927 83.91498190033582 97.52147580946213 88.24887489700619 73.27883468526916 65.556405428115 85.47190405159114
0.9047843251479548 3343.1376652761405 0.5 1.334845559887212 5216.694364099771 0.5277777777777778 swap_t 100 1720.3113343715668 97.11068992190927 83.91498190033582 97.52147580946213 88.24887489700619 73.57604633841648 65.556405428115 85.47190405159114
0.9047843251479548 3343.1376652761405 0.5 1.2976612801201852 5087.048346350579 0.5555555555555556 move_t 100 1721.4282879829407 97.11068992190927 84.25583208133246 97.52147580946213 88.24887489700619 73.57604633841648 65.556405428115 85.47190405159114
0.9047843251479548 3343.1376652761405 0.5 1.368661079322713 5391.442901724562 0.5555555555555556 t_swap_k 100 1724.4096665382385 97.11068992190927 84.25583208133246 97.7362610513675 88.24887489700619 73.57604633841648 65.556405428115 85.47190405159114
0.9047843251479548 3343.1376652761405 0.5 1.3916834512235634 5446.840131351499 0.5151515151515151 t_swap_k 100 1727.2531633377075 97.11068992190927 84.25583208133246 97.96889844085383 88.24887489700619 73.57604633841648 65.556405428115 85.47190405159114
0.9047843251479548 3343.1376652761405 0.5 1.3511671908503722 5273.136413872887 0.5151515151515151 t_swap_k 100 1729.5300588607788 97.11068992190927 84.25583208133246 98.0192094564453 88.24887489700619 73.57604633841648 65.556405428115 85.47190405159114
0.9047843251479548 3343.1376652761405 0.5 1.3691975641937488 5350.437301181433 0.5151515151515151 f_swap_t 100 1732.1761586666107 97.11068992190927 84.25583208133246 98.0192094564453 88.43638614803612 73.57604633841648 65.556405428115 85.47190405159114
0.9047843251479548 3343.1376652761405 0.5 1.343021167106469 5238.212297136749 0.5151515151515151 t_swap_r_k 100 1734.5943586826324 97.11068992190927 84.25583208133246 98.0192094564453 88.43638614803612 73.57604633841648 65.94084137383385 85.47190405159114
0.9047843251479548 3343.1376652761405 0.5 1.3605368885552245 5276.256947527494 0.5 move_t 100 1736.3987038135529 97.11068992190927 84.45327376051914 98.0192094564453 88.43638614803612 73.57604633841648 65.94084137383385 85.47190405159114
0.9047843251479548 3343.1376652761405 0.5 1.4027163502985571 5494.141031440511 0.5151515151515151 move_t 100 1738.0449604988098 97.11068992190927 84.64874102291395 98.0192094564453 88.43638614803612 73.57604633841648 65.94084137383385 85.47190405159114
0.9047843251479548 3343.1376652761405 0.5 1.367609221893931 5343.627665751965 0.5151515151515151 t_swap_k 100 1740.611178636551 97.11068992190927 84.64874102291395 98.12901736188084 88.43638614803612 73.57604633841648 65.94084137383385 85.47190405159114
0.9047843251479548 3343.1376652761405 0.5 1.3408435791576467 5228.876412769264 0.5151515151515151 f_swap_t 100 1742.5192692279816 97.11068992190927 84.64874102291395 98.12901736188084 88.55202228655575 73.57604633841648 65.94084137383385 85.47190405159114
0.9047843251479548 3343.1376652761405 0.5 1.5190863999543747 6025.528856568073 0.5454545454545454 f_swap_t 100 1744.9039640426636 97.11068992190927 84.64874102291395 98.12901736188084 88.9065020636902 73.57604633841648 65.94084137383385 85.47190405159114
0.9047843251479548 3343.1376652761405 0.5 1.5007389491862417 5823.2075623290775 0.5454545454545454 swap_t 100 1746.505027770996 97.11068992190927 84.64874102291395 98.12901736188084 88.9065020636902 73.85028587503231 65.94084137383385 85.47190405159114
0.9047843251479548 3343.1376652761405 0.5 1.4934854505158106 5915.77094585519 0.5454545454545454 move_t 100 1747.3281004428864 97.11068992190927 84.80225361268481 98.12901736188084 88.9065020636902 73.85028587503231 65.94084137383385 85.47190405159114
0.9047843251479548 3343.1376652761405 0.5 1.4664069187252142 5799.678256338325 0.5454545454545454 t_multiswap_k 100 1749.5926916599274 97.11068992190927 84.80225361268481 98.12901736188084 88.9065020636902 73.85028587503231 65.94084137383385 85.79718501107523
0.9047843251479548 3343.1376652761405 0.5 1.4062336772434931 5541.699962146365 0.5454545454545454 t_swap_k 100 1751.7946939468384 97.11068992190927 84.80225361268481 98.29772718826203 88.9065020636902 73.85028587503231 65.94084137383385 85.79718501107523
0.9047843251479548 3343.1376652761405 0.5 1.397656930003404 5504.9292220594125 0.5454545454545454 t_swap_r_k 100 1754.8535766601562 97.11068992190927 84.80225361268481 98.29772718826203 88.9065020636902 73.85028587503231 66.3214329600955 85.79718501107523
0.9047843251479548 3343.1376652761405 0.5 1.3993558712915162 5544.6922617948085 0.5757575757575758 t_move_k 100 1756.2801039218903 97.26958302269017 84.80225361268481 98.29772718826203 88.9065020636902 73.85028587503231 66.3214329600955 85.79718501107523
0.9047843251479548 3343.1376652761405 0.5 1.3974216593657187 5536.39979356581 0.5757575757575758 t_move_k 100 1758.2995929718018 97.33688719246327 84.80225361268481 98.29772718826203 88.9065020636902 73.85028587503231 66.3214329600955 85.79718501107523
0.9047843251479548 3343.1376652761405 0.5 1.3920054183262245 5513.178963344695 0.5757575757575758 swap_t 100 1759.0044236183167 97.33688719246327 84.80225361268481 98.29772718826203 88.9065020636902 74.14178301628199 66.3214329600955 85.79718501107523
0.9047843251479548 3343.1376652761405 0.5 1.3594210670093008 5405.960635153989 0.6060606060606061 t_swap_k 100 1761.2051191329956 97.33688719246327 84.80225361268481 98.47474991637941 88.9065020636902 74.14178301628199 66.3214329600955 85.79718501107523
0.9047843251479548 3343.1376652761405 0.5 1.3649757297035372 5397.295677157779 0.5757575757575758 move_t 100 1762.0264616012573 97.33688719246327 84.96423107655797 98.47474991637941 88.9065020636902 74.14178301628199 66.3214329600955 85.79718501107523
0.9047843251479548 3343.1376652761405 0.5 1.3514663551792112 5339.377484460039 0.5757575757575758 swap_t 100 1762.7764980793 97.33688719246327 84.96423107655797 98.47474991637941 88.9065020636902 74.40036518611917 66.3214329600955 85.79718501107523
0.9047843251479548 3343.1376652761405 0.5 1.3509071708395894 5336.980116152761 0.5757575757575758 f_swap_t 100 1765.5937752723694 97.33688719246327 84.96423107655797 98.47474991637941 89.01743704305329 74.40036518611917 66.3214329600955 85.79718501107523
0.9047843251479548 3343.1376652761405 0.5 1.3509071708395894 5336.980116152761 0.5757575757575758 move_t 100 1766.4782774448395 97.33688719246327 85.11458876579239 98.47474991637941 89.01743704305329 74.40036518611917 66.3214329600955 85.79718501107523
0.9047843251479548 3343.1376652761405 0.5 1.3509731386353478 5369.742174959681 0.6060606060606061 move_t 100 1767.3829922676086 97.33688719246327 85.27344287813446 98.47474991637941 89.01743704305329 74.40036518611917 66.3214329600955 85.79718501107523
0.9047843251479548 3343.1376652761405 0.5 1.3693064448329892 5502.591453518519 0.6060606060606061 move_t 100 1768.2065150737762 97.33688719246327 85.49070844935312 98.47474991637941 89.01743704305329 74.40036518611917 66.3214329600955 85.79718501107523
0.9047843251479548 3343.1376652761405 0.5 1.348206317465636 5357.880094936731 0.6060606060606061 f_swap_t 100 1770.4392478466034 97.33688719246327 85.49070844935312 98.47474991637941 89.12726267262276 74.40036518611917 66.3214329600955 85.79718501107523
0.9047843251479548 3343.1376652761405 0.5 1.3477940070772683 5356.112413355192 0.6060606060606061 t_multiswap_k 100 1771.8147513866425 97.33688719246327 85.49070844935312 98.47474991637941 89.12726267262276 74.40036518611917 66.3214329600955 85.93921316096447
0.9047843251479548 3343.1376652761405 0.5 1.3376288296938952 5288.172232914397 0.5833333333333334 t_move_k 100 1772.9369988441467 97.42351832053863 85.49070844935312 98.47474991637941 89.12726267262276 74.40036518611917 66.3214329600955 85.93921316096447
0.9047843251479548 3343.1376652761405 0.5 1.328165830355094 5247.601900200891 0.5833333333333334 swap_t 100 1773.6230442523956 97.42351832053863 85.49070844935312 98.47474991637941 89.12726267262276 74.65636153425798 66.3214329600955 85.93921316096447
0.9047843251479548 3343.1376652761405 0.5 1.33024380041488 5256.510696838818 0.5833333333333334 t_move_k 100 1775.790357351303 97.48928313733325 85.49070844935312 98.47474991637941 89.12726267262276 74.65636153425798 66.3214329600955 85.93921316096447
0.9047843251479548 3343.1376652761405 0.5 1.3191474519860293 5208.937772912091 0.5833333333333334 t_swap_k 100 1777.7960398197174 97.48928313733325 85.49070844935312 98.49000241721562 89.12726267262276 74.65636153425798 66.3214329600955 85.93921316096447
0.9047843251479548 3343.1376652761405 0.5 1.3494414269741983 5309.043266841364 0.5555555555555556 t_multiswap_k 100 1778.830438375473 97.48928313733325 85.49070844935312 98.49000241721562 89.12726267262276 74.65636153425798 66.3214329600955 86.08982102935482
0.9047843251479548 3343.1376652761405 0.5 1.318004246660779 5144.491285935409 0.5277777777777778 t_multiswap_k 100 1780.6501297950745 97.48928313733325 85.49070844935312 98.49000241721562 89.12726267262276 74.65636153425798 66.3214329600955 86.28892281906127
0.9047843251479548 3343.1376652761405 0.5 1.2974450941402624 5056.348866370287 0.5277777777777778 swap_t 100 1781.3099370002747 97.48928313733325 85.49070844935312 98.49000241721562 89.12726267262276 74.9097979189154 66.3214329600955 86.28892281906127
0.9047843251479548 3343.1376652761405 0.5 1.2974450941402624 5056.348866370287 0.5277777777777778 t_swap_r_k 100 1784.398467540741 97.48928313733325 85.49070844935312 98.49000241721562 89.12726267262276 74.9097979189154 66.69821863049455 86.28892281906127
0.9047843251479548 3343.1376652761405 0.5 1.2974450941402624 5056.348866370287 0.5277777777777778 t_move_k 100 1786.9207248687744 97.5143903059599 85.49070844935312 98.49000241721562 89.12726267262276 74.9097979189154 66.69821863049455 86.28892281906127
0.9047843251479548 3343.1376652761405 0.5 1.3702866000071794 5338.866661314016 0.5 t_swap_k 100 1789.1647400856018 97.5143903059599 85.49070844935312 98.63510239304347 89.12726267262276 74.9097979189154 66.69821863049455 86.28892281906127
0.9047843251479548 3343.1376652761405 0.5 1.3425632441429545 5257.486060406911 0.5277777777777778 move_t 100 1790.1982336044312 97.5143903059599 85.66580136485959 98.63510239304347 89.12726267262276 74.9097979189154 66.69821863049455 86.28892281906127
0.9047843251479548 3343.1376652761405 0.5 1.3677876802601652 5416.3094711602325 0.5277777777777778 swap_t 100 1791.2887563705444 97.5143903059599 85.66580136485959 98.63510239304347 89.12726267262276 75.23069993972625 66.69821863049455 86.28892281906127
0.9047843251479548 3343.1376652761405 0.5 1.3938809948114317 5293.137478608136 0.5277777777777778 swap_t 100 1792.7891573905945 97.5143903059599 85.66580136485959 98.63510239304347 89.12726267262276 75.48839294032899 66.69821863049455 86.28892281906127
0.9047843251479548 3343.1376652761405 0.5 1.3676504646021508 5357.33749967126 0.5277777777777778 f_swap_t 100 1795.3180882930756 97.5143903059599 85.66580136485959 98.63510239304347 89.23599004589653 75.48839294032899 66.69821863049455 86.28892281906127
0.9047843251479548 3343.1376652761405 0.5 1.3665888034891285 5352.785883102114 0.5277777777777778 t_swap_r_k 100 1798.3408877849579 97.5143903059599 85.66580136485959 98.63510239304347 89.23599004589653 75.48839294032899 67.07123644418961 86.28892281906127
0.9047843251479548 3343.1376652761405 0.5 1.3665888034891285 5352.785883102114 0.5277777777777778 swap_t 100 1800.182937860489 97.5143903059599 85.66580136485959 98.63510239304347 89.23599004589653 75.7335090109257 67.07123644418961 86.28892281906127
0.9047843251479548 3343.1376652761405 0.5 1.3665888034891285 5352.785883102114 0.5277777777777778 move_t 100 1801.7681353092194 97.5143903059599 85.80914335121099 98.63510239304347 89.23599004589653 75.7335090109257 67.07123644418961 86.28892281906127
0.9047843251479548 3343.1376652761405 0.5 1.3651716433495416 5346.7101499954215 0.5277777777777778 t_swap_k 100 1804.1808412075043 97.5143903059599 85.80914335121099 98.70875136911303 89.23599004589653 75.7335090109257 67.07123644418961 86.28892281906127
0.9047843251479548 3343.1376652761405 0.5 1.3317324547980967 5143.80240587545 0.4722222222222222 t_move_k 100 1806.3573544025421 97.69924640290031 85.80914335121099 98.70875136911303 89.23599004589653 75.7335090109257 67.07123644418961 86.28892281906127
0.9047843251479548 3343.1376652761405 0.5 1.3155051019022184 5074.231534899498 0.4722222222222222 move_t 100 1807.5108206272125 97.69924640290031 85.96105191769888 98.70875136911303 89.23599004589653 75.7335090109257 67.07123644418961 86.28892281906127
0.9047843251479548 3343.1376652761405 0.5 1.3067209112573632 5036.571431128869 0.4722222222222222 move_t 100 1808.7913556098938 97.69924640290031 86.1014413985219 98.70875136911303 89.23599004589653 75.7335090109257 67.07123644418961 86.28892281906127
0.9047843251479548 3343.1376652761405 0.5 1.306531275812305 5035.758414787556 0.4722222222222222 t_swap_r_k 100 1810.8997604846954 97.69924640290031 86.1014413985219 98.70875136911303 89.23599004589653 75.7335090109257 67.44052407974772 86.28892281906127
0.9047843251479548 3343.1376652761405 0.5 1.306531275812305 5035.758414787556 0.4722222222222222 t_swap_k 100 1812.050705909729 97.69924640290031 86.1014413985219 98.7216638554219 89.23599004589653 75.7335090109257 67.44052407974772 86.28892281906127
0.9047843251479548 3343.1376652761405 0.5 1.306531275812305 5035.758414787556 0.4722222222222222 t_swap_r_k 100 1813.639991760254 97.69924640290031 86.1014413985219 98.7216638554219 89.23599004589653 75.7335090109257 67.80611883895024 86.28892281906127
0.9047843251479548 3343.1376652761405 0.5 1.306531275812305 5035.758414787556 0.4722222222222222 t_swap_k 100 1816.0251832008362 97.69924640290031 86.1014413985219 98.73444721686768 89.23599004589653 75.7335090109257 67.80611883895024 86.28892281906127
0.9047843251479548 3343.1376652761405 0.5 1.2950776407520912 5046.198979616307 0.5277777777777778 t_swap_k 100 1818.3154256343842 97.69924640290031 86.1014413985219 98.80710274469901 89.23599004589653 75.7335090109257 67.80611883895024 86.28892281906127
0.9047843251479548 3343.1376652761405 0.5 1.283720337539895 4997.5072748459515 0.5277777777777778 t_swap_r_k 100 1820.3739500045776 97.69924640290031 86.1014413985219 98.80710274469901 89.23599004589653 75.7335090109257 68.16805765056074 86.28892281906127
0.9047843251479548 3343.1376652761405 0.5 1.283720337539895 4997.5072748459515 0.5277777777777778 move_t 100 1821.074975013733 97.69924640290031 86.24042698453668 98.80710274469901 89.23599004589653 75.7335090109257 68.16805765056074 86.28892281906127
0.9047843251479548 3343.1376652761405 0.5 1.283720337539895 4997.5072748459515 0.5277777777777778 move_t 100 1822.5317630767822 97.69924640290031 86.37802271469131 98.80710274469901 89.23599004589653 75.7335090109257 68.16805765056074 86.28892281906127
0.9047843251479548 3343.1376652761405 0.5 1.318664230327383 5117.548172493929 0.5 t_move_k 100 1823.764591217041 97.74225393887131 86.37802271469131 98.80710274469901 89.23599004589653 75.7335090109257 68.16805765056074 86.28892281906127
0.9047843251479548 3343.1376652761405 0.5 1.307525321172355 5069.79277969452 0.5 move_t 100 1824.690599679947 97.74225393887131 86.5142424875444 98.80710274469901 89.23599004589653 75.7335090109257 68.16805765056074 86.28892281906127
0.9047843251479548 3343.1376652761405 0.5 1.2658366529833227 4939.781502439179 0.5454545454545454 t_multiswap_k 100 1826.0968408584595 97.74225393887131 86.5142424875444 98.80710274469901 89.23599004589653 75.7335090109257 68.16805765056074 86.54603359087066
0.9047843251479548 3343.1376652761405 0.5 1.2963818068308524 4992.245008656947 0.4722222222222222 f_swap_t 100 1827.6472227573395 97.74225393887131 86.5142424875444 98.80710274469901 89.38363014543756 75.7335090109257 68.16805765056074 86.54603359087066
0.9047843251479548 3343.1376652761405 0.5 1.324468895831454 5225.3719565858055 0.4722222222222222 move_t 100 1828.8107011318207 97.74225393887131 86.71910006266894 98.80710274469901 89.38363014543756 75.7335090109257 68.16805765056074 86.54603359087066
0.9047843251479548 3343.1376652761405 0.5 1.2402383808783308 4811.08884812572 0.5277777777777778 t_multiswap_k 100 1830.240574836731 97.74225393887131 86.71910006266894 98.80710274469901 89.38363014543756 75.7335090109257 68.16805765056074 86.74057325496196
0.9047843251479548 3343.1376652761405 0.5 1.2262534759253059 4751.131933135291 0.5277777777777778 t_swap_k 100 1831.6873245239258 97.74225393887131 86.71910006266894 98.81903171725202 89.38363014543756 75.7335090109257 68.16805765056074 86.74057325496196
0.9047843251479548 3343.1376652761405 0.5 1.3404917788225497 5211.128534603655 0.5 t_multiswap_k 100 1833.2602899074554 97.74225393887131 86.71910006266894 98.81903171725202 89.38363014543756 75.7335090109257 68.16805765056074 86.94316752241234
0.9047843251479548 3343.1376652761405 0.5 1.3446589759889185 5199.221755149786 0.4722222222222222 t_multiswap_k 100 1834.9574477672577 97.74225393887131 86.71910006266894 98.81903171725202 89.38363014543756 75.7335090109257 68.16805765056074 87.27373584718822
0.9047843251479548 3343.1376652761405 0.5 1.3583559075493514 5257.9440535105605 0.4722222222222222 f_swap_t 100 1837.3580384254456 97.74225393887131 86.71910006266894 98.81903171725202 89.49979384398318 75.7335090109257 68.16805765056074 87.27373584718822
0.9047843251479548 3343.1376652761405 0.5 1.2958558395963786 5049.535319913886 0.5277777777777778 t_multiswap_k 100 1838.8396463394165 97.74225393887131 86.71910006266894 98.81903171725202 89.49979384398318 75.7335090109257 68.16805765056074 87.55099848871633
0.9047843251479548 3343.1376652761405 0.5 1.3626215588144777 5306.004641533928 0.5 t_multiswap_k 100 1840.3977608680725 97.74225393887131 86.71910006266894 98.81903171725202 89.49979384398318 75.7335090109257 68.16805765056074 87.75548850382917
0.9047843251479548 3343.1376652761405 0.5 1.2923594468874176 5053.491599487246 0.5454545454545454 t_multiswap_k 100 1841.5269861221313 97.74225393887131 86.71910006266894 98.81903171725202 89.49979384398318 75.7335090109257 68.16805765056074 87.96793361879088
0.9047843251479548 3343.1376652761405 0.5 1.2893975762407779 5040.793291764046 0.5454545454545454 t_move_k 100 1842.5154314041138 97.8648313994826 86.71910006266894 98.81903171725202 89.49979384398318 75.7335090109257 68.16805765056074 87.96793361879088
0.9047843251479548 3343.1376652761405 0.5 1.2798342699787095 4998.077372615617 0.5757575757575758 move_t 100 1844.150277853012 97.8648313994826 86.88190906204225 98.81903171725202 89.49979384398318 75.7335090109257 68.16805765056074 87.96793361879088
0.9047843251479548 3343.1376652761405 0.5 1.2854129026317596 5023.709962442682 0.5454545454545454 t_move_k 100 1845.0359275341034 97.92618308548776 86.88190906204225 98.81903171725202 89.49979384398318 75.7335090109257 68.16805765056074 87.96793361879088
0.9047843251479548 3343.1376652761405 0.5 1.2827861244280405 5012.448282939808 0.5454545454545454 f_swap_t 100 1847.3168959617615 97.92618308548776 86.88190906204225 98.81903171725202 89.60479590554336 75.7335090109257 68.16805765056074 87.96793361879088
0.9047843251479548 3343.1376652761405 0.5 1.3180691499001016 5163.715764981288 0.5454545454545454 move_t 100 1848.3703560829163 97.92618308548776 87.08308997142183 98.81903171725202 89.60479590554336 75.7335090109257 68.16805765056074 87.96793361879088
0.9047843251479548 3343.1376652761405 0.5 1.2962970047902722 5070.37293155524 0.5454545454545454 f_swap_t 100 1850.0748856067657 97.92618308548776 87.08308997142183 98.81903171725202 89.73874794648792 75.7335090109257 68.16805765056074 87.96793361879088
0.9047843251479548 3343.1376652761405 0.5 1.279464652664305 5030.687509708471 0.5757575757575758 t_move_k 100 1851.60462808609 98.00692125463289 87.08308997142183 98.81903171725202 89.73874794648792 75.7335090109257 68.16805765056074 87.96793361879088
0.9047843251479548 3343.1376652761405 0.5 1.2702888402407224 4991.3484217921205 0.5757575757575758 t_swap_k 100 1853.4714131355286 98.00692125463289 87.08308997142183 98.83084140007949 89.73874794648792 75.7335090109257 68.16805765056074 87.96793361879088
0.9047843251479548 3343.1376652761405 0.5 1.2961666597254493 5102.2933462084875 0.5757575757575758 t_swap_k 100 1855.5587973594666 98.00692125463289 87.08308997142183 98.86253298607869 89.73874794648792 75.7335090109257 68.16805765056074 87.96793361879088
0.9047843251479548 3343.1376652761405 0.5 1.3288432137383452 5307.261032015938 0.5454545454545454 swap_t 100 1856.3886923789978 98.00692125463289 87.08308997142183 98.86253298607869 89.73874794648792 76.01617392081644 68.16805765056074 87.96793361879088
0.9047843251479548 3343.1376652761405 0.5 1.2938518812338575 5059.890052643623 0.5454545454545454 t_multiswap_k 100 1858.069743156433 98.00692125463289 87.08308997142183 98.86253298607869 89.73874794648792 76.01617392081644 68.16805765056074 88.11825428260298
0.9047843251479548 3343.1376652761405 0.5 1.3423103186654979 5267.643943243316 0.5454545454545454 f_swap_t 100 1859.992830991745 98.00692125463289 87.08308997142183 98.86253298607869 89.94136046702305 76.01617392081644 68.16805765056074 88.11825428260298
0.9047843251479548 3343.1376652761405 0.5 1.305623096051495 5110.356303828441 0.5454545454545454 swap_t 100 1861.2578904628754 98.00692125463289 87.08308997142183 98.86253298607869 89.94136046702305 76.25601218160828 68.16805765056074 88.11825428260298
0.9047843251479548 3343.1376652761405 0.5 1.296616453909008 5071.742492787164 0.5454545454545454 swap_t 100 1862.2823643684387 98.00692125463289 87.08308997142183 98.86253298607869 89.94136046702305 76.4934520597922 68.16805765056074 88.11825428260298
0.9047843251479548 3343.1376652761405 0.5 1.296616453909008 5071.742492787164 0.5454545454545454 t_swap_k 100 1863.9747021198273 98.00692125463289 87.08308997142183 98.87390765621791 89.94136046702305 76.4934520597922 68.16805765056074 88.11825428260298
0.9047843251479548 3343.1376652761405 0.5 1.349001842664578 5296.332242299826 0.5454545454545454 move_t 100 1864.8985469341278 98.00692125463289 87.24225907170761 98.87390765621791 89.94136046702305 76.4934520597922 68.16805765056074 88.11825428260298
0.9047843251479548 3343.1376652761405 0.5 1.309974053480019 5129.009986892091 0.5454545454545454 t_swap_k 100 1867.207980632782 98.00692125463289 87.24225907170761 98.97516857965573 89.94136046702305 76.4934520597922 68.16805765056074 88.11825428260298
0.9047843251479548 3343.1376652761405 0.5 1.37394365336801 5338.305778774274 0.48484848484848486 f_swap_t 100 1869.5995924472809 98.00692125463289 87.24225907170761 98.97516857965573 90.15194686235282 76.4934520597922 68.16805765056074 88.11825428260298
0.9047843251479548 3343.1376652761405 0.5 1.3420757072289384 5201.679627649335 0.48484848484848486 f_swap_t 100 1871.7581582069397 98.00692125463289 87.24225907170761 98.97516857965573 90.25042739372928 76.4934520597922 68.16805765056074 88.11825428260298
0.9047843251479548 3343.1376652761405 0.5 1.3059945192751947 5152.547738723996 0.5833333333333334 t_swap_r_k 100 1874.9198293685913 98.00692125463289 87.24225907170761 98.97516857965573 90.25042739372928 76.4934520597922 68.61637707405514 88.11825428260298
0.9047843251479548 3343.1376652761405 0.5 1.3059945192751947 5152.547738723996 0.5833333333333334 move_t 100 1876.606142282486 98.00692125463289 87.36983648099053 98.97516857965573 90.25042739372928 76.4934520597922 68.61637707405514 88.11825428260298
0.9047843251479548 3343.1376652761405 0.5 1.3059945192751947 5152.547738723996 0.5833333333333334 t_swap_k 100 1878.5535175800323 98.00692125463289 87.36983648099053 98.98541689385917 90.25042739372928 76.4934520597922 68.61637707405514 88.11825428260298
0.9047843251479548 3343.1376652761405 0.5 1.3059945192751947 5152.547738723996 0.5833333333333334 swap_t 100 1879.598403930664 98.00692125463289 87.36983648099053 98.98541689385917 90.25042739372928 76.72851753919429 68.61637707405514 88.11825428260298
0.9047843251479548 3343.1376652761405 0.5 1.3550996216712103 5333.301415151101 0.5555555555555556 f_swap_t 100 1881.569990158081 98.00692125463289 87.36983648099053 98.98541689385917 90.35792311979199 76.72851753919429 68.61637707405514 88.11825428260298
0.9047843251479548 3343.1376652761405 0.5 1.3319642335134994 5234.1140051757175 0.5555555555555556 f_swap_t 100 1883.4277114868164 98.00692125463289 87.36983648099053 98.98541689385917 90.48434388859407 76.72851753919429 68.61637707405514 88.11825428260298
0.9047843251479548 3343.1376652761405 0.5 1.3175665835418355 5172.387545231042 0.5555555555555556 f_swap_t 100 1885.530663728714 98.00692125463289 87.36983648099053 98.98541689385917 90.57950044970812 76.72851753919429 68.61637707405514 88.11825428260298
0.9047843251479548 3343.1376652761405 0.5 1.3912760560687174 5488.399172991705 0.5555555555555556 t_swap_k 100 1887.3524112701416 98.00692125463289 87.36983648099053 99.15556272492057 90.57950044970812 76.72851753919429 68.61637707405514 88.11825428260298
0.9047843251479548 3343.1376652761405 0.5 1.3708649748364592 5400.891573446631 0.5555555555555556 f_swap_t 100 1888.714105606079 98.00692125463289 87.36983648099053 99.15556272492057 90.67370544521104 76.72851753919429 68.61637707405514 88.11825428260298
0.9047843251479548 3343.1376652761405 0.5 1.4042894595696196 5533.364596680036 0.5454545454545454 f_swap_t 100 1889.864979982376 98.00692125463289 87.36983648099053 99.15556272492057 90.77696839075892 76.72851753919429 68.61637707405514 88.11825428260298
0.9047843251479548 3343.1376652761405 0.5 1.5269297932767534 5980.664026947194 0.4722222222222222 t_swap_k 100 1891.9772634506226 98.00692125463289 87.36983648099053 99.38400709767137 90.77696839075892 76.72851753919429 68.61637707405514 88.11825428260298
0.9047843251479548 3343.1376652761405 0.5 1.3737511186403877 5353.719951334346 0.5 t_multiswap_k 100 1893.8986644744873 98.00692125463289 87.36983648099053 99.38400709767137 90.77696839075892 76.72851753919429 68.61637707405514 88.69707173977694
0.9047843251479548 3343.1376652761405 0.5 1.353628411398546 5267.448685885707 0.5 swap_t 100 1894.941507101059 98.00692125463289 87.36983648099053 99.38400709767137 90.77696839075892 76.96123236380234 68.61637707405514 88.69707173977694
0.9047843251479548 3343.1376652761405 0.5 1.3742891770489603 5356.026747295493 0.5 f_swap_t 100 1896.674720287323 98.00692125463289 87.36983648099053 99.38400709767137 90.90919870685133 76.96123236380234 68.61637707405514 88.69707173977694
0.9047843251479548 3343.1376652761405 0.5 1.3815186011076674 5387.021163430149 0.5 f_swap_t 100 1898.9492721557617 98.00692125463289 87.36983648099053 99.38400709767137 91.01010671978281 76.96123236380234 68.61637707405514 88.69707173977694
0.9047843251479548 3343.1376652761405 0.5 1.3623784793157951 5304.962496672209 0.5 move_t 100 1899.7475633621216 98.00692125463289 87.52613811618062 99.38400709767137 91.01010671978281 76.96123236380234 68.61637707405514 88.69707173977694
0.9047843251479548 3343.1376652761405 0.5 1.361267803862624 5300.200742913323 0.5 t_swap_r_k 100 1902.61030626297 98.00692125463289 87.52613811618062 99.38400709767137 91.01010671978281 76.96123236380234 68.97021330331458 88.69707173977694
0.9047843251479548 3343.1376652761405 0.5 1.3821225251094422 5389.610342273818 0.5 f_swap_t 100 1904.4504990577698 98.00692125463289 87.52613811618062 99.38400709767137 91.14000565258499 76.96123236380234 68.97021330331458 88.69707173977694
0.9047843251479548 3343.1376652761405 0.5 1.3437550980337305 5225.119230513896 0.5 t_move_k 100 1906.2140805721283 98.26685204208655 87.52613811618062 99.38400709767137 91.14000565258499 76.96123236380234 68.97021330331458 88.69707173977694
0.9047843251479548 3343.1376652761405 0.5 1.3591953623897892 5291.315648761681 0.5 f_swap_t 100 1908.2239611148834 98.26685204208655 87.52613811618062 99.38400709767137 91.30860559605914 76.96123236380234 68.97021330331458 88.69707173977694
0.9047843251479548 3343.1376652761405 0.5 1.3195569211650262 5151.148004273621 0.5277777777777778 t_multiswap_k 100 1910.2343354225159 98.26685204208655 87.52613811618062 99.38400709767137 91.30860559605914 76.96123236380234 68.97021330331458 89.04010102237918
0.9047843251479548 3343.1376652761405 0.5 1.3289314603249585 5210.285307279245 0.5454545454545454 t_multiswap_k 100 1912.2863504886627 98.26685204208655 87.52613811618062 99.38400709767137 91.30860559605914 76.96123236380234 68.97021330331458 89.38970001215539
0.9047843251479548 3343.1376652761405 0.5 1.286210655455264 5027.130135721148 0.5454545454545454 f_swap_t 100 1914.3177826404572 98.26685204208655 87.52613811618062 99.38400709767137 91.39551954009855 76.96123236380234 68.97021330331458 89.38970001215539
0.9047843251479548 3343.1376652761405 0.5 1.2490188090270928 4878.505455708902 0.5555555555555556 t_move_k 100 1916.1574139595032 98.46418352166569 87.52613811618062 99.38400709767137 91.39551954009855 76.96123236380234 68.97021330331458 89.38970001215539
0.9047843251479548 3343.1376652761405 0.5 1.2328026359799074 4798.156103058991 0.5454545454545454 t_move_k 100 1917.7591435909271 98.66954168644904 87.52613811618062 99.38400709767137 91.39551954009855 76.96123236380234 68.97021330331458 89.38970001215539
0.9047843251479548 3343.1376652761405 0.5 1.2227040496227897 4754.86084393703 0.5454545454545454 t_swap_r_k 100 1919.7651410102844 98.66954168644904 87.52613811618062 99.38400709767137 91.39551954009855 76.96123236380234 69.32051117028143 89.38970001215539
0.9047843251479548 3343.1376652761405 0.5 1.2208115697456376 4746.74729182519 0.5454545454545454 t_move_k 100 1921.3564636707306 98.68284626958454 87.52613811618062 99.38400709767137 91.39551954009855 76.96123236380234 69.32051117028143 89.38970001215539
0.9047843251479548 3343.1376652761405 0.5 1.2198943184288715 4753.641210095322 0.5555555555555556 t_multiswap_k 100 1922.1857364177704 98.68284626958454 87.52613811618062 99.38400709767137 91.39551954009855 76.96123236380234 69.32051117028143 89.55580301203383
0.9047843251479548 3343.1376652761405 0.5 1.2176802209278947 4744.148799807766 0.5555555555555556 f_swap_t 100 1924.5492959022522 98.68284626958454 87.52613811618062 99.38400709767137 91.48156434469756 76.96123236380234 69.32051117028143 89.55580301203383
0.9047843251479548 3343.1376652761405 0.5 1.2176802209278947 4744.148799807766 0.5555555555555556 move_t 100 1925.816599369049 98.68284626958454 87.65087673501881 99.38400709767137 91.48156434469756 76.96123236380234 69.32051117028143 89.55580301203383
0.9047843251479548 3343.1376652761405 0.5 1.2176802209278947 4744.148799807766 0.5555555555555556 f_swap_t 100 1928.765107870102 98.68284626958454 87.65087673501881 99.38400709767137 91.56674870125059 76.96123236380234 69.32051117028143 89.55580301203383
0.9047843251479548 3343.1376652761405 0.5 1.2176802209278947 4744.148799807766 0.5555555555555556 move_t 100 1929.4596061706543 98.68284626958454 87.77436796766862 99.38400709767137 91.56674870125059 76.96123236380234 69.32051117028143 89.55580301203383
0.9047843251479548 3343.1376652761405 0.5 1.2176802209278947 4744.148799807766 0.5555555555555556 swap_t 100 1930.1928081512451 98.68284626958454 87.77436796766862 99.38400709767137 91.56674870125059 77.19162004016431 69.32051117028143 89.55580301203383
0.9047843251479548 3343.1376652761405 0.5 1.2176802209278947 4744.148799807766 0.5555555555555556 t_move_k 100 1931.919756412506 98.6960178068887 87.77436796766862 99.38400709767137 91.56674870125059 77.19162004016431 69.32051117028143 89.55580301203383
0.9047843251479548 3343.1376652761405 0.5 1.2176802209278947 4744.148799807766 0.5555555555555556 t_multiswap_k 100 1933.1900992393494 98.6960178068887 87.77436796766862 99.38400709767137 91.56674870125059 77.19162004016431 69.32051117028143 89.6602449819135
0.9047843251479548 3343.1376652761405 0.5 1.2174795287597053 4743.288380426455 0.5555555555555556 t_multiswap_k 100 1934.5008330345154 98.6960178068887 87.77436796766862 99.38400709767137 91.56674870125059 77.19162004016431 69.32051117028143 89.79364253209435
0.9047843251479548 3343.1376652761405 0.5 1.2140425019290937 4728.552954894783 0.5555555555555556 t_swap_k 100 1936.5965323448181 98.6960178068887 87.77436796766862 99.39016702669466 91.56674870125059 77.19162004016431 69.32051117028143 89.79364253209435
0.9047843251479548 3343.1376652761405 0.5 1.2087677720683379 4676.16618519338 0.5277777777777778 t_multiswap_k 100 1938.016740322113 98.6960178068887 87.77436796766862 99.39016702669466 91.56674870125059 77.19162004016431 69.32051117028143 89.9557061067734
0.9047843251479548 3343.1376652761405 0.5 1.191516586695447 4631.978513432225 0.5555555555555556 f_swap_t 100 1940.4617018699646 98.6960178068887 87.77436796766862 99.39016702669466 91.71108121423808 77.19162004016431 69.32051117028143 89.9557061067734
0.9047843251479548 3343.1376652761405 0.5 1.1822777182538928 4592.369088011124 0.5555555555555556 f_swap_t 100 1942.8943800926208 98.6960178068887 87.77436796766862 99.39016702669466 91.7939704020957 77.19162004016431 69.32051117028143 89.9557061067734
0.9047843251479548 3343.1376652761405 0.5 1.2103097588968763 4682.77708269362 0.5277777777777778 t_swap_k 100 1944.8690719604492 98.6960178068887 87.77436796766862 99.43626535642771 91.7939704020957 77.19162004016431 69.32051117028143 89.9557061067734
0.9047843251479548 3343.1376652761405 0.5 1.1982464524268395 4660.83119344038 0.5555555555555556 f_swap_t 100 1946.37322640419 98.6960178068887 87.77436796766862 99.43626535642771 91.93603069807475 77.19162004016431 69.32051117028143 89.9557061067734
0.9047843251479548 3343.1376652761405 0.5 1.2721275364665503 4881.025145496831 0.5277777777777778 swap_t 100 1947.473436832428 98.6960178068887 87.77436796766862 99.43626535642771 91.93603069807475 77.42970383976267 69.32051117028143 89.9557061067734
0.9047843251479548 3343.1376652761405 0.5 1.2392105871409085 4836.455064389653 0.5555555555555556 t_multiswap_k 100 1949.301382780075 98.6960178068887 87.77436796766862 99.43626535642771 91.93603069807475 77.42970383976267 69.32051117028143 90.05614904570567
0.9047843251479548 3343.1376652761405 0.5 1.2334482391502646 4811.750383894447 0.5555555555555556 f_swap_t 100 1951.8789899349213 98.6960178068887 87.77436796766862 99.43626535642771 92.016670391094 77.42970383976267 69.32051117028143 90.05614904570567
0.9047843251479548 3343.1376652761405 0.5 1.253838389830852 4899.168248735465 0.5555555555555556 f_swap_t 100 1953.6818866729736 98.6960178068887 87.77436796766862 99.43626535642771 92.13650368718305 77.42970383976267 69.32051117028143 90.05614904570567
0.9047843251479548 3343.1376652761405 0.5 1.2383916374468158 4832.944014628851 0.5555555555555556 f_swap_t 100 1955.882136106491 98.6960178068887 87.77436796766862 99.43626535642771 92.21513865031122 77.42970383976267 69.32051117028143 90.05614904570567
0.9047843251479548 3343.1376652761405 0.5 1.2334482391502646 4811.750383894447 0.5555555555555556 t_swap_r_k 100 1959.4775094985962 98.6960178068887 87.77436796766862 99.43626535642771 92.21513865031122 77.42970383976267 69.66730605857862 90.05614904570567
0.9047843251479548 3343.1376652761405 0.5 1.2334482391502646 4811.750383894447 0.5555555555555556 f_swap_t 100 1962.2452404499054 98.6960178068887 87.77436796766862 99.43626535642771 92.2929872638081 77.42970383976267 69.66730605857862 90.05614904570567
0.9047843251479548 3343.1376652761405 0.5 1.2334482391502646 4811.750383894447 0.5555555555555556 t_swap_r_k 100 1964.8637750148773 98.6960178068887 87.77436796766862 99.43626535642771 92.2929872638081 77.42970383976267 70.01063299799283 90.05614904570567
0.9047843251479548 3343.1376652761405 0.5 1.2334482391502646 4811.750383894447 0.5555555555555556 f_swap_t 100 1966.9324009418488 98.6960178068887 87.77436796766862 99.43626535642771 92.37005739117002 77.42970383976267 70.01063299799283 90.05614904570567
0.9047843251479548 3343.1376652761405 0.5 1.2082661997534285 4725.441274359257 0.5757575757575758 t_multiswap_k 100 1968.5468819141388 98.6960178068887 87.77436796766862 99.43626535642771 92.37005739117002 77.42970383976267 70.01063299799283 90.2755875552486
0.9047843251479548 3343.1376652761405 0.5 1.1958453316896007 4672.189791198539 0.5757575757575758 f_swap_t 100 1971.0571002960205 98.6960178068887 87.77436796766862 99.43626535642771 92.44635681725832 77.42970383976267 70.01063299799283 90.2755875552486
0.9047843251479548 3343.1376652761405 0.5 1.1942262184572403 4665.2482327997795 0.5757575757575758 t_swap_r_k 100 1974.315062046051 98.6960178068887 87.77436796766862 99.43626535642771 92.44635681725832 77.42970383976267 70.3505266680129 90.2755875552486
0.9047843251479548 3343.1376652761405 0.5 1.2324233925388646 4829.009425813192 0.5757575757575758 move_t 100 1975.8224692344666 98.6960178068887 87.99662428799193 99.43626535642771 92.44635681725832 77.42970383976267 70.3505266680129 90.2755875552486
0.9047843251479548 3343.1376652761405 0.5 1.203840487665871 4706.467098682188 0.5757575757575758 t_move_k 100 1977.262191772461 98.73905762881982 87.99662428799193 99.43626535642771 92.44635681725832 77.42970383976267 70.3505266680129 90.2755875552486
0.9047843251479548 3343.1376652761405 0.5 1.1934515136620394 4661.926872396934 0.5757575757575758 move_t 100 1978.6092483997345 98.73905762881982 88.14665804511202 99.43626535642771 92.44635681725832 77.42970383976267 70.3505266680129 90.2755875552486
0.9047843251479548 3343.1376652761405 0.5 1.2745999167055713 5009.831124820022 0.5757575757575758 t_move_k 100 1980.3314001560211 98.88166705253163 88.14665804511202 99.43626535642771 92.44635681725832 77.42970383976267 70.3505266680129 90.2755875552486
0.9047843251479548 3343.1376652761405 0.5 1.2585045396293817 4867.786966600357 0.5555555555555556 swap_t 100 1981.1809086799622 98.88166705253163 88.14665804511202 99.43626535642771 92.44635681725832 77.66540680136504 70.3505266680129 90.2755875552486
0.9047843251479548 3343.1376652761405 0.5 1.2046225236028312 4709.819889591335 0.5757575757575758 t_multiswap_k 100 1981.8511250019073 98.88166705253163 88.14665804511202 99.43626535642771 92.44635681725832 77.66540680136504 70.3505266680129 90.43283167969612
0.9047843251479548 3343.1376652761405 0.5 1.1828116354699727 4616.310954776252 0.5757575757575758 t_move_k 100 1982.8611476421356 99.08285038200631 88.14665804511202 99.43626535642771 92.44635681725832 77.66540680136504 70.3505266680129 90.43283167969612
0.9047843251479548 3343.1376652761405 0.5 1.161608173930581 4533.526024762819 0.5833333333333334 t_swap_r_k 100 1985.9150466918945 99.08285038200631 88.14665804511202 99.43626535642771 92.44635681725832 77.66540680136504 70.71702140133277 90.43283167969612
0.9047843251479548 3343.1376652761405 0.5 1.2231974953317424 4797.5754208775115 0.5833333333333334 t_swap_k 100 1987.956197977066 99.08285038200631 88.14665804511202 99.55190270286343 92.44635681725832 77.66540680136504 70.71702140133277 90.43283167969612
0.9047843251479548 3343.1376652761405 0.5 1.2575727184316094 4944.950918680229 0.5833333333333334 t_move_k 100 1990.6041233539581 99.27202187818625 88.14665804511202 99.55190270286343 92.44635681725832 77.66540680136504 70.71702140133277 90.43283167969612
0.9047843251479548 3343.1376652761405 0.5 1.2180085339948075 4775.328997693924 0.5833333333333334 t_move_k 100 1992.284278869629 99.27930165940438 88.14665804511202 99.55190270286343 92.44635681725832 77.66540680136504 70.71702140133277 90.43283167969612
0.9047843251479548 3343.1376652761405 0.5 1.211892861364009 4749.109522819713 0.5833333333333334 t_swap_r_k 100 1994.9200818538666 99.27930165940438 88.14665804511202 99.55190270286343 92.44635681725832 77.66540680136504 71.04985118731945 90.43283167969612
0.9047843251479548 3343.1376652761405 0.5 1.211248258177344 4746.345941758902 0.5833333333333334 swap_t 100 1996.337464094162 99.27930165940438 88.14665804511202 99.55190270286343 92.44635681725832 77.88875273335138 71.04985118731945 90.43283167969612
0.9047843251479548 3343.1376652761405 0.5 1.2706433842862528 4971.215618907911 0.5555555555555556 t_multiswap_k 100 1997.5331046581268 99.27930165940438 88.14665804511202 99.55190270286343 92.44635681725832 77.88875273335138 71.04985118731945 90.57850336289916
0.9047843251479548 3343.1376652761405 0.5 1.2407392180776653 4843.008701717524 0.5555555555555556 f_swap_t 100 1999.760898590088 99.27930165940438 88.14665804511202 99.55190270286343 92.52189324908574 77.88875273335138 71.04985118731945 90.57850336289916
0.9047843251479548 3343.1376652761405 0.5 1.223450408031328 4768.887088612839 0.5555555555555556 move_t 100 2000.7140052318573 99.27930165940438 88.2951914646609 99.55190270286343 92.52189324908574 77.88875273335138 71.04985118731945 90.57850336289916
0.9047843251479548 3343.1376652761405 0.5 1.2155982780605747 4735.222970713458 0.5555555555555556 t_swap_r_k 100 2002.8982560634613 99.27930165940438 88.2951914646609 99.55190270286343 92.52189324908574 77.88875273335138 71.37935267544626 90.57850336289916
0.9047843251479548 3343.1376652761405 0.5 1.2129034851938005 4723.669694708173 0.5555555555555556 f_swap_t 100 2005.1065502166748 99.27930165940438 88.2951914646609 99.55190270286343 92.59667431659487 77.88875273335138 71.37935267544626 90.57850336289916
0.9047843251479548 3343.1376652761405 0.5 1.2883451606834813 5036.281313290443 0.5454545454545454 t_swap_k 100 2006.6880843639374 99.27930165940438 88.2951914646609 99.7063836758348 92.59667431659487 77.88875273335138 71.37935267544626 90.57850336289916
0.9047843251479548 3343.1376652761405 0.5 1.2297053338130775 4765.930943255942 0.5277777777777778 t_move_k 100 2007.7118804454803 99.46650864281034 88.2951914646609 99.7063836758348 92.59667431659487 77.88875273335138 71.37935267544626 90.57850336289916
0.9047843251479548 3343.1376652761405 0.5 1.2244140796081373 4743.245964014111 0.5277777777777778 t_multiswap_k 100 2008.1489684581757 99.46650864281034 88.2951914646609 99.7063836758348 92.59667431659487 77.88875273335138 71.37935267544626 90.67271832927017
0.9047843251479548 3343.1376652761405 0.5 1.2200293825819974 4741.58465857629 0.5454545454545454 move_t 100 2008.84312748909 99.46650864281034 88.4722395500143 99.7063836758348 92.59667431659487 77.88875273335138 71.37935267544626 90.67271832927017
0.9047843251479548 3343.1376652761405 0.5 1.1941834686990844 4643.41212832762 0.5555555555555556 move_t 100 2009.959306716919 99.46650864281034 88.61751715451415 99.7063836758348 92.59667431659487 77.88875273335138 71.37935267544626 90.67271832927017
0.9047843251479548 3343.1376652761405 0.5 1.1907301020307854 4628.606649673495 0.5555555555555556 t_swap_k 100 2011.0826778411865 99.46650864281034 88.61751715451415 99.70931983907646 92.59667431659487 77.88875273335138 71.37935267544626 90.67271832927017
0.9047843251479548 3343.1376652761405 0.5 1.188526795029004 4619.160501054868 0.5555555555555556 t_swap_k 100 2012.7766933441162 99.46650864281034 88.61751715451415 99.7122266406857 92.59667431659487 77.88875273335138 71.37935267544626 90.67271832927017
0.9047843251479548 3343.1376652761405 0.5 1.2308793601173038 4789.910520569542 0.5454545454545454 t_multiswap_k 100 2013.4076533317566 99.46650864281034 88.61751715451415 99.7122266406857 92.59667431659487 77.88875273335138 71.37935267544626 90.77599114597747
0.9047843251479548 3343.1376652761405 0.5 1.2024741715090035 4668.130109161986 0.5454545454545454 f_swap_t 100 2014.9270939826965 99.46650864281034 88.61751715451415 99.7122266406857 92.70070757342893 77.88875273335138 71.37935267544626 90.77599114597747
0.9047843251479548 3343.1376652761405 0.5 1.1866204573366697 4610.987536894851 0.5555555555555556 t_multiswap_k 100 2015.7846744060516 99.46650864281034 88.61751715451415 99.7122266406857 92.70070757342893 77.88875273335138 71.37935267544626 90.9282312345177
0.9047843251479548 3343.1376652761405 0.5 1.1700797521158945 4540.073243223571 0.5555555555555556 t_swap_k 100 2017.7538928985596 99.46650864281034 88.61751715451415 99.71510437427884 92.70070757342893 77.88875273335138 71.37935267544626 90.9282312345177
0.9047843251479548 3343.1376652761405 0.5 1.1589680009050434 4492.434283575176 0.5555555555555556 t_multiswap_k 100 2018.5043849945068 99.46650864281034 88.61751715451415 99.71510437427884 92.70070757342893 77.88875273335138 71.37935267544626 91.04894892217251
0.9047843251479548 3343.1376652761405 0.5 1.155197317518026 4476.268385841111 0.5555555555555556 t_multiswap_k 100 2019.1398785114288 99.46650864281034 88.61751715451415 99.71510437427884 92.70070757342893 77.88875273335138 71.37935267544626 91.13845943295078
0.9047843251479548 3343.1376652761405 0.5 1.1546615207575917 4473.971286152166 0.5555555555555556 f_swap_t 100 2020.3824517726898 99.46650864281034 88.61751715451415 99.71510437427884 92.77370049769463 77.88875273335138 71.37935267544626 91.13845943295078
0.9047843251479548 3343.1376652761405 0.5 1.1546615207575917 4473.971286152166 0.5555555555555556 t_swap_r_k 100 2022.4098091125488 99.46650864281034 88.61751715451415 99.71510437427884 92.77370049769463 77.88875273335138 71.70555914869179 91.13845943295078
0.9047843251479548 3343.1376652761405 0.5 1.1727935696070126 4540.881670142921 0.5454545454545454 t_move_k 100 2023.5086069107056 99.51184355638223 88.61751715451415 99.71510437427884 92.77370049769463 77.88875273335138 71.70555914869179 91.13845943295078
0.9047843251479548 3343.1376652761405 0.5 1.1635128791496863 4501.092942892255 0.5454545454545454 t_move_k 100 2024.6209697723389 99.5167251208184 88.61751715451415 99.71510437427884 92.77370049769463 77.88875273335138 71.70555914869179 91.13845943295078
0.9047843251479548 3343.1376652761405 0.5 1.3114573287906484 5086.650316252945 0.5 t_swap_k 100 2027.011278629303 99.5167251208184 88.61751715451415 99.84795333053604 92.77370049769463 77.88875273335138 71.70555914869179 91.13845943295078
0.9047843251479548 3343.1376652761405 0.5 1.2700989208958593 4909.3360939098775 0.5 t_swap_r_k 100 2030.1433725357056 99.5167251208184 88.61751715451415 99.84795333053604 92.77370049769463 77.88875273335138 72.02850355720487 91.13845943295078
0.9047843251479548 3343.1376652761405 0.5 1.2643964185291408 4884.887987127421 0.5 swap_t 100 2031.6291472911835 99.5167251208184 88.61751715451415 99.84795333053604 92.77370049769463 78.10986520601787 72.02850355720487 91.13845943295078
0.9047843251479548 3343.1376652761405 0.5 1.2547677303074363 4873.379937805144 0.5277777777777778 t_multiswap_k 100 2032.3820850849152 99.5167251208184 88.61751715451415 99.84795333053604 92.77370049769463 78.10986520601787 72.02850355720487 91.25707483862128
0.9047843251479548 3343.1376652761405 0.5 1.242080739189239 4818.987516082354 0.5277777777777778 t_swap_r_k 100 2035.4006652832031 99.5167251208184 88.61751715451415 99.84795333053604 92.77370049769463 78.10986520601787 72.34821852163282 91.25707483862128
0.9047843251479548 3343.1376652761405 0.5 1.241520142596862 4816.584093081198 0.5277777777777778 f_swap_t 100 2036.2711911201477 99.5167251208184 88.61751715451415 99.84795333053604 92.84596349271769 78.10986520601787 72.34821852163282 91.25707483862128
0.9047843251479548 3343.1376652761405 0.5 1.2814563944378485 5006.747385561532 0.5454545454545454 f_swap_t 100 2038.1983177661896 99.5167251208184 88.61751715451415 99.84795333053604 92.95750385779051 78.10986520601787 72.34821852163282 91.25707483862128
0.9047843251479548 3343.1376652761405 0.5 1.2990225258137058 4876.349964747035 0.5277777777777778 swap_t 100 2039.1947734355927 99.5167251208184 88.61751715451415 99.84795333053604 92.95750385779051 78.3387665539577 72.34821852163282 91.25707483862128
0.9047843251479548 3343.1376652761405 0.5 1.2989190508479083 5062.668101096354 0.5277777777777778 t_swap_k 100 2040.795083284378 99.5167251208184 88.61751715451415 99.95947379723069 92.95750385779051 78.3387665539577 72.34821852163282 91.25707483862128
0.9047843251479548 3343.1376652761405 0.5 1.2596184017144962 4894.176024312454 0.5277777777777778 t_move_k 100 2042.2615025043488 99.62155786961023 88.61751715451415 99.95947379723069 92.95750385779051 78.3387665539577 72.34821852163282 91.25707483862128
0.9047843251479548 3343.1376652761405 0.5 1.249083098100724 4849.008445033863 0.5277777777777778 f_swap_t 100 2044.3379426002502 99.62155786961023 88.61751715451415 99.95947379723069 93.0279288192126 78.3387665539577 72.34821852163282 91.25707483862128
0.9047843251479548 3343.1376652761405 0.5 1.242198389398358 4819.491913045397 0.5277777777777778 t_multiswap_k 100 2045.4673173427582 99.62155786961023 88.61751715451415 99.95947379723069 93.0279288192126 78.3387665539577 72.34821852163282 91.40450409023506
0.9047843251479548 3343.1376652761405 0.5 1.2301639440408012 4767.897124258226 0.5277777777777778 swap_t 100 2045.9342341423035 99.62155786961023 88.61751715451415 99.95947379723069 93.0279288192126 78.55537888841812 72.34821852163282 91.40450409023506
0.9047843251479548 3343.1376652761405 0.5 1.2433244249109727 4854.092153972504 0.5555555555555556 t_move_k 100 2046.9000084400177 99.80534229091413 88.61751715451415 99.95947379723069 93.0279288192126 78.55537888841812 72.34821852163282 91.40450409023506
0.9047843251479548 3343.1376652761405 0.5 1.208625845463764 4705.330343635356 0.5555555555555556 t_move_k 100 2047.83474111557 99.90728886800498 88.61751715451415 99.95947379723069 93.0279288192126 78.55537888841812 72.34821852163282 91.40450409023506
0.9047843251479548 3343.1376652761405 0.5 1.1766143321119202 4568.088682630267 0.5555555555555556 t_move_k 100 2048.748836517334 99.96821597932494 88.61751715451415 99.95947379723069 93.0279288192126 78.55537888841812 72.34821852163282 91.40450409023506
0.9047843251479548 3343.1376652761405 0.5 1.1693315586020643 4536.865543560556 0.5555555555555556 swap_t 100 2049.558025121689 99.96821597932494 88.61751715451415 99.95947379723069 93.0279288192126 78.76982509953393 72.34821852163282 91.40450409023506
0.9047843251479548 3343.1376652761405 0.5 1.184271156953938 4600.915476783784 0.5555555555555556 t_move_k 100 2051.4770669937134 99.97853381953169 88.61751715451415 99.95947379723069 93.0279288192126 78.76982509953393 72.34821852163282 91.40450409023506
0.9047843251479548 3343.1376652761405 0.5 1.1824621442529537 4593.159770106202 0.5555555555555556 t_multiswap_k 100 2052.0886919498444 99.97853381953169 88.61751715451415 99.95947379723069 93.0279288192126 78.76982509953393 72.34821852163282 91.49045904933271
0.9047843251479548 3343.1376652761405 0.5 1.2260025790806313 4769.002495307671 0.5454545454545454 f_swap_t 100 2053.808304786682 99.97853381953169 88.61751715451415 99.95947379723069 93.14764953102048 78.76982509953393 72.34821852163282 91.49045904933271
0.9047843251479548 3343.1376652761405 0.5 1.2064307178818203 4685.092849726008 0.5454545454545454 swap_t 100 2055.0420231819153 99.97853381953169 88.61751715451415 99.95947379723069 93.14764953102048 78.9821268485386 72.34821852163282 91.49045904933271
0.9047843251479548 3343.1376652761405 0.5 1.2044890720909103 4676.768510589049 0.5454545454545454 swap_t 100 2056.4438395500183 99.97853381953169 88.61751715451415 99.95947379723069 93.14764953102048 79.19230558005322 72.34821852163282 91.49045904933271
0.9047843251479548 3343.1376652761405 0.5 1.2159456279158882 4758.364974810443 0.5757575757575758 t_move_k 100 2057.6811814308167 100.07874848133638 88.61751715451415 99.95947379723069 93.14764953102048 79.19230558005322 72.34821852163282 91.49045904933271
0.9047843251479548 3343.1376652761405 0.5 1.2008226983026844 4671.876227746392 0.5555555555555556 t_move_k 100 2058.5886352062225 100.137960996523 88.61751715451415 99.95947379723069 93.14764953102048 79.19230558005322 72.34821852163282 91.49045904933271
0.9047843251479548 3343.1376652761405 0.5 1.2155861895281281 4764.943778648527 0.5833333333333334 t_swap_k 100 2060.715655565262 100.137960996523 88.61751715451415 100.03987905925838 93.14764953102048 79.19230558005322 72.34821852163282 91.49045904933271
0.9047843251479548 3343.1376652761405 0.5 1.1999113208896663 4697.741550989546 0.5833333333333334 t_multiswap_k 100 2061.9134430885315 100.137960996523 88.61751715451415 100.03987905925838 93.14764953102048 79.19230558005322 72.34821852163282 91.57555445883939
0.9047843251479548 3343.1376652761405 0.5 1.1962825327896358 4682.183995156123 0.5833333333333334 t_swap_k 100 2064.7448666095734 100.137960996523 88.61751715451415 100.0694802686658 93.14764953102048 79.19230558005322 72.34821852163282 91.57555445883939
0.9047843251479548 3343.1376652761405 0.5 1.1810567091758384 4616.906939992852 0.5833333333333334 t_swap_k 100 2066.8798089027405 100.137960996523 88.61751715451415 100.06878546597915 93.14764953102048 79.19230558005322 72.34821852163282 91.57555445883939
0.9047843251479548 3343.1376652761405 0.5 1.1810567091758384 4616.906939992852 0.5833333333333334 t_swap_r_k 100 2069.4515550136566 100.137960996523 88.61751715451415 100.06878546597915 93.14764953102048 79.19230558005322 72.66473633641648 91.57555445883939
0.9047843251479548 3343.1376652761405 0.5 1.193854004398738 4663.6524545847105 0.5757575757575758 t_multiswap_k 100 2070.684186697006 100.137960996523 88.61751715451415 100.06878546597915 93.14764953102048 79.19230558005322 72.66473633641648 91.72979891425099
0.9047843251479548 3343.1376652761405 0.5 1.193854004398738 4663.6524545847105 0.5757575757575758 move_t 100 2072.1806433200836 100.137960996523 88.731341982969 100.06878546597915 93.14764953102048 79.19230558005322 72.66473633641648 91.72979891425099
0.9047843251479548 3343.1376652761405 0.5 1.1918389583944093 4655.013429694004 0.5757575757575758 t_move_k 100 2073.6986458301544 100.16658138655778 88.731341982969 100.06878546597915 93.14764953102048 79.19230558005322 72.66473633641648 91.72979891425099
0.9047843251479548 3343.1376652761405 0.5 1.1668036736398895 4547.680670205837 0.5757575757575758 t_multiswap_k 100 2074.2830436229706 100.16658138655778 88.731341982969 100.06878546597915 93.14764953102048 79.19230558005322 72.66473633641648 91.84250092510848
0.9047843251479548 3343.1376652761405 0.5 1.1884675008442478 4640.559116675227 0.5757575757575758 t_swap_k 100 2076.2551329135895 100.16658138655778 88.731341982969 100.08809761131936 93.14764953102048 79.19230558005322 72.66473633641648 91.84250092510848
0.9047843251479548 3343.1376652761405 0.5 1.1907319192324832 4658.387075097762 0.5833333333333334 t_multiswap_k 100 2077.3598980903625 100.16658138655778 88.731341982969 100.08809761131936 93.14764953102048 79.19230558005322 72.66473633641648 91.96407591585739
0.9047843251479548 3343.1376652761405 0.5 1.1621231266737273 4535.73376074305 0.5833333333333334 t_swap_r_k 100 2080.214722633362 100.16658138655778 88.731341982969 100.08809761131936 93.14764953102048 79.19230558005322 72.97808897305232 91.96407591585739
0.9047843251479548 3343.1376652761405 0.5 1.1566344330691551 4512.202307582429 0.5833333333333334 f_swap_t 100 2081.705628633499 100.16658138655778 88.731341982969 100.08809761131936 93.21617303571027 79.19230558005322 72.97808897305232 91.96407591585739
0.9047843251479548 3343.1376652761405 0.5 1.2183551045914283 4806.587470345649 0.6111111111111112 t_move_k 100 2083.4211609363556 100.2649155726922 88.731341982969 100.08809761131936 93.21617303571027 79.19230558005322 72.97808897305232 91.96407591585739
0.9047843251479548 3343.1376652761405 0.5 1.178078387489844 4633.910737006042 0.6111111111111112 t_swap_r_k 100 2085.914470434189 100.2649155726922 88.731341982969 100.08809761131936 93.21617303571027 79.19230558005322 73.2883080833218 91.96407591585739
0.9047843251479548 3343.1376652761405 0.5 1.1655660503480796 4580.26710218262 0.6111111111111112 f_swap_t 100 2088.357874393463 100.2649155726922 88.731341982969 100.08809761131936 93.28401130535316 79.19230558005322 73.2883080833218 91.96407591585739
0.9047843251479548 3343.1376652761405 0.5 1.164816976363651 4577.055627713769 0.6111111111111112 t_swap_r_k 100 2091.9657797813416 100.2649155726922 88.731341982969 100.08809761131936 93.28401130535316 79.19230558005322 73.59542500248858 91.96407591585739
0.9047843251479548 3343.1376652761405 0.5 1.1623147304792214 4566.32785056535 0.6111111111111112 t_swap_r_k 100 2094.3618071079254 100.2649155726922 88.731341982969 100.08809761131936 93.28401130535316 79.19230558005322 73.8994707524637 91.96407591585739
0.9047843251479548 3343.1376652761405 0.5 1.1861971331575651 4663.30469926151 0.6060606060606061 t_move_k 100 2096.178467988968 100.39226641696528 88.731341982969 100.08809761131936 93.28401130535316 79.19230558005322 73.8994707524637 91.96407591585739
0.9047843251479548 3343.1376652761405 0.5 1.1692199667427943 4590.519183240637 0.6060606060606061 t_swap_k 100 2098.4898529052734 100.39226641696528 88.731341982969 100.18721663520616 93.28401130535316 79.19230558005322 73.8994707524637 91.96407591585739
0.9047843251479548 3343.1376652761405 0.5 1.1634933040310298 4565.9674947921685 0.6060606060606061 swap_t 100 2099.104057788849 100.39226641696528 88.731341982969 100.18721663520616 93.28401130535316 79.40038252425268 73.8994707524637 91.96407591585739
0.9047843251479548 3343.1376652761405 0.5 1.1846436108161702 4656.64434602553 0.6060606060606061 f_swap_t 100 2100.820469379425 100.39226641696528 88.731341982969 100.18721663520616 93.36117119229964 79.40038252425268 73.8994707524637 91.96407591585739
0.9047843251479548 3343.1376652761405 0.5 1.1999226485753185 4722.1495440328035 0.6060606060606061 move_t 100 2101.942281961441 100.39226641696528 88.88402856313931 100.18721663520616 93.36117119229964 79.40038252425268 73.8994707524637 91.96407591585739
0.9047843251479548 3343.1376652761405 0.5 1.1998433758177138 4721.809681158888 0.6060606060606061 t_move_k 100 2103.4168615341187 100.52834375279564 88.88402856313931 100.18721663520616 93.36117119229964 79.40038252425268 73.8994707524637 91.96407591585739
0.9047843251479548 3343.1376652761405 0.5 1.1757420684022482 4618.4811247817715 0.6060606060606061 t_move_k 100 2105.014535188675 100.52306031526768 88.88402856313931 100.18721663520616 93.36117119229964 79.40038252425268 73.8994707524637 91.96407591585739
0.9047843251479548 3343.1376652761405 0.5 1.2143844718676395 4842.323359879316 0.5757575757575758 move_t 100 2106.1275811195374 100.52306031526768 89.11518827750791 100.18721663520616 93.36117119229964 79.40038252425268 73.8994707524637 91.96407591585739
0.9047843251479548 3343.1376652761405 0.5 1.2077316012017336 4641.951217313148 0.5 t_swap_r_k 100 2108.1167826652527 100.52306031526768 89.11518827750791 100.18721663520616 93.36117119229964 79.40038252425268 74.20047604493907 91.96407591585739
0.9047843251479548 3343.1376652761405 0.5 1.203532235542772 4623.947447486052 0.5 t_swap_k 100 2109.4608795642853 100.52306031526768 89.11518827750791 100.2153444688541 93.36117119229964 79.40038252425268 74.20047604493907 91.96407591585739
0.9047843251479548 3343.1376652761405 0.5 1.2492971316713597 4820.153427858768 0.5 t_swap_k 100 2110.4825372695923 100.52306031526768 89.11518827750791 100.25319102416556 93.36117119229964 79.40038252425268 74.20047604493907 91.96407591585739
0.9047843251479548 3343.1376652761405 0.5 1.2338636292706724 4753.985999867602 0.5 f_swap_t 100 2112.4647538661957 100.52306031526768 89.11518827750791 100.25319102416556 93.42755948037664 79.40038252425268 74.20047604493907 91.96407591585739
0.9047843251479548 3343.1376652761405 0.5 1.2317055568875392 4744.733783792246 0.5 t_swap_k 100 2114.4338829517365 100.52306031526768 89.11518827750791 100.2806591139239 93.42755948037664 79.40038252425268 74.20047604493907 91.96407591585739
0.9047843251479548 3343.1376652761405 0.5 1.335668873925702 5190.451490327807 0.5 t_swap_k 100 2116.1882677078247 100.52306031526768 89.11518827750791 100.35785252278467 93.42755948037664 79.40038252425268 74.20047604493907 91.96407591585739
0.9047843251479548 3343.1376652761405 0.5 1.3175183533345196 5128.875119481441 0.5151515151515151 t_multiswap_k 100 2117.4342708587646 100.52306031526768 89.11518827750791 100.35785252278467 93.42755948037664 79.40038252425268 74.20047604493907 92.19443515669882
0.9047843251479548 3343.1376652761405 0.5 1.290991696559674 5015.148461304498 0.5151515151515151 move_t 100 2119.145955324173 100.52306031526768 89.22403639473283 100.35785252278467 93.42755948037664 79.40038252425268 74.20047604493907 92.19443515669882
0.9047843251479548 3343.1376652761405 0.5 1.3254964522706523 5163.079299009702 0.5151515151515151 f_swap_t 100 2121.2916283607483 100.52306031526768 89.22403639473283 100.35785252278467 93.53328388557287 79.40038252425268 74.20047604493907 92.19443515669882
0.9047843251479548 3343.1376652761405 0.5 1.283121230922994 4981.405733649318 0.5151515151515151 t_multiswap_k 100 2122.623547554016 100.52306031526768 89.22403639473283 100.35785252278467 93.53328388557287 79.40038252425268 74.20047604493907 92.37249080513183
0.9047843251479548 3343.1376652761405 0.5 1.3144646020765012 5148.262133500453 0.5454545454545454 f_swap_t 100 2123.8287992477417 100.52306031526768 89.22403639473283 100.35785252278467 93.64795104671714 79.40038252425268 74.20047604493907 92.37249080513183
0.9047843251479548 3343.1376652761405 0.5 1.4629347489169588 5814.780375115934 0.5 swap_t 100 2124.9409654140472 100.52306031526768 89.22403639473283 100.35785252278467 93.64795104671714 79.80637869901015 74.20047604493907 92.37249080513183
0.9047843251479548 3343.1376652761405 0.5 1.3232298431491625 5137.122138906581 0.5 t_multiswap_k 100 2126.0914759635925 100.52306031526768 89.22403639473283 100.35785252278467 93.64795104671714 79.80637869901015 74.20047604493907 92.63876589708052
0.9047843251479548 3343.1376652761405 0.5 1.2663693991619729 4942.065523492744 0.5454545454545454 t_swap_k 100 2128.046493291855 100.52306031526768 89.22403639473283 100.52427399755682 93.64795104671714 79.80637869901015 74.20047604493907 92.63876589708052
0.9047843251479548 3343.1376652761405 0.5 1.232558718732832 4797.110366552613 0.5454545454545454 swap_t 100 2129.8705682754517 100.52306031526768 89.22403639473283 100.52427399755682 93.64795104671714 80.00831491202005 74.20047604493907 92.63876589708052
0.9047843251479548 3343.1376652761405 0.5 1.261734721907625 4903.249237919421 0.5277777777777778 f_swap_t 100 2131.8173501491547 100.52306031526768 89.22403639473283 100.52427399755682 93.72147153624996 80.00831491202005 74.20047604493907 92.63876589708052
0.9047843251479548 3343.1376652761405 0.5 1.287640537030273 4984.541552287933 0.5 t_swap_k 100 2133.1503431797028 100.52306031526768 89.22403639473283 100.52903125758125 93.72147153624996 80.00831491202005 74.20047604493907 92.63876589708052
0.9047843251479548 3343.1376652761405 0.5 1.284313024285401 4970.275642047999 0.5 t_move_k 100 2133.9515545368195 100.55782971211501 89.22403639473283 100.52903125758125 93.72147153624996 80.00831491202005 74.20047604493907 92.63876589708052
0.9047843251479548 3343.1376652761405 0.5 1.2737265577755692 4924.888714163179 0.5 swap_t 100 2135.3006694316864 100.55782971211501 89.22403639473283 100.52903125758125 93.72147153624996 80.20823176289986 74.20047604493907 92.63876589708052
0.9047843251479548 3343.1376652761405 0.5 1.309323444366603 5093.741419109928 0.5151515151515151 t_swap_k 100 2137.607582092285 100.55782971211501 89.22403639473283 100.59374094500544 93.72147153624996 80.20823176289986 74.20047604493907 92.63876589708052
0.9047843251479548 3343.1376652761405 0.5 1.3966953613549156 5435.848252337019 0.48484848484848486 move_t 100 2139.1574153900146 100.55782971211501 89.49179603078551 100.59374094500544 93.72147153624996 80.20823176289986 74.20047604493907 92.63876589708052
0.9047843251479548 3343.1376652761405 0.5 1.3505912984503725 5270.667413776969 0.5151515151515151 f_swap_t 100 2142.04349899292 100.55782971211501 89.49179603078551 100.59374094500544 93.83425682088746 80.20823176289986 74.20047604493907 92.63876589708052
0.9047843251479548 3343.1376652761405 0.5 1.412670638773998 5536.8176481152 0.5151515151515151 t_move_k 100 2143.737462043762 100.68225141499386 89.49179603078551 100.59374094500544 93.83425682088746 80.20823176289986 74.20047604493907 92.63876589708052
0.9047843251479548 3343.1376652761405 0.5 1.3656655037650993 5367.773679720333 0.5454545454545454 t_move_k 100 2145.375799894333 100.79542890084392 89.49179603078551 100.59374094500544 93.83425682088746 80.20823176289986 74.20047604493907 92.63876589708052
0.9047843251479548 3343.1376652761405 0.5 1.3829930918277102 5442.061544239171 0.5454545454545454 f_swap_t 100 2146.9076523780823 100.79542890084392 89.49179603078551 100.59374094500544 93.90591425267858 80.20823176289986 74.20047604493907 92.63876589708052
0.9047843251479548 3343.1376652761405 0.5 1.3668970921482009 5405.53305632821 0.5757575757575758 t_move_k 100 2148.5630266666412 100.81747461183548 89.49179603078551 100.59374094500544 93.90591425267858 80.20823176289986 74.20047604493907 92.63876589708052
0.9047843251479548 3343.1376652761405 0.5 1.348727562668759 5327.635570569513 0.5757575757575758 f_swap_t 100 2149.770220041275 100.81747461183548 89.49179603078551 100.59374094500544 93.9968551101518 80.20823176289986 74.20047604493907 92.63876589708052
0.9047843251479548 3343.1376652761405 0.5 1.3304168326490238 5249.132721469457 0.5757575757575758 t_move_k 100 2151.356910467148 101.03929986571713 89.49179603078551 100.59374094500544 93.9968551101518 80.20823176289986 74.20047604493907 92.63876589708052
0.9047843251479548 3343.1376652761405 0.5 1.2902695933617128 5077.011093104079 0.5757575757575758 t_multiswap_k 100 2152.211459159851 101.03929986571713 89.49179603078551 100.59374094500544 93.9968551101518 80.20823176289986 74.20047604493907 92.77237823810971
0.9047843251479548 3343.1376652761405 0.5 1.2716292380771306 5029.574292749723 0.6060606060606061 t_multiswap_k 100 2153.8039700984955 101.03929986571713 89.49179603078551 100.59374094500544 93.9968551101518 80.20823176289986 74.20047604493907 92.94465445572861
0.9047843251479548 3343.1376652761405 0.5 1.2371558388002255 4881.7778882107405 0.6060606060606061 swap_t 100 2155.44783616066 101.03929986571713 89.49179603078551 100.59374094500544 93.9968551101518 80.43614944527086 74.20047604493907 92.94465445572861
0.9047843251479548 3343.1376652761405 0.5 1.2308415106279005 4854.706725501989 0.6060606060606061 t_swap_r_k 100 2158.5333700180054 101.03929986571713 89.49179603078551 100.59374094500544 93.9968551101518 80.43614944527086 74.49847128448968 92.94465445572861
0.9047843251479548 3343.1376652761405 0.5 1.2688699554971234 5017.744532616224 0.6060606060606061 t_move_k 100 2160.792722225189 101.16890686705996 89.49179603078551 100.59374094500544 93.9968551101518 80.43614944527086 74.49847128448968 92.94465445572861
0.9047843251479548 3343.1376652761405 0.5 1.2593545170952651 4922.817317111668 0.5555555555555556 t_swap_r_k 100 2163.2996006011963 101.16890686705996 89.49179603078551 100.59374094500544 93.9968551101518 80.43614944527086 74.79348657164479 92.94465445572861
0.9047843251479548 3343.1376652761405 0.5 1.3068515701923955 5156.222138311099 0.5833333333333334 t_swap_k 100 2164.5618624687195 101.16890686705996 89.49179603078551 100.65780353555539 93.9968551101518 80.43614944527086 74.79348657164479 92.94465445572861
0.9047843251479548 3343.1376652761405 0.5 1.2814650065838558 5047.383355259728 0.5833333333333334 t_swap_r_k 100 2166.9174134731293 101.16890686705996 89.49179603078551 100.65780353555539 93.9968551101518 80.43614944527086 75.08555170592834 92.94465445572861
0.9047843251479548 3343.1376652761405 0.5 1.300215542915908 5184.610434171468 0.6363636363636364 t_move_k 100 2168.7138731479645 101.36721779838936 89.49179603078551 100.65780353555539 93.9968551101518 80.43614944527086 75.08555170592834 92.94465445572861
0.9047843251479548 3343.1376652761405 0.5 1.3274002679402415 5274.092370163219 0.6111111111111112 t_swap_k 100 2171.0943665504456 101.36721779838936 89.49179603078551 100.90122550019983 93.9968551101518 80.43614944527086 75.08555170592834 92.94465445572861
0.9047843251479548 3343.1376652761405 0.5 1.2799289199867228 5070.570388191184 0.6111111111111112 t_swap_k 100 2172.5826857089996 101.36721779838936 89.49179603078551 101.00221324519784 93.9968551101518 80.43614944527086 75.08555170592834 92.94465445572861
0.9047843251479548 3343.1376652761405 0.5 1.2624903052668959 4995.806523594354 0.6111111111111112 swap_t 100 2173.4838032722473 101.36721779838936 89.49179603078551 101.00221324519784 93.9968551101518 80.63178795081815 75.08555170592834 92.94465445572861
0.9047843251479548 3343.1376652761405 0.5 1.2569842911894313 4972.200813073795 0.6111111111111112 t_swap_r_k 100 2177.0489349365234 101.36721779838936 89.49179603078551 101.00221324519784 93.9968551101518 80.63178795081815 75.37469618886905 92.94465445572861
0.9047843251479548 3343.1376652761405 0.5 1.2770227849369125 5085.177064891441 0.6363636363636364 t_move_k 100 2178.8096628189087 101.39354562040546 89.49179603078551 101.00221324519784 93.9968551101518 80.63178795081815 75.37469618886905 92.94465445572861
0.9047843251479548 3343.1376652761405 0.5 1.2614573708076808 5018.444097104249 0.6363636363636364 t_multiswap_k 100 2179.9340336322784 101.39354562040546 89.49179603078551 101.00221324519784 93.9968551101518 80.63178795081815 75.37469618886905 93.01520791117133
0.9047843251479548 3343.1376652761405 0.5 1.2614573708076808 5018.444097104249 0.6363636363636364 move_t 100 2180.916348218918 101.39354562040546 89.59687807047766 101.00221324519784 93.9968551101518 80.63178795081815 75.37469618886905 93.01520791117133
0.9047843251479548 3343.1376652761405 0.5 1.263640137847692 5027.802185579033 0.6363636363636364 move_t 100 2181.82670044899 101.39354562040546 89.71090928977289 101.00221324519784 93.9968551101518 80.63178795081815 75.37469618886905 93.01520791117133
0.9047843251479548 3343.1376652761405 0.5 1.259706675592096 5010.938412613181 0.6363636363636364 t_swap_r_k 100 2185.084025621414 101.39354562040546 89.71090928977289 101.00221324519784 93.9968551101518 80.63178795081815 75.66094922698036 93.01520791117133
0.9047843251479548 3343.1376652761405 0.5 1.3581092359782692 5405.7496815489185 0.6111111111111112 f_swap_t 100 2187.5092713832855 101.39354562040546 89.71090928977289 101.00221324519784 94.14688655905029 80.63178795081815 75.66094922698036 93.01520791117133
0.9047843251479548 3343.1376652761405 0.5 1.3053871060515574 5179.7162352903915 0.6111111111111112 t_multiswap_k 100 2189.317144870758 101.39354562040546 89.71090928977289 101.00221324519784 94.14688655905029 80.63178795081815 75.66094922698036 93.14505583205961
0.9047843251479548 3343.1376652761405 0.5 1.296472549799915 5141.497220348748 0.6111111111111112 t_swap_k 100 2190.3711602687836 101.39354562040546 89.71090928977289 101.06219111274586 94.14688655905029 80.63178795081815 75.66094922698036 93.14505583205961
0.9047843251479548 3343.1376652761405 0.5 1.2882901310682846 5106.417068859957 0.6111111111111112 move_t 100 2192.1334404945374 101.39354562040546 89.81380019687516 101.06219111274586 94.14688655905029 80.63178795081815 75.66094922698036 93.14505583205961
0.9047843251479548 3343.1376652761405 0.5 1.2882901310682846 5106.417068859957 0.6111111111111112 swap_t 100 2193.7089586257935 101.39354562040546 89.81380019687516 101.06219111274586 94.14688655905029 80.82547007130997 75.66094922698036 93.14505583205961
0.9047843251479548 3343.1376652761405 0.5 1.2764846534637861 5055.803924220657 0.6111111111111112 move_t 100 2195.49178147316 101.39354562040546 89.9756621949064 101.06219111274586 94.14688655905029 80.82547007130997 75.66094922698036 93.14505583205961
0.9047843251479548 3343.1376652761405 0.5 1.264154372068424 5002.94080960436 0.6111111111111112 swap_t 100 2196.5390672683716 101.39354562040546 89.9756621949064 101.06219111274586 94.14688655905029 81.01721537059687 75.66094922698036 93.14505583205961
0.9047843251479548 3343.1376652761405 0.5 1.2603819986845561 4986.767666415438 0.6111111111111112 swap_t 100 2197.539704322815 101.39354562040546 89.9756621949064 101.06219111274586 94.14688655905029 81.20704321689091 75.66094922698036 93.14505583205961
0.9047843251479548 3343.1376652761405 0.5 1.258267716569479 4977.70319057772 0.6111111111111112 t_swap_k 100 2199.3663358688354 101.39354562040546 89.9756621949064 101.08156920161841 94.14688655905029 81.20704321689091 75.66094922698036 93.14505583205961
0.9047843251479548 3343.1376652761405 0.5 1.2521939903209613 4951.663550724557 0.6111111111111112 f_swap_t 100 2200.825504541397 101.39354562040546 89.9756621949064 101.08156920161841 94.20541769345978 81.20704321689091 75.66094922698036 93.14505583205961
0.9047843251479548 3343.1376652761405 0.5 1.2521939903209613 4951.663550724557 0.6111111111111112 swap_t 100 2201.901350259781 101.39354562040546 89.9756621949064 101.08156920161841 94.20541769345978 81.394972784722 75.66094922698036 93.14505583205961
0.9047843251479548 3343.1376652761405 0.5 1.2508442160911124 4945.87671849172 0.6111111111111112 t_swap_k 100 2203.089732646942 101.39354562040546 89.9756621949064 101.10075350960223 94.20541769345978 81.394972784722 75.66094922698036 93.14505583205961
0.9047843251479548 3343.1376652761405 0.5 1.2798797240894466 4921.496299572766 0.4722222222222222 t_swap_r_k 100 2206.179702758789 101.39354562040546 89.9756621949064 101.10075350960223 94.20541769345978 81.394972784722 75.97433973471055 93.14505583205961
0.9047843251479548 3343.1376652761405 0.5 1.27670494538027 4907.885199760582 0.4722222222222222 move_t 100 2207.909989833832 101.39354562040546 90.10590557295734 101.10075350960223 94.20541769345978 81.394972784722 75.97433973471055 93.14505583205961
0.9047843251479548 3343.1376652761405 0.5 1.2884985574280576 4958.4474736805305 0.4722222222222222 t_move_k 100 2209.7183599472046 101.51961016420141 90.10590557295734 101.10075350960223 94.20541769345978 81.394972784722 75.97433973471055 93.14505583205961
0.9047843251479548 3343.1376652761405 0.5 1.2637372745376652 4852.289431255503 0.4722222222222222 f_swap_t 100 2210.9955303668976 101.51961016420141 90.10590557295734 101.10075350960223 94.26336351652517 81.394972784722 75.97433973471055 93.14505583205961
0.9047843251479548 3343.1376652761405 0.5 1.2637178502773438 4852.2061544131675 0.4722222222222222 f_swap_t 100 2212.8023290634155 101.51961016420141 90.10590557295734 101.10075350960223 94.32072988135992 81.394972784722 75.97433973471055 93.14505583205961
0.9047843251479548 3343.1376652761405 0.5 1.2680716099570233 4870.871851454379 0.4722222222222222 t_move_k 100 2214.25657248497 101.5144140625594 90.10590557295734 101.10075350960223 94.32072988135992 81.394972784722 75.97433973471055 93.14505583205961
0.9047843251479548 3343.1376652761405 0.5 1.265162495156261 4858.399721726462 0.4722222222222222 f_swap_t 100 2216.4140088558197 101.5144140625594 90.10590557295734 101.10075350960223 94.37752258254632 81.394972784722 75.97433973471055 93.14505583205961
0.9047843251479548 3343.1376652761405 0.5 1.265162495156261 4858.399721726462 0.4722222222222222 t_swap_k 100 2218.585608482361 101.5144140625594 90.10590557295734 101.0897459745062 94.37752258254632 81.394972784722 75.97433973471055 93.14505583205961
0.9047843251479548 3343.1376652761405 0.5 1.2983828634039423 4981.8778352032405 0.45454545454545453 f_swap_t 100 2220.289139032364 101.5144140625594 90.10590557295734 101.0897459745062 94.44374735672086 81.394972784722 75.97433973471055 93.14505583205961
0.9047843251479548 3343.1376652761405 0.5 1.2688814646476052 4855.397686551974 0.45454545454545453 t_move_k 100 2222.07395529747 101.4992699219338 90.10590557295734 101.0897459745062 94.44374735672086 81.394972784722 75.97433973471055 93.14505583205961
0.9047843251479548 3343.1376652761405 0.5 1.3353214585391822 5140.243173818602 0.45454545454545453 t_swap_k 100 2223.9073474407196 101.4992699219338 90.10590557295734 101.12884851476115 94.44374735672086 81.394972784722 75.97433973471055 93.14505583205961
0.9047843251479548 3343.1376652761405 0.5 1.3045568812893276 5040.826689073206 0.48484848484848486 t_swap_r_k 100 2226.252316713333 101.4992699219338 90.10590557295734 101.12884851476115 94.44374735672086 81.394972784722 76.28459633736345 93.14505583205961
0.9047843251479548 3343.1376652761405 0.5 1.2922072881726416 5020.360017853977 0.5151515151515151 t_multiswap_k 100 2227.6714260578156 101.4992699219338 90.10590557295734 101.12884851476115 94.44374735672086 81.394972784722 76.28459633736345 93.24360527373902
0.9047843251479548 3343.1376652761405 0.5 1.2897985340446496 5010.033064115646 0.5151515151515151 t_swap_r_k 100 2230.3482809066772 101.4992699219338 90.10590557295734 101.12884851476115 94.44374735672086 81.394972784722 76.56175037398982 93.24360527373902
0.9047843251479548 3343.1376652761405 0.5 1.2816154005481133 4942.470610488774 0.48484848484848486 t_swap_k 100 2231.8057742118835 101.4992699219338 90.10590557295734 101.17756002961353 94.44374735672086 81.394972784722 76.56175037398982 93.24360527373902
0.9047843251479548 3343.1376652761405 0.5 1.3927888370097592 5386.620731424948 0.45454545454545453 move_t 100 2233.8638999462128 101.4992699219338 90.36484651722776 101.17756002961353 94.44374735672086 81.394972784722 76.56175037398982 93.24360527373902
0.9047843251479548 3343.1376652761405 0.5 1.4367270131899454 5607.4743273129625 0.48484848484848486 t_swap_k 100 2236.2962312698364 101.4992699219338 90.36484651722776 101.3857844293174 94.44374735672086 81.394972784722 76.56175037398982 93.24360527373902
0.9047843251479548 3343.1376652761405 0.5 1.3857890843556677 5421.569451685966 0.5151515151515151 move_t 100 2237.143268108368 101.4992699219338 90.49119805205548 101.3857844293174 94.44374735672086 81.394972784722 76.56175037398982 93.24360527373902
0.9047843251479548 3343.1376652761405 0.5 1.3610948762281936 5315.6989761676705 0.5151515151515151 t_move_k 100 2238.3547241687775 101.57427722271447 90.49119805205548 101.3857844293174 94.44374735672086 81.394972784722 76.56175037398982 93.24360527373902
0.9047843251479548 3343.1376652761405 0.5 1.3449605688306727 5214.047777622133 0.48484848484848486 t_swap_k 100 2240.5302069187164 101.57427722271447 90.49119805205548 101.41192658502422 94.44374735672086 81.394972784722 76.56175037398982 93.24360527373902
0.9047843251479548 3343.1376652761405 0.5 1.3166081699716816 5124.972927318197 0.5151515151515151 t_swap_k 100 2242.5284662246704 101.57427722271447 90.49119805205548 101.45780731917398 94.44374735672086 81.394972784722 76.56175037398982 93.24360527373902
0.9047843251479548 3343.1376652761405 0.5 1.3112441247949178 5101.975874299366 0.5151515151515151 t_move_k 100 2244.012589454651 101.60853445048733 90.49119805205548 101.45780731917398 94.44374735672086 81.394972784722 76.56175037398982 93.24360527373902
0.9047843251479548 3343.1376652761405 0.5 1.3017424636281225 5061.239788301001 0.5151515151515151 t_swap_k 100 2245.7482693195343 101.60853445048733 90.49119805205548 101.44322924598224 94.44374735672086 81.394972784722 76.56175037398982 93.24360527373902
0.9047843251479548 3343.1376652761405 0.5 1.3016445350745083 5060.819943190581 0.5151515151515151 t_move_k 100 2247.500231742859 101.59244910598245 90.49119805205548 101.44322924598224 94.44374735672086 81.394972784722 76.56175037398982 93.24360527373902
0.9047843251479548 3343.1376652761405 0.5 1.3016445350745083 5060.819943190581 0.5151515151515151 t_swap_r_k 100 2250.3088150024414 101.59244910598245 90.49119805205548 101.44322924598224 94.44374735672086 81.394972784722 76.83613287024993 93.24360527373902
0.9047843251479548 3343.1376652761405 0.5 1.3016445350745083 5060.819943190581 0.5151515151515151 t_swap_r_k 100 2253.7609140872955 101.59244910598245 90.49119805205548 101.44322924598224 94.44374735672086 81.394972784722 77.10777154154742 93.24360527373902
0.9047843251479548 3343.1376652761405 0.5 1.3016445350745083 5060.819943190581 0.5151515151515151 t_swap_r_k 100 2256.3741784095764 101.59244910598245 90.49119805205548 101.44322924598224 94.44374735672086 81.394972784722 77.37669382613194 93.24360527373902
0.9047843251479548 3343.1376652761405 0.5 1.3016445350745083 5060.819943190581 0.5151515151515151 t_swap_r_k 100 2259.675230026245 101.59244910598245 90.49119805205548 101.44322924598224 94.44374735672086 81.394972784722 77.64292688787062 93.24360527373902
0.9047843251479548 3343.1376652761405 0.5 1.3016445350745083 5060.819943190581 0.5151515151515151 t_swap_k 100 2260.9539427757263 101.59244910598245 90.49119805205548 101.42879695352242 94.44374735672086 81.394972784722 77.64292688787062 93.24360527373902
0.9047843251479548 3343.1376652761405 0.5 1.3016445350745083 5060.819943190581 0.5151515151515151 t_move_k 100 2262.8058025836945 101.57652461492263 90.49119805205548 101.42879695352242 94.44374735672086 81.394972784722 77.64292688787062 93.24360527373902
0.9047843251479548 3343.1376652761405 0.5 1.3068932394760204 5083.32250038839 0.5151515151515151 t_multiswap_k 100 2264.5031430721283 101.57652461492263 90.49119805205548 101.42879695352242 94.44374735672086 81.394972784722 77.64292688787062 93.45116922100163
0.9047843251479548 3343.1376652761405 0.5 1.2767892998528145 4954.259102751558 0.5151515151515151 t_swap_k 100 2267.437717437744 101.57652461492263 90.49119805205548 101.47450898398719 94.44374735672086 81.394972784722 77.64292688787062 93.45116922100163
0.9047843251479548 3343.1376652761405 0.5 1.2696554362158747 4923.674378931838 0.5151515151515151 swap_t 100 2269.363578557968 101.57652461492263 90.49119805205548 101.47450898398719 94.44374735672086 81.58102305687478 77.64292688787062 93.45116922100163
0.9047843251479548 3343.1376652761405 0.5 1.2663218611142089 4971.5700480754585 0.5151515151515151 move_t 100 2271.3448989391327 101.57652461492263 90.61628607153493 101.47450898398719 94.44374735672086 81.58102305687478 77.64292688787062 93.45116922100163
0.9047843251479548 3343.1376652761405 0.5 1.255987231350634 4865.075239364592 0.5151515151515151 t_move_k 100 2273.527356147766 101.5607593687734 90.61628607153493 101.47450898398719 94.44374735672086 81.58102305687478 77.64292688787062 93.45116922100163
0.9047843251479548 3343.1376652761405 0.5 1.2524324285358959 4863.367893371266 0.5277777777777778 t_move_k 100 2275.2807202339172 101.57515177508567 90.61628607153493 101.47450898398719 94.44374735672086 81.58102305687478 77.64292688787062 93.45116922100163
0.9047843251479548 3343.1376652761405 0.5 1.2524324285358959 4863.367893371266 0.5277777777777778 t_swap_r_k 100 2279.4835703372955 101.57515177508567 90.61628607153493 101.47450898398719 94.44374735672086 81.58102305687478 77.9064976189919 93.45116922100163
0.9047843251479548 3343.1376652761405 0.5 1.2524324285358959 4863.367893371266 0.5277777777777778 move_t 100 2281.6185677051544 101.57515177508567 90.71012321081957 101.47450898398719 94.44374735672086 81.58102305687478 77.9064976189919 93.45116922100163
0.9047843251479548 3343.1376652761405 0.5 1.3244393017558138 5172.080036276417 0.5277777777777778 t_swap_k 100 2283.561014652252 101.57515177508567 90.71012321081957 101.67976389414731 94.44374735672086 81.58102305687478 77.9064976189919 93.45116922100163
0.9047843251479548 3343.1376652761405 0.5 1.2710494653579816 4962.13018120806 0.5454545454545454 t_swap_k 100 2286.582564353943 101.57515177508567 90.71012321081957 101.72296625520585 94.44374735672086 81.58102305687478 77.9064976189919 93.45116922100163
0.9047843251479548 3343.1376652761405 0.5 1.2461595923726443 4855.420839691825 0.5454545454545454 t_move_k 100 2289.351908683777 101.67940025733482 90.71012321081957 101.72296625520585 94.44374735672086 81.58102305687478 77.9064976189919 93.45116922100163
0.9047843251479548 3343.1376652761405 0.5 1.2208983603623946 4747.119385711301 0.5454545454545454 t_multiswap_k 100 2291.2747015953064 101.67940025733482 90.71012321081957 101.72296625520585 94.44374735672086 81.58102305687478 77.9064976189919 93.51665752879161
0.9047843251479548 3343.1376652761405 0.5 1.2201913478596178 4744.088239724357 0.5454545454545454 t_multiswap_k 100 2293.0559327602386 101.67940025733482 90.71012321081957 101.72296625520585 94.44374735672086 81.58102305687478 77.9064976189919 93.58149095350369
0.9047843251479548 3343.1376652761405 0.5 1.2176660953343654 4744.088239724357 0.5555555555555556 t_swap_r_k 100 2296.5044782161713 101.67940025733482 90.71012321081957 101.72296625520585 94.44374735672086 81.58102305687478 78.19743264280199 93.58149095350369
0.9047843251479548 3343.1376652761405 0.5 1.251122917992761 4827.981047397882 0.5 t_multiswap_k 100 2297.6995010375977 101.67940025733482 90.71012321081957 101.72296625520585 94.44374735672086 81.58102305687478 78.19743264280199 93.68567604396866
0.9047843251479548 3343.1376652761405 0.5 1.274232484943429 4927.0577551610695 0.5 t_multiswap_k 100 2298.9368121623993 101.67940025733482 90.71012321081957 101.72296625520585 94.44374735672086 81.58102305687478 78.19743264280199 93.81881928352897
0.9047843251479548 3343.1376652761405 0.5 1.2583191139980536 4858.833006248733 0.5 t_swap_r_k 100 2302.677222251892 101.67940025733482 90.71012321081957 101.72296625520585 94.44374735672086 81.58102305687478 78.45545831637396 93.81881928352897
0.9047843251479548 3343.1376652761405 0.5 1.2557127516419089 4847.658854779951 0.5 move_t 100 2303.8734884262085 101.67940025733482 90.80302197871139 101.72296625520585 94.44374735672086 81.58102305687478 78.45545831637396 93.81881928352897
0.9047843251479548 3343.1376652761405 0.5 1.2557127516419089 4847.658854779951 0.5 t_multiswap_k 100 2306.5748631954193 101.67940025733482 90.80302197871139 101.72296625520585 94.44374735672086 81.58102305687478 78.45545831637396 93.88063109069368
0.9047843251479548 3343.1376652761405 0.5 1.2677249647464914 4899.158328131937 0.5 t_move_k 100 2308.680255174637 101.73260625476148 90.80302197871139 101.72296625520585 94.44374735672086 81.58102305687478 78.45545831637396 93.88063109069368
0.9047843251479548 3343.1376652761405 0.5 1.255959950987594 4848.7186624943915 0.5 f_swap_t 100 2312.461898088455 101.73260625476148 90.80302197871139 101.72296625520585 94.49930988315366 81.58102305687478 78.45545831637396 93.88063109069368
0.9047843251479548 3343.1376652761405 0.5 1.2609795801086432 4886.478733424218 0.5151515151515151 t_swap_k 100 2315.4873230457306 101.73260625476148 90.80302197871139 101.74573659265378 94.49930988315366 81.58102305687478 78.45545831637396 93.88063109069368
0.9047843251479548 3343.1376652761405 0.5 1.2623781524106281 4906.007791381199 0.5277777777777778 f_swap_t 100 2318.9394834041595 101.73260625476148 90.80302197871139 101.74573659265378 94.59431678432212 81.58102305687478 78.45545831637396 93.88063109069368
0.9047843251479548 3343.1376652761405 0.5 1.28693535652256 4981.518260539016 0.5 t_multiswap_k 100 2320.0060453414917 101.73260625476148 90.80302197871139 101.74573659265378 94.59431678432212 81.58102305687478 78.45545831637396 94.04182477978675
0.9047843251479548 3343.1376652761405 0.5 1.3502559371495346 5301.708870648541 0.5454545454545454 t_swap_k 100 2321.1790454387665 101.73260625476148 90.80302197871139 101.91827922672725 94.59431678432212 81.58102305687478 78.45545831637396 94.04182477978675
0.9047843251479548 3343.1376652761405 0.5 1.3019449675033528 5094.587212695853 0.5454545454545454 t_swap_k 100 2322.8876008987427 101.73260625476148 90.80302197871139 101.92909643445998 94.59431678432212 81.58102305687478 78.45545831637396 94.04182477978675
0.9047843251479548 3343.1376652761405 0.5 1.2779966046866644 4972.968147460976 0.5277777777777778 t_multiswap_k 100 2324.443074941635 101.73260625476148 90.80302197871139 101.92909643445998 94.59431678432212 81.58102305687478 78.45545831637396 94.13140653198889
0.9047843251479548 3343.1376652761405 0.5 1.2704206470232189 4940.488051877627 0.5277777777777778 t_move_k 100 2325.7826175689697 101.71528019221387 90.80302197871139 101.92909643445998 94.59431678432212 81.58102305687478 78.45545831637396 94.13140653198889
0.9047843251479548 3343.1376652761405 0.5 1.2765964846781206 4966.965469815998 0.5277777777777778 t_move_k 100 2327.7428498268127 101.80812739029173 90.80302197871139 101.92909643445998 94.59431678432212 81.58102305687478 78.45545831637396 94.13140653198889
0.9047843251479548 3343.1376652761405 0.5 1.259937317007992 4895.543296897107 0.5277777777777778 swap_t 100 2329.440691947937 101.80812739029173 90.80302197871139 101.92909643445998 94.59431678432212 81.76521282630604 78.45545831637396 94.13140653198889
0.9047843251479548 3343.1376652761405 0.5 1.2565585189879278 4881.057513379858 0.5277777777777778 f_swap_t 100 2331.5795288085938 101.80812739029173 90.80302197871139 101.92909643445998 94.64837361647889 81.76521282630604 78.45545831637396 94.13140653198889
0.9047843251479548 3343.1376652761405 0.5 1.2522045884459279 4892.163718416798 0.5555555555555556 t_move_k 100 2334.269299030304 101.85004611638881 90.80302197871139 101.92909643445998 94.64837361647889 81.76521282630604 78.45545831637396 94.13140653198889
0.9047843251479548 3343.1376652761405 0.5 1.2479799708750887 4874.051687093546 0.5555555555555556 t_swap_r_k 100 2337.52822470665 101.85004611638881 90.80302197871139 101.92909643445998 94.64837361647889 81.76521282630604 78.71090373321023 94.13140653198889
0.9047843251479548 3343.1376652761405 0.5 1.2786587746799174 4946.0344073689375 0.5 t_multiswap_k 100 2338.4008417129517 101.85004611638881 90.80302197871139 101.92909643445998 94.64837361647889 81.76521282630604 78.71090373321023 94.210092466669
0.9047843251479548 3343.1376652761405 0.5 1.2665763983548473 4894.234126091524 0.5 swap_t 100 2339.107148885727 101.85004611638881 90.80302197871139 101.92909643445998 94.64837361647889 81.94756069804298 78.71090373321023 94.210092466669
0.9047843251479548 3343.1376652761405 0.5 1.2621486116107632 4875.251055823794 0.5 t_multiswap_k 100 2341.354175567627 101.85004611638881 90.80302197871139 101.92909643445998 94.64837361647889 81.94756069804298 78.71090373321023 94.3179915420023
0.9047843251479548 3343.1376652761405 0.5 1.2682406203253604 4841.823808132744 0.4444444444444444 t_swap_r_k 100 2344.59912610054 101.85004611638881 90.80302197871139 101.92909643445998 94.64837361647889 81.94756069804298 78.99379469587812 94.3179915420023
0.9047843251479548 3343.1376652761405 0.5 1.2410989935845418 4768.766264539178 0.48484848484848486 t_multiswap_k 100 2346.942756652832 101.85004611638881 90.80302197871139 101.92909643445998 94.64837361647889 81.94756069804298 78.99379469587812 94.59481162658228
0.9047843251479548 3343.1376652761405 0.5 1.2552318953855295 4796.878442649267 0.45454545454545453 t_swap_k 100 2349.00518989563 101.85004611638881 90.80302197871139 101.97980547011538 94.64837361647889 81.94756069804298 78.99379469587812 94.59481162658228
0.9047843251479548 3343.1376652761405 0.5 1.2386043315075466 4744.537985408875 0.4722222222222222 t_multiswap_k 100 2350.5779836177826 101.85004611638881 90.80302197871139 101.97980547011538 94.64837361647889 81.94756069804298 78.99379469587812 94.70886351031646
0.9047843251479548 3343.1376652761405 0.5 1.2333008271242445 4735.333502206381 0.48484848484848486 move_t 100 2352.5784289836884 101.85004611638881 90.92499175892426 101.97980547011538 94.64837361647889 81.94756069804298 78.99379469587812 94.70886351031646
0.9047843251479548 3343.1376652761405 0.5 1.2275170652344287 4710.537014771008 0.48484848484848486 t_multiswap_k 100 2354.54314494133 101.85004611638881 90.92499175892426 101.97980547011538 94.64837361647889 81.94756069804298 78.99379469587812 94.79177487521329
0.9047843251479548 3343.1376652761405 0.5 1.2277580835093684 4711.570322631894 0.48484848484848486 t_swap_k 100 2358.088198900223 101.85004611638881 90.92499175892426 102.00000741541423 94.64837361647889 81.94756069804298 78.99379469587812 94.79177487521329
0.9047843251479548 3343.1376652761405 0.5 1.2350449171894544 4677.8523931934615 0.42424242424242425 t_swap_r_k 100 2362.391752719879 101.85004611638881 90.92499175892426 102.00000741541423 94.64837361647889 81.94756069804298 79.24385674891934 94.79177487521329
0.9047843251479548 3343.1376652761405 0.5 1.2185517051419166 4607.141715074806 0.42424242424242425 t_multiswap_k 100 2364.4755115509033 101.85004611638881 90.92499175892426 102.00000741541423 94.64837361647889 81.94756069804298 79.24385674891934 94.90385712646116
0.9047843251479548 3343.1376652761405 0.5 1.240051280876247 4699.315972888027 0.42424242424242425 move_t 100 2366.812577724457 101.85004611638881 91.05574184133502 102.00000741541423 94.64837361647889 81.94756069804298 79.24385674891934 94.90385712646116
0.9047843251479548 3343.1376652761405 0.5 1.2702028696166279 4893.542130160654 0.48484848484848486 t_multiswap_k 100 2369.010449886322 101.85004611638881 91.05574184133502 102.00000741541423 94.64837361647889 81.94756069804298 79.24385674891934 95.23481855519655
0.9047843251479548 3343.1376652761405 0.5 1.234750802720248 4741.549923686525 0.48484848484848486 t_swap_k 100 2370.8661937713623 101.85004611638881 91.05574184133502 102.14000734126009 94.64837361647889 81.94756069804298 79.24385674891934 95.23481855519655
0.9047843251479548 3343.1376652761405 0.5 1.2184357440116442 4671.6030351419595 0.48484848484848486 swap_t 100 2371.762588262558 101.85004611638881 91.05574184133502 102.14000734126009 94.64837361647889 82.12808509106254 79.24385674891934 95.23481855519655
0.9047843251479548 3343.1376652761405 0.5 1.210878539054598 4639.203337275091 0.48484848484848486 t_multiswap_k 100 2374.099558353424 101.85004611638881 91.05574184133502 102.14000734126009 94.64837361647889 82.12808509106254 79.24385674891934 95.28247036964459
0.9047843251479548 3343.1376652761405 0.5 1.2016929077103389 4616.061771976696 0.5 move_t 100 2375.5606966018677 101.85004611638881 91.17518442292167 102.14000734126009 94.64837361647889 82.12808509106254 79.24385674891934 95.28247036964459
0.9047843251479548 3343.1376652761405 0.5 1.1967858683575403 4595.0240214650785 0.5 move_t 100 2376.9097859859467 101.85004611638881 91.26343257869246 102.14000734126009 94.64837361647889 82.12808509106254 79.24385674891934 95.28247036964459
0.9047843251479548 3343.1376652761405 0.5 1.1967858683575403 4595.0240214650785 0.5 t_swap_r_k 100 2379.149599790573 101.85004611638881 91.26343257869246 102.14000734126009 94.64837361647889 82.12808509106254 79.49141818143015 95.28247036964459
0.9047843251479548 3343.1376652761405 0.5 1.2292430884728112 4685.457686340769 0.45454545454545453 t_swap_k 100 2381.826347589493 101.85004611638881 91.26343257869246 102.13860726784749 94.64837361647889 82.12808509106254 79.49141818143015 95.28247036964459
0.9047843251479548 3343.1376652761405 0.5 1.2315820269233466 4760.443797671854 0.5151515151515151 t_swap_k 100 2384.6646835803986 101.85004611638881 91.26343257869246 102.24722119516902 94.64837361647889 82.12808509106254 79.49141818143015 95.28247036964459
0.9047843251479548 3343.1376652761405 0.5 1.2244070287939284 4729.682719613261 0.5151515151515151 swap_t 100 2386.450390815735 101.85004611638881 91.26343257869246 102.24722119516902 94.64837361647889 82.30680424015192 79.49141818143015 95.28247036964459
0.9047843251479548 3343.1376652761405 0.5 1.2231906090494955 4724.467612649387 0.5151515151515151 move_t 100 2388.17756319046 101.85004611638881 91.35079825290553 102.24722119516902 94.64837361647889 82.30680424015192 79.49141818143015 95.28247036964459
0.9047843251479548 3343.1376652761405 0.5 1.2231906090494955 4724.467612649387 0.5151515151515151 swap_t 100 2389.3587720394135 101.85004611638881 91.35079825290553 102.24722119516902 94.64837361647889 82.4837361977504 79.49141818143015 95.28247036964459
0.9047843251479548 3343.1376652761405 0.5 1.3120386938951194 5105.382398130228 0.5151515151515151 t_move_k 100 2392.17498922348 101.90154565522492 91.35079825290553 102.24722119516902 94.64837361647889 82.4837361977504 79.49141818143015 95.28247036964459
0.9047843251479548 3343.1376652761405 0.5 1.2533728728063274 4815.693793179834 0.5151515151515151 move_t 100 2393.7463648319244 101.90154565522492 91.49729027037648 102.24722119516902 94.64837361647889 82.4837361977504 79.49141818143015 95.28247036964459
0.9047843251479548 3343.1376652761405 0.5 1.2173618354628273 4699.478148394306 0.5151515151515151 f_swap_t 100 2397.1108798980713 101.90154565522492 91.49729027037648 102.24722119516902 94.7018898803141 82.4837361977504 79.49141818143015 95.28247036964459
0.9047843251479548 3343.1376652761405 0.5 1.25434314158265 4858.026600079108 0.5151515151515151 t_move_k 100 2399.277013540268 102.02253019867267 91.49729027037648 102.24722119516902 94.7018898803141 82.4837361977504 79.49141818143015 95.28247036964459
0.9047843251479548 3343.1376652761405 0.5 1.2228062528261663 4736.352793555694 0.5277777777777778 t_swap_r_k 100 2403.3274414539337 102.02253019867267 91.49729027037648 102.24722119516902 94.7018898803141 82.4837361977504 79.76650399961585 95.28247036964459
0.9047843251479548 3343.1376652761405 0.5 1.2139841913154683 4698.530327560111 0.5277777777777778 t_move_k 100 2405.966106891632 102.00230489668594 91.49729027037648 102.24722119516902 94.7018898803141 82.4837361977504 79.76650399961585 95.28247036964459
0.9047843251479548 3343.1376652761405 0.5 1.2139841913154683 4698.530327560111 0.5277777777777778 f_swap_t 100 2407.682622909546 102.00230489668594 91.49729027037648 102.24722119516902 94.75487098151096 82.4837361977504 79.76650399961585 95.28247036964459
0.9047843251479548 3343.1376652761405 0.5 1.2679091734111028 4920.13981061468 0.5454545454545454 move_t 100 2409.2892985343933 102.00230489668594 91.65231736767272 102.24722119516902 94.75487098151096 82.4837361977504 79.76650399961585 95.28247036964459
0.9047843251479548 3343.1376652761405 0.5 1.2212007133522906 4748.415651404431 0.5454545454545454 t_multiswap_k 100 2411.6072323322296 102.00230489668594 91.65231736767272 102.24722119516902 94.75487098151096 82.4837361977504 79.76650399961585 95.38964566594814
0.9047843251479548 3343.1376652761405 0.5 1.2140424158284349 4717.72617317375 0.5454545454545454 swap_t 100 2413.189442873001 102.00230489668594 91.65231736767272 102.24722119516902 94.75487098151096 82.6588988357729 79.76650399961585 95.38964566594814
0.9047843251479548 3343.1376652761405 0.5 1.2101374517147216 4700.984579134103 0.5454545454545454 t_swap_k 100 2416.4907047748566 102.00230489668594 91.65231736767272 102.25474898321733 94.75487098151096 82.6588988357729 79.76650399961585 95.38964566594814
0.9047843251479548 3343.1376652761405 0.5 1.2326258531630392 4748.679332635194 0.5 t_multiswap_k 100 2418.316718816757 102.00230489668594 91.65231736767272 102.25474898321733 94.75487098151096 82.6588988357729 79.76650399961585 95.48574920928866
0.9047843251479548 3343.1376652761405 0.5 1.2486566773230812 4817.407633944261 0.5 t_move_k 100 2420.28630566597 102.06228184771908 91.65231736767272 102.25474898321733 94.75487098151096 82.6588988357729 79.76650399961585 95.48574920928866
0.9047843251479548 3343.1376652761405 0.5 1.236573993372423 4765.606033796157 0.5 f_swap_t 100 2422.4251630306244 102.06228184771908 91.65231736767272 102.25474898321733 94.80732227169585 82.6588988357729 79.76650399961585 95.48574920928866
0.9047843251479548 3343.1376652761405 0.5 1.236573993372423 4765.606033796157 0.5 swap_t 100 2423.2751281261444 102.06228184771908 91.65231736767272 102.25474898321733 94.80732227169585 82.83230984741517 79.76650399961585 95.48574920928866
0.9047843251479548 3343.1376652761405 0.5 1.2081387683895128 4643.696848659702 0.5 t_multiswap_k 100 2424.9808230400085 102.06228184771908 91.65231736767272 102.25474898321733 94.80732227169585 82.83230984741517 79.76650399961585 95.62089171719578
0.9047843251479548 3343.1376652761405 0.5 1.1959719405632994 4591.534501891541 0.5 t_swap_r_k 100 2428.4365603923798 102.06228184771908 91.65231736767272 102.25474898321733 94.80732227169585 82.83230984741517 80.0088389596197 95.62089171719578
0.9047843251479548 3343.1376652761405 0.5 1.1910040507705182 4570.235869760103 0.5 t_move_k 100 2430.3915202617645 102.10165902924189 91.65231736767272 102.25474898321733 94.80732227169585 82.83230984741517 80.0088389596197 95.62089171719578
0.9047843251479548 3343.1376652761405 0.5 1.1942294200731614 4584.063864568854 0.5 t_swap_k 100 2432.7182397842407 102.10165902924189 91.65231736767272 102.30220149338516 94.80732227169585 82.83230984741517 80.0088389596197 95.62089171719578
0.9047843251479548 3343.1376652761405 0.5 1.1941275778736213 4583.627240643216 0.5 swap_t 100 2433.7529816627502 102.10165902924189 91.65231736767272 102.30220149338516 94.80732227169585 83.00398674894102 80.0088389596197 95.62089171719578
0.9047843251479548 3343.1376652761405 0.5 1.2079540604888899 4659.144576857271 0.5151515151515151 t_swap_k 100 2436.476658821106 102.10165902924189 91.65231736767272 102.3191794784513 94.80732227169585 83.00398674894102 80.0088389596197 95.62089171719578
0.9047843251479548 3343.1376652761405 0.5 1.189195272652491 4562.481168800505 0.5 t_multiswap_k 100 2439.902914762497 102.10165902924189 91.65231736767272 102.3191794784513 94.80732227169585 83.00398674894102 80.0088389596197 95.69468280002381
0.9047843251479548 3343.1376652761405 0.5 1.1796304668799118 4521.47436549846 0.5 swap_t 100 2441.438116312027 102.10165902924189 91.65231736767272 102.3191794784513 94.80732227169585 83.17394688145161 80.0088389596197 95.69468280002381
0.9047843251479548 3343.1376652761405 0.5 1.1796304668799118 4521.47436549846 0.5 move_t 100 2443.12326836586 102.10165902924189 91.735794193996 102.3191794784513 94.80732227169585 83.17394688145161 80.0088389596197 95.69468280002381
0.9047843251479548 3343.1376652761405 0.5 1.1726860224354674 4521.47436549846 0.5277777777777778 t_swap_r_k 100 2447.196712732315 102.10165902924189 91.735794193996 102.3191794784513 94.80732227169585 83.17394688145161 80.2787505700235 95.69468280002381
0.9047843251479548 3343.1376652761405 0.5 1.2008159927169637 4661.021066575911 0.5454545454545454 t_swap_k 100 2448.3677084445953 102.10165902924189 91.735794193996 102.37598768366679 94.80732227169585 83.17394688145161 80.2787505700235 95.69468280002381
0.9047843251479548 3343.1376652761405 0.5 1.2107845658536558 4638.800449787532 0.48484848484848486 t_swap_r_k 100 2451.927436351776 102.10165902924189 91.735794193996 102.37598768366679 94.80732227169585 83.17394688145161 80.51596306432327 95.69468280002381
0.9047843251479548 3343.1376652761405 0.5 1.2284297795068087 4714.450057599934 0.48484848484848486 t_swap_k 100 2454.5628888607025 102.10165902924189 91.735794193996 102.43222780683013 94.80732227169585 83.17394688145161 80.51596306432327 95.69468280002381
0.9047843251479548 3343.1376652761405 0.5 1.2188681622934352 4705.936162233794 0.5151515151515151 t_swap_k 100 2457.8757288455963 102.10165902924189 91.735794193996 102.47790552876182 94.80732227169585 83.17394688145161 80.51596306432327 95.69468280002381
0.9047843251479548 3343.1376652761405 0.5 1.2045959299009574 4644.747399982368 0.5151515151515151 move_t 100 2459.6726722717285 102.10165902924189 91.84843625205605 102.47790552876182 94.80732227169585 83.17394688145161 80.51596306432327 95.69468280002381
0.9047843251479548 3343.1376652761405 0.5 1.2215384563807512 4782.342881128018 0.5757575757575758 t_multiswap_k 100 2460.775179862976 102.10165902924189 91.84843625205605 102.47790552876182 94.80732227169585 83.17394688145161 80.51596306432327 95.78773597202357
0.9047843251479548 3343.1376652761405 0.5 1.205016920006016 4711.510769271798 0.5757575757575758 move_t 100 2461.97238945961 102.10165902924189 91.92995188953549 102.47790552876182 94.80732227169585 83.17394688145161 80.51596306432327 95.78773597202357
0.9047843251479548 3343.1376652761405 0.5 1.2005668558930578 4692.432190145319 0.5757575757575758 swap_t 100 2463.6856389045715 102.10165902924189 91.92995188953549 102.47790552876182 94.80732227169585 83.3422074126371 80.51596306432327 95.78773597202357
0.9047843251479548 3343.1376652761405 0.5 1.1766583013572411 4568.277190189864 0.5555555555555556 t_move_k 100 2466.81902718544 102.14064243894947 91.92995188953549 102.47790552876182 94.80732227169585 83.3422074126371 80.51596306432327 95.78773597202357
0.9047843251479548 3343.1376652761405 0.5 1.1590891847607698 4514.606655368149 0.5757575757575758 t_swap_k 100 2468.8799431324005 102.14064243894947 91.92995188953549 102.5131264734742 94.80732227169585 83.3422074126371 80.51596306432327 95.78773597202357
0.9047843251479548 3343.1376652761405 0.5 1.1541264578907042 4501.449967464454 0.5833333333333334 t_move_k 100 2470.6556000709534 102.18923601455998 91.92995188953549 102.5131264734742 94.80732227169585 83.3422074126371 80.51596306432327 95.78773597202357
0.9047843251479548 3343.1376652761405 0.5 1.1445576381204148 4460.425955113059 0.5833333333333334 move_t 100 2471.55752325058 102.18923601455998 92.01065237064013 102.5131264734742 94.80732227169585 83.3422074126371 80.51596306432327 95.78773597202357
0.9047843251479548 3343.1376652761405 0.5 1.1587104319826735 4545.462081721673 0.6060606060606061 t_move_k 100 2473.491240978241 102.20734365441439 92.01065237064013 102.5131264734742 94.80732227169585 83.3422074126371 80.51596306432327 95.78773597202357
0.9047843251479548 3343.1376652761405 0.5 1.1414445804240727 4471.438897608972 0.6060606060606061 f_swap_t 100 2476.3166134357452 102.20734365441439 92.01065237064013 102.5131264734742 94.8592490489789 83.3422074126371 80.51596306432327 95.78773597202357
0.9047843251479548 3343.1376652761405 0.5 1.1560466769302524 4534.041872877223 0.6060606060606061 swap_t 100 2478.583375453949 102.20734365441439 92.01065237064013 102.5131264734742 94.8592490489789 83.51878533851072 80.51596306432327 95.78773597202357
0.9047843251479548 3343.1376652761405 0.5 1.2994763720206322 5094.830116133102 0.5555555555555556 t_swap_k 100 2480.6492490768433 102.20734365441439 92.01065237064013 102.58799520873946 94.8592490489789 83.51878533851072 80.51596306432327 95.78773597202357
0.9047843251479548 3343.1376652761405 0.5 1.261087218729212 4930.245858451011 0.5555555555555556 t_swap_r_k 100 2484.78151679039 102.20734365441439 92.01065237064013 102.58799520873946 94.8592490489789 83.51878533851072 80.75080343368003 95.78773597202357
0.9047843251479548 3343.1376652761405 0.5 1.2455899121004834 4863.804885184454 0.5555555555555556 move_t 100 2486.2070224285126 102.20734365441439 92.09054584693374 102.58799520873946 94.8592490489789 83.51878533851072 80.75080343368003 95.78773597202357
0.9047843251479548 3343.1376652761405 0.5 1.2451086404343106 4861.741548717531 0.5555555555555556 swap_t 100 2487.8255245685577 102.20734365441439 92.09054584693374 102.58799520873946 94.8592490489789 83.68359748512562 80.75080343368003 95.78773597202357
0.9047843251479548 3343.1376652761405 0.5 1.2395831297734703 4838.052251286943 0.5555555555555556 move_t 100 2490.1675345897675 102.20734365441439 92.1996403884644 102.58799520873946 94.8592490489789 83.68359748512562 80.75080343368003 95.78773597202357
0.9047843251479548 3343.1376652761405 0.5 1.237341258706349 4828.440768517314 0.5555555555555556 t_move_k 100 2493.0453686714172 102.21527021787024 92.1996403884644 102.58799520873946 94.8592490489789 83.68359748512562 80.75080343368003 95.78773597202357
0.9047843251479548 3343.1376652761405 0.5 1.2333442652846884 4841.077255572829 0.5833333333333334 t_multiswap_k 100 2495.066285133362 102.21527021787024 92.1996403884644 102.58799520873946 94.8592490489789 83.68359748512562 80.75080343368003 95.86985861230333
0.9047843251479548 3343.1376652761405 0.5 1.24717274987124 4900.363555879288 0.5833333333333334 f_swap_t 100 2497.6684172153473 102.21527021787024 92.1996403884644 102.58799520873946 94.9506565584891 83.68359748512562 80.75080343368003 95.86985861230333
0.9047843251479548 3343.1376652761405 0.5 1.2840570335679222 5058.496047270049 0.5833333333333334 f_swap_t 100 2499.3079645633698 102.21527021787024 92.1996403884644 102.58799520873946 95.0311499929042 83.68359748512562 80.75080343368003 95.86985861230333
0.9047843251479548 3343.1376652761405 0.5 1.2401743031969215 4927.19806577546 0.6363636363636364 t_swap_k 100 2501.3720853328705 102.21527021787024 92.1996403884644 102.65211525665207 95.0311499929042 83.68359748512562 80.75080343368003 95.86985861230333
0.9047843251479548 3343.1376652761405 0.5 1.2277660134031763 4874.000508921185 0.6363636363636364 t_swap_k 100 2502.9120814800262 102.21527021787024 92.1996403884644 102.62559410408555 95.0311499929042 83.68359748512562 80.75080343368003 95.86985861230333
0.9047843251479548 3343.1376652761405 0.5 1.2277660134031763 4874.000508921185 0.6363636363636364 t_swap_k 100 2505.8483855724335 102.21527021787024 92.1996403884644 102.59933816304469 95.0311499929042 83.68359748512562 80.75080343368003 95.86985861230333
0.9047843251479548 3343.1376652761405 0.5 1.221394074277644 4846.68235311269 0.6363636363636364 t_move_k 100 2507.313996553421 102.22311751569154 92.1996403884644 102.59933816304469 95.0311499929042 83.68359748512562 80.75080343368003 95.86985861230333
0.9047843251479548 3343.1376652761405 0.5 1.213850836934161 4814.34253802814 0.6363636363636364 f_swap_t 100 2509.570571422577 102.22311751569154 92.1996403884644 102.59933816304469 95.08083849297516 83.68359748512562 80.75080343368003 95.86985861230333
0.9047843251479548 3343.1376652761405 0.5 1.2094456190339538 4795.456226248101 0.6363636363636364 move_t 100 2510.8645074367523 102.22311751569154 92.27764398457975 102.59933816304469 95.08083849297516 83.68359748512562 80.75080343368003 95.86985861230333
0.9047843251479548 3343.1376652761405 0.5 1.199292819025455 4751.928539140531 0.6363636363636364 t_swap_k 100 2514.328459262848 102.22311751569154 92.27764398457975 102.66334478141424 95.08083849297516 83.68359748512562 80.75080343368003 95.86985861230333
0.9047843251479548 3343.1376652761405 0.5 1.2440464963310092 4846.361448858602 0.5454545454545454 t_multiswap_k 100 2516.762724876404 102.22311751569154 92.27764398457975 102.66334478141424 95.08083849297516 83.68359748512562 80.75080343368003 95.9811600261803
0.9047843251479548 3343.1376652761405 0.5 1.243972828232042 4846.045614610022 0.5454545454545454 t_move_k 100 2518.86443567276 102.24088634053463 92.27764398457975 102.66334478141424 95.08083849297516 83.68359748512562 80.75080343368003 95.9811600261803
0.9047843251479548 3343.1376652761405 0.5 1.2314093229139627 4857.141084053606 0.6060606060606061 t_multiswap_k 100 2520.512942790985 102.24088634053463 92.27764398457975 102.66334478141424 95.08083849297516 83.68359748512562 80.75080343368003 96.0513484259185
0.9047843251479548 3343.1376652761405 0.5 1.2510793175970445 4798.021486582976 0.4722222222222222 t_swap_r_k 100 2525.0016515254974 102.24088634053463 92.27764398457975 102.66334478141424 95.08083849297516 83.68359748512562 80.98329539934323 96.0513484259185
0.9047843251479548 3343.1376652761405 0.5 1.2474630349276672 4782.517544774468 0.4722222222222222 f_swap_t 100 2528.272824525833 102.24088634053463 92.27764398457975 102.66334478141424 95.1300301080454 83.68359748512562 80.98329539934323 96.0513484259185
0.9047843251479548 3343.1376652761405 0.5 1.2474630349276672 4782.517544774468 0.4722222222222222 swap_t 100 2529.723022222519 102.24088634053463 92.27764398457975 102.66334478141424 95.1300301080454 83.84676151027436 80.98329539934323 96.0513484259185
0.9047843251479548 3343.1376652761405 0.5 1.2286976654797002 4748.077792006513 0.5151515151515151 t_multiswap_k 100 2531.6072494983673 102.24088634053463 92.27764398457975 102.66334478141424 95.1300301080454 83.84676151027436 80.98329539934323 96.19083494165932
0.9047843251479548 3343.1376652761405 0.5 1.2742931755512164 4914.011712133975 0.5151515151515151 move_t 100 2533.2219643592834 102.24088634053463 92.39486754473396 102.66334478141424 95.1300301080454 83.84676151027436 80.98329539934323 96.19083494165932
0.9047843251479548 3343.1376652761405 0.5 1.2655397307748366 4906.02928215908 0.5151515151515151 t_swap_k 100 2535.436398744583 102.24088634053463 92.39486754473396 102.6567113336001 95.1300301080454 83.84676151027436 80.98329539934323 96.19083494165932
0.9047843251479548 3343.1376652761405 0.5 1.2378621637421348 4819.847610934842 0.5454545454545454 t_swap_k 100 2538.1002616882324 102.24088634053463 92.39486754473396 102.6601442202641 95.1300301080454 83.84676151027436 80.98329539934323 96.19083494165932
0.9047843251479548 3343.1376652761405 0.5 1.2433388911108247 4810.848523982859 0.5151515151515151 f_swap_t 100 2541.0219366550446 102.24088634053463 92.39486754473396 102.6601442202641 95.21872980696494 83.84676151027436 80.98329539934323 96.19083494165932
0.9047843251479548 3343.1376652761405 0.5 1.2268849316875676 4740.306132045988 0.5151515151515151 t_multiswap_k 100 2543.3882875442505 102.24088634053463 92.39486754473396 102.6601442202641 95.21872980696494 83.84676151027436 80.98329539934323 96.25892659224273
0.9047843251479548 3343.1376652761405 0.5 1.2211738064651199 4715.821056844392 0.5151515151515151 f_swap_t 100 2546.3356597423553 102.24088634053463 92.39486754473396 102.6601442202641 95.2665425088953 83.84676151027436 80.98329539934323 96.25892659224273
0.9047843251479548 3343.1376652761405 0.5 1.2208349848301268 4714.368440610357 0.5151515151515151 swap_t 100 2547.605810403824 102.24088634053463 92.39486754473396 102.6601442202641 95.2665425088953 84.00829389517162 80.98329539934323 96.25892659224273
0.9047843251479548 3343.1376652761405 0.5 1.272018038469675 4966.282705369997 0.5454545454545454 t_swap_k 100 2549.0905969142914 102.24088634053463 92.39486754473396 102.67354277806146 95.2665425088953 84.00829389517162 80.98329539934323 96.25892659224273
0.9047843251479548 3343.1376652761405 0.5 1.2652678529688384 4937.342909239615 0.5454545454545454 t_swap_r_k 100 2552.5389292240143 102.24088634053463 92.39486754473396 102.67354277806146 95.2665425088953 84.00829389517162 81.2134624453498 96.25892659224273
0.9047843251479548 3343.1376652761405 0.5 1.2610529234601553 4919.272413151753 0.5454545454545454 swap_t 100 2554.564646244049 102.24088634053463 92.39486754473396 102.67354277806146 95.2665425088953 84.16821095621991 81.2134624453498 96.25892659224273
0.9047843251479548 3343.1376652761405 0.5 1.260317735731658 4916.12047266395 0.5454545454545454 swap_t 100 2556.435902118683 102.24088634053463 92.39486754473396 102.67354277806146 95.2665425088953 84.32652884665771 81.2134624453498 96.25892659224273
0.9047843251479548 3343.1376652761405 0.5 1.2833515729301128 5066.316348745804 0.5454545454545454 move_t 100 2558.2172162532806 102.24088634053463 92.52091886928662 102.67354277806146 95.2665425088953 84.32652884665771 81.2134624453498 96.25892659224273
0.9047843251479548 3343.1376652761405 0.5 1.258309601410469 4907.511079951644 0.5454545454545454 swap_t 100 2559.713231563568 102.24088634053463 92.52091886928662 102.67354277806146 95.2665425088953 84.48326355819113 81.2134624453498 96.25892659224273
0.9047843251479548 3343.1376652761405 0.5 1.3313304524550347 5188.091171044877 0.5151515151515151 t_swap_k 100 2562.605256319046 102.24088634053463 92.52091886928662 102.80680735028085 95.2665425088953 84.48326355819113 81.2134624453498 96.25892659224273
0.9047843251479548 3343.1376652761405 0.5 1.329698629031808 5213.574358516589 0.5454545454545454 f_swap_t 100 2565.4412569999695 102.24088634053463 92.52091886928662 102.80680735028085 95.39387708380634 84.48326355819113 81.2134624453498 96.25892659224273
0.9047843251479548 3343.1376652761405 0.5 1.2951168607997574 5065.313348157754 0.5454545454545454 move_t 100 2566.6838688850403 102.24088634053463 92.59570968059376 102.80680735028085 95.39387708380634 84.48326355819113 81.2134624453498 96.25892659224273
0.9047843251479548 3343.1376652761405 0.5 1.3226334247306597 5164.337773054462 0.5277777777777778 t_swap_k 100 2569.2153289318085 102.24088634053463 92.59570968059376 103.10873927677804 95.39387708380634 84.48326355819113 81.2134624453498 96.25892659224273
0.9047843251479548 3343.1376652761405 0.5 1.2777610455293114 4990.9044662772485 0.5454545454545454 t_multiswap_k 100 2570.8437445163727 102.24088634053463 92.59570968059376 103.10873927677804 95.39387708380634 84.48326355819113 81.2134624453498 96.3363373263203
0.9047843251479548 3343.1376652761405 0.5 1.263602781000189 4930.204313817439 0.5454545454545454 t_swap_k 100 2573.9457852840424 102.24088634053463 92.59570968059376 103.07765188401027 95.39387708380634 84.48326355819113 81.2134624453498 96.3363373263203
0.9047843251479548 3343.1376652761405 0.5 1.2622972058881383 4924.606974667134 0.5454545454545454 swap_t 100 2575.331786632538 102.24088634053463 92.59570968059376 103.07765188401027 95.39387708380634 84.63843092260922 81.2134624453498 96.3363373263203
0.9047843251479548 3343.1376652761405 0.5 1.2614354851876648 4888.433316752345 0.5151515151515151 move_t 100 2577.16255569458 102.24088634053463 92.69975258378781 103.07765188401027 95.39387708380634 84.63843092260922 81.2134624453498 96.3363373263203
0.9047843251479548 3343.1376652761405 0.5 1.2718934718995487 4868.310942906733 0.45454545454545453 t_swap_r_k 100 2579.755364179611 102.24088634053463 92.69975258378781 103.07765188401027 95.39387708380634 84.63843092260922 81.4413278208963 96.3363373263203
0.9047843251479548 3343.1376652761405 0.5 1.270587896787498 4862.713603756428 0.45454545454545453 swap_t 100 2581.5978050231934 102.24088634053463 92.69975258378781 103.07765188401027 95.39387708380634 84.79204661338312 81.4413278208963 96.3363373263203
0.9047843251479548 3343.1376652761405 0.5 1.2679324072286895 4883.808068982559 0.48484848484848486 t_swap_k 100 2584.84037566185 102.24088634053463 92.69975258378781 103.20687536517016 95.39387708380634 84.79204661338312 81.4413278208963 96.3363373263203
0.9047843251479548 3343.1376652761405 0.5 1.257924228308625 4840.900409993464 0.48484848484848486 f_swap_t 100 2587.4184198379517 102.24088634053463 92.69975258378781 103.20687536517016 95.43993831296828 84.79204661338312 81.4413278208963 96.3363373263203
0.9047843251479548 3343.1376652761405 0.5 1.2569361744694172 4836.664366899689 0.48484848484848486 swap_t 100 2589.24751329422 102.24088634053463 92.69975258378781 103.20687536517016 95.43993831296828 84.94412614724929 81.4413278208963 96.3363373263203
0.9047843251479548 3343.1376652761405 0.5 1.349193061441948 5248.433190164156 0.5 move_t 100 2590.7951929569244 102.24088634053463 92.86275505794994 103.20687536517016 95.43993831296828 84.94412614724929 81.4413278208963 96.3363373263203
0.9047843251479548 3343.1376652761405 0.5 1.2772290334530363 4939.904735877686 0.5 t_multiswap_k 100 2593.254695415497 102.24088634053463 92.86275505794994 103.20687536517016 95.43993831296828 84.94412614724929 81.4413278208963 96.4329739530571
0.9047843251479548 3343.1376652761405 0.5 1.28215901950187 4961.040864827206 0.5 f_swap_t 100 2595.964409351349 102.24088634053463 92.86275505794994 103.20687536517016 95.5255389298386 84.94412614724929 81.4413278208963 96.4329739530571
0.9047843251479548 3343.1376652761405 0.5 1.2513804301839766 4858.857703565332 0.5277777777777778 t_multiswap_k 100 2598.878109931946 102.24088634053463 92.86275505794994 103.20687536517016 95.5255389298386 84.94412614724929 81.4413278208963 96.52864421352653
0.9047843251479548 3343.1376652761405 0.5 1.2391180342656218 4806.285631597352 0.5277777777777778 t_multiswap_k 100 2600.603927373886 102.24088634053463 92.86275505794994 103.20687536517016 95.5255389298386 84.94412614724929 81.4413278208963 96.56335777139127
0.9047843251479548 3343.1376652761405 0.5 1.2501725312802632 4853.67912765579 0.5277777777777778 t_swap_k 100 2603.134016752243 102.24088634053463 92.86275505794994 103.24480661151846 95.5255389298386 84.94412614724929 81.4413278208963 96.56335777139127
0.9047843251479548 3343.1376652761405 0.5 1.2466647572048468 4838.640390334956 0.5277777777777778 move_t 100 2604.9495429992676 102.24088634053463 92.93412750737043 103.24480661151846 95.5255389298386 84.94412614724929 81.4413278208963 96.56335777139127
0.9047843251479548 3343.1376652761405 0.5 1.2466647572048468 4838.640390334956 0.5277777777777778 swap_t 100 2605.9226219654083 102.24088634053463 92.93412750737043 103.24480661151846 95.5255389298386 85.0946848857768 81.4413278208963 96.56335777139127
0.9047843251479548 3343.1376652761405 0.5 1.2466647572048468 4838.640390334956 0.5277777777777778 f_swap_t 100 2608.4139807224274 102.24088634053463 92.93412750737043 103.24480661151846 95.57028354054022 85.0946848857768 81.4413278208963 96.56335777139127
0.9047843251479548 3343.1376652761405 0.5 1.2267466645106757 4739.713344794395 0.5151515151515151 t_swap_k 100 2610.637703180313 102.24088634053463 92.93412750737043 103.36235854540327 95.57028354054022 85.0946848857768 81.4413278208963 96.56335777139127
0.9047843251479548 3343.1376652761405 0.5 1.3061626384942735 5080.190224473633 0.5151515151515151 t_swap_k 100 2613.8737964630127 102.24088634053463 92.93412750737043 103.36873495994924 95.57028354054022 85.0946848857768 81.4413278208963 96.56335777139127
0.9047843251479548 3343.1376652761405 0.5 1.289261307830209 5007.7298359866 0.5151515151515151 f_swap_t 100 2616.2371895313263 102.24088634053463 92.93412750737043 103.36873495994924 95.61458070513481 85.0946848857768 81.4413278208963 96.56335777139127
0.9047843251479548 3343.1376652761405 0.5 1.289261307830209 5007.7298359866 0.5151515151515151 swap_t 100 2618.2067880630493 102.24088634053463 92.93412750737043 103.36873495994924 95.61458070513481 85.24373803691903 81.4413278208963 96.56335777139127
0.9047843251479548 3343.1376652761405 0.5 1.2756448354669634 4962.885502805445 0.5277777777777778 t_multiswap_k 100 2620.2888810634613 102.24088634053463 92.93412750737043 103.36873495994924 95.61458070513481 85.24373803691903 81.4413278208963 96.71772419367736
0.9047843251479548 3343.1376652761405 0.5 1.25969184757694 4894.490905775411 0.5277777777777778 f_swap_t 100 2622.439122200012 102.24088634053463 92.93412750737043 103.36873495994924 95.65843489808347 85.24373803691903 81.4413278208963 96.71772419367736
0.9047843251479548 3343.1376652761405 0.5 1.2544784982407133 4901.912559522247 0.5555555555555556 t_swap_k 100 2624.243308067322 102.24088634053463 92.93412750737043 103.43504761034974 95.65843489808347 85.24373803691903 81.4413278208963 96.71772419367736
0.9047843251479548 3343.1376652761405 0.5 1.2868761157692232 5040.809549281847 0.5555555555555556 t_swap_k 100 2626.88827586174 102.24088634053463 92.93412750737043 103.47069713424625 95.65843489808347 85.24373803691903 81.4413278208963 96.71772419367736
0.9047843251479548 3343.1376652761405 0.5 1.2731692267745587 4982.044560817725 0.5555555555555556 move_t 100 2628.3399415016174 102.24088634053463 93.07478623229673 103.47069713424625 95.65843489808347 85.24373803691903 81.4413278208963 96.71772419367736
0.9047843251479548 3343.1376652761405 0.5 1.2605874397475672 4928.103176322164 0.5555555555555556 t_swap_k 100 2630.296813249588 102.24088634053463 93.07478623229673 103.4959901629038 95.65843489808347 85.24373803691903 81.4413278208963 96.71772419367736
0.9047843251479548 3343.1376652761405 0.5 1.2663197758372386 4974.332013183655 0.5757575757575758 t_move_k 100 2633.2960329055786 102.32847747712928 93.07478623229673 103.4959901629038 95.65843489808347 85.24373803691903 81.4413278208963 96.71772419367736
0.9047843251479548 3343.1376652761405 0.5 1.2608231357297934 4950.766491304025 0.5757575757575758 t_swap_r_k 100 2637.362617969513 102.32847747712928 93.07478623229673 103.4959901629038 95.65843489808347 85.24373803691903 81.66691454268734 96.71772419367736
0.9047843251479548 3343.1376652761405 0.5 1.2453712360325273 4884.520189330466 0.5757575757575758 swap_t 100 2638.642600297928 102.32847747712928 93.07478623229673 103.4959901629038 95.65843489808347 85.42130065654983 81.66691454268734 96.71772419367736
0.9047843251479548 3343.1376652761405 0.5 1.3014191350934596 5026.373571303406 0.5757575757575758 move_t 100 2639.870632171631 102.32847747712928 93.15403836997376 103.4959901629038 95.65843489808347 85.42130065654983 81.66691454268734 96.71772419367736
0.9047843251479548 3343.1376652761405 0.5 1.2750686755942557 5011.840815764241 0.5757575757575758 t_swap_r_k 100 2644.1212635040283 102.32847747712928 93.15403836997376 103.4959901629038 95.65843489808347 85.42130065654983 81.89024539726046 96.71772419367736
0.9047843251479548 3343.1376652761405 0.5 1.345685457489463 5314.593276593283 0.5757575757575758 t_swap_k 100 2647.811757326126 102.32847747712928 93.15403836997376 103.60103026127476 95.65843489808347 85.42130065654983 81.89024539726046 96.71772419367736
0.9047843251479548 3343.1376652761405 0.5 1.3075789774077082 5151.2209122818595 0.5757575757575758 t_swap_k 100 2650.0009484291077 102.32847747712928 93.15403836997376 103.62501995866201 95.65843489808347 85.42130065654983 81.89024539726046 96.71772419367736
0.9047843251479548 3343.1376652761405 0.5 1.3180376479529303 5196.059945718203 0.5757575757575758 f_swap_t 100 2652.8596634864807 102.32847747712928 93.15403836997376 103.62501995866201 95.80185054910264 85.42130065654983 81.89024539726046 96.71772419367736
0.9047843251479548 3343.1376652761405 0.5 1.2807577456492831 5036.231334742354 0.5757575757575758 f_swap_t 100 2655.8312706947327 102.32847747712928 93.15403836997376 103.62501995866201 95.93383204361162 85.42130065654983 81.89024539726046 96.71772419367736
0.9047843251479548 3343.1376652761405 0.5 1.2679689653728576 4981.4025164957875 0.5757575757575758 swap_t 100 2656.9068791866302 102.32847747712928 93.15403836997376 103.62501995866201 95.93383204361162 85.56708764998433 81.89024539726046 96.71772419367736
0.9047843251479548 3343.1376652761405 0.5 1.2684041436466957 4983.268238633896 0.5757575757575758 t_move_k 100 2659.1817758083344 102.495192702358 93.15403836997376 103.62501995866201 95.93383204361162 85.56708764998433 81.89024539726046 96.71772419367736
0.9047843251479548 3343.1376652761405 0.5 1.2891218789373804 5072.090543668518 0.5757575757575758 t_swap_k 100 2662.466651916504 102.495192702358 93.15403836997376 103.66876975907539 95.93383204361162 85.56708764998433 81.89024539726046 96.71772419367736
0.9047843251479548 3343.1376652761405 0.5 1.3244723786489914 5191.168067521136 0.5454545454545454 move_t 100 2664.970846414566 102.495192702358 93.33249798627402 103.66876975907539 95.93383204361162 85.56708764998433 81.89024539726046 96.71772419367736
0.9047843251479548 3343.1376652761405 0.5 1.2813475611893543 5006.280789195663 0.5454545454545454 move_t 100 2666.6946091651917 102.495192702358 93.39917300641127 103.66876975907539 95.93383204361162 85.56708764998433 81.89024539726046 96.71772419367736
0.9047843251479548 3343.1376652761405 0.5 1.274750192843317 4977.9961598461905 0.5454545454545454 move_t 100 2669.0013320446014 102.495192702358 93.46518127634717 103.66876975907539 95.93383204361162 85.56708764998433 81.89024539726046 96.71772419367736
0.9047843251479548 3343.1376652761405 0.5 1.2633677776956773 4896.717555939433 0.5151515151515151 t_multiswap_k 100 2670.6467294692993 102.495192702358 93.46518127634717 103.66876975907539 95.93383204361162 85.56708764998433 81.89024539726046 96.91054695174059
0.9047843251479548 3343.1376652761405 0.5 1.2989751890017822 5145.15241795284 0.5151515151515151 swap_t 100 2672.0843172073364 102.495192702358 93.46518127634717 103.66876975907539 95.93383204361162 85.7514167734845 81.89024539726046 96.91054695174059
0.9047843251479548 3343.1376652761405 0.5 1.2660487067004889 4940.6906317279545 0.5454545454545454 f_swap_t 100 2674.0147449970245 102.495192702358 93.46518127634717 103.66876975907539 95.9744937231755 85.7514167734845 81.89024539726046 96.91054695174059
0.9047843251479548 3343.1376652761405 0.5 1.2627240239867725 4926.43685456565 0.5454545454545454 swap_t 100 2675.8800518512726 102.495192702358 93.46518127634717 103.66876975907539 95.9744937231755 85.89390260574964 81.89024539726046 96.91054695174059
0.9047843251479548 3343.1376652761405 0.5 1.3393845617408862 5255.100464413761 0.5454545454545454 t_swap_k 100 2678.7359693050385 102.495192702358 93.46518127634717 103.79208206148463 95.9744937231755 85.89390260574964 81.89024539726046 96.91054695174059
0.9047843251479548 3343.1376652761405 0.5 1.3077308009221755 5119.392581313399 0.5454545454545454 t_move_k 100 2681.3212814331055 102.56024077533442 93.46518127634717 103.79208206148463 95.9744937231755 85.89390260574964 81.89024539726046 96.91054695174059
0.9047843251479548 3343.1376652761405 0.5 1.3042729360449905 5104.567817671016 0.5454545454545454 t_swap_r_k 100 2686.1112673282623 102.56024077533442 93.46518127634717 103.79208206148463 95.9744937231755 85.89390260574964 82.11134294328785 96.91054695174059
0.9047843251479548 3343.1376652761405 0.5 1.325708133988964 5196.466071198428 0.5454545454545454 move_t 100 2688.0076429843903 102.56024077533442 93.64052946358369 103.79208206148463 95.9744937231755 85.89390260574964 82.11134294328785 96.91054695174059
0.9047843251479548 3343.1376652761405 0.5 1.3171070323566303 5159.59091751479 0.5454545454545454 move_t 100 2690.154515028 102.56024077533442 93.71412416894785 103.79208206148463 95.9744937231755 85.89390260574964 82.11134294328785 96.91054695174059
0.9047843251479548 3343.1376652761405 0.5 1.3038625625199363 5135.287677680425 0.5757575757575758 t_multiswap_k 100 2692.613290786743 102.56024077533442 93.71412416894785 103.79208206148463 95.9744937231755 85.89390260574964 82.11134294328785 97.11144148222319
0.9047843251479548 3343.1376652761405 0.5 1.3034838195118148 5133.6639081648345 0.5757575757575758 move_t 100 2693.8812866210938 102.56024077533442 93.81698292725837 103.79208206148463 95.9744937231755 85.89390260574964 82.11134294328785 97.11144148222319
0.9047843251479548 3343.1376652761405 0.5 1.2820043978476878 5041.576056078213 0.5757575757575758 t_move_k 100 2696.1674020290375 102.53463836758108 93.81698292725837 103.79208206148463 95.9744937231755 85.89390260574964 82.11134294328785 97.11144148222319
0.9047843251479548 3343.1376652761405 0.5 1.299670706314125 5006.345373828752 0.4722222222222222 t_swap_r_k 100 2699.3061633110046 102.53463836758108 93.81698292725837 103.79208206148463 95.9744937231755 85.89390260574964 82.36022951385497 97.11144148222319
0.9047843251479548 3343.1376652761405 0.5 1.2429519931567536 4792.9501732209565 0.5 t_multiswap_k 100 2701.0697515010834 102.53463836758108 93.81698292725837 103.79208206148463 95.9744937231755 85.89390260574964 82.36022951385497 97.42032706740095
0.9047843251479548 3343.1376652761405 0.5 1.196705106641144 4624.450409647849 0.5277777777777778 t_swap_r_k 100 2704.604379415512 102.53463836758108 93.81698292725837 103.79208206148463 95.9744937231755 85.89390260574964 82.60662721871643 97.42032706740095
0.9047843251479548 3343.1376652761405 0.5 1.1827304730012609 4564.537530441071 0.5277777777777778 t_move_k 100 2707.362868309021 102.56929198390527 93.81698292725837 103.79208206148463 95.9744937231755 85.89390260574964 82.60662721871643 97.42032706740095
0.9047843251479548 3343.1376652761405 0.5 1.283574834098533 4967.110829242371 0.5 t_multiswap_k 100 2709.3351900577545 102.56929198390527 93.81698292725837 103.79208206148463 95.9744937231755 85.89390260574964 82.60662721871643 97.51612379672694
0.9047843251479548 3343.1376652761405 0.5 1.2234939597875871 4709.528537070066 0.5 t_multiswap_k 100 2711.4354701042175 102.56929198390527 93.81698292725837 103.79208206148463 95.9744937231755 85.89390260574964 82.60662721871643 97.63096255875968
0.9047843251479548 3343.1376652761405 0.5 1.2164941547962487 4709.291192045906 0.5277777777777778 t_multiswap_k 100 2713.6598002910614 102.56929198390527 93.81698292725837 103.79208206148463 95.9744937231755 85.89390260574964 82.60662721871643 97.72465293317208
0.9047843251479548 3343.1376652761405 0.5 1.173327451589781 4524.224338659289 0.5277777777777778 t_multiswap_k 100 2715.798384666443 102.56929198390527 93.81698292725837 103.79208206148463 95.9744937231755 85.89390260574964 82.60662721871643 97.83740640384036
0.9047843251479548 3343.1376652761405 0.5 1.1732912417560293 4524.069097709754 0.5277777777777778 t_move_k 100 2718.7341248989105 102.59359906406623 93.81698292725837 103.79208206148463 95.9744937231755 85.89390260574964 82.60662721871643 97.83740640384036
0.9047843251479548 3343.1376652761405 0.5 1.2470353658263087 4653.442387178836 0.5151515151515151 move_t 100 2721.1552386283875 102.59359906406623 93.88881309798577 103.79208206148463 95.9744937231755 85.89390260574964 82.60662721871643 97.83740640384036
0.9047843251479548 3343.1376652761405 0.5 1.1802274131458743 4553.806263588027 0.5277777777777778 t_swap_k 100 2725.4662742614746 102.59359906406623 93.88881309798577 103.86416124086979 95.9744937231755 85.89390260574964 82.60662721871643 97.83740640384036
0.9047843251479548 3343.1376652761405 0.5 1.1449108090776021 4421.341043418909 0.5454545454545454 t_swap_k 100 2728.0908613204956 102.59359906406623 93.88881309798577 103.9155196284611 95.9744937231755 85.89390260574964 82.60662721871643 97.83740640384036
0.9047843251479548 3343.1376652761405 0.5 1.250077676489497 4872.218682588044 0.5454545454545454 t_swap_k 100 2730.8332011699677 102.59359906406623 93.88881309798577 103.94636443217648 95.9744937231755 85.89390260574964 82.60662721871643 97.83740640384036
0.9047843251479548 3343.1376652761405 0.5 1.1792250117273184 4633.4134062351795 0.6060606060606061 t_multiswap_k 100 2733.895712375641 102.59359906406623 93.88881309798577 103.94636443217648 95.9744937231755 85.89390260574964 82.60662721871643 98.04903233980195
0.9047843251479548 3343.1376652761405 0.5 1.1585104700489328 4544.604793044854 0.6060606060606061 swap_t 100 2736.3807334899902 102.59359906406623 93.88881309798577 103.94636443217648 95.9744937231755 86.03496357969215 82.60662721871643 98.04903233980195
0.9047843251479548 3343.1376652761405 0.5 1.2083306478285045 4758.19681772942 0.6060606060606061 f_swap_t 100 2739.7392950057983 102.59359906406623 93.88881309798577 103.94636443217648 96.02474878594374 86.03496357969215 82.60662721871643 98.04903233980195
0.9047843251479548 3343.1376652761405 0.5 1.2334066756123983 4865.704253152593 0.6060606060606061 move_t 100 2741.1065163612366 102.59359906406623 94.11992496700591 103.94636443217648 96.02474878594374 86.03496357969215 82.60662721871643 98.04903233980195
0.9047843251479548 3343.1376652761405 0.5 1.1764346627982427 4621.450456605119 0.6060606060606061 t_multiswap_k 100 2743.4812891483307 102.59359906406623 94.11992496700591 103.94636443217648 96.02474878594374 86.03496357969215 82.60662721871643 98.15854201640393
0.9047843251479548 3343.1376652761405 0.5 1.1977768598753036 4615.512278026572 0.5151515151515151 t_swap_r_k 100 2747.7964165210724 102.59359906406623 94.11992496700591 103.94636443217648 96.02474878594374 86.03496357969215 82.85056094652926 98.15854201640393
0.9047843251479548 3343.1376652761405 0.5 1.206078066030085 4698.774616175686 0.5277777777777778 move_t 100 2748.625990629196 102.59359906406623 94.21872571733586 103.94636443217648 96.02474878594374 86.03496357969215 82.85056094652926 98.15854201640393
0.9047843251479548 3343.1376652761405 0.5 1.1893473708874625 4592.905887994872 0.5277777777777778 t_swap_r_k 100 2751.738889694214 102.59359906406623 94.21872571733586 103.94636443217648 96.02474878594374 86.03496357969215 83.06205533706397 98.15854201640393
0.9047843251479548 3343.1376652761405 0.5 1.183230834545994 4566.682710168986 0.5277777777777778 swap_t 100 2752.4914634227753 102.59359906406623 94.21872571733586 103.94636443217648 96.02474878594374 86.17461394389522 83.06205533706397 98.15854201640393
0.9047843251479548 3343.1376652761405 0.5 1.183230834545994 4566.682710168986 0.5277777777777778 f_swap_t 100 2755.6699936389923 102.59359906406623 94.21872571733586 103.94636443217648 96.06450129808431 86.17461394389522 83.06205533706397 98.15854201640393
0.9047843251479548 3343.1376652761405 0.5 1.1845222298316984 4558.686240994256 0.5151515151515151 t_move_k 100 2758.469605445862 102.75766307342556 94.21872571733586 103.94636443217648 96.06450129808431 86.17461394389522 83.06205533706397 98.15854201640393
0.9047843251479548 3343.1376652761405 0.5 1.1672925361324629 4498.351090734885 0.5277777777777778 t_multiswap_k 100 2759.788295984268 102.75766307342556 94.21872571733586 103.94636443217648 96.06450129808431 86.17461394389522 83.06205533706397 98.20695659623989
0.9047843251479548 3343.1376652761405 0.5 1.1631285341786644 4480.498934284592 0.5277777777777778 move_t 100 2761.718989133835 102.75766307342556 94.2765384601625 103.94636443217648 96.06450129808431 86.17461394389522 83.06205533706397 98.20695659623989
0.9047843251479548 3343.1376652761405 0.5 1.1925317461296812 4606.558130633392 0.5277777777777778 move_t 100 2763.70978975296 102.75766307342556 94.37377307556088 103.94636443217648 96.06450129808431 86.17461394389522 83.06205533706397 98.20695659623989
0.9047843251479548 3343.1376652761405 0.5 1.1528167859335388 4489.541049709211 0.5277777777777778 move_t 100 2765.7217972278595 102.75766307342556 94.46003534480526 103.94636443217648 96.06450129808431 86.17461394389522 83.06205533706397 98.20695659623989
0.9047843251479548 3343.1376652761405 0.5 1.1410173263604177 4415.475085689446 0.5555555555555556 f_swap_t 100 2769.160890817642 102.75766307342556 94.46003534480526 103.94636443217648 96.10385628510346 86.17461394389522 83.06205533706397 98.20695659623989
0.9047843251479548 3343.1376652761405 0.5 1.1401811566210187 4411.890209127817 0.5555555555555556 move_t 100 2771.5231852531433 102.75766307342556 94.51543499135721 103.94636443217648 96.10385628510346 86.17461394389522 83.06205533706397 98.20695659623989
0.9047843251479548 3343.1376652761405 0.5 1.1401811566210187 4411.890209127817 0.5555555555555556 f_swap_t 100 2774.8182911872864 102.75766307342556 94.51543499135721 103.94636443217648 96.14281772225243 86.17461394389522 83.06205533706397 98.20695659623989
0.9047843251479548 3343.1376652761405 0.5 1.1878904922145996 4616.43250584292 0.5555555555555556 t_multiswap_k 100 2775.5505623817444 102.75766307342556 94.51543499135721 103.94636443217648 96.14281772225243 86.17461394389522 83.06205533706397 98.33488703027749
0.9047843251479548 3343.1376652761405 0.5 1.1637845952561137 4513.0842729044225 0.5555555555555556 swap_t 100 2777.1472771167755 102.75766307342556 94.51543499135721 103.94636443217648 96.14281772225243 86.31286780445627 83.06205533706397 98.33488703027749
0.9047843251479548 3343.1376652761405 0.5 1.1583459253341082 4489.767284246294 0.5555555555555556 t_move_k 100 2779.6597907543182 102.7600864426913 94.51543499135721 103.94636443217648 96.14281772225243 86.31286780445627 83.06205533706397 98.33488703027749
0.9047843251479548 3343.1376652761405 0.5 1.1480034322073684 4445.426333537517 0.5555555555555556 swap_t 100 2781.716786146164 102.7600864426913 94.51543499135721 103.94636443217648 96.14281772225243 86.44973912641171 83.06205533706397 98.33488703027749
0.9047843251479548 3343.1376652761405 0.5 1.1890588728641671 4621.441656746547 0.5555555555555556 move_t 100 2783.5908522605896 102.7600864426913 94.67028064144364 103.94636443217648 96.14281772225243 86.44973912641171 83.06205533706397 98.33488703027749
0.9047843251479548 3343.1376652761405 0.5 1.2052632679123139 4517.691500111553 0.3939393939393939 t_swap_r_k 100 2786.583916902542 102.7600864426913 94.67028064144364 103.94636443217648 96.14281772225243 86.44973912641171 83.27143478369332 98.33488703027749
0.9047843251479548 3343.1376652761405 0.5 1.200822928877162 4531.133852671686 0.42424242424242425 t_move_k 100 2788.361962556839 102.76248557826439 94.67028064144364 103.94636443217648 96.14281772225243 86.44973912641171 83.27143478369332 98.33488703027749
0.9047843251479548 3343.1376652761405 0.5 1.1852953490345666 4562.000803551493 0.5151515151515151 t_multiswap_k 100 2789.7147765159607 102.76248557826439 94.67028064144364 103.94636443217648 96.14281772225243 86.44973912641171 83.27143478369332 98.45153815997472
0.9047843251479548 3343.1376652761405 0.5 1.247312570896217 4762.926244419659 0.45454545454545453 t_move_k 100 2792.039702653885 102.83486072248175 94.67028064144364 103.94636443217648 96.14281772225243 86.44973912641171 83.27143478369332 98.45153815997472
0.9047843251479548 3343.1376652761405 0.5 1.2058122995709115 4649.962292263963 0.5151515151515151 swap_t 100 2793.4381697177887 102.83486072248175 94.67028064144364 103.94636443217648 96.14281772225243 86.61524173514759 83.27143478369332 98.45153815997472
0.9047843251479548 3343.1376652761405 0.5 1.2007224814647528 4628.140921826856 0.5151515151515151 t_move_k 100 2794.9233491420746 102.87651211525693 94.67028064144364 103.94636443217648 96.14281772225243 86.61524173514759 83.27143478369332 98.45153815997472
0.9047843251479548 3343.1376652761405 0.5 1.1704542249979335 4498.373055260338 0.5151515151515151 move_t 100 2795.5524497032166 102.87651211525693 94.7535778350292 103.94636443217648 96.14281772225243 86.61524173514759 83.27143478369332 98.45153815997472
0.9047843251479548 3343.1376652761405 0.5 1.1599186175090668 4466.737188921868 0.5277777777777778 t_move_k 100 2797.0600159168243 102.90774699410436 94.7535778350292 103.94636443217648 96.14281772225243 86.61524173514759 83.27143478369332 98.45153815997472
0.9047843251479548 3343.1376652761405 0.5 1.1544178029742738 4443.1537701894185 0.5277777777777778 move_t 100 2797.5987586975098 102.90774699410436 94.80604205667892 103.94636443217648 96.14281772225243 86.61524173514759 83.27143478369332 98.45153815997472
0.9047843251479548 3343.1376652761405 0.5 1.1969911161161746 4625.6766064535095 0.5277777777777778 move_t 100 2798.977439880371 102.90774699410436 94.93798163611213 103.94636443217648 96.14281772225243 86.61524173514759 83.27143478369332 98.45153815997472
0.9047843251479548 3343.1376652761405 0.5 1.340310572653408 5210.351656754611 0.5 f_swap_t 100 2800.5915989875793 102.90774699410436 94.93798163611213 103.94636443217648 96.3213895450299 86.61524173514759 83.27143478369332 98.45153815997472
0.9047843251479548 3343.1376652761405 0.5 1.2869603646680225 4981.625476945321 0.5 t_swap_k 100 2801.8538830280304 102.90774699410436 94.93798163611213 103.90690078785471 96.3213895450299 86.61524173514759 83.27143478369332 98.45153815997472
0.9047843251479548 3343.1376652761405 0.5 1.3079860656860234 5071.768110934247 0.5 f_swap_t 100 2805.0338232517242 102.90774699410436 94.93798163611213 103.90690078785471 96.3681756495796 86.61524173514759 83.27143478369332 98.45153815997472
0.9047843251479548 3343.1376652761405 0.5 1.3006994141391959 5040.5283457141395 0.5 t_move_k 100 2807.6685440540314 102.94866952416331 94.93798163611213 103.90690078785471 96.3681756495796 86.61524173514759 83.27143478369332 98.45153815997472
0.9047843251479548 3343.1376652761405 0.5 1.2838267880402805 5054.6126932311645 0.5151515151515151 move_t 100 2809.8572244644165 102.94866952416331 95.058601819751 103.90690078785471 96.3681756495796 86.61524173514759 83.27143478369332 98.45153815997472
0.9047843251479548 3343.1376652761405 0.5 1.264575433686999 4885.655471542779 0.5 move_t 100 2811.7805120944977 102.94866952416331 95.1680158015535 103.90690078785471 96.3681756495796 86.61524173514759 83.27143478369332 98.45153815997472
0.9047843251479548 3343.1376652761405 0.5 1.2613957697957279 4872.023427687819 0.5 move_t 100 2812.807856321335 102.94866952416331 95.21633564353796 103.90690078785471 96.3681756495796 86.61524173514759 83.27143478369332 98.45153815997472
0.9047843251479548 3343.1376652761405 0.5 1.2595466677415985 4864.095847554779 0.5 t_swap_r_k 100 2815.315631389618 102.94866952416331 95.21633564353796 103.90690078785471 96.3681756495796 86.61524173514759 83.47872043585639 98.45153815997472
0.9047843251479548 3343.1376652761405 0.5 1.2933408506208373 4979.207640610047 0.4722222222222222 f_swap_t 100 2818.174736022949 102.94866952416331 95.21633564353796 103.90690078785471 96.4144938930838 86.61524173514759 83.47872043585639 98.45153815997472
0.9047843251479548 3343.1376652761405 0.5 1.2829771781544912 4846.500434438518 0.5 swap_t 100 2818.9375433921814 102.94866952416331 95.21633564353796 103.90690078785471 96.4144938930838 86.77908931779612 83.47872043585639 98.45153815997472
0.9047843251479548 3343.1376652761405 0.5 1.2590164790555818 4845.583172257741 0.48484848484848486 t_swap_r_k 100 2820.692104101181 102.94866952416331 95.21633564353796 103.90690078785471 96.4144938930838 86.77908931779612 83.71393323149782 98.45153815997472
0.9047843251479548 3343.1376652761405 0.5 1.2992099761451361 4843.941810590035 0.5 move_t 100 2823.264621257782 102.94866952416331 95.27417228710259 103.90690078785471 96.4144938930838 86.77908931779612 83.71393323149782 98.45153815997472
0.9047843251479548 3343.1376652761405 0.5 1.2830915525327167 4965.038875814342 0.5 move_t 100 2825.188777923584 102.94866952416331 95.36143056423155 103.90690078785471 96.4144938930838 86.77908931779612 83.71393323149782 98.45153815997472
0.9047843251479548 3343.1376652761405 0.5 1.2595002921673626 4863.89702343896 0.5 t_multiswap_k 100 2826.564945936203 102.94866952416331 95.36143056423155 103.90690078785471 96.4144938930838 86.77908931779612 83.71393323149782 98.49702277837497
0.9047843251479548 3343.1376652761405 0.5 1.2681049403314368 4875.468993136728 0.48484848484848486 swap_t 100 2827.740029811859 102.94866952416331 95.36143056423155 103.90690078785471 96.4144938930838 86.92129842461816 83.71393323149782 98.49702277837497
0.9047843251479548 3343.1376652761405 0.5 1.2707837978690235 4902.339285414427 0.45454545454545453 move_t 100 2829.4745082855225 102.94866952416331 95.47781625858924 103.90690078785471 96.4144938930838 86.92129842461816 83.71393323149782 98.49702277837497
0.9047843251479548 3343.1376652761405 0.5 1.2648789112982861 4870.716939901756 0.48484848484848486 t_swap_k 100 2831.812655687332 102.94866952416331 95.47781625858924 103.90783177997616 96.4144938930838 86.92129842461816 83.71393323149782 98.49702277837497
0.9047843251479548 3343.1376652761405 0.5 1.2479650608084394 4798.202875674155 0.48484848484848486 t_move_k 100 2832.9791717529297 102.91918282892168 95.47781625858924 103.90783177997616 96.4144938930838 86.92129842461816 83.71393323149782 98.49702277837497
0.9047843251479548 3343.1376652761405 0.5 1.2969027618066709 5008.011493496995 0.48484848484848486 swap_t 100 2834.8866064548492 102.91918282892168 95.47781625858924 103.90783177997616 96.4144938930838 87.06208544037197 83.71393323149782 98.49702277837497
0.9047843251479548 3343.1376652761405 0.5 1.2637598786811592 4930.8778323243405 0.5454545454545454 t_multiswap_k 100 2836.2197840213776 102.91918282892168 95.47781625858924 103.90783177997616 96.4144938930838 87.06208544037197 83.71393323149782 98.57205255059122
0.9047843251479548 3343.1376652761405 0.5 1.242306993085844 4838.903747247738 0.5454545454545454 move_t 100 2837.531738758087 102.91918282892168 95.52303809600335 103.90783177997616 96.4144938930838 87.06208544037197 83.71393323149782 98.57205255059122
0.9047843251479548 3343.1376652761405 0.5 1.240001255840335 4829.018453605515 0.5454545454545454 f_swap_t 100 2840.092214822769 102.91918282892168 95.52303809600335 103.90783177997616 96.45034895415296 87.06208544037197 83.71393323149782 98.57205255059122
0.9047843251479548 3343.1376652761405 0.5 1.2430652845953822 4823.20851761355 0.5277777777777778 t_swap_r_k 100 2842.881367444992 102.91918282892168 95.52303809600335 103.90783177997616 96.45034895415296 87.06208544037197 83.94679389918284 98.57205255059122
0.9047843251479548 3343.1376652761405 0.5 1.231333130578647 4772.909730213936 0.5277777777777778 t_swap_k 100 2844.730208158493 102.91918282892168 95.52303809600335 103.9287534621764 96.45034895415296 87.06208544037197 83.94679389918284 98.57205255059122
0.9047843251479548 3343.1376652761405 0.5 1.2327834747670618 4779.127731945355 0.5277777777777778 t_move_k 100 2846.3321647644043 102.92999100063246 95.52303809600335 103.9287534621764 96.45034895415296 87.06208544037197 83.94679389918284 98.57205255059122
0.9047843251479548 3343.1376652761405 0.5 1.21694043951022 4711.204530373694 0.5277777777777778 move_t 100 2847.409066438675 102.92999100063246 95.56780771504332 103.9287534621764 96.45034895415296 87.06208544037197 83.94679389918284 98.57205255059122
0.9047843251479548 3343.1376652761405 0.5 1.2448470312787265 4801.952068117325 0.5277777777777778 swap_t 100 2848.561607837677 102.92999100063246 95.56780771504332 103.9287534621764 96.45034895415296 87.20146458596825 83.94679389918284 98.57205255059122
0.9047843251479548 3343.1376652761405 0.5 1.2296878148166166 4795.628469383208 0.5555555555555556 t_move_k 100 2850.1099116802216 102.93069109062613 95.56780771504332 103.9287534621764 96.45034895415296 87.20146458596825 83.94679389918284 98.57205255059122
0.9047843251479548 3343.1376652761405 0.5 1.2206411058697453 4756.8428815588595 0.5555555555555556 f_swap_t 100 2853.132161140442 102.93069109062613 95.56780771504332 103.9287534621764 96.48584546461143 87.20146458596825 83.94679389918284 98.57205255059122
0.9047843251479548 3343.1376652761405 0.5 1.2571019653221578 4767.476325494408 0.5555555555555556 move_t 100 2855.415689468384 102.93069109062613 95.62212963789288 103.9287534621764 96.48584546461143 87.20146458596825 83.94679389918284 98.57205255059122
0.9047843251479548 3343.1376652761405 0.5 1.2742364952579326 4975.793805052852 0.5454545454545454 t_multiswap_k 100 2856.3577744960785 102.93069109062613 95.62212963789288 103.9287534621764 96.48584546461143 87.20146458596825 83.94679389918284 98.59633202508532
0.9047843251479548 3343.1376652761405 0.5 1.2342733681359457 4815.287925881095 0.5555555555555556 t_multiswap_k 100 2857.5455617904663 102.93069109062613 95.62212963789288 103.9287534621764 96.48584546461143 87.20146458596825 83.94679389918284 98.70036870483446
0.9047843251479548 3343.1376652761405 0.5 1.2223745230544312 4764.274490649823 0.5555555555555556 t_move_k 100 2859.1402990818024 102.90138417971987 95.62212963789288 103.9287534621764 96.48584546461143 87.20146458596825 83.94679389918284 98.70036870483446
0.9047843251479548 3343.1376652761405 0.5 1.2188256120030014 4749.059388442558 0.5555555555555556 f_swap_t 100 2860.304441213608 102.90138417971987 95.62212963789288 103.9287534621764 96.52098700996531 87.20146458596825 83.94679389918284 98.70036870483446
0.9047843251479548 3343.1376652761405 0.5 1.2257700564474459 4749.059388442558 0.5277777777777778 t_swap_r_k 100 2863.4456453323364 102.90138417971987 95.62212963789288 103.9287534621764 96.52098700996531 87.20146458596825 84.14732596019101 98.70036870483446
0.9047843251479548 3343.1376652761405 0.5 1.2257700564474459 4749.059388442558 0.5277777777777778 t_swap_r_k 100 2867.358064889908 102.90138417971987 95.62212963789288 103.9287534621764 96.52098700996531 87.20146458596825 84.3458527005891 98.70036870483446
0.9047843251479548 3343.1376652761405 0.5 1.2257700564474459 4749.059388442558 0.5277777777777778 move_t 100 2869.329086303711 102.90138417971987 95.66590834151395 103.9287534621764 96.52098700996531 87.20146458596825 84.3458527005891 98.70036870483446
0.9047843251479548 3343.1376652761405 0.5 1.2231358887886143 4737.766028428914 0.5277777777777778 t_multiswap_k 100 2871.0030558109283 102.90138417971987 95.66590834151395 103.9287534621764 96.52098700996531 87.20146458596825 84.3458527005891 98.77336501778612
0.9047843251479548 3343.1376652761405 0.5 1.2120025061468602 4690.0343292253965 0.5277777777777778 t_swap_r_k 100 2873.210683107376 102.90138417971987 95.66590834151395 103.9287534621764 96.52098700996531 87.20146458596825 84.54239417358322 98.77336501778612
0.9047843251479548 3343.1376652761405 0.5 1.2106023062123543 4684.031308917089 0.5277777777777778 move_t 100 2874.533844470978 102.90138417971987 95.70924925809882 103.9287534621764 96.52098700996531 87.20146458596825 84.54239417358322 98.77336501778612
0.9047843251479548 3343.1376652761405 0.5 1.2621873236328218 4934.9622935221 0.5555555555555556 t_move_k 100 2876.3941497802734 103.02237033792267 95.70924925809882 103.9287534621764 96.52098700996531 87.20146458596825 84.54239417358322 98.77336501778612
0.9047843251479548 3343.1376652761405 0.5 1.249671285361773 4821.757521778951 0.5 t_swap_k 100 2879.355839729309 103.02237033792267 95.70924925809882 103.94946592755464 96.52098700996531 87.20146458596825 84.54239417358322 98.77336501778612
0.9047843251479548 3343.1376652761405 0.5 1.2139159832577784 4728.01053653397 0.5555555555555556 t_swap_k 100 2882.50159573555 103.02237033792267 95.70924925809882 103.9699712682791 96.52098700996531 87.20146458596825 84.54239417358322 98.77336501778612
0.9047843251479548 3343.1376652761405 0.5 1.2048159608381706 4688.996380023353 0.5555555555555556 t_swap_r_k 100 2886.89927482605 103.02237033792267 95.70924925809882 103.9699712682791 96.52098700996531 87.20146458596825 84.73697023184738 98.77336501778612
0.9047843251479548 3343.1376652761405 0.5 1.2048159608381706 4688.996380023353 0.5555555555555556 f_swap_t 100 2889.6487605571747 103.02237033792267 95.70924925809882 103.9699712682791 96.55577713986565 87.20146458596825 84.73697023184738 98.77336501778612
0.9047843251479548 3343.1376652761405 0.5 1.2048159608381706 4688.996380023353 0.5555555555555556 t_swap_r_k 100 2892.8090012073517 103.02237033792267 95.70924925809882 103.9699712682791 96.55577713986565 87.20146458596825 84.92960052952891 98.77336501778612
0.9047843251479548 3343.1376652761405 0.5 1.2389633892542742 4835.395262930542 0.5555555555555556 move_t 100 2894.8666911125183 103.02237033792267 95.78215676551784 103.9699712682791 96.55577713986565 87.20146458596825 84.92960052952891 98.77336501778612
0.9047843251479548 3343.1376652761405 0.5 1.2131292246179466 4724.63749817262 0.5555555555555556 t_move_k 100 2895.9194378852844 102.99214663454345 95.78215676551784 103.9699712682791 96.55577713986565 87.20146458596825 84.92960052952891 98.77336501778612
0.9047843251479548 3343.1376652761405 0.5 1.2120128657110674 4719.851377973491 0.5555555555555556 swap_t 100 2897.524845123291 102.99214663454345 95.78215676551784 103.9699712682791 96.55577713986565 87.32944994010857 84.92960052952891 98.77336501778612
0.9047843251479548 3343.1376652761405 0.5 1.2273758430498596 4709.931558635022 0.48484848484848486 t_swap_r_k 100 2901.968131542206 102.99214663454345 95.78215676551784 103.9699712682791 96.55577713986565 87.32944994010857 85.12030452423362 98.77336501778612
0.9047843251479548 3343.1376652761405 0.5 1.2265022059665207 4738.665287607035 0.5151515151515151 t_move_k 100 2903.8906626701355 102.992225168198 95.78215676551784 103.9699712682791 96.55577713986565 87.32944994010857 85.12030452423362 98.77336501778612
0.9047843251479548 3343.1376652761405 0.5 1.2477492811601238 4829.757010107625 0.5151515151515151 t_move_k 100 2906.1020255088806 102.97230291651603 95.78215676551784 103.9699712682791 96.55577713986565 87.32944994010857 85.12030452423362 98.77336501778612
0.9047843251479548 3343.1376652761405 0.5 1.2360860132109228 4779.7535551474575 0.5151515151515151 f_swap_t 100 2909.338625907898 102.97230291651603 95.78215676551784 103.9699712682791 96.590219368467 87.32944994010857 85.12030452423362 98.77336501778612
0.9047843251479548 3343.1376652761405 0.5 1.2273443076890427 4742.275596118972 0.5151515151515151 t_move_k 100 2911.4245145320892 102.97257988735088 95.78215676551784 103.9699712682791 96.590219368467 87.32944994010857 85.12030452423362 98.77336501778612
0.9047843251479548 3343.1376652761405 0.5 1.2136773432113923 4683.681774415061 0.5151515151515151 t_multiswap_k 100 2913.6788244247437 102.97257988735088 95.78215676551784 103.9699712682791 96.590219368467 87.32944994010857 85.12030452423362 98.81563136760826
0.9047843251479548 3343.1376652761405 0.5 1.2033324609252998 4639.330580760428 0.5151515151515151 t_swap_k 100 2915.5547456741333 102.97257988735088 95.78215676551784 103.96027155559631 96.590219368467 87.32944994010857 85.12030452423362 98.81563136760826
0.9047843251479548 3343.1376652761405 0.5 1.2186367818217856 4710.040701400603 0.5151515151515151 move_t 100 2916.2092623710632 102.97257988735088 95.83433519786266 103.96027155559631 96.590219368467 87.32944994010857 85.12030452423362 98.81563136760826
0.9047843251479548 3343.1376652761405 0.5 1.2011117350658842 4629.809752980957 0.5151515151515151 swap_t 100 2917.7221488952637 102.97257988735088 95.83433519786266 103.96027155559631 96.590219368467 87.45615544070749 85.12030452423362 98.81563136760826
0.9047843251479548 3343.1376652761405 0.5 1.1840571638672928 4556.692382574303 0.5151515151515151 t_move_k 100 2919.5332708358765 103.00285408847736 95.83433519786266 103.96027155559631 96.590219368467 87.45615544070749 85.12030452423362 98.81563136760826
0.9047843251479548 3343.1376652761405 0.5 1.20357464680554 4542.931181181502 0.42424242424242425 t_swap_r_k 100 2923.453143119812 103.00285408847736 95.83433519786266 103.96027155559631 96.590219368467 87.45615544070749 85.30910147899128 98.81563136760826
0.9047843251479548 3343.1376652761405 0.5 1.20357464680554 4542.931181181502 0.42424242424242425 t_swap_r_k 100 2926.559463262558 103.00285408847736 95.83433519786266 103.96027155559631 96.590219368467 87.45615544070749 85.49601046420136 98.81563136760826
0.9047843251479548 3343.1376652761405 0.5 1.20357464680554 4542.931181181502 0.42424242424242425 swap_t 100 2927.8462114334106 103.00285408847736 95.83433519786266 103.96027155559631 96.590219368467 87.58159388630041 85.49601046420136 98.81563136760826
0.9047843251479548 3343.1376652761405 0.5 1.1967045519433022 4513.477302516259 0.42424242424242425 t_multiswap_k 100 2929.3534693717957 103.00285408847736 95.83433519786266 103.96027155559631 96.590219368467 87.58159388630041 85.49601046420136 98.85747505393218
0.9047843251479548 3343.1376652761405 0.5 1.1730877646380362 4463.651469307792 0.4722222222222222 t_move_k 100 2932.692392349243 103.0628255475926 95.83433519786266 103.96027155559631 96.590219368467 87.58159388630041 85.49601046420136 98.85747505393218
0.9047843251479548 3343.1376652761405 0.5 1.255719184307479 4847.6864332857795 0.5 t_swap_k 100 2935.77215218544 103.0628255475926 95.83433519786266 104.10066884004034 96.590219368467 87.58159388630041 85.49601046420136 98.85747505393218
0.9047843251479548 3343.1376652761405 0.5 1.2041078394762552 4596.642576241953 0.4722222222222222 t_multiswap_k 100 2938.763637304306 103.0628255475926 95.83433519786266 104.10066884004034 96.590219368467 87.58159388630041 85.49601046420136 99.01890030339285
0.9047843251479548 3343.1376652761405 0.5 1.2613978321221868 4842.2596348070465 0.4722222222222222 t_swap_k 100 2941.1541850566864 103.0628255475926 95.83433519786266 104.18966215163994 96.590219368467 87.58159388630041 85.49601046420136 99.01890030339285
0.9047843251479548 3343.1376652761405 0.5 1.2357670009827209 4732.3736134915725 0.4722222222222222 t_swap_k 100 2942.688775062561 103.0628255475926 95.83433519786266 104.14776553012354 96.590219368467 87.58159388630041 85.49601046420136 99.01890030339285
0.9047843251479548 3343.1376652761405 0.5 1.2293140273369325 4704.7080416757035 0.4722222222222222 f_swap_t 100 2944.644361972809 103.0628255475926 95.83433519786266 104.14776553012354 96.62431717478233 87.58159388630041 85.49601046420136 99.01890030339285
0.9047843251479548 3343.1376652761405 0.5 1.2185326749598258 4658.485587527653 0.4722222222222222 t_move_k 100 2947.522599697113 103.06219729211666 95.83433519786266 104.14776553012354 96.62431717478233 87.58159388630041 85.49601046420136 99.01890030339285
0.9047843251479548 3343.1376652761405 0.5 1.2175429221671477 4654.24226057967 0.4722222222222222 t_swap_r_k 100 2951.6082677841187 103.06219729211666 95.83433519786266 104.14776553012354 96.62431717478233 87.58159388630041 85.68105035955935 99.01890030339285
0.9047843251479548 3343.1376652761405 0.5 1.2339091390637265 4737.941493277159 0.48484848484848486 t_move_k 100 2954.067069530487 103.0715753191955 95.83433519786266 104.14776553012354 96.62431717478233 87.58159388630041 85.68105035955935 99.01890030339285
0.9047843251479548 3343.1376652761405 0.5 1.2246795178900913 4698.371713292219 0.48484848484848486 t_swap_r_k 100 2959.149961948395 103.0715753191955 95.83433519786266 104.14776553012354 96.62431717478233 87.58159388630041 85.86423985596376 99.01890030339285
0.9047843251479548 3343.1376652761405 0.5 1.2226311653705015 4689.589894731422 0.48484848484848486 f_swap_t 100 2961.3181002140045 103.0715753191955 95.83433519786266 104.14776553012354 96.65807400303451 87.58159388630041 85.86423985596376 99.01890030339285
0.9047843251479548 3343.1376652761405 0.5 1.2226311653705015 4689.589894731422 0.48484848484848486 move_t 100 2963.013692378998 103.0715753191955 95.87599184588403 104.14776553012354 96.65807400303451 87.58159388630041 85.86423985596376 99.01890030339285
0.9047843251479548 3343.1376652761405 0.5 1.2226311653705015 4689.589894731422 0.48484848484848486 t_swap_r_k 100 2966.5074894428253 103.0715753191955 95.87599184588403 104.14776553012354 96.65807400303451 87.58159388630041 86.04559745740413 99.01890030339285
0.9047843251479548 3343.1376652761405 0.5 1.2226311653705015 4689.589894731422 0.48484848484848486 t_swap_r_k 100 2969.9901435375214 103.0715753191955 95.87599184588403 104.14776553012354 96.65807400303451 87.58159388630041 86.22514148283008 99.01890030339285
0.9047843251479548 3343.1376652761405 0.5 1.2226311653705015 4689.589894731422 0.48484848484848486 f_swap_t 100 2973.3634741306305 103.0715753191955 95.87599184588403 104.14776553012354 96.69149326300416 87.58159388630041 86.22514148283008 99.01890030339285
0.9047843251479548 3343.1376652761405 0.5 1.2226311653705015 4689.589894731422 0.48484848484848486 t_swap_k 100 2974.676693916321 103.0715753191955 95.87599184588403 104.1062878748223 96.69149326300416 87.58159388630041 86.22514148283008 99.01890030339285
0.9047843251479548 3343.1376652761405 0.5 1.2121646789871825 4644.717352769854 0.48484848484848486 t_swap_k 100 2975.816440343857 103.0715753191955 95.87599184588403 104.09522499607408 96.69149326300416 87.58159388630041 86.22514148283008 99.01890030339285
0.9047843251479548 3343.1376652761405 0.5 1.2099355639792808 4635.160558534813 0.48484848484848486 f_swap_t 100 2978.2393250465393 103.0715753191955 95.87599184588403 104.09522499607408 96.72457833037411 87.58159388630041 86.22514148283008 99.01890030339285
0.9047843251479548 3343.1376652761405 0.5 1.2099355639792808 4635.160558534813 0.48484848484848486 swap_t 100 2979.315555334091 103.0715753191955 95.87599184588403 104.09522499607408 96.72457833037411 87.70577794743741 86.22514148283008 99.01890030339285
0.9047843251479548 3343.1376652761405 0.5 1.2759327859768137 4964.120021330851 0.5277777777777778 t_multiswap_k 100 2980.3815813064575 103.0715753191955 95.87599184588403 104.09522499607408 96.72457833037411 87.70577794743741 86.22514148283008 99.16871130035892
0.9047843251479548 3343.1376652761405 0.5 1.2574806590006105 4885.010966802345 0.5277777777777778 swap_t 100 2981.369989156723 103.0715753191955 95.87599184588403 104.09522499607408 96.72457833037411 87.82872016796304 86.22514148283008 99.16871130035892
0.9047843251479548 3343.1376652761405 0.5 1.263807795452459 4866.124788440671 0.48484848484848486 t_swap_r_k 100 2985.686551094055 103.0715753191955 95.87599184588403 104.09522499607408 96.72457833037411 87.82872016796304 86.43289006800178 99.16871130035892
0.9047843251479548 3343.1376652761405 0.5 1.263807795452459 4866.124788440671 0.48484848484848486 move_t 100 2988.296442270279 103.0715753191955 95.91723192742519 104.09522499607408 96.72457833037411 87.82872016796304 86.43289006800178 99.16871130035892
0.9047843251479548 3343.1376652761405 0.5 1.3933612125155588 5437.793510316499 0.5 f_swap_t 100 2990.804105758667 103.0715753191955 95.91723192742519 104.09522499607408 96.96733254707037 87.82872016796304 86.43289006800178 99.16871130035892
0.9047843251479548 3343.1376652761405 0.5 1.3284273274818614 5159.405102383735 0.5 t_swap_r_k 100 2992.8495626449585 103.0715753191955 95.91723192742519 104.09522499607408 96.96733254707037 87.82872016796304 86.60856116732177 99.16871130035892
0.9047843251479548 3343.1376652761405 0.5 1.3386256618472379 5219.367625967876 0.5151515151515151 t_multiswap_k 100 2994.3990728855133 103.0715753191955 95.91723192742519 104.09522499607408 96.96733254707037 87.82872016796304 86.60856116732177 99.38702418735534
0.9047843251479548 3343.1376652761405 0.5 1.2924518552052673 4988.929302404023 0.48484848484848486 t_swap_k 100 2996.8068203926086 103.0715753191955 95.91723192742519 104.33427274611334 96.96733254707037 87.82872016796304 86.60856116732177 99.38702418735534
0.9047843251479548 3343.1376652761405 0.5 1.3747961386127043 5309.481366383549 0.45454545454545453 t_swap_k 100 2999.822915792465 103.0715753191955 95.91723192742519 104.36093001865221 96.96733254707037 87.82872016796304 86.60856116732177 99.38702418735534
0.9047843251479548 3343.1376652761405 0.5 1.3394991226479713 5158.15390347108 0.45454545454545453 t_swap_r_k 100 3002.6692309379578 103.0715753191955 95.91723192742519 104.36093001865221 96.96733254707037 87.82872016796304 86.78247555564855 99.38702418735534
0.9047843251479548 3343.1376652761405 0.5 1.3532008529384245 5216.896775232164 0.45454545454545453 move_t 100 3004.0992436408997 103.0715753191955 96.04805960815094 104.36093001865221 96.96733254707037 87.82872016796304 86.78247555564855 99.38702418735534
0.9047843251479548 3343.1376652761405 0.5 1.2761411144433874 4965.013179504066 0.5277777777777778 t_multiswap_k 100 3006.0143749713898 103.0715753191955 96.04805960815094 104.36093001865221 96.96733254707037 87.82872016796304 86.78247555564855 99.57315394548178
0.9047843251479548 3343.1376652761405 0.5 1.2415151268120777 4816.562589110815 0.5277777777777778 swap_t 100 3007.088079929352 103.0715753191955 96.04805960815094 104.36093001865221 96.96733254707037 87.95043296628342 86.78247555564855 99.57315394548178
0.9047843251479548 3343.1376652761405 0.5 1.2718339718347176 4965.493563962043 0.5454545454545454 t_multiswap_k 100 3009.598546743393 103.0715753191955 96.04805960815094 104.36093001865221 96.96733254707037 87.95043296628342 86.78247555564855 99.69742240602696
0.9047843251479548 3343.1376652761405 0.5 1.2412669531230138 4834.44482615764 0.5454545454545454 swap_t 100 3011.6782512664795 103.0715753191955 96.04805960815094 104.36093001865221 96.96733254707037 88.07092863662058 86.78247555564855 99.69742240602696
0.9047843251479548 3343.1376652761405 0.5 1.31597363622107 5056.962478865674 0.5277777777777778 swap_t 100 3013.3582768440247 103.0715753191955 96.04805960815094 104.36093001865221 96.96733254707037 88.23021935025437 86.78247555564855 99.69742240602696
0.9047843251479548 3343.1376652761405 0.5 1.2527326459912145 4864.65500347374 0.5277777777777778 t_move_k 100 3016.538771390915 103.27085956600355 96.04805960815094 104.36093001865221 96.96733254707037 88.23021935025437 86.78247555564855 99.69742240602696
0.9047843251479548 3343.1376652761405 0.5 1.2188891929726726 4719.559341942171 0.5277777777777778 t_swap_k 100 3018.4514446258545 103.27085956600355 96.04805960815094 104.3473207184657 96.96733254707037 88.23021935025437 86.78247555564855 99.69742240602696
0.9047843251479548 3343.1376652761405 0.5 1.2146474426041156 4701.3738578711345 0.5277777777777778 t_multiswap_k 100 3019.847079515457 103.27085956600355 96.04805960815094 104.3473207184657 96.96733254707037 88.23021935025437 86.78247555564855 99.7604481819667
0.9047843251479548 3343.1376652761405 0.5 1.2053653598707157 4661.579161571808 0.5277777777777778 swap_t 100 3020.6711032390594 103.27085956600355 96.04805960815094 104.3473207184657 96.96733254707037 88.34791715675183 86.78247555564855 99.7604481819667
0.9047843251479548 3343.1376652761405 0.5 1.1913696440057315 4631.348532006871 0.5555555555555556 f_swap_t 100 3023.263115644455 103.27085956600355 96.04805960815094 104.3473207184657 97.02765922159966 88.34791715675183 86.78247555564855 99.7604481819667
0.9047843251479548 3343.1376652761405 0.5 1.1825738626441562 4647.770798753105 0.6060606060606061 t_move_k 100 3026.4728422164917 103.33815097034352 96.04805960815094 104.3473207184657 97.02765922159966 88.34791715675183 86.78247555564855 99.7604481819667
0.9047843251479548 3343.1376652761405 0.5 1.1664037412610524 4578.4452941173395 0.6060606060606061 t_multiswap_k 100 3027.171571493149 103.33815097034352 96.04805960815094 104.3473207184657 97.02765922159966 88.34791715675183 86.78247555564855 99.76284370014703
0.9047843251479548 3343.1376652761405 0.5 1.1745065915992934 4580.705077509393 0.5757575757575758 t_move_k 100 3029.020788192749 103.35476946064009 96.04805960815094 104.3473207184657 97.02765922159966 88.34791715675183 86.78247555564855 99.76284370014703
0.9047843251479548 3343.1376652761405 0.5 1.170828455938036 4564.935955881035 0.5757575757575758 f_swap_t 100 3031.303570985794 103.35476946064009 96.04805960815094 104.3473207184657 97.05738262938367 88.34791715675183 86.78247555564855 99.76284370014703
0.9047843251479548 3343.1376652761405 0.5 1.170828455938036 4564.935955881035 0.5757575757575758 t_swap_k 100 3033.3827538490295 103.35476946064009 96.04805960815094 104.30384751128103 97.05738262938367 88.34791715675183 86.78247555564855 99.76284370014703
0.9047843251479548 3343.1376652761405 0.5 1.2162610110230492 4792.196341751619 0.6060606060606061 t_move_k 100 3035.4707674980164 103.42122176603368 96.04805960815094 104.30384751128103 97.05738262938367 88.34791715675183 86.78247555564855 99.76284370014703
0.9047843251479548 3343.1376652761405 0.5 1.2449026990656558 4884.66152649469 0.6060606060606061 swap_t 100 3037.1860823631287 103.42122176603368 96.04805960815094 104.30384751128103 97.05738262938367 88.50443798518431 86.78247555564855 99.76284370014703
0.9047843251479548 3343.1376652761405 0.5 1.2047667845686667 4748.330817818937 0.6111111111111112 t_swap_k 100 3039.7537684440613 103.42122176603368 96.04805960815094 104.26080903616823 97.05738262938367 88.50443798518431 86.78247555564855 99.76284370014703
0.9047843251479548 3343.1376652761405 0.5 1.1968161417501264 4714.244349788464 0.6111111111111112 swap_t 100 3040.41668176651 103.42122176603368 96.04805960815094 104.26080903616823 97.05738262938367 88.61939360533246 86.78247555564855 99.76284370014703
0.9047843251479548 3343.1376652761405 0.5 1.1952730219608219 4707.62859499155 0.6111111111111112 swap_t 100 3041.8998925685883 103.42122176603368 96.04805960815094 104.26080903616823 97.05738262938367 88.73319966927913 86.78247555564855 99.76284370014703
0.9047843251479548 3343.1376652761405 0.5 1.1952730219608219 4707.62859499155 0.6111111111111112 t_swap_k 100 3044.6542224884033 103.42122176603368 96.04805960815094 104.21820094580654 97.05738262938367 88.73319966927913 86.78247555564855 99.76284370014703
0.9047843251479548 3343.1376652761405 0.5 1.1952730219608219 4707.62859499155 0.6111111111111112 f_swap_t 100 3048.0499942302704 103.42122176603368 96.04805960815094 104.21820094580654 97.08680880308984 88.73319966927913 86.78247555564855 99.76284370014703
0.9047843251479548 3343.1376652761405 0.5 1.1951208386193992 4754.114953722353 0.6111111111111112 swap_t 100 3049.564477443695 103.42122176603368 96.04805960815094 104.21820094580654 97.08680880308984 88.87586767258634 86.78247555564855 99.76284370014703
0.9047843251479548 3343.1376652761405 0.5 1.22820365003935 4848.810739233342 0.6111111111111112 t_move_k 100 3051.1201384067535 103.39700954837335 96.04805960815094 104.21820094580654 97.08680880308984 88.87586767258634 86.78247555564855 99.76284370014703
0.9047843251479548 3343.1376652761405 0.5 1.2194012926888824 4811.072750083606 0.6111111111111112 t_multiswap_k 100 3052.2768156528473 103.39700954837335 96.04805960815094 104.21820094580654 97.08680880308984 88.87586767258634 86.78247555564855 99.76521526314556
0.9047843251479548 3343.1376652761405 0.5 1.2182849337849189 4806.2866298969775 0.6111111111111112 t_multiswap_k 100 3054.400126218796 103.39700954837335 96.04805960815094 104.21820094580654 97.08680880308984 88.87586767258634 86.78247555564855 99.7675631105141
0.9047843251479548 3343.1376652761405 0.5 1.2182849337849189 4806.2866298969775 0.6111111111111112 t_multiswap_k 100 3055.8896493911743 103.39700954837335 96.04805960815094 104.21820094580654 97.08680880308984 88.87586767258634 86.78247555564855 99.76988747940896
0.9047843251479548 3343.1376652761405 0.5 1.256138213658243 4968.573459238845 0.6111111111111112 t_move_k 100 3057.942796945572 103.5530394528896 96.04805960815094 104.21820094580654 97.08680880308984 88.87586767258634 86.78247555564855 99.76988747940896
0.9047843251479548 3343.1376652761405 0.5 1.2230744438553902 4826.820501890075 0.6111111111111112 swap_t 100 3059.2432980537415 103.5530394528896 96.04805960815094 104.21820094580654 97.08680880308984 88.98710899586048 86.78247555564855 99.76988747940896
0.9047843251479548 3343.1376652761405 0.5 1.2330981995069419 4864.381736074819 0.6060606060606061 t_move_k 100 3061.806838989258 103.55750905836071 96.04805960815094 104.21820094580654 97.08680880308984 88.98710899586048 86.78247555564855 99.76988747940896
0.9047843251479548 3343.1376652761405 0.5 1.202703027037463 4734.069747684954 0.6060606060606061 t_multiswap_k 100 3063.832734107971 103.55750905836071 96.04805960815094 104.21820094580654 97.08680880308984 88.98710899586048 86.78247555564855 99.77218860461487
0.9047843251479548 3343.1376652761405 0.5 1.2160238874296327 4766.820303083992 0.5833333333333334 t_swap_k 100 3067.3247368335724 103.55750905836071 96.04805960815094 104.21601893634848 97.08680880308984 88.98710899586048 86.78247555564855 99.77218860461487
0.9047843251479548 3343.1376652761405 0.5 1.2103998305373003 4742.708512397708 0.5833333333333334 t_swap_r_k 100 3071.6636312007904 103.55750905836071 96.04805960815094 104.21601893634848 97.08680880308984 88.98710899586048 86.95465080009205 99.77218860461487
0.9047843251479548 3343.1376652761405 0.5 1.2103998305373003 4742.708512397708 0.5833333333333334 move_t 100 3073.3951184749603 103.55750905836071 96.08757901206943 104.21601893634848 97.08680880308984 88.98710899586048 86.95465080009205 99.77218860461487
0.9047843251479548 3343.1376652761405 0.5 1.2049896569355318 4719.5136948559175 0.5833333333333334 t_move_k 100 3075.9702796936035 103.5519339677771 96.08757901206943 104.21601893634848 97.08680880308984 88.98710899586048 86.95465080009205 99.77218860461487
0.9047843251479548 3343.1376652761405 0.5 1.2016267252301198 4705.095934345047 0.5833333333333334 t_swap_k 100 3077.5807588100433 103.5519339677771 96.08757901206943 104.17385874698499 97.08680880308984 88.98710899586048 86.95465080009205 99.77218860461487
0.9047843251479548 3343.1376652761405 0.5 1.1957735279749482 4680.00175948799 0.5833333333333334 t_move_k 100 3079.0793781280518 103.57641462809933 96.08757901206943 104.17385874698499 97.08680880308984 88.98710899586048 86.95465080009205 99.77218860461487
0.9047843251479548 3343.1376652761405 0.5 1.1788344582858368 4607.37957401169 0.5833333333333334 t_multiswap_k 100 3079.938784599304 103.57641462809933 96.08757901206943 104.17385874698499 97.08680880308984 88.98710899586048 86.95465080009205 99.77446671856872
0.9047843251479548 3343.1376652761405 0.5 1.1769694434658025 4599.383771723703 0.5833333333333334 swap_t 100 3081.3773007392883 103.57641462809933 96.08757901206943 104.17385874698499 97.08680880308984 89.09723790590188 86.95465080009205 99.77446671856872
0.9047843251479548 3343.1376652761405 0.5 1.24005942600229 4948.732986807064 0.5555555555555556 swap_t 100 3083.4561405181885 103.57641462809933 96.08757901206943 104.17385874698499 97.08680880308984 89.27626552684286 86.95465080009205 99.77446671856872
0.9047843251479548 3343.1376652761405 0.5 1.2205124179654598 4756.29116313364 0.5555555555555556 t_move_k 100 3086.1726791858673 103.54065048181833 96.08757901206943 104.17385874698499 97.08680880308984 89.27626552684286 86.95465080009205 99.77446671856872
0.9047843251479548 3343.1376652761405 0.5 1.223295106920154 4768.221272466654 0.5555555555555556 move_t 100 3087.894215106964 103.54065048181833 96.16670322194874 104.17385874698499 97.08680880308984 89.27626552684286 86.95465080009205 99.77446671856872
0.9047843251479548 3343.1376652761405 0.5 1.2137785579506821 4727.42135859656 0.5555555555555556 t_move_k 100 3089.712195634842 103.54524397700015 96.16670322194874 104.17385874698499 97.08680880308984 89.27626552684286 86.95465080009205 99.77446671856872
0.9047843251479548 3343.1376652761405 0.5 1.268323410315729 4793.676590578511 0.5555555555555556 swap_t 100 3090.550611257553 103.54524397700015 96.16670322194874 104.17385874698499 97.08680880308984 89.39350287157444 86.95465080009205 99.77446671856872
0.9047843251479548 3343.1376652761405 0.5 1.252582072124976 4882.955676276824 0.5454545454545454 t_swap_k 100 3093.4659173488617 103.54524397700015 96.16670322194874 104.21212015951514 97.08680880308984 89.39350287157444 86.95465080009205 99.77446671856872
0.9047843251479548 3343.1376652761405 0.5 1.2196139095485101 4741.612611906535 0.5454545454545454 t_move_k 100 3095.5799646377563 103.56979153723016 96.16670322194874 104.21212015951514 97.08680880308984 89.39350287157444 86.95465080009205 99.77446671856872
0.9047843251479548 3343.1376652761405 0.5 1.1960297898954257 4640.501373616838 0.5454545454545454 t_multiswap_k 100 3096.7430367469788 103.56979153723016 96.16670322194874 104.21212015951514 97.08680880308984 89.39350287157444 86.95465080009205 99.83672205138303
0.9047843251479548 3343.1376652761405 0.5 1.1755006704741056 4552.487713738069 0.5454545454545454 t_move_k 100 3097.79616189003 103.53409362185786 96.16670322194874 104.21212015951514 97.08680880308984 89.39350287157444 86.95465080009205 99.83672205138303
0.9047843251479548 3343.1376652761405 0.5 1.1654880953376656 4509.561207029065 0.5454545454545454 swap_t 100 3099.2455360889435 103.53409362185786 96.16670322194874 104.21212015951514 97.08680880308984 89.4995678428587 86.95465080009205 99.83672205138303
0.9047843251479548 3343.1376652761405 0.5 1.1517318147281395 4483.063701656181 0.5757575757575758 t_multiswap_k 100 3100.507737159729 103.53409362185786 96.16670322194874 104.21212015951514 97.08680880308984 89.4995678428587 86.95465080009205 99.89835483086921
0.9047843251479548 3343.1376652761405 0.5 1.1994721104459742 4687.738732454514 0.5757575757575758 f_swap_t 100 3103.658941268921 103.53409362185786 96.16670322194874 104.21212015951514 97.12594071505895 89.4995678428587 86.95465080009205 99.89835483086921
0.9047843251479548 3343.1376652761405 0.5 1.1723833431818576 4539.12292305222 0.5454545454545454 t_swap_r_k 100 3107.5325293540955 103.53409362185786 96.16670322194874 104.21212015951514 97.12594071505895 89.4995678428587 87.15510429209114 99.89835483086921
0.9047843251479548 3343.1376652761405 0.5 1.1706099597338384 4531.51996822375 0.5454545454545454 f_swap_t 100 3109.5090222358704 103.53409362185786 96.16670322194874 104.21212015951514 97.15468130790836 89.4995678428587 87.15510429209114 99.89835483086921
0.9047843251479548 3343.1376652761405 0.5 1.1706099597338384 4531.51996822375 0.5454545454545454 swap_t 100 3110.2888152599335 103.53409362185786 96.16670322194874 104.21212015951514 97.15468130790836 89.60457216443011 87.15510429209114 99.89835483086921
0.9047843251479548 3343.1376652761405 0.5 1.1600959429975177 4467.497429286204 0.5277777777777778 t_swap_k 100 3111.417486667633 103.53409362185786 96.16670322194874 104.26999895791998 97.15468130790836 89.60457216443011 87.15510429209114 99.89835483086921
0.9047843251479548 3343.1376652761405 0.5 1.1570211505181285 4454.314996375921 0.5277777777777778 f_swap_t 100 3113.14861369133 103.53409362185786 96.16670322194874 104.26999895791998 97.18313449482928 89.60457216443011 87.15510429209114 99.89835483086921
0.9047843251479548 3343.1376652761405 0.5 1.154475122303809 4443.399513022838 0.5277777777777778 swap_t 100 3114.268413543701 103.53409362185786 96.16670322194874 104.26999895791998 97.18313449482928 89.70852644278581 87.15510429209114 99.89835483086921
0.9047843251479548 3343.1376652761405 0.5 1.154475122303809 4443.399513022838 0.5277777777777778 t_swap_k 100 3117.737336874008 103.53409362185786 96.16670322194874 104.22729896834078 97.18313449482928 89.70852644278581 87.15510429209114 99.89835483086921
0.9047843251479548 3343.1376652761405 0.5 1.2012017484079505 4597.71642577086 0.48484848484848486 t_move_k 100 3119.4298679828644 103.63875268563929 96.16670322194874 104.22729896834078 97.18313449482928 89.70852644278581 87.15510429209114 99.89835483086921
0.9047843251479548 3343.1376652761405 0.5 1.1969022883152953 4579.283525143652 0.48484848484848486 move_t 100 3121.0605523586273 103.63875268563929 96.20503618972926 104.22729896834078 97.18313449482928 89.70852644278581 87.15510429209114 99.89835483086921
0.9047843251479548 3343.1376652761405 0.5 1.1923641092035484 4559.827174161767 0.48484848484848486 t_move_k 100 3122.459308862686 103.6023651587829 96.20503618972926 104.22729896834078 97.18313449482928 89.70852644278581 87.15510429209114 99.89835483086921
0.9047843251479548 3343.1376652761405 0.5 1.1923641092035484 4559.827174161767 0.48484848484848486 swap_t 100 3123.004415035248 103.6023651587829 96.20503618972926 104.22729896834078 97.18313449482928 89.81144117835795 87.15510429209114 99.89835483086921
0.9047843251479548 3343.1376652761405 0.5 1.3304417888725593 5151.8020020064 0.48484848484848486 f_swap_t 100 3125.3278408050537 103.6023651587829 96.20503618972926 104.22729896834078 97.27130314988098 89.81144117835795 87.15510429209114 99.89835483086921
0.9047843251479548 3343.1376652761405 0.5 1.293940264360621 4995.3104985221435 0.48484848484848486 move_t 100 3126.8067483901978 103.6023651587829 96.24298582783196 104.22729896834078 97.27130314988098 89.81144117835795 87.15510429209114 99.89835483086921
0.9047843251479548 3343.1376652761405 0.5 1.2911647207879544 5015.890261050806 0.5151515151515151 t_move_k 100 3128.6592919826508 103.60634150719507 96.24298582783196 104.22729896834078 97.27130314988098 89.81144117835795 87.15510429209114 99.89835483086921
0.9047843251479548 3343.1376652761405 0.5 1.2863404054057774 4995.207169658494 0.5151515151515151 f_swap_t 100 3132.4174284934998 103.60634150719507 96.24298582783196 104.22729896834078 97.36859011838217 89.81144117835795 87.15510429209114 99.89835483086921
0.9047843251479548 3343.1376652761405 0.5 1.2753424866463305 4948.056239255556 0.5151515151515151 t_swap_k 100 3134.4445559978485 103.60634150719507 96.24298582783196 104.26502597865736 97.36859011838217 89.81144117835795 87.15510429209114 99.89835483086921
0.9047843251479548 3343.1376652761405 0.5 1.3200891364288256 5123.657114548273 0.5 t_move_k 100 3136.334550857544 103.64027809212311 96.24298582783196 104.26502597865736 97.36859011838217 89.81144117835795 87.15510429209114 99.89835483086921
0.9047843251479548 3343.1376652761405 0.5 1.390413298130683 5473.873893340803 0.5454545454545454 t_swap_k 100 3139.5519902706146 103.64027809212311 96.24298582783196 104.35237571887079 97.36859011838217 89.81144117835795 87.15510429209114 99.89835483086921
0.9047843251479548 3343.1376652761405 0.5 1.3487059685855964 5295.06375337831 0.5454545454545454 t_swap_k 100 3142.740575313568 103.64027809212311 96.24298582783196 104.42885196168208 97.36859011838217 89.81144117835795 87.15510429209114 99.89835483086921
0.9047843251479548 3343.1376652761405 0.5 1.3384571440065511 5251.124384029596 0.5454545454545454 t_move_k 100 3145.0838103294373 103.64387531120188 96.24298582783196 104.42885196168208 97.36859011838217 89.81144117835795 87.15510429209114 99.89835483086921
0.9047843251479548 3343.1376652761405 0.5 1.3557637305110877 5327.192398133902 0.5277777777777778 swap_t 100 3146.910078763962 103.64387531120188 96.24298582783196 104.42885196168208 97.36859011838217 89.98332676657438 87.15510429209114 99.89835483086921
0.9047843251479548 3343.1376652761405 0.5 1.293655094713738 5059.046377788648 0.5454545454545454 t_move_k 100 3148.892426252365 103.76743655808987 96.24298582783196 104.42885196168208 97.36859011838217 89.98332676657438 87.15510429209114 99.89835483086921
0.9047843251479548 3343.1376652761405 0.5 1.307677288311908 5119.163158872882 0.5454545454545454 t_swap_k 100 3150.590313434601 103.76743655808987 96.24298582783196 104.68456344206527 97.36859011838217 89.98332676657438 87.15510429209114 99.89835483086921
0.9047843251479548 3343.1376652761405 0.5 1.277332553047446 4989.067407863515 0.5454545454545454 f_swap_t 100 3153.578280210495 103.76743655808987 96.24298582783196 104.68456344206527 97.42490421719835 89.98332676657438 87.15510429209114 99.89835483086921
0.9047843251479548 3343.1376652761405 0.5 1.287847684661969 5015.202282524975 0.5277777777777778 f_swap_t 100 3155.8240373134613 103.76743655808987 96.24298582783196 104.68456344206527 97.49065517502636 89.98332676657438 87.15510429209114 99.89835483086921
0.9047843251479548 3343.1376652761405 0.5 1.2767784363054608 4967.745543637697 0.5277777777777778 t_multiswap_k 100 3156.610412836075 103.76743655808987 96.24298582783196 104.68456344206527 97.49065517502636 89.98332676657438 87.15510429209114 99.92937128256052
0.9047843251479548 3343.1376652761405 0.5 1.262559912942708 4906.787045927951 0.5277777777777778 swap_t 100 3157.5030188560486 103.76743655808987 96.24298582783196 104.68456344206527 97.49065517502636 90.08349349890864 87.15510429209114 99.92937128256052
0.9047843251479548 3343.1376652761405 0.5 1.2876165757944271 5000.678443132472 0.5151515151515151 move_t 100 3159.4963352680206 103.76743655808987 96.35055596955364 104.68456344206527 97.49065517502636 90.08349349890864 87.15510429209114 99.92937128256052
0.9047843251479548 3343.1376652761405 0.5 1.2822834578057312 4912.855507479835 0.45454545454545453 t_swap_r_k 100 3163.331328868866 103.76743655808987 96.35055596955364 104.68456344206527 97.49065517502636 90.08349349890864 87.32355324917023 99.92937128256052
0.9047843251479548 3343.1376652761405 0.5 1.277396194571149 4891.902542316613 0.45454545454545453 t_multiswap_k 100 3164.6009991168976 103.76743655808987 96.35055596955364 104.68456344206527 97.49065517502636 90.08349349890864 87.32355324917023 99.96007756973492
0.9047843251479548 3343.1376652761405 0.5 1.2675890843929287 4849.856917177765 0.45454545454545453 f_swap_t 100 3166.8862528800964 103.76743655808987 96.35055596955364 104.68456344206527 97.5157486232761 90.08349349890864 87.32355324917023 99.96007756973492
0.9047843251479548 3343.1376652761405 0.5 1.2675890843929287 4849.856917177765 0.45454545454545453 f_swap_t 100 3170.5358300209045 103.76743655808987 96.35055596955364 104.68456344206527 97.54059113704334 90.08349349890864 87.32355324917023 99.96007756973492
0.9047843251479548 3343.1376652761405 0.5 1.2675890843929287 4849.856917177765 0.45454545454545453 f_swap_t 100 3174.1420311927795 103.76743655808987 96.35055596955364 104.68456344206527 97.5651852256729 90.08349349890864 87.32355324917023 99.96007756973492
0.9047843251479548 3343.1376652761405 0.5 1.2889595980544346 4941.477852408187 0.45454545454545453 t_move_k 100 3176.6101598739624 103.91976219250897 96.35055596955364 104.68456344206527 97.5651852256729 90.08349349890864 87.32355324917023 99.96007756973492
0.9047843251479548 3343.1376652761405 0.5 1.302156495990146 4965.577139163662 0.42424242424242425 move_t 100 3178.684673309326 103.91976219250897 96.4970504098581 104.68456344206527 97.5651852256729 90.08349349890864 87.32355324917023 99.96007756973492
0.9047843251479548 3343.1376652761405 0.5 1.2720600833439395 4836.546011629603 0.42424242424242425 f_swap_t 100 3181.5430319309235 103.91976219250897 96.4970504098581 104.68456344206527 97.58953337341617 90.08349349890864 87.32355324917023 99.96007756973492
0.9047843251479548 3343.1376652761405 0.5 1.2831124023711915 4883.930170091167 0.42424242424242425 move_t 100 3183.204431295395 103.91976219250897 96.57207990575952 104.68456344206527 97.58953337341617 90.08349349890864 87.32355324917023 99.96007756973492
0.9047843251479548 3343.1376652761405 0.5 1.271229054206163 4832.9831741605185 0.42424242424242425 swap_t 100 3183.914127111435 103.91976219250897 96.57207990575952 104.68456344206527 97.58953337341617 90.18265856391955 87.32355324917023 99.96007756973492
0.9047843251479548 3343.1376652761405 0.5 1.29324165053734 5057.273835363739 0.5454545454545454 t_move_k 100 3184.968976020813 104.22056457058387 96.57207990575952 104.68456344206527 97.58953337341617 90.18265856391955 87.32355324917023 99.96007756973492
0.9047843251479548 3343.1376652761405 0.5 1.2503741947214118 4873.489933160268 0.5454545454545454 f_swap_t 100 3187.349735736847 104.22056457058387 96.57207990575952 104.68456344206527 97.61363803968202 90.18265856391955 87.32355324917023 99.96007756973492
0.9047843251479548 3343.1376652761405 0.5 1.313282644177645 5143.194773407408 0.5454545454545454 t_move_k 100 3189.5311467647552 104.23835892487804 96.57207990575952 104.68456344206527 97.61363803968202 90.18265856391955 87.32355324917023 99.96007756973492
0.9047843251479548 3343.1376652761405 0.5 1.2883071661034777 5036.118420670792 0.5454545454545454 f_swap_t 100 3192.4176738262177 104.23835892487804 96.57207990575952 104.68456344206527 97.63750165928519 90.18265856391955 87.32355324917023 99.96007756973492
0.9047843251479548 3343.1376652761405 0.5 1.2502279697194991 4824.144172015387 0.5 t_multiswap_k 100 3194.7109081745148 104.23835892487804 96.57207990575952 104.68456344206527 97.63750165928519 90.18265856391955 87.32355324917023 100.08047679403757
0.9047843251479548 3343.1376652761405 0.5 1.234740679912056 4757.74614345988 0.5 f_swap_t 100 3198.4662671089172 104.23835892487804 96.57207990575952 104.68456344206527 97.66112664269234 90.18265856391955 87.32355324917023 100.08047679403757
0.9047843251479548 3343.1376652761405 0.5 1.2337509271193778 4753.502816511897 0.5 t_swap_r_k 100 3201.1183185577393 104.23835892487804 96.57207990575952 104.68456344206527 97.66112664269234 90.18265856391955 87.49031771667853 100.08047679403757
0.9047843251479548 3343.1376652761405 0.5 1.3714480034911793 5314.073264689855 0.4722222222222222 t_swap_k 100 3202.8087120056152 104.23835892487804 96.57207990575952 104.91771780764462 97.66112664269234 90.18265856391955 87.49031771667853 100.08047679403757
0.9047843251479548 3343.1376652761405 0.5 1.3112929716112889 5056.173039784217 0.4722222222222222 t_swap_r_k 100 3205.628477573395 104.23835892487804 96.57207990575952 104.91771780764462 97.66112664269234 90.18265856391955 87.65541453951175 100.08047679403757
0.9047843251479548 3343.1376652761405 0.5 1.3092632827456403 5047.471237148913 0.4722222222222222 t_swap_r_k 100 3207.506429195404 104.23835892487804 96.57207990575952 104.91771780764462 97.66112664269234 90.18265856391955 87.81886039411664 100.08047679403757
0.9047843251479548 3343.1376652761405 0.5 1.3244543908010684 5112.599457708804 0.4722222222222222 move_t 100 3209.9517724514008 104.23835892487804 96.73635910670193 104.91771780764462 97.66112664269234 90.18265856391955 87.81886039411664 100.08047679403757
0.9047843251479548 3343.1376652761405 0.5 1.2916041212758869 4971.761831428908 0.4722222222222222 swap_t 100 3211.137444972992 104.23835892487804 96.73635910670193 104.91771780764462 97.66112664269234 90.28083197828035 87.81886039411664 100.08047679403757
0.9047843251479548 3343.1376652761405 0.5 1.2916041212758864 4971.7618314289075 0.4722222222222222 t_swap_r_k 100 3214.0820059776306 104.23835892487804 96.73635910670193 104.91771780764462 97.66112664269234 90.28083197828035 88.01067179017548 100.08047679403757
0.9047843251479548 3343.1376652761405 0.5 1.3555253826967024 5275.581493884396 0.5 t_swap_k 100 3217.5314342975616 104.23835892487804 96.73635910670193 105.05854062956817 97.66112664269234 90.28083197828035 88.01067179017548 100.08047679403757
0.9047843251479548 3343.1376652761405 0.5 1.3280795509661218 5187.686728862425 0.5277777777777778 t_swap_k 100 3221.1558911800385 104.23835892487804 96.73635910670193 105.2979552232725 97.66112664269234 90.28083197828035 88.01067179017548 100.08047679403757
0.9047843251479548 3343.1376652761405 0.5 1.3006082846897609 5069.910284736151 0.5277777777777778 t_swap_k 100 3224.2667899131775 104.23835892487804 96.73635910670193 105.42497567103977 97.66112664269234 90.28083197828035 88.01067179017548 100.08047679403757
0.9047843251479548 3343.1376652761405 0.5 1.3147654138261045 5117.072553741147 0.5151515151515151 t_multiswap_k 100 3226.696521282196 104.23835892487804 96.73635910670193 105.42497567103977 97.66112664269234 90.28083197828035 88.01067179017548 100.27967202609719
0.9047843251479548 3343.1376652761405 0.5 1.2968107010114758 5075.411987433728 0.5454545454545454 move_t 100 3228.9026379585266 104.23835892487804 96.89899551563491 105.42497567103977 97.66112664269234 90.28083197828035 88.01067179017548 100.27967202609719
0.9047843251479548 3343.1376652761405 0.5 1.259617738059128 4913.119401073807 0.5454545454545454 swap_t 100 3231.0828256607056 104.23835892487804 96.89899551563491 105.42497567103977 97.66112664269234 90.37802365849754 88.01067179017548 100.27967202609719
0.9047843251479548 3343.1376652761405 0.5 1.3322223930516943 5205.448167469107 0.5277777777777778 t_swap_k 100 3234.4423971176147 104.23835892487804 96.89899551563491 105.57072591432937 97.66112664269234 90.37802365849754 88.01067179017548 100.27967202609719
0.9047843251479548 3343.1376652761405 0.5 1.3297255904671181 5194.743727159062 0.5277777777777778 move_t 100 3237.078304052353 104.23835892487804 96.94000556047855 105.57072591432937 97.66112664269234 90.37802365849754 88.01067179017548 100.27967202609719
0.9047843251479548 3343.1376652761405 0.5 1.289963190452562 5024.272004577029 0.5277777777777778 move_t 100 3239.194376707077 104.23835892487804 97.03060550487376 105.57072591432937 97.66112664269234 90.37802365849754 88.01067179017548 100.27967202609719
0.9047843251479548 3343.1376652761405 0.5 1.2814641571511096 5006.780666326804 0.5454545454545454 t_swap_k 100 3243.1051173210144 104.23835892487804 97.03060550487376 105.54501865518608 97.66112664269234 90.37802365849754 88.01067179017548 100.27967202609719
0.9047843251479548 3343.1376652761405 0.5 1.325492708875866 5176.596265836747 0.5277777777777778 t_move_k 100 3245.8981561660767 104.38597533562927 97.03060550487376 105.54501865518608 97.66112664269234 90.37802365849754 88.01067179017548 100.27967202609719
0.9047843251479548 3343.1376652761405 0.5 1.2934672782807282 5039.294937999749 0.5277777777777778 swap_t 100 3247.9792532920837 104.38597533562927 97.03060550487376 105.54501865518608 97.66112664269234 90.47424342191256 88.01067179017548 100.27967202609719
0.9047843251479548 3343.1376652761405 0.5 1.3847040795672745 5370.905501238532 0.4722222222222222 swap_t 100 3250.270262479782 104.38597533562927 97.03060550487376 105.54501865518608 97.66112664269234 90.67950098769343 88.01067179017548 100.27967202609719
0.9047843251479548 3343.1376652761405 0.5 1.379262755914982 5393.589388837332 0.5151515151515151 t_swap_k 100 3252.6572210788727 104.38597533562927 97.03060550487376 105.76956846863422 97.66112664269234 90.67950098769343 88.01067179017548 100.27967202609719
0.9047843251479548 3343.1376652761405 0.5 1.4137814030268614 5541.579782581402 0.5151515151515151 f_swap_t 100 3256.685174226761 104.38597533562927 97.03060550487376 105.76956846863422 97.87451537626542 90.67950098769343 88.01067179017548 100.27967202609719
0.9047843251479548 3343.1376652761405 0.5 1.3902703750010814 5440.781907056737 0.5151515151515151 t_swap_k 100 3259.0696561336517 104.38597533562927 97.03060550487376 105.90187278394788 97.87451537626542 90.67950098769343 88.01067179017548 100.27967202609719
0.9047843251479548 3343.1376652761405 0.5 1.3531797821786773 5281.764914930776 0.5151515151515151 t_swap_r_k 100 3261.713726043701 104.38597533562927 97.03060550487376 105.90187278394788 97.87451537626542 90.67950098769343 88.17056507227372 100.27967202609719
0.9047843251479548 3343.1376652761405 0.5 1.4163540111074386 5354.327363071851 0.5151515151515151 swap_t 100 3263.6054050922394 104.38597533562927 97.03060550487376 105.90187278394788 97.87451537626542 90.78270597781649 88.17056507227372 100.27967202609719
0.9047843251479548 3343.1376652761405 0.5 1.3542282521669062 5299.792993457841 0.5277777777777778 t_move_k 100 3265.952458381653 104.49211558227297 97.03060550487376 105.90187278394788 97.87451537626542 90.78270597781649 88.17056507227372 100.27967202609719
0.9047843251479548 3343.1376652761405 0.5 1.3390979522472577 5221.392457417207 0.5151515151515151 t_swap_k 100 3268.494990825653 104.49211558227297 97.03060550487376 106.0428540561084 97.87451537626542 90.78270597781649 88.17056507227372 100.27967202609719
0.9047843251479548 3343.1376652761405 0.5 1.347020635423953 5268.892070942284 0.5277777777777778 t_swap_k 100 3270.687106370926 104.49211558227297 97.03060550487376 106.11242551554732 97.87451537626542 90.78270597781649 88.17056507227372 100.27967202609719
0.9047843251479548 3343.1376652761405 0.5 1.4761937818454278 5809.157839332212 0.5151515151515151 f_swap_t 100 3274.003851890564 104.49211558227297 97.03060550487376 106.11242551554732 97.99577022250277 90.78270597781649 88.17056507227372 100.27967202609719
0.9047843251479548 3343.1376652761405 0.5 1.4579824662338523 5714.8415867086505 0.5 t_swap_k 100 3276.5431892871857 104.49211558227297 97.03060550487376 106.30130126039184 97.99577022250277 90.78270597781649 88.17056507227372 100.27967202609719
0.9047843251479548 3343.1376652761405 0.5 1.4388608518467745 5616.62264711782 0.48484848484848486 t_swap_k 100 3278.8808953762054 104.49211558227297 97.03060550487376 106.51828824778792 97.99577022250277 90.78270597781649 88.17056507227372 100.27967202609719
0.9047843251479548 3343.1376652761405 0.5 1.3994918152256237 5415.358137679851 0.45454545454545453 t_move_k 100 3281.014778137207 104.70719442645024 97.03060550487376 106.51828824778792 97.99577022250277 90.78270597781649 88.17056507227372 100.27967202609719
0.9047843251479548 3343.1376652761405 0.5 1.3767454334423022 5247.46681712975 0.3888888888888889 t_swap_r_k 100 3285.3335378170013 104.70719442645024 97.03060550487376 106.51828824778792 97.99577022250277 90.78270597781649 88.32885942155099 100.27967202609719
0.9047843251479548 3343.1376652761405 0.5 1.421386374741429 5402.234521007851 0.3888888888888889 move_t 100 3287.9020721912384 104.70719442645024 97.16029944982502 106.51828824778792 97.99577022250277 90.78270597781649 88.32885942155099 100.27967202609719
0.9047843251479548 3343.1376652761405 0.5 1.4820342696135138 5698.867368006789 0.3888888888888889 swap_t 100 3288.939610004425 104.70719442645024 97.16029944982502 106.51828824778792 97.99577022250277 90.97487891803833 88.32885942155099 100.27967202609719
0.9047843251479548 3343.1376652761405 0.5 1.4215825898994898 5499.240606109071 0.4444444444444444 t_multiswap_k 100 3290.2884137630463 104.70719442645024 97.16029944982502 106.51828824778792 97.99577022250277 90.97487891803833 88.32885942155099 100.33687530583622
0.9047843251479548 3343.1376652761405 0.5 1.4346952473288237 5583.770800261109 0.4722222222222222 move_t 100 3292.552361011505 104.70719442645024 97.32869645532676 106.51828824778792 97.99577022250277 90.97487891803833 88.32885942155099 100.33687530583622
0.9047843251479548 3343.1376652761405 0.5 1.401087773113369 5441.146645134183 0.4722222222222222 move_t 100 3293.9971170425415 104.70719442645024 97.3554094907735 106.51828824778792 97.99577022250277 90.97487891803833 88.32885942155099 100.33687530583622
0.9047843251479548 3343.1376652761405 0.5 1.453580260135479 5666.1955526950505 0.4722222222222222 f_swap_t 100 3297.5013766288757 104.70719442645024 97.3554094907735 106.51828824778792 98.37581252027775 90.97487891803833 88.32885942155099 100.33687530583622
0.9047843251479548 3343.1376652761405 0.5 1.4879369698877452 5902.809582802249 0.5555555555555556 f_swap_t 100 3301.4903280735016 104.70719442645024 97.3554094907735 106.51828824778792 98.55205439507498 90.97487891803833 88.32885942155099 100.33687530583622
0.9047843251479548 3343.1376652761405 0.5 1.4799787169656393 5857.864075698677 0.5454545454545454 t_move_k 100 3304.760299682617 104.91012248218574 97.3554094907735 106.51828824778792 98.55205439507498 90.97487891803833 88.32885942155099 100.33687530583622
0.9047843251479548 3343.1376652761405 0.5 1.4836421221806684 5873.570044083216 0.5454545454545454 t_swap_k 100 3308.3516998291016 104.91012248218574 97.3554094907735 106.55310536531005 98.55205439507498 90.97487891803833 88.32885942155099 100.33687530583622
0.9047843251479548 3343.1376652761405 0.5 1.4685980980950482 5809.0724106530815 0.5454545454545454 f_swap_t 100 3311.661175251007 104.91012248218574 97.3554094907735 106.55310536531005 98.67653385112422 90.97487891803833 88.32885942155099 100.33687530583622
0.9047843251479548 3343.1376652761405 0.5 1.5187878773450936 5991.769774954646 0.5151515151515151 f_swap_t 100 3314.452987909317 104.91012248218574 97.3554094907735 106.55310536531005 98.84976851261298 90.97487891803833 88.32885942155099 100.33687530583622
0.9047843251479548 3343.1376652761405 0.5 1.4880363834106842 5892.409381776162 0.5454545454545454 t_move_k 100 3315.6096003055573 105.27102125736388 97.3554094907735 106.55310536531005 98.84976851261298 90.97487891803833 88.32885942155099 100.33687530583622
0.9047843251479548 3343.1376652761405 0.5 1.4466955332946174 5675.454996409158 0.5454545454545454 swap_t 100 3317.4579422473907 105.27102125736388 97.3554094907735 106.55310536531005 98.84976851261298 91.12513012885795 88.32885942155099 100.33687530583622
0.9047843251479548 3343.1376652761405 0.5 1.4062675980367336 5541.845389385489 0.5454545454545454 f_swap_t 100 3319.8735003471375 105.27102125736388 97.3554094907735 106.55310536531005 98.92127082748685 91.12513012885795 88.32885942155099 100.33687530583622
0.9047843251479548 3343.1376652761405 0.5 1.4331635003376875 5638.208876885079 0.5277777777777778 f_swap_t 100 3323.16228890419 105.27102125736388 97.3554094907735 106.55310536531005 99.01205811921199 91.12513012885795 88.32885942155099 100.33687530583622
0.9047843251479548 3343.1376652761405 0.5 1.4033225374755747 5510.272928834947 0.5277777777777778 swap_t 100 3324.1994104385376 105.27102125736388 97.3554094907735 106.55310536531005 99.01205811921199 91.21387882756937 88.32885942155099 100.33687530583622
0.9047843251479548 3343.1376652761405 0.5 1.4521189695790182 5686.7036070861905 0.5 move_t 100 3326.4354405403137 105.27102125736388 97.51185539586577 106.55310536531005 99.01205811921199 91.21387882756937 88.32885942155099 100.33687530583622
0.9047843251479548 3343.1376652761405 0.5 1.4195166156876518 5549.928508001296 0.5 t_swap_r_k 100 3328.8782875537872 105.27102125736388 97.51185539586577 106.55310536531005 99.01205811921199 91.21387882756937 88.48557082733548 100.33687530583622
0.9047843251479548 3343.1376652761405 0.5 1.4071709944764306 5496.999627615512 0.5 t_swap_r_k 100 3332.3332827091217 105.27102125736388 97.51185539586577 106.55310536531005 99.01205811921199 91.21387882756937 88.64071511906212 100.33687530583622
0.9047843251479548 3343.1376652761405 0.5 1.342832482666088 5237.403357999162 0.5151515151515151 t_multiswap_k 100 3334.264254808426 105.27102125736388 97.51185539586577 106.55310536531005 99.01205811921199 91.21387882756937 88.64071511906212 100.51350655277786
0.9047843251479548 3343.1376652761405 0.5 1.2903023388848882 5012.193006144527 0.5151515151515151 t_multiswap_k 100 3335.3963146209717 105.27102125736388 97.51185539586577 106.55310536531005 99.01205811921199 91.21387882756937 88.64071511906212 100.53837148725007
0.9047843251479548 3343.1376652761405 0.5 1.348319127240662 5260.926026436697 0.5151515151515151 t_swap_k 100 3338.446180343628 105.27102125736388 97.51185539586577 106.56757431165694 99.01205811921199 91.21387882756937 88.64071511906212 100.53837148725007
0.9047843251479548 3343.1376652761405 0.5 1.3227777875756066 5164.956694016123 0.5277777777777778 t_swap_r_k 100 3341.6325511932373 105.27102125736388 97.51185539586577 106.56757431165694 99.01205811921199 91.21387882756937 88.8243079678715 100.53837148725007
0.9047843251479548 3343.1376652761405 0.5 1.3169025659813762 5139.768095104765 0.5277777777777778 move_t 100 3343.7977912425995 105.27102125736388 97.53673684190711 106.56757431165694 99.01205811921199 91.21387882756937 88.8243079678715 100.53837148725007
0.9047843251479548 3343.1376652761405 0.5 1.3429720692076834 5251.53481744093 0.5277777777777778 t_swap_k 100 3345.6607100963593 105.27102125736388 97.53673684190711 106.62189856854037 99.01205811921199 91.21387882756937 88.8243079678715 100.53837148725007
0.9047843251479548 3343.1376652761405 0.5 1.3281018053782083 5158.009504690236 0.5 t_move_k 100 3347.5059385299683 105.43831104479024 97.53673684190711 106.62189856854037 99.01205811921199 91.21387882756937 88.8243079678715 100.53837148725007
0.9047843251479548 3343.1376652761405 0.5 1.3000716078528298 5037.8367773217515 0.5 t_swap_r_k 100 3351.419545173645 105.43831104479024 97.53673684190711 106.62189856854037 99.01205811921199 91.21387882756937 88.9760648881928 100.53837148725007
0.9047843251479548 3343.1376652761405 0.5 1.3274850448509232 5155.36529233212 0.5 move_t 100 3352.7843012809753 105.43831104479024 97.57136947348805 106.62189856854037 99.01205811921199 91.21387882756937 88.9760648881928 100.53837148725007
0.9047843251479548 3343.1376652761405 0.5 1.3960716786286862 5419.64134698505 0.4722222222222222 t_move_k 100 3354.7261362075806 105.50392793434234 97.57136947348805 106.62189856854037 99.01205811921199 91.21387882756937 88.9760648881928 100.53837148725007
0.9047843251479548 3343.1376652761405 0.5 1.3515162247033212 5228.62055904718 0.4722222222222222 t_move_k 100 3356.5063717365265 105.44888865499892 97.57136947348805 106.62189856854037 99.01205811921199 91.21387882756937 88.9760648881928 100.53837148725007
0.9047843251479548 3343.1376652761405 0.5 1.3474600980158657 5211.230891844789 0.4722222222222222 t_multiswap_k 100 3358.6807272434235 105.44888865499892 97.57136947348805 106.62189856854037 99.01205811921199 91.21387882756937 88.9760648881928 100.63298777237758
0.9047843251479548 3343.1376652761405 0.5 1.325067623722524 5193.720037548259 0.5454545454545454 t_multiswap_k 100 3360.6639261245728 105.44888865499892 97.57136947348805 106.62189856854037 99.01205811921199 91.21387882756937 88.9760648881928 100.8766578946538
0.9047843251479548 3343.1376652761405 0.5 1.2712056089948338 4973.62602206554 0.5555555555555556 t_multiswap_k 100 3362.2512912750244 105.44888865499892 97.57136947348805 106.62189856854037 99.01205811921199 91.21387882756937 88.9760648881928 100.92789131570727
0.9047843251479548 3343.1376652761405 0.5 1.2416767360852745 4847.028084593062 0.5555555555555556 swap_t 100 3363.0566651821136 105.44888865499892 97.57136947348805 106.62189856854037 99.01205811921199 91.30174003929368 88.9760648881928 100.92789131570727
0.9047843251479548 3343.1376652761405 0.5 1.2416767360852745 4847.028084593062 0.5555555555555556 t_move_k 100 3365.171564102173 105.39439976844893 97.57136947348805 106.62189856854037 99.01205811921199 91.30174003929368 88.9760648881928 100.92789131570727
0.9047843251479548 3343.1376652761405 0.5 1.231512295384135 4743.905221598262 0.5 t_multiswap_k 100 3366.111259698868 105.39439976844893 97.57136947348805 106.62189856854037 99.01205811921199 91.30174003929368 88.9760648881928 100.9786124025502
0.9047843251479548 3343.1376652761405 0.5 1.2180613486863296 4686.237524148044 0.5 swap_t 100 3367.7279949188232 105.39439976844893 97.57136947348805 106.62189856854037 99.01205811921199 91.38872263890075 88.9760648881928 100.9786124025502
0.9047843251479548 3343.1376652761405 0.5 1.2087741868276094 4646.421052321026 0.5 t_swap_k 100 3369.4564690589905 105.39439976844893 97.57136947348805 106.58567958285497 99.01205811921199 91.38872263890075 88.9760648881928 100.9786124025502
0.9047843251479548 3343.1376652761405 0.5 1.1947884203624732 4586.4604438047145 0.5 swap_t 100 3370.2193677425385 105.39439976844893 97.57136947348805 106.58567958285497 99.01205811921199 91.47483541251174 88.9760648881928 100.9786124025502
0.9047843251479548 3343.1376652761405 0.5 1.219935817835902 4694.273859599061 0.5 t_swap_k 100 3372.453548192978 105.39439976844893 97.57136947348805 106.71982278702642 99.01205811921199 91.47483541251174 88.9760648881928 100.9786124025502
0.9047843251479548 3343.1376652761405 0.5 1.2006929896349605 4641.547498434305 0.5277777777777778 t_move_k 100 3374.1366534233093 105.50045577076445 97.57136947348805 106.71982278702642 99.01205811921199 91.47483541251174 88.9760648881928 100.9786124025502
0.9047843251479548 3343.1376652761405 0.5 1.2620071191565776 4923.363297605155 0.5454545454545454 t_swap_k 100 3376.749064207077 105.50045577076445 97.57136947348805 106.78262455915615 99.01205811921199 91.47483541251174 88.9760648881928 100.9786124025502
0.9047843251479548 3343.1376652761405 0.5 1.2860930580731855 4994.1467274858005 0.5151515151515151 t_swap_k 100 3379.579483985901 105.50045577076445 97.57136947348805 106.83479831356459 99.01205811921199 91.47483541251174 88.9760648881928 100.9786124025502
0.9047843251479548 3343.1376652761405 0.5 1.3448819286698506 5229.950245732476 0.5 f_swap_t 100 3382.456884622574 105.50045577076445 97.57136947348805 106.83479831356459 99.13193753801987 91.47483541251174 88.9760648881928 100.9786124025502
0.9047843251479548 3343.1376652761405 0.5 1.2369639648563322 4797.05057730917 0.5277777777777778 t_multiswap_k 100 3384.0888996124268 105.50045577076445 97.57136947348805 106.83479831356459 99.13193753801987 91.47483541251174 88.9760648881928 101.1788262785247
0.9047843251479548 3343.1376652761405 0.5 1.2169824535772822 4711.384655576956 0.5277777777777778 swap_t 100 3386.098977327347 105.50045577076445 97.57136947348805 106.83479831356459 99.13193753801987 91.56008705838661 88.9760648881928 101.1788262785247
0.9047843251479548 3343.1376652761405 0.5 1.2292476681631515 4734.1961772944505 0.5 t_move_k 100 3388.9868342876434 105.5554512130568 97.57136947348805 106.83479831356459 99.13193753801987 91.56008705838661 88.9760648881928 101.1788262785247
0.9047843251479548 3343.1376652761405 0.5 1.3379072174758402 5200.047849717148 0.5 f_swap_t 100 3392.0689799785614 105.5554512130568 97.57136947348805 106.83479831356459 99.26061816263967 91.56008705838661 88.9760648881928 101.1788262785247
0.9047843251479548 3343.1376652761405 0.5 1.3120467404121783 4999.859372930521 0.4166666666666667 t_swap_r_k 100 3394.2757289409637 105.5554512130568 97.57136947348805 106.83479831356459 99.26061816263967 91.56008705838661 89.12630423931087 101.1788262785247
0.9047843251479548 3343.1376652761405 0.5 1.2878569782556217 4896.151588134628 0.4166666666666667 t_multiswap_k 100 3395.9082708358765 105.5554512130568 97.57136947348805 106.83479831356459 99.26061816263967 91.56008705838661 89.12630423931087 101.25703801573945
0.9047843251479548 3343.1376652761405 0.5 1.2516379270689928 4846.428643770429 0.5151515151515151 t_multiswap_k 100 3398.1377885341644 105.5554512130568 97.57136947348805 106.83479831356459 99.26061816263967 91.56008705838661 89.12630423931087 101.36446763558206
0.9047843251479548 3343.1376652761405 0.5 1.2279620927749533 4744.924201025671 0.5151515151515151 f_swap_t 100 3400.9171571731567 105.5554512130568 97.57136947348805 106.83479831356459 99.26801198101327 91.56008705838661 89.12630423931087 101.36446763558206
0.9047843251479548 3343.1376652761405 0.5 1.2353078114076022 4776.417202163735 0.5151515151515151 t_swap_k 100 3403.3448865413666 105.5554512130568 97.57136947348805 106.83645033042895 99.26801198101327 91.56008705838661 89.12630423931087 101.36446763558206
0.9047843251479548 3343.1376652761405 0.5 1.22658558517969 4739.0227559211025 0.5151515151515151 move_t 100 3405.2131650447845 105.5554512130568 97.59565577875317 106.83645033042895 99.26801198101327 91.56008705838661 89.12630423931087 101.36446763558206
0.9047843251479548 3343.1376652761405 0.5 1.2091793323023738 4696.876872692782 0.5454545454545454 move_t 100 3406.5671622753143 105.5554512130568 97.70969922096563 106.83645033042895 99.26801198101327 91.56008705838661 89.12630423931087 101.36446763558206
0.9047843251479548 3343.1376652761405 0.5 1.1735144714719907 4554.798776013473 0.5555555555555556 t_move_k 100 3409.048535823822 105.61989670092623 97.70969922096563 106.83645033042895 99.26801198101327 91.56008705838661 89.12630423931087 101.36446763558206
0.9047843251479548 3343.1376652761405 0.5 1.1619138208968653 4505.063777977894 0.5555555555555556 f_swap_t 100 3413.0159842967987 105.61989670092623 97.70969922096563 106.83645033042895 99.27533186120314 91.56008705838661 89.12630423931087 101.36446763558206
0.9047843251479548 3343.1376652761405 0.5 1.2272002159548636 4806.616312990555 0.5757575757575758 move_t 100 3414.433676958084 105.61989670092623 97.83260222875597 106.83645033042895 99.27533186120314 91.56008705838661 89.12630423931087 101.36446763558206
0.9047843251479548 3343.1376652761405 0.5 1.1991670134839336 4653.9514648855275 0.5454545454545454 t_swap_k 100 3416.8046152591705 105.61989670092623 97.83260222875597 106.82808582712465 99.27533186120314 91.56008705838661 89.12630423931087 101.36446763558206
0.9047843251479548 3343.1376652761405 0.5 1.1838841758827123 4588.42997596967 0.5454545454545454 t_swap_k 100 3419.765897989273 105.61989670092623 97.83260222875597 106.7598049688534 99.27533186120314 91.56008705838661 89.12630423931087 101.36446763558206
0.9047843251479548 3343.1376652761405 0.5 1.1821414210811048 4580.958334092937 0.5454545454545454 t_swap_k 100 3422.4765961170197 105.61989670092623 97.83260222875597 106.69220691916487 99.27533186120314 91.56008705838661 89.12630423931087 101.36446763558206
0.9047843251479548 3343.1376652761405 0.5 1.1821414210811048 4580.958334092937 0.5454545454545454 t_swap_r_k 100 3426.726901292801 105.61989670092623 97.83260222875597 106.69220691916487 99.27533186120314 91.56008705838661 89.27504119691775 101.36446763558206
0.9047843251479548 3343.1376652761405 0.5 1.1806234075883935 4574.45021650168 0.5454545454545454 swap_t 100 3429.3890330791473 105.61989670092623 97.83260222875597 106.69220691916487 99.27533186120314 91.67448618780274 89.27504119691775 101.36446763558206
0.9047843251479548 3343.1376652761405 0.5 1.2701617084446686 4958.324137050987 0.5454545454545454 move_t 100 3432.3502039909363 105.61989670092623 97.89427620646842 106.69220691916487 99.27533186120314 91.67448618780274 89.27504119691775 101.36446763558206
0.9047843251479548 3343.1376652761405 0.5 1.2486916164128368 4847.33006149391 0.5277777777777778 t_move_k 100 3434.094566822052 105.60369773391697 97.89427620646842 106.69220691916487 99.27533186120314 91.67448618780274 89.27504119691775 101.36446763558206
0.9047843251479548 3343.1376652761405 0.5 1.2633470938063913 4880.389259863234 0.5 t_move_k 100 3435.475588321686 105.7176607565778 97.89427620646842 106.69220691916487 99.27533186120314 91.67448618780274 89.27504119691775 101.36446763558206
0.9047843251479548 3343.1376652761405 0.5 1.2448947451813472 4801.279255068656 0.5 t_move_k 100 3438.598560810089 105.66048414901202 97.89427620646842 106.69220691916487 99.27533186120314 91.67448618780274 89.27504119691775 101.36446763558206
0.9047843251479548 3343.1376652761405 0.5 1.2422496551405167 4789.939067970294 0.5 swap_t 100 3441.4164390563965 105.66048414901202 97.89427620646842 106.69220691916487 99.27533186120314 91.75774132592471 89.27504119691775 101.36446763558206
0.9047843251479548 3343.1376652761405 0.5 1.2283607662516278 4789.939067970294 0.5555555555555556 t_swap_r_k 100 3445.4252564907074 105.66048414901202 97.89427620646842 106.69220691916487 99.27533186120314 91.75774132592471 89.48229078494857 101.36446763558206
0.9047843251479548 3343.1376652761405 0.5 1.181883884381819 4612.3334452178 0.5757575757575758 t_multiswap_k 100 3446.7938997745514 105.66048414901202 97.89427620646842 106.69220691916487 99.27533186120314 91.75774132592471 89.48229078494857 101.50082295922624
0.9047843251479548 3343.1376652761405 0.5 1.1512904626163336 4481.171510673312 0.5757575757575758 move_t 100 3447.9028537273407 105.66048414901202 97.91533344440373 106.69220691916487 99.27533186120314 91.75774132592471 89.48229078494857 101.50082295922624
0.9047843251479548 3343.1376652761405 0.5 1.1501955793852885 4476.477462266926 0.5757575757575758 f_swap_t 100 3451.236457824707 105.66048414901202 97.91533344440373 106.69220691916487 99.28257854259111 91.75774132592471 89.48229078494857 101.50082295922624
0.9047843251479548 3343.1376652761405 0.5 1.1501955793852885 4476.477462266926 0.5757575757575758 t_move_k 100 3453.951422691345 105.60387930752191 97.91533344440373 106.69220691916487 99.28257854259111 91.75774132592471 89.48229078494857 101.50082295922624
0.9047843251479548 3343.1376652761405 0.5 1.1501955793852885 4476.477462266926 0.5757575757575758 swap_t 100 3455.3000869750977 105.60387930752191 97.91533344440373 106.69220691916487 99.28257854259111 91.84016391266546 89.48229078494857 101.50082295922624
0.9047843251479548 3343.1376652761405 0.5 1.3209783151116188 5208.667348588717 0.5757575757575758 t_swap_k 100 3458.1618781089783 105.60387930752191 97.91533344440373 106.81528484997322 99.28257854259111 91.84016391266546 89.48229078494857 101.50082295922624
0.9047843251479548 3343.1376652761405 0.5 1.2745511930746516 5009.622233976151 0.5757575757575758 t_swap_r_k 100 3459.68754529953 105.60387930752191 97.91533344440373 106.81528484997322 99.28257854259111 91.84016391266546 89.6274678770991 101.50082295922624
0.9047843251479548 3343.1376652761405 0.5 1.276292760522992 5017.088785361447 0.5757575757575758 t_multiswap_k 100 3460.6267290115356 105.60387930752191 97.91533344440373 106.81528484997322 99.28257854259111 91.84016391266546 89.6274678770991 101.65581472963397
0.9047843251479548 3343.1376652761405 0.5 1.2439550013349427 4878.448423833683 0.5757575757575758 t_swap_k 100 3463.9362263679504 105.60387930752191 97.91533344440373 106.80713200147349 99.28257854259111 91.84016391266546 89.6274678770991 101.65581472963397
0.9047843251479548 3343.1376652761405 0.5 1.228351412734626 4811.5517921871115 0.5757575757575758 t_multiswap_k 100 3465.8565850257874 105.60387930752191 97.91533344440373 106.80713200147349 99.28257854259111 91.84016391266546 89.6274678770991 101.66925658233764
0.9047843251479548 3343.1376652761405 0.5 1.2502003736026834 4905.223954693441 0.5757575757575758 move_t 100 3468.654742717743 105.60387930752191 98.00618010995969 106.80713200147349 99.28257854259111 91.84016391266546 89.6274678770991 101.66925658233764
0.9047843251479548 3343.1376652761405 0.5 1.2354277160447174 4841.889739955421 0.5757575757575758 f_swap_t 100 3470.5793228149414 105.60387930752191 98.00618010995969 106.80713200147349 99.2897527571652 91.84016391266546 89.6274678770991 101.66925658233764
0.9047843251479548 3343.1376652761405 0.5 1.2885143064118314 5069.485722657061 0.5757575757575758 t_move_k 100 3473.3991408348083 105.90784051444669 98.00618010995969 106.80713200147349 99.2897527571652 91.84016391266546 89.6274678770991 101.66925658233764
0.9047843251479548 3343.1376652761405 0.5 1.2433336855710238 4875.784681994561 0.5757575757575758 f_swap_t 100 3475.169916152954 105.90784051444669 98.00618010995969 106.80713200147349 99.29685522959355 91.84016391266546 89.6274678770991 101.66925658233764
0.9047843251479548 3343.1376652761405 0.5 1.3225295398810288 5215.317851537645 0.5757575757575758 t_swap_k 100 3477.4297733306885 105.90784051444669 98.00618010995969 106.83906068145876 99.29685522959355 91.84016391266546 89.6274678770991 101.66925658233764
0.9047843251479548 3343.1376652761405 0.5 1.2866144084021778 5061.340367087044 0.5757575757575758 t_swap_r_k 100 3480.8370685577393 105.90784051444669 98.00618010995969 106.83906068145876 99.29685522959355 91.84016391266546 89.80119319832811 101.66925658233764
0.9047843251479548 3343.1376652761405 0.5 1.226920539079024 4837.896503435731 0.6060606060606061 t_multiswap_k 100 3482.9956979751587 105.90784051444669 98.00618010995969 106.83906068145876 99.29685522959355 91.84016391266546 89.80119319832811 101.80256401651427
0.9047843251479548 3343.1376652761405 0.5 1.1978323611630992 4713.187939710074 0.6060606060606061 t_move_k 100 3485.6322815418243 105.96876210930222 98.00618010995969 106.83906068145876 99.29685522959355 91.84016391266546 89.80119319832811 101.80256401651427
0.9047843251479548 3343.1376652761405 0.5 1.1685923534753808 4587.828442370565 0.6060606060606061 t_move_k 100 3488.7049086093903 106.0490744882092 98.00618010995969 106.83906068145876 99.29685522959355 91.84016391266546 89.80119319832811 101.80256401651427
0.9047843251479548 3343.1376652761405 0.5 1.1459751605079092 4490.86266958714 0.6060606060606061 f_swap_t 100 3492.124035358429 106.0490744882092 98.00618010995969 106.83906068145876 99.30388667729761 91.84016391266546 89.80119319832811 101.80256401651427
0.9047843251479548 3343.1376652761405 0.5 1.200306572240875 4723.7955243705965 0.6060606060606061 f_swap_t 100 3495.191332578659 106.0490744882092 98.00618010995969 106.83906068145876 99.41084781052463 91.84016391266546 89.80119319832811 101.80256401651427
0.9047843251479548 3343.1376652761405 0.5 1.1658744895777728 4576.176254871844 0.6060606060606061 swap_t 100 3497.323882818222 106.0490744882092 98.00618010995969 106.83906068145876 99.41084781052463 91.9217622735388 89.80119319832811 101.80256401651427
0.9047843251479548 3343.1376652761405 0.5 1.1772643619012932 4541.102894335224 0.5277777777777778 t_swap_r_k 100 3501.618545293808 106.0490744882092 98.00618010995969 106.83906068145876 99.41084781052463 91.9217622735388 89.94318126634482 101.80256401651427
0.9047843251479548 3343.1376652761405 0.5 1.1916603779964126 4632.594984036587 0.5555555555555556 t_swap_k 100 3504.6255893707275 106.0490744882092 98.00618010995969 106.88067007464417 99.41084781052463 91.9217622735388 89.94318126634482 101.80256401651427
0.9047843251479548 3343.1376652761405 0.5 1.1719272524623812 4547.99395642049 0.5555555555555556 move_t 100 3506.5377943515778 106.0490744882092 98.0861183088601 106.88067007464417 99.41084781052463 91.9217622735388 89.94318126634482 101.80256401651427
0.9047843251479548 3343.1376652761405 0.5 1.2081911665185872 4524.83095459332 0.3888888888888889 t_swap_r_k 100 3508.065421819687 106.0490744882092 98.0861183088601 106.88067007464417 99.41084781052463 91.9217622735388 90.08374945368138 101.80256401651427
0.9047843251479548 3343.1376652761405 0.5 1.2704661992026944 4851.365442058825 0.4444444444444444 f_swap_t 100 3510.2708444595337 106.0490744882092 98.0861183088601 106.88067007464417 99.46673933241938 91.9217622735388 90.08374945368138 101.80256401651427
0.9047843251479548 3343.1376652761405 0.5 1.2349301290489818 4699.013091831433 0.4444444444444444 t_swap_r_k 100 3512.5917887687683 106.0490744882092 98.0861183088601 106.88067007464417 99.46673933241938 91.9217622735388 90.22291195914457 101.80256401651427
0.9047843251479548 3343.1376652761405 0.5 1.227937792530807 4669.03513147969 0.4444444444444444 f_swap_t 100 3515.9604921340942 106.0490744882092 98.0861183088601 106.88067007464417 99.47207193909519 91.9217622735388 90.22291195914457 101.80256401651427
0.9047843251479548 3343.1376652761405 0.5 1.2548622957140634 4814.240095013611 0.4722222222222222 t_swap_k 100 3517.1934537887573 106.0490744882092 98.0861183088601 106.85186337389773 99.47207193909519 91.9217622735388 90.22291195914457 101.80256401651427
0.9047843251479548 3343.1376652761405 0.5 1.2682867406014937 4885.327188060082 0.48484848484848486 t_swap_k 100 3519.679841041565 106.0490744882092 98.0861183088601 106.98334474015876 99.47207193909519 91.9217622735388 90.22291195914457 101.80256401651427
0.9047843251479548 3343.1376652761405 0.5 1.257780440222792 4807.804715417678 0.45454545454545453 t_swap_r_k 100 3524.294946193695 106.0490744882092 98.0861183088601 106.98334474015876 99.47207193909519 91.9217622735388 90.36068283955312 101.80256401651427
0.9047843251479548 3343.1376652761405 0.5 1.2503771468657081 4824.783733135309 0.5 t_multiswap_k 100 3525.5121257305145 106.0490744882092 98.0861183088601 106.98334474015876 99.47207193909519 91.9217622735388 90.36068283955312 101.84453837634912
0.9047843251479548 3343.1376652761405 0.5 1.2510488823827823 4827.663637534271 0.5 f_swap_t 100 3528.0947167873383 106.0490744882092 98.0861183088601 106.98334474015876 99.48735121970424 91.9217622735388 90.36068283955312 101.84453837634912
0.9047843251479548 3343.1376652761405 0.5 1.229002694707494 4733.145912547918 0.5 t_move_k 100 3530.9030907154083 106.0785837433271 98.0861183088601 106.98334474015876 99.48735121970424 91.9217622735388 90.36068283955312 101.84453837634912
0.9047843251479548 3343.1376652761405 0.5 1.224705471552372 4714.722602252139 0.5 t_move_k 100 3533.9166753292084 106.01779790589383 98.0861183088601 106.98334474015876 99.48735121970424 91.9217622735388 90.36068283955312 101.84453837634912
0.9047843251479548 3343.1376652761405 0.5 1.2735445760683923 4940.348130259184 0.5151515151515151 t_swap_k 100 3536.4935235977173 106.01779790589383 98.0861183088601 106.93351129275717 99.48735121970424 91.9217622735388 90.36068283955312 101.84453837634912
0.9047843251479548 3343.1376652761405 0.5 1.2237370416365159 4726.810310885666 0.5151515151515151 t_multiswap_k 100 3538.9382350444794 106.01779790589383 98.0861183088601 106.93351129275717 99.48735121970424 91.9217622735388 90.36068283955312 101.98609299258563
0.9047843251479548 3343.1376652761405 0.5 1.1844654976488616 4558.443015411028 0.5151515151515151 move_t 100 3541.2427129745483 106.01779790589383 98.10525712577149 106.93351129275717 99.48735121970424 91.9217622735388 90.36068283955312 101.98609299258563
0.9047843251479548 3343.1376652761405 0.5 1.1851271632843634 4561.279747615725 0.5151515151515151 t_move_k 100 3543.709897041321 105.96761992683489 98.10525712577149 106.93351129275717 99.48735121970424 91.9217622735388 90.36068283955312 101.98609299258563
0.9047843251479548 3343.1376652761405 0.5 1.243834987302006 4780.496179278203 0.48484848484848486 f_swap_t 100 3547.400107383728 105.96761992683489 98.10525712577149 106.93351129275717 99.5324777075072 91.9217622735388 90.36068283955312 101.98609299258563
0.9047843251479548 3343.1376652761405 0.5 1.2181069134068885 4670.193253046062 0.48484848484848486 t_swap_r_k 100 3551.5111904144287 105.96761992683489 98.10525712577149 106.93351129275717 99.5324777075072 91.9217622735388 90.49707601115759 101.98609299258563
0.9047843251479548 3343.1376652761405 0.5 1.2004072005390478 4659.268468475147 0.5454545454545454 t_move_k 100 3554.312259912491 106.05794372756654 98.10525712577149 106.93351129275717 99.5324777075072 91.9217622735388 90.49707601115759 101.98609299258563
0.9047843251479548 3343.1376652761405 0.5 1.2343891667593863 4837.437209786419 0.5757575757575758 t_swap_k 100 3557.752563238144 106.05794372756654 98.10525712577149 106.96417617982961 99.5324777075072 91.9217622735388 90.49707601115759 101.98609299258563
0.9047843251479548 3343.1376652761405 0.5 1.2809009421697652 5036.845255368508 0.5757575757575758 f_swap_t 100 3560.23641204834 106.05794372756654 98.10525712577149 106.96417617982961 99.60715293043212 91.9217622735388 90.49707601115759 101.98609299258563
0.9047843251479548 3343.1376652761405 0.5 1.2519160458775698 4912.579486753352 0.5757575757575758 t_swap_r_k 100 3563.005061149597 106.05794372756654 98.10525712577149 106.96417617982961 99.60715293043212 91.9217622735388 90.63210525104601 101.98609299258563
0.9047843251479548 3343.1376652761405 0.5 1.221518102729249 4782.255619744623 0.5757575757575758 t_multiswap_k 100 3564.37366271019 106.05794372756654 98.10525712577149 106.96417617982961 99.60715293043212 91.9217622735388 90.63210525104601 101.99623206265977
0.9047843251479548 3343.1376652761405 0.5 1.2109164391095666 4736.80353790799 0.5757575757575758 swap_t 100 3566.8503119945526 106.05794372756654 98.10525712577149 106.96417617982961 99.60715293043212 92.00254465080342 90.63210525104601 101.99623206265977
0.9047843251479548 3343.1376652761405 0.5 1.2109164391095666 4736.80353790799 0.5757575757575758 swap_t 100 3568.7023479938507 106.05794372756654 98.10525712577149 106.96417617982961 99.60715293043212 92.08251920429538 90.63210525104601 101.99623206265977
0.9047843251479548 3343.1376652761405 0.5 1.341392104375256 5296.1865581667325 0.5757575757575758 f_swap_t 100 3572.870893716812 106.05794372756654 98.10525712577149 106.96417617982961 99.7410814011278 92.08251920429538 90.63210525104601 101.99623206265977
0.9047843251479548 3343.1376652761405 0.5 1.3269909426056854 5201.965804477996 0.5454545454545454 f_swap_t 100 3576.5319170951843 106.05794372756654 98.10525712577149 106.96417617982961 99.75367058711652 92.08251920429538 90.63210525104601 101.99623206265977
0.9047843251479548 3343.1376652761405 0.5 1.3251943298518807 5194.263259590318 0.5454545454545454 t_move_k 100 3579.5551795959473 106.06736429029087 98.10525712577149 106.96417617982961 99.75367058711652 92.08251920429538 90.63210525104601 101.99623206265977
0.9047843251479548 3343.1376652761405 0.5 1.2942867082165628 5094.233506461055 0.5757575757575758 t_swap_k 100 3582.629890203476 106.06736429029087 98.10525712577149 107.0445344180313 99.75367058711652 92.08251920429538 90.63210525104601 101.99623206265977
0.9047843251479548 3343.1376652761405 0.5 1.3175365856335555 5142.48630180804 0.5277777777777778 t_swap_k 100 3585.7877254486084 106.06736429029087 98.10525712577149 107.10408907385099 99.75367058711652 92.08251920429538 90.63210525104601 101.99623206265977
0.9047843251479548 3343.1376652761405 0.5 1.280111212240883 4982.034018540706 0.5277777777777778 f_swap_t 100 3589.0497245788574 106.06736429029087 98.10525712577149 107.10408907385099 99.84613388124535 92.08251920429538 90.63210525104601 101.99623206265977
0.9047843251479548 3343.1376652761405 0.5 1.2478973126868715 4873.69731000047 0.5555555555555556 t_move_k 100 3591.2151024341583 106.22669064738795 98.10525712577149 107.10408907385099 99.84613388124535 92.08251920429538 90.63210525104601 101.99623206265977
0.9047843251479548 3343.1376652761405 0.5 1.2181266887440079 4805.401147192046 0.5555555555555556 swap_t 100 3593.1745178699493 106.22669064738795 98.10525712577149 107.10408907385099 99.84613388124535 92.19169401225243 90.63210525104601 101.99623206265977
0.9047843251479548 3343.1376652761405 0.5 1.2260348482336496 4779.967254121931 0.5555555555555556 t_move_k 100 3594.7390353679657 106.23442374091408 98.10525712577149 107.10408907385099 99.84613388124535 92.19169401225243 90.63210525104601 101.99623206265977
0.9047843251479548 3343.1376652761405 0.5 1.2017723864583172 4675.947787203246 0.5555555555555556 t_swap_r_k 100 3597.5203416347504 106.23442374091408 98.10525712577149 107.10408907385099 99.84613388124535 92.19169401225243 90.76578419853556 101.99623206265977
0.9047843251479548 3343.1376652761405 0.5 1.3779650664295544 5388.025857413764 0.5151515151515151 f_swap_t 100 3600.955903530121 106.23442374091408 98.10525712577149 107.10408907385099 99.9476725424329 92.19169401225243 90.76578419853556 101.99623206265977