18
4 76 4 30

Solution history:
B_obj   B_dis   B_sim   C_obj   C_dis   C_sim   neighbor   iterations   time   scores
1.008492580401667 3343.1376652761405 0.022727272727272728 1.008492580401667 3343.1376652761405 0.022727272727272728 0 0 0 3.0 3.0 3.0 3.0 3.0 3.0 3.0
1.008492580401667 3343.1376652761405 0.022727272727272728 1.105437274348737 3729.3930499237 0.022727272727272728 swap_t 100 6.246197462081909 3.0 3.0 3.0 3.0 3.99 3.0 3.0
1.008492580401667 3343.1376652761405 0.022727272727272728 1.0901910533168822 3868.531482239393 0.022727272727272728 t_move_k 100 12.314649820327759 4.1 3.0 3.0 3.0 3.99 3.0 3.0
1.008492580401667 3343.1376652761405 0.022727272727272728 1.1007751285810476 3863.518211281046 0.0 t_swap_k 100 18.262902975082397 4.1 3.0 4.02 3.0 3.99 3.0 3.0
1.008492580401667 3343.1376652761405 0.022727272727272728 1.0819661174491735 3815.6378320202753 0.022727272727272728 swap_t 100 24.93172335624695 4.1 3.0 4.02 3.0 4.9501 3.0 3.0
1.008492580401667 3343.1376652761405 0.022727272727272728 1.0668479257148666 3718.4144179533705 0.022727272727272728 t_multiswap_k 100 29.397428512573242 4.1 3.0 4.02 3.0 4.9501 3.0 4.03
1.008492580401667 3343.1376652761405 0.022727272727272728 1.134092288124544 4150.855453569117 0.022727272727272728 t_multiswap_k 100 33.609538316726685 4.1 3.0 4.02 3.0 4.9501 3.0 5.0597
1.008492580401667 3343.1376652761405 0.022727272727272728 1.1242104941805722 4087.306732847548 0.022727272727272728 t_swap_r_k 100 38.437803506851196 4.1 3.0 4.02 3.0 4.9501 4.01 5.0597
1.008492580401667 3343.1376652761405 0.022727272727272728 1.1237121638860705 4084.102026000599 0.022727272727272728 t_swap_r_k 100 41.749788999557495 4.1 3.0 4.02 3.0 4.9501 5.0099 5.0597
1.008492580401667 3343.1376652761405 0.022727272727272728 1.122632755064497 4077.1604676018405 0.022727272727272728 move_t 100 45.704302072525024 4.1 3.9699999999999998 4.02 3.0 4.9501 5.0099 5.0597
1.008492580401667 3343.1376652761405 0.022727272727272728 1.122632755064497 4077.1604676018405 0.022727272727272728 t_swap_r_k 100 49.50574231147766 4.1 3.9699999999999998 4.02 3.0 4.9501 5.999801 5.0597
1.008492580401667 3343.1376652761405 0.022727272727272728 1.1111444856308563 4003.2806812035487 0.022727272727272728 t_multiswap_k 100 54.030330181121826 4.1 3.9699999999999998 4.02 3.0 4.9501 5.999801 6.109103
1.008492580401667 3343.1376652761405 0.022727272727272728 1.1013508272546122 3940.2987505416513 0.022727272727272728 move_t 100 59.53150963783264 4.1 4.9303 4.02 3.0 4.9501 5.999801 6.109103
1.008492580401667 3343.1376652761405 0.022727272727272728 1.0970196037281172 3912.4451324811544 0.022727272727272728 move_t 100 65.62394952774048 4.1 5.910997 4.02 3.0 4.9501 5.999801 6.109103
1.008492580401667 3343.1376652761405 0.022727272727272728 1.1111155448138328 4003.094566019514 0.022727272727272728 t_move_k 100 69.81895136833191 5.099 5.910997 4.02 3.0 4.9501 5.999801 6.109103
1.008492580401667 3343.1376652761405 0.022727272727272728 1.1086195464882387 3987.0430776547464 0.022727272727272728 swap_t 100 74.79491996765137 5.099 5.910997 4.02 3.0 5.900599 5.999801 6.109103
1.008492580401667 3343.1376652761405 0.022727272727272728 1.0939623083605667 3892.784005101107 0.022727272727272728 t_move_k 100 79.40977025032043 6.10801 5.910997 4.02 3.0 5.900599 5.999801 6.109103
1.008492580401667 3343.1376652761405 0.022727272727272728 1.0924723385098078 3883.202174264896 0.022727272727272728 t_move_k 100 82.19139194488525 7.0469299 5.910997 4.02 3.0 5.900599 5.999801 6.109103
1.008492580401667 3343.1376652761405 0.022727272727272728 1.0871834106591192 3849.189665928292 0.022727272727272728 t_multiswap_k 100 85.4717288017273 7.0469299 5.910997 4.02 3.0 5.900599 5.999801 7.07801197
1.008492580401667 3343.1376652761405 0.022727272727272728 1.0871834106591192 3849.189665928292 0.022727272727272728 swap_t 100 89.72015810012817 7.0469299 5.910997 4.02 3.0 6.8415930099999995 5.999801 7.07801197
1.008492580401667 3343.1376652761405 0.022727272727272728 1.0953457126212287 3915.228132941813 0.022727272727272728 move_t 100 95.96938371658325 7.0469299 6.921887030000001 4.02 3.0 6.8415930099999995 5.999801 7.07801197
1.008492580401667 3343.1376652761405 0.022727272727272728 1.0952610306672057 3828.05765924516 0.0 move_t 100 100.26306247711182 7.0469299 7.8526681597 4.02 3.0 6.8415930099999995 5.999801 7.07801197
1.008492580401667 3343.1376652761405 0.022727272727272728 1.093477671206834 3889.6673573235394 0.022727272727272728 move_t 100 105.0020010471344 7.0469299 8.804141478103 4.02 3.0 6.8415930099999995 5.999801 7.07801197
1.008492580401667 3343.1376652761405 0.022727272727272728 1.0820116844092063 3815.9308680857584 0.022727272727272728 t_move_k 100 110.20512318611145 8.036460601 8.804141478103 4.02 3.0 6.8415930099999995 5.999801 7.07801197
1.008492580401667 3343.1376652761405 0.022727272727272728 1.0777435290309558 3788.4828342908268 0.022727272727272728 swap_t 100 115.44113969802856 8.036460601 8.804141478103 4.02 3.0 7.7731770799 5.999801 7.07801197
1.008492580401667 3343.1376652761405 0.022727272727272728 1.0777042851600969 3788.230461310435 0.022727272727272728 t_swap_r_k 100 118.74624919891357 8.036460601 8.804141478103 4.02 3.0 7.7731770799 6.97980299 7.07801197
1.008492580401667 3343.1376652761405 0.022727272727272728 1.1063787534920366 3972.632786454802 0.022727272727272728 t_swap_k 100 123.10150527954102 8.036460601 8.804141478103 5.0198 3.0 7.7731770799 6.97980299 7.07801197
1.008492580401667 3343.1376652761405 0.022727272727272728 1.1000926533060902 3932.2075734409027 0.022727272727272728 move_t 100 128.27831053733826 8.036460601 9.71610006332197 5.0198 3.0 7.7731770799 6.97980299 7.07801197
1.008492580401667 3343.1376652761405 0.022727272727272728 1.084334081445375 4025.4814832571765 0.045454545454545456 move_t 100 131.53022408485413 8.036460601 10.708939062688751 5.0198 3.0 7.7731770799 6.97980299 7.07801197
1.008492580401667 3343.1376652761405 0.022727272727272728 1.0605386474926264 3750.9184345090207 0.045454545454545456 t_move_k 100 134.90367794036865 8.98609599499 10.708939062688751 5.0198 3.0 7.7731770799 6.97980299 7.07801197
1.008492580401667 3343.1376652761405 0.022727272727272728 1.0920396630512732 3880.4196863853276 0.022727272727272728 f_swap_t 100 143.8009111881256 8.98609599499 10.708939062688751 5.0198 3.98 7.7731770799 6.97980299 7.07801197
1.008492580401667 3343.1376652761405 0.022727272727272728 1.1056077145881709 3967.674320791073 0.022727272727272728 f_swap_t 100 152.11949038505554 8.98609599499 10.708939062688751 5.0198 4.9902 7.7731770799 6.97980299 7.07801197
1.008492580401667 3343.1376652761405 0.022727272727272728 1.1191294481668979 4127.709374495556 0.045454545454545456 t_move_k 100 156.85430192947388 9.9862350350401 10.708939062688751 5.0198 4.9902 7.7731770799 6.97980299 7.07801197
1.008492580401667 3343.1376652761405 0.022727272727272728 1.1191294481668979 4127.709374495556 0.045454545454545456 move_t 100 162.87340712547302 9.9862350350401 11.601849672061864 5.0198 4.9902 7.7731770799 6.97980299 7.07801197
1.008492580401667 3343.1376652761405 0.022727272727272728 1.1925629131911357 4526.873557553074 0.022727272727272728 t_multiswap_k 100 167.7941312789917 9.9862350350401 11.601849672061864 5.0198 4.9902 7.7731770799 6.97980299 8.1272318503
1.008492580401667 3343.1376652761405 0.022727272727272728 1.17144438091474 4317.984334094255 0.0 move_t 100 172.81027626991272 9.9862350350401 12.485831175341245 5.0198 4.9902 7.7731770799 6.97980299 8.1272318503
1.008492580401667 3343.1376652761405 0.022727272727272728 1.168533053121331 4299.261907992147 0.0 swap_t 100 180.41336011886597 9.9862350350401 12.485831175341245 5.0198 4.9902 8.695445309101 6.97980299 8.1272318503
1.008492580401667 3343.1376652761405 0.022727272727272728 1.1851899204071268 4479.45865880395 0.022727272727272728 t_move_k 100 184.84006547927856 10.906372684689698 12.485831175341245 5.0198 4.9902 8.695445309101 6.97980299 8.1272318503
1.008492580401667 3343.1376652761405 0.022727272727272728 1.1773655872238131 4356.062955061619 0.0 swap_t 100 190.0883502960205 10.906372684689698 12.485831175341245 5.0198 4.9902 9.60849085600999 6.97980299 8.1272318503
1.008492580401667 3343.1376652761405 0.022727272727272728 1.251966897018984 4835.815703248462 0.0 t_multiswap_k 100 195.11783623695374 10.906372684689698 12.485831175341245 5.0198 4.9902 9.60849085600999 6.97980299 9.235959531796999
1.008492580401667 3343.1376652761405 0.022727272727272728 1.1945895611319939 4466.8284207060715 0.0 t_move_k 100 200.31426453590393 11.8573089578428 12.485831175341245 5.0198 4.9902 9.60849085600999 6.97980299 9.235959531796999
1.008492580401667 3343.1376652761405 0.022727272727272728 1.2175158641606998 4614.264932397158 0.0 t_swap_k 100 205.84685635566711 11.8573089578428 12.485831175341245 6.049602 4.9902 9.60849085600999 6.97980299 9.235959531796999
1.008492580401667 3343.1376652761405 0.022727272727272728 1.2486529721934958 4814.504220290888 0.0 swap_t 100 210.57264041900635 11.8573089578428 12.485831175341245 6.049602 4.9902 10.59240594744989 6.97980299 9.235959531796999
1.008492580401667 3343.1376652761405 0.022727272727272728 1.2120576343080947 4652.241946615897 0.022727272727272728 t_move_k 100 216.26159000396729 12.738735868264373 12.485831175341245 6.049602 4.9902 10.59240594744989 6.97980299 9.235959531796999
1.008492580401667 3343.1376652761405 0.022727272727272728 1.2049388717127483 4606.461974009729 0.022727272727272728 swap_t 100 222.3639838695526 12.738735868264373 12.485831175341245 6.049602 4.9902 11.486481887975392 6.97980299 9.235959531796999
1.008492580401667 3343.1376652761405 0.022727272727272728 1.2049330530802749 4606.42455502972 0.022727272727272728 t_swap_k 100 227.88535690307617 12.738735868264373 12.485831175341245 6.98910598 4.9902 11.486481887975392 6.97980299 9.235959531796999
1.008492580401667 3343.1376652761405 0.022727272727272728 1.2213422014899706 4711.94996827745 0.022727272727272728 t_move_k 100 232.1745889186859 13.741348509581728 12.485831175341245 6.98910598 4.9902 11.486481887975392 6.97980299 9.235959531796999
1.008492580401667 3343.1376652761405 0.022727272727272728 1.1981573143076796 4562.850530577952 0.022727272727272728 move_t 100 235.291081905365 13.741348509581728 13.420972863587831 6.98910598 4.9902 11.486481887975392 6.97980299 9.235959531796999
1.008492580401667 3343.1376652761405 0.022727272727272728 1.1897732454517782 4508.933513763499 0.022727272727272728 f_swap_t 100 241.09753012657166 13.741348509581728 13.420972863587831 6.98910598 5.940297999999999 11.486481887975392 6.97980299 9.235959531796999
1.008492580401667 3343.1376652761405 0.022727272727272728 1.2307213932899825 4572.039729439633 0.022727272727272728 swap_t 100 246.68966364860535 13.741348509581728 13.420972863587831 6.98910598 5.940297999999999 12.381617069095638 6.97980299 9.235959531796999
1.008492580401667 3343.1376652761405 0.022727272727272728 1.2076006332688087 4623.579467322437 0.022727272727272728 swap_t 100 250.57266569137573 13.741348509581728 13.420972863587831 6.98910598 5.940297999999999 13.257800898404682 6.97980299 9.235959531796999
1.008492580401667 3343.1376652761405 0.022727272727272728 1.2030483773268106 4594.304414315728 0.022727272727272728 t_swap_r_k 100 252.62169671058655 13.741348509581728 13.420972863587831 6.98910598 5.940297999999999 13.257800898404682 7.950004960099999 9.235959531796999
1.008492580401667 3343.1376652761405 0.022727272727272728 1.190852445637062 4515.873730445421 0.022727272727272728 t_multiswap_k 100 257.4873914718628 13.741348509581728 13.420972863587831 6.98910598 5.940297999999999 13.257800898404682 7.950004960099999 10.203599936479028
1.008492580401667 3343.1376652761405 0.022727272727272728 1.190852445637062 4515.873730445421 0.022727272727272728 t_swap_r_k 100 262.10814213752747 13.741348509581728 13.420972863587831 6.98910598 5.940297999999999 13.257800898404682 8.910504910499 10.203599936479028
1.008492580401667 3343.1376652761405 0.022727272727272728 1.2069028968847275 4619.092402032404 0.022727272727272728 t_move_k 100 267.5580642223358 14.67393502448591 13.420972863587831 6.98910598 5.940297999999999 13.257800898404682 8.910504910499 10.203599936479028
1.008492580401667 3343.1376652761405 0.022727272727272728 1.179311247886314 4441.653567910855 0.022727272727272728 t_swap_r_k 100 270.5873281955719 14.67393502448591 13.420972863587831 6.98910598 5.940297999999999 13.257800898404682 9.86139986139401 10.203599936479028
1.008492580401667 3343.1376652761405 0.022727272727272728 1.179311247886314 4441.653567910855 0.022727272727272728 swap_t 100 275.3734335899353 14.67393502448591 13.420972863587831 6.98910598 5.940297999999999 14.125222889420636 9.86139986139401 10.203599936479028
1.008492580401667 3343.1376652761405 0.022727272727272728 1.179311247886314 4441.653567910855 0.022727272727272728 swap_t 100 279.9950408935547 14.67393502448591 13.420972863587831 6.98910598 5.940297999999999 14.98397066052643 9.86139986139401 10.203599936479028
1.008492580401667 3343.1376652761405 0.022727272727272728 1.179311247886314 4441.653567910855 0.022727272727272728 swap_t 100 283.2859790325165 14.67393502448591 13.420972863587831 6.98910598 5.940297999999999 15.834130953921164 9.86139986139401 10.203599936479028
1.008492580401667 3343.1376652761405 0.022727272727272728 1.21655488897659 4731.877868388222 0.022727272727272728 move_t 100 287.9816596508026 14.67393502448591 14.386763134951954 6.98910598 5.940297999999999 15.834130953921164 9.86139986139401 10.203599936479028
1.008492580401667 3343.1376652761405 0.022727272727272728 1.1998198594916687 4573.54217423935 0.022727272727272728 move_t 100 292.52615451812744 14.67393502448591 15.242895503602433 6.98910598 5.940297999999999 15.834130953921164 9.86139986139401 10.203599936479028
1.008492580401667 3343.1376652761405 0.022727272727272728 1.196721445283548 4553.616616156679 0.022727272727272728 t_multiswap_k 100 294.7035217285156 14.67393502448591 15.242895503602433 6.98910598 5.940297999999999 15.834130953921164 9.86139986139401 11.101563937114237
1.008492580401667 3343.1376652761405 0.022727272727272728 1.1966364726063654 4553.0701662952615 0.022727272727272728 swap_t 100 297.3185501098633 14.67393502448591 15.242895503602433 6.98910598 5.940297999999999 16.675789644381954 9.86139986139401 11.101563937114237
1.008492580401667 3343.1376652761405 0.022727272727272728 1.1966364726063654 4553.0701662952615 0.022727272727272728 move_t 100 301.440553188324 14.67393502448591 16.090466548566408 6.98910598 5.940297999999999 16.675789644381954 9.86139986139401 11.101563937114237
1.008492580401667 3343.1376652761405 0.022727272727272728 1.2141045320225534 4665.405318766669 0.022727272727272728 t_multiswap_k 100 303.8182532787323 14.67393502448591 16.090466548566408 6.98910598 5.940297999999999 16.675789644381954 9.86139986139401 12.030548297743096
1.008492580401667 3343.1376652761405 0.022727272727272728 1.2120897895861635 4725.5270185922955 0.045454545454545456 t_move_k 100 308.75568675994873 15.71719567424105 16.090466548566408 6.98910598 5.940297999999999 16.675789644381954 9.86139986139401 12.030548297743096
1.008492580401667 3343.1376652761405 0.022727272727272728 1.1973174442932883 4557.449419677483 0.022727272727272728 t_swap_r_k 100 312.4817433357239 15.71719567424105 16.090466548566408 6.98910598 5.940297999999999 16.675789644381954 10.802785862780071 12.030548297743096
1.008492580401667 3343.1376652761405 0.022727272727272728 1.1837802105019 4543.471255724611 0.045454545454545456 move_t 100 316.5148684978485 15.71719567424105 16.929561883080744 6.98910598 5.940297999999999 16.675789644381954 10.802785862780071 12.030548297743096
1.008492580401667 3343.1376652761405 0.022727272727272728 1.1821027087687315 4532.683428154487 0.045454545454545456 swap_t 100 321.2504880428314 15.71719567424105 16.929561883080744 6.98910598 5.940297999999999 17.539031747938136 10.802785862780071 12.030548297743096
1.008492580401667 3343.1376652761405 0.022727272727272728 1.309149762804299 5252.462835342838 0.022727272727272728 move_t 100 327.18132853507996 15.71719567424105 17.950266264249937 6.98910598 5.940297999999999 17.539031747938136 10.802785862780071 12.030548297743096
1.008492580401667 3343.1376652761405 0.022727272727272728 1.282669953534867 5106.341938933773 0.022727272727272728 t_swap_k 100 330.42952585220337 15.71719567424105 17.950266264249937 8.1692149202 5.940297999999999 17.539031747938136 10.802785862780071 12.030548297743096
1.008492580401667 3343.1376652761405 0.022727272727272728 1.2793230614963251 5011.740162535975 0.0 swap_t 100 335.32105803489685 15.71719567424105 17.950266264249937 8.1692149202 5.940297999999999 18.363641430458756 10.802785862780071 12.030548297743096
1.008492580401667 3343.1376652761405 0.022727272727272728 1.2636165398703962 4983.811549146137 0.022727272727272728 move_t 100 339.44239926338196 15.71719567424105 18.830763601607437 8.1692149202 5.940297999999999 18.363641430458756 10.802785862780071 12.030548297743096
1.008492580401667 3343.1376652761405 0.022727272727272728 1.2548301182704344 4927.30704646537 0.022727272727272728 f_swap_t 100 347.22888231277466 15.71719567424105 18.830763601607437 8.1692149202 6.91089502 18.363641430458756 10.802785862780071 12.030548297743096
1.008492580401667 3343.1376652761405 0.022727272727272728 1.2403946343099648 4834.474050363058 0.022727272727272728 t_swap_k 100 352.7077157497406 15.71719567424105 18.830763601607437 9.177522770998 6.91089502 18.363641430458756 10.802785862780071 12.030548297743096
1.008492580401667 3343.1376652761405 0.022727272727272728 1.2349847251705506 4799.683524778438 0.022727272727272728 t_swap_k 100 358.6161370277405 15.71719567424105 18.830763601607437 10.20574754328802 6.91089502 18.363641430458756 10.802785862780071 12.030548297743096
1.008492580401667 3343.1376652761405 0.022727272727272728 1.2300540610143211 4767.974970520715 0.022727272727272728 move_t 100 363.0609588623047 15.71719567424105 19.65245596559136 10.20574754328802 6.91089502 18.363641430458756 10.802785862780071 12.030548297743096
1.008492580401667 3343.1376652761405 0.022727272727272728 1.2254080894181287 4717.459938624652 0.022727272727272728 swap_t 100 367.22079253196716 15.71719567424105 19.65245596559136 10.20574754328802 6.91089502 19.21000501615417 10.802785862780071 12.030548297743096
1.008492580401667 3343.1376652761405 0.022727272727272728 1.2254080894181287 4717.459938624652 0.022727272727272728 swap_t 100 372.5426387786865 15.71719567424105 19.65245596559136 10.20574754328802 6.91089502 20.017904965992628 10.802785862780071 12.030548297743096
1.008492580401667 3343.1376652761405 0.022727272727272728 1.2727421864999946 5042.49757036416 0.022727272727272728 swap_t 100 378.27189683914185 15.71719567424105 19.65245596559136 10.20574754328802 6.91089502 20.8577259163327 10.802785862780071 12.030548297743096
1.008492580401667 3343.1376652761405 0.022727272727272728 1.3066850612330427 5260.78043267921 0.022727272727272728 t_swap_k 100 382.797123670578 15.71719567424105 19.65245596559136 11.263690067855139 6.91089502 20.8577259163327 10.802785862780071 12.030548297743096
1.008492580401667 3343.1376652761405 0.022727272727272728 1.2550565981331743 5001.841798290449 0.045454545454545456 t_swap_k 100 386.3628730773926 15.71719567424105 19.65245596559136 12.271053167176587 6.91089502 20.8577259163327 10.802785862780071 12.030548297743096
1.008492580401667 3343.1376652761405 0.022727272727272728 1.2534604191017569 4991.576947994613 0.045454545454545456 t_multiswap_k 100 389.5960178375244 15.71719567424105 19.65245596559136 12.271053167176587 6.91089502 20.8577259163327 10.802785862780071 12.970242814765665
1.008492580401667 3343.1376652761405 0.022727272727272728 1.2410460915633552 4911.741784647047 0.045454545454545456 t_move_k 100 393.57604026794434 16.65002371749864 19.65245596559136 12.271053167176587 6.91089502 20.8577259163327 10.802785862780071 12.970242814765665
1.008492580401667 3343.1376652761405 0.022727272727272728 1.233231734937656 4861.488523990034 0.045454545454545456 t_move_k 100 396.6874797344208 17.573523480323654 19.65245596559136 12.271053167176587 6.91089502 20.8577259163327 10.802785862780071 12.970242814765665
1.008492580401667 3343.1376652761405 0.022727272727272728 1.2271902990627779 4903.157982675998 0.045454545454545456 swap_t 100 400.67519330978394 17.573523480323654 19.65245596559136 12.271053167176587 6.91089502 21.679148657169375 10.802785862780071 12.970242814765665
1.008492580401667 3343.1376652761405 0.022727272727272728 1.2271902990627779 4903.157982675998 0.045454545454545456 swap_t 100 405.7123713493347 17.573523480323654 19.65245596559136 12.271053167176587 6.91089502 22.46235717059768 10.802785862780071 12.970242814765665
1.008492580401667 3343.1376652761405 0.022727272727272728 1.2076804684055749 4624.092878231315 0.022727272727272728 t_multiswap_k 100 409.80329847335815 17.573523480323654 19.65245596559136 12.271053167176587 6.91089502 22.46235717059768 10.802785862780071 13.960540386618009
1.008492580401667 3343.1376652761405 0.022727272727272728 1.222268810223337 4861.927983954255 0.022727272727272728 swap_t 100 414.54194021224976 17.573523480323654 19.65245596559136 12.271053167176587 6.91089502 23.337733598891703 10.802785862780071 13.960540386618009
1.008492580401667 3343.1376652761405 0.022727272727272728 1.1876069826891142 4641.159088128102 0.06818181818181818 t_multiswap_k 100 417.67626571655273 17.573523480323654 19.65245596559136 12.271053167176587 6.91089502 23.337733598891703 10.802785862780071 14.950934982751829
1.008492580401667 3343.1376652761405 0.022727272727272728 1.1876069826891142 4641.159088128102 0.06818181818181818 swap_t 100 421.7796380519867 17.573523480323654 19.65245596559136 12.271053167176587 6.91089502 24.104356262902787 10.802785862780071 14.950934982751829
1.008492580401667 3343.1376652761405 0.022727272727272728 1.1876069826891142 4641.159088128102 0.06818181818181818 t_multiswap_k 100 424.94287371635437 17.573523480323654 19.65245596559136 12.271053167176587 6.91089502 24.104356262902787 10.802785862780071 15.80142563292431
1.008492580401667 3343.1376652761405 0.022727272727272728 1.225680513690616 4812.927457765044 0.045454545454545456 t_swap_k 100 428.89263343811035 17.573523480323654 19.65245596559136 13.18834263550482 6.91089502 24.104356262902787 10.802785862780071 15.80142563292431
1.008492580401667 3343.1376652761405 0.022727272727272728 1.2171464630172961 4684.967639569474 0.022727272727272728 t_move_k 100 432.09790992736816 18.397788245520417 19.65245596559136 13.18834263550482 6.91089502 24.104356262902787 10.802785862780071 15.80142563292431
1.008492580401667 3343.1376652761405 0.022727272727272728 1.2159790388530776 4677.460064265215 0.022727272727272728 t_swap_r_k 100 436.1441524028778 18.397788245520417 19.65245596559136 13.18834263550482 6.91089502 24.104356262902787 11.73475800415227 15.80142563292431
1.008492580401667 3343.1376652761405 0.022727272727272728 1.2049583128055035 4606.586997520746 0.022727272727272728 t_move_k 100 441.4031095504761 19.323810363065213 19.65245596559136 13.18834263550482 6.91089502 24.104356262902787 11.73475800415227 15.80142563292431
1.008492580401667 3343.1376652761405 0.022727272727272728 1.2424172975832124 4847.481573510593 0.022727272727272728 f_swap_t 100 448.81216955184937 19.323810363065213 19.65245596559136 13.18834263550482 7.8817860698 24.104356262902787 11.73475800415227 15.80142563292431
1.008492580401667 3343.1376652761405 0.022727272727272728 1.2247533052750388 4733.886398344565 0.022727272727272728 move_t 100 454.55900835990906 19.323810363065213 20.45593140593545 13.18834263550482 7.8817860698 24.104356262902787 11.73475800415227 15.80142563292431
1.008492580401667 3343.1376652761405 0.022727272727272728 1.223691408150065 4727.057455724165 0.022727272727272728 t_multiswap_k 100 457.15228247642517 19.323810363065213 20.45593140593545 13.18834263550482 7.8817860698 24.104356262902787 11.73475800415227 16.64341137659507
1.008492580401667 3343.1376652761405 0.022727272727272728 1.2240679859998314 4729.47918610434 0.022727272727272728 t_multiswap_k 100 459.8982915878296 19.323810363065213 20.45593140593545 13.18834263550482 7.8817860698 24.104356262902787 11.73475800415227 17.646977262829118
1.008492580401667 3343.1376652761405 0.022727272727272728 1.2142610623826036 4666.411948149115 0.022727272727272728 swap_t 100 463.2678737640381 19.323810363065213 20.45593140593545 13.18834263550482 7.8817860698 24.86331270027376 11.73475800415227 17.646977262829118
1.008492580401667 3343.1376652761405 0.022727272727272728 1.2132657111597562 4660.010954843725 0.022727272727272728 swap_t 100 468.23362040519714 19.323810363065213 20.45593140593545 13.18834263550482 7.8817860698 25.614679573271022 11.73475800415227 17.646977262829118
1.008492580401667 3343.1376652761405 0.022727272727272728 1.204803134062967 4678.667345190546 0.045454545454545456 t_move_k 100 471.8567180633545 20.160572259434563 20.45593140593545 13.18834263550482 7.8817860698 25.614679573271022 11.73475800415227 17.646977262829118
1.008492580401667 3343.1376652761405 0.022727272727272728 1.204803134062967 4678.667345190546 0.045454545454545456 swap_t 100 475.78151750564575 20.160572259434563 20.45593140593545 13.18834263550482 7.8817860698 26.35853277753831 11.73475800415227 17.646977262829118
1.008492580401667 3343.1376652761405 0.022727272727272728 1.2161667704266033 4678.667345190546 0.022727272727272728 t_swap_r_k 100 479.96450090408325 20.160572259434563 20.45593140593545 13.18834263550482 7.8817860698 26.35853277753831 12.657410424110749 17.646977262829118
1.008492580401667 3343.1376652761405 0.022727272727272728 1.204803134062967 4678.667345190546 0.045454545454545456 t_swap_r_k 100 482.380957365036 20.160572259434563 20.45593140593545 13.18834263550482 7.8817860698 26.35853277753831 13.600836319869641 17.646977262829118
1.008492580401667 3343.1376652761405 0.022727272727272728 1.204803134062967 4678.667345190546 0.045454545454545456 f_swap_t 100 488.2389109134674 20.160572259434563 20.45593140593545 13.18834263550482 8.802968209102 26.35853277753831 13.600836319869641 17.646977262829118
1.008492580401667 3343.1376652761405 0.022727272727272728 1.204803134062967 4678.667345190546 0.045454545454545456 t_move_k 100 492.95855164527893 20.95896653684022 20.45593140593545 13.18834263550482 8.802968209102 26.35853277753831 13.600836319869641 17.646977262829118
1.008492580401667 3343.1376652761405 0.022727272727272728 1.204803134062967 4678.667345190546 0.045454545454545456 t_multiswap_k 100 496.2249324321747 20.95896653684022 20.45593140593545 13.18834263550482 8.802968209102 26.35853277753831 13.600836319869641 18.470507490200827
1.008492580401667 3343.1376652761405 0.022727272727272728 1.204803134062967 4678.667345190546 0.045454545454545456 swap_t 100 501.80667781829834 20.95896653684022 20.45593140593545 13.18834263550482 8.802968209102 27.094947449762927 13.600836319869641 18.470507490200827
1.008492580401667 3343.1376652761405 0.022727272727272728 1.204803134062967 4678.667345190546 0.045454545454545456 move_t 100 506.40063762664795 20.95896653684022 21.251372091876092 13.18834263550482 8.802968209102 27.094947449762927 13.600836319869641 18.470507490200827
1.008492580401667 3343.1376652761405 0.022727272727272728 1.234512338912931 4796.645661154851 0.022727272727272728 t_move_k 100 511.13017773628235 21.889376871471818 21.251372091876092 13.18834263550482 8.802968209102 27.094947449762927 13.600836319869641 18.470507490200827
1.008492580401667 3343.1376652761405 0.022727272727272728 1.2235036381753717 4725.849927845185 0.022727272727272728 move_t 100 515.4752178192139 21.889376871471818 22.038858370957332 13.18834263550482 8.802968209102 27.094947449762927 13.600836319869641 18.470507490200827
1.008492580401667 3343.1376652761405 0.022727272727272728 1.2166101382082137 4754.596879163719 0.045454545454545456 t_move_k 100 518.8731379508972 22.7004831027571 22.038858370957332 13.18834263550482 8.802968209102 27.094947449762927 13.600836319869641 18.470507490200827
1.008492580401667 3343.1376652761405 0.022727272727272728 1.2166101382082137 4754.596879163719 0.045454545454545456 swap_t 100 522.2588880062103 22.7004831027571 22.038858370957332 13.18834263550482 8.802968209102 27.823997975265296 13.600836319869641 18.470507490200827
1.008492580401667 3343.1376652761405 0.022727272727272728 1.2166101382082137 4754.596879163719 0.045454545454545456 swap_t 100 526.5648245811462 22.7004831027571 22.038858370957332 13.18834263550482 8.802968209102 28.545757995512645 13.600836319869641 18.470507490200827
1.008492580401667 3343.1376652761405 0.022727272727272728 1.275398117034175 5046.185129663746 0.022727272727272728 swap_t 100 531.9140803813934 22.7004831027571 22.038858370957332 13.18834263550482 8.802968209102 29.330300415557517 13.600836319869641 18.470507490200827
1.008492580401667 3343.1376652761405 0.022727272727272728 1.2935225301028779 5176.1336550270535 0.022727272727272728 f_swap_t 100 536.6983909606934 22.7004831027571 22.038858370957332 13.18834263550482 9.82493852701098 29.330300415557517 13.600836319869641 18.470507490200827
1.008492580401667 3343.1376652761405 0.022727272727272728 1.2658057768629087 4997.8902894051735 0.022727272727272728 f_swap_t 100 543.9996819496155 22.7004831027571 22.038858370957332 13.18834263550482 10.73668914174087 29.330300415557517 13.600836319869641 18.470507490200827
1.008492580401667 3343.1376652761405 0.022727272727272728 1.3171472004372287 5328.061289394764 0.022727272727272728 t_swap_k 100 549.641325712204 22.7004831027571 22.038858370957332 14.186459209149772 10.73668914174087 29.330300415557517 13.600836319869641 18.470507490200827
1.008492580401667 3343.1376652761405 0.022727272727272728 1.287146332587614 5135.129036082307 0.022727272727272728 move_t 100 555.4590563774109 22.7004831027571 22.818469787247757 14.186459209149772 10.73668914174087 29.330300415557517 13.600836319869641 18.470507490200827
1.008492580401667 3343.1376652761405 0.022727272727272728 1.3124179685921495 5305.731136855534 0.045454545454545456 swap_t 100 561.2071979045868 22.7004831027571 22.818469787247757 14.186459209149772 10.73668914174087 30.10699741140194 13.600836319869641 18.470507490200827
1.008492580401667 3343.1376652761405 0.022727272727272728 1.2564575665781943 5010.851270958782 0.045454545454545456 t_move_k 100 565.3353872299194 23.78347827172953 22.818469787247757 14.186459209149772 10.73668914174087 30.10699741140194 13.600836319869641 18.470507490200827
1.008492580401667 3343.1376652761405 0.022727272727272728 1.2425508986494997 4848.34074714827 0.022727272727272728 t_multiswap_k 100 569.901260137558 23.78347827172953 22.818469787247757 14.186459209149772 10.73668914174087 30.10699741140194 13.600836319869641 19.31580241529882
1.008492580401667 3343.1376652761405 0.022727272727272728 1.2323434292009512 4782.697643382128 0.022727272727272728 swap_t 100 575.0965387821198 23.78347827172953 22.818469787247757 14.186459209149772 10.73668914174087 30.805927437287924 13.600836319869641 19.31580241529882
1.008492580401667 3343.1376652761405 0.022727272727272728 1.2224143844904827 4718.845058222482 0.022727272727272728 t_move_k 100 578.9217038154602 24.645643489012233 22.818469787247757 14.186459209149772 10.73668914174087 30.805927437287924 13.600836319869641 19.31580241529882
1.008492580401667 3343.1376652761405 0.022727272727272728 1.2157575127947564 4676.035454756798 0.022727272727272728 t_swap_r_k 100 581.4285380840302 24.645643489012233 22.818469787247757 14.186459209149772 10.73668914174087 30.805927437287924 14.504827956670944 19.31580241529882
1.008492580401667 3343.1376652761405 0.022727272727272728 1.2125935243446753 4655.688195997863 0.022727272727272728 swap_t 100 587.2609703540802 24.645643489012233 22.818469787247757 14.186459209149772 10.73668914174087 31.497868162915044 14.504827956670944 19.31580241529882
1.008492580401667 3343.1376652761405 0.022727272727272728 1.2125935243446753 4655.688195997863 0.022727272727272728 t_swap_r_k 100 590.2619400024414 24.645643489012233 22.818469787247757 14.186459209149772 10.73668914174087 31.497868162915044 15.399779677104235 19.31580241529882
1.008492580401667 3343.1376652761405 0.022727272727272728 1.2258803115624266 4632.370751343092 0.022727272727272728 swap_t 100 594.8160858154297 24.645643489012233 22.818469787247757 14.186459209149772 10.73668914174087 32.192889481285896 15.399779677104235 19.31580241529882
1.008492580401667 3343.1376652761405 0.022727272727272728 1.2150392851256213 4671.416612285568 0.022727272727272728 t_swap_r_k 100 598.1267206668854 24.645643489012233 22.818469787247757 14.186459209149772 10.73668914174087 32.192889481285896 16.285781880333193 19.31580241529882
1.008492580401667 3343.1376652761405 0.022727272727272728 1.2144384026615582 4667.552403811706 0.022727272727272728 t_swap_r_k 100 599.7430636882782 24.645643489012233 22.818469787247757 14.186459209149772 10.73668914174087 32.192889481285896 17.16292406152986 19.31580241529882
1.008492580401667 3343.1376652761405 0.022727272727272728 1.2202011991937332 4704.612309075348 0.022727272727272728 t_multiswap_k 100 603.7871668338776 24.645643489012233 22.818469787247757 14.186459209149772 10.73668914174087 32.192889481285896 17.16292406152986 20.252644391145832
1.008492580401667 3343.1376652761405 0.022727272727272728 1.2016320590931078 4658.274513808986 0.045454545454545456 t_move_k 100 608.0478768348694 25.46918705412211 22.818469787247757 14.186459209149772 10.73668914174087 32.192889481285896 17.16292406152986 20.252644391145832
1.008492580401667 3343.1376652761405 0.022727272727272728 1.243911080946833 4919.3008255815175 0.022727272727272728 swap_t 100 611.7852704524994 25.46918705412211 22.818469787247757 14.186459209149772 10.73668914174087 32.97096058647303 17.16292406152986 20.252644391145832
1.008492580401667 3343.1376652761405 0.022727272727272728 1.293352317599688 5178.980335878415 0.022727272727272728 swap_t 100 614.2548434734344 25.46918705412211 22.818469787247757 14.186459209149772 10.73668914174087 33.681250980608304 17.16292406152986 20.252644391145832
1.008492580401667 3343.1376652761405 0.022727272727272728 1.2446508362136246 4861.845212688831 0.022727272727272728 t_multiswap_k 100 617.6109321117401 25.46918705412211 22.818469787247757 14.186459209149772 10.73668914174087 33.681250980608304 17.16292406152986 21.080117947234374
1.008492580401667 3343.1376652761405 0.022727272727272728 1.2141331945489462 4665.589644294529 0.022727272727272728 t_multiswap_k 100 622.0035026073456 25.46918705412211 22.818469787247757 14.186459209149772 10.73668914174087 33.681250980608304 17.16292406152986 21.92931676776203
1.008492580401667 3343.1376652761405 0.022727272727272728 1.201895504264387 4586.890415533041 0.022727272727272728 swap_t 100 625.835214138031 25.46918705412211 22.818469787247757 14.186459209149772 10.73668914174087 34.37443847080222 17.16292406152986 21.92931676776203
1.008492580401667 3343.1376652761405 0.022727272727272728 1.201895504264387 4586.890415533041 0.022727272727272728 t_swap_r_k 100 629.8345239162445 25.46918705412211 22.818469787247757 14.186459209149772 10.73668914174087 34.37443847080222 18.06129482091456 21.92931676776203
1.008492580401667 3343.1376652761405 0.022727272727272728 1.1958377420594166 4547.933618746545 0.022727272727272728 swap_t 100 635.0787372589111 25.46918705412211 22.818469787247757 14.186459209149772 10.73668914174087 35.03069408609419 18.06129482091456 21.92931676776203
1.008492580401667 3343.1376652761405 0.022727272727272728 1.194388857776913 4538.616004642392 0.022727272727272728 swap_t 100 639.8154039382935 25.46918705412211 22.818469787247757 14.186459209149772 10.73668914174087 35.680387145233254 18.06129482091456 21.92931676776203
1.008492580401667 3343.1376652761405 0.022727272727272728 1.194388857776913 4538.616004642392 0.022727272727272728 move_t 100 643.9392066001892 25.46918705412211 23.59028508937528 14.186459209149772 10.73668914174087 35.680387145233254 18.06129482091456 21.92931676776203
1.008492580401667 3343.1376652761405 0.022727272727272728 1.194388857776913 4538.616004642392 0.022727272727272728 f_swap_t 100 650.6840634346008 25.46918705412211 23.59028508937528 14.186459209149772 11.629322250323462 35.680387145233254 18.06129482091456 21.92931676776203
1.008492580401667 3343.1376652761405 0.022727272727272728 1.1937315081827915 4534.388662318707 0.022727272727272728 t_multiswap_k 100 653.361396074295 25.46918705412211 23.59028508937528 14.186459209149772 11.629322250323462 35.680387145233254 18.06129482091456 22.740023600084413
1.008492580401667 3343.1376652761405 0.022727272727272728 1.1925538727152785 4526.815419255645 0.022727272727272728 swap_t 100 658.1853263378143 25.46918705412211 23.59028508937528 14.186459209149772 11.629322250323462 36.32358327378092 18.06129482091456 22.740023600084413
1.008492580401667 3343.1376652761405 0.022727272727272728 1.2299694883553185 4857.231250636082 0.022727272727272728 swap_t 100 664.1018080711365 25.46918705412211 23.59028508937528 14.186459209149772 11.629322250323462 37.03034744104311 18.06129482091456 22.740023600084413
1.008492580401667 3343.1376652761405 0.022727272727272728 1.2139965106844661 4664.7106455236335 0.022727272727272728 move_t 100 669.1180288791656 25.46918705412211 24.354382238481527 14.186459209149772 11.629322250323462 37.03034744104311 18.06129482091456 22.740023600084413
1.008492580401667 3343.1376652761405 0.022727272727272728 1.2102835501933635 4668.452164366345 0.045454545454545456 move_t 100 673.9713215827942 25.46918705412211 25.140838416096713 14.186459209149772 11.629322250323462 37.03034744104311 18.06129482091456 22.740023600084413
1.008492580401667 3343.1376652761405 0.022727272727272728 1.2041944620170675 4674.753042779951 0.045454545454545456 swap_t 100 679.9011957645416 25.46918705412211 25.140838416096713 14.186459209149772 11.629322250323462 37.66004396663268 18.06129482091456 22.740023600084413
1.008492580401667 3343.1376652761405 0.022727272727272728 1.2008166234020186 4653.030537331311 0.045454545454545456 swap_t 100 685.089426279068 25.46918705412211 25.140838416096713 14.186459209149772 11.629322250323462 38.28344352696635 18.06129482091456 22.740023600084413
1.008492580401667 3343.1376652761405 0.022727272727272728 1.2008166234020186 4653.030537331311 0.045454545454545456 t_multiswap_k 100 688.808845281601 25.46918705412211 25.140838416096713 14.186459209149772 11.629322250323462 38.28344352696635 18.06129482091456 23.51262336408357
1.008492580401667 3343.1376652761405 0.022727272727272728 1.2008166234020186 4653.030537331311 0.045454545454545456 move_t 100 692.8763873577118 25.46918705412211 25.889430031935746 14.186459209149772 11.629322250323462 38.28344352696635 18.06129482091456 23.51262336408357
1.008492580401667 3343.1376652761405 0.022727272727272728 1.2008166234020186 4653.030537331311 0.045454545454545456 swap_t 100 698.7827365398407 25.46918705412211 25.889430031935746 14.186459209149772 11.629322250323462 38.90060909169669 18.06129482091456 23.51262336408357
1.008492580401667 3343.1376652761405 0.022727272727272728 1.2008166234020186 4653.030537331311 0.045454545454545456 swap_t 100 703.0053904056549 25.46918705412211 25.889430031935746 14.186459209149772 11.629322250323462 39.51160300077972 18.06129482091456 23.51262336408357
1.008492580401667 3343.1376652761405 0.022727272727272728 1.2008166234020186 4653.030537331311 0.045454545454545456 move_t 100 708.8358867168427 25.46918705412211 26.630535731616387 14.186459209149772 11.629322250323462 39.51160300077972 18.06129482091456 23.51262336408357
1.008492580401667 3343.1376652761405 0.022727272727272728 1.2451613844475535 4865.128491748969 0.022727272727272728 t_move_k 100 713.6370177268982 26.284495183580887 26.630535731616387 14.186459209149772 11.629322250323462 39.51160300077972 18.06129482091456 23.51262336408357
1.008492580401667 3343.1376652761405 0.022727272727272728 1.230797726772485 4699.679117570841 0.0 f_swap_t 100 720.511860370636 26.284495183580887 26.630535731616387 14.186459209149772 12.513029027820227 39.51160300077972 18.06129482091456 23.51262336408357
1.008492580401667 3343.1376652761405 0.022727272727272728 1.2187258923076127 4695.124774138247 0.022727272727272728 t_swap_r_k 100 723.089079618454 26.284495183580887 26.630535731616387 14.186459209149772 12.513029027820227 39.51160300077972 18.950681872705417 23.51262336408357
1.008492580401667 3343.1376652761405 0.022727272727272728 1.2863233586401037 5085.4562450598905 0.022727272727272728 move_t 100 728.4323596954346 26.284495183580887 27.424230374300222 14.186459209149772 12.513029027820227 39.51160300077972 18.950681872705417 23.51262336408357
1.008492580401667 3343.1376652761405 0.022727272727272728 1.2500438437821075 4896.527046145588 0.022727272727272728 t_swap_r_k 100 731.4974229335785 26.284495183580887 27.424230374300222 14.186459209149772 12.513029027820227 39.51160300077972 19.801175053978362 23.51262336408357
1.008492580401667 3343.1376652761405 0.022727272727272728 1.2905816085953539 5157.220915032135 0.022727272727272728 f_swap_t 100 738.1899466514587 26.284495183580887 27.424230374300222 14.186459209149772 13.407898737542025 39.51160300077972 19.801175053978362 23.51262336408357
1.008492580401667 3343.1376652761405 0.022727272727272728 1.2770877591053091 4997.365180808939 0.0 t_swap_r_k 100 741.4759771823883 26.284495183580887 27.424230374300222 14.186459209149772 13.407898737542025 39.51160300077972 20.643163303438577 23.51262336408357
1.008492580401667 3343.1376652761405 0.022727272727272728 1.2934369796360616 5175.583489464593 0.022727272727272728 t_move_k 100 746.6628391742706 27.061650231745077 27.424230374300222 14.186459209149772 13.407898737542025 39.51160300077972 20.643163303438577 23.51262336408357
1.008492580401667 3343.1376652761405 0.022727272727272728 1.2963884315410739 5194.563949277681 0.022727272727272728 t_multiswap_k 100 751.6104929447174 27.061650231745077 27.424230374300222 14.186459209149772 13.407898737542025 39.51160300077972 20.643163303438577 24.377497130442734
1.008492580401667 3343.1376652761405 0.022727272727272728 1.2807840528562728 5094.213920862146 0.022727272727272728 swap_t 100 756.4187405109406 27.061650231745077 27.424230374300222 14.186459209149772 13.407898737542025 40.11648697077192 20.643163303438577 24.377497130442734
1.008492580401667 3343.1376652761405 0.022727272727272728 1.2760881945080698 5064.015376710144 0.022727272727272728 swap_t 100 759.8967559337616 27.061650231745077 27.424230374300222 14.186459209149772 13.407898737542025 40.7153221010642 20.643163303438577 24.377497130442734
1.008492580401667 3343.1376652761405 0.022727272727272728 1.2953478774283855 5187.872261201826 0.022727272727272728 t_move_k 100 764.120632648468 27.841033729427625 27.424230374300222 14.186459209149772 13.407898737542025 40.7153221010642 20.643163303438577 24.377497130442734
1.008492580401667 3343.1376652761405 0.022727272727272728 1.2634742601868774 5055.974849233659 0.045454545454545456 t_swap_r_k 100 767.5682215690613 27.841033729427625 27.424230374300222 14.186459209149772 13.407898737542025 40.7153221010642 21.506731670404193 24.377497130442734
1.008492580401667 3343.1376652761405 0.022727272727272728 1.26025402203565 5035.265854886115 0.045454545454545456 move_t 100 770.8859181404114 27.841033729427625 28.14998807055722 14.186459209149772 13.407898737542025 40.7153221010642 21.506731670404193 24.377497130442734
1.008492580401667 3343.1376652761405 0.022727272727272728 1.2588444451738487 4991.304834080297 0.045454545454545456 move_t 100 774.4791960716248 27.841033729427625 28.898488189851648 14.186459209149772 13.407898737542025 40.7153221010642 21.506731670404193 24.377497130442734
1.008492580401667 3343.1376652761405 0.022727272727272728 1.2402001633742974 4906.3017142972985 0.045454545454545456 t_move_k 100 777.8657958507538 28.65262339213335 28.898488189851648 14.186459209149772 13.407898737542025 40.7153221010642 21.506731670404193 24.377497130442734
1.008492580401667 3343.1376652761405 0.022727272727272728 1.231718115537047 4851.754605522049 0.045454545454545456 t_swap_r_k 100 779.4255316257477 28.65262339213335 28.898488189851648 14.186459209149772 13.407898737542025 40.7153221010642 22.331664353700152 24.377497130442734
1.008492580401667 3343.1376652761405 0.022727272727272728 1.231718115537047 4851.754605522049 0.045454545454545456 t_swap_r_k 100 782.1354398727417 28.65262339213335 28.898488189851648 14.186459209149772 13.407898737542025 40.7153221010642 23.14834771016315 24.377497130442734
1.008492580401667 3343.1376652761405 0.022727272727272728 1.2313909422871494 4849.650590643457 0.045454545454545456 f_swap_t 100 789.1350908279419 28.65262339213335 28.898488189851648 14.186459209149772 14.303819750166605 40.7153221010642 23.14834771016315 24.377497130442734
1.008492580401667 3343.1376652761405 0.022727272727272728 1.2603021341421674 5035.575258506323 0.045454545454545456 t_swap_k 100 793.6645214557648 28.65262339213335 28.898488189851648 15.134594617058275 14.303819750166605 40.7153221010642 23.14834771016315 24.377497130442734
1.008492580401667 3343.1376652761405 0.022727272727272728 1.335608345647254 5124.835826185651 0.022727272727272728 swap_t 100 798.3472857475281 28.65262339213335 28.898488189851648 15.134594617058275 14.303819750166605 41.31816888005356 23.14834771016315 24.377497130442734
1.008492580401667 3343.1376652761405 0.022727272727272728 1.2897550919329146 5151.905678056858 0.022727272727272728 move_t 100 801.6963784694672 28.65262339213335 29.60950330795313 15.134594617058275 14.303819750166605 41.31816888005356 23.14834771016315 24.377497130442734
1.008492580401667 3343.1376652761405 0.022727272727272728 1.2713928227781142 5106.898246896059 0.045454545454545456 move_t 100 805.8697273731232 28.65262339213335 30.3134082748736 15.134594617058275 14.303819750166605 41.31816888005356 23.14834771016315 24.377497130442734
1.008492580401667 3343.1376652761405 0.022727272727272728 1.2969339472144834 5271.150385012318 0.045454545454545456 t_move_k 100 809.8210499286652 29.386097158212017 30.3134082748736 15.134594617058275 14.303819750166605 41.31816888005356 23.14834771016315 24.377497130442734
1.008492580401667 3343.1376652761405 0.022727272727272728 1.375346856710558 5629.258538176358 0.0 t_multiswap_k 100 812.8783783912659 29.386097158212017 30.3134082748736 15.134594617058275 14.303819750166605 41.31816888005356 23.14834771016315 25.323722159138306
1.008492580401667 3343.1376652761405 0.022727272727272728 1.3301285719782237 5484.62133477393 0.045454545454545456 move_t 100 818.249095916748 29.386097158212017 31.040274192124862 15.134594617058275 14.303819750166605 41.31816888005356 23.14834771016315 25.323722159138306
1.008492580401667 3343.1376652761405 0.022727272727272728 1.350944945346915 5545.410837914212 0.022727272727272728 move_t 100 822.4340937137604 29.386097158212017 31.769871450203613 15.134594617058275 14.303819750166605 41.31816888005356 23.14834771016315 25.323722159138306
1.008492580401667 3343.1376652761405 0.022727272727272728 1.3165471577993255 5397.280766699725 0.045454545454545456 t_move_k 100 827.6877243518829 30.122236186629898 31.769871450203613 15.134594617058275 14.303819750166605 41.31816888005356 23.14834771016315 25.323722159138306
1.008492580401667 3343.1376652761405 0.022727272727272728 1.3525685857149878 5628.930573969889 0.045454545454545456 move_t 100 832.6192307472229 30.122236186629898 32.50217273570158 15.134594617058275 14.303819750166605 41.31816888005356 23.14834771016315 25.323722159138306
1.008492580401667 3343.1376652761405 0.022727272727272728 1.3231125824955263 5439.502284655164 0.045454545454545456 swap_t 100 837.837739944458 30.122236186629898 32.50217273570158 15.134594617058275 14.303819750166605 41.90498719125303 23.14834771016315 25.323722159138306
1.008492580401667 3343.1376652761405 0.022727272727272728 1.3215982218342042 5356.685314271812 0.022727272727272728 t_swap_r_k 100 839.9756762981415 30.122236186629898 32.50217273570158 15.134594617058275 14.303819750166605 41.90498719125303 23.95686423306152 25.323722159138306
1.008492580401667 3343.1376652761405 0.022727272727272728 1.3364635837795755 5452.282808011068 0.022727272727272728 t_swap_k 100 846.2579321861267 30.122236186629898 32.50217273570158 16.10324867088769 14.303819750166605 41.90498719125303 23.95686423306152 25.323722159138306
1.008492580401667 3343.1376652761405 0.022727272727272728 1.316319071195411 5322.735682100376 0.022727272727272728 t_move_k 100 850.7803876399994 30.8810138247636 32.50217273570158 16.10324867088769 14.303819750166605 41.90498719125303 23.95686423306152 25.323722159138306
1.008492580401667 3343.1376652761405 0.022727272727272728 1.3747960846682101 5747.510896758273 0.0 swap_t 100 854.3439774513245 30.8810138247636 32.50217273570158 16.10324867088769 14.303819750166605 42.585937319340495 23.95686423306152 25.323722159138306
1.008492580401667 3343.1376652761405 0.022727272727272728 1.3270244849223967 5440.667277566045 0.0 swap_t 100 859.2767345905304 30.8810138247636 32.50217273570158 16.10324867088769 14.303819750166605 43.19007794614709 23.95686423306152 25.323722159138306
1.008492580401667 3343.1376652761405 0.022727272727272728 1.3121177383639522 5295.71737669161 0.022727272727272728 t_swap_r_k 100 861.6726760864258 30.8810138247636 32.50217273570158 16.10324867088769 14.303819750166605 43.19007794614709 24.757295590730905 25.323722159138306
1.008492580401667 3343.1376652761405 0.022727272727272728 1.3084248680625876 5271.968937412977 0.022727272727272728 t_swap_k 100 865.4418370723724 30.8810138247636 32.50217273570158 16.942216184178815 14.303819750166605 43.19007794614709 24.757295590730905 25.323722159138306
1.008492580401667 3343.1376652761405 0.022727272727272728 1.3592767704430588 5525.913595954828 0.0 t_swap_k 100 869.7468738555908 30.8810138247636 32.50217273570158 17.832794022337026 14.303819750166605 43.19007794614709 24.757295590730905 25.323722159138306
1.008492580401667 3343.1376652761405 0.022727272727272728 1.314914922916676 5386.784045224089 0.045454545454545456 swap_t 100 873.310982465744 30.8810138247636 32.50217273570158 17.832794022337026 14.303819750166605 43.78817716668562 24.757295590730905 25.323722159138306
1.008492580401667 3343.1376652761405 0.022727272727272728 1.3076893240835457 5340.317020623479 0.045454545454545456 swap_t 100 877.2738177776337 30.8810138247636 32.50217273570158 17.832794022337026 14.303819750166605 44.35029539501876 24.757295590730905 25.323722159138306
1.008492580401667 3343.1376652761405 0.022727272727272728 1.3032134894325726 5311.533424462367 0.045454545454545456 move_t 100 881.5431654453278 30.8810138247636 33.17715100834456 17.832794022337026 14.303819750166605 44.35029539501876 24.757295590730905 25.323722159138306
1.008492580401667 3343.1376652761405 0.022727272727272728 1.3032134894325726 5311.533424462367 0.045454545454545456 move_t 100 884.4460368156433 30.8810138247636 33.84537949826111 17.832794022337026 14.303819750166605 44.35029539501876 24.757295590730905 25.323722159138306
1.008492580401667 3343.1376652761405 0.022727272727272728 1.3032134894325726 5311.533424462367 0.045454545454545456 swap_t 100 889.5807094573975 30.8810138247636 33.84537949826111 17.832794022337026 14.303819750166605 44.906792441068575 24.757295590730905 25.323722159138306
1.008492580401667 3343.1376652761405 0.022727272727272728 1.3032134894325726 5311.533424462367 0.045454545454545456 swap_t 100 894.1887593269348 30.8810138247636 33.84537949826111 17.832794022337026 14.303819750166605 45.45772451665789 24.757295590730905 25.323722159138306
1.008492580401667 3343.1376652761405 0.022727272727272728 1.2997484661376197 5289.250244008173 0.045454545454545456 swap_t 100 899.969701051712 30.8810138247636 33.84537949826111 17.832794022337026 14.303819750166605 46.03314727149131 24.757295590730905 25.323722159138306
1.008492580401667 3343.1376652761405 0.022727272727272728 1.2973807036820626 5274.023426299125 0.045454545454545456 t_move_k 100 903.613228559494 31.572203686515962 33.84537949826111 17.832794022337026 14.303819750166605 46.03314727149131 24.757295590730905 25.323722159138306
1.008492580401667 3343.1376652761405 0.022727272727272728 1.3292572965809537 5405.93997438985 0.022727272727272728 t_swap_k 100 909.221800327301 31.572203686515962 33.84537949826111 18.784466082113656 14.303819750166605 46.03314727149131 24.757295590730905 25.323722159138306
1.008492580401667 3343.1376652761405 0.022727272727272728 1.3142627163888014 5309.511492439005 0.022727272727272728 swap_t 100 914.1734273433685 31.572203686515962 33.84537949826111 18.784466082113656 14.303819750166605 46.6028157987764 24.757295590730905 25.323722159138306
1.008492580401667 3343.1376652761405 0.022727272727272728 1.3067443157886127 5261.161492153305 0.022727272727272728 t_move_k 100 919.648344039917 32.2564816496508 33.84537949826111 18.784466082113656 14.303819750166605 46.6028157987764 24.757295590730905 25.323722159138306
1.008492580401667 3343.1376652761405 0.022727272727272728 1.3049723165090064 5249.765961344121 0.022727272727272728 swap_t 100 922.8262155056 32.2564816496508 33.84537949826111 18.784466082113656 14.303819750166605 47.13678764078863 24.757295590730905 25.323722159138306
1.008492580401667 3343.1376652761405 0.022727272727272728 1.3049723165090064 5249.765961344121 0.022727272727272728 move_t 100 927.0535709857941 32.2564816496508 34.5069257032785 18.784466082113656 14.303819750166605 47.13678764078863 24.757295590730905 25.323722159138306
1.008492580401667 3343.1376652761405 0.022727272727272728 1.29360868014537 5249.765961344121 0.045454545454545456 t_swap_r_k 100 930.5570261478424 32.2564816496508 34.5069257032785 18.784466082113656 14.303819750166605 47.13678764078863 25.579722634823597 25.323722159138306
1.008492580401667 3343.1376652761405 0.022727272727272728 1.29360868014537 5249.765961344121 0.045454545454545456 swap_t 100 936.3173742294312 32.2564816496508 34.5069257032785 18.784466082113656 14.303819750166605 47.665419764380744 25.579722634823597 25.323722159138306
1.008492580401667 3343.1376652761405 0.022727272727272728 1.29360868014537 5249.765961344121 0.045454545454545456 swap_t 100 941.8992943763733 32.2564816496508 34.5069257032785 18.784466082113656 14.303819750166605 48.18876556673693 25.579722634823597 25.323722159138306
1.008492580401667 3343.1376652761405 0.022727272727272728 1.3386679471264848 5466.458824177348 0.022727272727272728 t_swap_k 100 946.7591047286987 32.2564816496508 34.5069257032785 19.70662142129252 14.303819750166605 48.18876556673693 25.579722634823597 25.323722159138306
1.008492580401667 3343.1376652761405 0.022727272727272728 1.366123829429215 5643.024557738799 0.022727272727272728 t_swap_k 100 950.634927034378 32.2564816496508 34.5069257032785 20.699555207079595 14.303819750166605 48.18876556673693 25.579722634823597 25.323722159138306
1.008492580401667 3343.1376652761405 0.022727272727272728 1.3368206802916989 5454.579256069815 0.022727272727272728 move_t 100 954.4813175201416 32.2564816496508 35.17185644624571 20.699555207079595 14.303819750166605 48.18876556673693 25.579722634823597 25.323722159138306
1.008492580401667 3343.1376652761405 0.022727272727272728 1.3204234209178973 5349.130299893136 0.022727272727272728 swap_t 100 958.2136166095734 32.2564816496508 35.17185644624571 20.699555207079595 14.303819750166605 48.70687791106956 25.579722634823597 25.323722159138306
1.008492580401667 3343.1376652761405 0.022727272727272728 1.316720224891777 5325.315457023973 0.022727272727272728 t_multiswap_k 100 961.4625539779663 32.2564816496508 35.17185644624571 20.699555207079595 14.303819750166605 48.70687791106956 25.579722634823597 26.140484937546923
1.008492580401667 3343.1376652761405 0.022727272727272728 1.290530907752537 5156.89486353594 0.022727272727272728 t_move_k 100 966.190943479538 33.033916833154294 35.17185644624571 20.699555207079595 14.303819750166605 48.70687791106956 25.579722634823597 26.140484937546923
1.008492580401667 3343.1376652761405 0.022727272727272728 1.3483459175762436 5528.696778616632 0.022727272727272728 t_move_k 100 971.3524396419525 33.83357766482275 35.17185644624571 20.699555207079595 14.303819750166605 48.70687791106956 25.579722634823597 26.140484937546923
1.008492580401667 3343.1376652761405 0.022727272727272728 1.3186370499531797 5337.6423463711735 0.022727272727272728 t_swap_r_k 100 974.9831435680389 33.83357766482275 35.17185644624571 20.699555207079595 14.303819750166605 48.70687791106956 26.36392540847536 26.140484937546923
1.008492580401667 3343.1376652761405 0.022727272727272728 1.3328366743692404 5428.95855590597 0.022727272727272728 f_swap_t 100 981.9376404285431 33.83357766482275 35.17185644624571 20.699555207079595 15.200781552664939 48.70687791106956 26.36392540847536 26.140484937546923
1.008492580401667 3343.1376652761405 0.022727272727272728 1.3187712284176736 5338.505233192668 0.022727272727272728 t_move_k 100 985.6524975299835 34.52524188817452 35.17185644624571 20.699555207079595 15.200781552664939 48.70687791106956 26.36392540847536 26.140484937546923
1.008492580401667 3343.1376652761405 0.022727272727272728 1.332558326785994 5340.576865969844 0.022727272727272728 move_t 100 990.9531309604645 34.52524188817452 35.83013788178326 20.699555207079595 15.200781552664939 48.70687791106956 26.36392540847536 26.140484937546923
1.008492580401667 3343.1376652761405 0.022727272727272728 1.2951517830809247 5186.611200204956 0.022727272727272728 t_multiswap_k 100 992.92524933815 34.52524188817452 35.83013788178326 20.699555207079595 15.200781552664939 48.70687791106956 26.36392540847536 26.969080088171452
1.008492580401667 3343.1376652761405 0.022727272727272728 1.2729321952579549 5043.719495609995 0.022727272727272728 t_swap_r_k 100 996.5677225589752 34.52524188817452 35.83013788178326 20.699555207079595 15.200781552664939 48.70687791106956 27.14028615439061 26.969080088171452
1.008492580401667 3343.1376652761405 0.022727272727272728 1.25296671390309 4915.323699675999 0.022727272727272728 t_multiswap_k 100 999.1209926605225 34.52524188817452 35.83013788178326 20.699555207079595 15.200781552664939 48.70687791106956 27.14028615439061 27.75938928728974
1.008492580401667 3343.1376652761405 0.022727272727272728 1.2392682073450485 4827.230123499923 0.022727272727272728 swap_t 100 1003.7700691223145 34.52524188817452 35.83013788178326 20.699555207079595 15.200781552664939 49.21980913195887 27.14028615439061 27.75938928728974
1.008492580401667 3343.1376652761405 0.022727272727272728 1.221989917042869 4716.115355150677 0.022727272727272728 t_multiswap_k 100 1006.4696710109711 34.52524188817452 35.83013788178326 20.699555207079595 15.200781552664939 49.21980913195887 27.14028615439061 28.54179539441684
1.008492580401667 3343.1376652761405 0.022727272727272728 1.2044479674453186 4603.305023119153 0.022727272727272728 t_move_k 100 1010.8311569690704 35.23998946929277 35.83013788178326 20.699555207079595 15.200781552664939 49.21980913195887 27.14028615439061 28.54179539441684
1.008492580401667 3343.1376652761405 0.022727272727272728 1.1997098179730878 4572.834509439647 0.022727272727272728 swap_t 100 1015.2135932445526 35.23998946929277 35.83013788178326 20.699555207079595 15.200781552664939 49.72761104063928 27.14028615439061 28.54179539441684
1.008492580401667 3343.1376652761405 0.022727272727272728 1.2473745468768154 4895.291340838083 0.022727272727272728 move_t 100 1019.9734745025635 35.23998946929277 36.58183650296542 20.699555207079595 15.200781552664939 49.72761104063928 27.14028615439061 28.54179539441684
1.008492580401667 3343.1376652761405 0.022727272727272728 1.262308545508346 4975.3999824922885 0.022727272727272728 t_move_k 100 1026.6005203723907 35.96758957459985 36.58183650296542 20.699555207079595 15.200781552664939 49.72761104063928 27.14028615439061 28.54179539441684
1.008492580401667 3343.1376652761405 0.022727272727272728 1.2457636084680934 4869.00132762372 0.022727272727272728 move_t 100 1032.0097448825836 35.96758957459985 37.24601813793577 20.699555207079595 15.200781552664939 49.72761104063928 27.14028615439061 28.54179539441684
1.008492580401667 3343.1376652761405 0.022727272727272728 1.2369662340264571 4812.426388433082 0.022727272727272728 t_swap_r_k 100 1034.5968706607819 35.96758957459985 37.24601813793577 20.699555207079595 15.200781552664939 49.72761104063928 27.938883292846704 28.54179539441684
1.008492580401667 3343.1376652761405 0.022727272727272728 1.2369662340264571 4812.426388433082 0.022727272727272728 move_t 100 1039.9211535453796 35.96758957459985 37.87355795655641 20.699555207079595 15.200781552664939 49.72761104063928 27.938883292846704 28.54179539441684
1.008492580401667 3343.1376652761405 0.022727272727272728 1.2369662340264571 4812.426388433082 0.022727272727272728 swap_t 100 1044.6531584262848 35.96758957459985 37.87355795655641 20.699555207079595 15.200781552664939 50.230334930232885 27.938883292846704 28.54179539441684
1.008492580401667 3343.1376652761405 0.022727272727272728 1.2369662340264571 4812.426388433082 0.022727272727272728 f_swap_t 100 1052.1159193515778 35.96758957459985 37.87355795655641 20.699555207079595 16.04877373713829 50.230334930232885 27.938883292846704 28.54179539441684
1.008492580401667 3343.1376652761405 0.022727272727272728 1.2884762539690762 5070.603328015809 0.0 move_t 100 1057.5354635715485 35.96758957459985 38.51482237699085 20.699555207079595 16.04877373713829 50.230334930232885 27.938883292846704 28.54179539441684
1.008492580401667 3343.1376652761405 0.022727272727272728 1.2670986067453662 5006.204334972872 0.022727272727272728 t_swap_k 100 1064.0810935497284 35.96758957459985 38.51482237699085 21.562559655008798 16.04877373713829 50.230334930232885 27.938883292846704 28.54179539441684
1.008492580401667 3343.1376652761405 0.022727272727272728 1.242943212865372 4850.863676353322 0.022727272727272728 swap_t 100 1068.2473402023315 35.96758957459985 38.51482237699085 21.562559655008798 16.04877373713829 50.728031580930555 27.938883292846704 28.54179539441684
1.008492580401667 3343.1376652761405 0.022727272727272728 1.2265728460545318 4745.587663266007 0.022727272727272728 t_multiswap_k 100 1072.500361919403 35.96758957459985 38.51482237699085 21.562559655008798 16.04877373713829 50.728031580930555 27.938883292846704 29.406377440472674
1.008492580401667 3343.1376652761405 0.022727272727272728 1.2124664863831125 4654.871228958662 0.022727272727272728 move_t 100 1077.6761736869812 35.96758957459985 39.18967415322094 21.562559655008798 16.04877373713829 50.728031580930555 27.938883292846704 29.406377440472674
1.008492580401667 3343.1376652761405 0.022727272727272728 1.2124664863831125 4654.871228958662 0.022727272727272728 t_swap_r_k 100 1080.8465819358826 35.96758957459985 39.18967415322094 21.562559655008798 16.04877373713829 50.728031580930555 28.699494459918238 29.406377440472674
1.008492580401667 3343.1376652761405 0.022727272727272728 1.2124664863831125 4654.871228958662 0.022727272727272728 swap_t 100 1086.1741898059845 35.96758957459985 39.18967415322094 21.562559655008798 16.04877373713829 51.22075126512125 28.699494459918238 29.406377440472674
1.008492580401667 3343.1376652761405 0.022727272727272728 1.2124664863831125 4654.871228958662 0.022727272727272728 t_swap_k 100 1089.9597721099854 35.96758957459985 39.18967415322094 22.34693405845871 16.04877373713829 51.22075126512125 28.699494459918238 29.406377440472674
1.008492580401667 3343.1376652761405 0.022727272727272728 1.2079770525519749 4626.0001779783925 0.022727272727272728 t_swap_k 100 1095.6256289482117 35.96758957459985 39.18967415322094 23.153464717874122 16.04877373713829 51.22075126512125 28.699494459918238 29.406377440472674
1.008492580401667 3343.1376652761405 0.022727272727272728 1.3243087145559755 5374.1161923057325 0.022727272727272728 move_t 100 1100.28067278862 35.96758957459985 39.88777741168873 23.153464717874122 16.04877373713829 51.22075126512125 28.699494459918238 29.406377440472674
1.008492580401667 3343.1376652761405 0.022727272727272728 1.2682023167233547 5041.58135538657 0.022727272727272728 move_t 100 1108.4427230358124 35.96758957459985 40.54889963757184 23.153464717874122 16.04877373713829 51.22075126512125 28.699494459918238 29.406377440472674
1.008492580401667 3343.1376652761405 0.022727272727272728 1.2546228866333253 4925.974362794167 0.022727272727272728 move_t 100 1114.1982216835022 35.96758957459985 41.14341064119613 23.153464717874122 16.04877373713829 51.22075126512125 28.699494459918238 29.406377440472674
1.008492580401667 3343.1376652761405 0.022727272727272728 1.2515803157465002 4906.407926916359 0.022727272727272728 f_swap_t 100 1122.1853909492493 35.96758957459985 41.14341064119613 23.153464717874122 16.888285999766907 51.22075126512125 28.699494459918238 29.406377440472674
1.008492580401667 3343.1376652761405 0.022727272727272728 1.2894529180996372 5149.962431653503 0.022727272727272728 t_move_k 100 1128.0060126781464 36.88791367885385 41.14341064119613 23.153464717874122 16.888285999766907 51.22075126512125 28.699494459918238 29.406377440472674
1.008492580401667 3343.1376652761405 0.022727272727272728 1.2537217574824517 4920.179301182114 0.022727272727272728 t_move_k 100 1133.6561706066132 37.57903454206531 41.14341064119613 23.153464717874122 16.888285999766907 51.22075126512125 28.699494459918238 29.406377440472674
1.008492580401667 3343.1376652761405 0.022727272727272728 1.3026263039562966 5234.679014847691 0.022727272727272728 move_t 100 1139.6168882846832 37.57903454206531 41.841976534784166 23.153464717874122 16.888285999766907 51.22075126512125 28.699494459918238 29.406377440472674
1.008492580401667 3343.1376652761405 0.022727272727272728 1.274703730682909 5055.112043421362 0.022727272727272728 t_swap_k 100 1145.97088098526 37.57903454206531 41.841976534784166 24.03193007069538 16.888285999766907 51.22075126512125 28.699494459918238 29.406377440472674
1.008492580401667 3343.1376652761405 0.022727272727272728 1.2685017421413183 5015.22774306228 0.022727272727272728 f_swap_t 100 1155.0298120975494 37.57903454206531 41.841976534784166 24.03193007069538 17.759403139769237 51.22075126512125 28.699494459918238 29.406377440472674
1.008492580401667 3343.1376652761405 0.022727272727272728 1.2515254424398092 4906.05504276782 0.022727272727272728 t_swap_r_k 100 1158.8819692134857 37.57903454206531 41.841976534784166 24.03193007069538 17.759403139769237 51.22075126512125 29.452499515319055 29.406377440472674
1.008492580401667 3343.1376652761405 0.022727272727272728 1.3214943337353713 5283.042192112504 0.022727272727272728 swap_t 100 1166.0547456741333 37.57903454206531 41.841976534784166 24.03193007069538 17.759403139769237 51.74854375247004 29.452499515319055 29.406377440472674
1.008492580401667 3343.1376652761405 0.022727272727272728 1.2725057204675099 5040.976883539106 0.022727272727272728 t_multiswap_k 100 1170.1241006851196 37.57903454206531 41.841976534784166 24.03193007069538 17.759403139769237 51.74854375247004 29.452499515319055 30.342313666067948
1.008492580401667 3343.1376652761405 0.022727272727272728 1.2897146726073467 5151.645745857621 0.022727272727272728 t_multiswap_k 100 1175.4822361469269 37.57903454206531 41.841976534784166 24.03193007069538 17.759403139769237 51.74854375247004 29.452499515319055 31.28889052940727
1.008492580401667 3343.1376652761405 0.022727272727272728 1.2477122875702902 4954.61135172382 0.045454545454545456 t_swap_r_k 100 1178.3753983974457 37.57903454206531 41.841976534784166 24.03193007069538 17.759403139769237 51.74854375247004 30.197974520165864 31.28889052940727
1.008492580401667 3343.1376652761405 0.022727272727272728 1.2718753450140472 5036.923008921908 0.022727272727272728 t_multiswap_k 100 1182.6892042160034 37.57903454206531 41.841976534784166 24.03193007069538 17.759403139769237 51.74854375247004 30.197974520165864 32.2460016241132
1.008492580401667 3343.1376652761405 0.022727272727272728 1.2200487447944561 4776.710176694454 0.045454545454545456 t_swap_r_k 100 1185.3859603404999 37.57903454206531 41.841976534784166 24.03193007069538 17.759403139769237 51.74854375247004 30.935994774964207 32.2460016241132
1.008492580401667 3343.1376652761405 0.022727272727272728 1.2200487447944561 4776.710176694454 0.045454545454545456 swap_t 100 1190.7548098564148 37.57903454206531 41.841976534784166 24.03193007069538 17.759403139769237 52.231058314945344 30.935994774964207 32.2460016241132
1.008492580401667 3343.1376652761405 0.022727272727272728 1.2228337861169165 4794.620468510145 0.045454545454545456 t_multiswap_k 100 1195.2376120090485 37.57903454206531 41.841976534784166 24.03193007069538 17.759403139769237 52.231058314945344 30.935994774964207 32.99354160787207
1.008492580401667 3343.1376652761405 0.022727272727272728 1.252887941244274 4961.345232655949 0.022727272727272728 swap_t 100 1201.74329662323 37.57903454206531 41.841976534784166 24.03193007069538 17.759403139769237 52.74874773179589 30.935994774964207 32.99354160787207
1.008492580401667 3343.1376652761405 0.022727272727272728 1.2132814063433779 4733.190173778562 0.045454545454545456 t_move_k 100 1206.4123094081879 38.35324419664465 41.841976534784166 24.03193007069538 17.759403139769237 52.74874773179589 30.935994774964207 32.99354160787207
1.008492580401667 3343.1376652761405 0.022727272727272728 1.2260595985299891 4815.365310317293 0.045454545454545456 t_multiswap_k 100 1211.3719036579132 38.35324419664465 41.841976534784166 24.03193007069538 17.759403139769237 52.74874773179589 30.935994774964207 33.83360619179335
1.008492580401667 3343.1376652761405 0.022727272727272728 1.2018398288737389 4659.610658221485 0.045454545454545456 t_multiswap_k 100 1215.6556279659271 38.35324419664465 41.841976534784166 24.03193007069538 17.759403139769237 52.74874773179589 30.935994774964207 34.495270129875415
1.008492580401667 3343.1376652761405 0.022727272727272728 1.2018398288737389 4659.610658221485 0.045454545454545456 f_swap_t 100 1224.9451603889465 38.35324419664465 41.841976534784166 24.03193007069538 18.581809108371544 52.74874773179589 30.935994774964207 34.495270129875415
1.008492580401667 3343.1376652761405 0.022727272727272728 1.2018398288737389 4659.610658221485 0.045454545454545456 swap_t 100 1228.6527230739594 38.35324419664465 41.841976534784166 24.03193007069538 18.581809108371544 53.221260254477926 30.935994774964207 34.495270129875415
1.008492580401667 3343.1376652761405 0.022727272727272728 1.2018398288737389 4659.610658221485 0.045454545454545456 t_swap_r_k 100 1232.1305174827576 38.35324419664465 41.841976534784166 24.03193007069538 18.581809108371544 53.221260254477926 31.666634827214565 34.495270129875415
1.008492580401667 3343.1376652761405 0.022727272727272728 1.2018398288737389 4659.610658221485 0.045454545454545456 t_swap_k 100 1236.705927848816 38.35324419664465 41.841976534784166 24.791610769988427 18.581809108371544 53.221260254477926 31.666634827214565 34.495270129875415
1.008492580401667 3343.1376652761405 0.022727272727272728 1.235742644514623 4877.635904958358 0.045454545454545456 t_swap_k 100 1240.9491555690765 38.35324419664465 41.841976534784166 25.553694662288542 18.581809108371544 53.221260254477926 31.666634827214565 34.495270129875415
1.008492580401667 3343.1376652761405 0.022727272727272728 1.241577004200471 4809.795977205252 0.045454545454545456 move_t 100 1246.932332277298 38.35324419664465 42.43355676943632 25.553694662288542 18.581809108371544 53.221260254477926 31.666634827214565 34.495270129875415
1.008492580401667 3343.1376652761405 0.022727272727272728 1.2433103250563076 4926.302819081471 0.045454545454545456 swap_t 100 1251.6927852630615 38.35324419664465 42.43355676943632 25.553694662288542 18.581809108371544 53.759047651933145 31.666634827214565 34.495270129875415
1.008492580401667 3343.1376652761405 0.022727272727272728 1.228782532579824 4832.876197151942 0.045454545454545456 t_multiswap_k 100 1255.5535867214203 38.35324419664465 42.43355676943632 25.553694662288542 18.581809108371544 53.759047651933145 31.666634827214565 35.31031742857666
1.008492580401667 3343.1376652761405 0.022727272727272728 1.2498830148933562 4968.571058351821 0.045454545454545456 move_t 100 1260.5784022808075 38.35324419664465 43.07922120174196 25.553694662288542 18.581809108371544 53.759047651933145 31.666634827214565 35.31031742857666
1.008492580401667 3343.1376652761405 0.022727272727272728 1.2606091674452622 5037.549755621039 0.045454545454545456 t_swap_k 100 1266.0153551101685 38.35324419664465 43.07922120174196 26.388157715665656 18.581809108371544 53.759047651933145 31.666634827214565 35.31031742857666
1.008492580401667 3343.1376652761405 0.022727272727272728 1.2451670578605847 4938.243261788795 0.045454545454545456 move_t 100 1270.3060989379883 38.35324419664465 43.648428989724536 26.388157715665656 18.581809108371544 53.759047651933145 31.666634827214565 35.31031742857666
1.008492580401667 3343.1376652761405 0.022727272727272728 1.243375458643555 4926.721685956156 0.045454545454545456 swap_t 100 1274.9762337207794 38.35324419664465 43.648428989724536 26.388157715665656 18.581809108371544 54.22145717541381 31.666634827214565 35.31031742857666
1.008492580401667 3343.1376652761405 0.022727272727272728 1.243375458643555 4926.721685956156 0.045454545454545456 t_swap_r_k 100 1277.704507112503 38.35324419664465 43.648428989724536 26.388157715665656 18.581809108371544 54.22145717541381 32.38996847894242 35.31031742857666
1.008492580401667 3343.1376652761405 0.022727272727272728 1.2673592605055388 5012.627985657884 0.045454545454545456 swap_t 100 1283.5025854110718 38.35324419664465 43.648428989724536 26.388157715665656 18.581809108371544 54.68924260365967 32.38996847894242 35.31031742857666
1.008492580401667 3343.1376652761405 0.022727272727272728 1.2429188158693218 4923.785066927889 0.045454545454545456 t_multiswap_k 100 1287.0108096599579 38.35324419664465 43.648428989724536 26.388157715665656 18.581809108371544 54.68924260365967 32.38996847894242 36.04721425429089
1.008492580401667 3343.1376652761405 0.022727272727272728 1.2239371653252071 4801.71617780698 0.045454545454545456 swap_t 100 1292.7235314846039 38.35324419664465 43.648428989724536 26.388157715665656 18.581809108371544 55.14235017762307 32.38996847894242 36.04721425429089
1.008492580401667 3343.1376652761405 0.022727272727272728 1.220261022422172 4778.075310571524 0.045454545454545456 t_swap_k 100 1298.0503814220428 38.35324419664465 43.648428989724536 27.154276138509 18.581809108371544 55.14235017762307 32.38996847894242 36.04721425429089
1.008492580401667 3343.1376652761405 0.022727272727272728 1.220261022422172 4778.075310571524 0.045454545454545456 swap_t 100 1304.0137386322021 38.35324419664465 43.648428989724536 27.154276138509 18.581809108371544 55.590926675846845 32.38996847894242 36.04721425429089
1.008492580401667 3343.1376652761405 0.022727272727272728 1.2669984713392428 5119.168476090555 0.045454545454545456 move_t 100 1311.032396554947 38.35324419664465 44.26194469982729 27.154276138509 18.581809108371544 55.590926675846845 32.38996847894242 36.04721425429089
1.008492580401667 3343.1376652761405 0.022727272727272728 1.313641179782996 5381.257269898515 0.022727272727272728 swap_t 100 1316.7410230636597 38.35324419664465 44.26194469982729 27.154276138509 18.581809108371544 56.075017409088375 32.38996847894242 36.04721425429089
1.008492580401667 3343.1376652761405 0.022727272727272728 1.2771520864148518 5143.935432501027 0.045454545454545456 f_swap_t 100 1325.0180957317352 38.35324419664465 44.26194469982729 27.154276138509 19.48599101728783 56.075017409088375 32.38996847894242 36.04721425429089
1.008492580401667 3343.1376652761405 0.022727272727272728 1.3288291403485106 5397.5495749046095 0.022727272727272728 move_t 100 1330.319125175476 38.35324419664465 45.01932525282901 27.154276138509 19.48599101728783 56.075017409088375 32.38996847894242 36.04721425429089
1.008492580401667 3343.1376652761405 0.022727272727272728 1.2882840402891387 5215.523793061206 0.045454545454545456 t_move_k 100 1333.9979479312897 39.00971175467821 45.01932525282901 27.154276138509 19.48599101728783 56.075017409088375 32.38996847894242 36.04721425429089
1.008492580401667 3343.1376652761405 0.022727272727272728 1.273549812715121 5120.769609918125 0.045454545454545456 t_move_k 100 1339.1386280059814 39.81961463713142 45.01932525282901 27.154276138509 19.48599101728783 56.075017409088375 32.38996847894242 36.04721425429089
1.008492580401667 3343.1376652761405 0.022727272727272728 1.2569902193016251 4941.198416589035 0.022727272727272728 move_t 100 1343.453468799591 39.81961463713142 45.569132000300726 27.154276138509 19.48599101728783 56.075017409088375 32.38996847894242 36.04721425429089
1.008492580401667 3343.1376652761405 0.022727272727272728 1.247522519214129 4880.3126875253465 0.022727272727272728 t_move_k 100 1348.083601474762 40.481418490760106 45.569132000300726 27.154276138509 19.48599101728783 56.075017409088375 32.38996847894242 36.04721425429089
1.008492580401667 3343.1376652761405 0.022727272727272728 1.2605416026415772 4964.036968913184 0.022727272727272728 swap_t 100 1352.0290319919586 40.481418490760106 45.569132000300726 27.154276138509 19.48599101728783 56.55426723499749 32.38996847894242 36.04721425429089
1.008492580401667 3343.1376652761405 0.022727272727272728 1.2472070759163536 4878.284106667713 0.022727272727272728 swap_t 100 1358.9086563587189 40.481418490760106 45.569132000300726 27.154276138509 19.48599101728783 56.98872456264751 32.38996847894242 36.04721425429089
1.008492580401667 3343.1376652761405 0.022727272727272728 1.2288889855344352 4760.482499344872 0.022727272727272728 t_move_k 100 1362.8166675567627 41.2366043058525 45.569132000300726 27.154276138509 19.48599101728783 56.98872456264751 32.38996847894242 36.04721425429089
1.008492580401667 3343.1376652761405 0.022727272727272728 1.241857411598319 4770.802723896821 0.0 t_swap_k 100 1368.0193824768066 41.2366043058525 45.569132000300726 28.062733377123912 19.48599101728783 56.98872456264751 32.38996847894242 36.04721425429089
1.008492580401667 3343.1376652761405 0.022727272727272728 1.1999359515865575 4574.288749624134 0.022727272727272728 swap_t 100 1372.431351184845 41.2366043058525 45.569132000300726 28.062733377123912 19.48599101728783 57.41883731702104 32.38996847894242 36.04721425429089
1.008492580401667 3343.1376652761405 0.022727272727272728 1.1933400688300642 4531.871359261496 0.022727272727272728 swap_t 100 1375.9090003967285 41.2366043058525 45.569132000300726 28.062733377123912 19.48599101728783 57.84464894385083 32.38996847894242 36.04721425429089
1.008492580401667 3343.1376652761405 0.022727272727272728 1.1923239300096693 4525.33668322213 0.022727272727272728 t_swap_r_k 100 1378.43093085289 41.2366043058525 45.569132000300726 28.062733377123912 19.48599101728783 57.84464894385083 33.106068794152996 36.04721425429089
1.008492580401667 3343.1376652761405 0.022727272727272728 1.1923239300096693 4525.33668322213 0.022727272727272728 move_t 100 1383.509928226471 41.2366043058525 46.11344068029772 28.062733377123912 19.48599101728783 57.84464894385083 33.106068794152996 36.04721425429089
1.008492580401667 3343.1376652761405 0.022727272727272728 1.2472061406750878 4878.278092234875 0.022727272727272728 f_swap_t 100 1390.9926612377167 41.2366043058525 46.11344068029772 28.062733377123912 20.331131107114953 57.84464894385083 33.106068794152996 36.04721425429089
1.008492580401667 3343.1376652761405 0.022727272727272728 1.2608969055267312 4966.321882355847 0.022727272727272728 t_move_k 100 1395.0167424678802 41.98423826279398 46.11344068029772 28.062733377123912 20.331131107114953 57.84464894385083 33.106068794152996 36.04721425429089
1.008492580401667 3343.1376652761405 0.022727272727272728 1.2420601533987776 4845.184818876501 0.022727272727272728 swap_t 100 1399.8570578098297 41.98423826279398 46.11344068029772 28.062733377123912 20.331131107114953 58.26620245441232 33.106068794152996 36.04721425429089
1.008492580401667 3343.1376652761405 0.022727272727272728 1.2406805858654777 4836.312973097556 0.022727272727272728 move_t 100 1403.8582882881165 41.98423826279398 46.652306273494744 28.062733377123912 20.331131107114953 58.26620245441232 33.106068794152996 36.04721425429089
1.008492580401667 3343.1376652761405 0.022727272727272728 1.2405979136680867 4835.781317366499 0.022727272727272728 swap_t 100 1408.086664199829 41.98423826279398 46.652306273494744 28.062733377123912 20.331131107114953 58.6835404298682 33.106068794152996 36.04721425429089
1.008492580401667 3343.1376652761405 0.022727272727272728 1.2405979136680867 4835.781317366499 0.022727272727272728 t_swap_r_k 100 1411.4354770183563 41.98423826279398 46.652306273494744 28.062733377123912 20.331131107114953 58.6835404298682 33.815008106211465 36.04721425429089
1.008492580401667 3343.1376652761405 0.022727272727272728 1.2405979136680867 4835.781317366499 0.022727272727272728 move_t 100 1415.311500787735 41.98423826279398 47.185783210759794 28.062733377123912 20.331131107114953 58.6835404298682 33.815008106211465 36.04721425429089
1.008492580401667 3343.1376652761405 0.022727272727272728 1.2405979136680867 4835.781317366499 0.022727272727272728 swap_t 100 1421.078563451767 41.98423826279398 47.185783210759794 28.062733377123912 20.331131107114953 59.09670502556952 33.815008106211465 36.04721425429089
1.008492580401667 3343.1376652761405 0.022727272727272728 1.2666501947073554 4913.352956450309 0.022727272727272728 swap_t 100 1426.6759741306305 41.98423826279398 47.185783210759794 28.062733377123912 20.331131107114953 59.515737975313826 33.815008106211465 36.04721425429089
1.008492580401667 3343.1376652761405 0.022727272727272728 1.2847076327505722 5090.13809754592 0.022727272727272728 move_t 100 1430.232189655304 41.98423826279398 47.7939253786522 28.062733377123912 20.331131107114953 59.515737975313826 33.815008106211465 36.04721425429089
1.008492580401667 3343.1376652761405 0.022727272727272728 1.3016245488495075 5332.8356464177195 0.022727272727272728 swap_t 100 1435.3270831108093 41.98423826279398 47.7939253786522 28.062733377123912 20.331131107114953 59.960580595560685 33.815008106211465 36.04721425429089
1.008492580401667 3343.1376652761405 0.022727272727272728 1.2467608321695516 4875.414362631353 0.022727272727272728 t_move_k 100 1440.617441892624 42.71439588016604 47.7939253786522 28.062733377123912 20.331131107114953 59.960580595560685 33.815008106211465 36.04721425429089
1.008492580401667 3343.1376652761405 0.022727272727272728 1.2402927244523048 4833.818679372737 0.022727272727272728 t_swap_r_k 100 1444.8264620304108 42.71439588016604 47.7939253786522 28.062733377123912 20.331131107114953 59.960580595560685 34.516858025149354 36.04721425429089
1.008492580401667 3343.1376652761405 0.022727272727272728 1.2397469524821187 4830.308880371902 0.022727272727272728 move_t 100 1450.2472553253174 42.71439588016604 48.315986124865674 28.062733377123912 20.331131107114953 59.960580595560685 34.516858025149354 36.04721425429089
1.008492580401667 3343.1376652761405 0.022727272727272728 1.2809923439493827 4995.688202681254 0.022727272727272728 swap_t 100 1455.139681339264 42.71439588016604 48.315986124865674 28.062733377123912 20.331131107114953 60.37097478960508 34.516858025149354 36.04721425429089
1.008492580401667 3343.1376652761405 0.022727272727272728 1.2809581487680695 5095.333512359425 0.022727272727272728 move_t 100 1459.0457558631897 42.71439588016604 48.902826263617015 28.062733377123912 20.331131107114953 60.37097478960508 34.516858025149354 36.04721425429089
1.008492580401667 3343.1376652761405 0.022727272727272728 1.2869176045509791 5043.9635931141265 0.022727272727272728 move_t 100 1463.4736065864563 42.71439588016604 49.423798000980845 28.062733377123912 20.331131107114953 60.37097478960508 34.516858025149354 36.04721425429089
1.008492580401667 3343.1376652761405 0.022727272727272728 1.2791667368537407 5156.891425999619 0.045454545454545456 t_multiswap_k 100 1468.106076002121 42.71439588016604 49.423798000980845 28.062733377123912 20.331131107114953 60.37097478960508 34.516858025149354 36.886742111747985
1.008492580401667 3343.1376652761405 0.022727272727272728 1.249067313014017 5031.425384344196 0.045454545454545456 move_t 100 1472.304552078247 42.71439588016604 49.989560020971034 28.062733377123912 20.331131107114953 60.37097478960508 34.516858025149354 36.886742111747985
1.008492580401667 3343.1376652761405 0.022727272727272728 1.2338321404526331 4865.3496652572285 0.045454545454545456 swap_t 100 1477.0010919570923 42.71439588016604 49.989560020971034 28.062733377123912 20.331131107114953 60.76726504170903 34.516858025149354 36.886742111747985
1.008492580401667 3343.1376652761405 0.022727272727272728 1.2620660163044763 5046.9185890345525 0.045454545454545456 move_t 100 1481.4633057117462 42.71439588016604 50.52966442076132 28.062733377123912 20.331131107114953 60.76726504170903 34.516858025149354 36.886742111747985
1.008492580401667 3343.1376652761405 0.022727272727272728 1.243294354118266 4926.2001117504915 0.045454545454545456 t_swap_k 100 1486.7456743717194 42.71439588016604 50.52966442076132 28.782106043352673 20.331131107114953 60.76726504170903 34.516858025149354 36.886742111747985
1.008492580401667 3343.1376652761405 0.022727272727272728 1.2394334230200024 5003.620521341833 0.022727272727272728 swap_t 100 1491.6343898773193 42.71439588016604 50.52966442076132 28.782106043352673 20.331131107114953 61.18959239129194 34.516858025149354 36.886742111747985
1.008492580401667 3343.1376652761405 0.022727272727272728 1.2330000627002962 4859.998665529679 0.045454545454545456 swap_t 100 1497.9677338600159 42.71439588016604 50.52966442076132 28.782106043352673 20.331131107114953 61.57769646737902 34.516858025149354 36.886742111747985
1.008492580401667 3343.1376652761405 0.022727272727272728 1.2330000627002962 4859.998665529679 0.045454545454545456 t_swap_r_k 100 1501.1800482273102 42.71439588016604 50.52966442076132 28.782106043352673 20.331131107114953 61.57769646737902 35.21168944489786 36.886742111747985
1.008492580401667 3343.1376652761405 0.022727272727272728 1.2266021633440642 4818.854484452931 0.045454545454545456 t_move_k 100 1505.5161204338074 43.377251921364376 50.52966442076132 28.782106043352673 20.331131107114953 61.57769646737902 35.21168944489786 36.886742111747985
1.008492580401667 3343.1376652761405 0.022727272727272728 1.2224706885652377 4792.285428431678 0.045454545454545456 t_multiswap_k 100 1507.8022665977478 43.377251921364376 50.52966442076132 28.782106043352673 20.331131107114953 61.57769646737902 35.21168944489786 37.54787469063051
1.008492580401667 3343.1376652761405 0.022727272727272728 1.3326942960696395 5122.206791477681 0.022727272727272728 swap_t 100 1513.293592453003 43.377251921364376 50.52966442076132 28.782106043352673 20.331131107114953 62.01191950270523 35.21168944489786 37.54787469063051
1.008492580401667 3343.1376652761405 0.022727272727272728 1.3019037155163404 5230.032128743026 0.022727272727272728 t_swap_r_k 100 1516.3178465366364 43.377251921364376 50.52966442076132 28.782106043352673 20.331131107114953 62.01191950270523 35.89957255044888 37.54787469063051
1.008492580401667 3343.1376652761405 0.022727272727272728 1.279631213467466 5159.878423580696 0.045454545454545456 t_multiswap_k 100 1519.2032165527344 43.377251921364376 50.52966442076132 28.782106043352673 20.331131107114953 62.01191950270523 35.89957255044888 38.2323959437242
1.008492580401667 3343.1376652761405 0.022727272727272728 1.274093614507521 5124.266738924158 0.045454545454545456 t_swap_r_k 100 1522.3333344459534 43.377251921364376 50.52966442076132 28.782106043352673 20.331131107114953 62.01191950270523 36.580576824944394 38.2323959437242
1.008492580401667 3343.1376652761405 0.022727272727272728 1.2662497389893996 5073.823645544345 0.045454545454545456 t_move_k 100 1525.772374868393 44.04347940215073 50.52966442076132 28.782106043352673 20.331131107114953 62.01191950270523 36.580576824944394 38.2323959437242
1.008492580401667 3343.1376652761405 0.022727272727272728 1.297070746666799 5166.2864642257755 0.022727272727272728 swap_t 100 1532.803439617157 44.04347940215073 50.52966442076132 28.782106043352673 20.331131107114953 62.43180030767818 36.580576824944394 38.2323959437242
1.008492580401667 3343.1376652761405 0.022727272727272728 1.27174525230771 5109.164682107854 0.045454545454545456 t_swap_k 100 1539.2409875392914 44.04347940215073 50.52966442076132 29.664284982919146 20.331131107114953 62.43180030767818 36.580576824944394 38.2323959437242
1.008492580401667 3343.1376652761405 0.022727272727272728 1.2540095868032175 4995.108584566607 0.045454545454545456 move_t 100 1543.901572227478 44.04347940215073 51.02436777655371 29.664284982919146 20.331131107114953 62.43180030767818 36.580576824944394 38.2323959437242
1.008492580401667 3343.1376652761405 0.022727272727272728 1.2438594133137417 4929.833944757742 0.045454545454545456 swap_t 100 1549.78129529953 44.04347940215073 51.02436777655371 29.664284982919146 20.331131107114953 62.867482304601396 36.580576824944394 38.2323959437242
1.008492580401667 3343.1376652761405 0.022727272727272728 1.2403040127120777 4906.969557869137 0.045454545454545456 swap_t 100 1554.4483246803284 44.04347940215073 51.02436777655371 29.664284982919146 20.331131107114953 63.238807481555384 36.580576824944394 38.2323959437242
1.008492580401667 3343.1376652761405 0.022727272727272728 1.3003722451843356 5002.320251879758 0.045454545454545456 swap_t 100 1560.457881450653 44.04347940215073 51.02436777655371 29.664284982919146 20.331131107114953 63.61641940673983 36.580576824944394 38.2323959437242
1.008492580401667 3343.1376652761405 0.022727272727272728 1.266863543955996 5077.770957198577 0.045454545454545456 t_swap_r_k 100 1563.0568540096283 44.04347940215073 51.02436777655371 29.664284982919146 20.331131107114953 63.61641940673983 37.28477105669495 38.2323959437242
1.008492580401667 3343.1376652761405 0.022727272727272728 1.2972115374182787 5272.935536821398 0.045454545454545456 t_swap_k 100 1567.4454700946808 44.04347940215073 51.02436777655371 30.417642133089956 20.331131107114953 63.61641940673983 37.28477105669495 38.2323959437242
1.008492580401667 3343.1376652761405 0.022727272727272728 1.281269164605792 5170.411905662515 0.045454545454545456 t_move_k 100 1571.261298418045 44.72304460812922 51.02436777655371 30.417642133089956 20.331131107114953 63.61641940673983 37.28477105669495 38.2323959437242
1.008492580401667 3343.1376652761405 0.022727272727272728 1.272654454425643 5115.011660075578 0.045454545454545456 t_swap_r_k 100 1574.6676933765411 44.72304460812922 51.02436777655371 30.417642133089956 20.331131107114953 63.61641940673983 37.951923346128 38.2323959437242
1.008492580401667 3343.1376652761405 0.022727272727272728 1.272654454425643 5115.011660075578 0.045454545454545456 swap_t 100 1579.9424903392792 44.72304460812922 51.02436777655371 30.417642133089956 20.331131107114953 63.98025521267243 37.951923346128 38.2323959437242
1.008492580401667 3343.1376652761405 0.022727272727272728 1.2861061450914044 5128.439705676363 0.022727272727272728 f_swap_t 100 1586.37965798378 44.72304460812922 51.02436777655371 30.417642133089956 21.227819796043804 63.98025521267243 37.951923346128 38.2323959437242
1.008492580401667 3343.1376652761405 0.022727272727272728 1.260454139621043 4963.4745039299105 0.022727272727272728 t_swap_r_k 100 1588.4411733150482 44.72304460812922 51.02436777655371 30.417642133089956 21.227819796043804 63.98025521267243 38.64240411266672 38.2323959437242
1.008492580401667 3343.1376652761405 0.022727272727272728 1.2438321697964834 4856.580459770282 0.022727272727272728 t_multiswap_k 100 1592.7317097187042 44.72304460812922 51.02436777655371 30.417642133089956 21.227819796043804 63.98025521267243 38.64240411266672 38.97007198428696
1.008492580401667 3343.1376652761405 0.022727272727272728 1.2347986199983532 4835.862786619872 0.022727272727272728 swap_t 100 1598.8408806324005 44.72304460812922 51.02436777655371 30.417642133089956 21.227819796043804 64.37045266054571 38.64240411266672 38.97007198428696
1.008492580401667 3343.1376652761405 0.022727272727272728 1.2671414434185344 5006.479812866383 0.022727272727272728 t_multiswap_k 100 1602.2655799388885 44.72304460812922 51.02436777655371 30.417642133089956 21.227819796043804 64.37045266054571 38.64240411266672 39.72037126444409
1.008492580401667 3343.1376652761405 0.022727272727272728 1.3341188563168314 5397.26238796896 0.022727272727272728 swap_t 100 1608.6953673362732 44.72304460812922 51.02436777655371 30.417642133089956 21.227819796043804 64.80674813394025 38.64240411266672 39.72037126444409
1.008492580401667 3343.1376652761405 0.022727272727272728 1.3039672836763865 5243.302706680212 0.022727272727272728 t_swap_k 100 1613.766075372696 44.72304460812922 51.02436777655371 31.273465711759055 21.227819796043804 64.80674813394025 38.64240411266672 39.72037126444409
1.008492580401667 3343.1376652761405 0.022727272727272728 1.3025554035945675 5307.301347435935 0.045454545454545456 t_move_k 100 1617.6686522960663 45.46581416204793 51.02436777655371 31.273465711759055 21.227819796043804 64.80674813394025 38.64240411266672 39.72037126444409
1.008492580401667 3343.1376652761405 0.022727272727272728 1.3191897536552135 5341.196722570624 0.022727272727272728 t_move_k 100 1622.555986881256 46.141156020427445 51.02436777655371 31.273465711759055 21.227819796043804 64.80674813394025 38.64240411266672 39.72037126444409
1.008492580401667 3343.1376652761405 0.022727272727272728 1.2842552427212675 5189.615042794199 0.045454545454545456 t_swap_k 100 1627.5086677074432 46.141156020427445 51.02436777655371 32.12073105464147 21.227819796043804 64.80674813394025 38.64240411266672 39.72037126444409
1.008492580401667 3343.1376652761405 0.022727272727272728 1.2649515424647655 4992.396802746156 0.022727272727272728 t_multiswap_k 100 1632.4788451194763 46.141156020427445 51.02436777655371 32.12073105464147 21.227819796043804 64.80674813394025 38.64240411266672 40.413167551799646
1.008492580401667 3343.1376652761405 0.022727272727272728 1.2403221322618903 4815.743656387236 0.0 swap_t 100 1637.403609752655 46.141156020427445 51.02436777655371 32.12073105464147 21.227819796043804 65.18868065260084 38.64240411266672 40.413167551799646
1.008492580401667 3343.1376652761405 0.022727272727272728 1.2082782094147295 4627.936884357123 0.022727272727272728 t_multiswap_k 100 1640.7448539733887 46.141156020427445 51.02436777655371 32.12073105464147 21.227819796043804 65.18868065260084 38.64240411266672 41.139035876281646
1.008492580401667 3343.1376652761405 0.022727272727272728 1.4023867419140568 5876.227325486825 0.022727272727272728 f_swap_t 100 1649.1252648830414 46.141156020427445 51.02436777655371 32.12073105464147 22.145541598083366 65.18868065260084 38.64240411266672 41.139035876281646
1.008492580401667 3343.1376652761405 0.022727272727272728 1.3395058779844171 5476.87202470268 0.022727272727272728 swap_t 100 1653.4552175998688 46.141156020427445 51.02436777655371 32.12073105464147 22.145541598083366 65.59679384607483 38.64240411266672 41.139035876281646
1.008492580401667 3343.1376652761405 0.022727272727272728 1.318156470519198 5334.551793339225 0.022727272727272728 swap_t 100 1658.7227778434753 46.141156020427445 51.02436777655371 32.12073105464147 22.145541598083366 65.94082590761408 38.64240411266672 41.139035876281646
1.008492580401667 3343.1376652761405 0.022727272727272728 1.2783742318740106 5078.7166294331755 0.022727272727272728 t_multiswap_k 100 1662.4276428222656 46.141156020427445 51.02436777655371 32.12073105464147 22.145541598083366 65.94082590761408 38.64240411266672 41.87764551751883
1.008492580401667 3343.1376652761405 0.022727272727272728 1.2627939739768486 5051.600004077307 0.045454545454545456 t_move_k 100 1666.3257524967194 46.81974446022317 51.02436777655371 32.12073105464147 22.145541598083366 65.94082590761408 38.64240411266672 41.87764551751883
1.008492580401667 3343.1376652761405 0.022727272727272728 1.2571141811775686 4944.791584788352 0.022727272727272728 move_t 100 1671.0083093643188 46.81974446022317 51.614124098788174 32.12073105464147 22.145541598083366 65.94082590761408 38.64240411266672 41.87764551751883
1.008492580401667 3343.1376652761405 0.022727272727272728 1.2561201704408362 4935.603228874954 0.022727272727272728 t_move_k 100 1675.4855241775513 47.46154701562094 51.614124098788174 32.12073105464147 22.145541598083366 65.94082590761408 38.64240411266672 41.87764551751883
1.008492580401667 3343.1376652761405 0.022727272727272728 1.2458427413695772 4942.588507485335 0.045454545454545456 t_move_k 100 1678.826560974121 48.08693154546473 51.614124098788174 32.12073105464147 22.145541598083366 65.94082590761408 38.64240411266672 41.87764551751883
1.008492580401667 3343.1376652761405 0.022727272727272728 1.2892409876802087 5221.677815584356 0.045454545454545456 t_move_k 100 1682.9885957241058 48.70606223001008 51.614124098788174 32.12073105464147 22.145541598083366 65.94082590761408 38.64240411266672 41.87764551751883
1.008492580401667 3343.1376652761405 0.022727272727272728 1.2815235318529887 5098.969428263758 0.022727272727272728 t_swap_r_k 100 1685.7354078292847 48.70606223001008 51.614124098788174 32.12073105464147 22.145541598083366 65.94082590761408 39.29598007154005 41.87764551751883
1.008492580401667 3343.1376652761405 0.022727272727272728 1.383956090251878 5757.701849056423 0.022727272727272728 f_swap_t 100 1694.9896521568298 48.70606223001008 51.614124098788174 32.12073105464147 22.99408618210253 65.94082590761408 39.29598007154005 41.87764551751883
1.008492580401667 3343.1376652761405 0.022727272727272728 1.292711184021878 5170.915978378224 0.022727272727272728 t_multiswap_k 100 1700.2143332958221 48.70606223001008 51.614124098788174 32.12073105464147 22.99408618210253 65.94082590761408 39.29598007154005 42.73886906234364
1.008492580401667 3343.1376652761405 0.022727272727272728 1.272985008079068 5044.059129004342 0.022727272727272728 t_move_k 100 1705.76287150383 49.37900160770998 51.614124098788174 32.12073105464147 22.99408618210253 65.94082590761408 39.29598007154005 42.73886906234364
1.008492580401667 3343.1376652761405 0.022727272727272728 1.2379473473468248 4891.814104316898 0.045454545454545456 move_t 100 1711.4985737800598 49.37900160770998 52.18798285780029 32.12073105464147 22.99408618210253 65.94082590761408 39.29598007154005 42.73886906234364
1.008492580401667 3343.1376652761405 0.022727272727272728 1.3320205546607022 5423.710180587955 0.022727272727272728 f_swap_t 100 1718.7087082862854 49.37900160770998 52.18798285780029 32.12073105464147 23.874145320281507 65.94082590761408 39.29598007154005 42.73886906234364
1.008492580401667 3343.1376652761405 0.022727272727272728 1.3054288130669773 5311.449398099825 0.022727272727272728 swap_t 100 1723.354728937149 49.37900160770998 52.18798285780029 32.12073105464147 23.874145320281507 66.34141764853794 39.29598007154005 42.73886906234364
1.008492580401667 3343.1376652761405 0.022727272727272728 1.3005165342646485 5294.189604935593 0.045454545454545456 t_swap_r_k 100 1726.6770277023315 49.37900160770998 52.18798285780029 32.12073105464147 23.874145320281507 66.34141764853794 39.94302027082465 42.73886906234364
1.008492580401667 3343.1376652761405 0.022727272727272728 1.2938949942878109 5178.52893088499 0.022727272727272728 t_swap_k 100 1733.4612972736359 49.37900160770998 52.18798285780029 33.10952374409505 23.874145320281507 66.34141764853794 39.94302027082465 42.73886906234364
1.008492580401667 3343.1376652761405 0.022727272727272728 1.2569339198046894 4940.836360769229 0.022727272727272728 t_move_k 100 1739.247699022293 50.16521159163288 52.18798285780029 33.10952374409505 23.874145320281507 66.34141764853794 39.94302027082465 42.73886906234364
1.008492580401667 3343.1376652761405 0.022727272727272728 1.2862189995966182 5129.165460481073 0.022727272727272728 t_swap_k 100 1745.553193807602 50.16521159163288 52.18798285780029 33.8984285066541 23.874145320281507 66.34141764853794 39.94302027082465 42.73886906234364
1.008492580401667 3343.1376652761405 0.022727272727272728 1.2738854873562087 5049.850011350505 0.022727272727272728 move_t 100 1751.389477968216 50.16521159163288 52.72610302922229 33.8984285066541 23.874145320281507 66.34141764853794 39.94302027082465 42.73886906234364
1.008492580401667 3343.1376652761405 0.022727272727272728 1.3061574037741621 5257.387126091238 0.022727272727272728 move_t 100 1757.4494278430939 50.16521159163288 53.258841998930066 33.8984285066541 23.874145320281507 66.34141764853794 39.94302027082465 42.73886906234364
1.008492580401667 3343.1376652761405 0.022727272727272728 1.3240078001997044 5372.181045459299 0.022727272727272728 t_swap_k 100 1762.9895505905151 50.16521159163288 53.258841998930066 34.75944422158756 23.874145320281507 66.34141764853794 39.94302027082465 42.73886906234364
1.008492580401667 3343.1376652761405 0.022727272727272728 1.3059738273647938 5256.206566565695 0.022727272727272728 move_t 100 1767.564561367035 50.16521159163288 53.77625357894077 34.75944422158756 23.874145320281507 66.34141764853794 39.94302027082465 42.73886906234364
1.008492580401667 3343.1376652761405 0.022727272727272728 1.2911648432271834 5234.049917204419 0.045454545454545456 move_t 100 1772.1662845611572 50.16521159163288 54.26849104315136 34.75944422158756 23.874145320281507 66.34141764853794 39.94302027082465 42.73886906234364
1.008492580401667 3343.1376652761405 0.022727272727272728 1.2900159506031184 5226.661516179288 0.045454545454545456 t_swap_k 100 1776.5816192626953 50.16521159163288 54.26849104315136 35.44184977937168 23.874145320281507 66.34141764853794 39.94302027082465 42.73886906234364
1.008492580401667 3343.1376652761405 0.022727272727272728 1.2471973574408228 4951.299893179535 0.045454545454545456 t_multiswap_k 100 1778.9225940704346 50.16521159163288 54.26849104315136 35.44184977937168 23.874145320281507 66.34141764853794 39.94302027082465 43.4914803717202
1.008492580401667 3343.1376652761405 0.022727272727272728 1.218290535622984 4765.403328541023 0.045454545454545456 swap_t 100 1783.6191847324371 50.16521159163288 54.26849104315136 35.44184977937168 23.874145320281507 66.70800347205257 39.94302027082465 43.4914803717202
1.008492580401667 3343.1376652761405 0.022727272727272728 1.2133609357742459 4733.701618726717 0.045454545454545456 t_multiswap_k 100 1788.1579284667969 50.16521159163288 54.26849104315136 35.44184977937168 23.874145320281507 66.70800347205257 39.94302027082465 44.056565568003
1.008492580401667 3343.1376652761405 0.022727272727272728 1.2080122204418813 4699.304623727347 0.045454545454545456 move_t 100 1792.955031633377 50.16521159163288 54.78580613271984 35.44184977937168 23.874145320281507 66.70800347205257 39.94302027082465 44.056565568003
1.008492580401667 3343.1376652761405 0.022727272727272728 1.2145007789009354 4667.953538488095 0.022727272727272728 t_swap_r_k 100 1795.673529624939 50.16521159163288 54.78580613271984 35.44184977937168 23.874145320281507 66.70800347205257 40.6135900681164 44.056565568003
1.008492580401667 3343.1376652761405 0.022727272727272728 1.2318703211847744 4779.65513820932 0.022727272727272728 t_move_k 100 1800.496277332306 50.84355947571655 54.78580613271984 35.44184977937168 23.874145320281507 66.70800347205257 40.6135900681164 44.056565568003
1.008492580401667 3343.1376652761405 0.022727272727272728 1.1922757831565955 4598.105341100618 0.045454545454545456 t_multiswap_k 100 1804.176251411438 50.84355947571655 54.78580613271984 35.44184977937168 23.874145320281507 66.70800347205257 40.6135900681164 44.64599991232297
1.008492580401667 3343.1376652761405 0.022727272727272728 1.203639419520232 4598.105341100618 0.022727272727272728 t_swap_r_k 100 1807.3701527118683 50.84355947571655 54.78580613271984 35.44184977937168 23.874145320281507 66.70800347205257 41.24745416743524 44.64599991232297
1.008492580401667 3343.1376652761405 0.022727272727272728 1.1883490044029386 4499.774377561502 0.022727272727272728 t_swap_k 100 1813.1758251190186 50.84355947571655 54.78580613271984 36.15743128157796 23.874145320281507 66.70800347205257 41.24745416743524 44.64599991232297
1.008492580401667 3343.1376652761405 0.022727272727272728 1.1837761710315302 4470.366993388797 0.022727272727272728 t_swap_k 100 1818.5669076442719 50.84355947571655 54.78580613271984 36.82585696876218 23.874145320281507 66.70800347205257 41.24745416743524 44.64599991232297
1.008492580401667 3343.1376652761405 0.022727272727272728 1.2228154954844872 4605.1797297557505 0.022727272727272728 swap_t 100 1823.9942693710327 50.84355947571655 54.78580613271984 36.82585696876218 23.874145320281507 67.05092343733205 41.24745416743524 44.64599991232297
1.008492580401667 3343.1376652761405 0.022727272727272728 1.2160425150123237 4604.78998745433 0.0 t_swap_r_k 100 1827.2960875034332 50.84355947571655 54.78580613271984 36.82585696876218 23.874145320281507 67.05092343733205 41.874979625760886 44.64599991232297
1.008492580401667 3343.1376652761405 0.022727272727272728 1.2088732026228612 4631.763219679349 0.022727272727272728 f_swap_t 100 1833.3277015686035 50.84355947571655 54.78580613271984 36.82585696876218 24.695403867078692 67.05092343733205 41.874979625760886 44.64599991232297
1.008492580401667 3343.1376652761405 0.022727272727272728 1.287429868886433 5136.952426568916 0.022727272727272728 t_swap_k 100 1839.1370317935944 50.84355947571655 54.78580613271984 37.57759839907456 24.695403867078692 67.05092343733205 41.874979625760886 44.64599991232297
1.008492580401667 3343.1376652761405 0.022727272727272728 1.2425640551420072 4848.4253550922085 0.022727272727272728 t_multiswap_k 100 1843.7569937705994 50.84355947571655 54.78580613271984 37.57759839907456 24.695403867078692 67.05092343733205 41.874979625760886 45.39953991319974
1.008492580401667 3343.1376652761405 0.022727272727272728 1.2234534975122577 4725.527478802524 0.022727272727272728 t_swap_r_k 100 1846.8617987632751 50.84355947571655 54.78580613271984 37.57759839907456 24.695403867078692 67.05092343733205 42.49622982950328 45.39953991319974
1.008492580401667 3343.1376652761405 0.022727272727272728 1.2256874551286372 4739.893812433042 0.022727272727272728 t_multiswap_k 100 1850.5719981193542 50.84355947571655 54.78580613271984 37.57759839907456 24.695403867078692 67.05092343733205 42.49622982950328 46.05554451406774
1.008492580401667 3343.1376652761405 0.022727272727272728 1.2208161708352576 4708.567123486628 0.022727272727272728 move_t 100 1856.3853142261505 50.84355947571655 55.237948071392644 37.57759839907456 24.695403867078692 67.05092343733205 42.49622982950328 46.05554451406774
1.008492580401667 3343.1376652761405 0.022727272727272728 1.2612429753916403 4942.285336239174 0.022727272727272728 move_t 100 1861.6396553516388 50.84355947571655 55.75556859067872 37.57759839907456 24.695403867078692 67.05092343733205 42.49622982950328 46.05554451406774
1.008492580401667 3343.1376652761405 0.022727272727272728 1.2421122483182283 4845.51983552489 0.022727272727272728 move_t 100 1866.6029644012451 50.84355947571655 56.198012904771936 37.57759839907456 24.695403867078692 67.05092343733205 42.49622982950328 46.05554451406774
1.008492580401667 3343.1376652761405 0.022727272727272728 1.345579615668576 5527.630543668791 0.022727272727272728 swap_t 100 1872.8059175014496 50.84355947571655 56.198012904771936 37.57759839907456 24.695403867078692 67.53041420295872 42.49622982950328 46.05554451406774
1.008492580401667 3343.1376652761405 0.022727272727272728 1.2937339388514104 5177.493201238476 0.022727272727272728 swap_t 100 1877.80659532547 50.84355947571655 56.198012904771936 37.57759839907456 24.695403867078692 67.88511006092914 42.49622982950328 46.05554451406774
1.008492580401667 3343.1376652761405 0.022727272727272728 1.3479628062028601 5526.2330318708055 0.022727272727272728 t_move_k 100 1881.911866903305 51.555123880959385 56.198012904771936 37.57759839907456 24.695403867078692 67.88511006092914 42.49622982950328 46.05554451406774
1.008492580401667 3343.1376652761405 0.022727272727272728 1.2977173381570457 5203.110000316819 0.022727272727272728 f_swap_t 100 1889.0292687416077 51.555123880959385 56.198012904771936 37.57759839907456 25.508449828407905 67.88511006092914 42.49622982950328 46.05554451406774
1.008492580401667 3343.1376652761405 0.022727272727272728 1.2877181841767793 5211.884835169875 0.045454545454545456 t_swap_k 100 1896.1936929225922 51.555123880959385 56.198012904771936 38.51182241508381 25.508449828407905 67.88511006092914 42.49622982950328 46.05554451406774
1.008492580401667 3343.1376652761405 0.022727272727272728 1.316530168253311 5324.093223863918 0.022727272727272728 t_multiswap_k 100 1901.4283499717712 51.555123880959385 56.198012904771936 38.51182241508381 25.508449828407905 67.88511006092914 42.49622982950328 46.71498906892706
1.008492580401667 3343.1376652761405 0.022727272727272728 1.3055438351621313 5253.441334407002 0.022727272727272728 t_multiswap_k 100 1904.3238668441772 51.555123880959385 56.198012904771936 38.51182241508381 25.508449828407905 67.88511006092914 42.49622982950328 47.44783917823779
1.008492580401667 3343.1376652761405 0.022727272727272728 1.2757655943737283 5061.940771030422 0.022727272727272728 move_t 100 1909.7338569164276 51.555123880959385 56.63603277572422 38.51182241508381 25.508449828407905 67.88511006092914 42.49622982950328 47.44783917823779
1.008492580401667 3343.1376652761405 0.022727272727272728 1.249743271627728 4894.594099961561 0.022727272727272728 t_multiswap_k 100 1914.7223446369171 51.555123880959385 56.63603277572422 38.51182241508381 25.508449828407905 67.88511006092914 42.49622982950328 48.25336078645542
1.008492580401667 3343.1376652761405 0.022727272727272728 1.221558474054543 4713.340793150311 0.022727272727272728 swap_t 100 1920.5301814079285 51.555123880959385 56.63603277572422 38.51182241508381 25.508449828407905 68.20625896031984 42.49622982950328 48.25336078645542
1.008492580401667 3343.1376652761405 0.022727272727272728 1.235524277157333 4803.153323755952 0.022727272727272728 move_t 100 1926.7110097408295 51.555123880959385 57.10967244796697 38.51182241508381 25.508449828407905 68.20625896031984 42.49622982950328 48.25336078645542
1.008492580401667 3343.1376652761405 0.022727272727272728 1.2427860707482967 4849.853112829308 0.022727272727272728 t_swap_k 100 1933.3331282138824 51.555123880959385 57.10967244796697 39.25670419093297 25.508449828407905 68.20625896031984 42.49622982950328 48.25336078645542
1.008492580401667 3343.1376652761405 0.022727272727272728 1.2299693488599401 4767.430196052535 0.022727272727272728 t_move_k 100 1939.5312333106995 52.12957264214979 57.10967244796697 39.25670419093297 25.508449828407905 68.20625896031984 42.49622982950328 48.25336078645542
1.008492580401667 3343.1376652761405 0.022727272727272728 1.2457273179419908 4868.767947275859 0.022727272727272728 t_move_k 100 1945.410649061203 52.86827691572829 57.10967244796697 39.25670419093297 25.508449828407905 68.20625896031984 42.49622982950328 48.25336078645542
1.008492580401667 3343.1376652761405 0.022727272727272728 1.2196962450952453 4701.365005279707 0.022727272727272728 move_t 100 1951.3550267219543 52.86827691572829 57.6585757234873 39.25670419093297 25.508449828407905 68.20625896031984 42.49622982950328 48.25336078645542
1.008492580401667 3343.1376652761405 0.022727272727272728 1.2077956245258246 4624.833434467017 0.022727272727272728 t_swap_r_k 100 1954.7273337841034 52.86827691572829 57.6585757234873 39.25670419093297 25.508449828407905 68.20625896031984 43.14126753120824 48.25336078645542
1.008492580401667 3343.1376652761405 0.022727272727272728 1.2741790029773106 5051.737577751767 0.022727272727272728 f_swap_t 100 1962.5223672389984 52.86827691572829 57.6585757234873 39.25670419093297 26.413365330123824 68.20625896031984 43.14126753120824 48.25336078645542
1.008492580401667 3343.1376652761405 0.022727272727272728 1.2421159264144055 4845.543488953414 0.022727272727272728 t_multiswap_k 100 1966.777348279953 52.86827691572829 57.6585757234873 39.25670419093297 26.413365330123824 68.20625896031984 43.14126753120824 48.96082717859086
1.008492580401667 3343.1376652761405 0.022727272727272728 1.2183097097559243 4692.4483503131405 0.022727272727272728 t_multiswap_k 100 1970.9314713478088 52.86827691572829 57.6585757234873 39.25670419093297 26.413365330123824 68.20625896031984 43.14126753120824 49.60121890680495
1.008492580401667 3343.1376652761405 0.022727272727272728 1.2394002903398331 4828.079534588155 0.022727272727272728 t_swap_k 100 1976.0920858383179 52.86827691572829 57.6585757234873 40.03413714902364 26.413365330123824 68.20625896031984 43.14126753120824 49.60121890680495
1.008492580401667 3343.1376652761405 0.022727272727272728 1.2278480187849934 4753.7881576478285 0.022727272727272728 t_swap_r_k 100 1979.884701013565 52.86827691572829 57.6585757234873 40.03413714902364 26.413365330123824 68.20625896031984 43.74985485589616 49.60121890680495
1.008492580401667 3343.1376652761405 0.022727272727272728 1.2278480187849934 4753.7881576478285 0.022727272727272728 t_swap_r_k 100 1983.158010005951 52.86827691572829 57.6585757234873 40.03413714902364 26.413365330123824 68.20625896031984 44.352356307337196 49.60121890680495
1.008492580401667 3343.1376652761405 0.022727272727272728 1.2250516845767023 4735.805242536017 0.022727272727272728 t_multiswap_k 100 1987.8152251243591 52.86827691572829 57.6585757234873 40.03413714902364 26.413365330123824 68.20625896031984 44.352356307337196 50.2652067177369
1.008492580401667 3343.1376652761405 0.022727272727272728 1.2250664844871277 4735.900419118292 0.022727272727272728 move_t 100 1993.4543242454529 52.86827691572829 58.131989966252426 40.03413714902364 26.413365330123824 68.20625896031984 44.352356307337196 50.2652067177369
1.008492580401667 3343.1376652761405 0.022727272727272728 1.2779079166392502 5048.347627572901 0.022727272727272728 swap_t 100 2000.1647956371307 52.86827691572829 58.131989966252426 40.03413714902364 26.413365330123824 68.64419637071664 44.352356307337196 50.2652067177369
1.008492580401667 3343.1376652761405 0.022727272727272728 1.247983285905656 4883.275827008287 0.022727272727272728 swap_t 100 2006.4598677158356 52.86827691572829 58.131989966252426 40.03413714902364 26.413365330123824 69.01775440700948 44.352356307337196 50.2652067177369
1.008492580401667 3343.1376652761405 0.022727272727272728 1.2287057131604389 4759.303895037081 0.022727272727272728 move_t 100 2011.2250320911407 52.86827691572829 58.5506700665899 40.03413714902364 26.413365330123824 69.01775440700948 44.352356307337196 50.2652067177369
1.008492580401667 3343.1376652761405 0.022727272727272728 1.2490515503580308 4890.14571720491 0.022727272727272728 swap_t 100 2016.9847390651703 52.86827691572829 58.5506700665899 40.03413714902364 26.413365330123824 69.39757686293939 44.352356307337196 50.2652067177369
1.008492580401667 3343.1376652761405 0.022727272727272728 1.3028976327981732 5236.423900532809 0.022727272727272728 t_swap_k 100 2022.0390419960022 52.86827691572829 58.5506700665899 40.793795777533404 26.413365330123824 69.39757686293939 44.352356307337196 50.2652067177369
1.008492580401667 3343.1376652761405 0.022727272727272728 1.2740031133702416 5050.606451199156 0.022727272727272728 f_swap_t 100 2029.9936077594757 52.86827691572829 58.5506700665899 40.793795777533404 27.149231676822584 69.39757686293939 44.352356307337196 50.2652067177369
1.008492580401667 3343.1376652761405 0.022727272727272728 1.2717780070140625 5036.297039041167 0.022727272727272728 t_swap_r_k 100 2032.959344625473 52.86827691572829 58.5506700665899 40.793795777533404 27.149231676822584 69.39757686293939 44.948832744263825 50.2652067177369
1.008492580401667 3343.1376652761405 0.022727272727272728 1.2717780070140625 5036.297039041167 0.022727272727272728 move_t 100 2037.332769870758 52.86827691572829 58.965163365924006 40.793795777533404 27.149231676822584 69.39757686293939 44.948832744263825 50.2652067177369
1.008492580401667 3343.1376652761405 0.022727272727272728 1.2935752567112362 5176.4727339967385 0.022727272727272728 t_swap_k 100 2042.8628425598145 52.86827691572829 58.965163365924006 41.61585781975807 27.149231676822584 69.39757686293939 44.948832744263825 50.2652067177369
1.008492580401667 3343.1376652761405 0.022727272727272728 1.320094885685522 5347.017526256306 0.022727272727272728 t_move_k 100 2048.064187526703 53.499594146571006 58.965163365924006 41.61585781975807 27.149231676822584 69.39757686293939 44.948832744263825 50.2652067177369
1.008492580401667 3343.1376652761405 0.022727272727272728 1.2995521513778427 5214.9094806142 0.022727272727272728 t_swap_k 100 2053.403228521347 53.499594146571006 58.965163365924006 42.47969924156049 27.149231676822584 69.39757686293939 44.948832744263825 50.2652067177369
1.008492580401667 3343.1376652761405 0.022727272727272728 1.27156328803225 5034.916205086706 0.022727272727272728 move_t 100 2058.2942678928375 53.499594146571006 59.37551173226477 42.47969924156049 27.149231676822584 69.39757686293939 44.948832744263825 50.2652067177369
1.008492580401667 3343.1376652761405 0.022727272727272728 1.2687010826718654 5016.5096799025005 0.022727272727272728 t_swap_r_k 100 2061.1405572891235 53.499594146571006 59.37551173226477 42.47969924156049 27.149231676822584 69.39757686293939 45.53934441682119 50.2652067177369
1.008492580401667 3343.1376652761405 0.022727272727272728 1.2917864926744618 5164.969390893829 0.022727272727272728 t_swap_k 100 2066.4871468544006 53.499594146571006 59.37551173226477 43.244902249144886 27.149231676822584 69.39757686293939 45.53934441682119 50.2652067177369
1.008492580401667 3343.1376652761405 0.022727272727272728 1.3179327340164875 5260.034683758188 0.0 t_multiswap_k 100 2069.9655780792236 53.499594146571006 59.37551173226477 43.244902249144886 27.149231676822584 69.39757686293939 45.53934441682119 50.97255465055953
1.008492580401667 3343.1376652761405 0.022727272727272728 1.2434497350199725 4854.121064143889 0.022727272727272728 t_multiswap_k 100 2073.551746368408 53.499594146571006 59.37551173226477 43.244902249144886 27.149231676822584 69.39757686293939 45.53934441682119 51.52282910405393
1.008492580401667 3343.1376652761405 0.022727272727272728 1.2274681024210157 4751.344957653085 0.022727272727272728 t_multiswap_k 100 2077.508136987686 53.499594146571006 59.37551173226477 43.244902249144886 27.149231676822584 69.39757686293939 45.53934441682119 52.03760081301339
1.008492580401667 3343.1376652761405 0.022727272727272728 1.2141085901918445 4665.43141640323 0.022727272727272728 t_move_k 100 2080.9973781108856 53.9945982051053 59.37551173226477 43.244902249144886 27.149231676822584 69.39757686293939 45.53934441682119 52.03760081301339
1.008492580401667 3343.1376652761405 0.022727272727272728 1.2411509951512596 4839.338123034549 0.022727272727272728 t_swap_k 100 2086.73593044281 53.9945982051053 59.37551173226477 43.91245322665344 27.149231676822584 69.39757686293939 45.53934441682119 52.03760081301339
1.008492580401667 3343.1376652761405 0.022727272727272728 1.3036058231712375 5038.395859036775 0.022727272727272728 swap_t 100 2091.390019416809 53.9945982051053 59.37551173226477 43.91245322665344 27.149231676822584 69.72360109431 45.53934441682119 52.03760081301339
1.008492580401667 3343.1376652761405 0.022727272727272728 1.3263760640089417 5380.038885239467 0.022727272727272728 swap_t 100 2096.5077979564667 53.9945982051053 59.37551173226477 43.91245322665344 27.149231676822584 70.1963650833669 45.53934441682119 52.03760081301339
1.008492580401667 3343.1376652761405 0.022727272727272728 1.3090856327598341 5276.2182418860375 0.022727272727272728 swap_t 100 2101.998821735382 53.9945982051053 59.37551173226477 43.91245322665344 27.149231676822584 70.52440143253322 45.53934441682119 52.03760081301339
1.008492580401667 3343.1376652761405 0.022727272727272728 1.3260027891220805 5305.911494801481 0.022727272727272728 move_t 100 2106.9492144584656 53.9945982051053 59.821756614942124 43.91245322665344 27.149231676822584 70.52440143253322 45.53934441682119 52.03760081301339
1.008492580401667 3343.1376652761405 0.022727272727272728 1.3151670974795557 5388.405751865654 0.045454545454545456 move_t 100 2112.8210315704346 53.9945982051053 60.2935390487927 43.91245322665344 27.149231676822584 70.52440143253322 45.53934441682119 52.03760081301339
1.008492580401667 3343.1376652761405 0.022727272727272728 1.3021933109854507 5231.89448508167 0.022727272727272728 t_swap_r_k 100 2115.4176230430603 53.9945982051053 60.2935390487927 43.91245322665344 27.149231676822584 70.52440143253322 46.12395097265298 52.03760081301339
1.008492580401667 3343.1376652761405 0.022727272727272728 1.297362831259584 5200.8302057827095 0.022727272727272728 t_swap_r_k 100 2117.9707255363464 53.9945982051053 60.2935390487927 43.91245322665344 27.149231676822584 70.52440143253322 46.702711462926445 52.03760081301339
1.008492580401667 3343.1376652761405 0.022727272727272728 1.297362831259584 5200.8302057827095 0.022727272727272728 swap_t 100 2124.485714197159 53.9945982051053 60.2935390487927 43.91245322665344 27.149231676822584 70.8191574182079 46.702711462926445 52.03760081301339
1.008492580401667 3343.1376652761405 0.022727272727272728 1.3170019563264033 5327.127240629162 0.022727272727272728 t_swap_k 100 2130.2265605926514 53.9945982051053 60.2935390487927 44.6033286943869 27.149231676822584 70.8191574182079 46.702711462926445 52.03760081301339
1.008492580401667 3343.1376652761405 0.022727272727272728 1.2945910285703262 5183.005050148656 0.022727272727272728 f_swap_t 100 2137.725639820099 53.9945982051053 60.2935390487927 44.6033286943869 27.96773936005436 70.8191574182079 46.702711462926445 52.03760081301339
1.008492580401667 3343.1376652761405 0.022727272727272728 1.2735236401524257 5047.523012120663 0.022727272727272728 t_swap_r_k 100 2140.097660779953 53.9945982051053 60.2935390487927 44.6033286943869 27.96773936005436 70.8191574182079 47.27568434829718 52.03760081301339
1.008492580401667 3343.1376652761405 0.022727272727272728 1.2672937540438127 5007.459305602584 0.022727272727272728 t_multiswap_k 100 2144.2553918361664 53.9945982051053 60.2935390487927 44.6033286943869 27.96773936005436 70.8191574182079 47.27568434829718 52.57722480488326
1.008492580401667 3343.1376652761405 0.022727272727272728 1.2608977783130593 4966.32749514791 0.022727272727272728 t_swap_k 100 2149.5816383361816 53.9945982051053 60.2935390487927 45.377295407443036 27.96773936005436 70.8191574182079 47.27568434829718 52.57722480488326
1.008492580401667 3343.1376652761405 0.022727272727272728 1.238919267522335 4824.986130205995 0.022727272727272728 move_t 100 2154.1522357463837 53.9945982051053 60.720603658304775 45.377295407443036 27.96773936005436 70.8191574182079 47.27568434829718 52.57722480488326
1.008492580401667 3343.1376652761405 0.022727272727272728 1.2390823939476445 4826.035178152458 0.022727272727272728 t_move_k 100 2158.6400258541107 54.464652223054244 60.720603658304775 45.377295407443036 27.96773936005436 70.8191574182079 47.27568434829718 52.57722480488326
1.008492580401667 3343.1376652761405 0.022727272727272728 1.2371086892867242 4813.342502410094 0.022727272727272728 move_t 100 2163.7486214637756 54.464652223054244 61.113397621721724 45.377295407443036 27.96773936005436 70.8191574182079 47.27568434829718 52.57722480488326
1.008492580401667 3343.1376652761405 0.022727272727272728 1.226423004614035 4744.624049583244 0.022727272727272728 t_move_k 100 2168.3125364780426 54.9800057008237 61.113397621721724 45.377295407443036 27.96773936005436 70.8191574182079 47.27568434829718 52.57722480488326
1.008492580401667 3343.1376652761405 0.022727272727272728 1.2335690274118267 4856.509712438053 0.022727272727272728 move_t 100 2173.0779287815094 54.9800057008237 61.582263645504504 45.377295407443036 27.96773936005436 70.8191574182079 47.27568434829718 52.57722480488326
1.008492580401667 3343.1376652761405 0.022727272727272728 1.254202901827398 4911.748811909422 0.022727272727272728 swap_t 100 2178.5090062618256 54.9800057008237 61.582263645504504 45.377295407443036 27.96773936005436 71.18096584402582 47.27568434829718 52.57722480488326
1.008492580401667 3343.1376652761405 0.022727272727272728 1.2466826320700286 4874.911466465618 0.022727272727272728 t_move_k 100 2182.670702457428 55.57020564381546 61.582263645504504 45.377295407443036 27.96773936005436 71.18096584402582 47.27568434829718 52.57722480488326
1.008492580401667 3343.1376652761405 0.022727272727272728 1.2334687614610385 4789.934530319938 0.022727272727272728 t_swap_k 100 2187.8166370391846 55.57020564381546 61.582263645504504 45.993522453368605 27.96773936005436 71.18096584402582 47.27568434829718 52.57722480488326
1.008492580401667 3343.1376652761405 0.022727272727272728 1.251678434468674 4980.117202484842 0.045454545454545456 t_swap_k 100 2192.9162690639496 55.57020564381546 61.582263645504504 46.613587228834916 27.96773936005436 71.18096584402582 47.27568434829718 52.57722480488326
1.008492580401667 3343.1376652761405 0.022727272727272728 1.268922943435975 5091.014726816658 0.045454545454545456 f_swap_t 100 2198.9049003124237 55.57020564381546 61.582263645504504 46.613587228834916 28.698061966453817 71.18096584402582 47.27568434829718 52.57722480488326
1.008492580401667 3343.1376652761405 0.022727272727272728 1.3576825377809922 5588.7395474943305 0.022727272727272728 f_swap_t 100 2205.5256736278534 55.57020564381546 61.582263645504504 46.613587228834916 29.59108134678928 71.18096584402582 47.27568434829718 52.57722480488326
1.008492580401667 3343.1376652761405 0.022727272727272728 1.2995836596649226 5215.112106913373 0.022727272727272728 t_move_k 100 2210.4033811092377 56.194503587377305 61.582263645504504 46.613587228834916 29.59108134678928 71.18096584402582 47.27568434829718 52.57722480488326
1.008492580401667 3343.1376652761405 0.022727272727272728 1.2808791703316356 5094.825610795353 0.022727272727272728 swap_t 100 2215.2061455249786 56.194503587377305 61.582263645504504 46.613587228834916 29.59108134678928 71.46915618558556 47.27568434829718 52.57722480488326
1.008492580401667 3343.1376652761405 0.022727272727272728 1.284365700384254 5190.325383772413 0.045454545454545456 t_swap_k 100 2219.799669265747 56.194503587377305 61.582263645504504 47.18745135654657 29.59108134678928 71.46915618558556 47.27568434829718 52.57722480488326
1.008492580401667 3343.1376652761405 0.022727272727272728 1.2633173332927616 4981.887384834679 0.022727272727272728 f_swap_t 100 2227.731624364853 56.194503587377305 61.582263645504504 47.18745135654657 30.38517053332139 71.46915618558556 47.27568434829718 52.57722480488326
1.008492580401667 3343.1376652761405 0.022727272727272728 1.240715194610746 4909.613823049365 0.045454545454545456 move_t 100 2232.5918509960175 56.194503587377305 61.96644100904946 47.18745135654657 30.38517053332139 71.46915618558556 47.27568434829718 52.57722480488326
1.008492580401667 3343.1376652761405 0.022727272727272728 1.3250507632956028 5446.287774509834 0.022727272727272728 swap_t 100 2238.3359005451202 56.194503587377305 61.96644100904946 47.18745135654657 30.38517053332139 71.85446462372971 47.27568434829718 52.57722480488326
1.008492580401667 3343.1376652761405 0.022727272727272728 1.2814374648139677 5171.494225632691 0.045454545454545456 f_swap_t 100 2244.2752397060394 56.194503587377305 61.96644100904946 47.18745135654657 31.201318827988175 71.85446462372971 47.27568434829718 52.57722480488326
1.008492580401667 3343.1376652761405 0.022727272727272728 1.2735974520484445 5139.011948890798 0.045454545454545456 swap_t 100 2249.8848428726196 56.194503587377305 61.96644100904946 47.18745135654657 31.201318827988175 72.16591997749241 47.27568434829718 52.57722480488326
1.008492580401667 3343.1376652761405 0.022727272727272728 1.2645082786892652 5062.624507524627 0.045454545454545456 move_t 100 2253.5417609214783 56.194503587377305 62.40677659895897 47.18745135654657 31.201318827988175 72.16591997749241 47.27568434829718 52.57722480488326
1.008492580401667 3343.1376652761405 0.022727272727272728 1.2866333685880527 5204.908506451297 0.045454545454545456 move_t 100 2257.440760612488 56.194503587377305 63.00270883296938 47.18745135654657 31.201318827988175 72.16591997749241 47.27568434829718 52.57722480488326
1.008492580401667 3343.1376652761405 0.022727272727272728 1.2548408868488594 5000.454582948666 0.045454545454545456 t_swap_r_k 100 2260.598375558853 56.194503587377305 63.00270883296938 47.18745135654657 31.201318827988175 72.16591997749241 47.84292750481421 52.57722480488326
1.008492580401667 3343.1376652761405 0.022727272727272728 1.2425322505416863 4921.299108185393 0.045454545454545456 t_move_k 100 2263.5817472934723 56.69255855150353 63.00270883296938 47.18745135654657 31.201318827988175 72.16591997749241 47.84292750481421 52.57722480488326
1.008492580401667 3343.1376652761405 0.022727272727272728 1.2732333915951968 5118.734740794716 0.045454545454545456 t_swap_k 100 2268.5798547267914 56.69255855150353 63.00270883296938 47.8655768429811 31.201318827988175 72.16591997749241 47.84292750481421 52.57722480488326
1.008492580401667 3343.1376652761405 0.022727272727272728 1.267206273589671 5006.896728505715 0.022727272727272728 t_move_k 100 2272.6330642700195 57.295632965988496 63.00270883296938 47.8655768429811 31.201318827988175 72.16591997749241 47.84292750481421 52.57722480488326
1.008492580401667 3343.1376652761405 0.022727272727272728 1.2548761050773325 4927.602782519472 0.022727272727272728 t_move_k 100 2276.6592009067535 57.79267663632861 63.00270883296938 47.8655768429811 31.201318827988175 72.16591997749241 47.84292750481421 52.57722480488326
1.008492580401667 3343.1376652761405 0.022727272727272728 1.2515771719919297 4906.387709779437 0.022727272727272728 t_swap_k 100 2280.7964251041412 57.79267663632861 63.00270883296938 48.38692107455129 31.201318827988175 72.16591997749241 47.84292750481421 52.57722480488326
1.008492580401667 3343.1376652761405 0.022727272727272728 1.2479886785233187 4956.388791284245 0.045454545454545456 move_t 100 2285.9152505397797 57.79267663632861 63.402681744639686 48.38692107455129 31.201318827988175 72.16591997749241 47.84292750481421 52.57722480488326
1.008492580401667 3343.1376652761405 0.022727272727272728 1.2479886785233187 4956.388791284245 0.045454545454545456 t_swap_r_k 100 2289.9239728450775 57.79267663632861 63.402681744639686 48.38692107455129 31.201318827988175 72.16591997749241 48.40449822976607 52.57722480488326
1.008492580401667 3343.1376652761405 0.022727272727272728 1.2632305871665512 4981.329530119283 0.022727272727272728 move_t 100 2294.2149696350098 57.79267663632861 63.80865492719329 48.38692107455129 31.201318827988175 72.16591997749241 48.40449822976607 52.57722480488326
1.008492580401667 3343.1376652761405 0.022727272727272728 1.2610958401579309 4967.601208902386 0.022727272727272728 t_multiswap_k 100 2297.8443994522095 57.79267663632861 63.80865492719329 48.38692107455129 31.201318827988175 72.16591997749241 48.40449822976607 53.18145255683442
1.008492580401667 3343.1376652761405 0.022727272727272728 1.2359681388420722 4806.007749015418 0.022727272727272728 swap_t 100 2302.870599269867 57.79267663632861 63.80865492719329 48.38692107455129 31.201318827988175 72.44426077771749 48.40449822976607 53.18145255683442
1.008492580401667 3343.1376652761405 0.022727272727272728 1.2430647921513676 4851.645539255451 0.022727272727272728 f_swap_t 100 2311.4783947467804 57.79267663632861 63.80865492719329 48.38692107455129 31.959305639708294 72.44426077771749 48.40449822976607 53.18145255683442
1.008492580401667 3343.1376652761405 0.022727272727272728 1.236489182436817 4809.358522576769 0.022727272727272728 t_swap_r_k 100 2314.482479095459 57.79267663632861 63.80865492719329 48.38692107455129 31.959305639708294 72.44426077771749 48.96045324746841 53.18145255683442
1.008492580401667 3343.1376652761405 0.022727272727272728 1.278956182564239 5082.459089769501 0.022727272727272728 t_swap_k 100 2319.2875576019287 57.79267663632861 63.80865492719329 49.14305186380577 31.959305639708294 72.44426077771749 48.96045324746841 53.18145255683442
1.008492580401667 3343.1376652761405 0.022727272727272728 1.238374999207775 4821.486001047698 0.022727272727272728 t_multiswap_k 100 2322.6658022403717 57.79267663632861 63.80865492719329 49.14305186380577 31.959305639708294 72.44426077771749 48.96045324746841 54.06963803126608
1.008492580401667 3343.1376652761405 0.022727272727272728 1.2206694890436287 4707.623829155253 0.022727272727272728 t_swap_r_k 100 2326.9266266822815 57.79267663632861 63.80865492719329 49.14305186380577 31.959305639708294 72.44426077771749 49.51084871499372 54.06963803126608
1.008492580401667 3343.1376652761405 0.022727272727272728 1.2490944176628669 4890.42139208728 0.022727272727272728 t_swap_k 100 2333.3675525188446 57.79267663632861 63.80865492719329 49.79162134516771 31.959305639708294 72.44426077771749 49.51084871499372 54.06963803126608
1.008492580401667 3343.1376652761405 0.022727272727272728 1.2315162899166445 4777.378402394685 0.022727272727272728 t_swap_k 100 2339.0570166110992 57.79267663632861 63.80865492719329 50.32370513171603 31.959305639708294 72.44426077771749 49.51084871499372 54.06963803126608
1.008492580401667 3343.1376652761405 0.022727272727272728 1.2489208477698575 4889.305183358474 0.022727272727272728 move_t 100 2344.746690750122 57.79267663632861 64.26056837792136 50.32370513171603 31.959305639708294 72.44426077771749 49.51084871499372 54.06963803126608
1.008492580401667 3343.1376652761405 0.022727272727272728 1.2382096329719494 4820.422549128255 0.022727272727272728 t_swap_r_k 100 2348.3817982673645 57.79267663632861 64.26056837792136 50.32370513171603 31.959305639708294 72.44426077771749 50.055740227843785 54.06963803126608
1.008492580401667 3343.1376652761405 0.022727272727272728 1.2372885475881619 4814.499151195965 0.022727272727272728 f_swap_t 100 2356.106984615326 57.79267663632861 64.26056837792136 50.32370513171603 32.63971258331121 72.44426077771749 50.055740227843785 54.06963803126608
1.008492580401667 3343.1376652761405 0.022727272727272728 1.2564145351665872 5010.57454072397 0.045454545454545456 t_move_k 100 2361.2484741210938 58.37474986996532 64.26056837792136 50.32370513171603 32.63971258331121 72.44426077771749 50.055740227843785 54.06963803126608
1.008492580401667 3343.1376652761405 0.022727272727272728 1.2486445853380976 4960.606855254015 0.045454545454545456 move_t 100 2367.171053171158 58.37474986996532 64.67796269414215 50.32370513171603 32.63971258331121 72.44426077771749 50.055740227843785 54.06963803126608
1.008492580401667 3343.1376652761405 0.022727272727272728 1.2468404251250882 4916.746475798671 0.045454545454545456 swap_t 100 2372.514726161957 58.37474986996532 64.67796269414215 50.32370513171603 32.63971258331121 72.78981816994032 50.055740227843785 54.06963803126608
1.008492580401667 3343.1376652761405 0.022727272727272728 1.2171642715319466 4750.6436404595615 0.045454545454545456 swap_t 100 2378.2005252838135 58.37474986996532 64.67796269414215 50.32370513171603 32.63971258331121 73.09191998824092 50.055740227843785 54.06963803126608
1.008492580401667 3343.1376652761405 0.022727272727272728 1.2653021702984804 4994.651651451593 0.022727272727272728 t_move_k 100 2383.538773059845 58.89100237126567 64.67796269414215 50.32370513171603 32.63971258331121 73.09191998824092 50.055740227843785 54.06963803126608
1.008492580401667 3343.1376652761405 0.022727272727272728 1.2754610730766966 5133.0607132979985 0.045454545454545456 t_move_k 100 2389.4050283432007 59.46209234755302 64.67796269414215 50.32370513171603 32.63971258331121 73.09191998824092 50.055740227843785 54.06963803126608
1.008492580401667 3343.1376652761405 0.022727272727272728 1.2517564003067587 4980.618592141252 0.045454545454545456 t_swap_r_k 100 2391.980043411255 59.46209234755302 64.67796269414215 50.32370513171603 32.63971258331121 73.09191998824092 50.595182825565345 54.06963803126608
1.008492580401667 3343.1376652761405 0.022727272727272728 1.2471196075601014 4950.799892320973 0.045454545454545456 t_move_k 100 2396.8065328598022 59.89747142407749 64.67796269414215 50.32370513171603 32.63971258331121 73.09191998824092 50.595182825565345 54.06963803126608
1.008492580401667 3343.1376652761405 0.022727272727272728 1.2455734108047494 4867.778187548317 0.022727272727272728 t_swap_r_k 100 2399.739071369171 59.89747142407749 64.67796269414215 50.32370513171603 32.63971258331121 73.09191998824092 51.12923099730969 54.06963803126608
1.008492580401667 3343.1376652761405 0.022727272727272728 1.2360052852355186 4806.246633351229 0.022727272727272728 swap_t 100 2405.115108013153 59.89747142407749 64.67796269414215 50.32370513171603 32.63971258331121 73.36100078835851 51.12923099730969 54.06963803126608
1.008492580401667 3343.1376652761405 0.022727272727272728 1.2360052852355186 4806.246633351229 0.022727272727272728 swap_t 100 2409.070339202881 59.89747142407749 64.67796269414215 50.32370513171603 32.63971258331121 73.62739078047493 51.12923099730969 54.06963803126608
1.008492580401667 3343.1376652761405 0.022727272727272728 1.305599291437368 5107.829684016436 0.022727272727272728 swap_t 100 2414.728029727936 59.89747142407749 64.67796269414215 50.32370513171603 32.63971258331121 73.91111687267018 51.12923099730969 54.06963803126608
1.008492580401667 3343.1376652761405 0.022727272727272728 1.2819992328193193 5102.028608411382 0.022727272727272728 swap_t 100 2419.8840556144714 59.89747142407749 64.67796269414215 50.32370513171603 32.63971258331121 74.17200570394347 51.12923099730969 54.06963803126608
1.008492580401667 3343.1376652761405 0.022727272727272728 1.2922367889769424 5240.943481416174 0.045454545454545456 t_swap_k 100 2423.8005590438843 59.89747142407749 64.67796269414215 50.890468080398875 32.63971258331121 74.17200570394347 51.12923099730969 54.06963803126608
1.008492580401667 3343.1376652761405 0.022727272727272728 1.3187915785975992 5145.328137713156 0.022727272727272728 swap_t 100 2428.810685157776 59.89747142407749 64.67796269414215 50.890468080398875 32.63971258331121 74.44028564690403 51.12923099730969 54.06963803126608
1.008492580401667 3343.1376652761405 0.022727272727272728 1.306896137027063 5262.137837697098 0.022727272727272728 t_swap_k 100 2433.7625041007996 59.89747142407749 64.67796269414215 51.49156339959489 32.63971258331121 74.44028564690403 51.12923099730969 54.06963803126608
1.008492580401667 3343.1376652761405 0.022727272727272728 1.2787209470905994 5154.024601481822 0.045454545454545456 swap_t 100 2439.4788715839386 59.89747142407749 64.67796269414215 51.49156339959489 32.63971258331121 74.695882790435 51.12923099730969 54.06963803126608
1.008492580401667 3343.1376652761405 0.022727272727272728 1.2612720768009444 5041.812852154606 0.045454545454545456 t_swap_k 100 2444.2249944210052 59.89747142407749 64.67796269414215 52.06664776559894 32.63971258331121 74.695882790435 51.12923099730969 54.06963803126608
1.008492580401667 3343.1376652761405 0.022727272727272728 1.2529765835801694 4988.465455424451 0.045454545454545456 t_multiswap_k 100 2449.2103958129883 59.89747142407749 64.67796269414215 52.06664776559894 32.63971258331121 74.695882790435 51.12923099730969 54.58894165095342
1.008492580401667 3343.1376652761405 0.022727272727272728 1.2832667561257707 5110.179910195902 0.022727272727272728 t_swap_k 100 2453.855749130249 59.89747142407749 64.67796269414215 52.66598128794295 32.63971258331121 74.695882790435 51.12923099730969 54.58894165095342
1.008492580401667 3343.1376652761405 0.022727272727272728 1.2651943386880395 4920.879913376063 0.0 t_swap_r_k 100 2456.19274187088 59.89747142407749 64.67796269414215 52.66598128794295 32.63971258331121 74.695882790435 51.657938687336596 54.58894165095342
1.008492580401667 3343.1376652761405 0.022727272727272728 1.2871575785630092 5135.201357702619 0.022727272727272728 t_swap_k 100 2461.6711432933807 59.89747142407749 64.67796269414215 53.31932147506352 32.63971258331121 74.695882790435 51.657938687336596 54.58894165095342
1.008492580401667 3343.1376652761405 0.022727272727272728 1.2680656198330722 5012.423088874558 0.022727272727272728 swap_t 100 2467.0429248809814 59.89747142407749 64.67796269414215 53.31932147506352 32.63971258331121 74.94892396253064 51.657938687336596 54.58894165095342
1.008492580401667 3343.1376652761405 0.022727272727272728 1.2568465488054934 5013.35277251492 0.045454545454545456 t_move_k 100 2471.931631565094 60.51849670983671 64.67796269414215 53.31932147506352 32.63971258331121 74.94892396253064 51.657938687336596 54.58894165095342
1.008492580401667 3343.1376652761405 0.022727272727272728 1.3722795662590839 5654.303281843957 0.022727272727272728 swap_t 100 2478.8506951332092 60.51849670983671 64.67796269414215 53.31932147506352 32.63971258331121 75.43943472290533 51.657938687336596 54.58894165095342
1.008492580401667 3343.1376652761405 0.022727272727272728 1.3671052548524918 5722.414280721803 0.045454545454545456 t_swap_k 100 2484.1568582057953 60.51849670983671 64.67796269414215 54.006128260312884 32.63971258331121 75.43943472290533 51.657938687336596 54.58894165095342
1.008492580401667 3343.1376652761405 0.022727272727272728 1.4079201431741488 5927.448852830959 0.0 swap_t 100 2490.299088716507 60.51849670983671 64.67796269414215 54.006128260312884 32.63971258331121 75.91504037567628 51.657938687336596 54.58894165095342
1.008492580401667 3343.1376652761405 0.022727272727272728 1.3714365013113694 5604.111476358023 0.0 t_swap_r_k 100 2493.112539291382 60.51849670983671 64.67796269414215 54.006128260312884 32.63971258331121 75.91504037567628 52.18135930046323 54.58894165095342
1.008492580401667 3343.1376652761405 0.022727272727272728 1.3562404687794976 5579.465761706364 0.022727272727272728 swap_t 100 2499.349076986313 60.51849670983671 64.67796269414215 54.006128260312884 32.63971258331121 76.24588997191952 52.18135930046323 54.58894165095342
1.008492580401667 3343.1376652761405 0.022727272727272728 1.3778188810190464 5718.234137246365 0.022727272727272728 move_t 100 2504.0541400909424 60.51849670983671 65.19118306720073 54.006128260312884 32.63971258331121 76.24588997191952 52.18135930046323 54.58894165095342
1.008492580401667 3343.1376652761405 0.022727272727272728 1.3547969799185458 5570.182844959727 0.022727272727272728 move_t 100 2509.479261636734 60.51849670983671 65.59927123652872 54.006128260312884 32.63971258331121 76.24588997191952 52.18135930046323 54.58894165095342
1.008492580401667 3343.1376652761405 0.022727272727272728 1.3295221170625404 5407.64300553188 0.022727272727272728 t_multiswap_k 100 2514.3901579380035 60.51849670983671 65.59927123652872 54.006128260312884 32.63971258331121 76.24588997191952 52.18135930046323 55.42305223444389
1.008492580401667 3343.1376652761405 0.022727272727272728 1.276785458161293 5141.577686870411 0.045454545454545456 t_multiswap_k 100 2518.5835542678833 60.51849670983671 65.59927123652872 54.006128260312884 32.63971258331121 76.24588997191952 52.18135930046323 56.018821712099445
1.008492580401667 3343.1376652761405 0.022727272727272728 1.327549066812462 5394.954538233052 0.022727272727272728 f_swap_t 100 2526.7277040481567 60.51849670983671 65.59927123652872 54.006128260312884 33.4133154574781 76.24588997191952 52.18135930046323 56.018821712099445
1.008492580401667 3343.1376652761405 0.022727272727272728 1.3002191065125506 5219.198595103904 0.022727272727272728 f_swap_t 100 2534.628783941269 60.51849670983671 65.59927123652872 54.006128260312884 34.07918230290332 76.24588997191952 52.18135930046323 56.018821712099445
1.008492580401667 3343.1376652761405 0.022727272727272728 1.2951458565403735 5186.57308728007 0.022727272727272728 t_swap_r_k 100 2537.747387647629 60.51849670983671 65.59927123652872 54.006128260312884 34.07918230290332 76.24588997191952 52.6995457074586 56.018821712099445
1.008492580401667 3343.1376652761405 0.022727272727272728 1.3176171263778378 5331.083330992565 0.022727272727272728 t_multiswap_k 100 2541.8769636154175 60.51849670983671 65.59927123652872 54.006128260312884 34.07918230290332 76.24588997191952 52.6995457074586 56.64863349497845
1.008492580401667 3343.1376652761405 0.022727272727272728 1.2952998388755832 5187.5633305974025 0.022727272727272728 swap_t 100 2547.019102573395 60.51849670983671 65.59927123652872 54.006128260312884 34.07918230290332 76.48343107220033 52.6995457074586 56.64863349497845
1.008492580401667 3343.1376652761405 0.022727272727272728 1.3380255443110336 5389.249317979389 0.0 t_move_k 100 2551.430908679962 61.13331174273834 65.59927123652872 54.006128260312884 34.07918230290332 76.48343107220033 52.6995457074586 56.64863349497845
1.008492580401667 3343.1376652761405 0.022727272727272728 1.3177520299631873 5331.950880985848 0.022727272727272728 t_move_k 100 2556.7659661769867 61.71197862531096 65.59927123652872 54.006128260312884 34.07918230290332 76.48343107220033 52.6995457074586 56.64863349497845
1.008492580401667 3343.1376652761405 0.022727272727272728 1.2916935518043537 5164.371698467574 0.022727272727272728 t_swap_r_k 100 2559.506999731064 61.71197862531096 65.59927123652872 54.006128260312884 34.07918230290332 76.48343107220033 53.21255025038401 56.64863349497845
1.008492580401667 3343.1376652761405 0.022727272727272728 1.2745186549463066 5127.00012683863 0.045454545454545456 t_multiswap_k 100 2563.915724515915 61.71197862531096 65.59927123652872 54.006128260312884 34.07918230290332 76.48343107220033 53.21255025038401 57.11214716002866
1.008492580401667 3343.1376652761405 0.022727272727272728 1.3028191731968826 5192.877169914957 0.022727272727272728 move_t 100 2568.3495202064514 61.71197862531096 66.04327852416344 54.006128260312884 34.07918230290332 76.48343107220033 53.21255025038401 57.11214716002866
1.008492580401667 3343.1376652761405 0.022727272727272728 1.3006378107590004 5221.891235668304 0.022727272727272728 move_t 100 2571.954242706299 61.71197862531096 66.42284573892181 54.006128260312884 34.07918230290332 76.48343107220033 53.21255025038401 57.11214716002866
1.008492580401667 3343.1376652761405 0.022727272727272728 1.291152560777053 5160.892645180112 0.022727272727272728 move_t 100 2577.2966809272766 61.71197862531096 66.7886172815326 54.006128260312884 34.07918230290332 76.48343107220033 53.21255025038401 57.11214716002866
1.008492580401667 3343.1376652761405 0.022727272727272728 1.2910758428337044 5160.399280596328 0.022727272727272728 t_swap_k 100 2582.7826890945435 61.71197862531096 66.7886172815326 54.666066977709754 34.07918230290332 76.48343107220033 53.21255025038401 57.11214716002866
1.008492580401667 3343.1376652761405 0.022727272727272728 1.313405788863227 5320.950480600253 0.022727272727272728 move_t 100 2588.9066965579987 61.71197862531096 67.20073110871726 54.666066977709754 34.07918230290332 76.48343107220033 53.21255025038401 57.11214716002866
1.008492580401667 3343.1376652761405 0.022727272727272728 1.2481541739043178 4884.37478877203 0.022727272727272728 t_multiswap_k 100 2594.032636642456 61.71197862531096 67.20073110871726 54.666066977709754 34.07918230290332 76.48343107220033 53.21255025038401 57.63102568842837
1.008492580401667 3343.1376652761405 0.022727272727272728 1.236743367211846 4810.993156669688 0.022727272727272728 t_swap_r_k 100 2597.5492329597473 61.71197862531096 67.20073110871726 54.666066977709754 34.07918230290332 76.48343107220033 53.780424747880176 57.63102568842837
1.008492580401667 3343.1376652761405 0.022727272727272728 1.2362532420595147 4807.841216181885 0.022727272727272728 t_swap_r_k 100 2601.5534081459045 61.71197862531096 67.20073110871726 54.666066977709754 34.07918230290332 76.48343107220033 54.28262050040137 57.63102568842837
1.008492580401667 3343.1376652761405 0.022727272727272728 1.3228982766990993 5365.0458229001415 0.022727272727272728 f_swap_t 100 2609.6322436332703 61.71197862531096 67.20073110871726 54.666066977709754 34.978390479874285 76.48343107220033 54.28262050040137 57.63102568842837
1.008492580401667 3343.1376652761405 0.022727272727272728 1.264418473358274 4915.890409502739 0.0 t_multiswap_k 100 2614.117474794388 61.71197862531096 67.20073110871726 54.666066977709754 34.978390479874285 76.48343107220033 54.28262050040137 58.27471543154409
1.008492580401667 3343.1376652761405 0.022727272727272728 1.3362294517302309 5450.777130772691 0.022727272727272728 f_swap_t 100 2620.8660299777985 61.71197862531096 67.20073110871726 54.666066977709754 35.73860657507554 76.48343107220033 54.28262050040137 58.27471543154409
1.008492580401667 3343.1376652761405 0.022727272727272728 1.32321274395698 5367.068126953479 0.022727272727272728 t_move_k 100 2626.1131591796875 62.40485883905785 67.20073110871726 54.666066977709754 35.73860657507554 76.48343107220033 54.28262050040137 58.27471543154409
1.008492580401667 3343.1376652761405 0.022727272727272728 1.3033942751281447 5239.617752267101 0.022727272727272728 move_t 100 2631.6304523944855 62.40485883905785 67.6487237976301 54.666066977709754 35.73860657507554 76.48343107220033 54.28262050040137 58.27471543154409
1.008492580401667 3343.1376652761405 0.022727272727272728 1.2970167850957632 5198.604821288144 0.022727272727272728 swap_t 100 2637.98872756958 62.40485883905785 67.6487237976301 54.666066977709754 35.73860657507554 76.71859676147832 54.28262050040137 58.27471543154409
1.008492580401667 3343.1376652761405 0.022727272727272728 1.2962478351970064 5193.659789784549 0.022727272727272728 swap_t 100 2645.000517129898 62.40485883905785 67.6487237976301 54.666066977709754 35.73860657507554 76.95141079386354 54.28262050040137 58.27471543154409
1.008492580401667 3343.1376652761405 0.022727272727272728 1.2955240210652015 5189.005021391563 0.022727272727272728 swap_t 100 2651.1559734344482 62.40485883905785 67.6487237976301 54.666066977709754 35.73860657507554 77.18189668592491 54.28262050040137 58.27471543154409
1.008492580401667 3343.1376652761405 0.022727272727272728 1.3470367489415325 5520.277660345558 0.022727272727272728 t_swap_k 100 2656.649297952652 62.40485883905785 67.6487237976301 55.339406307932656 35.73860657507554 77.18189668592491 54.28262050040137 58.27471543154409
1.008492580401667 3343.1376652761405 0.022727272727272728 1.3228630611373597 5364.819355528859 0.022727272727272728 t_swap_r_k 100 2659.8078134059906 62.40485883905785 67.6487237976301 55.339406307932656 35.73860657507554 77.18189668592491 54.77979429539736 58.27471543154409
1.008492580401667 3343.1376652761405 0.022727272727272728 1.319910152346241 5345.829526642825 0.022727272727272728 t_swap_r_k 100 2662.968780517578 62.40485883905785 67.6487237976301 55.339406307932656 35.73860657507554 77.18189668592491 55.27199635244339 58.27471543154409
1.008492580401667 3343.1376652761405 0.022727272727272728 1.3196509671633052 5344.162735481327 0.022727272727272728 move_t 100 2667.3098137378693 62.40485883905785 67.9722365596538 55.339406307932656 35.73860657507554 77.18189668592491 55.27199635244339 58.27471543154409
1.008492580401667 3343.1376652761405 0.022727272727272728 1.3069390179093063 5262.413599894268 0.022727272727272728 t_multiswap_k 100 2671.36133480072 62.40485883905785 67.9722365596538 55.339406307932656 35.73860657507554 77.18189668592491 55.27199635244339 58.811968277228644
1.008492580401667 3343.1376652761405 0.022727272727272728 1.2874457309317004 5137.054433622543 0.022727272727272728 t_swap_r_k 100 2674.3524668216705 62.40485883905785 67.9722365596538 55.339406307932656 35.73860657507554 77.18189668592491 55.78927638891896 58.811968277228644
1.008492580401667 3343.1376652761405 0.022727272727272728 1.2778667843843303 5075.453290915352 0.022727272727272728 t_multiswap_k 100 2676.901533842087 62.40485883905785 67.9722365596538 55.339406307932656 35.73860657507554 77.18189668592491 55.78927638891896 59.28384859445636
1.008492580401667 3343.1376652761405 0.022727272727272728 1.3138335824062453 5291.732987635366 0.022727272727272728 swap_t 100 2681.702335357666 62.40485883905785 67.9722365596538 55.339406307932656 35.73860657507554 77.45007771906566 55.78927638891896 59.28384859445636
1.008492580401667 3343.1376652761405 0.022727272727272728 1.2912576355612262 5161.568369461771 0.022727272727272728 t_swap_r_k 100 2684.6849093437195 62.40485883905785 67.9722365596538 55.339406307932656 35.73860657507554 77.45007771906566 56.27138362502977 59.28384859445636
1.008492580401667 3343.1376652761405 0.022727272727272728 1.3367525842605739 5454.141338047162 0.022727272727272728 f_swap_t 100 2691.134792327881 62.40485883905785 67.9722365596538 55.339406307932656 36.49122050932479 77.45007771906566 56.27138362502977 59.28384859445636
1.008492580401667 3343.1376652761405 0.022727272727272728 1.3388015729805542 5569.690326199728 0.0 move_t 100 2696.940040588379 62.40485883905785 68.37251419405726 55.339406307932656 36.49122050932479 77.45007771906566 56.27138362502977 59.28384859445636
1.008492580401667 3343.1376652761405 0.022727272727272728 1.3027159602821436 5162.177299784196 0.0 swap_t 100 2701.268764257431 62.40485883905785 68.37251419405726 55.339406307932656 36.49122050932479 77.67557694187501 56.27138362502977 59.28384859445636
1.008492580401667 3343.1376652761405 0.022727272727272728 1.2840631510007654 5242.660584353387 0.022727272727272728 swap_t 100 2706.6917054653168 62.40485883905785 68.37251419405726 55.339406307932656 36.49122050932479 77.92882117245625 56.27138362502977 59.28384859445636
1.008492580401667 3343.1376652761405 0.022727272727272728 1.2801490125952495 5163.208332334911 0.045454545454545456 move_t 100 2711.9901447296143 62.40485883905785 68.68878905211669 55.339406307932656 36.49122050932479 77.92882117245625 56.27138362502977 59.28384859445636
1.008492580401667 3343.1376652761405 0.022727272727272728 1.2979230575504346 5277.5112438663455 0.045454545454545456 move_t 100 2717.0883316993713 62.40485883905785 69.01190116159552 55.339406307932656 36.49122050932479 77.92882117245625 56.27138362502977 59.28384859445636
1.008492580401667 3343.1376652761405 0.022727272727272728 1.2835503630767042 5185.082039988369 0.045454545454545456 swap_t 100 2721.606988430023 62.40485883905785 69.01190116159552 55.339406307932656 36.49122050932479 78.14953296073169 56.27138362502977 59.28384859445636
1.008492580401667 3343.1376652761405 0.022727272727272728 1.2466357699385768 5020.766671196292 0.06818181818181818 t_multiswap_k 100 2725.6072034835815 62.40485883905785 69.01190116159552 55.339406307932656 36.49122050932479 78.14953296073169 56.27138362502977 59.78101010851179
1.008492580401667 3343.1376652761405 0.022727272727272728 1.2417359824345444 4916.1783963139305 0.045454545454545456 swap_t 100 2729.8553388118744 62.40485883905785 69.01190116159552 55.339406307932656 36.49122050932479 78.36803763112438 56.27138362502977 59.78101010851179
1.008492580401667 3343.1376652761405 0.022727272727272728 1.278923413546976 5164.266452809532 0.045454545454545456 swap_t 100 2733.4703199863434 62.40485883905785 69.01190116159552 55.339406307932656 36.49122050932479 78.63435725481314 56.27138362502977 59.78101010851179
1.008492580401667 3343.1376652761405 0.022727272727272728 1.3339477386038388 5436.103686754533 0.022727272727272728 t_swap_k 100 2737.8857712745667 62.40485883905785 69.01190116159552 55.91601224485333 36.49122050932479 78.63435725481314 56.27138362502977 59.78101010851179
1.008492580401667 3343.1376652761405 0.022727272727272728 1.3215419489529887 5356.323429614752 0.022727272727272728 f_swap_t 100 2744.691042661667 62.40485883905785 69.01190116159552 55.91601224485333 37.23630830423154 78.63435725481314 56.27138362502977 59.78101010851179
1.008492580401667 3343.1376652761405 0.022727272727272728 1.2688189471355122 5017.267653194168 0.022727272727272728 t_move_k 100 2749.634882211685 63.00081025066727 69.01190116159552 55.91601224485333 37.23630830423154 78.63435725481314 56.27138362502977 59.78101010851179
1.008492580401667 3343.1376652761405 0.022727272727272728 1.2474884487770723 4880.0935843238785 0.022727272727272728 t_multiswap_k 100 2753.928352832794 63.00081025066727 69.01190116159552 55.91601224485333 37.23630830423154 78.63435725481314 56.27138362502977 60.273200007426674
1.008492580401667 3343.1376652761405 0.022727272727272728 1.202844145019901 4666.069303954283 0.045454545454545456 t_multiswap_k 100 2757.251935482025 63.00081025066727 69.01190116159552 55.91601224485333 37.23630830423154 78.63435725481314 56.27138362502977 60.73046800735241
1.008492580401667 3343.1376652761405 0.022727272727272728 1.202844145019901 4666.069303954283 0.045454545454545456 move_t 100 2762.6616821289062 63.00081025066727 69.32178214997957 55.91601224485333 37.23630830423154 78.63435725481314 56.27138362502977 60.73046800735241
1.008492580401667 3343.1376652761405 0.022727272727272728 1.2753508829919644 5059.273808135912 0.022727272727272728 t_swap_k 100 2769.8907704353333 63.00081025066727 69.32178214997957 56.47685212240479 37.23630830423154 78.63435725481314 56.27138362502977 60.73046800735241
1.008492580401667 3343.1376652761405 0.022727272727272728 1.2933359989554765 5310.824859125448 0.045454545454545456 move_t 100 2775.4467692375183 63.00081025066727 69.78856432847978 56.47685212240479 37.23630830423154 78.63435725481314 56.27138362502977 60.73046800735241
1.008492580401667 3343.1376652761405 0.022727272727272728 1.2856297731892323 5052.297925864821 0.0 t_swap_r_k 100 2778.2744858264923 63.00081025066727 69.78856432847978 56.47685212240479 37.23630830423154 78.63435725481314 56.74866978877947 60.73046800735241
1.008492580401667 3343.1376652761405 0.022727272727272728 1.3413487656431609 5410.620585739951 0.0 t_multiswap_k 100 2782.322177171707 63.00081025066727 69.78856432847978 56.47685212240479 37.23630830423154 78.63435725481314 56.74866978877947 61.253163327278884
1.008492580401667 3343.1376652761405 0.022727272727272728 1.294517738578796 5182.533730342775 0.022727272727272728 t_swap_k 100 2787.6518139839172 63.00081025066727 69.78856432847978 57.00208360118074 37.23630830423154 78.63435725481314 56.74866978877947 61.253163327278884
1.008492580401667 3343.1376652761405 0.022727272727272728 1.2919711991696108 5166.157217875673 0.022727272727272728 t_multiswap_k 100 2793.0094413757324 63.00081025066727 69.78856432847978 57.00208360118074 37.23630830423154 78.63435725481314 56.74866978877947 62.01063169400609
1.008492580401667 3343.1376652761405 0.022727272727272728 1.34096204112883 5481.211888235419 0.022727272727272728 f_swap_t 100 2802.1387798786163 63.00081025066727 69.78856432847978 57.00208360118074 38.123945221189224 78.63435725481314 56.74866978877947 62.01063169400609
1.008492580401667 3343.1376652761405 0.022727272727272728 1.3287567885914862 5402.721263028136 0.022727272727272728 move_t 100 2809.071023464203 63.00081025066727 70.29067868519498 57.00208360118074 38.123945221189224 78.63435725481314 56.74866978877947 62.01063169400609
1.008492580401667 3343.1376652761405 0.022727272727272728 1.3039520349867555 5243.2046440486465 0.022727272727272728 t_swap_r_k 100 2812.619328022003 63.00081025066727 70.29067868519498 57.00208360118074 38.123945221189224 78.63435725481314 57.22118309089168 62.01063169400609
1.008492580401667 3343.1376652761405 0.022727272727272728 1.297075514321211 5198.982502422493 0.022727272727272728 move_t 100 2816.337589263916 63.00081025066727 70.58777189834302 57.00208360118074 38.123945221189224 78.63435725481314 57.22118309089168 62.01063169400609
1.008492580401667 3343.1376652761405 0.022727272727272728 1.2936753120511424 5177.116178789096 0.022727272727272728 t_move_k 100 2822.08354473114 63.4708021481606 70.58777189834302 57.00208360118074 38.123945221189224 78.63435725481314 57.22118309089168 62.01063169400609
1.008492580401667 3343.1376652761405 0.022727272727272728 1.283413896804554 5111.126155579666 0.022727272727272728 t_swap_k 100 2827.0921170711517 63.4708021481606 70.58777189834302 57.432062765168936 38.123945221189224 78.63435725481314 57.22118309089168 62.01063169400609
1.008492580401667 3343.1376652761405 0.022727272727272728 1.2959880581592893 5191.989192470603 0.022727272727272728 t_swap_k 100 2832.7568073272705 63.4708021481606 70.58777189834302 57.95774213751724 38.123945221189224 78.63435725481314 57.22118309089168 62.01063169400609
1.008492580401667 3343.1376652761405 0.022727272727272728 1.292860718281728 5098.799331666378 0.0 t_swap_r_k 100 2835.484908103943 63.4708021481606 70.58777189834302 57.95774213751724 38.123945221189224 78.63435725481314 57.688971259982765 62.01063169400609
1.008492580401667 3343.1376652761405 0.022727272727272728 1.292860718281728 5098.799331666378 0.0 t_swap_r_k 100 2838.736058950424 63.4708021481606 70.58777189834302 57.95774213751724 38.123945221189224 78.63435725481314 58.152081547382934 62.01063169400609
1.008492580401667 3343.1376652761405 0.022727272727272728 1.2815503801030506 5099.142086381778 0.022727272727272728 t_move_k 100 2843.9342358112335 63.966094126678996 70.58777189834302 57.95774213751724 38.123945221189224 78.63435725481314 58.152081547382934 62.01063169400609
1.008492580401667 3343.1376652761405 0.022727272727272728 1.2654723076166632 4995.745785672445 0.022727272727272728 swap_t 100 2848.905901670456 63.966094126678996 70.58777189834302 57.95774213751724 38.123945221189224 78.848013682265 58.152081547382934 62.01063169400609
1.008492580401667 3343.1376652761405 0.022727272727272728 1.351378031733248 5540.851228754986 0.022727272727272728 swap_t 100 2855.9593863487244 63.966094126678996 70.58777189834302 57.95774213751724 38.123945221189224 79.10953354544236 58.152081547382934 62.01063169400609
1.008492580401667 3343.1376652761405 0.022727272727272728 1.2986608322408728 5209.177506113391 0.022727272727272728 t_multiswap_k 100 2859.673483610153 63.966094126678996 70.58777189834302 57.95774213751724 38.123945221189224 79.10953354544236 58.152081547382934 62.61052537706603
1.008492580401667 3343.1376652761405 0.022727272727272728 1.2750745238489163 5057.4965731419425 0.022727272727272728 t_move_k 100 2864.6587953567505 64.4164331854122 70.58777189834302 57.95774213751724 38.123945221189224 79.10953354544236 58.152081547382934 62.61052537706603
1.008492580401667 3343.1376652761405 0.022727272727272728 1.2655282502525491 4996.105546558424 0.022727272727272728 move_t 100 2869.27490901947 64.4164331854122 70.88189417935959 57.95774213751724 38.123945221189224 79.10953354544236 58.152081547382934 62.61052537706603
1.008492580401667 3343.1376652761405 0.022727272727272728 1.2655282502525491 4996.105546558424 0.022727272727272728 t_multiswap_k 100 2873.2337288856506 64.4164331854122 70.88189417935959 57.95774213751724 38.123945221189224 79.10953354544236 58.152081547382934 62.98442012329537
1.008492580401667 3343.1376652761405 0.022727272727272728 1.2819294958055754 5028.501852461589 0.0 f_swap_t 100 2880.62787938118 64.4164331854122 70.88189417935959 57.95774213751724 38.75270576897733 79.10953354544236 58.152081547382934 62.98442012329537
1.008492580401667 3343.1376652761405 0.022727272727272728 1.2824687465563127 5036.503043169634 0.022727272727272728 move_t 100 2885.647593975067 64.4164331854122 71.24307523756599 57.95774213751724 38.75270576897733 79.10953354544236 58.152081547382934 62.98442012329537
1.008492580401667 3343.1376652761405 0.022727272727272728 1.2582674926636854 4949.412419899659 0.022727272727272728 move_t 100 2890.076251745224 64.4164331854122 71.53064448519032 57.95774213751724 38.75270576897733 79.10953354544236 58.152081547382934 62.98442012329537
1.008492580401667 3343.1376652761405 0.022727272727272728 1.2549531781637835 4928.098430989152 0.022727272727272728 t_multiswap_k 100 2895.0001797676086 64.4164331854122 71.53064448519032 57.95774213751724 38.75270576897733 79.10953354544236 58.152081547382934 63.54457592206242
1.008492580401667 3343.1376652761405 0.022727272727272728 1.2393774619196425 4827.932727550138 0.022727272727272728 swap_t 100 2899.3379859924316 64.4164331854122 71.53064448519032 57.95774213751724 38.75270576897733 79.31843820998793 58.152081547382934 63.54457592206242
1.008492580401667 3343.1376652761405 0.022727272727272728 1.2791419397292951 5010.57538854303 0.0 f_swap_t 100 2907.227394104004 64.4164331854122 71.53064448519032 57.95774213751724 39.405178711287554 79.31843820998793 58.152081547382934 63.54457592206242
1.008492580401667 3343.1376652761405 0.022727272727272728 1.2554823975915548 4931.501782425799 0.022727272727272728 move_t 100 2911.6462585926056 64.4164331854122 71.87533804033842 57.95774213751724 39.405178711287554 79.31843820998793 58.152081547382934 63.54457592206242
1.008492580401667 3343.1376652761405 0.022727272727272728 1.3020778733872032 5200.075042496597 0.0 swap_t 100 2917.5688605308533 64.4164331854122 71.87533804033842 57.95774213751724 39.405178711287554 79.56525382788806 58.152081547382934 63.54457592206242
1.008492580401667 3343.1376652761405 0.022727272727272728 1.2808395330572016 5094.57070788021 0.022727272727272728 move_t 100 2922.7232127189636 64.4164331854122 72.18658465993504 57.95774213751724 39.405178711287554 79.56525382788806 58.152081547382934 63.54457592206242
1.008492580401667 3343.1376652761405 0.022727272727272728 1.2757938128898205 5062.12224117729 0.022727272727272728 swap_t 100 2928.975401163101 64.4164331854122 72.18658465993504 57.95774213751724 39.405178711287554 79.76960128960917 58.152081547382934 63.54457592206242
1.008492580401667 3343.1376652761405 0.022727272727272728 1.3359204311829567 5448.789853911091 0.022727272727272728 t_swap_k 100 2933.8882036209106 64.4164331854122 72.18658465993504 58.50816471614207 39.405178711287554 79.76960128960917 58.152081547382934 63.54457592206242
1.008492580401667 3343.1376652761405 0.022727272727272728 1.345342904826299 5497.149471270593 0.022727272727272728 swap_t 100 2939.0723927021027 64.4164331854122 72.18658465993504 58.50816471614207 39.405178711287554 80.01190527671308 58.152081547382934 63.54457592206242
1.008492580401667 3343.1376652761405 0.022727272727272728 1.3334139011859376 5432.67063753561 0.022727272727272728 t_swap_k 100 2943.4142293930054 64.4164331854122 72.18658465993504 59.08308306898065 39.405178711287554 80.01190527671308 58.152081547382934 63.54457592206242
1.008492580401667 3343.1376652761405 0.022727272727272728 1.3423370754931492 5506.131889795903 0.022727272727272728 swap_t 100 2950.7698335647583 64.4164331854122 72.18658465993504 59.08308306898065 39.405178711287554 80.31178622394594 58.152081547382934 63.54457592206242
1.008492580401667 3343.1376652761405 0.022727272727272728 1.3056638164182024 5254.212920555945 0.022727272727272728 t_swap_k 100 2955.935127258301 64.4164331854122 72.18658465993504 59.492252238290845 39.405178711287554 80.31178622394594 58.152081547382934 63.54457592206242
1.008492580401667 3343.1376652761405 0.022727272727272728 1.2953189577077158 5187.686281686103 0.022727272727272728 t_swap_k 100 2961.927597761154 64.4164331854122 72.18658465993504 59.89732971590794 39.405178711287554 80.31178622394594 58.152081547382934 63.54457592206242
1.008492580401667 3343.1376652761405 0.022727272727272728 1.348073467872077 5526.944684790458 0.022727272727272728 t_move_k 100 2966.5431654453278 64.84226885355808 72.18658465993504 59.89732971590794 39.405178711287554 80.31178622394594 58.152081547382934 63.54457592206242
1.008492580401667 3343.1376652761405 0.022727272727272728 1.3457153659013161 5584.858277537498 0.045454545454545456 t_swap_k 100 2972.1663789749146 64.84226885355808 72.18658465993504 60.428356418748855 39.405178711287554 80.31178622394594 58.152081547382934 63.54457592206242
1.008492580401667 3343.1376652761405 0.022727272727272728 1.337567763228578 5459.383663567154 0.022727272727272728 t_swap_r_k 100 2976.4337520599365 64.84226885355808 72.18658465993504 60.428356418748855 39.405178711287554 80.31178622394594 58.6105607319091 63.54457592206242
1.008492580401667 3343.1376652761405 0.022727272727272728 1.3249499508458031 5451.318196706803 0.045454545454545456 t_swap_k 100 2982.4019627571106 64.84226885355808 72.18658465993504 60.894072854561365 39.405178711287554 80.31178622394594 58.6105607319091 63.54457592206242
1.008492580401667 3343.1376652761405 0.022727272727272728 1.3194262485750694 5342.71759516716 0.022727272727272728 t_swap_r_k 100 2985.269336462021 64.84226885355808 72.18658465993504 60.894072854561365 39.405178711287554 80.31178622394594 59.06445512459001 63.54457592206242
1.008492580401667 3343.1376652761405 0.022727272727272728 1.3420472695467165 5488.190871812529 0.022727272727272728 f_swap_t 100 2993.148723602295 64.84226885355808 72.18658465993504 60.894072854561365 40.081126924174676 80.31178622394594 59.06445512459001 63.54457592206242
1.008492580401667 3343.1376652761405 0.022727272727272728 1.2978079327756475 5276.770889209836 0.045454545454545456 t_multiswap_k 100 2997.8055877685547 64.84226885355808 72.18658465993504 60.894072854561365 40.081126924174676 80.31178622394594 59.06445512459001 64.12913016284179
1.008492580401667 3343.1376652761405 0.022727272727272728 1.271253596404911 5106.002897533593 0.045454545454545456 move_t 100 3000.8459236621857 64.84226885355808 72.49471881333568 60.894072854561365 40.081126924174676 80.31178622394594 59.06445512459001 64.12913016284179
1.008492580401667 3343.1376652761405 0.022727272727272728 1.263331221539949 5055.054983561739 0.045454545454545456 t_swap_r_k 100 3004.425304174423 64.84226885355808 72.49471881333568 60.894072854561365 40.081126924174676 80.31178622394594 59.51381057334411 64.12913016284179
1.008492580401667 3343.1376652761405 0.022727272727272728 1.263331221539949 5055.054983561739 0.045454545454545456 swap_t 100 3008.804663658142 64.84226885355808 72.49471881333568 60.894072854561365 40.081126924174676 80.50866836170648 59.51381057334411 64.12913016284179
1.008492580401667 3343.1376652761405 0.022727272727272728 1.263331221539949 5055.054983561739 0.045454545454545456 t_move_k 100 3011.995389699936 65.1938461650225 72.49471881333568 60.894072854561365 40.081126924174676 80.50866836170648 59.51381057334411 64.12913016284179
1.008492580401667 3343.1376652761405 0.022727272727272728 1.3293322853121108 5479.500503551784 0.045454545454545456 t_multiswap_k 100 3015.8412222862244 65.1938461650225 72.49471881333568 60.894072854561365 40.081126924174676 80.50866836170648 59.51381057334411 64.70783886121338
1.008492580401667 3343.1376652761405 0.022727272727272728 1.317150222013039 5328.080720813634 0.022727272727272728 move_t 100 3020.3838229179382 65.1938461650225 72.76977162520232 60.894072854561365 40.081126924174676 80.50866836170648 59.51381057334411 64.70783886121338
1.008492580401667 3343.1376652761405 0.022727272727272728 1.3453114309094762 5416.703666464265 0.022727272727272728 swap_t 100 3025.0705790519714 65.1938461650225 72.76977162520232 60.894072854561365 40.081126924174676 80.71358167808941 59.51381057334411 64.70783886121338
1.008492580401667 3343.1376652761405 0.022727272727272728 1.3231517319847854 5366.675765728011 0.022727272727272728 move_t 100 3028.757646560669 65.1938461650225 73.1020739089503 60.894072854561365 40.081126924174676 80.71358167808941 59.51381057334411 64.70783886121338
1.008492580401667 3343.1376652761405 0.022727272727272728 1.3139130447114706 5307.262792669213 0.022727272727272728 swap_t 100 3034.2322764396667 65.1938461650225 73.1020739089503 60.894072854561365 40.081126924174676 80.93644586130851 59.51381057334411 64.70783886121338
1.008492580401667 3343.1376652761405 0.022727272727272728 1.3371888731608474 5456.947063569734 0.022727272727272728 move_t 100 3038.7569591999054 65.1938461650225 73.5410531698608 60.894072854561365 40.081126924174676 80.93644586130851 59.51381057334411 64.70783886121338
1.008492580401667 3343.1376652761405 0.022727272727272728 1.3095669763310152 5352.391993949496 0.045454545454545456 t_swap_r_k 100 3040.9597775936127 65.1938461650225 73.5410531698608 60.894072854561365 40.081126924174676 80.93644586130851 59.98867246761067 64.70783886121338
1.008492580401667 3343.1376652761405 0.022727272727272728 1.2892172458792186 5221.525134695734 0.045454545454545456 t_swap_k 100 3045.1582849025726 65.1938461650225 73.5410531698608 61.44513212601575 40.081126924174676 80.93644586130851 59.98867246761067 64.70783886121338
1.008492580401667 3343.1376652761405 0.022727272727272728 1.3359678376338466 5522.173004488174 0.045454545454545456 t_swap_k 100 3050.324683904648 65.1938461650225 73.5410531698608 62.02068080475559 40.081126924174676 80.93644586130851 59.98867246761067 64.70783886121338
1.008492580401667 3343.1376652761405 0.022727272727272728 1.3153750117727183 5389.742825622214 0.045454545454545456 t_swap_k 100 3054.988981962204 65.1938461650225 73.5410531698608 62.53047399670804 40.081126924174676 80.93644586130851 59.98867246761067 64.70783886121338
1.008492580401667 3343.1376652761405 0.022727272727272728 1.3172246619130394 5401.637720503278 0.045454545454545456 t_swap_k 100 3060.514713048935 65.1938461650225 73.5410531698608 63.12516925674096 40.081126924174676 80.93644586130851 59.98867246761067 64.70783886121338
1.008492580401667 3343.1376652761405 0.022727272727272728 1.296285140158398 5266.977978803169 0.045454545454545456 t_move_k 100 3064.399197101593 65.58190770337228 73.5410531698608 63.12516925674096 40.081126924174676 80.93644586130851 59.98867246761067 64.70783886121338
1.008492580401667 3343.1376652761405 0.022727272727272728 1.3046387458004642 5247.6208051186195 0.022727272727272728 t_swap_k 100 3070.645884990692 65.58190770337228 73.5410531698608 63.86391756417355 40.081126924174676 80.93644586130851 59.98867246761067 64.70783886121338
1.008492580401667 3343.1376652761405 0.022727272727272728 1.2713913724342052 5033.8106349453155 0.022727272727272728 swap_t 100 3075.6981678009033 65.58190770337228 73.5410531698608 63.86391756417355 40.081126924174676 81.12708140269542 59.98867246761067 64.70783886121338
1.008492580401667 3343.1376652761405 0.022727272727272728 1.271806336804026 4963.400939828014 0.0 t_swap_r_k 100 3078.0833921432495 65.58190770337228 73.5410531698608 63.86391756417355 40.081126924174676 81.12708140269542 60.428785742934565 64.70783886121338
1.008492580401667 3343.1376652761405 0.022727272727272728 1.2585458413956183 4951.20244971905 0.022727272727272728 f_swap_t 100 3085.1049070358276 65.58190770337228 73.5410531698608 63.86391756417355 40.71031565493293 81.12708140269542 60.428785742934565 64.70783886121338
1.008492580401667 3343.1376652761405 0.022727272727272728 1.2763526603025082 5082.506722440624 0.022727272727272728 swap_t 100 3090.7142238616943 65.58190770337228 73.5410531698608 63.86391756417355 40.71031565493293 81.39581058866847 60.428785742934565 64.70783886121338
1.008492580401667 3343.1376652761405 0.022727272727272728 1.2935425375666214 5176.262320807073 0.022727272727272728 move_t 100 3095.2100698947906 65.58190770337228 73.87564263816219 63.86391756417355 40.71031565493293 81.39581058866847 60.428785742934565 64.70783886121338
1.008492580401667 3343.1376652761405 0.022727272727272728 1.3259989812220365 5384.986109743346 0.022727272727272728 t_swap_k 100 3100.0995213985443 65.58190770337228 73.87564263816219 64.3952783885318 40.71031565493293 81.39581058866847 60.428785742934565 64.70783886121338
1.008492580401667 3343.1376652761405 0.022727272727272728 1.2793219441020027 5157.889546596922 0.045454545454545456 move_t 100 3106.3447070121765 65.58190770337228 74.19688621178057 64.3952783885318 40.71031565493293 81.39581058866847 60.428785742934565 64.70783886121338
1.008492580401667 3343.1376652761405 0.022727272727272728 1.2526114233191548 4986.11715029105 0.045454545454545456 t_multiswap_k 100 3112.467775583267 65.58190770337228 74.19688621178057 64.3952783885318 40.71031565493293 81.39581058866847 60.428785742934565 65.22076047260124
1.008492580401667 3343.1376652761405 0.022727272727272728 1.2734736225354233 5047.201354373896 0.022727272727272728 t_multiswap_k 100 3117.3720409870148 65.58190770337228 74.19688621178057 64.3952783885318 40.71031565493293 81.39581058866847 60.428785742934565 65.72855286787522
1.008492580401667 3343.1376652761405 0.022727272727272728 1.303749634611879 5241.903029688958 0.022727272727272728 t_move_k 100 3123.0202956199646 66.11608862633855 74.19688621178057 64.3952783885318 40.71031565493293 81.39581058866847 60.428785742934565 65.72855286787522
1.008492580401667 3343.1376652761405 0.022727272727272728 1.2755367256339052 5060.468941551749 0.022727272727272728 move_t 100 3127.169169187546 66.11608862633855 74.45491734966276 64.3952783885318 40.71031565493293 81.39581058866847 60.428785742934565 65.72855286787522
1.008492580401667 3343.1376652761405 0.022727272727272728 1.2784226475065457 5079.027984995533 0.022727272727272728 move_t 100 3131.805689096451 66.11608862633855 74.79036817616614 64.3952783885318 40.71031565493293 81.39581058866847 60.428785742934565 65.72855286787522
1.008492580401667 3343.1376652761405 0.022727272727272728 1.2696272691173838 5022.465882196948 0.022727272727272728 t_multiswap_k 100 3134.668205499649 66.11608862633855 74.79036817616614 64.3952783885318 40.71031565493293 81.39581058866847 60.428785742934565 66.07126733919647
1.008492580401667 3343.1376652761405 0.022727272727272728 1.2676009441373723 5009.434811019387 0.022727272727272728 t_swap_r_k 100 3138.044890642166 66.11608862633855 74.79036817616614 64.3952783885318 40.71031565493293 81.39581058866847 60.864497885505216 66.07126733919647
1.008492580401667 3343.1376652761405 0.022727272727272728 1.291738930009343 5124.908747530634 0.045454545454545456 swap_t 100 3141.8759758472443 66.11608862633855 74.79036817616614 64.3952783885318 40.71031565493293 81.59185248278179 60.864497885505216 66.07126733919647
1.008492580401667 3343.1376652761405 0.022727272727272728 1.2583818438863683 5023.226084878333 0.045454545454545456 t_swap_k 100 3146.239762544632 66.11608862633855 74.79036817616614 64.8613256046465 40.71031565493293 81.59185248278179 60.864497885505216 66.07126733919647
1.008492580401667 3343.1376652761405 0.022727272727272728 1.2442005555516424 4932.0277926486815 0.045454545454545456 t_multiswap_k 100 3150.556876897812 66.11608862633855 74.79036817616614 64.8613256046465 40.71031565493293 81.59185248278179 60.864497885505216 66.4405546658045
1.008492580401667 3343.1376652761405 0.022727272727272728 1.2487809652514137 4961.48389934869 0.045454545454545456 f_swap_t 100 3157.497876882553 66.11608862633855 74.79036817616614 64.8613256046465 41.3132124983836 81.59185248278179 60.864497885505216 66.4405546658045
1.008492580401667 3343.1376652761405 0.022727272727272728 1.2582989099969253 5022.6927462347185 0.045454545454545456 t_move_k 100 3162.5872938632965 66.58492774007517 74.79036817616614 64.8613256046465 41.3132124983836 81.59185248278179 60.864497885505216 66.4405546658045
1.008492580401667 3343.1376652761405 0.022727272727272728 1.3123526785118695 5297.228250722271 0.022727272727272728 t_swap_k 100 3168.0226798057556 66.58492774007517 74.79036817616614 65.37271234860003 41.3132124983836 81.59185248278179 60.864497885505216 66.4405546658045
1.008492580401667 3343.1376652761405 0.022727272727272728 1.2673876370537305 5008.063056825448 0.022727272727272728 t_swap_r_k 100 3170.5543682575226 66.58492774007517 74.79036817616614 65.37271234860003 41.3132124983836 81.59185248278179 61.32585290665016 66.4405546658045
1.008492580401667 3343.1376652761405 0.022727272727272728 1.27540297103165 5059.608780541295 0.022727272727272728 t_multiswap_k 100 3174.4388687610626 66.58492774007517 74.79036817616614 65.37271234860003 41.3132124983836 81.59185248278179 61.32585290665016 66.90614911914645
1.008492580401667 3343.1376652761405 0.022727272727272728 1.2595631360202248 4957.7445586070935 0.022727272727272728 move_t 100 3178.7676084041595 66.58492774007517 75.04246449440448 65.37271234860003 41.3132124983836 81.59185248278179 61.32585290665016 66.90614911914645
1.008492580401667 3343.1376652761405 0.022727272727272728 1.3487427168269397 5540.566297795424 0.022727272727272728 swap_t 100 3184.55215883255 66.58492774007517 75.04246449440448 65.37271234860003 41.3132124983836 81.84593395795397 61.32585290665016 66.90614911914645
1.008492580401667 3343.1376652761405 0.022727272727272728 1.3013450846515489 5226.439635617348 0.022727272727272728 t_swap_r_k 100 3187.4393451213837 66.58492774007517 75.04246449440448 65.37271234860003 41.3132124983836 81.84593395795397 61.75259437758366 66.90614911914645
1.008492580401667 3343.1376652761405 0.022727272727272728 1.3254257448966982 5308.221405571051 0.0 t_swap_k 100 3194.0405824184418 66.58492774007517 75.04246449440448 65.90898522511404 41.3132124983836 81.84593395795397 61.75259437758366 66.90614911914645
1.008492580401667 3343.1376652761405 0.022727272727272728 1.359357786325584 5530.230571445371 0.022727272727272728 swap_t 100 3199.556282043457 66.58492774007517 75.04246449440448 65.90898522511404 41.3132124983836 82.13747461837444 61.75259437758366 66.90614911914645
1.008492580401667 3343.1376652761405 0.022727272727272728 1.3161347238219958 5248.471879640624 0.0 t_swap_r_k 100 3201.4845695495605 66.58492774007517 75.04246449440448 65.90898522511404 41.3132124983836 82.13747461837444 62.17506843380782 66.90614911914645
1.008492580401667 3343.1376652761405 0.022727272727272728 1.309970836450551 5276.904703822023 0.0 swap_t 100 3206.5152759552 66.58492774007517 75.04246449440448 65.90898522511404 41.3132124983836 82.3760998721907 62.17506843380782 66.90614911914645
1.008492580401667 3343.1376652761405 0.022727272727272728 1.2707721006676123 5102.906451856652 0.045454545454545456 t_swap_r_k 100 3209.140112400055 66.58492774007517 75.04246449440448 65.90898522511404 41.3132124983836 82.3760998721907 62.59331774946975 66.90614911914645
1.008492580401667 3343.1376652761405 0.022727272727272728 1.2707721006676123 5102.906451856652 0.045454545454545456 t_swap_r_k 100 3212.1110582351685 66.58492774007517 75.04246449440448 65.90898522511404 41.3132124983836 82.3760998721907 63.00738457197505 66.90614911914645
1.008492580401667 3343.1376652761405 0.022727272727272728 1.2724413292867625 5113.641075948215 0.045454545454545456 move_t 100 3215.135234594345 66.58492774007517 75.33203984946044 65.90898522511404 41.3132124983836 82.3760998721907 63.00738457197505 66.90614911914645
1.008492580401667 3343.1376652761405 0.022727272727272728 1.334415815747536 5462.964151093203 0.022727272727272728 move_t 100 3220.542926311493 66.58492774007517 75.74871945096584 65.90898522511404 41.3132124983836 82.3760998721907 63.00738457197505 66.90614911914645
1.008492580401667 3343.1376652761405 0.022727272727272728 1.3014263561129917 5224.913157536009 0.022727272727272728 move_t 100 3225.2249853610992 66.58492774007517 76.05123225645617 65.90898522511404 41.3132124983836 82.3760998721907 63.00738457197505 66.90614911914645
1.008492580401667 3343.1376652761405 0.022727272727272728 1.2889634580819096 5146.814768572557 0.022727272727272728 t_swap_r_k 100 3228.2400929927826 66.58492774007517 76.05123225645617 65.90898522511404 41.3132124983836 82.3760998721907 63.4473107262553 66.90614911914645
1.008492580401667 3343.1376652761405 0.022727272727272728 1.2710348574666965 5031.517926735478 0.022727272727272728 t_multiswap_k 100 3232.2756702899933 66.58492774007517 76.05123225645617 65.90898522511404 41.3132124983836 82.3760998721907 63.4473107262553 67.29708762795498
1.008492580401667 3343.1376652761405 0.022727272727272728 1.267080824083401 5006.089976646306 0.022727272727272728 t_swap_k 100 3236.4827196598053 66.58492774007517 76.05123225645617 66.2498953728629 41.3132124983836 82.3760998721907 63.4473107262553 67.29708762795498
1.008492580401667 3343.1376652761405 0.022727272727272728 1.2860778786279705 5201.336212135402 0.045454545454545456 t_move_k 100 3241.7416298389435 67.05907846267442 76.05123225645617 66.2498953728629 41.3132124983836 82.3760998721907 63.4473107262553 67.29708762795498
1.008492580401667 3343.1376652761405 0.022727272727272728 1.2699375758899638 5097.53971558076 0.045454545454545456 t_move_k 100 3245.9274752140045 67.51848767804768 76.05123225645617 66.2498953728629 41.3132124983836 82.3760998721907 63.4473107262553 67.29708762795498
1.008492580401667 3343.1376652761405 0.022727272727272728 1.2673640007610296 5080.989339398872 0.045454545454545456 f_swap_t 100 3254.9552330970764 67.51848767804768 76.05123225645617 66.2498953728629 41.97008037339976 82.3760998721907 63.4473107262553 67.29708762795498
1.008492580401667 3343.1376652761405 0.022727272727272728 1.2577379427080242 5019.085227824757 0.045454545454545456 t_multiswap_k 100 3258.0977239608765 67.51848767804768 76.05123225645617 66.2498953728629 41.97008037339976 82.3760998721907 63.4473107262553 67.74411675167543
1.008492580401667 3343.1376652761405 0.022727272727272728 1.2407472878396641 4909.8202110446155 0.045454545454545456 t_swap_r_k 100 3260.5012726783752 67.51848767804768 76.05123225645617 66.2498953728629 41.97008037339976 82.3760998721907 63.88283761899275 67.74411675167543
1.008492580401667 3343.1376652761405 0.022727272727272728 1.2754308571313377 5059.788112955139 0.022727272727272728 t_move_k 100 3264.8339128494263 68.0633028012672 76.05123225645617 66.2498953728629 41.97008037339976 82.3760998721907 63.88283761899275 67.74411675167543
1.008492580401667 3343.1376652761405 0.022727272727272728 1.359838989653634 5529.529165334207 0.0 f_swap_t 100 3272.285150527954 68.0633028012672 76.05123225645617 66.2498953728629 42.770379569665764 82.3760998721907 63.88283761899275 67.74411675167543
1.008492580401667 3343.1376652761405 0.022727272727272728 1.310735562759385 5213.750473745702 0.0 t_swap_r_k 100 3275.291615009308 68.0633028012672 76.05123225645617 66.2498953728629 42.770379569665764 82.3760998721907 64.28400924280282 67.74411675167543
1.008492580401667 3343.1376652761405 0.022727272727272728 1.3391033067962272 5396.180288971507 0.0 t_swap_k 100 3281.075743198395 68.0633028012672 76.05123225645617 66.92739641913427 42.770379569665764 82.3760998721907 64.28400924280282 67.74411675167543
1.008492580401667 3343.1376652761405 0.022727272727272728 1.3102609533333633 5283.776598122668 0.022727272727272728 swap_t 100 3286.7633810043335 68.0633028012672 76.05123225645617 66.92739641913427 42.770379569665764 82.58233887346879 64.28400924280282 67.74411675167543
1.008492580401667 3343.1376652761405 0.022727272727272728 1.2800990874994609 5089.808984631863 0.022727272727272728 t_move_k 100 3291.6621899604797 68.47266977325452 76.05123225645617 66.92739641913427 42.770379569665764 82.58233887346879 64.28400924280282 67.74411675167543
1.008492580401667 3343.1376652761405 0.022727272727272728 1.2591659969449154 4955.190601266194 0.022727272727272728 t_multiswap_k 100 3294.790927886963 68.47266977325452 76.05123225645617 66.92739641913427 42.770379569665764 82.58233887346879 64.28400924280282 68.24667558415868
1.008492580401667 3343.1376652761405 0.022727272727272728 1.2376822193031667 4817.03081032736 0.022727272727272728 swap_t 100 3299.5642189979553 68.47266977325452 76.05123225645617 66.92739641913427 42.770379569665764 82.7565154847341 64.28400924280282 68.24667558415868
1.008492580401667 3343.1376652761405 0.022727272727272728 1.2247579209947388 4806.994366475904 0.045454545454545456 t_multiswap_k 100 3302.637656211853 68.47266977325452 76.05123225645617 66.92739641913427 42.770379569665764 82.7565154847341 64.28400924280282 68.6842088283171
1.008492580401667 3343.1376652761405 0.022727272727272728 1.202418956675988 4663.334964878343 0.045454545454545456 t_multiswap_k 100 3305.0625443458557 68.47266977325452 76.05123225645617 66.92739641913427 42.770379569665764 82.7565154847341 64.28400924280282 69.11736674003393
1.008492580401667 3343.1376652761405 0.022727272727272728 1.1843251886594712 4473.897664854631 0.022727272727272728 move_t 100 3309.2319824695587 68.47266977325452 76.35071993389161 66.92739641913427 42.770379569665764 82.7565154847341 64.28400924280282 69.11736674003393
1.008492580401667 3343.1376652761405 0.022727272727272728 1.2031733123480006 4595.107857578659 0.022727272727272728 t_swap_k 100 3314.212422609329 68.47266977325452 76.35071993389161 67.33812245494292 42.770379569665764 82.7565154847341 64.28400924280282 69.11736674003393
1.008492580401667 3343.1376652761405 0.022727272727272728 1.2062789761112043 4615.080036745916 0.022727272727272728 t_move_k 100 3319.334170103073 68.88794307552197 76.35071993389161 67.33812245494292 42.770379569665764 82.7565154847341 64.28400924280282 69.11736674003393
1.008492580401667 3343.1376652761405 0.022727272727272728 1.1957493822942666 4547.36538689812 0.022727272727272728 f_swap_t 100 3324.064868450165 68.88794307552197 76.35071993389161 67.33812245494292 43.342675773969106 82.7565154847341 64.28400924280282 69.11736674003393
1.008492580401667 3343.1376652761405 0.022727272727272728 1.2391058566351871 4899.264349043404 0.045454545454545456 t_multiswap_k 100 3327.6158277988434 68.88794307552197 76.35071993389161 67.33812245494292 43.342675773969106 82.7565154847341 64.28400924280282 69.61619307263359
1.008492580401667 3343.1376652761405 0.022727272727272728 1.2222766148155806 4717.959076725206 0.022727272727272728 f_swap_t 100 3335.4773111343384 68.88794307552197 76.35071993389161 67.33812245494292 43.90924901622942 82.7565154847341 64.28400924280282 69.61619307263359
1.008492580401667 3343.1376652761405 0.022727272727272728 1.1934009403834946 4605.34110241941 0.045454545454545456 move_t 100 3340.886074066162 68.88794307552197 76.6772127345527 67.33812245494292 43.90924901622942 82.7565154847341 64.28400924280282 69.61619307263359
1.008492580401667 3343.1376652761405 0.022727272727272728 1.2072331277306674 4694.294364921926 0.045454545454545456 t_swap_k 100 3344.810284137726 68.88794307552197 76.6772127345527 67.6747412303935 43.90924901622942 82.7565154847341 64.28400924280282 69.61619307263359
1.008492580401667 3343.1376652761405 0.022727272727272728 1.2005342926659033 4651.214899684722 0.045454545454545456 t_swap_k 100 3348.756368637085 68.88794307552197 76.6772127345527 68.06799381808956 43.90924901622942 82.7565154847341 64.28400924280282 69.61619307263359
1.008492580401667 3343.1376652761405 0.022727272727272728 1.2379237837432597 4891.6625693961505 0.045454545454545456 t_move_k 100 3354.7033121585846 69.38906364476675 76.6772127345527 68.06799381808956 43.90924901622942 82.7565154847341 64.28400924280282 69.61619307263359
1.008492580401667 3343.1376652761405 0.022727272727272728 1.271367849016091 5033.659358452743 0.022727272727272728 t_multiswap_k 100 3358.8997654914856 69.38906364476675 76.6772127345527 68.06799381808956 43.90924901622942 82.7565154847341 64.28400924280282 70.09003114190726
1.008492580401667 3343.1376652761405 0.022727272727272728 1.256344122525073 4937.04343988693 0.022727272727272728 t_swap_k 100 3363.982224225998 69.38906364476675 76.6772127345527 68.44731387990866 43.90924901622942 82.7565154847341 64.28400924280282 70.09003114190726
1.008492580401667 3343.1376652761405 0.022727272727272728 1.2784145581083999 5078.97596297337 0.022727272727272728 t_swap_k 100 3369.086127758026 69.38906364476675 76.6772127345527 68.95284074110958 43.90924901622942 82.7565154847341 64.28400924280282 70.09003114190726
1.008492580401667 3343.1376652761405 0.022727272727272728 1.2202546784046553 4704.956227948639 0.022727272727272728 t_multiswap_k 100 3373.529366493225 69.38906364476675 76.6772127345527 68.95284074110958 43.90924901622942 82.7565154847341 64.28400924280282 70.50913083048819
1.008492580401667 3343.1376652761405 0.022727272727272728 1.2090616846322813 4632.975326574675 0.022727272727272728 t_swap_r_k 100 3377.6179814338684 69.38906364476675 76.6772127345527 68.95284074110958 43.90924901622942 82.7565154847341 64.6811691503748 70.50913083048819
1.008492580401667 3343.1376652761405 0.022727272727272728 1.2064117907305234 4615.934152830375 0.022727272727272728 t_swap_r_k 100 3381.135849714279 69.38906364476675 76.6772127345527 68.95284074110958 43.90924901622942 82.7565154847341 65.10435745887105 70.50913083048819
1.008492580401667 3343.1376652761405 0.022727272727272728 1.194586693620939 4612.966549960442 0.045454545454545456 swap_t 100 3385.8860907554626 69.38906364476675 76.6772127345527 68.95284074110958 43.90924901622942 82.95895032988675 65.10435745887105 70.50913083048819
1.008492580401667 3343.1376652761405 0.022727272727272728 1.192943706004237 4607.990753450851 0.045454545454545456 move_t 100 3391.268034219742 69.38906364476675 76.94044060720717 68.95284074110958 43.90924901622942 82.95895032988675 65.10435745887105 70.50913083048819
1.008492580401667 3343.1376652761405 0.022727272727272728 1.192943706004237 4607.990753450851 0.045454545454545456 move_t 100 3394.675635576248 69.38906364476675 77.1710362011351 68.95284074110958 43.90924901622942 82.95895032988675 65.10435745887105 70.50913083048819
1.008492580401667 3343.1376652761405 0.022727272727272728 1.192943706004237 4607.990753450851 0.045454545454545456 t_swap_r_k 100 3396.5021109580994 69.38906364476675 77.1710362011351 68.95284074110958 43.90924901622942 82.95895032988675 65.49331388428234 70.50913083048819
1.008492580401667 3343.1376652761405 0.022727272727272728 1.192943706004237 4607.990753450851 0.045454545454545456 move_t 100 3400.650209903717 69.38906364476675 77.39932583912375 68.95284074110958 43.90924901622942 82.95895032988675 65.49331388428234 70.50913083048819
1.008492580401667 3343.1376652761405 0.022727272727272728 1.192943706004237 4607.990753450851 0.045454545454545456 swap_t 100 3405.640645265579 69.38906364476675 77.39932583912375 68.95284074110958 43.90924901622942 83.12936082658788 65.49331388428234 70.50913083048819
1.008492580401667 3343.1376652761405 0.022727272727272728 1.192943706004237 4607.990753450851 0.045454545454545456 move_t 100 3411.2267067432404 69.38906364476675 77.6253325807325 68.95284074110958 43.90924901622942 83.12936082658788 65.49331388428234 70.50913083048819
1.008492580401667 3343.1376652761405 0.022727272727272728 1.224210212675898 4730.393830081714 0.022727272727272728 t_multiswap_k 100 3415.044721841812 69.38906364476675 77.6253325807325 68.95284074110958 43.90924901622942 83.12936082658788 65.49331388428234 70.99403952218331
1.008492580401667 3343.1376652761405 0.022727272727272728 1.2040353395847976 4600.6514591186415 0.022727272727272728 t_swap_r_k 100 3417.8833940029144 69.38906364476675 77.6253325807325 68.95284074110958 43.90924901622942 83.12936082658788 65.87838074543951 70.99403952218331
1.008492580401667 3343.1376652761405 0.022727272727272728 1.2274312317641087 4751.107846548372 0.022727272727272728 t_swap_k 100 3423.6628444194794 69.38906364476675 77.6253325807325 69.36331233369849 43.90924901622942 83.12936082658788 65.87838074543951 70.99403952218331
1.008492580401667 3343.1376652761405 0.022727272727272728 1.2265553775392628 4745.475325181997 0.022727272727272728 f_swap_t 100 3429.3451414108276 69.38906364476675 77.6253325807325 69.36331233369849 44.51015652606712 83.12936082658788 65.87838074543951 70.99403952218331
1.008492580401667 3343.1376652761405 0.022727272727272728 1.2669828673536372 5005.460027782986 0.022727272727272728 t_multiswap_k 100 3434.652886867523 69.38906364476675 77.6253325807325 69.36331233369849 44.51015652606712 83.12936082658788 65.87838074543951 71.59409912696148
1.008492580401667 3343.1376652761405 0.022727272727272728 1.2547621273467384 4926.869804376934 0.022727272727272728 move_t 100 3440.3124816417694 69.38906364476675 77.91907925492518 69.36331233369849 44.51015652606712 83.12936082658788 65.87838074543951 71.59409912696148
1.008492580401667 3343.1376652761405 0.022727272727272728 1.247337783869419 4806.046390065233 0.0 t_swap_r_k 100 3444.800627231598 69.38906364476675 77.91907925492518 69.36331233369849 44.51015652606712 83.12936082658788 66.25959693798512 71.59409912696148
1.008492580401667 3343.1376652761405 0.022727272727272728 1.2338256602455764 4792.229706814517 0.022727272727272728 t_swap_k 100 3449.2652819156647 69.38906364476675 77.91907925492518 69.7596792103615 44.51015652606712 83.12936082658788 66.25959693798512 71.59409912696148
1.008492580401667 3343.1376652761405 0.022727272727272728 1.2275792008391644 4678.981134306731 0.0 t_swap_r_k 100 3452.1950216293335 69.38906364476675 77.91907925492518 69.7596792103615 44.51015652606712 83.12936082658788 66.63700096860528 71.59409912696148
1.008492580401667 3343.1376652761405 0.022727272727272728 1.2104808939504492 4592.708565600719 0.022727272727272728 swap_t 100 3455.318772315979 69.38906364476675 77.91907925492518 69.7596792103615 44.51015652606712 83.328067218322 66.63700096860528 71.59409912696148
1.008492580401667 3343.1376652761405 0.022727272727272728 1.1980911486979917 4562.42502688143 0.022727272727272728 move_t 100 3459.4719536304474 69.38906364476675 78.13988846237592 69.7596792103615 44.51015652606712 83.328067218322 66.63700096860528 71.59409912696148
1.008492580401667 3343.1376652761405 0.022727272727272728 1.193275022865456 4531.453055878285 0.022727272727272728 t_multiswap_k 100 3462.5459337234497 69.38906364476675 78.13988846237592 69.7596792103615 44.51015652606712 83.328067218322 66.63700096860528 71.93815813569186
1.008492580401667 3343.1376652761405 0.022727272727272728 1.258961587104777 5002.557198300923 0.022727272727272728 swap_t 100 3466.678258419037 69.38906364476675 78.13988846237592 69.7596792103615 44.51015652606712 83.60478654613878 66.63700096860528 71.93815813569186
1.008492580401667 3343.1376652761405 0.022727272727272728 1.2290127814130236 4761.278616908089 0.022727272727272728 move_t 100 3471.9950025081635 69.38906364476675 78.47848957775216 69.7596792103615 44.51015652606712 83.60478654613878 66.63700096860528 71.93815813569186
1.008492580401667 3343.1376652761405 0.022727272727272728 1.2219781729476187 4716.039830176829 0.022727272727272728 move_t 100 3476.4880805015564 69.38906364476675 78.76370468197463 69.7596792103615 44.51015652606712 83.60478654613878 66.63700096860528 71.93815813569186
1.008492580401667 3343.1376652761405 0.022727272727272728 1.2087013163095266 4630.657837864683 0.022727272727272728 move_t 100 3481.01403093338 69.38906364476675 79.01606763515488 69.7596792103615 44.51015652606712 83.60478654613878 66.63700096860528 71.93815813569186
1.008492580401667 3343.1376652761405 0.022727272727272728 1.2087013163095266 4630.657837864683 0.022727272727272728 t_swap_r_k 100 3484.349199295044 69.38906364476675 79.01606763515488 69.7596792103615 44.51015652606712 83.60478654613878 67.01063095891922 71.93815813569186
1.008492580401667 3343.1376652761405 0.022727272727272728 1.2087013163095266 4630.657837864683 0.022727272727272728 t_multiswap_k 100 3487.8140556812286 69.38906364476675 79.01606763515488 69.7596792103615 44.51015652606712 83.60478654613878 67.01063095891922 72.21877655433495
1.008492580401667 3343.1376652761405 0.022727272727272728 1.215015336300299 4671.262600046429 0.022727272727272728 t_move_k 100 3490.78032040596 69.80517300831909 79.01606763515488 69.7596792103615 44.51015652606712 83.60478654613878 67.01063095891922 72.21877655433495
1.008492580401667 3343.1376652761405 0.022727272727272728 1.2382973881961676 4708.678526476293 0.022727272727272728 swap_t 100 3496.0497081279755 69.80517300831909 79.01606763515488 69.7596792103615 44.51015652606712 83.77873868067739 67.01063095891922 72.21877655433495
1.008492580401667 3343.1376652761405 0.022727272727272728 1.2084152799559125 4628.818369803002 0.022727272727272728 t_swap_k 100 3501.7592780590057 69.80517300831909 79.01606763515488 70.12208241825789 44.51015652606712 83.77873868067739 67.01063095891922 72.21877655433495
1.008492580401667 3343.1376652761405 0.022727272727272728 1.2200408724048053 4703.581265279906 0.022727272727272728 t_move_k 100 3507.04017329216 70.23712127823589 79.01606763515488 70.12208241825789 44.51015652606712 83.77873868067739 67.01063095891922 72.21877655433495
1.008492580401667 3343.1376652761405 0.022727272727272728 1.200920745565686 4580.621850466225 0.022727272727272728 swap_t 100 3511.8169696331024 70.23712127823589 79.01606763515488 70.12208241825789 44.51015652606712 83.94095129387061 67.01063095891922 72.21877655433495
1.008492580401667 3343.1376652761405 0.022727272727272728 1.1991218967734834 4569.053653419799 0.022727272727272728 t_swap_r_k 100 3514.775141477585 70.23712127823589 79.01606763515488 70.12208241825789 44.51015652606712 83.94095129387061 67.38052464933003 72.21877655433495
1.008492580401667 3343.1376652761405 0.022727272727272728 1.1987874355684873 4566.90277051038 0.022727272727272728 f_swap_t 100 3522.5104265213013 70.23712127823589 79.01606763515488 70.12208241825789 45.06505496080645 83.94095129387061 67.38052464933003 72.21877655433495
1.008492580401667 3343.1376652761405 0.022727272727272728 1.2397720901255376 4830.47053776835 0.022727272727272728 t_swap_k 100 3527.297776699066 70.23712127823589 79.01606763515488 70.52086159407531 45.06505496080645 83.94095129387061 67.38052464933003 72.21877655433495
1.008492580401667 3343.1376652761405 0.022727272727272728 1.2411058551180654 4839.047832488208 0.022727272727272728 t_swap_k 100 3531.4274802207947 70.23712127823589 79.01606763515488 70.92565297813456 45.06505496080645 83.94095129387061 67.38052464933003 72.21877655433495
1.008492580401667 3343.1376652761405 0.022727272727272728 1.22306817415906 4723.049507059874 0.022727272727272728 t_swap_k 100 3536.604341506958 70.23712127823589 79.01606763515488 71.21639644835322 45.06505496080645 83.94095129387061 67.38052464933003 72.21877655433495
1.008492580401667 3343.1376652761405 0.022727272727272728 1.2619526526982248 4973.111275307596 0.022727272727272728 t_move_k 100 3541.00612282753 70.63475006545353 79.01606763515488 71.21639644835322 45.06505496080645 83.94095129387061 67.38052464933003 72.21877655433495
1.008492580401667 3343.1376652761405 0.022727272727272728 1.2412164493893774 4839.759051979411 0.022727272727272728 t_move_k 100 3544.8358805179596 71.008402564799 79.01606763515488 71.21639644835322 45.06505496080645 83.94095129387061 67.38052464933003 72.21877655433495
1.008492580401667 3343.1376652761405 0.022727272727272728 1.2352930580313997 4801.66637920492 0.022727272727272728 move_t 100 3549.5989933013916 71.008402564799 79.22590695880334 71.21639644835322 45.06505496080645 83.94095129387061 67.38052464933003 72.21877655433495
1.008492580401667 3343.1376652761405 0.022727272727272728 1.2233732717228176 4814.715054089339 0.022727272727272728 move_t 100 3553.1354715824127 71.008402564799 79.46364788921531 71.21639644835322 45.06505496080645 83.94095129387061 67.38052464933003 72.21877655433495
1.008492580401667 3343.1376652761405 0.022727272727272728 1.2343718895968243 4795.742447182226 0.022727272727272728 t_move_k 100 3556.823452234268 71.338318539151 79.46364788921531 71.21639644835322 45.06505496080645 83.94095129387061 67.38052464933003 72.21877655433495
1.008492580401667 3343.1376652761405 0.022727272727272728 1.2294036153865238 4763.792026838643 0.022727272727272728 t_multiswap_k 100 3559.4256629943848 71.338318539151 79.46364788921531 71.21639644835322 45.06505496080645 83.94095129387061 67.38052464933003 72.4965887887916
1.008492580401667 3343.1376652761405 0.022727272727272728 1.2220790728446715 4716.688706222516 0.022727272727272728 t_move_k 100 3563.6054446697235 71.69493535375949 79.46364788921531 71.21639644835322 45.06505496080645 83.94095129387061 67.38052464933003 72.4965887887916
1.008492580401667 3343.1376652761405 0.022727272727272728 1.253819634199788 4901.516658660077 0.0 swap_t 100 3567.1278550624847 71.69493535375949 79.46364788921531 71.21639644835322 45.06505496080645 84.1415417809319 67.38052464933003 72.4965887887916
1.008492580401667 3343.1376652761405 0.022727272727272728 1.2490398088427086 4890.070208822292 0.022727272727272728 t_move_k 100 3570.5372211933136 72.11798600022189 79.46364788921531 71.21639644835322 45.06505496080645 84.1415417809319 67.38052464933003 72.4965887887916
1.008492580401667 3343.1376652761405 0.022727272727272728 1.241089748390373 4838.944251909047 0.022727272727272728 t_move_k 100 3574.764023542404 72.42680614021967 79.46364788921531 71.21639644835322 45.06505496080645 84.1415417809319 67.38052464933003 72.4965887887916
1.008492580401667 3343.1376652761405 0.022727272727272728 1.2304794873683282 4770.71084021317 0.022727272727272728 t_move_k 100 3578.728803396225 72.76253807881747 79.46364788921531 71.21639644835322 45.06505496080645 84.1415417809319 67.38052464933003 72.4965887887916
1.008492580401667 3343.1376652761405 0.022727272727272728 1.2189370733709335 4696.482856131328 0.022727272727272728 f_swap_t 100 3585.9072093963623 72.76253807881747 79.46364788921531 71.21639644835322 45.614404411198386 84.1415417809319 67.38052464933003 72.4965887887916
1.008492580401667 3343.1376652761405 0.022727272727272728 1.2189370733709335 4696.482856131328 0.022727272727272728 swap_t 100 3589.440470457077 72.76253807881747 79.46364788921531 71.21639644835322 45.614404411198386 84.30012636312259 67.38052464933003 72.4965887887916
1.008492580401667 3343.1376652761405 0.022727272727272728 1.2189370733709335 4696.482856131328 0.022727272727272728 t_swap_r_k 100 3592.7835936546326 72.76253807881747 79.46364788921531 71.21639644835322 45.614404411198386 84.30012636312259 67.74671940283673 72.4965887887916
1.008492580401667 3343.1376652761405 0.022727272727272728 1.2182473229724504 4692.047147828836 0.022727272727272728 t_swap_r_k 100 3596.7338321208954 72.76253807881747 79.46364788921531 71.21639644835322 45.614404411198386 84.30012636312259 68.10925220880837 72.4965887887916
1.008492580401667 3343.1376652761405 0.022727272727272728 1.2182473229724504 4692.047147828836 0.022727272727272728 t_swap_k 100 3602.4381017684937 72.76253807881747 79.46364788921531 71.50423248386969 45.614404411198386 84.30012636312259 68.10925220880837 72.4965887887916