29
6 102 6 20

Solution history:
B_obj   B_dis   B_sim   C_obj   C_dis   C_sim   neighbor   iterations   time   scores
0.9830236065469387 25968.996980270927 0.0 0.9830236065469387 25968.996980270927 0.0 0 0 0 3.0 3.0 3.0 3.0 3.0 3.0 3.0
0.9739789681179115 26041.09376841501 0.0 0.9739789681179115 26041.09376841501 0.0 swap_t 83 3.756559371948242 3.0 3.0 3.0 3.0 4.048192771084337 3.0 3.0
0.973947940869115 26041.09376841501 0.020833333333333332 0.973947940869115 26041.09376841501 0.020833333333333332 t_swap_r_k 2 4.9776530265808105 3.0 3.0 3.0 3.0 4.048192771084337 6.0 3.0
0.973947940869115 26041.09376841501 0.020833333333333332 0.9760658771206907 26154.961246890376 0.020833333333333332 f_swap_t 100 7.376526832580566 3.0 3.0 3.0 3.98 4.048192771084337 6.0 3.0
0.973947940869115 26041.09376841501 0.020833333333333332 0.9915692351216454 26988.4746645658 0.020833333333333332 t_swap_k 100 10.287428379058838 3.0 3.0 3.98 3.98 4.048192771084337 6.0 3.0
0.973947940869115 26041.09376841501 0.020833333333333332 0.9912842656448972 27053.158810102017 0.023809523809523808 move_t 100 12.93979787826538 3.0 4.03 3.98 3.98 4.048192771084337 6.0 3.0
0.973947940869115 26041.09376841501 0.020833333333333332 0.9848542424293879 26707.458825249607 0.023809523809523808 t_swap_r_k 100 17.871315717697144 3.0 4.03 3.98 3.98 4.048192771084337 6.98 3.0
0.973947940869115 26041.09376841501 0.020833333333333332 0.9848542424293879 26707.458825249607 0.023809523809523808 t_swap_r_k 100 25.640880346298218 3.0 4.03 3.98 3.98 4.048192771084337 7.950200000000001 3.0
0.973947940869115 26041.09376841501 0.020833333333333332 0.9848542424293879 26707.458825249607 0.023809523809523808 t_swap_r_k 100 35.89836263656616 3.0 4.03 3.98 3.98 4.048192771084337 8.910698 3.0
0.973947940869115 26041.09376841501 0.020833333333333332 1.0024281924929894 26853.901779215244 0.023809523809523808 move_t 100 37.914121866226196 3.0 5.0597 3.98 3.98 4.048192771084337 8.910698 3.0
0.973947940869115 26041.09376841501 0.020833333333333332 1.0003490497005365 27540.51252651884 0.023809523809523808 f_swap_t 100 41.44801115989685 3.0 5.0597 3.98 4.9402 4.048192771084337 8.910698 3.0
0.973947940869115 26041.09376841501 0.020833333333333332 0.9979568361231921 27411.89896328053 0.023809523809523808 swap_t 100 46.63957500457764 3.0 5.0597 3.98 4.9402 5.037710843373493 8.910698 3.0
0.973947940869115 26041.09376841501 0.020833333333333332 0.997911487376401 27409.460859940416 0.023809523809523808 swap_t 100 49.33390164375305 3.0 5.0597 3.98 4.9402 5.987333734939758 8.910698 3.0
0.973947940869115 26041.09376841501 0.020833333333333332 0.997911487376401 27409.460859940416 0.023809523809523808 move_t 100 52.494457483291626 3.0 6.0091030000000005 3.98 4.9402 5.987333734939758 8.910698 3.0
0.973947940869115 26041.09376841501 0.020833333333333332 1.0119333837320248 28163.325845380783 0.023809523809523808 move_t 100 55.662259101867676 3.0 6.989011970000001 3.98 4.9402 5.987333734939758 8.910698 3.0
0.973947940869115 26041.09376841501 0.020833333333333332 1.0047301244835822 27776.054053411477 0.023809523809523808 swap_t 100 59.247820138931274 3.0 6.989011970000001 3.98 4.9402 6.927460397590361 8.910698 3.0
0.973947940869115 26041.09376841501 0.020833333333333332 1.0029353418630413 27679.560416617467 0.023809523809523808 move_t 100 60.124656677246094 3.0 7.919121850300001 3.98 4.9402 6.927460397590361 8.910698 3.0
0.973947940869115 26041.09376841501 0.020833333333333332 1.0029353418630413 27679.560416617467 0.023809523809523808 t_swap_r_k 100 63.95256280899048 3.0 7.919121850300001 3.98 4.9402 6.927460397590361 9.86159102 3.0
0.973947940869115 26041.09376841501 0.020833333333333332 1.0029353418630413 27679.560416617467 0.023809523809523808 t_swap_r_k 100 69.46968030929565 3.0 7.919121850300001 3.98 4.9402 6.927460397590361 10.8029751098 3.0
0.973947940869115 26041.09376841501 0.020833333333333332 1.0029353418630413 27679.560416617467 0.023809523809523808 move_t 100 73.94869995117188 3.0 8.839930631797001 3.98 4.9402 6.927460397590361 10.8029751098 3.0
0.973947940869115 26041.09376841501 0.020833333333333332 1.0307956251428876 28537.38367989507 0.0 t_multiswap_k 100 75.74230480194092 3.0 8.839930631797001 3.98 4.9402 6.927460397590361 10.8029751098 4.0
0.973947940869115 26041.09376841501 0.020833333333333332 1.0304060989928923 28516.44142515668 0.0 move_t 100 78.98991703987122 3.0 9.751531325479032 3.98 4.9402 6.927460397590361 10.8029751098 4.0
0.973947940869115 26041.09376841501 0.020833333333333332 1.0304060989928923 28516.44142515668 0.0 t_swap_r_k 100 86.94202852249146 3.0 9.751531325479032 3.98 4.9402 6.927460397590361 11.734945358702 4.0
0.973947940869115 26041.09376841501 0.020833333333333332 1.0510042095610346 30121.810647746363 0.027777777777777776 move_t 100 88.63536071777344 3.0 10.714016012224242 3.98 4.9402 6.927460397590361 11.734945358702 4.0
0.973947940869115 26041.09376841501 0.020833333333333332 1.0476915479880933 30085.80674900436 0.023809523809523808 t_multiswap_k 100 91.2386839389801 3.0 10.714016012224242 3.98 4.9402 6.927460397590361 11.734945358702 5.0600000000000005
0.973947940869115 26041.09376841501 0.020833333333333332 1.044578211523466 29918.423159149486 0.023809523809523808 t_swap_k 100 97.84751152992249 3.0 10.714016012224242 4.9402 4.9402 6.927460397590361 11.734945358702 5.0600000000000005
0.973947940869115 26041.09376841501 0.020833333333333332 1.0677591727185616 31164.710717595586 0.023809523809523808 t_swap_k 100 103.31754660606384 3.0 10.714016012224242 6.000798 4.9402 6.927460397590361 11.734945358702 5.0600000000000005
0.973947940869115 26041.09376841501 0.020833333333333332 1.0677591727185616 31164.710717595586 0.023809523809523808 t_swap_r_k 100 112.05197095870972 3.0 10.714016012224242 6.000798 4.9402 6.927460397590361 12.65759590511498 5.0600000000000005
0.973947940869115 26041.09376841501 0.020833333333333332 1.0878299075430395 31603.74128094441 0.0 t_multiswap_k 100 114.00763750076294 3.0 10.714016012224242 6.000798 4.9402 6.927460397590361 12.65759590511498 6.0994
0.973947940869115 26041.09376841501 0.020833333333333332 1.115007724629497 33064.913447857914 0.0 swap_t 100 115.95492362976074 3.0 10.714016012224242 6.000798 4.9402 7.928185793614457 12.65759590511498 6.0994
0.973947940869115 26041.09376841501 0.020833333333333332 1.1055672403269585 33197.40141892869 0.023809523809523808 t_swap_k 100 124.03210234642029 3.0 10.714016012224242 7.07079002 4.9402 7.928185793614457 12.65759590511498 6.0994
0.973947940869115 26041.09376841501 0.020833333333333332 1.0881402897475723 32260.469101672603 0.023809523809523808 t_multiswap_k 100 125.90211939811707 3.0 10.714016012224242 7.07079002 4.9402 7.928185793614457 12.65759590511498 7.158406
0.973947940869115 26041.09376841501 0.020833333333333332 1.0869007299325875 32193.826137113738 0.023809523809523808 swap_t 100 131.00571370124817 3.0 10.714016012224242 7.07079002 4.9402 8.878903935678313 12.65759590511498 7.158406
0.973947940869115 26041.09376841501 0.020833333333333332 1.0869007299325875 32193.826137113738 0.023809523809523808 t_swap_r_k 100 137.06294441223145 3.0 10.714016012224242 7.07079002 4.9402 8.878903935678313 13.57101994606383 7.158406
0.973947940869115 26041.09376841501 0.020833333333333332 1.085582916347603 32122.975982907672 0.023809523809523808 t_multiswap_k 100 140.87789750099182 3.0 10.714016012224242 7.07079002 4.9402 8.878903935678313 13.57101994606383 8.11682194
0.973947940869115 26041.09376841501 0.020833333333333332 1.083598789363476 32122.975982907672 0.027777777777777776 t_swap_r_k 100 150.71119928359985 3.0 10.714016012224242 7.07079002 4.9402 8.878903935678313 14.505309746603192 8.11682194
0.973947940869115 26041.09376841501 0.020833333333333332 1.083598789363476 32122.975982907672 0.027777777777777776 t_swap_r_k 100 161.24610352516174 3.0 10.714016012224242 7.07079002 4.9402 8.878903935678313 15.40025664913716 8.11682194
0.973947940869115 26041.09376841501 0.020833333333333332 1.083598789363476 32122.975982907672 0.027777777777777776 t_swap_r_k 100 166.59686994552612 3.0 10.714016012224242 7.07079002 4.9402 8.878903935678313 16.28625408264579 8.11682194
0.973947940869115 26041.09376841501 0.020833333333333332 1.083598789363476 32122.975982907672 0.027777777777777776 swap_t 100 169.36073446273804 3.0 10.714016012224242 7.07079002 4.9402 9.79011489632153 16.28625408264579 8.11682194
0.973947940869115 26041.09376841501 0.020833333333333332 1.0880425497796176 32224.182320134685 0.027777777777777776 move_t 100 173.30760836601257 3.0 11.646875852102 7.07079002 4.9402 9.79011489632153 16.28625408264579 8.11682194
0.973947940869115 26041.09376841501 0.020833333333333332 1.0865001832668992 32278.964817605036 0.027777777777777776 move_t 100 175.19167757034302 3.0 12.62040709358098 7.07079002 4.9402 9.79011489632153 16.28625408264579 8.11682194
0.973947940869115 26041.09376841501 0.020833333333333332 1.0986875551839304 32187.485460271044 0.0 move_t 100 176.44145274162292 3.0 13.56420302264517 7.07079002 4.9402 9.79011489632153 16.28625408264579 8.11682194
0.973947940869115 26041.09376841501 0.020833333333333332 1.0814187355352347 31259.054801331324 0.0 t_swap_r_k 100 190.62613153457642 3.0 13.56420302264517 7.07079002 4.9402 9.79011489632153 17.163391541819333 8.11682194
0.973947940869115 26041.09376841501 0.020833333333333332 1.080196811341906 31193.359987958705 0.0 t_swap_r_k 100 201.79280734062195 3.0 13.56420302264517 7.07079002 4.9402 9.79011489632153 18.03175762640114 8.11682194
0.973947940869115 26041.09376841501 0.020833333333333332 1.0745754289938554 31531.175909421898 0.023809523809523808 move_t 100 208.25965666770935 3.0 14.458560992418718 7.07079002 4.9402 9.79011489632153 18.03175762640114 8.11682194
0.973947940869115 26041.09376841501 0.020833333333333332 1.0815505338691513 32088.138372265727 0.027777777777777776 move_t 100 209.48875856399536 3.0 15.473975382494531 7.07079002 4.9402 9.79011489632153 18.03175762640114 8.11682194
0.973947940869115 26041.09376841501 0.020833333333333332 1.0815505338691513 32088.138372265727 0.027777777777777776 f_swap_t 100 212.12827825546265 3.0 15.473975382494531 7.07079002 5.890798 9.79011489632153 18.03175762640114 8.11682194
0.973947940869115 26041.09376841501 0.020833333333333332 1.0815505338691513 32088.138372265727 0.027777777777777776 t_swap_r_k 100 220.65826392173767 3.0 15.473975382494531 7.07079002 5.890798 9.79011489632153 18.89144005013713 8.11682194
0.973947940869115 26041.09376841501 0.020833333333333332 1.0762900917244065 31730.035463342672 0.027777777777777776 t_multiswap_k 100 221.82224488258362 3.0 15.473975382494531 7.07079002 5.890798 9.79011489632153 18.89144005013713 9.125653720599999
0.973947940869115 26041.09376841501 0.020833333333333332 1.0691072391196594 31319.481963350376 0.027777777777777776 move_t 100 223.61887788772583 3.0 16.409235628669585 7.07079002 5.890798 9.79011489632153 18.89144005013713 9.125653720599999
0.973947940869115 26041.09376841501 0.020833333333333332 1.0685393192428136 31313.327492052886 0.027777777777777776 t_multiswap_k 100 224.73777174949646 3.0 16.409235628669585 7.07079002 5.890798 9.79011489632153 18.89144005013713 10.104397183394
0.973947940869115 26041.09376841501 0.020833333333333332 1.0685393192428136 31313.327492052886 0.027777777777777776 move_t 100 231.13177132606506 3.0 17.24514327238289 7.07079002 5.890798 9.79011489632153 18.89144005013713 10.104397183394
0.973947940869115 26041.09376841501 0.020833333333333332 1.0824282081317025 31313.327492052886 0.0 t_swap_r_k 100 238.13898468017578 3.0 17.24514327238289 7.07079002 5.890798 9.79011489632153 19.74252564963576 10.104397183394
0.973947940869115 26041.09376841501 0.020833333333333332 1.070332960054491 30663.045691049017 0.0 t_swap_k 100 241.0213165283203 3.0 17.24514327238289 8.0300821198 5.890798 9.79011489632153 19.74252564963576 10.104397183394
0.973947940869115 26041.09376841501 0.020833333333333332 1.0549691183045715 30477.073757512284 0.023809523809523808 t_multiswap_k 100 243.83234238624573 3.0 17.24514327238289 8.0300821198 5.890798 9.79011489632153 19.74252564963576 11.033353211560058
0.973947940869115 26041.09376841501 0.020833333333333332 1.0488543646437132 30254.99717524852 0.027777777777777776 t_multiswap_k 100 246.6728127002716 3.0 17.24514327238289 8.0300821198 5.890798 9.79011489632153 19.74252564963576 12.013019679444458
0.973947940869115 26041.09376841501 0.020833333333333332 1.0434665143137465 29965.327960219256 0.027777777777777776 t_multiswap_k 100 249.18593859672546 3.0 17.24514327238289 8.0300821198 5.890798 9.79011489632153 19.74252564963576 12.952889482650013
0.973947940869115 26041.09376841501 0.020833333333333332 1.0610228580470715 29970.58387679815 0.027777777777777776 move_t 100 250.7048945426941 3.0 18.082691839659063 8.0300821198 5.890798 9.79011489632153 19.74252564963576 12.952889482650013
0.973947940869115 26041.09376841501 0.020833333333333332 1.0987508978385103 32830.93159198908 0.023809523809523808 f_swap_t 100 253.70140600204468 3.0 18.082691839659063 8.0300821198 6.90189002 9.79011489632153 19.74252564963576 12.952889482650013
0.973947940869115 26041.09376841501 0.020833333333333332 1.0858719518439255 32138.515517268836 0.023809523809523808 t_swap_r_k 100 260.6707706451416 3.0 18.082691839659063 8.0300821198 6.90189002 9.79011489632153 20.585100393139403 12.952889482650013
0.973947940869115 26041.09376841501 0.020833333333333332 1.0840041863438181 32038.098071879587 0.023809523809523808 t_swap_r_k 100 270.4679362773895 3.0 18.082691839659063 8.0300821198 6.90189002 9.79011489632153 21.41924938920801 12.952889482650013
0.973947940869115 26041.09376841501 0.020833333333333332 1.0840041863438181 32038.098071879587 0.023809523809523808 t_swap_r_k 100 274.52719020843506 3.0 18.082691839659063 8.0300821198 6.90189002 9.79011489632153 22.24505689531593 12.952889482650013
0.973947940869115 26041.09376841501 0.020833333333333332 1.1034700642443878 32154.417030598033 0.023809523809523808 move_t 100 275.93942856788635 3.0 18.911864921262474 8.0300821198 6.90189002 9.79011489632153 22.24505689531593 12.952889482650013
0.973947940869115 26041.09376841501 0.020833333333333332 1.083487624177201 32010.325927489164 0.023809523809523808 t_swap_k 100 279.0520451068878 3.0 18.911864921262474 9.009781298602 6.90189002 9.79011489632153 22.24505689531593 12.952889482650013
0.973947940869115 26041.09376841501 0.020833333333333332 1.0815901397244683 31908.310689817055 0.023809523809523808 t_swap_r_k 100 285.8072612285614 3.0 18.911864921262474 9.009781298602 6.90189002 9.79011489632153 23.062606326362772 12.952889482650013
0.973947940869115 26041.09376841501 0.020833333333333332 1.0907740694398789 32402.070083382732 0.023809523809523808 t_swap_k 100 290.0331950187683 3.0 18.911864921262474 9.99968348561598 6.90189002 9.79011489632153 23.062606326362772 12.952889482650013
0.973947940869115 26041.09376841501 0.020833333333333332 1.0838251344620489 32028.471631858953 0.023809523809523808 t_swap_r_k 100 296.3631091117859 3.0 18.911864921262474 9.99968348561598 6.90189002 9.79011489632153 23.871980263099143 12.952889482650013
0.973947940869115 26041.09376841501 0.020833333333333332 1.1439963446492438 35263.48117274081 0.023809523809523808 t_swap_k 100 302.21799755096436 3.0 18.911864921262474 11.029686650759821 6.90189002 9.79011489632153 23.871980263099143 12.952889482650013
0.973947940869115 26041.09376841501 0.020833333333333332 1.130967126694766 34562.985964786116 0.023809523809523808 t_multiswap_k 100 305.0726640224457 3.0 18.911864921262474 11.029686650759821 6.90189002 9.79011489632153 23.871980263099143 13.943360587823513
0.973947940869115 26041.09376841501 0.020833333333333332 1.1384442066830658 34324.93867939524 0.0 t_swap_r_k 100 323.2889621257782 3.0 18.911864921262474 11.029686650759821 6.90189002 9.79011489632153 24.673260460468153 13.943360587823513
0.973947940869115 26041.09376841501 0.020833333333333332 1.134536962734934 34646.90723170779 0.027777777777777776 swap_t 100 324.8424611091614 3.0 18.911864921262474 11.029686650759821 6.90189002 10.752213747358315 24.673260460468153 13.943360587823513
0.973947940869115 26041.09376841501 0.020833333333333332 1.1331180842750828 34785.30221830191 0.027777777777777776 swap_t 100 327.23264479637146 3.0 18.911864921262474 11.029686650759821 6.90189002 11.674691609884732 24.673260460468153 13.943360587823513
0.973947940869115 26041.09376841501 0.020833333333333332 1.1331180842750828 34785.30221830191 0.027777777777777776 move_t 100 328.43157029151917 3.0 19.72274627204985 11.029686650759821 6.90189002 11.674691609884732 24.673260460468153 13.943360587823513
0.973947940869115 26041.09376841501 0.020833333333333332 1.1475439573108557 35454.21293253031 0.023809523809523808 t_swap_k 100 337.2842786312103 3.0 19.72274627204985 12.089389784252223 6.90189002 11.674691609884732 24.673260460468153 13.943360587823513
0.973947940869115 26041.09376841501 0.020833333333333332 1.1398955621876388 35043.00911729931 0.023809523809523808 t_swap_r_k 100 347.33396196365356 3.0 19.72274627204985 12.089389784252223 6.90189002 11.674691609884732 25.466527855863472 13.943360587823513
0.973947940869115 26041.09376841501 0.020833333333333332 1.1398955621876388 35043.00911729931 0.023809523809523808 t_multiswap_k 100 349.9693810939789 3.0 19.72274627204985 12.089389784252223 6.90189002 11.674691609884732 25.466527855863472 14.803926981945278
0.973947940869115 26041.09376841501 0.020833333333333332 1.1398955621876388 35043.00911729931 0.023809523809523808 t_swap_r_k 100 355.98620200157166 3.0 19.72274627204985 12.089389784252223 6.90189002 11.674691609884732 26.281862577304835 14.803926981945278
0.973947940869115 26041.09376841501 0.020833333333333332 1.1352723070070168 34794.447146005834 0.023809523809523808 t_swap_k 100 359.3977036476135 3.0 19.72274627204985 12.998495886409701 6.90189002 11.674691609884732 26.281862577304835 14.803926981945278
0.973947940869115 26041.09376841501 0.020833333333333332 1.1334123492527552 34463.71498747139 0.023809523809523808 swap_t 100 361.6572494506836 3.0 19.72274627204985 12.998495886409701 6.90189002 12.587944693785884 26.281862577304835 14.803926981945278
0.973947940869115 26041.09376841501 0.020833333333333332 1.1335711496955896 34809.660560994766 0.027777777777777776 t_swap_k 100 366.4802885055542 3.0 19.72274627204985 13.998510927545604 6.90189002 12.587944693785884 26.281862577304835 14.803926981945278
0.973947940869115 26041.09376841501 0.020833333333333332 1.1329842096764835 34671.43122740101 0.023809523809523808 t_multiswap_k 100 368.95708870887756 3.0 19.72274627204985 13.998510927545604 6.90189002 12.587944693785884 26.281862577304835 15.685887712125824
0.973947940869115 26041.09376841501 0.020833333333333332 1.1196608718454117 34435.153592335904 0.041666666666666664 t_multiswap_k 100 372.96084809303284 3.0 19.72274627204985 13.998510927545604 6.90189002 12.587944693785884 26.281862577304835 16.709028835004567
0.973947940869115 26041.09376841501 0.020833333333333332 1.1196608718454117 34435.153592335904 0.041666666666666664 t_swap_r_k 100 388.9234530925751 3.0 19.72274627204985 13.998510927545604 6.90189002 12.587944693785884 27.059043951531788 16.709028835004567
0.973947940869115 26041.09376841501 0.020833333333333332 1.1196608718454117 34435.153592335904 0.041666666666666664 swap_t 100 391.08570289611816 3.0 19.72274627204985 13.998510927545604 6.90189002 13.462065246848026 27.059043951531788 16.709028835004567
0.973947940869115 26041.09376841501 0.020833333333333332 1.1196608718454117 34435.153592335904 0.041666666666666664 t_swap_r_k 100 400.8078956604004 3.0 19.72274627204985 13.998510927545604 6.90189002 13.462065246848026 27.82845351201647 16.709028835004567
0.973947940869115 26041.09376841501 0.020833333333333332 1.1282240189743178 34415.507135297565 0.023809523809523808 move_t 100 404.76344323158264 3.0 20.53551880932935 13.998510927545604 6.90189002 13.462065246848026 27.82845351201647 16.709028835004567
0.973947940869115 26041.09376841501 0.020833333333333332 1.1165706563784878 34342.21864271453 0.041666666666666664 swap_t 100 406.27368450164795 3.0 20.53551880932935 13.998510927545604 6.90189002 14.387444594379545 27.82845351201647 16.709028835004567
0.973947940869115 26041.09376841501 0.020833333333333332 1.1165706563784878 34342.21864271453 0.041666666666666664 t_swap_r_k 100 418.675742149353 3.0 20.53551880932935 13.998510927545604 6.90189002 14.387444594379545 28.590168976896305 16.709028835004567
0.973947940869115 26041.09376841501 0.020833333333333332 1.1165706563784878 34342.21864271453 0.041666666666666664 t_swap_r_k 100 430.00642347335815 3.0 20.53551880932935 13.998510927545604 6.90189002 14.387444594379545 29.34426728712734 16.709028835004567
0.973947940869115 26041.09376841501 0.020833333333333332 1.1294563689840842 34481.76247613079 0.023809523809523808 f_swap_t 100 435.46257615089417 3.0 20.53551880932935 13.998510927545604 7.8428711198 14.387444594379545 29.34426728712734 16.709028835004567
0.973947940869115 26041.09376841501 0.020833333333333332 1.1209523770999397 34024.55886006253 0.023809523809523808 swap_t 100 440.88987469673157 3.0 20.53551880932935 13.998510927545604 7.8428711198 15.30357014843575 29.34426728712734 16.709028835004567
0.973947940869115 26041.09376841501 0.020833333333333332 1.1429573717466663 35207.62244491899 0.023809523809523808 t_swap_k 100 449.33975052833557 3.0 20.53551880932935 14.938525818270149 7.8428711198 15.30357014843575 29.34426728712734 16.709028835004567
0.973947940869115 26041.09376841501 0.020833333333333332 1.1365088340783145 34597.26546802832 0.023809523809523808 swap_t 100 456.3622028827667 3.0 20.53551880932935 14.938525818270149 7.8428711198 16.18053444695139 29.34426728712734 16.709028835004567
0.973947940869115 26041.09376841501 0.020833333333333332 1.1318501504813256 34610.46033609191 0.023809523809523808 move_t 100 459.6304934024811 3.0 21.330163621236057 14.938525818270149 7.8428711198 16.18053444695139 29.34426728712734 16.709028835004567
0.973947940869115 26041.09376841501 0.020833333333333332 1.1298660234971987 34610.46033609191 0.027777777777777776 t_swap_r_k 100 469.3186101913452 3.0 21.330163621236057 14.938525818270149 7.8428711198 16.18053444695139 30.12082461425607 16.709028835004567
0.973947940869115 26041.09376841501 0.020833333333333332 1.1298660234971987 34610.46033609191 0.027777777777777776 swap_t 100 471.52037739753723 3.0 21.330163621236057 14.938525818270149 7.8428711198 17.018729102481878 30.12082461425607 16.709028835004567
0.973947940869115 26041.09376841501 0.020833333333333332 1.1298660234971987 34610.46033609191 0.027777777777777776 move_t 100 474.0270071029663 3.0 22.116861985023696 14.938525818270149 7.8428711198 17.018729102481878 30.12082461425607 16.709028835004567
0.973947940869115 26041.09376841501 0.020833333333333332 1.1323608050327278 34744.58830268498 0.027777777777777776 t_multiswap_k 100 476.10508966445923 3.0 22.116861985023696 14.938525818270149 7.8428711198 17.018729102481878 30.12082461425607 17.551938546654522
0.973947940869115 26041.09376841501 0.020833333333333332 1.1323608050327278 34744.58830268498 0.027777777777777776 t_swap_r_k 100 482.91825580596924 3.0 22.116861985023696 14.938525818270149 7.8428711198 17.018729102481878 30.859616368113507 17.551938546654522
0.973947940869115 26041.09376841501 0.020833333333333332 1.1323608050327278 34744.58830268498 0.027777777777777776 t_swap_r_k 100 496.73566198349 3.0 22.116861985023696 14.938525818270149 7.8428711198 17.018729102481878 31.591020204432372 17.551938546654522
0.973947940869115 26041.09376841501 0.020833333333333332 1.154566082612636 35191.705731060305 0.0 t_move_k 100 498.73088002204895 3.98 22.116861985023696 14.938525818270149 7.8428711198 17.018729102481878 31.591020204432372 17.551938546654522
0.973947940869115 26041.09376841501 0.020833333333333332 1.1471591835379542 35540.19961754892 0.027777777777777776 move_t 100 499.82656359672546 3.98 22.98569336517346 14.938525818270149 7.8428711198 17.018729102481878 31.591020204432372 17.551938546654522
0.973947940869115 26041.09376841501 0.020833333333333332 1.13840904583899 35069.76236272031 0.027777777777777776 t_multiswap_k 100 503.3346028327942 3.98 22.98569336517346 14.938525818270149 7.8428711198 17.018729102481878 31.591020204432372 18.536419161187975
0.973947940869115 26041.09376841501 0.020833333333333332 1.1287008221092627 34547.815134253775 0.027777777777777776 t_swap_r_k 100 515.7219321727753 3.98 22.98569336517346 14.938525818270149 7.8428711198 17.018729102481878 32.315110002388046 18.536419161187975
0.973947940869115 26041.09376841501 0.020833333333333332 1.1318748649482961 34718.46250590371 0.027777777777777776 move_t 100 520.489527463913 3.98 23.765836431521727 14.938525818270149 7.8428711198 17.018729102481878 32.315110002388046 18.536419161187975
0.973947940869115 26041.09376841501 0.020833333333333332 1.1314233610216418 34694.18811444759 0.027777777777777776 swap_t 100 522.3613715171814 3.98 23.765836431521727 14.938525818270149 7.8428711198 17.84854181145706 32.315110002388046 18.536419161187975
0.973947940869115 26041.09376841501 0.020833333333333332 1.1314233610216418 34694.18811444759 0.027777777777777776 move_t 100 523.6619572639465 3.98 24.52817806720651 14.938525818270149 7.8428711198 17.84854181145706 32.315110002388046 18.536419161187975
0.973947940869115 26041.09376841501 0.020833333333333332 1.1250950519366958 34353.95662826408 0.027777777777777776 move_t 100 526.6003363132477 3.98 25.372896286534445 14.938525818270149 7.8428711198 17.84854181145706 32.315110002388046 18.536419161187975
0.973947940869115 26041.09376841501 0.020833333333333332 1.1241404554246264 34302.63426305605 0.027777777777777776 t_swap_r_k 100 530.4148211479187 3.98 25.372896286534445 14.938525818270149 7.8428711198 17.84854181145706 33.03195890236417 18.536419161187975
0.973947940869115 26041.09376841501 0.020833333333333332 1.1241404554246264 34302.63426305605 0.027777777777777776 t_swap_r_k 100 542.3401985168457 3.98 25.372896286534445 14.938525818270149 7.8428711198 17.84854181145706 33.74163931334053 18.536419161187975
0.973947940869115 26041.09376841501 0.020833333333333332 1.1241404554246264 34302.63426305605 0.027777777777777776 t_multiswap_k 100 545.096896648407 3.98 25.372896286534445 14.938525818270149 7.8428711198 17.84854181145706 33.74163931334053 19.351054969576097
0.973947940869115 26041.09376841501 0.020833333333333332 1.126357178073513 34421.81283527235 0.027777777777777776 move_t 100 551.7275495529175 3.98 26.159167323669102 14.938525818270149 7.8428711198 17.84854181145706 33.74163931334053 19.351054969576097
0.973947940869115 26041.09376841501 0.020833333333333332 1.1217095473212593 34171.94035008779 0.027777777777777776 t_swap_k 100 557.0200033187866 3.98 26.159167323669102 15.859140560087447 7.8428711198 17.84854181145706 33.74163931334053 19.351054969576097
0.973947940869115 26041.09376841501 0.020833333333333332 1.1087282951763842 33287.34543513389 0.020833333333333332 t_multiswap_k 100 560.1689615249634 3.98 26.159167323669102 15.859140560087447 7.8428711198 17.84854181145706 33.74163931334053 20.257544419880336
0.973947940869115 26041.09376841501 0.020833333333333332 1.1007178312012187 33043.3540757458 0.027777777777777776 move_t 100 561.0921659469604 3.98 26.95757565043241 15.859140560087447 7.8428711198 17.84854181145706 33.74163931334053 20.257544419880336
0.973947940869115 26041.09376841501 0.020833333333333332 1.0972443613505365 32856.608486418874 0.027777777777777776 t_multiswap_k 100 562.1440303325653 3.98 26.95757565043241 15.859140560087447 7.8428711198 17.84854181145706 33.74163931334053 21.054968975681533
0.973947940869115 26041.09376841501 0.020833333333333332 1.15292295683853 35250.78044486753 0.0 swap_t 100 565.4120161533356 3.98 26.95757565043241 15.859140560087447 7.8428711198 18.73005639334249 33.74163931334053 21.054968975681533
0.973947940869115 26041.09376841501 0.020833333333333332 1.119197480897385 33930.2096531767 0.023809523809523808 t_multiswap_k 100 568.8158226013184 3.98 26.95757565043241 15.859140560087447 7.8428711198 18.73005639334249 33.74163931334053 21.994419285924717
0.973947940869115 26041.09376841501 0.020833333333333332 1.1178272740076587 33856.54265616174 0.023809523809523808 move_t 100 575.8519098758698 3.98 27.687999893928087 15.859140560087447 7.8428711198 18.73005639334249 33.74163931334053 21.994419285924717
0.973947940869115 26041.09376841501 0.020833333333333332 1.1178272740076587 33856.54265616174 0.023809523809523808 move_t 100 579.6791191101074 3.98 28.411119894988804 15.859140560087447 7.8428711198 18.73005639334249 33.74163931334053 21.994419285924717
0.973947940869115 26041.09376841501 0.020833333333333332 1.1146575292192513 33686.126362376766 0.023809523809523808 t_swap_k 100 582.0052349567413 3.98 28.411119894988804 16.790549154486573 7.8428711198 18.73005639334249 33.74163931334053 21.994419285924717
0.973947940869115 26041.09376841501 0.020833333333333332 1.1124937159308275 33569.792377885504 0.023809523809523808 swap_t 100 584.8757317066193 3.98 28.411119894988804 16.790549154486573 7.8428711198 19.542755829409064 33.74163931334053 21.994419285924717
0.973947940869115 26041.09376841501 0.020833333333333332 1.1117129110702841 33527.81364477432 0.023809523809523808 t_swap_r_k 100 595.0050904750824 3.98 28.411119894988804 16.790549154486573 7.8428711198 19.542755829409064 34.444222920207125 21.994419285924717
0.973947940869115 26041.09376841501 0.020833333333333332 1.1112001565574028 33500.246212839 0.023809523809523808 swap_t 100 599.2041094303131 3.98 28.411119894988804 16.790549154486573 7.8428711198 20.377328271114973 34.444222920207125 21.994419285924717
0.973947940869115 26041.09376841501 0.020833333333333332 1.1074661297064898 33299.49219025856 0.023809523809523808 t_multiswap_k 100 602.9232134819031 3.98 28.411119894988804 16.790549154486573 7.8428711198 20.377328271114973 34.444222920207125 22.86447509306547
0.973947940869115 26041.09376841501 0.020833333333333332 1.1022093582298962 33016.87022157769 0.023809523809523808 t_multiswap_k 100 603.8942184448242 3.98 28.411119894988804 16.790549154486573 7.8428711198 20.377328271114973 34.444222920207125 23.635830342134813
0.973947940869115 26041.09376841501 0.020833333333333332 1.1008134521741895 32941.82154972386 0.023809523809523808 f_swap_t 100 606.8483221530914 3.98 28.411119894988804 16.790549154486573 8.794442408602 20.377328271114973 34.444222920207125 23.635830342134813
0.973947940869115 26041.09376841501 0.020833333333333332 1.1027241714134766 33044.548334673185 0.023809523809523808 move_t 100 609.9475784301758 3.98 29.137008696038915 16.790549154486573 8.794442408602 20.377328271114973 34.444222920207125 23.635830342134813
0.973947940869115 26041.09376841501 0.020833333333333332 1.1027241714134766 33044.548334673185 0.023809523809523808 swap_t 100 613.4108853340149 3.98 29.137008696038915 16.790549154486573 8.794442408602 21.173554988403822 34.444222920207125 23.635830342134813
0.973947940869115 26041.09376841501 0.020833333333333332 1.1010026893525062 32951.99558603524 0.023809523809523808 t_swap_k 100 617.9431703090668 3.98 29.137008696038915 17.652643662941706 8.794442408602 21.173554988403822 34.444222920207125 23.635830342134813
0.973947940869115 26041.09376841501 0.020833333333333332 1.1010026893525062 32951.99558603524 0.023809523809523808 f_swap_t 100 625.9903364181519 3.98 29.137008696038915 17.652643662941706 9.70649798451598 21.173554988403822 34.444222920207125 23.635830342134813
0.973947940869115 26041.09376841501 0.020833333333333332 1.1010026893525062 32951.99558603524 0.023809523809523808 t_swap_k 100 631.1263608932495 3.98 29.137008696038915 18.47611722631229 9.70649798451598 21.173554988403822 34.444222920207125 23.635830342134813
0.973947940869115 26041.09376841501 0.020833333333333332 1.0995344650850496 32873.0588403956 0.023809523809523808 t_swap_k 100 637.1037237644196 3.98 29.137008696038915 19.351356054049166 9.70649798451598 21.173554988403822 34.444222920207125 23.635830342134813
0.973947940869115 26041.09376841501 0.020833333333333332 1.0930594558792026 32524.940255227593 0.023809523809523808 t_multiswap_k 100 639.069803237915 3.98 29.137008696038915 19.351356054049166 9.70649798451598 21.173554988403822 34.444222920207125 24.489472038713465
0.973947940869115 26041.09376841501 0.020833333333333332 1.0930594558792026 32524.940255227593 0.023809523809523808 t_swap_r_k 100 648.0782973766327 3.98 29.137008696038915 19.351356054049166 9.70649798451598 21.173554988403822 35.13978069100505 24.489472038713465
0.973947940869115 26041.09376841501 0.020833333333333332 1.0930594558792026 32524.940255227593 0.023809523809523808 t_swap_r_k 100 659.5089020729065 3.98 29.137008696038915 19.351356054049166 9.70649798451598 21.173554988403822 35.828382884095 24.489472038713465
0.973947940869115 26041.09376841501 0.020833333333333332 1.0912908983660534 32429.85656967704 0.023809523809523808 move_t 100 662.1722152233124 3.98 29.905638609078526 19.351356054049166 9.70649798451598 21.173554988403822 35.828382884095 24.489472038713465
0.973947940869115 26041.09376841501 0.020833333333333332 1.0912908983660534 32429.85656967704 0.023809523809523808 t_swap_r_k 100 676.4403324127197 3.98 29.905638609078526 19.351356054049166 9.70649798451598 21.173554988403822 36.51009905525405 24.489472038713465
0.973947940869115 26041.09376841501 0.020833333333333332 1.0867163264107855 32183.911974667182 0.023809523809523808 move_t 100 678.0368678569794 3.98 30.666582222987742 19.351356054049166 9.70649798451598 21.173554988403822 36.51009905525405 24.489472038713465
0.973947940869115 26041.09376841501 0.020833333333333332 1.0986210883155474 32183.911974667182 0.0 t_swap_r_k 100 685.0854249000549 3.98 30.666582222987742 19.351356054049166 9.70649798451598 21.173554988403822 37.18499806470151 24.489472038713465
0.973947940869115 26041.09376841501 0.020833333333333332 1.0863318086735336 32163.23898928467 0.023809523809523808 move_t 100 691.4302296638489 3.98 31.449916400757864 19.351356054049166 9.70649798451598 21.173554988403822 37.18499806470151 24.489472038713465
0.973947940869115 26041.09376841501 0.020833333333333332 1.089162817815433 32315.443699076546 0.023809523809523808 t_swap_k 100 692.8959794044495 3.98 31.449916400757864 20.227842493508675 9.70649798451598 21.173554988403822 37.18499806470151 24.489472038713465
0.973947940869115 26041.09376841501 0.020833333333333332 1.089162817815433 32315.443699076546 0.023809523809523808 t_swap_r_k 100 703.6257839202881 3.98 31.449916400757864 20.227842493508675 9.70649798451598 21.173554988403822 37.853148084054496 24.489472038713465
0.973947940869115 26041.09376841501 0.020833333333333332 1.089162817815433 32315.443699076546 0.023809523809523808 move_t 100 705.1111137866974 3.98 32.135417236750285 20.227842493508675 9.70649798451598 21.173554988403822 37.853148084054496 24.489472038713465
0.973947940869115 26041.09376841501 0.020833333333333332 1.089162817815433 32315.443699076546 0.023809523809523808 t_multiswap_k 100 707.617710351944 3.98 32.135417236750285 20.227842493508675 9.70649798451598 21.173554988403822 37.853148084054496 25.244577318326332
0.973947940869115 26041.09376841501 0.020833333333333332 1.0877447656258017 32239.204375508776 0.023809523809523808 move_t 100 710.4522471427917 3.98 32.84406306438278 20.227842493508675 9.70649798451598 21.173554988403822 37.853148084054496 25.244577318326332
0.973947940869115 26041.09376841501 0.020833333333333332 1.0877447656258017 32239.204375508776 0.023809523809523808 swap_t 100 711.519232749939 3.98 32.84406306438278 20.227842493508675 9.70649798451598 21.961819438519782 37.853148084054496 25.244577318326332
0.973947940869115 26041.09376841501 0.020833333333333332 1.0857606386416747 32239.204375508776 0.027777777777777776 t_swap_r_k 100 718.6083328723907 3.98 32.84406306438278 20.227842493508675 9.70649798451598 21.961819438519782 38.54461660321395 25.244577318326332
0.973947940869115 26041.09376841501 0.020833333333333332 1.0857606386416747 32239.204375508776 0.027777777777777776 t_swap_r_k 100 730.7372295856476 3.98 32.84406306438278 20.227842493508675 9.70649798451598 21.961819438519782 39.19917043718181 25.244577318326332
0.973947940869115 26041.09376841501 0.020833333333333332 1.0908662124502624 32513.697441728884 0.027777777777777776 f_swap_t 100 737.4673898220062 3.98 32.84406306438278 20.227842493508675 10.619433004670821 21.961819438519782 39.19917043718181 25.244577318326332
0.973947940869115 26041.09376841501 0.020833333333333332 1.0908662124502624 32513.697441728884 0.027777777777777776 t_swap_r_k 100 742.5111241340637 3.98 32.84406306438278 20.227842493508675 10.619433004670821 21.961819438519782 39.847178732809994 25.244577318326332
0.973947940869115 26041.09376841501 0.020833333333333332 1.0908662124502624 32513.697441728884 0.027777777777777776 t_swap_r_k 100 749.7142980098724 3.98 32.84406306438278 20.227842493508675 10.619433004670821 21.961819438519782 40.488706945481894 25.244577318326332
0.973947940869115 26041.09376841501 0.020833333333333332 1.0908662124502624 32513.697441728884 0.027777777777777776 swap_t 100 754.3704733848572 3.98 32.84406306438278 20.227842493508675 10.619433004670821 22.742201244134584 40.488706945481894 25.244577318326332
0.973947940869115 26041.09376841501 0.020833333333333332 1.088936757890268 32409.963382020574 0.027777777777777776 move_t 100 761.1248836517334 3.98 33.625622433738954 20.227842493508675 10.619433004670821 22.742201244134584 40.488706945481894 25.244577318326332
0.973947940869115 26041.09376841501 0.020833333333333332 1.089873707845769 32353.66357239304 0.023809523809523808 t_multiswap_k 100 768.2349858283997 3.98 33.625622433738954 20.227842493508675 10.619433004670821 22.742201244134584 40.488706945481894 26.12213154514307
0.973947940869115 26041.09376841501 0.020833333333333332 1.087681989262018 32342.502739773896 0.027777777777777776 t_swap_k 100 774.7122147083282 3.98 33.625622433738954 21.08556406857359 10.619433004670821 22.742201244134584 40.488706945481894 26.12213154514307
0.973947940869115 26041.09376841501 0.020833333333333332 1.1082589378232257 33448.78969512432 0.027777777777777776 t_swap_k 100 778.3474798202515 3.98 33.625622433738954 22.094708427887852 10.619433004670821 22.742201244134584 40.488706945481894 26.12213154514307
0.973947940869115 26041.09376841501 0.020833333333333332 1.1050298709347335 33275.1840428544 0.027777777777777776 t_multiswap_k 100 782.166389465332 3.98 33.625622433738954 22.094708427887852 10.619433004670821 22.742201244134584 40.488706945481894 27.01091022969164
0.973947940869115 26041.09376841501 0.020833333333333332 1.1050298709347335 33275.1840428544 0.027777777777777776 t_swap_r_k 100 793.2931945323944 3.98 33.625622433738954 22.094708427887852 10.619433004670821 22.742201244134584 41.12381987602708 27.01091022969164
0.973947940869115 26041.09376841501 0.020833333333333332 1.1033789518636474 33186.425001286654 0.027777777777777776 t_swap_k 100 800.0082025527954 3.98 33.625622433738954 22.973761343608974 10.619433004670821 22.742201244134584 41.12381987602708 27.01091022969164
0.973947940869115 26041.09376841501 0.020833333333333332 1.1020013098564005 32365.64421673003 0.0 t_swap_r_k 100 805.7699172496796 3.98 33.625622433738954 22.973761343608974 10.619433004670821 22.742201244134584 41.752581677266804 27.01091022969164
0.973947940869115 26041.09376841501 0.020833333333333332 1.0997574509176724 32245.00670499319 0.0 swap_t 100 811.012904882431 3.98 33.625622433738954 22.973761343608974 10.619433004670821 23.544779231693237 41.752581677266804 27.01091022969164
0.973947940869115 26041.09376841501 0.020833333333333332 1.0997908698259458 32246.803419514526 0.0 t_multiswap_k 100 816.243222951889 3.98 33.625622433738954 22.973761343608974 10.619433004670821 23.544779231693237 41.752581677266804 27.870801127394724
0.973947940869115 26041.09376841501 0.020833333333333332 1.094692944827358 31972.72157941483 0.0 t_swap_k 100 825.7941401004791 3.98 33.625622433738954 23.774023730172885 10.619433004670821 23.544779231693237 41.752581677266804 27.870801127394724
0.973947940869115 26041.09376841501 0.020833333333333332 1.0882303927600625 31625.272732514364 0.0 t_swap_k 100 830.2848899364471 3.98 33.625622433738954 24.566283492871158 10.619433004670821 23.544779231693237 41.752581677266804 27.870801127394724
0.973947940869115 26041.09376841501 0.020833333333333332 1.0875967157440534 31591.204094269444 0.0 move_t 100 831.2859241962433 3.98 34.289366209401564 24.566283492871158 10.619433004670821 23.544779231693237 41.752581677266804 27.870801127394724
0.973947940869115 26041.09376841501 0.020833333333333332 1.0875967157440534 31591.204094269444 0.0 swap_t 100 833.1278660297394 3.98 34.289366209401564 24.566283492871158 10.619433004670821 24.309331439376304 41.752581677266804 27.870801127394724
0.973947940869115 26041.09376841501 0.020833333333333332 1.0875967157440534 31591.204094269444 0.0 t_swap_r_k 100 843.6349239349365 3.98 34.289366209401564 24.566283492871158 10.619433004670821 24.309331439376304 42.375055860494136 27.870801127394724
0.973947940869115 26041.09376841501 0.020833333333333332 1.0875967157440534 31591.204094269444 0.0 move_t 100 849.3392426967621 3.98 34.94647254730755 24.566283492871158 10.619433004670821 24.309331439376304 42.375055860494136 27.870801127394724
0.973947940869115 26041.09376841501 0.020833333333333332 1.0869046923795616 31553.998557274594 0.0 move_t 100 851.5232272148132 3.98 35.627007821834475 24.566283492871158 10.619433004670821 24.309331439376304 42.375055860494136 27.870801127394724
0.973947940869115 26041.09376841501 0.020833333333333332 1.0865173315218186 31533.17271603484 0.0 t_multiswap_k 100 857.4984264373779 3.98 35.627007821834475 24.566283492871158 10.619433004670821 24.309331439376304 42.375055860494136 28.622093116120777
0.973947940869115 26041.09376841501 0.020833333333333332 1.0814600251287316 31261.27467074206 0.0 t_multiswap_k 100 865.6034150123596 3.98 35.627007821834475 24.566283492871158 10.619433004670821 24.309331439376304 42.375055860494136 29.365872184959567
0.973947940869115 26041.09376841501 0.020833333333333332 1.1018024864047804 32354.95478966116 0.0 t_multiswap_k 100 872.9491410255432 3.98 35.627007821834475 24.566283492871158 10.619433004670821 24.309331439376304 42.375055860494136 30.082213463109973
0.973947940869115 26041.09376841501 0.020833333333333332 1.094008036239585 32256.842458165276 0.0 swap_t 100 875.1545088291168 3.98 35.627007821834475 24.566283492871158 10.619433004670821 25.126238124982542 42.375055860494136 30.082213463109973
0.973947940869115 26041.09376841501 0.020833333333333332 1.0894696271308026 32438.61225033832 0.027777777777777776 t_swap_k 100 880.4635891914368 3.98 35.627007821834475 25.440620657942446 10.619433004670821 25.126238124982542 42.375055860494136 30.082213463109973
0.973947940869115 26041.09376841501 0.020833333333333332 1.0894696271308026 32438.61225033832 0.027777777777777776 t_swap_r_k 100 896.1515316963196 3.98 35.627007821834475 25.440620657942446 10.619433004670821 25.126238124982542 42.99130530188919 30.082213463109973
0.973947940869115 26041.09376841501 0.020833333333333332 1.092527877237891 32603.03420967825 0.027777777777777776 t_multiswap_k 100 898.0846145153046 3.98 35.627007821834475 25.440620657942446 10.619433004670821 25.126238124982542 42.99130530188919 30.881391328478873
0.973947940869115 26041.09376841501 0.020833333333333332 1.087912538281321 32354.89784159695 0.027777777777777776 t_multiswap_k 100 902.2560606002808 3.98 35.627007821834475 25.440620657942446 10.619433004670821 25.126238124982542 42.99130530188919 31.632577415194085
0.973947940869115 26041.09376841501 0.020833333333333332 1.087912538281321 32354.89784159695 0.027777777777777776 t_swap_r_k 100 912.0764031410217 3.98 35.627007821834475 25.440620657942446 10.619433004670821 25.126238124982542 43.6013922488703 31.632577415194085
0.973947940869115 26041.09376841501 0.020833333333333332 1.087912538281321 32354.89784159695 0.027777777777777776 swap_t 100 914.1033523082733 3.98 35.627007821834475 25.440620657942446 10.619433004670821 25.874975743732715 43.6013922488703 31.632577415194085
0.973947940869115 26041.09376841501 0.020833333333333332 1.087039344166402 32307.95194697363 0.027777777777777776 t_swap_k 100 916.46289229393 3.98 35.627007821834475 26.246214451363024 10.619433004670821 25.874975743732715 43.6013922488703 31.632577415194085
0.973947940869115 26041.09376841501 0.020833333333333332 1.0905164839617347 32426.99439773295 0.027777777777777776 move_t 100 920.3257718086243 3.98 36.32073774361613 26.246214451363024 10.619433004670821 25.874975743732715 43.6013922488703 31.632577415194085
0.973947940869115 26041.09376841501 0.020833333333333332 1.0900974827643257 32472.367911200457 0.027777777777777776 move_t 100 922.2351009845734 3.98 37.04753036617997 26.246214451363024 10.619433004670821 25.874975743732715 43.6013922488703 31.632577415194085
0.973947940869115 26041.09376841501 0.020833333333333332 1.0900974827643257 32472.367911200457 0.027777777777777776 t_swap_r_k 100 931.0790550708771 3.98 37.04753036617997 26.246214451363024 10.619433004670821 25.874975743732715 44.20537832638159 31.632577415194085
0.973947940869115 26041.09376841501 0.020833333333333332 1.0868343404965357 32296.930250287296 0.027777777777777776 t_multiswap_k 100 933.5068850517273 3.98 37.04753036617997 26.246214451363024 10.619433004670821 25.874975743732715 44.20537832638159 32.40625164104215
0.973947940869115 26041.09376841501 0.020833333333333332 1.0868343404965357 32296.930250287296 0.027777777777777776 t_swap_r_k 100 945.0854258537292 3.98 37.04753036617997 26.246214451363024 10.619433004670821 25.874975743732715 44.803324543117775 32.40625164104215
0.973947940869115 26041.09376841501 0.020833333333333332 1.0868343404965357 32296.930250287296 0.027777777777777776 t_swap_k 100 949.443993806839 3.98 37.04753036617997 26.983752306849393 10.619433004670821 25.874975743732715 44.803324543117775 32.40625164104215
0.973947940869115 26041.09376841501 0.020833333333333332 1.0868343404965357 32296.930250287296 0.027777777777777776 f_swap_t 100 954.9100952148438 3.98 37.04753036617997 26.983752306849393 11.513238674624112 25.874975743732715 44.803324543117775 32.40625164104215
0.973947940869115 26041.09376841501 0.020833333333333332 1.1133232923657352 33534.38816041117 0.020833333333333332 t_multiswap_k 100 959.3510882854462 3.98 37.04753036617997 26.983752306849393 11.513238674624112 25.874975743732715 44.803324543117775 33.122189124631724
0.973947940869115 26041.09376841501 0.020833333333333332 1.09248375746057 32262.170138121623 0.0 move_t 100 960.4062848091125 3.98 37.76705506251817 26.983752306849393 11.513238674624112 25.874975743732715 44.803324543117775 33.122189124631724
0.973947940869115 26041.09376841501 0.020833333333333332 1.091846604062726 32379.72812697267 0.020833333333333332 f_swap_t 100 962.8852140903473 3.98 37.76705506251817 26.983752306849393 12.458106287877872 25.874975743732715 44.803324543117775 33.122189124631724
0.973947940869115 26041.09376841501 0.020833333333333332 1.0901164068359712 32286.706821289346 0.020833333333333332 t_swap_k 100 966.3094439506531 3.98 37.76705506251817 27.743914783780898 12.458106287877872 25.874975743732715 44.803324543117775 33.122189124631724
0.973947940869115 26041.09376841501 0.020833333333333332 1.0869541338726572 32116.692238312407 0.020833333333333332 t_multiswap_k 100 967.9883947372437 3.98 37.76705506251817 27.743914783780898 12.458106287877872 25.874975743732715 44.803324543117775 33.82096723338541
0.973947940869115 26041.09376841501 0.020833333333333332 1.085306717215482 32028.121498465403 0.020833333333333332 move_t 100 970.8546042442322 3.98 38.44938451189299 27.743914783780898 12.458106287877872 25.874975743732715 44.803324543117775 33.82096723338541
0.973947940869115 26041.09376841501 0.020833333333333332 1.0840833970433732 31962.35163251101 0.020833333333333332 t_move_k 100 972.6492099761963 5.0001999999999995 38.44938451189299 27.743914783780898 12.458106287877872 25.874975743732715 44.803324543117775 33.82096723338541
0.973947940869115 26041.09376841501 0.020833333333333332 1.0840833970433732 31962.35163251101 0.020833333333333332 t_swap_r_k 100 979.5289542675018 5.0001999999999995 38.44938451189299 27.743914783780898 12.458106287877872 25.874975743732715 45.3952912976866 33.82096723338541
0.973947940869115 26041.09376841501 0.020833333333333332 1.0825172747409064 31878.15155451846 0.020833333333333332 t_multiswap_k 100 980.2773017883301 5.0001999999999995 38.44938451189299 27.743914783780898 12.458106287877872 25.874975743732715 45.3952912976866 34.54275756105156
0.973947940869115 26041.09376841501 0.020833333333333332 1.0825172747409064 31878.15155451846 0.020833333333333332 t_swap_k 100 986.0179419517517 5.0001999999999995 38.44938451189299 28.466475635943087 12.458106287877872 25.874975743732715 45.3952912976866 34.54275756105156
0.973947940869115 26041.09376841501 0.020833333333333332 1.0825172747409064 31878.15155451846 0.020833333333333332 t_move_k 100 991.1382911205292 5.950197999999999 38.44938451189299 28.466475635943087 12.458106287877872 25.874975743732715 45.3952912976866 34.54275756105156
0.973947940869115 26041.09376841501 0.020833333333333332 1.08210579482264 31856.028990299932 0.020833333333333332 swap_t 100 998.5443975925446 5.950197999999999 38.44938451189299 28.466475635943087 12.458106287877872 26.646225986295388 45.3952912976866 34.54275756105156
0.973947940869115 26041.09376841501 0.020833333333333332 1.0818615457194356 31922.902402040232 0.023809523809523808 f_swap_t 100 1006.1983597278595 5.950197999999999 38.44938451189299 28.466475635943087 13.393525224999093 26.646225986295388 45.3952912976866 34.54275756105156
0.973947940869115 26041.09376841501 0.020833333333333332 1.0798774187353086 31922.902402040232 0.027777777777777776 t_swap_r_k 100 1012.8971786499023 5.950197999999999 38.44938451189299 28.466475635943087 13.393525224999093 26.646225986295388 46.01133838470973 34.54275756105156
0.973947940869115 26041.09376841501 0.020833333333333332 1.0798774187353086 31922.902402040232 0.027777777777777776 t_multiswap_k 100 1015.6166489124298 5.950197999999999 38.44938451189299 28.466475635943087 13.393525224999093 26.646225986295388 46.01133838470973 35.197329985441044
0.973947940869115 26041.09376841501 0.020833333333333332 1.0798774187353086 31922.902402040232 0.027777777777777776 t_swap_r_k 100 1024.7828531265259 5.950197999999999 38.44938451189299 28.466475635943087 13.393525224999093 26.646225986295388 46.591225000862636 35.197329985441044
0.973947940869115 26041.09376841501 0.020833333333333332 1.0794333003804841 31899.025084122437 0.027777777777777776 move_t 100 1029.2395014762878 5.950197999999999 39.12489066677406 28.466475635943087 13.393525224999093 26.646225986295388 46.591225000862636 35.197329985441044
0.973947940869115 26041.09376841501 0.020833333333333332 1.0945655332439825 32712.585548270818 0.027777777777777776 f_swap_t 100 1035.3346557617188 5.950197999999999 39.12489066677406 28.466475635943087 14.309589972749102 26.646225986295388 46.591225000862636 35.197329985441044
0.973947940869115 26041.09376841501 0.020833333333333332 1.0945655332439825 32712.585548270818 0.027777777777777776 t_swap_r_k 100 1057.3616421222687 5.950197999999999 39.12489066677406 28.466475635943087 14.309589972749102 26.646225986295388 47.16531275085401 35.197329985441044
0.973947940869115 26041.09376841501 0.020833333333333332 1.093967021677326 32680.40752455418 0.027777777777777776 move_t 100 1059.768206357956 5.950197999999999 39.82364176010632 28.466475635943087 14.309589972749102 26.646225986295388 47.16531275085401 35.197329985441044
0.973947940869115 26041.09376841501 0.020833333333333332 1.093967021677326 32680.40752455418 0.027777777777777776 swap_t 100 1061.4576392173767 5.950197999999999 39.82364176010632 28.466475635943087 14.309589972749102 27.379763726432433 47.16531275085401 35.197329985441044
0.973947940869115 26041.09376841501 0.020833333333333332 1.0911392912950875 32528.37909206754 0.027777777777777776 move_t 100 1063.73428606987 5.950197999999999 40.515405342505254 28.466475635943087 14.309589972749102 27.379763726432433 47.16531275085401 35.197329985441044
0.973947940869115 26041.09376841501 0.020833333333333332 1.0898778917392813 32460.561948533246 0.027777777777777776 move_t 100 1067.2899725437164 5.950197999999999 41.2002512890802 28.466475635943087 14.309589972749102 27.379763726432433 47.16531275085401 35.197329985441044
0.973947940869115 26041.09376841501 0.020833333333333332 1.0898778917392813 32460.561948533246 0.027777777777777776 t_multiswap_k 100 1069.8429341316223 5.950197999999999 41.2002512890802 28.466475635943087 14.309589972749102 27.379763726432433 47.16531275085401 35.84535668558664
0.973947940869115 26041.09376841501 0.020833333333333332 1.0986190861456488 32930.518381440765 0.027777777777777776 t_move_k 100 1070.9428687095642 6.99069602 41.2002512890802 28.466475635943087 14.309589972749102 27.379763726432433 47.16531275085401 35.84535668558664
0.973947940869115 26041.09376841501 0.020833333333333332 1.0956321124665367 32769.928486036806 0.027777777777777776 swap_t 100 1078.176097393036 6.99069602 41.2002512890802 28.466475635943087 14.309589972749102 28.135966089168107 47.16531275085401 35.84535668558664
0.973947940869115 26041.09376841501 0.020833333333333332 1.0956321124665367 32769.928486036806 0.027777777777777776 swap_t 100 1081.327870130539 6.99069602 41.2002512890802 28.466475635943087 14.309589972749102 28.854606428276426 47.16531275085401 35.84535668558664
0.973947940869115 26041.09376841501 0.020833333333333332 1.0956321124665367 32769.928486036806 0.027777777777777776 t_multiswap_k 100 1084.6956119537354 6.99069602 41.2002512890802 28.466475635943087 14.309589972749102 28.854606428276426 47.16531275085401 36.48690311873077
0.973947940869115 26041.09376841501 0.020833333333333332 1.0951888829118102 32746.098953044533 0.027777777777777776 f_swap_t 100 1090.9001548290253 6.99069602 41.2002512890802 28.466475635943087 15.196494073021611 28.854606428276426 47.16531275085401 36.48690311873077
0.973947940869115 26041.09376841501 0.020833333333333332 1.0951888829118102 32746.098953044533 0.027777777777777776 t_swap_r_k 100 1098.212254524231 6.99069602 41.2002512890802 28.466475635943087 15.196494073021611 28.854606428276426 47.73365962334547 36.48690311873077
0.973947940869115 26041.09376841501 0.020833333333333332 1.1004512269484275 33029.020521563725 0.027777777777777776 t_swap_k 100 1106.6803793907166 6.99069602 41.2002512890802 29.191810879583656 15.196494073021611 28.854606428276426 47.73365962334547 36.48690311873077
0.973947940869115 26041.09376841501 0.020833333333333332 1.0998788803664017 32998.2492166858 0.027777777777777776 t_swap_k 100 1111.0471527576447 6.99069602 41.2002512890802 29.95989277078782 15.196494073021611 28.854606428276426 47.73365962334547 36.48690311873077
0.973947940869115 26041.09376841501 0.020833333333333332 1.0998788803664017 32998.2492166858 0.027777777777777776 t_swap_r_k 100 1118.4768402576447 6.99069602 41.2002512890802 29.95989277078782 15.196494073021611 28.854606428276426 48.29632302711201 36.48690311873077
0.973947940869115 26041.09376841501 0.020833333333333332 1.0998788803664017 32998.2492166858 0.027777777777777776 t_multiswap_k 100 1119.8390307426453 6.99069602 41.2002512890802 29.95989277078782 15.196494073021611 28.854606428276426 48.29632302711201 37.12203408754346
0.973947940869115 26041.09376841501 0.020833333333333332 1.0998788803664017 32998.2492166858 0.027777777777777776 t_swap_r_k 100 1124.1983306407928 6.99069602 41.2002512890802 29.95989277078782 15.196494073021611 28.854606428276426 48.85335979684089 37.12203408754346
0.973947940869115 26041.09376841501 0.020833333333333332 1.0980904161824419 32902.095280598485 0.027777777777777776 t_multiswap_k 100 1129.8104429244995 6.99069602 41.2002512890802 29.95989277078782 15.196494073021611 28.854606428276426 48.85335979684089 37.780813746668024
0.973947940869115 26041.09376841501 0.020833333333333332 1.0980904161824419 32902.095280598485 0.027777777777777776 t_swap_r_k 100 1134.818082332611 6.99069602 41.2002512890802 29.95989277078782 15.196494073021611 28.854606428276426 49.404826198872485 37.780813746668024
0.973947940869115 26041.09376841501 0.020833333333333332 1.1003313907012455 33022.577716079664 0.027777777777777776 move_t 100 1137.311273574829 6.99069602 41.9182487761894 29.95989277078782 15.196494073021611 28.854606428276426 49.404826198872485 37.780813746668024
0.973947940869115 26041.09376841501 0.020833333333333332 1.1003313907012455 33022.577716079664 0.027777777777777776 t_swap_r_k 100 1145.9439063072205 6.99069602 41.9182487761894 29.95989277078782 15.196494073021611 28.854606428276426 49.95077793688376 37.780813746668024
0.973947940869115 26041.09376841501 0.020833333333333332 1.1003313907012455 33022.577716079664 0.027777777777777776 t_swap_r_k 100 1159.3371798992157 6.99069602 41.9182487761894 29.95989277078782 15.196494073021611 28.854606428276426 50.491270157514926 37.780813746668024
0.973947940869115 26041.09376841501 0.020833333333333332 1.0979284268053928 32875.38359607278 0.027777777777777776 swap_t 100 1160.492207288742 6.99069602 41.9182487761894 29.95989277078782 15.196494073021611 29.626060363993663 50.491270157514926 37.780813746668024
0.973947940869115 26041.09376841501 0.020833333333333332 1.0979284268053928 32875.38359607278 0.027777777777777776 t_swap_r_k 100 1168.8868403434753 6.99069602 41.9182487761894 29.95989277078782 15.196494073021611 29.626060363993663 51.026357455939774 37.780813746668024
0.973947940869115 26041.09376841501 0.020833333333333332 1.1728054596635582 36919.03091737336 0.027777777777777776 t_swap_k 100 1173.8817911148071 6.99069602 41.9182487761894 30.790293843079944 15.196494073021611 29.626060363993663 51.026357455939774 37.780813746668024
0.973947940869115 26041.09376841501 0.020833333333333332 1.1582011895285425 36027.182094964526 0.023809523809523808 t_multiswap_k 100 1178.3170323371887 6.99069602 41.9182487761894 30.790293843079944 15.196494073021611 29.626060363993663 51.026357455939774 38.463005609201346
0.973947940869115 26041.09376841501 0.020833333333333332 1.1547912083365899 35843.849872529994 0.023809523809523808 move_t 100 1179.2885897159576 6.99069602 42.55906628842751 30.790293843079944 15.196494073021611 29.626060363993663 51.026357455939774 38.463005609201346
0.973947940869115 26041.09376841501 0.020833333333333332 1.1614039254948134 36199.37210702477 0.023809523809523808 t_multiswap_k 100 1182.094808101654 6.99069602 42.55906628842751 30.790293843079944 15.196494073021611 29.626060363993663 51.026357455939774 39.11837555310933
0.973947940869115 26041.09376841501 0.020833333333333332 1.1614039254948134 36199.37210702477 0.023809523809523808 t_swap_r_k 100 1187.563660621643 6.99069602 42.55906628842751 30.790293843079944 15.196494073021611 29.626060363993663 51.55609388138038 39.11837555310933
0.973947940869115 26041.09376841501 0.020833333333333332 1.1582574100265992 36030.20470074296 0.023809523809523808 swap_t 100 1189.3345892429352 6.99069602 42.55906628842751 30.790293843079944 15.196494073021611 30.389799760353725 51.55609388138038 39.11837555310933
0.973947940869115 26041.09376841501 0.020833333333333332 1.1582574100265992 36030.20470074296 0.023809523809523808 t_swap_r_k 100 1194.8491106033325 6.99069602 42.55906628842751 30.790293843079944 15.196494073021611 30.389799760353725 52.08053294256657 39.11837555310933
0.973947940869115 26041.09376841501 0.020833333333333332 1.150052829791408 35589.09847640076 0.023809523809523808 t_swap_r_k 100 1208.8060314655304 6.99069602 42.55906628842751 30.790293843079944 15.196494073021611 30.389799760353725 52.59972761314091 39.11837555310933
0.973947940869115 26041.09376841501 0.020833333333333332 1.149900021533816 35580.882983149124 0.023809523809523808 t_multiswap_k 100 1210.560405254364 6.99069602 42.55906628842751 30.790293843079944 15.196494073021611 30.389799760353725 52.59972761314091 39.75719179757824
0.973947940869115 26041.09376841501 0.020833333333333332 1.1450231616585076 35318.68635826681 0.023809523809523808 swap_t 100 1212.6684062480927 6.99069602 42.55906628842751 30.790293843079944 15.196494073021611 31.14590176275019 52.59972761314091 39.75719179757824
0.973947940869115 26041.09376841501 0.020833333333333332 1.1450231616585076 35318.68635826681 0.023809523809523808 swap_t 100 1219.9292941093445 6.99069602 42.55906628842751 30.790293843079944 15.196494073021611 31.834442745122686 52.59972761314091 39.75719179757824
0.973947940869115 26041.09376841501 0.020833333333333332 1.1543461210294144 35819.92046042811 0.023809523809523808 t_swap_k 100 1224.48637008667 6.99069602 42.55906628842751 31.552390904649144 15.196494073021611 31.834442745122686 52.59972761314091 39.75719179757824
0.973947940869115 26041.09376841501 0.020833333333333332 1.1485405413265348 35507.79268917776 0.023809523809523808 swap_t 100 1229.4763360023499 6.99069602 42.55906628842751 31.552390904649144 15.196494073021611 32.51609831767146 52.59972761314091 39.75719179757824
0.973947940869115 26041.09376841501 0.020833333333333332 1.1637108906850022 35683.36181162779 0.0 t_multiswap_k 100 1230.7425620555878 6.99069602 42.55906628842751 31.552390904649144 15.196494073021611 32.51609831767146 52.59972761314091 40.429619879602456
0.973947940869115 26041.09376841501 0.020833333333333332 1.1494175117052958 35554.94160862839 0.023809523809523808 t_multiswap_k 100 1237.0072946548462 6.99069602 42.55906628842751 31.552390904649144 15.196494073021611 32.51609831767146 52.59972761314091 41.185323680806434
0.973947940869115 26041.09376841501 0.020833333333333332 1.1494175117052958 35554.94160862839 0.023809523809523808 t_multiswap_k 100 1238.3846144676208 6.99069602 42.55906628842751 31.552390904649144 15.196494073021611 32.51609831767146 52.59972761314091 41.77347044399837
0.973947940869115 26041.09376841501 0.020833333333333332 1.143512525466516 35237.469402870855 0.023809523809523808 t_multiswap_k 100 1243.4598524570465 6.99069602 42.55906628842751 31.552390904649144 15.196494073021611 32.51609831767146 52.59972761314091 42.53573573955838
0.973947940869115 26041.09376841501 0.020833333333333332 1.1291701755245218 34466.3757393618 0.023809523809523808 f_swap_t 100 1246.9248538017273 6.99069602 42.55906628842751 31.552390904649144 16.134529132291394 32.51609831767146 52.59972761314091 42.53573573955838
0.973947940869115 26041.09376841501 0.020833333333333332 1.127069788555618 34668.943190128266 0.023809523809523808 move_t 100 1249.0931987762451 6.99069602 43.233475625543235 31.552390904649144 16.134529132291394 32.51609831767146 52.59972761314091 42.53573573955838
0.973947940869115 26041.09376841501 0.020833333333333332 1.127069788555618 34668.943190128266 0.023809523809523808 move_t 100 1252.9243042469025 6.99069602 43.801140869287806 31.552390904649144 16.134529132291394 32.51609831767146 52.59972761314091 42.53573573955838
0.973947940869115 26041.09376841501 0.020833333333333332 1.1263439843339933 34314.43005907263 0.023809523809523808 swap_t 100 1254.8928525447845 6.99069602 43.801140869287806 31.552390904649144 16.134529132291394 33.22093733449474 52.59972761314091 42.53573573955838
0.973947940869115 26041.09376841501 0.020833333333333332 1.1221040907374944 34086.478914425104 0.023809523809523808 t_swap_k 100 1259.98730802536 6.99069602 43.801140869287806 32.266866995602655 16.134529132291394 33.22093733449474 52.59972761314091 42.53573573955838
0.973947940869115 26041.09376841501 0.020833333333333332 1.1097102068308258 33420.141432398064 0.023809523809523808 t_multiswap_k 100 1262.501594543457 6.99069602 43.801140869287806 32.266866995602655 16.134529132291394 33.22093733449474 52.59972761314091 43.1703783821628
0.973947940869115 26041.09376841501 0.020833333333333332 1.1097102068308258 33420.141432398064 0.023809523809523808 swap_t 100 1266.563863992691 6.99069602 43.801140869287806 32.266866995602655 16.134529132291394 33.8887279611498 52.59972761314091 43.1703783821628
0.973947940869115 26041.09376841501 0.020833333333333332 1.1090036322907721 33382.153574561955 0.023809523809523808 move_t 100 1267.323588848114 6.99069602 44.42312946059493 32.266866995602655 16.134529132291394 33.8887279611498 52.59972761314091 43.1703783821628
0.973947940869115 26041.09376841501 0.020833333333333332 1.1085563243145287 33358.10477171491 0.023809523809523808 t_multiswap_k 100 1269.005044221878 6.99069602 44.42312946059493 32.266866995602655 16.134529132291394 33.8887279611498 52.59972761314091 43.76867459834117
0.973947940869115 26041.09376841501 0.020833333333333332 1.124616386029796 33581.50786582569 0.0 move_t 100 1271.6416714191437 6.99069602 45.08889816598898 32.266866995602655 16.134529132291394 33.8887279611498 52.59972761314091 43.76867459834117
0.973947940869115 26041.09376841501 0.020833333333333332 1.1234151236828653 33516.92390380576 0.0 t_multiswap_k 100 1273.0089008808136 6.99069602 45.08889816598898 32.266866995602655 16.134529132291394 33.8887279611498 52.59972761314091 44.37098785235776
0.973947940869115 26041.09376841501 0.020833333333333332 1.1211376725487414 33394.480361040674 0.0 t_swap_r_k 100 1286.1000611782074 6.99069602 45.08889816598898 32.266866995602655 16.134529132291394 33.8887279611498 53.1137303370095 44.37098785235776
0.973947940869115 26041.09376841501 0.020833333333333332 1.1211376725487414 33394.480361040674 0.0 t_swap_r_k 100 1293.5356540679932 6.99069602 45.08889816598898 32.266866995602655 16.134529132291394 33.8887279611498 53.622593033639404 44.37098785235776
0.973947940869115 26041.09376841501 0.020833333333333332 1.1374464352076779 34911.33569536952 0.023809523809523808 f_swap_t 100 1304.495646238327 6.99069602 45.08889816598898 32.266866995602655 17.023183840968482 33.8887279611498 53.622593033639404 44.37098785235776
0.973947940869115 26041.09376841501 0.020833333333333332 1.129966868313284 34509.20866169757 0.023809523809523808 t_multiswap_k 100 1306.235722541809 6.99069602 45.08889816598898 32.266866995602655 17.023183840968482 33.8887279611498 53.622593033639404 44.98727797383418
0.973947940869115 26041.09376841501 0.020833333333333332 1.1250976541928974 34247.42309868426 0.023809523809523808 t_move_k 100 1312.1901268959045 8.0107890598 45.08889816598898 32.266866995602655 17.023183840968482 33.8887279611498 53.622593033639404 44.98727797383418
0.973947940869115 26041.09376841501 0.020833333333333332 1.1184941470114294 33892.39602396078 0.023809523809523808 t_multiswap_k 100 1315.2193303108215 8.0107890598 45.08889816598898 32.266866995602655 17.023183840968482 33.8887279611498 53.622593033639404 45.68740519409584
0.973947940869115 26041.09376841501 0.020833333333333332 1.1108956841443478 33483.876737169434 0.023809523809523808 t_swap_k 100 1322.8027765750885 8.0107890598 45.08889816598898 33.00419832564663 17.023183840968482 33.8887279611498 53.622593033639404 45.68740519409584
0.973947940869115 26041.09376841501 0.020833333333333332 1.1108956841443478 33483.876737169434 0.023809523809523808 t_swap_r_k 100 1335.640035867691 8.0107890598 45.08889816598898 33.00419832564663 17.023183840968482 33.8887279611498 54.12636710330301 45.68740519409584
0.973947940869115 26041.09376841501 0.020833333333333332 1.1098162010296557 33425.84004213894 0.023809523809523808 move_t 100 1339.4303941726685 8.0107890598 45.66800918432909 33.00419832564663 17.023183840968482 33.8887279611498 54.12636710330301 45.68740519409584
0.973947940869115 26041.09376841501 0.020833333333333332 1.1085239419682582 33356.36378630319 0.023809523809523808 t_move_k 100 1342.9620072841644 8.960681169202001 45.66800918432909 33.00419832564663 17.023183840968482 33.8887279611498 54.12636710330301 45.68740519409584
0.973947940869115 26041.09376841501 0.020833333333333332 1.108268683794343 33342.64023602998 0.023809523809523808 t_multiswap_k 100 1347.1857814788818 8.960681169202001 45.66800918432909 33.00419832564663 17.023183840968482 33.8887279611498 54.12636710330301 46.27053114215488
0.973947940869115 26041.09376841501 0.020833333333333332 1.108268683794343 33342.64023602998 0.023809523809523808 t_swap_r_k 100 1361.836046218872 8.960681169202001 45.66800918432909 33.00419832564663 17.023183840968482 33.8887279611498 54.62510343226998 46.27053114215488
0.973947940869115 26041.09376841501 0.020833333333333332 1.1192797348039507 33934.63190381264 0.023809523809523808 f_swap_t 100 1371.1366024017334 8.960681169202001 45.66800918432909 33.00419832564663 17.952952002558796 33.8887279611498 54.62510343226998 46.27053114215488
0.973947940869115 26041.09376841501 0.020833333333333332 1.1105935667787876 33467.6338768877 0.023809523809523808 f_swap_t 100 1377.9239370822906 8.960681169202001 45.66800918432909 33.00419832564663 18.83342248253321 33.8887279611498 54.62510343226998 46.27053114215488
0.973947940869115 26041.09376841501 0.020833333333333332 1.1197196866588617 34064.958652231704 0.027777777777777776 t_swap_k 100 1387.9557149410248 8.960681169202001 45.66800918432909 33.72415634239016 18.83342248253321 33.8887279611498 54.62510343226998 46.27053114215488
0.973947940869115 26041.09376841501 0.020833333333333332 1.104378455112229 33240.161705854254 0.027777777777777776 t_swap_k 100 1396.3325908184052 8.960681169202001 45.66800918432909 34.44691477896626 18.83342248253321 33.8887279611498 54.62510343226998 46.27053114215488
0.973947940869115 26041.09376841501 0.020833333333333332 1.098666595996237 32933.07267309386 0.027777777777777776 move_t 100 1398.689840555191 8.960681169202001 46.2413290924858 34.44691477896626 18.83342248253321 33.8887279611498 54.62510343226998 46.27053114215488
0.973947940869115 26041.09376841501 0.020833333333333332 1.0963881199159171 32810.574025724556 0.027777777777777776 t_swap_r_k 100 1410.2703692913055 8.960681169202001 46.2413290924858 34.44691477896626 18.83342248253321 33.8887279611498 55.11885239794728 46.27053114215488
0.973947940869115 26041.09376841501 0.020833333333333332 1.1092866078727148 32757.326692745126 0.0 t_swap_k 100 1416.660964012146 8.960681169202001 46.2413290924858 35.2624456311766 18.83342248253321 33.8887279611498 55.11885239794728 46.27053114215488
0.973947940869115 26041.09376841501 0.020833333333333332 1.1057458881549267 33207.006135638505 0.023809523809523808 t_multiswap_k 100 1420.945017337799 8.960681169202001 46.2413290924858 35.2624456311766 18.83342248253321 33.8887279611498 55.11885239794728 46.99782583073333
0.973947940869115 26041.09376841501 0.020833333333333332 1.1048494309272774 33158.80953670995 0.023809523809523808 t_multiswap_k 100 1422.3632304668427 8.960681169202001 46.2413290924858 35.2624456311766 18.83342248253321 33.8887279611498 55.11885239794728 47.557847572426
0.973947940869115 26041.09376841501 0.020833333333333332 1.1045346960922848 33141.888318225545 0.023809523809523808 t_swap_k 100 1427.6343183517456 8.960681169202001 46.2413290924858 35.93982117486483 18.83342248253321 33.8887279611498 55.11885239794728 47.557847572426
0.973947940869115 26041.09376841501 0.020833333333333332 1.1025429243480225 33034.803874088524 0.023809523809523808 t_swap_k 100 1434.828625202179 8.960681169202001 46.2413290924858 36.610422963116186 18.83342248253321 33.8887279611498 55.11885239794728 47.557847572426
0.973947940869115 26041.09376841501 0.020833333333333332 1.1025429243480225 33034.803874088524 0.023809523809523808 f_swap_t 100 1438.915911436081 8.960681169202001 46.2413290924858 36.610422963116186 19.645088257707876 33.8887279611498 55.11885239794728 47.557847572426
0.973947940869115 26041.09376841501 0.020833333333333332 1.1163180809429387 33775.4032882113 0.023809523809523808 move_t 100 1443.6606068611145 8.960681169202001 46.81891580156094 36.610422963116186 19.645088257707876 33.8887279611498 55.11885239794728 47.557847572426
0.973947940869115 26041.09376841501 0.020833333333333332 1.1149958824541026 33704.31738661456 0.023809523809523808 t_move_k 100 1446.8235228061676 9.96107435750998 46.81891580156094 36.610422963116186 19.645088257707876 33.8887279611498 55.11885239794728 47.557847572426
0.973947940869115 26041.09376841501 0.020833333333333332 1.1041776524236395 33042.687355689006 0.020833333333333332 t_swap_k 100 1453.7679677009583 9.96107435750998 46.81891580156094 37.274318733485025 19.645088257707876 33.8887279611498 55.11885239794728 47.557847572426
0.973947940869115 26041.09376841501 0.020833333333333332 1.1036783712848321 33015.84429830991 0.020833333333333332 t_swap_r_k 100 1465.8172862529755 9.96107435750998 46.81891580156094 37.274318733485025 19.645088257707876 33.8887279611498 55.60766387396781 47.557847572426
0.973947940869115 26041.09376841501 0.020833333333333332 1.1036783712848321 33015.84429830991 0.020833333333333332 swap_t 100 1471.096292257309 9.96107435750998 46.81891580156094 37.274318733485025 19.645088257707876 34.5498406815383 55.60766387396781 47.557847572426
0.973947940869115 26041.09376841501 0.020833333333333332 1.1036783712848321 33015.84429830991 0.020833333333333332 swap_t 100 1474.1054739952087 9.96107435750998 46.81891580156094 37.274318733485025 19.645088257707876 35.20434227472292 55.60766387396781 47.557847572426
0.973947940869115 26041.09376841501 0.020833333333333332 1.0933983498372022 32543.160350586575 0.023809523809523808 t_multiswap_k 100 1484.0521607398987 9.96107435750998 46.81891580156094 37.274318733485025 19.645088257707876 35.20434227472292 55.60766387396781 48.17226909670174
0.973947940869115 26041.09376841501 0.020833333333333332 1.0920101055277354 32468.52360034957 0.023809523809523808 t_multiswap_k 100 1488.0879282951355 9.96107435750998 46.81891580156094 37.274318733485025 19.645088257707876 35.20434227472292 55.60766387396781 48.72054640573472
0.973947940869115 26041.09376841501 0.020833333333333332 1.0913103791327778 32430.903922157082 0.023809523809523808 t_multiswap_k 100 1491.0134806632996 9.96107435750998 46.81891580156094 37.274318733485025 19.645088257707876 35.20434227472292 55.60766387396781 49.26334094167738
0.973947940869115 26041.09376841501 0.020833333333333332 1.0913103791327778 32430.903922157082 0.023809523809523808 t_swap_r_k 100 1503.1914031505585 9.96107435750998 46.81891580156094 37.274318733485025 19.645088257707876 35.20434227472292 56.09158723522813 49.26334094167738
0.973947940869115 26041.09376841501 0.020833333333333332 1.1399159113259576 35044.103156398836 0.023809523809523808 f_swap_t 100 1505.6121196746826 9.96107435750998 46.81891580156094 37.274318733485025 20.4586373751308 35.20434227472292 56.09158723522813 49.26334094167738
0.973947940869115 26041.09376841501 0.020833333333333332 1.1399159113259576 35044.103156398836 0.023809523809523808 swap_t 100 1508.1851999759674 9.96107435750998 46.81891580156094 37.274318733485025 20.4586373751308 35.85229885197569 56.09158723522813 49.26334094167738
0.973947940869115 26041.09376841501 0.020833333333333332 1.1399159113259576 35044.103156398836 0.023809523809523808 swap_t 100 1513.7394478321075 9.96107435750998 46.81891580156094 37.274318733485025 20.4586373751308 36.49377586345593 56.09158723522813 49.26334094167738
0.973947940869115 26041.09376841501 0.020833333333333332 1.139860488763973 35041.123450385894 0.023809523809523808 t_move_k 100 1514.9649348258972 10.92146361393488 46.81891580156094 37.274318733485025 20.4586373751308 36.49377586345593 56.09158723522813 49.26334094167738
0.973947940869115 26041.09376841501 0.020833333333333332 1.139860488763973 35041.123450385894 0.023809523809523808 t_swap_r_k 100 1520.1727075576782 10.92146361393488 46.81891580156094 37.274318733485025 20.4586373751308 36.49377586345593 56.57067136287585 49.26334094167738
0.973947940869115 26041.09376841501 0.020833333333333332 1.139860488763973 35041.123450385894 0.023809523809523808 t_swap_r_k 100 1526.2052955627441 10.92146361393488 46.81891580156094 37.274318733485025 20.4586373751308 36.49377586345593 57.04496464924709 49.26334094167738
0.973947940869115 26041.09376841501 0.020833333333333332 1.139860488763973 35041.123450385894 0.023809523809523808 t_swap_r_k 100 1538.4091153144836 10.92146361393488 46.81891580156094 37.274318733485025 20.4586373751308 36.49377586345593 57.51451500275462 49.26334094167738
0.973947940869115 26041.09376841501 0.020833333333333332 1.1362869011971166 34848.995191073984 0.023809523809523808 move_t 100 1540.2429900169373 10.92146361393488 47.38072664354533 37.274318733485025 20.4586373751308 36.49377586345593 57.51451500275462 49.26334094167738
0.973947940869115 26041.09376841501 0.020833333333333332 1.1362793061206113 34848.58685384955 0.023809523809523808 move_t 100 1545.798722743988 10.92146361393488 47.936919377109874 37.274318733485025 20.4586373751308 36.49377586345593 57.51451500275462 49.26334094167738
0.973947940869115 26041.09376841501 0.020833333333333332 1.14619974046444 35381.94324891185 0.023809523809523808 f_swap_t 100 1551.9511859416962 10.92146361393488 47.936919377109874 37.274318733485025 21.32405100137949 36.49377586345593 57.51451500275462 49.26334094167738
0.973947940869115 26041.09376841501 0.020833333333333332 1.14619974046444 35381.94324891185 0.023809523809523808 t_swap_k 100 1554.1699976921082 10.92146361393488 47.936919377109874 37.90157554615018 21.32405100137949 36.49377586345593 57.51451500275462 49.26334094167738
0.973947940869115 26041.09376841501 0.020833333333333332 1.14619974046444 35381.94324891185 0.023809523809523808 swap_t 100 1558.7032763957977 10.92146361393488 47.936919377109874 37.90157554615018 21.32405100137949 37.12883810482137 57.51451500275462 49.26334094167738
0.973947940869115 26041.09376841501 0.020833333333333332 1.145363542078902 35336.98637091537 0.023809523809523808 swap_t 100 1562.0901560783386 10.92146361393488 47.936919377109874 37.90157554615018 21.32405100137949 37.787549723773154 57.51451500275462 49.26334094167738
0.973947940869115 26041.09376841501 0.020833333333333332 1.1296108273878351 34893.23399321211 0.023809523809523808 move_t 100 1564.6946787834167 10.92146361393488 48.54755018333878 37.90157554615018 21.32405100137949 37.787549723773154 57.51451500275462 49.26334094167738
0.973947940869115 26041.09376841501 0.020833333333333332 1.122895960638062 34129.05254183768 0.023809523809523808 t_swap_r_k 100 1570.6923217773438 10.92146361393488 48.54755018333878 37.90157554615018 21.32405100137949 37.787549723773154 57.979369852727075 49.26334094167738
0.973947940869115 26041.09376841501 0.020833333333333332 1.108446956886343 33271.48997503412 0.023809523809523808 move_t 100 1572.364833831787 10.92146361393488 49.18207468150539 37.90157554615018 21.32405100137949 37.787549723773154 57.979369852727075 49.26334094167738
0.973947940869115 26041.09376841501 0.020833333333333332 1.1081395045112015 33335.695117057854 0.023809523809523808 move_t 100 1579.1542053222656 10.92146361393488 49.720253934690334 37.90157554615018 21.32405100137949 37.787549723773154 57.979369852727075 49.26334094167738
0.973947940869115 26041.09376841501 0.020833333333333332 1.1088421565959974 33373.47209031739 0.023809523809523808 t_multiswap_k 100 1585.4999270439148 10.92146361393488 49.720253934690334 37.90157554615018 21.32405100137949 37.787549723773154 57.979369852727075 49.8007075322606
0.973947940869115 26041.09376841501 0.020833333333333332 1.1088421565959974 33373.47209031739 0.023809523809523808 move_t 100 1587.2291028499603 10.92146361393488 50.22305139534343 37.90157554615018 21.32405100137949 37.787549723773154 57.979369852727075 49.8007075322606
0.973947940869115 26041.09376841501 0.020833333333333332 1.1329283383047828 34588.42231503322 0.020833333333333332 t_swap_k 100 1590.4529941082 10.92146361393488 50.22305139534343 38.622559790688676 21.32405100137949 37.787549723773154 57.979369852727075 49.8007075322606
0.973947940869115 26041.09376841501 0.020833333333333332 1.1205494483532017 33922.89095918534 0.020833333333333332 t_multiswap_k 100 1600.91104722023 10.92146361393488 50.22305139534343 38.622559790688676 21.32405100137949 37.787549723773154 57.979369852727075 50.302700456938
0.973947940869115 26041.09376841501 0.020833333333333332 1.1162956132741069 33694.19027287044 0.020833333333333332 f_swap_t 100 1608.3979868888855 10.92146361393488 50.22305139534343 38.622559790688676 22.140810491365695 37.787549723773154 57.979369852727075 50.302700456938
0.973947940869115 26041.09376841501 0.020833333333333332 1.113472511468824 32982.37515077841 0.0 swap_t 100 1614.4351735115051 10.92146361393488 50.22305139534343 38.622559790688676 22.140810491365695 38.43967422653542 57.979369852727075 50.302700456938
0.973947940869115 26041.09376841501 0.020833333333333332 1.1186606883523147 33821.344777808954 0.020833333333333332 t_swap_k 100 1619.8402690887451 10.92146361393488 50.22305139534343 39.28633419278179 22.140810491365695 38.43967422653542 57.979369852727075 50.302700456938
0.973947940869115 26041.09376841501 0.020833333333333332 1.1186606883523147 33821.344777808954 0.020833333333333332 move_t 100 1623.1664323806763 10.92146361393488 50.72082088139 39.28633419278179 22.140810491365695 38.43967422653542 57.979369852727075 50.302700456938
0.973947940869115 26041.09376841501 0.020833333333333332 1.124926017383185 34158.190241421435 0.020833333333333332 t_swap_k 100 1628.7775568962097 10.92146361393488 50.72082088139 39.963470850853966 22.140810491365695 38.43967422653542 57.979369852727075 50.302700456938
0.973947940869115 26041.09376841501 0.020833333333333332 1.1147433576608248 33610.73571539632 0.020833333333333332 t_swap_k 100 1635.8771896362305 10.92146361393488 50.72082088139 40.68383614234543 22.140810491365695 38.43967422653542 57.979369852727075 50.302700456938
0.973947940869115 26041.09376841501 0.020833333333333332 1.1128855238001976 33510.85222882849 0.020833333333333332 move_t 100 1640.4196021556854 10.92146361393488 51.2136126725761 40.68383614234543 22.140810491365695 38.43967422653542 57.979369852727075 50.302700456938
0.973947940869115 26041.09376841501 0.020833333333333332 1.1127945703809965 33505.96226271387 0.020833333333333332 t_multiswap_k 100 1643.3237755298615 10.92146361393488 51.2136126725761 40.68383614234543 22.140810491365695 38.43967422653542 57.979369852727075 50.82967345236862
0.973947940869115 26041.09376841501 0.020833333333333332 1.1116940726580333 33446.7957506489 0.020833333333333332 t_swap_r_k 100 1653.8343675136566 10.92146361393488 51.2136126725761 40.68383614234543 22.140810491365695 38.43967422653542 58.439576154199806 50.82967345236862
0.973947940869115 26041.09376841501 0.020833333333333332 1.1116940726580333 33446.7957506489 0.020833333333333332 t_swap_r_k 100 1669.209704399109 10.92146361393488 51.2136126725761 40.68383614234543 22.140810491365695 38.43967422653542 58.89518039265781 50.82967345236862
0.973947940869115 26041.09376841501 0.020833333333333332 1.110984952299406 33408.671020920905 0.020833333333333332 t_multiswap_k 100 1671.142786026001 10.92146361393488 51.2136126725761 40.68383614234543 22.140810491365695 38.43967422653542 58.89518039265781 51.35137671784493
0.973947940869115 26041.09376841501 0.020833333333333332 1.1103533068651317 33374.711607441015 0.020833333333333332 swap_t 100 1673.587720155716 10.92146361393488 51.2136126725761 40.68383614234543 22.140810491365695 39.05527748427007 58.89518039265781 51.35137671784493
0.973947940869115 26041.09376841501 0.020833333333333332 1.1103533068651317 33374.711607441015 0.020833333333333332 swap_t 100 1674.6608905792236 10.92146361393488 51.2136126725761 40.68383614234543 22.140810491365695 39.66472470942737 58.89518039265781 51.35137671784493
0.973947940869115 26041.09376841501 0.020833333333333332 1.1103533068651317 33374.711607441015 0.020833333333333332 t_swap_r_k 100 1683.2961919307709 10.92146361393488 51.2136126725761 40.68383614234543 22.140810491365695 39.66472470942737 59.34622858873123 51.35137671784493
0.973947940869115 26041.09376841501 0.020833333333333332 1.110863432858342 33402.13772119132 0.020833333333333332 t_move_k 100 1685.7017538547516 11.822248977795532 51.2136126725761 40.68383614234543 22.140810491365695 39.66472470942737 59.34622858873123 51.35137671784493
0.973947940869115 26041.09376841501 0.020833333333333332 1.1099015424015775 33350.42320863231 0.020833333333333332 f_swap_t 100 1688.7321107387543 11.822248977795532 51.2136126725761 40.68383614234543 22.919402386452038 39.66472470942737 59.34622858873123 51.35137671784493
0.973947940869115 26041.09376841501 0.020833333333333332 1.1074315674919522 33217.62893087857 0.020833333333333332 t_swap_k 100 1696.0244815349579 11.822248977795532 51.2136126725761 41.346997780921974 22.919402386452038 39.66472470942737 59.34622858873123 51.35137671784493
0.973947940869115 26041.09376841501 0.020833333333333332 1.1150264037066162 33625.9532364632 0.020833333333333332 f_swap_t 100 1706.2859404087067 11.822248977795532 51.2136126725761 41.346997780921974 23.700208362587517 39.66472470942737 59.34622858873123 51.35137671784493
0.973947940869115 26041.09376841501 0.020833333333333332 1.1150264037066162 33625.9532364632 0.020833333333333332 t_swap_r_k 100 1715.9527666568756 11.822248977795532 51.2136126725761 41.346997780921974 23.700208362587517 39.66472470942737 59.792766302843916 51.35137671784493
0.973947940869115 26041.09376841501 0.020833333333333332 1.1150264037066162 33625.9532364632 0.020833333333333332 swap_t 100 1717.5695745944977 11.822248977795532 51.2136126725761 41.346997780921974 23.700208362587517 40.268077462333096 59.792766302843916 51.35137671784493
0.973947940869115 26041.09376841501 0.020833333333333332 1.1150264037066162 33625.9532364632 0.020833333333333332 t_swap_r_k 100 1726.9812104701996 11.822248977795532 51.2136126725761 41.346997780921974 23.700208362587517 40.268077462333096 60.23483863981548 51.35137671784493
0.973947940869115 26041.09376841501 0.020833333333333332 1.1150264037066162 33625.9532364632 0.020833333333333332 t_swap_k 100 1730.2869024276733 11.822248977795532 51.2136126725761 41.93352780311275 23.700208362587517 40.268077462333096 60.23483863981548 51.35137671784493
0.973947940869115 26041.09376841501 0.020833333333333332 1.1148463835111235 33616.27473659328 0.020833333333333332 t_swap_k 100 1734.1321952342987 11.822248977795532 51.2136126725761 42.54419252508163 23.700208362587517 40.268077462333096 60.23483863981548 51.35137671784493
0.973947940869115 26041.09376841501 0.020833333333333332 1.1296518299549683 33852.23051025697 0.0 f_swap_t 100 1741.652664422989 11.822248977795532 51.2136126725761 42.54419252508163 24.513206278961643 40.268077462333096 60.23483863981548 51.35137671784493
0.973947940869115 26041.09376841501 0.020833333333333332 1.123140835262198 33502.17722254322 0.0 move_t 100 1743.6283950805664 11.822248977795532 51.731476545850335 42.54419252508163 24.513206278961643 40.268077462333096 60.23483863981548 51.35137671784493
0.973947940869115 26041.09376841501 0.020833333333333332 1.1199080419131695 33328.37122304161 0.0 move_t 100 1748.4293944835663 11.822248977795532 52.24416178039183 42.54419252508163 24.513206278961643 40.268077462333096 60.23483863981548 51.35137671784493
0.973947940869115 26041.09376841501 0.020833333333333332 1.1158689553831604 33111.216151365705 0.0 t_swap_k 100 1758.24853682518 11.822248977795532 52.24416178039183 43.14875059983081 24.513206278961643 40.268077462333096 60.23483863981548 51.35137671784493
0.973947940869115 26041.09376841501 0.020833333333333332 1.1142728696115807 33025.40513504971 0.0 t_swap_r_k 100 1777.569008588791 11.822248977795532 52.24416178039183 43.14875059983081 24.513206278961643 40.268077462333096 60.67249025341732 51.35137671784493
0.973947940869115 26041.09376841501 0.020833333333333332 1.1051931135248843 32537.246471164402 0.0 t_swap_k 100 1782.0049302577972 11.822248977795532 52.24416178039183 43.837263093832505 24.513206278961643 40.268077462333096 60.67249025341732 51.35137671784493
0.973947940869115 26041.09376841501 0.020833333333333332 1.0971858686740086 32106.74967031607 0.0 t_swap_k 100 1789.2776987552643 11.822248977795532 52.24416178039183 44.42889046289418 24.513206278961643 40.268077462333096 60.67249025341732 51.35137671784493
0.973947940869115 26041.09376841501 0.020833333333333332 1.0945548380515673 31965.296487980682 0.0 t_swap_r_k 100 1806.8974795341492 11.822248977795532 52.24416178039183 44.42889046289418 24.513206278961643 40.268077462333096 61.105765350883146 51.35137671784493
0.973947940869115 26041.09376841501 0.020833333333333332 1.086755621466133 31545.98399639557 0.0 t_multiswap_k 100 1811.8200850486755 11.822248977795532 52.24416178039183 44.42889046289418 24.513206278961643 40.268077462333096 61.105765350883146 51.86786295066648
0.973947940869115 26041.09376841501 0.020833333333333332 1.0849211672946697 31447.35748167978 0.0 swap_t 100 1816.650579214096 11.822248977795532 52.24416178039183 44.42889046289418 24.513206278961643 40.86539668770976 61.105765350883146 51.86786295066648
0.973947940869115 26041.09376841501 0.020833333333333332 1.0849211672946697 31447.35748167978 0.0 t_swap_r_k 100 1828.4844155311584 11.822248977795532 52.24416178039183 44.42889046289418 24.513206278961643 40.86539668770976 61.534707697374316 51.86786295066648
0.973947940869115 26041.09376841501 0.020833333333333332 1.0792001136721436 31699.80965857346 0.020833333333333332 move_t 100 1832.6871905326843 11.822248977795532 52.75172016258791 44.42889046289418 24.513206278961643 40.86539668770976 61.534707697374316 51.86786295066648
0.973947940869115 26041.09376841501 0.020833333333333332 1.0760579368771432 31530.875514165524 0.020833333333333332 t_swap_r_k 100 1860.6563611030579 11.822248977795532 52.75172016258791 44.42889046289418 24.513206278961643 40.86539668770976 61.959360620400574 51.86786295066648
0.973947940869115 26041.09376841501 0.020833333333333332 1.1111121349181698 32855.47325471075 0.0 move_t 100 1865.2436037063599 11.822248977795532 53.31420296096203 44.42889046289418 24.513206278961643 40.86539668770976 61.959360620400574 51.86786295066648
0.973947940869115 26041.09376841501 0.020833333333333332 1.1082028876631491 32699.06219703888 0.0 t_multiswap_k 100 1866.5798721313477 11.822248977795532 53.31420296096203 44.42889046289418 24.513206278961643 40.86539668770976 61.959360620400574 52.41918432115981
0.973947940869115 26041.09376841501 0.020833333333333332 1.095337778265939 32567.425562692166 0.020833333333333332 t_multiswap_k 100 1867.7818140983582 11.822248977795532 53.31420296096203 44.42889046289418 24.513206278961643 40.86539668770976 61.959360620400574 52.95499247794821
0.973947940869115 26041.09376841501 0.020833333333333332 1.0920009957893326 32388.028752920734 0.020833333333333332 t_swap_r_k 100 1879.4869430065155 11.822248977795532 53.31420296096203 44.42889046289418 24.513206278961643 40.86539668770976 62.37976701419657 52.95499247794821
0.973947940869115 26041.09376841501 0.020833333333333332 1.0920009957893326 32388.028752920734 0.020833333333333332 move_t 100 1881.018301486969 11.822248977795532 53.78106093135241 44.42889046289418 24.513206278961643 40.86539668770976 62.37976701419657 52.95499247794821
0.973947940869115 26041.09376841501 0.020833333333333332 1.0920009957893326 32388.028752920734 0.020833333333333332 t_swap_r_k 100 1895.2770681381226 11.822248977795532 53.78106093135241 44.42889046289418 24.513206278961643 40.86539668770976 62.7959693440546 52.95499247794821
0.973947940869115 26041.09376841501 0.020833333333333332 1.0945087043627406 32522.851721172294 0.020833333333333332 t_move_k 100 1896.2759773731232 12.744026488017576 53.78106093135241 44.42889046289418 24.513206278961643 40.86539668770976 62.7959693440546 52.95499247794821
0.973947940869115 26041.09376841501 0.020833333333333332 1.0931942603762113 32452.182728074957 0.020833333333333332 move_t 100 1901.366647720337 12.744026488017576 54.273250322038884 44.42889046289418 24.513206278961643 40.86539668770976 62.7959693440546 52.95499247794821
0.973947940869115 26041.09376841501 0.020833333333333332 1.0916872406097662 32371.16020405424 0.020833333333333332 move_t 100 1907.4219329357147 12.744026488017576 54.7305178188185 44.42889046289418 24.513206278961643 40.86539668770976 62.7959693440546 52.95499247794821
0.973947940869115 26041.09376841501 0.020833333333333332 1.1031588633276954 32987.91377817125 0.020833333333333332 t_multiswap_k 100 1909.5545783042908 12.744026488017576 54.7305178188185 44.42889046289418 24.513206278961643 40.86539668770976 62.7959693440546 53.49544255316873
0.973947940869115 26041.09376841501 0.020833333333333332 1.0942095306689146 32586.77219953902 0.023809523809523808 t_multiswap_k 100 1913.1530330181122 12.744026488017576 54.7305178188185 44.42889046289418 24.513206278961643 40.86539668770976 62.7959693440546 54.020488127637044
0.973947940869115 26041.09376841501 0.020833333333333332 1.1157985276927929 33867.675270726075 0.023809523809523808 move_t 100 1914.0163345336914 12.744026488017576 55.223212640630315 44.42889046289418 24.513206278961643 40.86539668770976 62.7959693440546 54.020488127637044
0.973947940869115 26041.09376841501 0.020833333333333332 1.1185833678178563 34003.86627465279 0.027777777777777776 f_swap_t 100 1921.4032649993896 12.744026488017576 55.223212640630315 44.42889046289418 25.288074216172028 40.86539668770976 62.7959693440546 54.020488127637044
0.973947940869115 26041.09376841501 0.020833333333333332 1.1118279244085558 33533.997154221455 0.023809523809523808 t_swap_r_k 100 1931.7331891059875 12.744026488017576 55.223212640630315 44.42889046289418 25.288074216172028 40.86539668770976 63.23800965061405 54.020488127637044
0.973947940869115 26041.09376841501 0.020833333333333332 1.1115056393944591 33516.67001235008 0.023809523809523808 t_swap_k 100 1939.062616109848 12.744026488017576 55.223212640630315 45.01460155826524 25.288074216172028 40.86539668770976 63.23800965061405 54.020488127637044
0.973947940869115 26041.09376841501 0.020833333333333332 1.1332971752765262 34048.21671127173 0.0 t_swap_k 100 1942.7406821250916 12.744026488017576 55.223212640630315 45.67445554268259 25.288074216172028 40.86539668770976 63.23800965061405 54.020488127637044
0.973947940869115 26041.09376841501 0.020833333333333332 1.118536171561089 33894.65540712223 0.023809523809523808 t_multiswap_k 100 1948.8012313842773 12.744026488017576 55.223212640630315 45.67445554268259 25.288074216172028 40.86539668770976 63.23800965061405 54.51028324636067
0.973947940869115 26041.09376841501 0.020833333333333332 1.118536171561089 33894.65540712223 0.023809523809523808 swap_t 100 1952.5782487392426 12.744026488017576 55.223212640630315 45.67445554268259 25.288074216172028 41.456742720832665 63.23800965061405 54.51028324636067
0.973947940869115 26041.09376841501 0.020833333333333332 1.130440933465851 33894.65540712223 0.0 t_swap_r_k 100 1968.0125195980072 12.744026488017576 55.223212640630315 45.67445554268259 25.288074216172028 41.456742720832665 63.64562955410791 54.51028324636067
0.973947940869115 26041.09376841501 0.020833333333333332 1.1360627008983175 34196.900803617806 0.0 t_move_k 100 1969.299679517746 13.626586223137402 55.223212640630315 45.67445554268259 25.288074216172028 41.456742720832665 63.64562955410791 54.51028324636067
0.973947940869115 26041.09376841501 0.020833333333333332 1.1307169358309177 34549.534850389835 0.023809523809523808 t_multiswap_k 100 1975.093370437622 13.626586223137402 55.223212640630315 45.67445554268259 25.288074216172028 41.456742720832665 63.64562955410791 55.02518041389707
0.973947940869115 26041.09376841501 0.020833333333333332 1.128029933311508 34405.07242791867 0.023809523809523808 t_swap_r_k 100 1982.7321321964264 13.626586223137402 55.223212640630315 45.67445554268259 25.288074216172028 41.456742720832665 64.04917325856684 55.02518041389707
0.973947940869115 26041.09376841501 0.020833333333333332 1.132588709412867 34650.16778393294 0.023809523809523808 t_multiswap_k 100 1987.8500683307648 13.626586223137402 55.223212640630315 45.67445554268259 25.288074216172028 41.456742720832665 64.04917325856684 55.5149286097581
0.973947940869115 26041.09376841501 0.020833333333333332 1.1287840551607906 34445.6165913122 0.023809523809523808 t_multiswap_k 100 1992.5957102775574 13.626586223137402 55.223212640630315 45.67445554268259 25.288074216172028 41.456742720832665 64.04917325856684 55.95977932366052
0.973947940869115 26041.09376841501 0.020833333333333332 1.113520830917713 33625.01358370503 0.023809523809523808 f_swap_t 100 2003.4719150066376 13.626586223137402 55.223212640630315 45.67445554268259 26.09519347401031 41.456742720832665 64.04917325856684 55.95977932366052
0.973947940869115 26041.09376841501 0.020833333333333332 1.1098347302510603 33426.83623629629 0.023809523809523808 t_swap_r_k 100 2007.4587411880493 13.626586223137402 55.223212640630315 45.67445554268259 26.09519347401031 41.456742720832665 64.44868152598117 55.95977932366052
0.973947940869115 26041.09376841501 0.020833333333333332 1.1086573059238678 33363.533887543716 0.023809523809523808 t_swap_r_k 100 2030.6269664764404 13.626586223137402 55.223212640630315 45.67445554268259 26.09519347401031 41.456742720832665 64.84419471072135 55.95977932366052
0.973947940869115 26041.09376841501 0.020833333333333332 1.1086573059238678 33363.533887543716 0.023809523809523808 t_swap_r_k 100 2045.7312121391296 13.626586223137402 55.223212640630315 45.67445554268259 26.09519347401031 41.456742720832665 65.23575276361414 55.95977932366052
0.973947940869115 26041.09376841501 0.020833333333333332 1.107033409436822 33276.22767228471 0.023809523809523808 f_swap_t 100 2048.011902332306 13.626586223137402 55.223212640630315 45.67445554268259 26.894241539270205 41.456742720832665 65.23575276361414 55.95977932366052
0.973947940869115 26041.09376841501 0.020833333333333332 1.104521120881438 33141.15846857698 0.023809523809523808 t_swap_r_k 100 2061.8809902668 13.626586223137402 55.223212640630315 45.67445554268259 26.894241539270205 41.456742720832665 65.62339523597801 55.95977932366052
0.973947940869115 26041.09376841501 0.020833333333333332 1.1323015739072784 33655.15441553251 0.023809523809523808 swap_t 100 2065.684814453125 13.626586223137402 55.223212640630315 45.67445554268259 26.894241539270205 42.05217529362434 65.62339523597801 55.95977932366052
0.973947940869115 26041.09376841501 0.020833333333333332 1.1228499697875634 34126.579916811635 0.023809523809523808 t_swap_k 100 2067.1882309913635 13.626586223137402 55.223212640630315 46.34771098725576 26.894241539270205 42.05217529362434 65.62339523597801 55.95977932366052
0.973947940869115 26041.09376841501 0.020833333333333332 1.1228499697875634 34126.579916811635 0.023809523809523808 t_swap_r_k 100 2084.867220401764 13.626586223137402 55.223212640630315 46.34771098725576 26.894241539270205 42.05217529362434 66.00716128361823 55.95977932366052
0.973947940869115 26041.09376841501 0.020833333333333332 1.1228499697875634 34126.579916811635 0.023809523809523808 t_swap_r_k 100 2092.761041879654 13.626586223137402 55.223212640630315 46.34771098725576 26.894241539270205 42.05217529362434 66.38708967078205 55.95977932366052
0.973947940869115 26041.09376841501 0.020833333333333332 1.1228499697875634 34126.579916811635 0.023809523809523808 t_swap_r_k 100 2106.2559926509857 13.626586223137402 55.223212640630315 46.34771098725576 26.894241539270205 42.05217529362434 66.76321877407423 55.95977932366052
0.973947940869115 26041.09376841501 0.020833333333333332 1.1154651851180368 33729.54869890935 0.023809523809523808 t_multiswap_k 100 2109.583782672882 13.626586223137402 55.223212640630315 46.34771098725576 26.894241539270205 42.05217529362434 66.76321877407423 56.430181530423916
0.973947940869115 26041.09376841501 0.020833333333333332 1.119229734602807 33931.943722417534 0.023809523809523808 f_swap_t 100 2113.221340894699 13.626586223137402 55.223212640630315 46.34771098725576 27.665299123877503 42.05217529362434 66.76321877407423 56.430181530423916
0.973947940869115 26041.09376841501 0.020833333333333332 1.117102976255992 33817.60193800449 0.023809523809523808 f_swap_t 100 2123.988963842392 13.626586223137402 55.223212640630315 46.34771098725576 28.47864613263873 42.05217529362434 66.76321877407423 56.430181530423916
0.973947940869115 26041.09376841501 0.020833333333333332 1.116273717083474 33773.01813577391 0.023809523809523808 t_multiswap_k 100 2125.8043558597565 13.626586223137402 55.223212640630315 46.34771098725576 28.47864613263873 42.05217529362434 66.76321877407423 56.92587971511968
0.973947940869115 26041.09376841501 0.020833333333333332 1.114289590099347 33773.01813577391 0.027777777777777776 t_swap_r_k 100 2140.0626182556152 13.626586223137402 55.223212640630315 46.34771098725576 28.47864613263873 42.05217529362434 67.16558658633349 56.92587971511968
0.973947940869115 26041.09376841501 0.020833333333333332 1.114289590099347 33773.01813577391 0.027777777777777776 t_move_k 100 2142.576907157898 14.490320360906027 55.223212640630315 46.34771098725576 28.47864613263873 42.05217529362434 67.16558658633349 56.92587971511968
0.973947940869115 26041.09376841501 0.020833333333333332 1.1266929711669542 34439.866217573704 0.027777777777777776 move_t 100 2143.5496785640717 14.490320360906027 55.72098051422401 46.34771098725576 28.47864613263873 42.05217529362434 67.16558658633349 56.92587971511968
0.973947940869115 26041.09376841501 0.020833333333333332 1.1266929711669542 34439.866217573704 0.027777777777777776 move_t 100 2149.6819796562195 14.490320360906027 56.16377070908177 46.34771098725576 28.47864613263873 42.05217529362434 67.16558658633349 56.92587971511968
0.973947940869115 26041.09376841501 0.020833333333333332 1.140581860055843 34439.866217573704 0.0 t_swap_r_k 100 2159.0232734680176 14.490320360906027 56.16377070908177 46.34771098725576 28.47864613263873 42.05217529362434 67.53393072047015 56.92587971511968
0.973947940869115 26041.09376841501 0.020833333333333332 1.1392924799813193 34370.544745894294 0.0 f_swap_t 100 2161.7266902923584 14.490320360906027 56.16377070908177 46.34771098725576 29.27385967131234 42.05217529362434 67.53393072047015 56.92587971511968
0.973947940869115 26041.09376841501 0.020833333333333332 1.1297133920236677 33855.54029709655 0.0 t_swap_r_k 100 2177.609285593033 14.490320360906027 56.16377070908177 46.34771098725576 29.27385967131234 42.05217529362434 67.89859141326545 56.92587971511968
0.973947940869115 26041.09376841501 0.020833333333333332 1.1136342913521433 33631.11360374373 0.023809523809523808 f_swap_t 100 2184.4260652065277 14.490320360906027 56.16377070908177 46.34771098725576 30.111121074599218 42.05217529362434 67.89859141326545 56.92587971511968
0.973947940869115 26041.09376841501 0.020833333333333332 1.1136342913521433 33631.11360374373 0.023809523809523808 f_swap_t 100 2190.0548844337463 14.490320360906027 56.16377070908177 46.34771098725576 30.810009863853224 42.05217529362434 67.89859141326545 56.92587971511968
0.973947940869115 26041.09376841501 0.020833333333333332 1.1078594729089661 33320.63966276067 0.023809523809523808 move_t 100 2197.407138824463 14.490320360906027 56.72213300199095 46.34771098725576 30.810009863853224 42.05217529362434 67.89859141326545 56.92587971511968
0.973947940869115 26041.09376841501 0.020833333333333332 1.1078594729089661 33320.63966276067 0.023809523809523808 t_multiswap_k 100 2199.799810409546 14.490320360906027 56.72213300199095 46.34771098725576 30.810009863853224 42.05217529362434 67.89859141326545 57.35662091796848
0.973947940869115 26041.09376841501 0.020833333333333332 1.1294953824791316 34483.85997472371 0.023809523809523808 f_swap_t 100 2209.9584391117096 14.490320360906027 56.72213300199095 46.34771098725576 31.581909765214693 42.05217529362434 67.89859141326545 57.35662091796848
0.973947940869115 26041.09376841501 0.020833333333333332 1.128890667875621 34451.34845458341 0.023809523809523808 move_t 100 2211.569407224655 14.490320360906027 57.18491167197104 46.34771098725576 31.581909765214693 42.05217529362434 67.89859141326545 57.35662091796848
0.973947940869115 26041.09376841501 0.020833333333333332 1.128890667875621 34451.34845458341 0.023809523809523808 t_swap_k 100 2216.635998725891 14.490320360906027 57.18491167197104 46.8842338773832 31.581909765214693 42.05217529362434 67.89859141326545 57.35662091796848
0.973947940869115 26041.09376841501 0.020833333333333332 1.1271015343511777 34355.15853246817 0.023809523809523808 t_swap_k 100 2223.123651266098 14.490320360906027 57.18491167197104 47.47539153860937 31.581909765214693 42.05217529362434 67.89859141326545 57.35662091796848
0.973947940869115 26041.09376841501 0.020833333333333332 1.1259017699253369 34397.3285395475 0.027777777777777776 t_multiswap_k 100 2224.2543370723724 14.490320360906027 57.18491167197104 47.47539153860937 31.581909765214693 42.05217529362434 67.89859141326545 57.84305470878879
0.973947940869115 26041.09376841501 0.020833333333333332 1.1174117238816696 33940.87469944118 0.027777777777777776 t_swap_r_k 100 2231.7076823711395 14.490320360906027 57.18491167197104 47.47539153860937 31.581909765214693 42.05217529362434 68.25960549913279 57.84305470878879
0.973947940869115 26041.09376841501 0.020833333333333332 1.1174117238816696 33940.87469944118 0.027777777777777776 swap_t 100 2232.98579120636 14.490320360906027 57.18491167197104 47.47539153860937 31.581909765214693 42.63165354068809 68.25960549913279 57.84305470878879
0.973947940869115 26041.09376841501 0.020833333333333332 1.1138663088871876 33750.26109373418 0.027777777777777776 t_swap_k 100 2237.841273546219 14.490320360906027 57.18491167197104 48.06063762322328 31.581909765214693 42.63165354068809 68.25960549913279 57.84305470878879
0.973947940869115 26041.09376841501 0.020833333333333332 1.1126159969709566 33683.04005953024 0.027777777777777776 swap_t 100 2241.17844581604 14.490320360906027 57.18491167197104 48.06063762322328 31.581909765214693 43.20533700528121 68.25960549913279 57.84305470878879
0.973947940869115 26041.09376841501 0.020833333333333332 1.130493186024113 33897.46468292019 0.0 f_swap_t 100 2248.981114387512 14.490320360906027 57.18491167197104 48.06063762322328 32.30609066756254 43.20533700528121 68.25960549913279 57.84305470878879
0.973947940869115 26041.09376841501 0.020833333333333332 1.1132824428838155 33718.870465464795 0.027777777777777776 f_swap_t 100 2251.597210407257 14.490320360906027 57.18491167197104 48.06063762322328 32.983029760886915 43.20533700528121 68.25960549913279 57.84305470878879
0.973947940869115 26041.09376841501 0.020833333333333332 1.1132824428838155 33718.870465464795 0.027777777777777776 swap_t 100 2253.069351673126 14.490320360906027 57.18491167197104 48.06063762322328 32.983029760886915 43.773283635228395 68.25960549913279 57.84305470878879
0.973947940869115 26041.09376841501 0.020833333333333332 1.113076554051375 33707.801179418624 0.027777777777777776 t_multiswap_k 100 2254.9782330989838 14.490320360906027 57.18491167197104 48.06063762322328 32.983029760886915 43.773283635228395 68.25960549913279 58.2946241617009
0.973947940869115 26041.09376841501 0.020833333333333332 1.1267720080705286 34444.115511153635 0.027777777777777776 f_swap_t 100 2261.0952501296997 14.490320360906027 57.18491167197104 48.06063762322328 33.69319946327805 43.773283635228395 68.25960549913279 58.2946241617009
0.973947940869115 26041.09376841501 0.020833333333333332 1.1152556659279804 33824.95766820349 0.027777777777777776 move_t 100 2268.4422285556793 14.490320360906027 57.67306255525133 48.06063762322328 33.69319946327805 43.773283635228395 68.25960549913279 58.2946241617009
0.973947940869115 26041.09376841501 0.020833333333333332 1.1119247833449581 33645.87805683933 0.027777777777777776 t_multiswap_k 100 2272.578018426895 14.490320360906027 57.67306255525133 48.06063762322328 33.69319946327805 43.773283635228395 68.25960549913279 58.71167792008389
0.973947940869115 26041.09376841501 0.020833333333333332 1.1119247833449581 33645.87805683933 0.027777777777777776 t_swap_r_k 100 2284.236511707306 14.490320360906027 57.67306255525133 48.06063762322328 33.69319946327805 43.773283635228395 68.61700944414146 58.71167792008389
0.973947940869115 26041.09376841501 0.020833333333333332 1.1627090991707976 36376.21613235157 0.027777777777777776 f_swap_t 100 2292.5041043758392 14.490320360906027 57.67306255525133 48.06063762322328 34.486267468645266 43.773283635228395 68.61700944414146 58.71167792008389
0.973947940869115 26041.09376841501 0.020833333333333332 1.1576214900249953 36102.68890769137 0.027777777777777776 t_move_k 100 2293.6587879657745 15.495417157296966 57.67306255525133 48.06063762322328 34.486267468645266 43.773283635228395 68.61700944414146 58.71167792008389
0.973947940869115 26041.09376841501 0.020833333333333332 1.1712006928546272 36832.753178872976 0.027777777777777776 t_swap_k 100 2298.1999905109406 15.495417157296966 57.67306255525133 48.75003124699105 34.486267468645266 43.773283635228395 68.61700944414146 58.71167792008389
0.973947940869115 26041.09376841501 0.020833333333333332 1.1770285493623711 37121.23189417373 0.027777777777777776 move_t 100 2304.8200969696045 15.495417157296966 58.196331929698815 48.75003124699105 34.486267468645266 43.773283635228395 68.61700944414146 58.71167792008389
0.973947940869115 26041.09376841501 0.020833333333333332 1.1653338365773198 36410.657534177946 0.023809523809523808 t_swap_k 100 2307.403338432312 15.495417157296966 58.196331929698815 49.412530934521136 34.486267468645266 43.773283635228395 68.61700944414146 58.71167792008389
0.973947940869115 26041.09376841501 0.020833333333333332 1.1597864151074941 36112.409230274 0.023809523809523808 t_multiswap_k 100 2315.288599729538 15.495417157296966 58.196331929698815 49.412530934521136 34.486267468645266 43.773283635228395 68.61700944414146 59.24456114088306
0.973947940869115 26041.09376841501 0.020833333333333332 1.1592376283950627 36002.899507549395 0.020833333333333332 t_multiswap_k 100 2326.2179493904114 15.495417157296966 58.196331929698815 49.412530934521136 34.486267468645266 43.773283635228395 68.61700944414146 59.76211552947423
0.973947940869115 26041.09376841501 0.020833333333333332 1.1469561360022702 34782.56903905184 0.0 t_multiswap_k 100 2328.932309627533 15.495417157296966 58.196331929698815 49.412530934521136 34.486267468645266 43.773283635228395 68.61700944414146 60.224494374179486
0.973947940869115 26041.09376841501 0.020833333333333332 1.1439904137726606 35183.15723176846 0.020833333333333332 swap_t 100 2334.1642727851868 15.495417157296966 58.196331929698815 49.412530934521136 34.486267468645266 44.365550798876114 68.61700944414146 60.224494374179486
0.973947940869115 26041.09376841501 0.020833333333333332 1.1370731411426747 34997.93956864912 0.027777777777777776 t_swap_r_k 100 2348.364237308502 15.495417157296966 58.196331929698815 49.412530934521136 34.486267468645266 44.365550798876114 69.00083934970004 60.224494374179486
0.973947940869115 26041.09376841501 0.020833333333333332 1.167365535594444 35752.902508381056 0.027777777777777776 swap_t 100 2351.522411584854 15.495417157296966 58.196331929698815 49.412530934521136 34.486267468645266 44.931895290887354 69.00083934970004 60.224494374179486
0.973947940869115 26041.09376841501 0.020833333333333332 1.1621520742453053 36346.268572000525 0.027777777777777776 t_swap_k 100 2358.150406599045 15.495417157296966 58.196331929698815 49.94840562517592 34.486267468645266 44.931895290887354 69.00083934970004 60.224494374179486
0.973947940869115 26041.09376841501 0.020833333333333332 1.1621520742453053 36346.268572000525 0.027777777777777776 t_swap_r_k 100 2374.4706225395203 15.495417157296966 58.196331929698815 49.94840562517592 34.486267468645266 44.931895290887354 69.35083095620304 60.224494374179486
0.973947940869115 26041.09376841501 0.020833333333333332 1.1761898351223736 37100.98648823745 0.027777777777777776 t_swap_k 100 2375.89884018898 15.495417157296966 58.196331929698815 50.52892156892416 34.486267468645266 44.931895290887354 69.35083095620304 60.224494374179486
0.973947940869115 26041.09376841501 0.020833333333333332 1.1756853331156714 36887.18422662423 0.020833333333333332 t_swap_r_k 100 2385.531610250473 15.495417157296966 58.196331929698815 50.52892156892416 34.486267468645266 44.931895290887354 69.69732264664101 60.224494374179486
0.973947940869115 26041.09376841501 0.020833333333333332 1.1715455765524068 36851.29530307723 0.027777777777777776 f_swap_t 100 2391.2543346881866 15.495417157296966 58.196331929698815 50.52892156892416 35.201404793958815 44.931895290887354 69.69732264664101 60.224494374179486
0.973947940869115 26041.09376841501 0.020833333333333332 1.1529414914222365 36298.66640681647 0.027777777777777776 move_t 100 2398.2698678970337 15.495417157296966 58.64436861040183 50.52892156892416 35.201404793958815 44.931895290887354 69.69732264664101 60.224494374179486
0.973947940869115 26041.09376841501 0.020833333333333332 1.149557306285316 35669.130877927186 0.027777777777777776 t_swap_k 100 2400.7623829841614 15.495417157296966 58.64436861040183 51.02363235323492 35.201404793958815 44.931895290887354 69.69732264664101 60.224494374179486
0.973947940869115 26041.09376841501 0.020833333333333332 1.1494715173474959 35664.518571950844 0.027777777777777776 t_multiswap_k 100 2402.584568977356 15.495417157296966 58.64436861040183 51.02363235323492 35.201404793958815 44.931895290887354 69.69732264664101 60.62224943043769
0.973947940869115 26041.09376841501 0.020833333333333332 1.1492928262275184 35654.91152771492 0.027777777777777776 f_swap_t 100 2408.1199193000793 15.495417157296966 58.64436861040183 51.02363235323492 35.879390746019226 44.931895290887354 69.69732264664101 60.62224943043769
0.973947940869115 26041.09376841501 0.020833333333333332 1.1487155589258788 35623.87566816293 0.027777777777777776 f_swap_t 100 2412.4227862358093 15.495417157296966 58.64436861040183 51.02363235323492 36.52059683855904 44.931895290887354 69.69732264664101 60.62224943043769
0.973947940869115 26041.09376841501 0.020833333333333332 1.1475289933974815 35560.081857247285 0.027777777777777776 t_multiswap_k 100 2422.3122086524963 15.495417157296966 58.64436861040183 51.02363235323492 36.52059683855904 44.931895290887354 69.69732264664101 61.07602693613332
0.973947940869115 26041.09376841501 0.020833333333333332 1.143985431081944 35369.56785788098 0.027777777777777776 t_multiswap_k 100 2424.414896249771 15.495417157296966 58.64436861040183 51.02363235323492 36.52059683855904 44.931895290887354 69.69732264664101 61.525266666771984
0.973947940869115 26041.09376841501 0.020833333333333332 1.1377893136063806 35036.44344360523 0.027777777777777776 t_swap_k 100 2426.479171037674 15.495417157296966 58.64436861040183 51.54339602970257 36.52059683855904 44.931895290887354 69.69732264664101 61.525266666771984
0.973947940869115 26041.09376841501 0.020833333333333332 1.1364737631800859 34965.714964531355 0.027777777777777776 t_swap_k 100 2430.7485868930817 15.495417157296966 58.64436861040183 52.107962069405545 36.52059683855904 44.931895290887354 69.69732264664101 61.525266666771984
0.973947940869115 26041.09376841501 0.020833333333333332 1.1324712124329974 34750.52418119141 0.027777777777777776 t_multiswap_k 100 2431.664817094803 15.495417157296966 58.64436861040183 52.107962069405545 36.52059683855904 44.931895290887354 69.69732264664101 61.91001400010426
0.973947940869115 26041.09376841501 0.020833333333333332 1.125644171301903 34383.47915872345 0.027777777777777776 t_multiswap_k 100 2432.6387269496918 15.495417157296966 58.64436861040183 52.107962069405545 36.52059683855904 44.931895290887354 69.69732264664101 62.32091386010322
0.973947940869115 26041.09376841501 0.020833333333333332 1.1242961359563106 34311.00417956198 0.027777777777777776 t_multiswap_k 100 2433.7258021831512 15.495417157296966 58.64436861040183 52.107962069405545 36.52059683855904 44.931895290887354 69.69732264664101 62.727704721502185
0.973947940869115 26041.09376841501 0.020833333333333332 1.1242961359563106 34311.00417956198 0.027777777777777776 t_swap_r_k 100 2446.561648607254 15.495417157296966 58.64436861040183 52.107962069405545 36.52059683855904 44.931895290887354 70.0403494201746 62.727704721502185
0.973947940869115 26041.09376841501 0.020833333333333332 1.1242961359563106 34311.00417956198 0.027777777777777776 t_swap_k 100 2449.4037420749664 15.495417157296966 58.64436861040183 52.58688244871149 36.52059683855904 44.931895290887354 70.0403494201746 62.727704721502185
0.973947940869115 26041.09376841501 0.020833333333333332 1.1237389498648134 34281.04795437667 0.027777777777777776 f_swap_t 100 2457.0446174144745 15.495417157296966 58.64436861040183 52.58688244871149 37.18539087017345 44.931895290887354 70.0403494201746 62.727704721502185
0.973947940869115 26041.09376841501 0.020833333333333332 1.1165083825558204 33892.30798790749 0.027777777777777776 t_multiswap_k 100 2459.4862744808197 15.495417157296966 58.64436861040183 52.58688244871149 37.18539087017345 44.931895290887354 70.0403494201746 63.220427674287166
0.973947940869115 26041.09376841501 0.020833333333333332 1.1072390276966542 33393.95584717551 0.027777777777777776 t_swap_k 100 2463.3553936481476 15.495417157296966 58.64436861040183 53.121013624224375 37.18539087017345 44.931895290887354 70.0403494201746 63.220427674287166
0.973947940869115 26041.09376841501 0.020833333333333332 1.1072390276966542 33393.95584717551 0.027777777777777776 t_move_k 100 2465.4623630046844 16.340462985723995 58.64436861040183 53.121013624224375 37.18539087017345 44.931895290887354 70.0403494201746 63.220427674287166
0.973947940869115 26041.09376841501 0.020833333333333332 1.1072390276966542 33393.95584717551 0.027777777777777776 swap_t 100 2468.6453733444214 16.340462985723995 58.64436861040183 53.121013624224375 37.18539087017345 45.48257633797848 70.0403494201746 63.220427674287166
0.973947940869115 26041.09376841501 0.020833333333333332 1.105300939871611 33289.75763368476 0.027777777777777776 move_t 100 2469.555646419525 16.340462985723995 59.11792492429781 53.121013624224375 37.18539087017345 45.48257633797848 70.0403494201746 63.220427674287166
0.973947940869115 26041.09376841501 0.020833333333333332 1.1097308050220531 33527.922297182755 0.027777777777777776 t_swap_k 100 2471.970766544342 16.340462985723995 59.11792492429781 53.59980348798213 37.18539087017345 45.48257633797848 70.0403494201746 63.220427674287166
0.973947940869115 26041.09376841501 0.020833333333333332 1.1068609944310706 33373.63148911241 0.027777777777777776 move_t 100 2477.5329172611237 16.340462985723995 59.58674567505483 53.59980348798213 37.18539087017345 45.48257633797848 70.0403494201746 63.220427674287166
0.973947940869115 26041.09376841501 0.020833333333333332 1.0993571228642114 32970.19775333046 0.027777777777777776 f_swap_t 100 2481.2879087924957 16.340462985723995 59.58674567505483 53.59980348798213 37.81353696147171 45.48257633797848 70.0403494201746 63.220427674287166
0.973947940869115 26041.09376841501 0.020833333333333332 1.099171433934364 32960.21448296206 0.027777777777777776 move_t 100 2482.4754631519318 16.340462985723995 59.99087821830428 53.59980348798213 37.81353696147171 45.48257633797848 70.0403494201746 63.220427674287166
0.973947940869115 26041.09376841501 0.020833333333333332 1.1177167242569284 34156.21434054439 0.027777777777777776 swap_t 100 2486.289124727249 16.340462985723995 59.99087821830428 53.59980348798213 37.81353696147171 46.06775057459869 70.0403494201746 63.220427674287166
0.973947940869115 26041.09376841501 0.020833333333333332 1.1158192840744483 33855.25970260774 0.027777777777777776 swap_t 100 2489.2714784145355 16.340462985723995 59.99087821830428 53.59980348798213 37.81353696147171 46.607073068852706 70.0403494201746 63.220427674287166
0.973947940869115 26041.09376841501 0.020833333333333332 1.1153484389770127 33829.94546382572 0.027777777777777776 swap_t 100 2491.1301624774933 16.340462985723995 59.99087821830428 53.59980348798213 37.81353696147171 47.17100233816418 70.0403494201746 63.220427674287166
0.973947940869115 26041.09376841501 0.020833333333333332 1.1140222007460912 33758.6423719124 0.027777777777777776 t_swap_k 100 2502.0906784534454 16.340462985723995 59.99087821830428 54.093805453102306 37.81353696147171 47.17100233816418 70.0403494201746 63.220427674287166
0.973947940869115 26041.09376841501 0.020833333333333332 1.1125236501718854 33678.075180560125 0.027777777777777776 swap_t 100 2507.8960206508636 16.340462985723995 59.99087821830428 54.093805453102306 37.81353696147171 47.72929231478254 70.0403494201746 63.220427674287166
0.973947940869115 26041.09376841501 0.020833333333333332 1.1467215584221795 34854.84442574413 0.027777777777777776 swap_t 100 2511.220279455185 16.340462985723995 59.99087821830428 54.093805453102306 37.81353696147171 48.271999391634715 70.0403494201746 63.220427674287166
0.973947940869115 26041.09376841501 0.020833333333333332 1.1354602295203648 34911.223937194496 0.027777777777777776 t_swap_r_k 100 2527.0189259052277 16.340462985723995 59.99087821830428 54.093805453102306 37.81353696147171 48.271999391634715 70.37994592597286 63.220427674287166
0.973947940869115 26041.09376841501 0.020833333333333332 1.1575891765433504 36100.95162467687 0.027777777777777776 t_multiswap_k 100 2529.288822412491 16.340462985723995 59.99087821830428 54.093805453102306 37.81353696147171 48.271999391634715 70.37994592597286 63.67822339754429
0.973947940869115 26041.09376841501 0.020833333333333332 1.1874131687540523 36957.677143752015 0.0 t_swap_k 100 2532.6472001075745 16.340462985723995 59.99087821830428 54.76286739857128 37.81353696147171 48.271999391634715 70.37994592597286 63.67822339754429
0.973947940869115 26041.09376841501 0.020833333333333332 1.1648407652610484 36490.821773795076 0.027777777777777776 t_swap_r_k 100 2542.746866941452 16.340462985723995 59.99087821830428 54.76286739857128 37.81353696147171 48.271999391634715 70.74614646671313 63.67822339754429
0.973947940869115 26041.09376841501 0.020833333333333332 1.1617835582637952 36326.45589559857 0.027777777777777776 t_swap_r_k 100 2551.581182718277 16.340462985723995 59.99087821830428 54.76286739857128 37.81353696147171 48.271999391634715 71.078685002046 63.67822339754429
0.973947940869115 26041.09376841501 0.020833333333333332 1.1611082572625662 36290.14940990305 0.027777777777777776 move_t 100 2554.560672521591 16.340462985723995 60.42096943612124 54.76286739857128 37.81353696147171 48.271999391634715 71.078685002046 63.67822339754429
0.973947940869115 26041.09376841501 0.020833333333333332 1.1611082572625662 36290.14940990305 0.027777777777777776 t_swap_r_k 100 2557.9217715263367 16.340462985723995 60.42096943612124 54.76286739857128 37.81353696147171 48.271999391634715 71.40789815202554 63.67822339754429
0.973947940869115 26041.09376841501 0.020833333333333332 1.160838331009984 36275.63725367882 0.027777777777777776 t_move_k 100 2560.3081641197205 17.267058355866755 60.42096943612124 54.76286739857128 37.81353696147171 48.271999391634715 71.40789815202554 63.67822339754429
0.973947940869115 26041.09376841501 0.020833333333333332 1.1590604408890757 36180.05181529584 0.027777777777777776 t_swap_k 100 2565.976756811142 17.267058355866755 60.42096943612124 55.28523872458557 37.81353696147171 48.271999391634715 71.40789815202554 63.67822339754429
0.973947940869115 26041.09376841501 0.020833333333333332 1.1426356106830367 35190.32347241224 0.023809523809523808 t_swap_k 100 2572.743976354599 17.267058355866755 60.42096943612124 55.962386337339716 37.81353696147171 48.271999391634715 71.40789815202554 63.67822339754429
0.973947940869115 26041.09376841501 0.020833333333333332 1.1304059284434862 34532.81403220293 0.023809523809523808 swap_t 100 2575.9330163002014 17.267058355866755 60.42096943612124 55.962386337339716 37.81353696147171 48.81927939771837 71.40789815202554 63.67822339754429
0.973947940869115 26041.09376841501 0.020833333333333332 1.1254385985028674 34265.75342796018 0.023809523809523808 t_multiswap_k 100 2578.8170533180237 17.267058355866755 60.42096943612124 55.962386337339716 37.81353696147171 48.81927939771837 71.40789815202554 64.11144116356886
0.973947940869115 26041.09376841501 0.020833333333333332 1.1254385985028674 34265.75342796018 0.023809523809523808 swap_t 100 2585.8677747249603 17.267058355866755 60.42096943612124 55.962386337339716 37.81353696147171 49.331086603741184 71.40789815202554 64.11144116356886
0.973947940869115 26041.09376841501 0.020833333333333332 1.1254385985028674 34265.75342796018 0.023809523809523808 t_swap_r_k 100 2597.657572031021 17.267058355866755 60.42096943612124 55.962386337339716 37.81353696147171 49.331086603741184 71.73381917050529 64.11144116356886
0.973947940869115 26041.09376841501 0.020833333333333332 1.124822755082009 34232.64358463197 0.023809523809523808 t_swap_k 100 2599.920827627182 17.267058355866755 60.42096943612124 56.43276247396632 37.81353696147171 49.331086603741184 71.73381917050529 64.11144116356886
0.973947940869115 26041.09376841501 0.020833333333333332 1.124822755082009 34232.64358463197 0.023809523809523808 move_t 100 2601.1272251605988 17.267058355866755 60.81675974176003 56.43276247396632 37.81353696147171 49.331086603741184 71.73381917050529 64.11144116356886
0.973947940869115 26041.09376841501 0.020833333333333332 1.124822755082009 34232.64358463197 0.023809523809523808 t_swap_r_k 100 2614.40145277977 17.267058355866755 60.81675974176003 56.43276247396632 37.81353696147171 49.331086603741184 72.05648097880024 64.11144116356886
0.973947940869115 26041.09376841501 0.020833333333333332 1.123776879805369 34176.41376163229 0.023809523809523808 f_swap_t 100 2622.715609550476 17.267058355866755 60.81675974176003 56.43276247396632 38.495401591857 49.331086603741184 72.05648097880024 64.11144116356886
0.973947940869115 26041.09376841501 0.020833333333333332 1.123776879805369 34176.41376163229 0.023809523809523808 t_swap_r_k 100 2630.553013563156 17.267058355866755 60.81675974176003 56.43276247396632 38.495401591857 49.331086603741184 72.37591616901224 64.11144116356886
0.973947940869115 26041.09376841501 0.020833333333333332 1.123776879805369 34176.41376163229 0.023809523809523808 t_swap_r_k 100 2637.751702785492 17.267058355866755 60.81675974176003 56.43276247396632 38.495401591857 49.331086603741184 72.69215700732212 64.11144116356886
0.973947940869115 26041.09376841501 0.020833333333333332 1.119835138365126 33964.492294086514 0.023809523809523808 t_multiswap_k 100 2643.7712528705597 17.267058355866755 60.81675974176003 56.43276247396632 38.495401591857 49.331086603741184 72.69215700732212 64.56032675193316
0.973947940869115 26041.09376841501 0.020833333333333332 1.1284414871443105 34427.19896603482 0.023809523809523808 move_t 100 2646.024582386017 17.267058355866755 61.28859214434243 56.43276247396632 38.495401591857 49.331086603741184 72.69215700732212 64.56032675193316
0.973947940869115 26041.09376841501 0.020833333333333332 1.1284414871443105 34427.19896603482 0.023809523809523808 t_swap_r_k 100 2655.111428260803 17.267058355866755 61.28859214434243 56.43276247396632 38.495401591857 49.331086603741184 73.0052354372489 64.56032675193316
0.973947940869115 26041.09376841501 0.020833333333333332 1.1259654280711076 34294.07758289031 0.023809523809523808 t_multiswap_k 100 2657.412959098816 17.267058355866755 61.28859214434243 56.43276247396632 38.495401591857 49.331086603741184 73.0052354372489 64.94472348441383
0.973947940869115 26041.09376841501 0.020833333333333332 1.1259654280711076 34294.07758289031 0.023809523809523808 t_swap_r_k 100 2663.0368192195892 17.267058355866755 61.28859214434243 56.43276247396632 38.495401591857 49.331086603741184 73.31518308287642 64.94472348441383
0.973947940869115 26041.09376841501 0.020833333333333332 1.122351649003659 34099.788491388485 0.023809523809523808 swap_t 100 2665.4590475559235 17.267058355866755 61.28859214434243 56.43276247396632 38.495401591857 49.897775737703775 73.31518308287642 64.94472348441383
0.973947940869115 26041.09376841501 0.020833333333333332 1.1401426292256738 34416.25166965575 0.0 t_multiswap_k 100 2667.994903564453 17.267058355866755 61.28859214434243 56.43276247396632 38.495401591857 49.897775737703775 73.31518308287642 65.30527624956969
0.973947940869115 26041.09376841501 0.020833333333333332 1.1514643074145297 34801.71058319965 0.0 swap_t 100 2673.8230760097504 17.267058355866755 61.28859214434243 56.43276247396632 38.495401591857 50.47879798032674 73.31518308287642 65.30527624956969
0.973947940869115 26041.09376841501 0.020833333333333332 1.1562772401728938 35283.70339931668 0.0 t_move_k 100 2675.295357465744 18.134387772308088 61.28859214434243 56.43276247396632 38.495401591857 50.47879798032674 73.31518308287642 65.30527624956969
0.973947940869115 26041.09376841501 0.020833333333333332 1.134358834922112 34852.009206054165 0.027777777777777776 move_t 100 2678.6049087047577 18.134387772308088 61.705706222899 56.43276247396632 38.495401591857 50.47879798032674 73.31518308287642 65.30527624956969
0.973947940869115 26041.09376841501 0.020833333333333332 1.143281655626295 35225.05705262074 0.023809523809523808 f_swap_t 100 2680.5603606700897 18.134387772308088 61.705706222899 56.43276247396632 39.18044757593842 50.47879798032674 73.31518308287642 65.30527624956969
0.973947940869115 26041.09376841501 0.020833333333333332 1.1314615472402592 34696.24113583728 0.027777777777777776 t_swap_r_k 100 2693.1337819099426 18.134387772308088 61.705706222899 56.43276247396632 39.18044757593842 50.47879798032674 73.62203125204765 65.30527624956969
0.973947940869115 26041.09376841501 0.020833333333333332 1.131461547240259 34696.24113583727 0.027777777777777776 swap_t 100 2694.6329395771027 18.134387772308088 61.705706222899 56.43276247396632 39.18044757593842 50.97401000052347 73.62203125204765 65.30527624956969
0.973947940869115 26041.09376841501 0.020833333333333332 1.1313130747024203 34688.258745671395 0.027777777777777776 f_swap_t 100 2703.2692408561707 18.134387772308088 61.705706222899 56.43276247396632 39.81864310017904 50.97401000052347 73.62203125204765 65.30527624956969
0.973947940869115 26041.09376841501 0.020833333333333332 1.1415943975443184 35241.0177376038 0.027777777777777776 move_t 100 2704.7368371486664 18.134387772308088 62.158649160670016 56.43276247396632 39.81864310017904 50.97401000052347 73.62203125204765 65.30527624956969
0.973947940869115 26041.09376841501 0.020833333333333332 1.1371978379975844 35004.64369698718 0.027777777777777776 move_t 100 2706.94638133049 18.134387772308088 62.617062669063316 56.43276247396632 39.81864310017904 50.97401000052347 73.62203125204765 65.30527624956969
0.973947940869115 26041.09376841501 0.020833333333333332 1.1352351397994476 34899.12234587771 0.027777777777777776 t_swap_r_k 100 2717.5929143428802 18.134387772308088 62.617062669063316 56.43276247396632 39.81864310017904 50.97401000052347 73.92581093952717 65.30527624956969
0.973947940869115 26041.09376841501 0.020833333333333332 1.1341448294160659 34840.50353994396 0.027777777777777776 t_multiswap_k 100 2719.5296108722687 18.134387772308088 62.617062669063316 56.43276247396632 39.81864310017904 50.97401000052347 73.92581093952717 65.71222348707398
0.973947940869115 26041.09376841501 0.020833333333333332 1.13381775004344 34822.91863700153 0.027777777777777776 t_swap_r_k 100 2728.1296231746674 18.134387772308088 62.617062669063316 56.43276247396632 39.81864310017904 50.97401000052347 74.2265528301319 65.71222348707398
0.973947940869115 26041.09376841501 0.020833333333333332 1.1422148768941773 35274.37682429109 0.027777777777777776 t_multiswap_k 100 2730.29456949234 18.134387772308088 62.617062669063316 56.43276247396632 39.81864310017904 50.97401000052347 74.2265528301319 66.19510125220324
0.973947940869115 26041.09376841501 0.020833333333333332 1.1393187427692533 35118.67077323021 0.027777777777777776 swap_t 100 2731.5276293754578 18.134387772308088 62.617062669063316 56.43276247396632 39.81864310017904 51.46426990051824 74.2265528301319 66.19510125220324
0.973947940869115 26041.09376841501 0.020833333333333332 1.1393187427692533 35118.67077323021 0.027777777777777776 t_swap_k 100 2733.4536209106445 18.134387772308088 62.617062669063316 56.86843484922666 39.81864310017904 51.46426990051824 74.2265528301319 66.19510125220324
0.973947940869115 26041.09376841501 0.020833333333333332 1.1374760930098808 35019.6036357482 0.027777777777777776 t_multiswap_k 100 2734.433362722397 18.134387772308088 62.617062669063316 56.86843484922666 39.81864310017904 51.46426990051824 74.2265528301319 66.5631502396812
0.973947940869115 26041.09376841501 0.020833333333333332 1.1361649266605574 34949.1108596091 0.027777777777777776 t_swap_r_k 100 2740.3573384284973 18.134387772308088 62.617062669063316 56.86843484922666 39.81864310017904 51.46426990051824 74.52428730183057 66.5631502396812
0.973947940869115 26041.09376841501 0.020833333333333332 1.135727512292063 34925.593970867856 0.027777777777777776 move_t 100 2744.499799966812 18.134387772308088 62.990892042372685 56.86843484922666 39.81864310017904 51.46426990051824 74.52428730183057 66.5631502396812
0.973947940869115 26041.09376841501 0.020833333333333332 1.1351607050671124 34895.12048072446 0.027777777777777776 swap_t 100 2746.8479351997375 18.134387772308088 62.990892042372685 56.86843484922666 39.81864310017904 51.979627201513054 74.52428730183057 66.5631502396812
0.973947940869115 26041.09376841501 0.020833333333333332 1.1351607050671122 34895.12048072445 0.027777777777777776 move_t 100 2748.526335000992 18.134387772308088 63.36098312194896 56.86843484922666 39.81864310017904 51.979627201513054 74.52428730183057 66.5631502396812
0.973947940869115 26041.09376841501 0.020833333333333332 1.1429989268840812 35316.530026627835 0.027777777777777776 move_t 100 2754.332948446274 18.134387772308088 63.797373290729475 56.86843484922666 39.81864310017904 51.979627201513054 74.52428730183057 66.5631502396812
0.973947940869115 26041.09376841501 0.020833333333333332 1.1379936309425218 35047.428240649 0.027777777777777776 f_swap_t 100 2758.2620463371277 18.134387772308088 63.797373290729475 56.86843484922666 40.48045666917725 51.979627201513054 74.52428730183057 66.5631502396812
0.973947940869115 26041.09376841501 0.020833333333333332 1.134498571782726 34859.52193640964 0.027777777777777776 t_swap_k 100 2765.5516781806946 18.134387772308088 63.797373290729475 57.419750500734395 40.48045666917725 51.979627201513054 74.52428730183057 66.5631502396812
0.973947940869115 26041.09376841501 0.020833333333333332 1.1309706726172224 34669.850041425845 0.027777777777777776 t_swap_k 100 2769.6755380630493 18.134387772308088 63.797373290729475 57.87555299572705 40.48045666917725 51.979627201513054 74.52428730183057 66.5631502396812
0.973947940869115 26041.09376841501 0.020833333333333332 1.1422545458771778 35276.50956415264 0.027777777777777776 t_multiswap_k 100 2772.286239385605 18.134387772308088 63.797373290729475 57.87555299572705 40.48045666917725 51.979627201513054 74.52428730183057 66.9675187372844
0.973947940869115 26041.09376841501 0.020833333333333332 1.1310406647349243 34673.6130564599 0.027777777777777776 move_t 100 2774.2914040088654 18.134387772308088 64.33939955782218 57.87555299572705 40.48045666917725 51.979627201513054 74.52428730183057 66.9675187372844
0.973947940869115 26041.09376841501 0.020833333333333332 1.1260847067087896 34407.163845136456 0.027777777777777776 t_swap_r_k 100 2782.2478811740875 18.134387772308088 64.33939955782218 57.87555299572705 40.48045666917725 51.979627201513054 74.81904442881226 66.9675187372844
0.973947940869115 26041.09376841501 0.020833333333333332 1.1273206907510358 34366.94112820259 0.023809523809523808 t_swap_r_k 100 2789.8314611911774 18.134387772308088 64.33939955782218 57.87555299572705 40.48045666917725 51.979627201513054 75.11085398452414 66.9675187372844
0.973947940869115 26041.09376841501 0.020833333333333332 1.126710740155812 34334.14810328458 0.023809523809523808 f_swap_t 100 2792.571272611618 18.134387772308088 64.33939955782218 57.87555299572705 41.10565210248548 51.979627201513054 75.11085398452414 66.9675187372844
0.973947940869115 26041.09376841501 0.020833333333333332 1.1161196903370147 33764.73713240376 0.023809523809523808 t_multiswap_k 100 2795.6709933280945 18.134387772308088 64.33939955782218 57.87555299572705 41.10565210248548 51.979627201513054 75.11085398452414 67.32784354991155
0.973947940869115 26041.09376841501 0.020833333333333332 1.1161196903370147 33764.73713240376 0.023809523809523808 swap_t 100 2802.4615819454193 18.134387772308088 64.33939955782218 57.87555299572705 41.10565210248548 52.459830929497926 75.11085398452414 67.32784354991155
0.973947940869115 26041.09376841501 0.020833333333333332 1.1141355633528878 33764.73713240376 0.027777777777777776 t_swap_r_k 100 2817.323947906494 18.134387772308088 64.33939955782218 57.87555299572705 41.10565210248548 52.459830929497926 75.4297454446789 67.32784354991155
0.973947940869115 26041.09376841501 0.020833333333333332 1.1090607208551533 33305.21777373414 0.020833333333333332 move_t 100 2820.656425476074 18.134387772308088 64.79600556224395 57.87555299572705 41.10565210248548 52.459830929497926 75.4297454446789 67.32784354991155
0.973947940869115 26041.09376841501 0.020833333333333332 1.1026145511356278 33145.32821030459 0.027777777777777776 t_swap_r_k 100 2832.0687067508698 18.134387772308088 64.79600556224395 57.87555299572705 41.10565210248548 52.459830929497926 75.71544799023211 67.32784354991155
0.973947940869115 26041.09376841501 0.020833333333333332 1.1026145511356278 33145.32821030459 0.027777777777777776 move_t 100 2833.917014837265 18.134387772308088 65.14804550662151 57.87555299572705 41.10565210248548 52.459830929497926 75.71544799023211 67.32784354991155
0.973947940869115 26041.09376841501 0.020833333333333332 1.102540147052441 33141.32799295412 0.027777777777777776 f_swap_t 100 2841.242515563965 18.134387772308088 65.14804550662151 57.87555299572705 41.724595581460626 52.459830929497926 75.71544799023211 67.32784354991155
0.973947940869115 26041.09376841501 0.020833333333333332 1.1002262817717838 33016.92670144022 0.027777777777777776 f_swap_t 100 2850.992812871933 18.134387772308088 65.14804550662151 57.87555299572705 42.36734962564602 52.459830929497926 75.71544799023211 67.32784354991155
0.973947940869115 26041.09376841501 0.020833333333333332 1.1002262817717838 33016.92670144022 0.027777777777777776 t_swap_r_k 100 2861.7309403419495 18.134387772308088 65.14804550662151 57.87555299572705 42.36734962564602 52.459830929497926 75.99829351032979 67.32784354991155
0.973947940869115 26041.09376841501 0.020833333333333332 1.0995096558010056 32978.39844439671 0.027777777777777776 move_t 100 2865.504613637924 18.134387772308088 65.5565650515553 57.87555299572705 42.36734962564602 52.459830929497926 75.99829351032979 67.32784354991155
0.973947940869115 26041.09376841501 0.020833333333333332 1.1105272931896468 33570.74421838642 0.027777777777777776 f_swap_t 100 2867.440187931061 18.134387772308088 65.5565650515553 57.87555299572705 42.98367612938956 52.459830929497926 75.99829351032979 67.32784354991155
0.973947940869115 26041.09376841501 0.020833333333333332 1.107160237773796 33203.041319556985 0.020833333333333332 t_swap_r_k 100 2880.0290615558624 18.134387772308088 65.5565650515553 57.87555299572705 42.98367612938956 52.459830929497926 76.27831057522648 67.32784354991155
0.973947940869115 26041.09376841501 0.020833333333333332 1.105320266319679 33104.11817690288 0.020833333333333332 t_swap_k 100 2884.0742738246918 18.134387772308088 65.5565650515553 58.386797465769774 42.98367612938956 52.459830929497926 76.27831057522648 67.32784354991155
0.973947940869115 26041.09376841501 0.020833333333333332 1.1052673648860447 33101.274015351184 0.020833333333333332 t_swap_r_k 100 2891.8637540340424 18.134387772308088 65.5565650515553 58.386797465769774 42.98367612938956 52.459830929497926 76.55552746947421 67.32784354991155
0.973947940869115 26041.09376841501 0.020833333333333332 1.1052673648860447 33101.274015351184 0.020833333333333332 swap_t 100 2892.926430940628 18.134387772308088 65.5565650515553 58.386797465769774 42.98367612938956 52.935232620202946 76.55552746947421 67.32784354991155
0.973947940869115 26041.09376841501 0.020833333333333332 1.1047881603824226 33075.51034637347 0.020833333333333332 t_swap_k 100 2897.024083137512 18.134387772308088 65.5565650515553 58.86292949111208 42.98367612938956 52.935232620202946 76.55552746947421 67.32784354991155
0.973947940869115 26041.09376841501 0.020833333333333332 1.103173155000624 33068.68722407898 0.023809523809523808 t_swap_r_k 100 2911.706603527069 18.134387772308088 65.5565650515553 58.86292949111208 42.98367612938956 52.935232620202946 76.85997219477947 67.32784354991155
0.973947940869115 26041.09376841501 0.020833333333333332 1.1031731550006239 33068.68722407897 0.023809523809523808 swap_t 100 2912.700942516327 18.134387772308088 65.5565650515553 58.86292949111208 42.98367612938956 53.405880294000916 76.85997219477947 67.32784354991155
0.973947940869115 26041.09376841501 0.020833333333333332 1.1018270474605398 32996.31589031857 0.023809523809523808 t_swap_k 100 2914.2413098812103 18.134387772308088 65.5565650515553 59.374300196200956 42.98367612938956 53.405880294000916 76.85997219477947 67.32784354991155
0.973947940869115 26041.09376841501 0.020833333333333332 1.0968148239610165 32788.32326122244 0.027777777777777776 move_t 100 2915.5206203460693 18.134387772308088 65.94099940103975 59.374300196200956 42.98367612938956 53.405880294000916 76.85997219477947 67.32784354991155
0.973947940869115 26041.09376841501 0.020833333333333332 1.0923411780382948 32592.996623761508 0.027777777777777776 t_multiswap_k 100 2917.2835030555725 18.134387772308088 65.94099940103975 59.374300196200956 42.98367612938956 53.405880294000916 76.85997219477947 67.74456511441244
0.973947940869115 26041.09376841501 0.020833333333333332 1.0918523738469879 32566.71684282338 0.027777777777777776 swap_t 100 2918.883961200714 18.134387772308088 65.94099940103975 59.374300196200956 42.98367612938956 53.871821491060906 76.85997219477947 67.74456511441244
0.973947940869115 26041.09376841501 0.020833333333333332 1.0900080534677563 32467.559887118237 0.027777777777777776 t_swap_k 100 2923.564694404602 18.134387772308088 65.94099940103975 59.84055719423895 42.98367612938956 53.871821491060906 76.85997219477947 67.74456511441244
0.973947940869115 26041.09376841501 0.020833333333333332 1.12499572876072 34348.61667547083 0.027777777777777776 t_multiswap_k 100 2927.732269525528 18.134387772308088 65.94099940103975 59.84055719423895 42.98367612938956 53.871821491060906 76.85997219477947 68.17711946326831
0.973947940869115 26041.09376841501 0.020833333333333332 1.1237542679286896 34299.03307833893 0.027777777777777776 move_t 100 2932.1525008678436 18.134387772308088 66.34158940702935 59.84055719423895 42.98367612938956 53.871821491060906 76.85997219477947 68.17711946326831
0.973947940869115 26041.09376841501 0.020833333333333332 1.1198181646446765 34032.51794255109 0.027777777777777776 move_t 100 2933.8208203315735 18.134387772308088 66.76817351295905 59.84055719423895 42.98367612938956 53.871821491060906 76.85997219477947 68.17711946326831
0.973947940869115 26041.09376841501 0.020833333333333332 1.1244679616597286 34320.242115581495 0.027777777777777776 t_swap_k 100 2939.2177681922913 18.134387772308088 66.76817351295905 60.452151622296554 42.98367612938956 53.871821491060906 76.85997219477947 68.17711946326831
0.973947940869115 26041.09376841501 0.020833333333333332 1.1137310021704114 33742.98654302539 0.027777777777777776 f_swap_t 100 2946.4005420207977 18.134387772308088 66.76817351295905 60.452151622296554 43.61383936809566 53.871821491060906 76.85997219477947 68.17711946326831
0.973947940869115 26041.09376841501 0.020833333333333332 1.112356053163029 33562.391157835795 0.023809523809523808 t_swap_r_k 100 2959.156092643738 18.134387772308088 66.76817351295905 60.452151622296554 43.61383936809566 53.871821491060906 77.13137247283169 68.17711946326831
0.973947940869115 26041.09376841501 0.020833333333333332 1.112356053163029 33562.391157835795 0.023809523809523808 t_swap_r_k 100 2967.3694195747375 18.134387772308088 66.76817351295905 60.452151622296554 43.61383936809566 53.871821491060906 77.40005874810336 68.17711946326831
0.973947940869115 26041.09376841501 0.020833333333333332 1.111952333639038 33540.68581888902 0.023809523809523808 t_swap_k 100 2972.2528479099274 18.134387772308088 66.76817351295905 60.87763010607359 43.61383936809566 53.871821491060906 77.40005874810336 68.17711946326831
0.973947940869115 26041.09376841501 0.020833333333333332 1.1170741743117774 33816.05344722225 0.023809523809523808 t_multiswap_k 100 2974.1568019390106 18.134387772308088 66.76817351295905 60.87763010607359 43.61383936809566 53.871821491060906 77.40005874810336 68.56534826863563
0.973947940869115 26041.09376841501 0.020833333333333332 1.1157958718988867 33747.327548425004 0.023809523809523808 t_move_k 100 2976.3125536441803 19.013043894585007 66.76817351295905 60.87763010607359 43.61383936809566 53.871821491060906 77.40005874810336 68.56534826863563
0.973947940869115 26041.09376841501 0.020833333333333332 1.0991447605014255 32852.106992456575 0.023809523809523808 t_multiswap_k 100 2978.9581849575043 19.013043894585007 66.76817351295905 60.87763010607359 43.61383936809566 53.871821491060906 77.40005874810336 68.96969478594927
0.973947940869115 26041.09376841501 0.020833333333333332 1.1110495224061876 32852.106992456575 0.0 t_swap_r_k 100 2989.4741127490997 19.013043894585007 66.76817351295905 60.87763010607359 43.61383936809566 53.871821491060906 77.66605816062233 68.96969478594927
0.973947940869115 26041.09376841501 0.020833333333333332 1.1071446410392838 32642.16724820603 0.0 f_swap_t 100 2995.9363498687744 19.013043894585007 66.76817351295905 60.87763010607359 44.217700974414704 53.871821491060906 77.66605816062233 68.96969478594927
0.973947940869115 26041.09376841501 0.020833333333333332 1.1048579275432704 32519.225729266116 0.0 t_swap_r_k 100 3008.5640230178833 19.013043894585007 66.76817351295905 60.87763010607359 44.217700974414704 53.871821491060906 77.9293975790161 68.96969478594927
0.973947940869115 26041.09376841501 0.020833333333333332 1.1047509513543354 32513.474324387018 0.0 f_swap_t 100 3012.5929203033447 19.013043894585007 66.76817351295905 60.87763010607359 44.775523964670555 53.871821491060906 77.9293975790161 68.96969478594927
0.973947940869115 26041.09376841501 0.020833333333333332 1.1181946845842523 33236.25528771733 0.0 t_multiswap_k 100 3015.7076568603516 19.013043894585007 66.76817351295905 60.87763010607359 44.775523964670555 53.871821491060906 77.9293975790161 69.38999783808978
0.973947940869115 26041.09376841501 0.020833333333333332 1.1116685862641247 32885.38997746904 0.0 t_swap_k 100 3022.225317001343 19.013043894585007 66.76817351295905 61.328853805012855 44.775523964670555 53.871821491060906 77.9293975790161 69.38999783808978
0.973947940869115 26041.09376841501 0.020833333333333332 1.1514958734129879 35026.64081010449 0.0 move_t 100 3026.8501777648926 19.013043894585007 67.23049177782946 61.328853805012855 44.775523964670555 53.871821491060906 77.9293975790161 69.38999783808978
0.973947940869115 26041.09376841501 0.020833333333333332 1.1337229138736526 34071.105870710955 0.0 move_t 100 3029.7232723236084 19.013043894585007 67.64818686005117 61.328853805012855 44.775523964670555 53.871821491060906 77.9293975790161 69.38999783808978
0.973947940869115 26041.09376841501 0.020833333333333332 1.1221295098450246 33447.8049178594 0.0 f_swap_t 100 3044.2262914180756 19.013043894585007 67.64818686005117 61.328853805012855 45.427768725023846 53.871821491060906 77.9293975790161 69.38999783808978
0.973947940869115 26041.09376841501 0.020833333333333332 1.117539355731688 33201.022572871385 0.0 t_swap_k 100 3049.606687784195 19.013043894585007 67.64818686005117 61.74556526696273 45.427768725023846 53.871821491060906 77.9293975790161 69.38999783808978
0.973947940869115 26041.09376841501 0.020833333333333332 1.1150302401772205 33066.123960517994 0.0 f_swap_t 100 3054.5407538414 19.013043894585007 67.64818686005117 61.74556526696273 46.00349103777361 53.871821491060906 77.9293975790161 69.38999783808978
0.973947940869115 26041.09376841501 0.020833333333333332 1.1105416000227375 33571.51340254283 0.027777777777777776 t_swap_k 100 3057.809092760086 19.013043894585007 67.64818686005117 62.3181096142931 46.00349103777361 53.871821491060906 77.9293975790161 69.38999783808978
0.973947940869115 26041.09376841501 0.020833333333333332 1.1069247845512493 33190.3825510363 0.020833333333333332 move_t 100 3060.836757659912 19.013043894585007 68.00170499145065 62.3181096142931 46.00349103777361 53.871821491060906 77.9293975790161 69.38999783808978
0.973947940869115 26041.09376841501 0.020833333333333332 1.1138151811849706 33640.83885828364 0.023809523809523808 move_t 100 3062.0919065475464 19.013043894585007 68.39168794153615 62.3181096142931 46.00349103777361 53.871821491060906 77.9293975790161 69.38999783808978
0.973947940869115 26041.09376841501 0.020833333333333332 1.1063760529793507 33240.885946481554 0.023809523809523808 t_swap_k 100 3063.759051799774 19.013043894585007 68.39168794153615 62.754928518150166 46.00349103777361 53.871821491060906 77.9293975790161 69.38999783808978
0.973947940869115 26041.09376841501 0.020833333333333332 1.1063760529793507 33240.885946481554 0.023809523809523808 t_swap_r_k 100 3076.0692744255066 19.013043894585007 68.39168794153615 62.754928518150166 46.00349103777361 53.871821491060906 78.19010360322594 69.38999783808978
0.973947940869115 26041.09376841501 0.020833333333333332 1.106172434451111 33229.938719734644 0.023809523809523808 move_t 100 3081.945173740387 19.013043894585007 68.73777106212079 62.754928518150166 46.00349103777361 53.871821491060906 78.19010360322594 69.38999783808978
0.973947940869115 26041.09376841501 0.020833333333333332 1.1063631899766462 33318.58196867242 0.027777777777777776 move_t 100 3085.4410648345947 19.013043894585007 69.09039335149957 62.754928518150166 46.00349103777361 53.871821491060906 78.19010360322594 69.38999783808978
0.973947940869115 26041.09376841501 0.020833333333333332 1.1063631899766462 33318.58196867242 0.027777777777777776 swap_t 100 3089.3289465904236 19.013043894585007 69.09039335149957 62.754928518150166 46.00349103777361 54.3331032761503 78.19010360322594 69.38999783808978
0.973947940869115 26041.09376841501 0.020833333333333332 1.1063631899766462 33318.58196867242 0.027777777777777776 move_t 100 3090.321024656296 19.013043894585007 69.39948941798457 62.754928518150166 46.00349103777361 54.3331032761503 78.19010360322594 69.38999783808978
0.973947940869115 26041.09376841501 0.020833333333333332 1.131334573462415 33942.70054209631 0.0 f_swap_t 100 3098.5807723999023 19.013043894585007 69.39948941798457 62.754928518150166 46.55345612739587 54.3331032761503 78.19010360322594 69.38999783808978
0.973947940869115 26041.09376841501 0.020833333333333332 1.1173587739594022 33191.31388071718 0.0 move_t 100 3103.268167734146 19.013043894585007 69.70549452380472 62.754928518150166 46.55345612739587 54.3331032761503 78.19010360322594 69.38999783808978
0.973947940869115 26041.09376841501 0.020833333333333332 1.1167687085695004 33159.589952278024 0.0 t_swap_r_k 100 3108.0464129447937 19.013043894585007 69.70549452380472 62.754928518150166 46.55345612739587 54.3331032761503 78.44820256719368 69.38999783808978
0.973947940869115 26041.09376841501 0.020833333333333332 1.1163411838673278 33236.703809872546 0.0 swap_t 100 3108.998129606247 19.013043894585007 69.70549452380472 62.754928518150166 46.55345612739587 54.81977224338879 78.44820256719368 69.38999783808978
0.973947940869115 26041.09376841501 0.020833333333333332 1.1124813359201755 32929.086171770155 0.0 move_t 100 3112.5008857250214 19.013043894585007 70.12843957856667 62.754928518150166 46.55345612739587 54.81977224338879 78.44820256719368 69.38999783808978
0.973947940869115 26041.09376841501 0.020833333333333332 1.1065179738650448 32608.475482969567 0.0 t_multiswap_k 100 3116.842603445053 19.013043894585007 70.12843957856667 62.754928518150166 46.55345612739587 54.81977224338879 78.44820256719368 69.72609785970889
0.973947940869115 26041.09376841501 0.020833333333333332 1.1058386520684969 32571.952825600307 0.0 t_swap_k 100 3118.068808555603 19.013043894585007 70.12843957856667 63.127379232968664 46.55345612739587 54.81977224338879 78.44820256719368 69.72609785970889
0.973947940869115 26041.09376841501 0.020833333333333332 1.1051413287091012 32534.462342797862 0.0 t_swap_k 100 3120.80153632164 19.013043894585007 70.12843957856667 63.55610544063898 46.55345612739587 54.81977224338879 78.44820256719368 69.72609785970889
0.973947940869115 26041.09376841501 0.020833333333333332 1.104442455768291 32496.888549212006 0.0 t_swap_r_k 100 3130.701250553131 19.013043894585007 70.12843957856667 63.55610544063898 46.55345612739587 54.81977224338879 78.70372054152173 69.72609785970889
0.973947940869115 26041.09376841501 0.020833333333333332 1.1039019582480047 32467.829558550035 0.0 t_swap_r_k 100 3137.250458240509 19.013043894585007 70.12843957856667 63.55610544063898 46.55345612739587 54.81977224338879 78.95668333610652 69.72609785970889
0.973947940869115 26041.09376841501 0.020833333333333332 1.102455706509883 32390.07413104932 0.0 t_multiswap_k 100 3140.1178312301636 19.013043894585007 70.12843957856667 63.55610544063898 46.55345612739587 54.81977224338879 78.95668333610652 70.0588368811118
0.973947940869115 26041.09376841501 0.020833333333333332 1.100620167827032 32291.389309301376 0.0 swap_t 100 3145.592349767685 19.013043894585007 70.12843957856667 63.55610544063898 46.55345612739587 55.2715745209549 78.95668333610652 70.0588368811118
0.973947940869115 26041.09376841501 0.020833333333333332 1.100620167827032 32291.389309301376 0.0 t_move_k 100 3147.6641767024994 19.822913455639156 70.12843957856667 63.55610544063898 46.55345612739587 55.2715745209549 78.95668333610652 70.0588368811118
0.973947940869115 26041.09376841501 0.020833333333333332 1.1260513136091093 33658.65446791515 0.0 t_swap_k 100 3151.485764026642 19.822913455639156 70.12843957856667 64.1505443862326 46.55345612739587 55.2715745209549 78.95668333610652 70.0588368811118
0.973947940869115 26041.09376841501 0.020833333333333332 1.1178976949951944 33220.288114194394 0.0 t_swap_k 100 3156.8952898979187 19.822913455639156 70.12843957856667 64.50903894237027 46.55345612739587 55.2715745209549 78.95668333610652 70.0588368811118
0.973947940869115 26041.09376841501 0.020833333333333332 1.1171710007594005 33181.218552874554 0.0 t_swap_r_k 100 3169.471526622772 19.822913455639156 70.12843957856667 64.50903894237027 46.55345612739587 55.2715745209549 79.20711650274546 70.0588368811118
0.973947940869115 26041.09376841501 0.020833333333333332 1.1135758401489007 32987.930453137364 0.0 t_multiswap_k 100 3174.530787229538 19.822913455639156 70.12843957856667 64.50903894237027 46.55345612739587 55.2715745209549 79.20711650274546 70.41824851230068
0.973947940869115 26041.09376841501 0.020833333333333332 1.1162985704908315 33134.31372523698 0.0 move_t 100 3177.34170293808 19.822913455639156 70.467155182781 64.50903894237027 46.55345612739587 55.2715745209549 79.20711650274546 70.41824851230068
0.973947940869115 26041.09376841501 0.020833333333333332 1.1130328187978848 32958.735772725035 0.0 t_multiswap_k 100 3178.3455517292023 19.822913455639156 70.467155182781 64.50903894237027 46.55345612739587 55.2715745209549 79.20711650274546 70.74406602717767
0.973947940869115 26041.09376841501 0.020833333333333332 1.1130328187978848 32958.735772725035 0.0 swap_t 100 3182.9900624752045 19.822913455639156 70.467155182781 64.50903894237027 46.55345612739587 55.71885877574535 79.20711650274546 70.74406602717767
0.973947940869115 26041.09376841501 0.020833333333333332 1.1129149848419453 32952.4006172492 0.0 t_multiswap_k 100 3184.1983749866486 19.822913455639156 70.467155182781 64.50903894237027 46.55345612739587 55.71885877574535 79.20711650274546 71.0666253669059
0.973947940869115 26041.09376841501 0.020833333333333332 1.1129149848419453 32952.4006172492 0.0 t_swap_r_k 100 3190.966220140457 19.822913455639156 70.467155182781 64.50903894237027 46.55345612739587 55.71885877574535 79.455045337718 71.0666253669059
0.973947940869115 26041.09376841501 0.020833333333333332 1.1127544682612638 32943.770698250424 0.0 t_multiswap_k 100 3192.1963272094727 19.822913455639156 70.467155182781 64.50903894237027 46.55345612739587 55.71885877574535 79.455045337718 71.38595911323684
0.973947940869115 26041.09376841501 0.020833333333333332 1.1089604994454678 32739.79399113876 0.0 move_t 100 3193.305985927582 19.822913455639156 70.79248363095319 64.50903894237027 46.55345612739587 55.71885877574535 79.455045337718 71.38595911323684
0.973947940869115 26041.09376841501 0.020833333333333332 1.1070433212730872 32636.719951910905 0.0 t_swap_r_k 100 3202.3049504756927 19.822913455639156 70.79248363095319 64.50903894237027 46.55345612739587 55.71885877574535 79.70049488434083 71.38595911323684
0.973947940869115 26041.09376841501 0.020833333333333332 1.1056864952284906 32563.772354780464 0.0 swap_t 100 3204.084638595581 19.822913455639156 70.79248363095319 64.50903894237027 46.55345612739587 56.1616701879879 79.70049488434083 71.38595911323684
0.973947940869115 26041.09376841501 0.020833333333333332 1.1092891742342128 32757.464669094705 0.0 t_swap_k 100 3205.861603975296 19.822913455639156 70.79248363095319 64.90394855294656 46.55345612739587 56.1616701879879 79.70049488434083 71.38595911323684
0.973947940869115 26041.09376841501 0.020833333333333332 1.106430100521333 32603.751112221296 0.0 t_swap_k 100 3207.140979528427 19.822913455639156 70.79248363095319 65.25490906741709 46.55345612739587 56.1616701879879 79.70049488434083 71.38595911323684
0.973947940869115 26041.09376841501 0.020833333333333332 1.106430100521333 32603.751112221296 0.0 move_t 100 3207.843633890152 19.822913455639156 71.08455879464366 65.25490906741709 46.55345612739587 56.1616701879879 79.70049488434083 71.38595911323684
0.973947940869115 26041.09376841501 0.020833333333333332 1.0940947639414647 32687.27538448215 0.027777777777777776 move_t 100 3208.6632895469666 19.822913455639156 71.46371320669722 65.25490906741709 46.55345612739587 56.1616701879879 79.70049488434083 71.38595911323684
0.973947940869115 26041.09376841501 0.020833333333333332 1.0940947639414647 32687.27538448215 0.027777777777777776 t_swap_r_k 100 3213.247452020645 19.822913455639156 71.46371320669722 65.25490906741709 46.55345612739587 56.1616701879879 79.94348993549742 71.38595911323684
0.973947940869115 26041.09376841501 0.020833333333333332 1.0945328635503206 32710.82911408302 0.027777777777777776 move_t 100 3214.3940427303314 19.822913455639156 71.75907607463024 65.25490906741709 46.55345612739587 56.1616701879879 79.94348993549742 71.38595911323684
0.973947940869115 26041.09376841501 0.020833333333333332 1.0945328635503206 32710.82911408302 0.027777777777777776 move_t 100 3215.2217717170715 19.822913455639156 72.04148531388394 65.25490906741709 46.55345612739587 56.1616701879879 79.94348993549742 71.38595911323684
0.973947940869115 26041.09376841501 0.020833333333333332 1.0944732764624563 32707.625508951016 0.027777777777777776 t_multiswap_k 100 3215.7930088043213 19.822913455639156 72.04148531388394 65.25490906741709 46.55345612739587 56.1616701879879 79.94348993549742 71.70209952210446
0.973947940869115 26041.09376841501 0.020833333333333332 1.0944732764624563 32707.625508951016 0.027777777777777776 f_swap_t 100 3217.6895005702972 19.822913455639156 72.04148531388394 65.25490906741709 47.08792156612191 56.1616701879879 79.94348993549742 71.70209952210446
0.973947940869115 26041.09376841501 0.020833333333333332 1.1087683423727837 33476.177021602576 0.027777777777777776 f_swap_t 100 3219.443724155426 19.822913455639156 72.04148531388394 65.25490906741709 47.62704235046069 56.1616701879879 79.94348993549742 71.70209952210446
0.973947940869115 26041.09376841501 0.020833333333333332 1.1087683423727837 33476.177021602576 0.027777777777777776 t_swap_r_k 100 3222.1036098003387 19.822913455639156 72.04148531388394 65.25490906741709 47.62704235046069 56.1616701879879 80.18405503614245 71.70209952210446
0.973947940869115 26041.09376841501 0.020833333333333332 1.0969853375944232 32842.682485599966 0.027777777777777776 t_multiswap_k 100 3224.261743545532 19.822913455639156 72.04148531388394 65.25490906741709 47.62704235046069 56.1616701879879 80.18405503614245 72.04507852688342
0.973947940869115 26041.09376841501 0.020833333333333332 1.0964892269697935 32816.00988587965 0.027777777777777776 move_t 100 3225.3773963451385 19.822913455639156 72.3510704607451 65.25490906741709 47.62704235046069 56.1616701879879 80.18405503614245 72.04507852688342
0.973947940869115 26041.09376841501 0.020833333333333332 1.098350330792357 32916.06917675703 0.027777777777777776 move_t 100 3226.22380566597 19.822913455639156 72.75755975613765 65.25490906741709 47.62704235046069 56.1616701879879 80.18405503614245 72.04507852688342
0.973947940869115 26041.09376841501 0.020833333333333332 1.1319676700470451 34616.77858887693 0.023809523809523808 t_multiswap_k 100 3227.3812289237976 19.822913455639156 72.75755975613765 65.25490906741709 47.62704235046069 56.1616701879879 80.18405503614245 72.51462774161458
0.973947940869115 26041.09376841501 0.020833333333333332 1.1186321404049844 33259.77440507229 0.0 t_swap_k 100 3228.6157262325287 19.822913455639156 72.75755975613765 65.66235997674292 47.62704235046069 56.1616701879879 80.18405503614245 72.51462774161458
0.973947940869115 26041.09376841501 0.020833333333333332 1.1082761368630323 33106.059413133036 0.0 swap_t 100 3229.394675254822 19.822913455639156 72.75755975613765 65.66235997674292 47.62704235046069 56.630053486108025 80.18405503614245 72.51462774161458
0.973947940869115 26041.09376841501 0.020833333333333332 1.1018841511109763 33106.059413133036 0.027777777777777776 t_swap_r_k 100 3231.930496931076 19.822913455639156 72.75755975613765 65.66235997674292 47.62704235046069 56.630053486108025 80.45221448578103 72.51462774161458
0.973947940869115 26041.09376841501 0.020833333333333332 1.1018841511109763 33106.059413133036 0.027777777777777776 swap_t 100 3234.048874616623 19.822913455639156 72.75755975613765 65.66235997674292 47.62704235046069 57.06375295124695 80.45221448578103 72.51462774161458
0.973947940869115 26041.09376841501 0.020833333333333332 1.1018841511109763 33106.059413133036 0.027777777777777776 move_t 100 3235.1080379486084 19.822913455639156 73.02998415857627 65.66235997674292 47.62704235046069 57.06375295124695 80.45221448578103 72.51462774161458
0.973947940869115 26041.09376841501 0.020833333333333332 1.1018841511109763 33106.059413133036 0.027777777777777776 t_swap_r_k 100 3237.5159385204315 19.822913455639156 73.02998415857627 65.66235997674292 47.62704235046069 57.06375295124695 80.68769234092322 72.51462774161458
0.973947940869115 26041.09376841501 0.020833333333333332 1.1018841511109763 33106.059413133036 0.027777777777777776 move_t 100 3238.210071325302 19.822913455639156 73.29968431699051 65.66235997674292 47.62704235046069 57.06375295124695 80.68769234092322 72.51462774161458
0.973947940869115 26041.09376841501 0.020833333333333332 1.1018841511109763 33106.059413133036 0.027777777777777776 t_swap_r_k 100 3240.694969892502 19.822913455639156 73.29968431699051 65.66235997674292 47.62704235046069 57.06375295124695 80.92081541751399 72.51462774161458
0.973947940869115 26041.09376841501 0.020833333333333332 1.1018841511109763 33106.059413133036 0.027777777777777776 move_t 100 3241.294612646103 19.822913455639156 73.56668747382061 65.66235997674292 47.62704235046069 57.06375295124695 80.92081541751399 72.51462774161458
0.973947940869115 26041.09376841501 0.020833333333333332 1.1091181196097128 33494.982239166406 0.027777777777777776 move_t 100 3242.026027917862 19.822913455639156 73.9610205990824 65.66235997674292 47.62704235046069 57.06375295124695 80.92081541751399 72.51462774161458
0.973947940869115 26041.09376841501 0.020833333333333332 1.1023328161553883 33023.507740843495 0.023809523809523808 swap_t 100 3243.0494022369385 19.822913455639156 73.9610205990824 65.66235997674292 47.62704235046069 57.49311542173448 80.92081541751399 72.51462774161458
0.973947940869115 26041.09376841501 0.020833333333333332 1.1023328161553883 33023.507740843495 0.023809523809523808 t_swap_r_k 100 3247.0976598262787 19.822913455639156 73.9610205990824 65.66235997674292 47.62704235046069 57.49311542173448 81.15160726333885 72.51462774161458
0.973947940869115 26041.09376841501 0.020833333333333332 1.0991282291668416 32957.89164726187 0.027777777777777776 t_swap_k 100 3248.323850631714 19.822913455639156 73.9610205990824 66.03573637697549 47.62704235046069 57.49311542173448 81.15160726333885 72.51462774161458
0.973947940869115 26041.09376841501 0.020833333333333332 1.0967999380593731 32832.71477408318 0.027777777777777776 t_multiswap_k 100 3249.121155500412 19.822913455639156 73.9610205990824 66.03573637697549 47.62704235046069 57.49311542173448 81.15160726333885 72.78948146419843
0.973947940869115 26041.09376841501 0.020833333333333332 1.0967999380593731 32832.71477408318 0.027777777777777776 f_swap_t 100 3250.78262758255 19.822913455639156 73.9610205990824 66.03573637697549 48.15077192695608 57.49311542173448 81.15160726333885 72.78948146419843
0.973947940869115 26041.09376841501 0.020833333333333332 1.0967999380593731 32832.71477408318 0.027777777777777776 move_t 100 3251.5198459625244 19.822913455639156 74.22141039309157 66.03573637697549 48.15077192695608 57.49311542173448 81.15160726333885 72.78948146419843
0.973947940869115 26041.09376841501 0.020833333333333332 1.0940884490735512 32686.935875639203 0.027777777777777776 swap_t 100 3252.434263944626 19.822913455639156 74.22141039309157 66.03573637697549 48.15077192695608 57.978184267517136 81.15160726333885 72.78948146419843
0.973947940869115 26041.09376841501 0.020833333333333332 1.1091353679311706 33495.90956777268 0.027777777777777776 move_t 100 3253.31893992424 19.822913455639156 74.51919628916066 66.03573637697549 48.15077192695608 57.978184267517136 81.15160726333885 72.78948146419843
0.973947940869115 26041.09376841501 0.020833333333333332 1.116144276426807 33872.73240022049 0.027777777777777776 t_swap_k 100 3256.3106553554535 19.822913455639156 74.51919628916066 66.42537901320574 48.15077192695608 57.978184267517136 81.15160726333885 72.78948146419843
0.973947940869115 26041.09376841501 0.020833333333333332 1.1111644496377886 33498.326487022154 0.023809523809523808 t_swap_k 100 3257.658658504486 19.822913455639156 74.51919628916066 66.91112522307368 48.15077192695608 57.978184267517136 81.15160726333885 72.78948146419843
0.973947940869115 26041.09376841501 0.020833333333333332 1.1111644496377886 33498.326487022154 0.023809523809523808 swap_t 100 3258.708724975586 19.822913455639156 74.51919628916066 66.91112522307368 48.15077192695608 58.39840242484196 81.15160726333885 72.78948146419843
0.973947940869115 26041.09376841501 0.020833333333333332 1.1111644496377886 33498.326487022154 0.023809523809523808 t_swap_r_k 100 3261.4567489624023 19.822913455639156 74.51919628916066 66.91112522307368 48.15077192695608 58.39840242484196 81.38009119070546 72.78948146419843
0.973947940869115 26041.09376841501 0.020833333333333332 1.1111644496377886 33498.326487022154 0.023809523809523808 f_swap_t 100 3263.2900216579437 19.822913455639156 74.51919628916066 66.91112522307368 48.669264207686524 58.39840242484196 81.38009119070546 72.78948146419843
0.973947940869115 26041.09376841501 0.020833333333333332 1.1111644496377886 33498.326487022154 0.023809523809523808 t_swap_r_k 100 3267.557856321335 19.822913455639156 74.51919628916066 66.91112522307368 48.669264207686524 58.39840242484196 81.6062902787984 72.78948146419843
0.973947940869115 26041.09376841501 0.020833333333333332 1.1119937872108066 33649.5879400822 0.027777777777777776 t_move_k 100 3268.7740643024445 20.694684321082764 74.51919628916066 66.91112522307368 48.669264207686524 58.39840242484196 81.6062902787984 72.78948146419843
0.973947940869115 26041.09376841501 0.020833333333333332 1.1059888629607635 33326.742725888784 0.027777777777777776 swap_t 100 3270.046458005905 20.694684321082764 74.51919628916066 66.91112522307368 48.669264207686524 58.81441840059354 81.6062902787984 72.78948146419843
0.973947940869115 26041.09376841501 0.020833333333333332 1.091247588515733 32534.201520118248 0.027777777777777776 t_multiswap_k 100 3271.4150655269623 20.694684321082764 74.51919628916066 66.91112522307368 48.669264207686524 58.81441840059354 81.6062902787984 73.18158664955645
0.973947940869115 26041.09376841501 0.020833333333333332 1.1193029655429851 34042.55430334868 0.027777777777777776 t_multiswap_k 100 3272.73171544075 20.694684321082764 74.51919628916066 66.91112522307368 48.669264207686524 58.81441840059354 81.6062902787984 73.53977078306089
0.973947940869115 26041.09376841501 0.020833333333333332 1.1141196338148374 33763.88070609266 0.027777777777777776 t_swap_r_k 100 3275.7483484745026 20.694684321082764 74.51919628916066 66.91112522307368 48.669264207686524 58.81441840059354 81.83022737601041 73.53977078306089
0.973947940869115 26041.09376841501 0.020833333333333332 1.1134182521030322 33726.17203241915 0.027777777777777776 t_multiswap_k 100 3276.712391614914 20.694684321082764 74.51919628916066 66.91112522307368 48.669264207686524 58.81441840059354 81.83022737601041 73.83437307523027
0.973947940869115 26041.09376841501 0.020833333333333332 1.110492260191579 33568.86072489106 0.027777777777777776 f_swap_t 100 3278.1973304748535 20.694684321082764 74.51919628916066 66.91112522307368 49.21257156560966 58.81441840059354 81.83022737601041 73.83437307523027
0.973947940869115 26041.09376841501 0.020833333333333332 1.1200393442182914 34082.14453317632 0.027777777777777776 t_multiswap_k 100 3280.1438665390015 20.694684321082764 74.51919628916066 66.91112522307368 49.21257156560966 58.81441840059354 81.83022737601041 74.13602934447798
0.973947940869115 26041.09376841501 0.020833333333333332 1.1146092641664442 33790.20490422705 0.027777777777777776 move_t 100 3281.065516233444 20.694684321082764 74.77400432626905 66.91112522307368 49.21257156560966 58.81441840059354 81.83022737601041 74.13602934447798
0.973947940869115 26041.09376841501 0.020833333333333332 1.1130541362291704 33706.59592081585 0.027777777777777776 t_move_k 100 3281.977630138397 21.57773747787194 74.77400432626905 66.91112522307368 49.21257156560966 58.81441840059354 81.83022737601041 74.13602934447798
0.973947940869115 26041.09376841501 0.020833333333333332 1.1082493327077003 33448.27329134468 0.027777777777777776 t_swap_r_k 100 3284.567342042923 21.57773747787194 74.77400432626905 66.91112522307368 49.21257156560966 58.81441840059354 82.05192510225031 74.13602934447798
0.973947940869115 26041.09376841501 0.020833333333333332 1.1082493327077003 33448.27329134468 0.027777777777777776 move_t 100 3285.320328474045 21.57773747787194 75.02626428300636 66.91112522307368 49.21257156560966 58.81441840059354 82.05192510225031 74.13602934447798
0.973947940869115 26041.09376841501 0.020833333333333332 1.1326123571179922 34011.3985507306 0.0 move_t 100 3286.103919506073 21.57773747787194 75.30600164017629 66.91112522307368 49.21257156560966 58.81441840059354 82.05192510225031 74.13602934447798
0.973947940869115 26041.09376841501 0.020833333333333332 1.125080772379435 33606.474860291375 0.0 t_swap_r_k 100 3288.757690191269 21.57773747787194 75.30600164017629 66.91112522307368 49.21257156560966 58.81441840059354 82.27140585122781 74.13602934447798
0.973947940869115 26041.09376841501 0.020833333333333332 1.1098683559449865 33535.31750407093 0.027777777777777776 move_t 100 3289.535966157913 21.57773747787194 75.55294162377453 66.91112522307368 49.21257156560966 58.81441840059354 82.27140585122781 74.13602934447798
0.973947940869115 26041.09376841501 0.020833333333333332 1.1098683559449865 33535.31750407093 0.027777777777777776 f_swap_t 100 3291.5155651569366 21.57773747787194 75.55294162377453 66.91112522307368 49.72044584995356 58.81441840059354 82.27140585122781 74.13602934447798
0.973947940869115 26041.09376841501 0.020833333333333332 1.1048338588216602 33264.64576293703 0.027777777777777776 t_multiswap_k 100 3293.2115437984467 21.57773747787194 75.55294162377453 66.91112522307368 49.72044584995356 58.81441840059354 82.27140585122781 74.42466905103319
0.973947940869115 26041.09376841501 0.020833333333333332 1.102337125141402 33130.412842383346 0.027777777777777776 t_move_k 100 3294.0993735790253 22.39196010309322 75.55294162377453 66.91112522307368 49.72044584995356 58.81441840059354 82.27140585122781 74.42466905103319
0.973947940869115 26041.09376841501 0.020833333333333332 1.103969498568349 33218.17480685152 0.027777777777777776 t_swap_k 100 3295.4140610694885 22.39196010309322 75.55294162377453 67.31201397084294 49.72044584995356 58.81441840059354 82.27140585122781 74.42466905103319
0.973947940869115 26041.09376841501 0.020833333333333332 1.1030859887573767 33170.67430521517 0.027777777777777776 swap_t 100 3296.0919649600983 22.39196010309322 75.55294162377453 67.31201397084294 49.72044584995356 59.226274216587605 82.27140585122781 74.42466905103319
0.973947940869115 26041.09376841501 0.020833333333333332 1.1114773376976659 33621.82185232702 0.027777777777777776 f_swap_t 100 3297.6900885105133 22.39196010309322 75.55294162377453 67.31201397084294 50.26324139145403 59.226274216587605 82.27140585122781 74.42466905103319
0.973947940869115 26041.09376841501 0.020833333333333332 1.1228048098998542 34124.15196718007 0.023809523809523808 t_swap_k 100 3300.1175870895386 22.39196010309322 75.55294162377453 67.68889383113451 50.26324139145403 59.226274216587605 82.27140585122781 74.42466905103319
0.973947940869115 26041.09376841501 0.020833333333333332 1.1221848918551212 34090.823058171314 0.023809523809523808 swap_t 100 3301.219083070755 22.39196010309322 75.55294162377453 67.68889383113451 50.26324139145403 59.69401147442173 82.27140585122781 74.42466905103319
0.973947940869115 26041.09376841501 0.020833333333333332 1.1207535119743042 34013.867192456404 0.023809523809523808 t_multiswap_k 100 3302.1384196281433 22.39196010309322 75.55294162377453 67.68889383113451 50.26324139145403 59.69401147442173 82.27140585122781 74.71042236052286
0.973947940869115 26041.09376841501 0.020833333333333332 1.120126962989478 33998.64345687005 0.023809523809523808 swap_t 100 3303.1360075473785 22.39196010309322 75.55294162377453 67.68889383113451 50.26324139145403 60.12707135967751 82.27140585122781 74.71042236052286
0.973947940869115 26041.09376841501 0.020833333333333332 1.120126962989478 33998.64345687005 0.023809523809523808 t_swap_r_k 100 3307.018702507019 22.39196010309322 75.55294162377453 67.68889383113451 50.26324139145403 60.12707135967751 82.48869179271553 74.71042236052286
0.973947940869115 26041.09376841501 0.020833333333333332 1.117517663726345 33946.57038691728 0.027777777777777776 t_swap_k 100 3308.627025604248 22.39196010309322 75.55294162377453 68.10200489282316 50.26324139145403 60.12707135967751 82.48869179271553 74.71042236052286
0.973947940869115 26041.09376841501 0.020833333333333332 1.112700201805932 33687.567198733304 0.027777777777777776 swap_t 100 3309.3363785743713 22.39196010309322 75.55294162377453 68.10200489282316 50.26324139145403 60.52580064608073 82.48869179271553 74.71042236052286
0.973947940869115 26041.09376841501 0.020833333333333332 1.1110246040377105 33597.48134621325 0.027777777777777776 f_swap_t 100 3310.7763407230377 22.39196010309322 75.55294162377453 68.10200489282316 50.82060897753949 60.52580064608073 82.48869179271553 74.71042236052286
0.973947940869115 26041.09376841501 0.020833333333333332 1.1110246040377105 33597.48134621325 0.027777777777777776 t_swap_r_k 100 3313.3306787014008 22.39196010309322 75.55294162377453 68.10200489282316 50.82060897753949 60.52580064608073 82.70380487478837 74.71042236052286
0.973947940869115 26041.09376841501 0.020833333333333332 1.1110246040377105 33597.48134621325 0.027777777777777776 f_swap_t 100 3315.016701698303 22.39196010309322 75.55294162377453 68.10200489282316 51.3124028877641 60.52580064608073 82.70380487478837 74.71042236052286
0.973947940869115 26041.09376841501 0.020833333333333332 1.1312365508029592 33937.430509508034 0.0 t_multiswap_k 100 3317.2276034355164 22.39196010309322 75.55294162377453 68.10200489282316 51.3124028877641 60.52580064608073 82.70380487478837 75.13331813691762
0.973947940869115 26041.09376841501 0.020833333333333332 1.114915602911319 33700.00128451133 0.023809523809523808 f_swap_t 100 3319.1577022075653 22.39196010309322 75.55294162377453 68.10200489282316 51.82927885888646 60.52580064608073 82.70380487478837 75.13331813691762
0.973947940869115 26041.09376841501 0.020833333333333332 1.1119913551954586 33542.78375088885 0.023809523809523808 t_swap_k 100 3320.603832960129 22.39196010309322 75.55294162377453 68.54098484389493 51.82927885888646 60.52580064608073 82.70380487478837 75.13331813691762
0.973947940869115 26041.09376841501 0.020833333333333332 1.111415408598969 33511.81889695146 0.023809523809523808 swap_t 100 3321.531404733658 22.39196010309322 75.55294162377453 68.54098484389493 51.82927885888646 60.950542639619925 82.70380487478837 75.13331813691762
0.973947940869115 26041.09376841501 0.020833333333333332 1.111415408598969 33511.81889695146 0.023809523809523808 move_t 100 3322.5048224925995 22.39196010309322 75.79741220753678 68.54098484389493 51.82927885888646 60.950542639619925 82.70380487478837 75.13331813691762
0.973947940869115 26041.09376841501 0.020833333333333332 1.1277233217787836 33748.54733137097 0.0 f_swap_t 100 3324.115463733673 22.39196010309322 75.79741220753678 68.54098484389493 52.32098607029759 60.950542639619925 82.70380487478837 75.13331813691762
0.973947940869115 26041.09376841501 0.020833333333333332 1.1110189565053223 33490.504279853696 0.023809523809523808 move_t 100 3324.683340072632 22.39196010309322 76.06943808546141 68.54098484389493 52.32098607029759 60.950542639619925 82.70380487478837 75.13331813691762
0.973947940869115 26041.09376841501 0.020833333333333332 1.1110189565053223 33490.504279853696 0.023809523809523808 t_swap_r_k 100 3328.833411693573 22.39196010309322 76.06943808546141 68.54098484389493 52.32098607029759 60.950542639619925 82.91676682604049 75.13331813691762
0.973947940869115 26041.09376841501 0.020833333333333332 1.1089007895489416 33376.62439790094 0.023809523809523808 t_swap_k 100 3330.079815387726 22.39196010309322 76.06943808546141 68.88557499545598 52.32098607029759 60.950542639619925 82.91676682604049 75.13331813691762
0.973947940869115 26041.09376841501 0.020833333333333332 1.1089007895489416 33376.62439790094 0.023809523809523808 t_swap_r_k 100 3332.6847500801086 22.39196010309322 76.06943808546141 68.88557499545598 52.32098607029759 60.950542639619925 83.12759915778008 75.13331813691762
0.973947940869115 26041.09376841501 0.020833333333333332 1.1052863006231668 33182.29714199374 0.023809523809523808 t_multiswap_k 100 3333.929254770279 22.39196010309322 76.06943808546141 68.88557499545598 52.32098607029759 60.950542639619925 83.12759915778008 75.47198495554845
0.973947940869115 26041.09376841501 0.020833333333333332 1.1086666080481924 33337.85141711792 0.023809523809523808 move_t 100 3334.579521179199 22.39196010309322 76.3187437046068 68.88557499545598 52.32098607029759 60.950542639619925 83.12759915778008 75.47198495554845
0.973947940869115 26041.09376841501 0.020833333333333332 1.1200843736188948 33337.85141711792 0.0 t_swap_r_k 100 3337.1772649288177 22.39196010309322 76.3187437046068 68.88557499545598 52.32098607029759 60.950542639619925 83.36632316620228 75.47198495554845
0.973947940869115 26041.09376841501 0.020833333333333332 1.1094562464379578 32766.44704075466 0.0 move_t 100 3337.826888561249 22.39196010309322 76.58555626756073 68.88557499545598 52.32098607029759 60.950542639619925 83.36632316620228 75.47198495554845
0.973947940869115 26041.09376841501 0.020833333333333332 1.1077675399295188 32675.656417638485 0.0 t_swap_k 100 3339.1338851451874 22.39196010309322 76.58555626756073 69.25671924550143 52.32098607029759 60.950542639619925 83.36632316620228 75.47198495554845
0.973947940869115 26041.09376841501 0.020833333333333332 1.1050810341911972 32531.22070381344 0.0 t_swap_k 100 3340.618716478348 22.39196010309322 76.58555626756073 69.62415205304642 52.32098607029759 60.950542639619925 83.36632316620228 75.47198495554845
0.973947940869115 26041.09376841501 0.020833333333333332 1.1026623846005386 32401.185850309772 0.0 t_swap_r_k 100 3344.2538850307465 22.39196010309322 76.58555626756073 69.62415205304642 52.32098607029759 60.950542639619925 83.57265993454025 75.47198495554845
0.973947940869115 26041.09376841501 0.020833333333333332 1.0950690465962316 32632.98270813209 0.023809523809523808 t_multiswap_k 100 3345.220754623413 22.39196010309322 76.58555626756073 69.62415205304642 52.32098607029759 60.950542639619925 83.57265993454025 75.77726510599297
0.973947940869115 26041.09376841501 0.020833333333333332 1.0927706463664604 32509.412870514672 0.023809523809523808 move_t 100 3345.9528300762177 22.39196010309322 76.87970070488512 69.62415205304642 52.32098607029759 60.950542639619925 83.57265993454025 75.77726510599297
0.973947940869115 26041.09376841501 0.020833333333333332 1.0920836958172393 32472.4800653753 0.023809523809523808 t_swap_r_k 100 3348.7672839164734 22.39196010309322 76.87970070488512 69.62415205304642 52.32098607029759 60.950542639619925 83.77693333519485 75.77726510599297
0.973947940869115 26041.09376841501 0.020833333333333332 1.0920836958172393 32472.4800653753 0.023809523809523808 t_swap_r_k 100 3351.248302221298 22.39196010309322 76.87970070488512 69.62415205304642 52.32098607029759 60.950542639619925 83.9791640018429 75.77726510599297
0.973947940869115 26041.09376841501 0.020833333333333332 1.0920836958172393 32472.4800653753 0.023809523809523808 t_swap_r_k 100 3354.9868907928467 22.39196010309322 76.87970070488512 69.62415205304642 52.32098607029759 60.950542639619925 84.17937236182448 75.77726510599297
0.973947940869115 26041.09376841501 0.020833333333333332 1.103965320874356 32471.236149511802 0.0 swap_t 100 3355.771616458893 22.39196010309322 76.87970070488512 69.62415205304642 52.32098607029759 61.41103721322373 84.17937236182448 75.77726510599297
0.973947940869115 26041.09376841501 0.020833333333333332 1.09911774306772 32738.161221325827 0.023809523809523808 move_t 100 3356.5488710403442 22.39196010309322 77.12090369783627 69.62415205304642 52.32098607029759 61.41103721322373 84.17937236182448 75.77726510599297
0.973947940869115 26041.09376841501 0.020833333333333332 1.09911774306772 32738.161221325827 0.023809523809523808 swap_t 100 3357.480267763138 22.39196010309322 77.12090369783627 69.62415205304642 52.32098607029759 61.79692684109149 84.17937236182448 75.77726510599297
0.973947940869115 26041.09376841501 0.020833333333333332 1.0931405053663303 32529.297752165523 0.023809523809523808 swap_t 100 3358.8569555282593 22.39196010309322 77.12090369783627 69.62415205304642 52.32098607029759 62.238957572680576 84.17937236182448 75.77726510599297
0.973947940869115 26041.09376841501 0.020833333333333332 1.090773329344846 32402.030293348846 0.023809523809523808 t_swap_k 100 3360.1130385398865 22.39196010309322 77.12090369783627 70.01791053251596 52.32098607029759 62.238957572680576 84.17937236182448 75.77726510599297
0.973947940869115 26041.09376841501 0.020833333333333332 1.0905637340263559 32390.761733967523 0.023809523809523808 t_swap_k 100 3361.4280512332916 22.39196010309322 77.12090369783627 70.3477314271908 52.32098607029759 62.238957572680576 84.17937236182448 75.77726510599297
0.973947940869115 26041.09376841501 0.020833333333333332 1.0905416972769792 32389.57696314006 0.023809523809523808 t_multiswap_k 100 3362.782057285309 22.39196010309322 77.12090369783627 70.3477314271908 52.32098607029759 62.238957572680576 84.17937236182448 76.04949245493303
0.973947940869115 26041.09376841501 0.020833333333333332 1.0901509022913856 32368.566491471112 0.023809523809523808 f_swap_t 100 3364.292660713196 22.39196010309322 77.12090369783627 70.3477314271908 52.89777620959462 62.238957572680576 84.17937236182448 76.04949245493303
0.973947940869115 26041.09376841501 0.020833333333333332 1.0872105652984119 32210.483943420546 0.023809523809523808 t_multiswap_k 100 3365.669073343277 22.39196010309322 77.12090369783627 70.3477314271908 52.89777620959462 62.238957572680576 84.17937236182448 76.3489975303837
0.973947940869115 26041.09376841501 0.020833333333333332 1.0872105652984119 32210.483943420546 0.023809523809523808 t_swap_r_k 100 3369.5478031635284 22.39196010309322 77.12090369783627 70.3477314271908 52.89777620959462 62.238957572680576 84.37757863820623 76.3489975303837
0.973947940869115 26041.09376841501 0.020833333333333332 1.0894847890880806 32439.427408888394 0.027777777777777776 t_multiswap_k 100 3370.3659138679504 22.39196010309322 77.12090369783627 70.3477314271908 52.89777620959462 62.238957572680576 84.37757863820623 76.65550755507986
0.973947940869115 26041.09376841501 0.020833333333333332 1.0791026253870806 31881.246868340117 0.027777777777777776 t_swap_k 100 3371.68318772316 22.39196010309322 77.12090369783627 70.76425411291889 52.89777620959462 62.238957572680576 84.37757863820623 76.65550755507986
0.973947940869115 26041.09376841501 0.020833333333333332 1.0791026253870806 31881.246868340117 0.027777777777777776 t_swap_r_k 100 3374.3061316013336 22.39196010309322 77.12090369783627 70.76425411291889 52.89777620959462 62.238957572680576 84.57380285182417 76.65550755507986
0.973947940869115 26041.09376841501 0.020833333333333332 1.0791026253870806 31881.246868340117 0.027777777777777776 t_swap_r_k 100 3376.8559052944183 22.39196010309322 77.12090369783627 70.76425411291889 52.89777620959462 62.238957572680576 84.76806482330593 76.65550755507986
0.973947940869115 26041.09376841501 0.020833333333333332 1.0791026253870806 31881.246868340117 0.027777777777777776 t_swap_k 100 3378.1527996063232 22.39196010309322 77.12090369783627 71.0566115717897 52.89777620959462 62.238957572680576 84.76806482330593 76.65550755507986
0.973947940869115 26041.09376841501 0.020833333333333332 1.092895935357871 31876.108219624333 0.0 t_move_k 100 3379.0001146793365 23.238040502062287 77.12090369783627 71.0566115717897 52.89777620959462 62.238957572680576 84.76806482330593 76.65550755507986
0.973947940869115 26041.09376841501 0.020833333333333332 1.0701648752031347 31400.722926256658 0.027777777777777776 move_t 100 3381.1535165309906 23.238040502062287 77.38969466085791 71.0566115717897 52.89777620959462 62.238957572680576 84.76806482330593 76.65550755507986
0.973947940869115 26041.09376841501 0.020833333333333332 1.0818635755179704 32029.684966685498 0.027777777777777776 f_swap_t 100 3383.0437524318695 23.238040502062287 77.38969466085791 71.0566115717897 53.43879844749867 62.238957572680576 84.76806482330593 76.65550755507986
0.973947940869115 26041.09376841501 0.020833333333333332 1.0774551311555436 31792.67195783077 0.027777777777777776 move_t 100 3383.781747817993 23.238040502062287 77.64579771424934 71.0566115717897 53.43879844749867 62.238957572680576 84.76806482330593 76.65550755507986
0.973947940869115 26041.09376841501 0.020833333333333332 1.0773352897601909 31786.228875563473 0.027777777777777776 swap_t 100 3384.51944732666 23.238040502062287 77.64579771424934 71.0566115717897 53.43879844749867 62.61656799695377 84.76806482330593 76.65550755507986
0.973947940869115 26041.09376841501 0.020833333333333332 1.0773352897601909 31786.228875563473 0.027777777777777776 t_swap_k 100 3385.689152956009 23.238040502062287 77.64579771424934 71.3460454560718 53.43879844749867 62.61656799695377 84.76806482330593 76.65550755507986
0.973947940869115 26041.09376841501 0.020833333333333332 1.0773352897601909 31786.228875563473 0.027777777777777776 t_swap_r_k 100 3388.405825853348 23.238040502062287 77.64579771424934 71.3460454560718 53.43879844749867 62.61656799695377 84.96038417507287 76.65550755507986
0.973947940869115 26041.09376841501 0.020833333333333332 1.0769767683035034 31766.953538913494 0.027777777777777776 t_multiswap_k 100 3389.295681476593 23.238040502062287 77.64579771424934 71.3460454560718 53.43879844749867 62.61656799695377 84.96038417507287 76.91895247952907
0.973947940869115 26041.09376841501 0.020833333333333332 1.0843240198900792 32161.966850227793 0.027777777777777776 move_t 100 3390.4355404376984 23.238040502062287 77.93933973710685 71.3460454560718 53.43879844749867 62.61656799695377 84.96038417507287 76.91895247952907
0.973947940869115 26041.09376841501 0.020833333333333332 1.0803656422412553 31842.477527601168 0.023809523809523808 t_multiswap_k 100 3391.652785539627 23.238040502062287 77.93933973710685 71.3460454560718 53.43879844749867 62.61656799695377 84.96038417507287 77.24976295473378
0.973947940869115 26041.09376841501 0.020833333333333332 1.077661586146239 31803.771682476236 0.027777777777777776 t_move_k 100 3393.842851638794 24.125660097041663 77.93933973710685 71.3460454560718 53.43879844749867 62.61656799695377 84.96038417507287 77.24976295473378
0.973947940869115 26041.09376841501 0.020833333333333332 1.0647003488053501 31106.931344231998 0.027777777777777776 swap_t 100 3394.875909090042 24.125660097041663 77.93933973710685 71.3460454560718 53.43879844749867 63.09040231698423 84.96038417507287 77.24976295473378
0.973947940869115 26041.09376841501 0.020833333333333332 1.0526091057299012 30456.86486578641 0.027777777777777776 t_multiswap_k 100 3395.686121225357 24.125660097041663 77.93933973710685 71.3460454560718 53.43879844749867 63.09040231698423 84.96038417507287 77.47726532518645
0.973947940869115 26041.09376841501 0.020833333333333332 1.0516464309530478 30405.108185503632 0.027777777777777776 swap_t 100 3396.7394394874573 24.125660097041663 77.93933973710685 71.3460454560718 53.43879844749867 63.48949829381439 84.96038417507287 77.47726532518645
0.973947940869115 26041.09376841501 0.020833333333333332 1.0512781640661957 30385.308901280303 0.027777777777777776 t_swap_r_k 100 3399.4406147003174 24.125660097041663 77.93933973710685 71.3460454560718 53.43879844749867 63.48949829381439 85.15078033332215 77.47726532518645
0.973947940869115 26041.09376841501 0.020833333333333332 1.0507726301285811 30358.129672105184 0.027777777777777776 move_t 100 3400.13530087471 24.125660097041663 78.18994633973578 71.3460454560718 53.43879844749867 63.48949829381439 85.15078033332215 77.47726532518645
0.973947940869115 26041.09376841501 0.020833333333333332 1.050657486435514 30351.939154339525 0.027777777777777776 t_swap_r_k 100 3402.7553815841675 24.125660097041663 78.18994633973578 71.3460454560718 53.43879844749867 63.48949829381439 85.33927252998892 77.47726532518645
0.973947940869115 26041.09376841501 0.020833333333333332 1.0501384323852514 30324.033037782967 0.027777777777777776 t_swap_k 100 3405.1277956962585 24.125660097041663 78.18994633973578 71.63258500151109 53.43879844749867 63.48949829381439 85.33927252998892 77.47726532518645
0.973947940869115 26041.09376841501 0.020833333333333332 1.0487025736367825 30246.836372862912 0.027777777777777776 t_swap_k 100 3406.1650693416595 24.125660097041663 78.18994633973578 71.94625915149598 53.43879844749867 63.48949829381439 85.33927252998892 77.47726532518645
0.973947940869115 26041.09376841501 0.020833333333333332 1.0487025736367825 30246.836372862912 0.027777777777777776 swap_t 100 3407.2075011730194 24.125660097041663 78.18994633973578 71.94625915149598 53.43879844749867 63.85460331087625 85.33927252998892 77.47726532518645
0.973947940869115 26041.09376841501 0.020833333333333332 1.0487025736367825 30246.836372862912 0.027777777777777776 f_swap_t 100 3408.901159286499 24.125660097041663 78.18994633973578 71.94625915149598 53.90441046302368 63.85460331087625 85.33927252998892 77.47726532518645
0.973947940869115 26041.09376841501 0.020833333333333332 1.0577302730435758 30732.196292039087 0.027777777777777776 t_multiswap_k 100 3410.0256304740906 24.125660097041663 78.18994633973578 71.94625915149598 53.90441046302368 63.85460331087625 85.33927252998892 77.74249267193458
0.973947940869115 26041.09376841501 0.020833333333333332 1.055370892968472 30605.347969896626 0.027777777777777776 move_t 100 3410.733697414398 24.125660097041663 78.40804687633843 71.94625915149598 53.90441046302368 63.85460331087625 85.33927252998892 77.74249267193458
0.973947940869115 26041.09376841501 0.020833333333333332 1.056339203891686 30657.40766863613 0.027777777777777776 t_multiswap_k 100 3411.8686859607697 24.125660097041663 78.40804687633843 71.94625915149598 53.90441046302368 63.85460331087625 85.33927252998892 78.00506774521524
0.973947940869115 26041.09376841501 0.020833333333333332 1.0539406923807442 30543.225039695215 0.027777777777777776 move_t 100 3412.890307188034 24.125660097041663 78.65396640757504 71.94625915149598 53.90441046302368 63.85460331087625 85.33927252998892 78.00506774521524
0.973947940869115 26041.09376841501 0.020833333333333332 1.066057055524232 31179.872526004925 0.027777777777777776 move_t 100 3413.459183692932 24.125660097041663 78.87742674349929 71.94625915149598 53.90441046302368 63.85460331087625 85.33927252998892 78.00506774521524
0.973947940869115 26041.09376841501 0.020833333333333332 1.0623785274296664 30982.102305906323 0.027777777777777776 t_swap_k 100 3414.8886935710907 24.125660097041663 78.87742674349929 72.22679655998103 53.90441046302368 63.85460331087625 85.33927252998892 78.00506774521524
0.973947940869115 26041.09376841501 0.020833333333333332 1.0596676476522113 30836.356160582538 0.027777777777777776 t_multiswap_k 100 3416.0113608837128 24.125660097041663 78.87742674349929 72.22679655998103 53.90441046302368 63.85460331087625 85.33927252998892 78.28501706776309
0.973947940869115 26041.09376841501 0.020833333333333332 1.058744911317748 30786.746707217375 0.027777777777777776 swap_t 100 3417.007607936859 24.125660097041663 78.87742674349929 72.22679655998103 53.90441046302368 64.21605727776749 85.33927252998892 78.28501706776309
0.973947940869115 26041.09376841501 0.020833333333333332 1.0931862552791638 31891.71680905386 0.0 t_swap_k 100 3419.551619052887 24.125660097041663 78.87742674349929 72.60452859438122 53.90441046302368 64.21605727776749 85.33927252998892 78.28501706776309
0.973947940869115 26041.09376841501 0.020833333333333332 1.09099957154425 31774.153231334058 0.0 move_t 100 3420.4083375930786 24.125660097041663 79.1186524760643 72.60452859438122 53.90441046302368 64.21605727776749 85.33927252998892 78.28501706776309
0.973947940869115 26041.09376841501 0.020833333333333332 1.0787298779028622 31754.533256165167 0.023809523809523808 t_swap_r_k 100 3422.922348499298 24.125660097041663 79.1186524760643 72.60452859438122 53.90441046302368 64.21605727776749 85.55587980468903 78.28501706776309
0.973947940869115 26041.09376841501 0.020833333333333332 1.0804385175685927 31846.395553821647 0.023809523809523808 f_swap_t 100 3424.819081068039 24.125660097041663 79.1186524760643 72.60452859438122 54.435366358393445 64.21605727776749 85.55587980468903 78.28501706776309
0.973947940869115 26041.09376841501 0.020833333333333332 1.077431000118159 31684.701155183946 0.023809523809523808 t_swap_r_k 100 3427.2735743522644 24.125660097041663 79.1186524760643 72.60452859438122 54.435366358393445 64.21605727776749 85.74032100664213 78.28501706776309
0.973947940869115 26041.09376841501 0.020833333333333332 1.077151445140037 31669.671325825148 0.023809523809523808 t_multiswap_k 100 3428.338607788086 24.125660097041663 79.1186524760643 72.60452859438122 54.435366358393445 64.21605727776749 85.74032100664213 78.53216689708546
0.973947940869115 26041.09376841501 0.020833333333333332 1.09690134689617 32615.388254851045 0.023809523809523808 swap_t 100 3429.2503023147583 24.125660097041663 79.1186524760643 72.60452859438122 54.435366358393445 64.59389670498982 85.74032100664213 78.53216689708546
0.973947940869115 26041.09376841501 0.020833333333333332 1.0897179639118355 32451.96368291702 0.027777777777777776 f_swap_t 100 3430.6664776802063 24.125660097041663 79.1186524760643 72.60452859438122 54.92101269480951 64.59389670498982 85.74032100664213 78.53216689708546
0.973947940869115 26041.09376841501 0.020833333333333332 1.086804595779218 32295.33107280667 0.027777777777777776 t_multiswap_k 100 3432.8664784431458 24.125660097041663 79.1186524760643 72.60452859438122 54.92101269480951 64.59389670498982 85.74032100664213 78.74684522811461
0.973947940869115 26041.09376841501 0.020833333333333332 1.10067840815747 33041.23455841749 0.027777777777777776 swap_t 100 3434.0483162403107 24.125660097041663 79.1186524760643 72.60452859438122 54.92101269480951 64.95795773793992 85.74032100664213 78.74684522811461
0.973947940869115 26041.09376841501 0.020833333333333332 1.1001981604632078 33015.414803952 0.027777777777777776 f_swap_t 100 3435.753633737564 24.125660097041663 79.1186524760643 72.60452859438122 55.411802567861415 64.95795773793992 85.74032100664213 78.74684522811461
0.973947940869115 26041.09376841501 0.020833333333333332 1.0959109504935745 32784.91976965935 0.027777777777777776 t_multiswap_k 100 3436.9546160697937 24.125660097041663 79.1186524760643 72.60452859438122 55.411802567861415 64.95795773793992 85.74032100664213 79.07937677583347
0.973947940869115 26041.09376841501 0.020833333333333332 1.1027498572020349 33115.95675632312 0.023809523809523808 move_t 100 3438.0716774463654 24.125660097041663 79.42746595130366 72.60452859438122 55.411802567861415 64.95795773793992 85.74032100664213 79.07937677583347
0.973947940869115 26041.09376841501 0.020833333333333332 1.0900414684278816 32469.356389373672 0.027777777777777776 t_swap_k 100 3439.2014439105988 24.125660097041663 79.42746595130366 73.0384833084374 55.411802567861415 64.95795773793992 85.74032100664213 79.07937677583347
0.973947940869115 26041.09376841501 0.020833333333333332 1.0784531507325303 31846.3288951517 0.027777777777777776 t_multiswap_k 100 3440.3078413009644 24.125660097041663 79.42746595130366 73.0384833084374 55.411802567861415 64.95795773793992 85.74032100664213 79.41858300807513
0.973947940869115 26041.09376841501 0.020833333333333332 1.1124459115498482 32927.18163676691 0.0 t_multiswap_k 100 3441.2941846847534 24.125660097041663 79.42746595130366 73.0384833084374 55.411802567861415 64.95795773793992 85.74032100664213 79.68439717799438
0.973947940869115 26041.09376841501 0.020833333333333332 1.106446430425997 32604.629063607437 0.0 t_swap_k 100 3442.5336780548096 24.125660097041663 79.42746595130366 73.31809847535303 55.411802567861415 64.95795773793992 85.74032100664213 79.68439717799438
0.973947940869115 26041.09376841501 0.020833333333333332 1.1007567872516772 32298.734435663686 0.0 t_move_k 100 3443.2600452899933 24.884403496071247 79.42746595130366 73.31809847535303 55.411802567861415 64.95795773793992 85.74032100664213 79.68439717799438
0.973947940869115 26041.09376841501 0.020833333333333332 1.1006166824979906 32291.201926121514 0.0 swap_t 100 3445.854578733444 24.884403496071247 79.42746595130366 73.31809847535303 55.411802567861415 65.30837816056052 85.74032100664213 79.68439717799438
0.973947940869115 26041.09376841501 0.020833333333333332 1.0993991853352894 32225.745125018748 0.0 t_move_k 100 3446.752828359604 25.735559461110533 79.42746595130366 73.31809847535303 55.411802567861415 65.30837816056052 85.74032100664213 79.68439717799438
0.973947940869115 26041.09376841501 0.020833333333333332 1.105051243607682 32529.619060409565 0.0 t_multiswap_k 100 3447.654065132141 25.735559461110533 79.42746595130366 73.31809847535303 55.411802567861415 65.30837816056052 85.74032100664213 79.97755320621444
0.973947940869115 26041.09376841501 0.020833333333333332 1.1002403573793662 32270.969403866493 0.0 t_swap_r_k 100 3450.263200044632 25.735559461110533 79.42746595130366 73.31809847535303 55.411802567861415 65.30837816056052 85.92291779657572 79.97755320621444
0.973947940869115 26041.09376841501 0.020833333333333332 1.1000508359811472 32260.780086923518 0.0 t_multiswap_k 100 3450.9151046276093 25.735559461110533 79.42746595130366 73.31809847535303 55.411802567861415 65.30837816056052 85.92291779657572 80.2077776741523
0.973947940869115 26041.09376841501 0.020833333333333332 1.0889388329297698 32410.07494322343 0.027777777777777776 move_t 100 3451.896924495697 25.735559461110533 79.69319129179063 73.31809847535303 55.411802567861415 65.30837816056052 85.92291779657572 80.2077776741523
0.973947940869115 26041.09376841501 0.020833333333333332 1.0889388329297698 32410.07494322343 0.027777777777777776 swap_t 100 3453.256279230118 25.735559461110533 79.69319129179063 73.31809847535303 55.411802567861415 65.65529437895492 85.92291779657572 80.2077776741523
0.973947940869115 26041.09376841501 0.020833333333333332 1.0822963202327225 32052.95079891048 0.027777777777777776 t_multiswap_k 100 3454.546980381012 25.735559461110533 79.69319129179063 73.31809847535303 55.411802567861415 65.65529437895492 85.92291779657572 80.55569989741078
0.973947940869115 26041.09376841501 0.020833333333333332 1.1213071994103616 34150.308753740326 0.027777777777777776 t_swap_k 100 3455.8908858299255 25.735559461110533 79.69319129179063 73.60491749059949 55.411802567861415 65.65529437895492 85.92291779657572 80.55569989741078
0.973947940869115 26041.09376841501 0.020833333333333332 1.1208085809745594 34016.827889784545 0.023809523809523808 t_swap_k 100 3457.594748020172 25.735559461110533 79.69319129179063 74.08886831569349 55.411802567861415 65.65529437895492 85.92291779657572 80.55569989741078
0.973947940869115 26041.09376841501 0.020833333333333332 1.107906006087467 33323.14144519033 0.023809523809523808 t_swap_r_k 100 3461.293941259384 25.735559461110533 79.69319129179063 74.08886831569349 55.411802567861415 65.65529437895492 86.10368861860997 80.55569989741078
0.973947940869115 26041.09376841501 0.020833333333333332 1.1073815451527447 33294.94463607899 0.023809523809523808 t_swap_r_k 100 3463.7295455932617 25.735559461110533 79.69319129179063 74.08886831569349 55.411802567861415 65.65529437895492 86.28265173242387 80.55569989741078
0.973947940869115 26041.09376841501 0.020833333333333332 1.1153537136695852 33617.19651440352 0.023809523809523808 swap_t 100 3464.80033159256 25.735559461110533 79.69319129179063 74.08886831569349 55.411802567861415 66.00874143516538 86.28265173242387 80.55569989741078
0.973947940869115 26041.09376841501 0.020833333333333332 1.1094421476570768 33512.403092452805 0.027777777777777776 t_move_k 100 3465.6741716861725 26.538203866499426 79.69319129179063 74.08886831569349 55.411802567861415 66.00874143516538 86.28265173242387 80.55569989741078
0.973947940869115 26041.09376841501 0.020833333333333332 1.1086092997431183 33467.626347238984 0.027777777777777776 t_move_k 100 3466.5703880786896 27.39282182783443 79.69319129179063 74.08886831569349 55.411802567861415 66.00874143516538 86.28265173242387 80.55569989741078
0.973947940869115 26041.09376841501 0.020833333333333332 1.1061147200717847 33333.50923355374 0.027777777777777776 swap_t 100 3467.6509046554565 27.39282182783443 79.69319129179063 74.08886831569349 55.411802567861415 66.34865402081373 86.28265173242387 80.55569989741078
0.973947940869115 26041.09376841501 0.020833333333333332 1.1041336062052618 33226.99779328461 0.027777777777777776 t_swap_k 100 3468.7871193885803 27.39282182783443 79.69319129179063 74.37797963253655 55.411802567861415 66.34865402081373 86.28265173242387 80.55569989741078
0.973947940869115 26041.09376841501 0.020833333333333332 1.103194075860623 33176.485436637646 0.027777777777777776 f_swap_t 100 3470.2316727638245 27.39282182783443 79.69319129179063 74.37797963253655 55.887684542182804 66.34865402081373 86.28265173242387 80.55569989741078
0.973947940869115 26041.09376841501 0.020833333333333332 1.100514535790271 33032.42422088687 0.027777777777777776 swap_t 100 3471.1335031986237 27.39282182783443 79.69319129179063 74.37797963253655 55.887684542182804 66.68516748060559 86.28265173242387 80.55569989741078
0.973947940869115 26041.09376841501 0.020833333333333332 1.0983980283032584 32918.63355766881 0.027777777777777776 t_swap_k 100 3473.33131980896 27.39282182783443 79.69319129179063 74.66419983621118 55.887684542182804 66.68516748060559 86.28265173242387 80.55569989741078
0.973947940869115 26041.09376841501 0.020833333333333332 1.091843834222337 32566.257723468218 0.027777777777777776 t_swap_k 100 3474.583025455475 27.39282182783443 79.69319129179063 74.97755783784908 55.887684542182804 66.68516748060559 86.28265173242387 80.55569989741078
0.973947940869115 26041.09376841501 0.020833333333333332 1.0972675140349843 32111.139203464947 0.0 t_swap_k 100 3475.9896354675293 27.39282182783443 79.69319129179063 75.27778225947058 55.887684542182804 66.68516748060559 86.28265173242387 80.55569989741078
0.973947940869115 26041.09376841501 0.020833333333333332 1.0929245620272152 31877.647287031556 0.0 move_t 100 3476.768851518631 27.39282182783443 79.95625937887272 75.27778225947058 55.887684542182804 66.68516748060559 86.28265173242387 80.55569989741078
0.973947940869115 26041.09376841501 0.020833333333333332 1.0941677294194678 31944.48420725202 0.0 f_swap_t 100 3478.3215363025665 27.39282182783443 79.95625937887272 75.27778225947058 56.33880769676097 66.68516748060559 86.28265173242387 80.55569989741078
0.973947940869115 26041.09376841501 0.020833333333333332 1.082780875761084 31972.3287214827 0.023809523809523808 t_multiswap_k 100 3479.4161138534546 27.39282182783443 79.95625937887272 75.27778225947058 56.33880769676097 66.68516748060559 86.28265173242387 80.81014289843667
0.973947940869115 26041.09376841501 0.020833333333333332 1.0818614687885115 31922.8982659713 0.023809523809523808 t_swap_r_k 100 3482.274812936783 27.39282182783443 79.95625937887272 75.27778225947058 56.33880769676097 66.68516748060559 86.45982521509963 80.81014289843667
0.973947940869115 26041.09376841501 0.020833333333333332 1.0808656493899793 31869.359617750248 0.023809523809523808 t_move_k 100 3484.2173471450806 28.11889360955609 79.95625937887272 75.27778225947058 56.33880769676097 66.68516748060559 86.45982521509963 80.81014289843667
0.973947940869115 26041.09376841501 0.020833333333333332 1.0808656493899793 31869.359617750248 0.023809523809523808 t_swap_r_k 100 3486.898419380188 28.11889360955609 79.95625937887272 75.27778225947058 56.33880769676097 66.68516748060559 86.63522696294864 80.81014289843667
0.973947940869115 26041.09376841501 0.020833333333333332 1.0808656493899793 31869.359617750248 0.023809523809523808 f_swap_t 100 3488.1806721687317 28.11889360955609 79.95625937887272 75.27778225947058 56.77541961979336 66.68516748060559 86.63522696294864 80.81014289843667
0.973947940869115 26041.09376841501 0.020833333333333332 1.0808656493899793 31869.359617750248 0.023809523809523808 t_swap_r_k 100 3491.016048669815 28.11889360955609 79.95625937887272 75.27778225947058 56.77541961979336 66.68516748060559 86.80887469331915 80.81014289843667
0.973947940869115 26041.09376841501 0.020833333333333332 1.0808656493899793 31869.359617750248 0.023809523809523808 swap_t 100 3491.9028396606445 28.11889360955609 79.95625937887272 75.27778225947058 56.77541961979336 67.01831580579953 86.80887469331915 80.81014289843667
0.973947940869115 26041.09376841501 0.020833333333333332 1.0804646367274053 31847.79980890803 0.023809523809523808 t_swap_k 100 3493.293031692505 28.11889360955609 79.95625937887272 75.55500443687588 56.77541961979336 67.01831580579953 86.80887469331915 80.81014289843667
0.973947940869115 26041.09376841501 0.020833333333333332 1.0795528632423534 31798.779755728276 0.023809523809523808 t_move_k 100 3493.7745571136475 28.86770467346053 79.95625937887272 75.55500443687588 56.77541961979336 67.01831580579953 86.80887469331915 80.81014289843667
0.973947940869115 26041.09376841501 0.020833333333333332 1.0795528632423534 31798.779755728276 0.023809523809523808 swap_t 100 3495.718480348587 28.86770467346053 79.95625937887272 75.55500443687588 56.77541961979336 67.34813264774154 86.80887469331915 80.81014289843667
0.973947940869115 26041.09376841501 0.020833333333333332 1.0795528632423534 31798.779755728276 0.023809523809523808 t_move_k 100 3496.597003221512 29.579027626725924 79.95625937887272 75.55500443687588 56.77541961979336 67.34813264774154 86.80887469331915 80.81014289843667
0.973947940869115 26041.09376841501 0.020833333333333332 1.0795528632423534 31798.779755728276 0.023809523809523808 t_multiswap_k 100 3497.685474872589 29.579027626725924 79.95625937887272 75.55500443687588 56.77541961979336 67.34813264774154 86.80887469331915 81.0020414694523
0.973947940869115 26041.09376841501 0.020833333333333332 1.0794933456803024 31801.35717947469 0.023809523809523808 swap_t 100 3498.47833108902 29.579027626725924 79.95625937887272 75.55500443687588 56.77541961979336 67.70465132126412 86.80887469331915 81.0020414694523
0.973947940869115 26041.09376841501 0.020833333333333332 1.0788696507275486 31762.047920071862 0.023809523809523808 t_move_k 100 3499.3472180366516 30.313237350458664 79.95625937887272 75.55500443687588 56.77541961979336 67.70465132126412 86.80887469331915 81.0020414694523
0.973947940869115 26041.09376841501 0.020833333333333332 1.0808781797871048 31870.033294648652 0.023809523809523808 move_t 100 3500.3745079040527 30.313237350458664 80.16669678508399 75.55500443687588 56.77541961979336 67.70465132126412 86.80887469331915 81.0020414694523
0.973947940869115 26041.09376841501 0.020833333333333332 1.078933700657049 31765.491462795733 0.023809523809523808 f_swap_t 100 3501.74826335907 30.313237350458664 80.16669678508399 75.55500443687588 57.20766542359543 67.70465132126412 86.80887469331915 81.0020414694523
0.973947940869115 26041.09376841501 0.020833333333333332 1.0837014988310987 31787.61945272055 0.023809523809523808 move_t 100 3502.5463507175446 30.313237350458664 80.37502981723314 75.55500443687588 57.20766542359543 67.70465132126412 86.80887469331915 81.0020414694523
0.973947940869115 26041.09376841501 0.020833333333333332 1.0891442045107265 32314.442984314028 0.023809523809523808 move_t 100 3503.335872888565 30.313237350458664 80.61127951906082 75.55500443687588 57.20766542359543 67.70465132126412 86.80887469331915 81.0020414694523
0.973947940869115 26041.09376841501 0.020833333333333332 1.0847227603458232 32076.73106172779 0.023809523809523808 t_move_k 100 3503.8296127319336 31.01010497695408 80.61127951906082 75.55500443687588 57.20766542359543 67.70465132126412 86.80887469331915 81.0020414694523
0.973947940869115 26041.09376841501 0.020833333333333332 1.078967457514268 31767.306346605357 0.023809523809523808 t_multiswap_k 100 3505.1268713474274 31.01010497695408 80.61127951906082 75.55500443687588 57.20766542359543 67.70465132126412 86.80887469331915 81.25202105475778
0.973947940869115 26041.09376841501 0.020833333333333332 1.0775141354197786 31689.170792624944 0.023809523809523808 t_swap_k 100 3507.7697541713715 31.01010497695408 80.61127951906082 75.79945439250712 57.20766542359543 67.70465132126412 86.80887469331915 81.25202105475778
0.973947940869115 26041.09376841501 0.020833333333333332 1.0755573079388834 31583.96507130305 0.023809523809523808 t_swap_k 100 3509.3028304576874 31.01010497695408 80.61127951906082 76.13145984858204 57.20766542359543 67.70465132126412 86.80887469331915 81.25202105475778
0.973947940869115 26041.09376841501 0.020833333333333332 1.0906937550515474 32397.75210786397 0.023809523809523808 f_swap_t 100 3510.657466650009 31.01010497695408 80.61127951906082 76.13145984858204 57.64558876935948 67.70465132126412 86.80887469331915 81.25202105475778
0.973947940869115 26041.09376841501 0.020833333333333332 1.0987597490243135 32191.366847427904 0.0 t_swap_r_k 100 3513.6463894844055 31.01010497695408 80.61127951906082 76.13145984858204 57.64558876935948 67.70465132126412 86.98078594638596 81.25202105475778
0.973947940869115 26041.09376841501 0.020833333333333332 1.0941499337630927 32583.568066560125 0.023809523809523808 t_swap_k 100 3514.938360452652 31.01010497695408 80.61127951906082 76.43014525009622 57.64558876935948 67.70465132126412 86.98078594638596 81.25202105475778
0.973947940869115 26041.09376841501 0.020833333333333332 1.089930993491704 32356.74344415529 0.023809523809523808 t_multiswap_k 100 3516.008279800415 31.01010497695408 80.61127951906082 76.43014525009622 57.64558876935948 67.70465132126412 86.98078594638596 81.4995008442102
0.973947940869115 26041.09376841501 0.020833333333333332 1.089930993491704 32356.74344415529 0.023809523809523808 t_swap_k 100 3518.205603122711 31.01010497695408 80.61127951906082 76.66584379759526 57.64558876935948 67.70465132126412 86.98078594638596 81.4995008442102
0.973947940869115 26041.09376841501 0.020833333333333332 1.089930993491704 32356.74344415529 0.023809523809523808 f_swap_t 100 3520.128493785858 31.01010497695408 80.61127951906082 76.66584379759526 58.06913288166588 67.70465132126412 86.98078594638596 81.4995008442102
0.973947940869115 26041.09376841501 0.020833333333333332 1.089930993491704 32356.74344415529 0.023809523809523808 swap_t 100 3521.184949874878 31.01010497695408 80.61127951906082 76.66584379759526 58.06913288166588 68.02760480805148 86.98078594638596 81.4995008442102
0.973947940869115 26041.09376841501 0.020833333333333332 1.089930993491704 32356.74344415529 0.023809523809523808 t_swap_r_k 100 3524.4222600460052 31.01010497695408 80.61127951906082 76.66584379759526 58.06913288166588 68.02760480805148 87.15097808692211 81.4995008442102
0.973947940869115 26041.09376841501 0.020833333333333332 1.089930993491704 32356.74344415529 0.023809523809523808 swap_t 100 3525.522697687149 31.01010497695408 80.61127951906082 76.66584379759526 58.06913288166588 68.34732875997096 87.15097808692211 81.4995008442102
0.973947940869115 26041.09376841501 0.020833333333333332 1.089930993491704 32356.74344415529 0.023809523809523808 t_swap_r_k 100 3528.442893266678 31.01010497695408 80.61127951906082 76.66584379759526 58.06913288166588 68.34732875997096 87.31946830605288 81.4995008442102
0.973947940869115 26041.09376841501 0.020833333333333332 1.0873579860509133 32218.409786018397 0.023809523809523808 t_multiswap_k 100 3529.783149957657 31.01010497695408 80.61127951906082 76.66584379759526 58.06913288166588 68.34732875997096 87.31946830605288 81.7445058357681
0.973947940869115 26041.09376841501 0.020833333333333332 1.1206125111861673 34006.286509045254 0.023809523809523808 t_multiswap_k 100 3530.8783242702484 31.01010497695408 80.61127951906082 76.66584379759526 58.06913288166588 68.34732875997096 87.31946830605288 82.00706077741042
0.973947940869115 26041.09376841501 0.020833333333333332 1.1102499428158772 33449.15948032774 0.023809523809523808 t_swap_r_k 100 3534.9936406612396 31.01010497695408 80.61127951906082 76.66584379759526 58.06913288166588 68.34732875997096 87.48627362299236 82.00706077741042
0.973947940869115 26041.09376841501 0.020833333333333332 1.1039770024930677 33111.90480769378 0.023809523809523808 f_swap_t 100 3536.8589074611664 31.01010497695408 80.61127951906082 76.66584379759526 58.54844155284922 68.34732875997096 87.48627362299236 82.00706077741042
0.973947940869115 26041.09376841501 0.020833333333333332 1.1026640062371482 33041.31364953314 0.023809523809523808 move_t 100 3537.7172956466675 31.01010497695408 80.84516672387021 76.66584379759526 58.54844155284922 68.34732875997096 87.48627362299236 82.00706077741042
0.973947940869115 26041.09376841501 0.020833333333333332 1.0946692871087422 32611.490274257772 0.023809523809523808 move_t 100 3538.9416711330414 31.01010497695408 81.06671505663151 76.66584379759526 58.54844155284922 68.34732875997096 87.48627362299236 82.00706077741042
0.973947940869115 26041.09376841501 0.020833333333333332 1.090345212262849 32379.013258448485 0.023809523809523808 t_swap_k 100 3540.078849554062 31.01010497695408 81.06671505663151 76.9691853596193 58.54844155284922 68.34732875997096 87.48627362299236 82.00706077741042
0.973947940869115 26041.09376841501 0.020833333333333332 1.0997624827536152 32885.317848167 0.023809523809523808 t_multiswap_k 100 3540.759392261505 31.01010497695408 81.06671505663151 76.9691853596193 58.54844155284922 68.34732875997096 87.48627362299236 82.19699016963631
0.973947940869115 26041.09376841501 0.020833333333333332 1.095655433080001 32664.50884602655 0.023809523809523808 t_swap_k 100 3542.0110993385315 31.01010497695408 81.06671505663151 77.1994935060231 58.54844155284922 68.34732875997096 87.48627362299236 82.19699016963631
0.973947940869115 26041.09376841501 0.020833333333333332 1.0915654164432722 32444.615598059292 0.023809523809523808 t_swap_k 100 3544.954839706421 31.01010497695408 81.06671505663151 77.45749857096287 58.54844155284922 68.34732875997096 87.48627362299236 82.19699016963631
0.973947940869115 26041.09376841501 0.020833333333333332 1.106356457622383 33239.83243323909 0.023809523809523808 t_swap_k 100 3546.2618260383606 31.01010497695408 81.06671505663151 77.75292358525324 58.54844155284922 68.34732875997096 87.48627362299236 82.19699016963631
0.973947940869115 26041.09376841501 0.020833333333333332 1.0971760420168784 32746.261970210766 0.023809523809523808 t_multiswap_k 100 3547.312570810318 31.01010497695408 81.06671505663151 77.75292358525324 58.54844155284922 68.34732875997096 87.48627362299236 82.40502026793995
0.973947940869115 26041.09376841501 0.020833333333333332 1.0939399964272973 32572.281119161653 0.023809523809523808 swap_t 100 3548.362755537033 31.01010497695408 81.06671505663151 77.75292358525324 58.54844155284922 68.72385547237126 87.48627362299236 82.40502026793995
0.973947940869115 26041.09376841501 0.020833333333333332 1.0985396879183535 32819.576226113764 0.023809523809523808 f_swap_t 100 3550.0724074840546 31.01010497695408 81.06671505663151 77.75292358525324 59.06295713732073 68.72385547237126 87.48627362299236 82.40502026793995
0.973947940869115 26041.09376841501 0.020833333333333332 1.0985396879183535 32819.576226113764 0.023809523809523808 swap_t 100 3551.0836992263794 31.01010497695408 81.06671505663151 77.75292358525324 59.06295713732073 69.03661691764755 87.48627362299236 82.40502026793995
0.973947940869115 26041.09376841501 0.020833333333333332 1.0985396879183535 32819.576226113764 0.023809523809523808 t_swap_r_k 100 3553.6068530082703 31.01010497695408 81.06671505663151 77.75292358525324 59.06295713732073 69.03661691764755 87.65141088676243 82.40502026793995
0.973947940869115 26041.09376841501 0.020833333333333332 1.0965621501568215 32713.257049449236 0.023809523809523808 t_move_k 100 3554.45911693573 31.730003927184537 81.06671505663151 77.75292358525324 59.06295713732073 69.03661691764755 87.65141088676243 82.40502026793995
0.973947940869115 26041.09376841501 0.020833333333333332 1.0853753559019332 32111.816825231388 0.023809523809523808 f_swap_t 100 3557.505599498749 31.730003927184537 81.06671505663151 77.75292358525324 59.532327565947526 69.03661691764755 87.65141088676243 82.40502026793995
0.973947940869115 26041.09376841501 0.020833333333333332 1.0881609234920644 32261.578442170972 0.023809523809523808 move_t 100 3558.191246509552 31.730003927184537 81.2660479060652 77.75292358525324 59.532327565947526 69.03661691764755 87.65141088676243 82.40502026793995
0.973947940869115 26041.09376841501 0.020833333333333332 1.0870858025339623 32203.77627156077 0.023809523809523808 t_swap_r_k 100 3561.462764978409 31.730003927184537 81.2660479060652 77.75292358525324 59.532327565947526 69.03661691764755 87.81489677789482 82.40502026793995
0.973947940869115 26041.09376841501 0.020833333333333332 1.0870858025339623 32203.77627156077 0.023809523809523808 t_swap_k 100 3562.80304646492 31.730003927184537 81.2660479060652 77.97539434940072 59.532327565947526 69.03661691764755 87.81489677789482 82.40502026793995
0.973947940869115 26041.09376841501 0.020833333333333332 1.0981081577117058 32796.37568998791 0.023809523809523808 t_swap_k 100 3564.3692996501923 31.730003927184537 81.2660479060652 78.2556404059067 59.532327565947526 69.03661691764755 87.81489677789482 82.40502026793995
0.973947940869115 26041.09376841501 0.020833333333333332 1.0910857987178115 32418.829712865776 0.023809523809523808 t_multiswap_k 100 3565.4250106811523 31.730003927184537 81.2660479060652 78.2556404059067 59.532327565947526 69.03661691764755 87.81489677789482 82.61097006526055
0.973947940869115 26041.09376841501 0.020833333333333332 1.0917899253775454 32456.68596430466 0.023809523809523808 t_multiswap_k 100 3568.1103706359863 31.730003927184537 81.2660479060652 78.2556404059067 59.532327565947526 69.03661691764755 87.81489677789482 82.85486036460794
0.973947940869115 26041.09376841501 0.020833333333333332 1.0907466446779046 32400.595634616166 0.023809523809523808 t_swap_r_k 100 3570.564474105835 31.730003927184537 81.2660479060652 78.2556404059067 59.532327565947526 69.03661691764755 87.97674781011587 82.85486036460794
0.973947940869115 26041.09376841501 0.020833333333333332 1.0907466446779046 32400.595634616166 0.023809523809523808 t_swap_r_k 100 3573.293426513672 31.730003927184537 81.2660479060652 78.2556404059067 59.532327565947526 69.03661691764755 88.13698033201472 82.85486036460794
0.973947940869115 26041.09376841501 0.020833333333333332 1.0903229997879487 32377.819040017355 0.023809523809523808 t_swap_k 100 3574.4618649482727 31.730003927184537 81.2660479060652 78.50308400184764 59.532327565947526 69.03661691764755 88.13698033201472 82.85486036460794
0.973947940869115 26041.09376841501 0.020833333333333332 1.088825538188587 32297.310395667864 0.023809523809523808 t_swap_r_k 100 3578.420103788376 31.730003927184537 81.2660479060652 78.50308400184764 59.532327565947526 69.03661691764755 88.29561052869457 82.85486036460794
0.973947940869115 26041.09376841501 0.020833333333333332 1.088825538188587 32297.310395667864 0.023809523809523808 t_swap_k 100 3579.972469806671 31.730003927184537 81.2660479060652 78.71805316182916 59.532327565947526 69.03661691764755 88.29561052869457 82.85486036460794
0.973947940869115 26041.09376841501 0.020833333333333332 1.0887300708668908 32292.17774675539 0.023809523809523808 t_multiswap_k 100 3581.157551050186 31.730003927184537 81.2660479060652 78.71805316182916 59.532327565947526 69.03661691764755 88.29561052869457 83.05631176096186
0.973947940869115 26041.09376841501 0.020833333333333332 1.0886466461977364 32287.6925519285 0.023809523809523808 t_move_k 100 3582.17302274704 32.41270388791269 81.2660479060652 78.71805316182916 59.532327565947526 69.03661691764755 88.29561052869457 83.05631176096186
0.973947940869115 26041.09376841501 0.020833333333333332 1.0880504617162154 32156.65394510101 0.023809523809523808 swap_t 100 3583.1005795001984 32.41270388791269 81.2660479060652 78.71805316182916 59.532327565947526 69.40625074847108 88.29561052869457 83.05631176096186
0.973947940869115 26041.09376841501 0.020833333333333332 1.0862093267851003 32156.65394510101 0.023809523809523808 t_swap_r_k 100 3586.0596182346344 32.41270388791269 81.2660479060652 78.71805316182916 59.532327565947526 69.40625074847108 88.48265442340762 83.05631176096186
0.973947940869115 26041.09376841501 0.020833333333333332 1.0862093267851003 32156.65394510101 0.023809523809523808 f_swap_t 100 3587.5813040733337 32.41270388791269 81.2660479060652 78.71805316182916 59.93700429028805 69.40625074847108 88.48265442340762 83.05631176096186
0.973947940869115 26041.09376841501 0.020833333333333332 1.0862093267851003 32156.65394510101 0.023809523809523808 swap_t 100 3588.6079704761505 32.41270388791269 81.2660479060652 78.71805316182916 59.93700429028805 69.71218824098636 88.48265442340762 83.05631176096186
0.973947940869115 26041.09376841501 0.020833333333333332 1.0862093267851003 32156.65394510101 0.023809523809523808 t_swap_r_k 100 3592.6245958805084 32.41270388791269 81.2660479060652 78.71805316182916 59.93700429028805 69.71218824098636 88.63782787917354 83.05631176096186
0.973947940869115 26041.09376841501 0.020833333333333332 1.1013186265617314 32968.98144826044 0.023809523809523808 t_multiswap_k 100 3593.6867966651917 32.41270388791269 81.2660479060652 78.71805316182916 59.93700429028805 69.71218824098636 88.63782787917354 83.23574864335224
0.973947940869115 26041.09376841501 0.020833333333333332 1.1103777255546976 33562.702952063824 0.027777777777777776 t_move_k 100 3594.424829483032 33.16857684903356 81.2660479060652 78.71805316182916 59.93700429028805 69.71218824098636 88.63782787917354 83.23574864335224
0.973947940869115 26041.09376841501 0.020833333333333332 1.1072792922849655 33289.4471730594 0.023809523809523808 f_swap_t 100 3596.2872586250305 33.16857684903356 81.2660479060652 78.71805316182916 60.33763424738517 69.71218824098636 88.63782787917354 83.23574864335224
0.973947940869115 26041.09376841501 0.020833333333333332 1.0973860886466504 32864.22822937743 0.027777777777777776 t_swap_k 100 3597.860574245453 33.16857684903356 81.2660479060652 79.05087263021088 60.33763424738517 69.71218824098636 88.63782787917354 83.23574864335224
0.973947940869115 26041.09376841501 0.020833333333333332 1.0923282644951273 32592.302347624736 0.027777777777777776 f_swap_t 100 3599.438059568405 33.16857684903356 81.2660479060652 79.05087263021088 60.79425790491132 69.71218824098636 88.63782787917354 83.23574864335224
0.973947940869115 26041.09376841501 0.020833333333333332 1.087099195791108 32311.169774508748 0.027777777777777776 move_t 100 3600.3069336414337 33.16857684903356 81.51338742700455 79.05087263021088 60.79425790491132 69.71218824098636 88.63782787917354 83.23574864335224
0.973947940869115 26041.09376841501 0.020833333333333332 1.0831628066795755 32099.53606641456 0.027777777777777776 t_multiswap_k 100 3601.0851662158966 33.16857684903356 81.51338742700455 79.05087263021088 60.79425790491132 69.71218824098636 88.63782787917354 83.46339115691872
0.973947940869115 26041.09376841501 0.020833333333333332 1.0799065965418666 31924.471100464336 0.027777777777777776 move_t 100 3601.8322415351868 33.16857684903356 81.6982535527345 79.05087263021088 60.79425790491132 69.71218824098636 88.63782787917354 83.46339115691872
0.973947940869115 26041.09376841501 0.020833333333333332 1.0842561443754877 32158.31763099798 0.027777777777777776 t_swap_k 100 3602.895665884018 33.16857684903356 81.6982535527345 79.30036390390876 60.79425790491132 69.71218824098636 88.63782787917354 83.46339115691872
0.973947940869115 26041.09376841501 0.020833333333333332 1.0805175969781522 31957.320568419495 0.027777777777777776 t_swap_r_k 100 3605.4486684799194 33.16857684903356 81.6982535527345 79.30036390390876 60.79425790491132 69.71218824098636 88.79144960038181 83.46339115691872