29
6 102 6 20

Solution history:
B_obj   B_dis   B_sim   C_obj   C_dis   C_sim   neighbor   iterations   time   scores
0.9830236065469387 25968.996980270927 0.0 0.9830236065469387 25968.996980270927 0.0 0 0 0 3.0 3.0 3.0 3.0 3.0 3.0 3.0
0.9830236065469387 25968.996980270927 0.0 0.9830236065469387 25968.996980270927 0.0 f_swap_t 100 69.62707877159119 3.0 3.0 3.0 3.9699999999999998 3.0 3.0 3.0
0.9830235875925853 25968.995961220233 0.0 0.9830235875925853 25968.995961220233 0.0 swap_t 100 88.22817945480347 3.0 3.0 3.0 3.9699999999999998 3.9699999999999998 3.0 3.0
0.9830235875925853 25968.995961220233 0.0 0.9830235875925853 25968.995961220233 0.0 swap_t 100 116.56387186050415 3.0 3.0 3.0 3.9699999999999998 4.9303 3.0 3.0
0.9830235875925853 25968.995961220233 0.0 0.9830235875925853 25968.995961220233 0.0 t_move_k 100 141.0898838043213 3.9699999999999998 3.0 3.0 3.9699999999999998 4.9303 3.0 3.0
0.9830235875925853 25968.995961220233 0.0 0.9830235875925853 25968.995961220233 0.0 t_swap_r_k 100 177.2414906024933 3.9699999999999998 3.0 3.0 3.9699999999999998 4.9303 4.01 3.0
0.9830235875925853 25968.995961220233 0.0 0.9830235875925853 25968.995961220233 0.0 t_multiswap_k 100 198.2525177001953 3.9699999999999998 3.0 3.0 3.9699999999999998 4.9303 4.01 3.9699999999999998
0.9830235875925853 25968.995961220233 0.0 0.9830235875925853 25968.995961220233 0.0 t_swap_r_k 100 230.42112922668457 3.9699999999999998 3.0 3.0 3.9699999999999998 4.9303 5.0099 3.9699999999999998
0.9788279737831435 26303.46098668411 0.020833333333333332 0.9788279737831435 26303.46098668411 0.020833333333333332 t_swap_k 84 247.93475198745728 3.9699999999999998 3.0 4.059523809523809 3.9699999999999998 4.9303 5.0099 3.9699999999999998
0.9788279737831435 26303.46098668411 0.020833333333333332 0.9788279737831435 26303.46098668411 0.020833333333333332 f_swap_t 100 291.85559582710266 3.9699999999999998 3.0 4.059523809523809 4.9303 4.9303 5.0099 3.9699999999999998
0.9788279737831435 26303.46098668411 0.020833333333333332 0.9788279737831435 26303.46098668411 0.020833333333333332 t_swap_k 100 316.80260181427 3.9699999999999998 3.0 5.018928571428571 4.9303 4.9303 5.0099 3.9699999999999998
0.9788279737831435 26303.46098668411 0.020833333333333332 0.9788279737831435 26303.46098668411 0.020833333333333332 t_move_k 100 332.9898691177368 4.9303 3.0 5.018928571428571 4.9303 4.9303 5.0099 3.9699999999999998
0.9777668130640987 26246.40936615265 0.020833333333333332 0.9777668130640987 26246.40936615265 0.020833333333333332 t_multiswap_k 7 337.84271240234375 4.9303 3.0 5.018928571428571 4.9303 4.9303 5.0099 5.402857142857143
0.9774539296830547 26229.587688148964 0.020833333333333332 0.9774539296830547 26229.587688148964 0.020833333333333332 move_t 100 358.44808745384216 4.9303 3.9699999999999998 5.018928571428571 4.9303 4.9303 5.0099 5.402857142857143
0.9774539296830547 26229.587688148964 0.020833333333333332 0.9841256195966707 26588.280499166187 0.020833333333333332 f_swap_t 100 395.11110067367554 4.9303 3.9699999999999998 5.018928571428571 5.890997 4.9303 5.0099 5.402857142857143
0.9774539296830547 26229.587688148964 0.020833333333333332 0.9895268708428903 26878.670193172024 0.020833333333333332 f_swap_t 100 436.3702883720398 4.9303 3.9699999999999998 5.018928571428571 6.84208703 4.9303 5.0099 5.402857142857143
0.9774539296830547 26229.587688148964 0.020833333333333332 0.9882159279806162 26808.189432459152 0.020833333333333332 f_swap_t 100 453.9037322998047 4.9303 3.9699999999999998 5.018928571428571 7.7736661597 4.9303 5.0099 5.402857142857143
0.9774539296830547 26229.587688148964 0.020833333333333332 0.9879743075257773 26795.19909249018 0.020833333333333332 t_swap_r_k 100 502.3975896835327 4.9303 3.9699999999999998 5.018928571428571 7.7736661597 4.9303 5.999801 5.402857142857143
0.9774539296830547 26229.587688148964 0.020833333333333332 0.9879743075257773 26795.19909249018 0.020833333333333332 t_swap_r_k 100 538.4769852161407 4.9303 3.9699999999999998 5.018928571428571 7.7736661597 4.9303 6.97980299 5.402857142857143
0.9774539296830547 26229.587688148964 0.020833333333333332 0.9875753617437916 26773.75040619979 0.020833333333333332 f_swap_t 100 573.7032101154327 4.9303 3.9699999999999998 5.018928571428571 8.755929498103 4.9303 6.97980299 5.402857142857143
0.9774539296830547 26229.587688148964 0.020833333333333332 0.9868924779211805 26737.03624215709 0.020833333333333332 f_swap_t 100 602.2735722064972 4.9303 3.9699999999999998 5.018928571428571 9.72837020312197 4.9303 6.97980299 5.402857142857143
0.9774539296830547 26229.587688148964 0.020833333333333332 0.9868924779211805 26737.03624215709 0.020833333333333332 t_swap_r_k 100 645.3811674118042 4.9303 3.9699999999999998 5.018928571428571 9.72837020312197 4.9303 7.950004960099999 5.402857142857143
0.9774539296830547 26229.587688148964 0.020833333333333332 0.9868924779211805 26737.03624215709 0.020833333333333332 t_swap_k 100 673.078994512558 4.9303 3.9699999999999998 5.968739285714285 9.72837020312197 4.9303 7.950004960099999 5.402857142857143
0.9774539296830547 26229.587688148964 0.020833333333333332 0.9868924779211805 26737.03624215709 0.020833333333333332 t_multiswap_k 100 698.1845841407776 4.9303 3.9699999999999998 5.968739285714285 9.72837020312197 4.9303 7.950004960099999 6.348828571428571
0.9774539296830547 26229.587688148964 0.020833333333333332 0.9868924779211805 26737.03624215709 0.020833333333333332 t_swap_r_k 100 738.8014023303986 4.9303 3.9699999999999998 5.968739285714285 9.72837020312197 4.9303 8.910504910499 6.348828571428571
0.9774539296830547 26229.587688148964 0.020833333333333332 0.9958209911344706 27217.063573185074 0.020833333333333332 t_swap_k 100 777.439222574234 4.9303 3.9699999999999998 6.9190518928571425 9.72837020312197 4.9303 8.910504910499 6.348828571428571
0.9774539296830547 26229.587688148964 0.020833333333333332 0.9887644466257193 26837.67966615629 0.020833333333333332 f_swap_t 100 826.0624527931213 4.9303 3.9699999999999998 6.9190518928571425 10.66108650109075 4.9303 8.910504910499 6.348828571428571
0.9774539296830547 26229.587688148964 0.020833333333333332 0.9907910063540446 26946.634430999868 0.020833333333333332 f_swap_t 100 852.9920890331268 4.9303 3.9699999999999998 6.9190518928571425 11.594475636079842 4.9303 8.910504910499 6.348828571428571
0.9774539296830547 26229.587688148964 0.020833333333333332 0.9934628112903139 27090.27977955305 0.020833333333333332 move_t 100 876.3150260448456 4.9303 5.0302999999999995 6.9190518928571425 11.594475636079842 4.9303 8.910504910499 6.348828571428571
0.9774539296830547 26229.587688148964 0.020833333333333332 0.9897724511489969 26891.873428254647 0.020833333333333332 t_multiswap_k 100 899.9705138206482 4.9303 5.0302999999999995 6.9190518928571425 11.594475636079842 4.9303 8.910504910499 7.315340285714285
0.9774539296830547 26229.587688148964 0.020833333333333332 1.0016164891819908 27528.649320248533 0.020833333333333332 f_swap_t 100 934.5074536800385 4.9303 5.0302999999999995 6.9190518928571425 12.488530879719043 4.9303 8.910504910499 7.315340285714285
0.9774539296830547 26229.587688148964 0.020833333333333332 0.9944400152145849 27142.817596368925 0.020833333333333332 swap_t 100 946.9425830841064 4.9303 5.0302999999999995 6.9190518928571425 12.488530879719043 5.880997 8.910504910499 7.315340285714285
0.9774539296830547 26229.587688148964 0.020833333333333332 0.9893592556766893 26869.65862999804 0.020833333333333332 t_multiswap_k 100 976.0769124031067 4.9303 5.0302999999999995 6.9190518928571425 12.488530879719043 5.880997 8.910504910499 8.332186882857142
0.9774539296830547 26229.587688148964 0.020833333333333332 0.987954594104479 26794.13923170651 0.020833333333333332 t_swap_k 100 993.0831038951874 4.9303 5.0302999999999995 7.849861373928571 12.488530879719043 5.880997 8.910504910499 8.332186882857142
0.9774539296830547 26229.587688148964 0.020833333333333332 0.987954594104479 26794.13923170651 0.020833333333333332 t_multiswap_k 100 1010.1906032562256 4.9303 5.0302999999999995 7.849861373928571 12.488530879719043 5.880997 8.910504910499 9.24886501402857
0.9774539296830547 26229.587688148964 0.020833333333333332 0.987954594104479 26794.13923170651 0.020833333333333332 t_multiswap_k 100 1037.0578725337982 4.9303 5.0302999999999995 7.849861373928571 12.488530879719043 5.880997 8.910504910499 10.156376363888285
0.9774539296830547 26229.587688148964 0.020833333333333332 0.987954594104479 26794.13923170651 0.020833333333333332 t_swap_r_k 100 1086.2462084293365 4.9303 5.0302999999999995 7.849861373928571 12.488530879719043 5.880997 9.86139986139401 10.156376363888285
0.9774539296830547 26229.587688148964 0.020833333333333332 0.9874565460518533 26767.362469247364 0.020833333333333332 t_move_k 100 1094.0503060817719 5.910997 5.0302999999999995 7.849861373928571 12.488530879719043 5.880997 9.86139986139401 10.156376363888285
0.9774539296830547 26229.587688148964 0.020833333333333332 0.9874565460518533 26767.362469247364 0.020833333333333332 f_swap_t 100 1104.7821855545044 5.910997 5.0302999999999995 7.849861373928571 13.363645570921854 5.880997 9.86139986139401 10.156376363888285
0.9774539296830547 26229.587688148964 0.020833333333333332 0.9874565460518533 26767.362469247364 0.020833333333333332 t_multiswap_k 100 1108.9002630710602 5.910997 5.0302999999999995 7.849861373928571 13.363645570921854 5.880997 9.86139986139401 11.054812600249402
0.9774539296830547 26229.587688148964 0.020833333333333332 1.0212311678835895 28023.165827355173 0.0 t_swap_k 100 1117.6613829135895 5.910997 5.0302999999999995 8.891362760189285 13.363645570921854 5.880997 9.86139986139401 11.054812600249402
0.9774539296830547 26229.587688148964 0.020833333333333332 1.0181111791564585 27855.42458917313 0.0 t_swap_r_k 100 1128.6090593338013 5.910997 5.0302999999999995 8.891362760189285 13.363645570921854 5.880997 10.802785862780071 11.054812600249402
0.9774539296830547 26229.587688148964 0.020833333333333332 1.017964529453493 27847.54020082885 0.0 f_swap_t 100 1140.7465326786041 5.910997 5.0302999999999995 8.891362760189285 14.260009115212636 5.880997 10.802785862780071 11.054812600249402
0.9774539296830547 26229.587688148964 0.020833333333333332 1.017964529453493 27847.54020082885 0.0 f_swap_t 100 1146.2675268650055 5.910997 5.0302999999999995 8.891362760189285 15.11740902406051 5.880997 10.802785862780071 11.054812600249402
0.9774539296830547 26229.587688148964 0.020833333333333332 1.017964529453493 27847.54020082885 0.0 f_swap_t 100 1152.8936896324158 5.910997 5.0302999999999995 8.891362760189285 15.966234933819905 5.880997 10.802785862780071 11.054812600249402
0.9774539296830547 26229.587688148964 0.020833333333333332 1.0174502395417115 27819.89022061047 0.0 t_swap_k 100 1166.3483910560608 5.910997 5.0302999999999995 9.832449132587392 15.966234933819905 5.880997 10.802785862780071 11.054812600249402
0.9774539296830547 26229.587688148964 0.020833333333333332 1.0380479175472919 28927.29166161132 0.0 f_swap_t 100 1183.6668691635132 5.910997 5.0302999999999995 9.832449132587392 16.816572584481705 5.880997 10.802785862780071 11.054812600249402
0.9774539296830547 26229.587688148964 0.020833333333333332 1.0339265145835976 28705.71097762821 0.0 f_swap_t 100 1197.5377435684204 5.910997 5.0302999999999995 9.832449132587392 17.64840685863689 5.880997 10.802785862780071 11.054812600249402
0.9774539296830547 26229.587688148964 0.020833333333333332 1.0491709326881615 29525.302903069514 0.0 t_multiswap_k 100 1199.7776758670807 5.910997 5.0302999999999995 9.832449132587392 17.64840685863689 5.880997 10.802785862780071 11.964264474246908
0.9774539296830547 26229.587688148964 0.020833333333333332 1.0449573434527275 29796.575337451937 0.018518518518518517 t_move_k 100 1205.4831895828247 6.921887030000001 5.0302999999999995 9.832449132587392 17.64840685863689 5.880997 10.802785862780071 11.964264474246908
0.9774539296830547 26229.587688148964 0.020833333333333332 1.0431464333152887 29699.214630328563 0.018518518518518517 t_swap_k 100 1209.4231345653534 6.921887030000001 5.0302999999999995 10.774124641261519 17.64840685863689 5.880997 10.802785862780071 11.964264474246908
0.9774539296830547 26229.587688148964 0.020833333333333332 1.0397660604081758 29579.700421154008 0.020833333333333332 t_swap_r_k 100 1215.2670857906342 6.921887030000001 5.0302999999999995 10.774124641261519 17.64840685863689 5.880997 11.76475800415227 11.964264474246908
0.9774539296830547 26229.587688148964 0.020833333333333332 1.0341763324843856 29279.177577951436 0.020833333333333332 t_swap_k 100 1219.837198972702 6.921887030000001 5.0302999999999995 11.756383394848903 17.64840685863689 5.880997 11.76475800415227 11.964264474246908
0.9774539296830547 26229.587688148964 0.020833333333333332 1.0331279412837797 29222.81249029598 0.020833333333333332 t_swap_k 100 1227.099095582962 6.921887030000001 5.0302999999999995 12.638819560900414 17.64840685863689 5.880997 11.76475800415227 11.964264474246908
0.9774539296830547 26229.587688148964 0.020833333333333332 1.032376413730586 29182.407805110928 0.020833333333333332 swap_t 100 1234.0126621723175 6.921887030000001 5.0302999999999995 12.638819560900414 17.64840685863689 6.82218703 11.76475800415227 11.964264474246908
0.9774539296830547 26229.587688148964 0.020833333333333332 1.0322488524651618 29175.549676291335 0.020833333333333332 t_move_k 100 1239.1837246418 7.8526681597 5.0302999999999995 12.638819560900414 17.64840685863689 6.82218703 11.76475800415227 11.964264474246908
0.9774539296830547 26229.587688148964 0.020833333333333332 1.0320591845043583 29165.352479643803 0.020833333333333332 f_swap_t 100 1245.7802844047546 7.8526681597 5.0302999999999995 12.638819560900414 18.50192279005052 6.82218703 11.76475800415227 11.964264474246908
0.9774539296830547 26229.587688148964 0.020833333333333332 1.0320591845043583 29165.352479643803 0.020833333333333332 t_swap_k 100 1249.829080581665 7.8526681597 5.0302999999999995 13.512431365291409 18.50192279005052 6.82218703 11.76475800415227 11.964264474246908
0.9774539296830547 26229.587688148964 0.020833333333333332 1.0333971772948602 29237.287536782245 0.020833333333333332 swap_t 100 1254.2627928256989 7.8526681597 5.0302999999999995 13.512431365291409 18.50192279005052 7.763965159700001 11.76475800415227 11.964264474246908
0.9774539296830547 26229.587688148964 0.020833333333333332 1.036939489662953 29427.734334709574 0.020833333333333332 t_swap_k 100 1260.2057967185974 7.8526681597 5.0302999999999995 14.447307051638495 18.50192279005052 7.763965159700001 11.76475800415227 11.964264474246908
0.9774539296830547 26229.587688148964 0.020833333333333332 1.036354715676615 29396.294890178255 0.020833333333333332 t_swap_r_k 100 1268.9127128124237 7.8526681597 5.0302999999999995 14.447307051638495 18.50192279005052 7.763965159700001 12.687110424110747 11.964264474246908
0.9774539296830547 26229.587688148964 0.020833333333333332 1.1167172641240093 33156.82412337959 0.0 f_swap_t 100 1280.7326867580414 7.8526681597 5.0302999999999995 14.447307051638495 19.466903562150016 7.763965159700001 12.687110424110747 11.964264474246908
0.9774539296830547 26229.587688148964 0.020833333333333332 1.0953884090776287 32570.147647861617 0.020833333333333332 f_swap_t 100 1288.1866257190704 7.8526681597 5.0302999999999995 14.447307051638495 20.302234526528515 7.763965159700001 12.687110424110747 11.964264474246908
0.9774539296830547 26229.587688148964 0.020833333333333332 1.0953884090776287 32570.147647861617 0.020833333333333332 f_swap_t 100 1302.6089627742767 7.8526681597 5.0302999999999995 14.447307051638495 21.09921218126323 7.763965159700001 12.687110424110747 11.964264474246908
0.9774539296830547 26229.587688148964 0.020833333333333332 1.0953884090776287 32570.147647861617 0.020833333333333332 f_swap_t 100 1310.5261707305908 7.8526681597 5.0302999999999995 14.447307051638495 21.888220059450596 7.763965159700001 12.687110424110747 11.964264474246908
0.9774539296830547 26229.587688148964 0.020833333333333332 1.0933636704599359 32461.290792138578 0.020833333333333332 t_multiswap_k 100 1312.3610861301422 7.8526681597 5.0302999999999995 14.447307051638495 21.888220059450596 7.763965159700001 12.687110424110747 12.904621829504439
0.9774539296830547 26229.587688148964 0.020833333333333332 1.0878865985442925 32166.824720273315 0.020833333333333332 t_swap_k 100 1318.3128898143768 7.8526681597 5.0302999999999995 15.42283398112211 21.888220059450596 7.763965159700001 12.687110424110747 12.904621829504439
0.9774539296830547 26229.587688148964 0.020833333333333332 1.0822771887809743 31945.248791044145 0.023809523809523808 t_swap_k 100 1320.8947439193726 7.8526681597 5.0302999999999995 16.38860564131089 21.888220059450596 7.763965159700001 12.687110424110747 12.904621829504439
0.9774539296830547 26229.587688148964 0.020833333333333332 1.0815163410660875 31904.343022169636 0.023809523809523808 t_multiswap_k 100 1324.928558588028 7.8526681597 5.0302999999999995 16.38860564131089 21.888220059450596 7.763965159700001 12.687110424110747 13.805575611209395
0.9774539296830547 26229.587688148964 0.020833333333333332 1.0837006931479989 32021.78124226932 0.023809523809523808 t_swap_k 100 1331.2930705547333 7.8526681597 5.0302999999999995 17.24471958489778 21.888220059450596 7.763965159700001 12.687110424110747 13.805575611209395
0.9774539296830547 26229.587688148964 0.020833333333333332 1.0867857512790704 32187.644492437346 0.023809523809523808 f_swap_t 100 1336.594267129898 7.8526681597 5.0302999999999995 17.24471958489778 22.70933785885609 7.763965159700001 12.687110424110747 13.805575611209395
0.9774539296830547 26229.587688148964 0.020833333333333332 1.0762463309926833 31541.00422454582 0.020833333333333332 f_swap_t 100 1346.2882733345032 7.8526681597 5.0302999999999995 17.24471958489778 23.54224448026753 7.763965159700001 12.687110424110747 13.805575611209395
0.9774539296830547 26229.587688148964 0.020833333333333332 1.0630186177234846 30829.837231281428 0.020833333333333332 f_swap_t 100 1355.4502611160278 7.8526681597 5.0302999999999995 17.24471958489778 24.316822035464856 7.763965159700001 12.687110424110747 13.805575611209395
0.9774539296830547 26229.587688148964 0.020833333333333332 1.0602929936048422 30683.298379873344 0.020833333333333332 t_move_k 100 1360.0026354789734 8.804141478103 5.0302999999999995 17.24471958489778 24.316822035464856 7.763965159700001 12.687110424110747 13.805575611209395
0.9774539296830547 26229.587688148964 0.020833333333333332 1.0595677252832358 30644.305480564904 0.020833333333333332 t_swap_k 100 1366.5638008117676 8.804141478103 5.0302999999999995 18.072272389048802 24.316822035464856 7.763965159700001 12.687110424110747 13.805575611209395
0.9774539296830547 26229.587688148964 0.020833333333333332 1.0834685139022897 31929.29341709962 0.020833333333333332 t_swap_k 100 1374.7759265899658 8.804141478103 5.0302999999999995 18.971549665158314 24.316822035464856 7.763965159700001 12.687110424110747 13.805575611209395
0.9774539296830547 26229.587688148964 0.020833333333333332 1.0759372077843021 31524.384706252775 0.020833333333333332 move_t 100 1385.2238030433655 8.804141478103 5.979996999999999 18.971549665158314 24.316822035464856 7.763965159700001 12.687110424110747 13.805575611209395
0.9774539296830547 26229.587688148964 0.020833333333333332 1.0672935887232309 31059.674256798255 0.020833333333333332 t_multiswap_k 100 1392.2984511852264 8.804141478103 5.979996999999999 18.971549665158314 24.316822035464856 7.763965159700001 12.687110424110747 14.697519855097301
0.9774539296830547 26229.587688148964 0.020833333333333332 1.0796698763179862 31725.06570106492 0.020833333333333332 t_swap_k 100 1399.1124866008759 8.804141478103 5.979996999999999 19.83183416850673 24.316822035464856 7.763965159700001 12.687110424110747 14.697519855097301
0.9774539296830547 26229.587688148964 0.020833333333333332 1.0941637348652602 32504.304984083396 0.020833333333333332 f_swap_t 100 1407.3391616344452 8.804141478103 5.979996999999999 19.83183416850673 25.083653815110207 7.763965159700001 12.687110424110747 14.697519855097301
0.9774539296830547 26229.587688148964 0.020833333333333332 1.090578257502121 32311.53748875987 0.020833333333333332 t_swap_r_k 100 1416.9862849712372 8.804141478103 5.979996999999999 19.83183416850673 25.083653815110207 7.763965159700001 13.60023931986964 14.697519855097301
0.9774539296830547 26229.587688148964 0.020833333333333332 1.0830837190061144 31908.605530707824 0.020833333333333332 t_move_k 100 1425.7610883712769 9.83610006332197 5.979996999999999 19.83183416850673 25.083653815110207 7.763965159700001 13.60023931986964 14.697519855097301
0.9774539296830547 26229.587688148964 0.020833333333333332 1.0923280990026145 32405.614937618167 0.020833333333333332 move_t 100 1431.1051292419434 9.83610006332197 7.020197029999999 19.83183416850673 25.083653815110207 7.763965159700001 13.60023931986964 14.697519855097301
0.9774539296830547 26229.587688148964 0.020833333333333332 1.08860560085931 32205.480737690305 0.020833333333333332 t_move_k 100 1434.1049761772156 10.73773906268875 7.020197029999999 19.83183416850673 25.083653815110207 7.763965159700001 13.60023931986964 14.697519855097301
0.9774539296830547 26229.587688148964 0.020833333333333332 1.087700345394331 32156.811115506673 0.020833333333333332 f_swap_t 100 1440.6422426700592 10.73773906268875 7.020197029999999 19.83183416850673 25.862817276959106 7.763965159700001 13.60023931986964 14.697519855097301
0.9774539296830547 26229.587688148964 0.020833333333333332 1.0996131430897385 32797.28376153366 0.020833333333333332 t_swap_k 100 1445.770088672638 10.73773906268875 7.020197029999999 20.673515826821664 25.862817276959106 7.763965159700001 13.60023931986964 14.697519855097301
0.9774539296830547 26229.587688148964 0.020833333333333332 1.0946371464780442 32609.762284299868 0.023809523809523808 t_move_k 100 1447.8477125167847 11.690361672061861 7.020197029999999 20.673515826821664 25.862817276959106 7.763965159700001 13.60023931986964 14.697519855097301
0.9774539296830547 26229.587688148964 0.020833333333333332 1.0702095994953005 31296.454021034577 0.023809523809523808 t_swap_k 100 1459.2158863544464 11.690361672061861 7.020197029999999 21.58678066855345 25.862817276959106 7.763965159700001 13.60023931986964 14.697519855097301
0.9774539296830547 26229.587688148964 0.020833333333333332 1.0702095994953005 31296.454021034577 0.023809523809523808 move_t 100 1463.3796021938324 11.690361672061861 7.949995059699999 21.58678066855345 25.862817276959106 7.763965159700001 13.60023931986964 14.697519855097301
0.9774539296830547 26229.587688148964 0.020833333333333332 1.0679084995317774 31172.7390365202 0.023809523809523808 t_move_k 100 1468.056162595749 12.633458055341244 7.949995059699999 21.58678066855345 25.862817276959106 7.763965159700001 13.60023931986964 14.697519855097301
0.9774539296830547 26229.587688148964 0.020833333333333332 1.0679084995317774 31172.7390365202 0.023809523809523808 t_swap_r_k 100 1477.1406314373016 12.633458055341244 7.949995059699999 21.58678066855345 25.862817276959106 7.763965159700001 14.504236926670943 14.697519855097301
0.9774539296830547 26229.587688148964 0.020833333333333332 1.0679084995317774 31172.7390365202 0.023809523809523808 t_swap_r_k 100 1493.219373703003 12.633458055341244 7.949995059699999 21.58678066855345 25.862817276959106 7.763965159700001 15.399194557404234 14.697519855097301
0.9774539296830547 26229.587688148964 0.020833333333333332 1.0679084995317774 31172.7390365202 0.023809523809523808 t_swap_r_k 100 1500.4669389724731 12.633458055341244 7.949995059699999 21.58678066855345 25.862817276959106 7.763965159700001 16.285202611830194 14.697519855097301
0.9774539296830547 26229.587688148964 0.020833333333333332 1.0637990476162897 30951.800881661104 0.023809523809523808 f_swap_t 100 1505.7291357517242 12.633458055341244 7.949995059699999 21.58678066855345 26.634189104189517 7.763965159700001 16.285202611830194 14.697519855097301
0.9774539296830547 26229.587688148964 0.020833333333333332 1.0637990476162897 30951.800881661104 0.023809523809523808 t_swap_r_k 100 1520.6297097206116 12.633458055341244 7.949995059699999 21.58678066855345 26.634189104189517 7.763965159700001 17.16235058571189 14.697519855097301
0.9774539296830547 26229.587688148964 0.020833333333333332 1.058086772092349 30644.689461388778 0.023809523809523808 t_swap_k 100 1527.139532327652 12.633458055341244 7.949995059699999 22.470912861867912 26.634189104189517 7.763965159700001 17.16235058571189 14.697519855097301
0.9774539296830547 26229.587688148964 0.020833333333333332 1.057331827843222 30604.101082973888 0.023809523809523808 t_multiswap_k 100 1535.2898507118225 12.633458055341244 7.949995059699999 22.470912861867912 26.634189104189517 7.763965159700001 17.16235058571189 15.580544656546328
0.9774539296830547 26229.587688148964 0.020833333333333332 1.0510200120428828 30184.751255226278 0.020833333333333332 t_multiswap_k 100 1539.3886921405792 12.633458055341244 7.949995059699999 22.470912861867912 26.634189104189517 7.763965159700001 17.16235058571189 16.534739209980867
0.9774539296830547 26229.587688148964 0.020833333333333332 1.0510200120428828 30184.751255226278 0.020833333333333332 t_swap_k 100 1545.3405702114105 12.633458055341244 7.949995059699999 23.24620373324923 26.634189104189517 7.763965159700001 17.16235058571189 16.534739209980867
0.9774539296830547 26229.587688148964 0.020833333333333332 1.0510200120428828 30184.751255226278 0.020833333333333332 swap_t 100 1550.8076784610748 12.633458055341244 7.949995059699999 23.24620373324923 26.634189104189517 8.686325508103 17.16235058571189 16.534739209980867
0.9774539296830547 26229.587688148964 0.020833333333333332 1.0510200120428828 30184.751255226278 0.020833333333333332 t_multiswap_k 100 1555.104876756668 12.633458055341244 7.949995059699999 23.24620373324923 26.634189104189517 8.686325508103 17.16235058571189 17.36939181788106
0.9774539296830547 26229.587688148964 0.020833333333333332 1.0536323488420247 30325.199393844894 0.020833333333333332 f_swap_t 100 1565.7916595935822 12.633458055341244 7.949995059699999 23.24620373324923 27.37784721314762 8.686325508103 17.16235058571189 17.36939181788106
0.9774539296830547 26229.587688148964 0.020833333333333332 1.049931253109883 30126.215860558015 0.020833333333333332 t_swap_k 100 1573.858547925949 12.633458055341244 7.949995059699999 24.10374169591674 27.37784721314762 8.686325508103 17.16235058571189 17.36939181788106
0.9774539296830547 26229.587688148964 0.020833333333333332 1.0480365777371254 30024.351648608874 0.020833333333333332 f_swap_t 100 1580.7384328842163 12.633458055341244 7.949995059699999 24.10374169591674 28.134068741016144 8.686325508103 17.16235058571189 17.36939181788106
0.9774539296830547 26229.587688148964 0.020833333333333332 1.0480365777371254 30024.351648608874 0.020833333333333332 t_swap_r_k 100 1585.6955106258392 12.633458055341244 7.949995059699999 24.10374169591674 28.134068741016144 8.686325508103 18.030727079854774 17.36939181788106
0.9774539296830547 26229.587688148964 0.020833333333333332 1.043583875155406 29784.959166892808 0.020833333333333332 f_swap_t 100 1595.2185599803925 12.633458055341244 7.949995059699999 24.10374169591674 28.882728053605984 8.686325508103 18.030727079854774 17.36939181788106
0.9774539296830547 26229.587688148964 0.020833333333333332 1.0423136190080529 29716.66586278164 0.020833333333333332 t_swap_r_k 100 1603.9992530345917 12.633458055341244 7.949995059699999 24.10374169591674 28.882728053605984 8.686325508103 18.890419809056226 17.36939181788106
0.9774539296830547 26229.587688148964 0.020833333333333332 1.0415213774394916 29674.07225322973 0.020833333333333332 t_swap_k 100 1612.984236240387 12.633458055341244 7.949995059699999 24.89270427895757 28.882728053605984 8.686325508103 18.890419809056226 17.36939181788106
0.9774539296830547 26229.587688148964 0.020833333333333332 1.061194863721032 30171.75045646307 0.0 f_swap_t 100 1621.211618900299 12.633458055341244 7.949995059699999 24.89270427895757 29.603900773069924 8.686325508103 18.890419809056226 17.36939181788106
0.9774539296830547 26229.587688148964 0.020833333333333332 1.0431916505409469 29763.8718334987 0.020833333333333332 t_multiswap_k 100 1623.8147931098938 12.633458055341244 7.949995059699999 24.89270427895757 29.603900773069924 8.686325508103 18.890419809056226 18.25569789970225
0.9774539296830547 26229.587688148964 0.020833333333333332 1.0394387972999588 29562.10563995937 0.020833333333333332 t_swap_r_k 100 1629.9803340435028 12.633458055341244 7.949995059699999 24.89270427895757 29.603900773069924 8.686325508103 19.741515610965664 18.25569789970225
0.9774539296830547 26229.587688148964 0.020833333333333332 1.0380301945184431 29486.37434880967 0.020833333333333332 swap_t 100 1634.789199590683 12.633458055341244 7.949995059699999 24.89270427895757 29.603900773069924 9.59946225302197 19.741515610965664 18.25569789970225
0.9774539296830547 26229.587688148964 0.020833333333333332 1.0380301945184431 29486.37434880967 0.020833333333333332 f_swap_t 100 1644.7120373249054 12.633458055341244 7.949995059699999 24.89270427895757 30.307861765339226 9.59946225302197 19.741515610965664 18.25569789970225
0.9774539296830547 26229.587688148964 0.020833333333333332 1.0380301945184431 29486.37434880967 0.020833333333333332 f_swap_t 100 1651.6762268543243 12.633458055341244 7.949995059699999 24.89270427895757 31.004783147685835 9.59946225302197 19.741515610965664 18.25569789970225
0.9774539296830547 26229.587688148964 0.020833333333333332 1.0380301945184431 29486.37434880967 0.020833333333333332 swap_t 100 1661.4577734470367 12.633458055341244 7.949995059699999 24.89270427895757 31.004783147685835 10.50346763049175 19.741515610965664 18.25569789970225
0.9774539296830547 26229.587688148964 0.020833333333333332 1.0611139424312541 30727.435389545517 0.020833333333333332 t_multiswap_k 100 1662.9465789794922 12.633458055341244 7.949995059699999 24.89270427895757 31.004783147685835 10.50346763049175 19.741515610965664 19.123140920705225
0.9774539296830547 26229.587688148964 0.020833333333333332 1.0587550603050162 30600.613838832895 0.020833333333333332 move_t 100 1669.2364914417267 12.633458055341244 8.870495109102999 24.89270427895757 31.004783147685835 10.50346763049175 19.741515610965664 19.123140920705225
0.9774539296830547 26229.587688148964 0.020833333333333332 1.0581885090917686 30570.154112752054 0.020833333333333332 t_move_k 100 1670.835275888443 13.56712347478783 8.870495109102999 24.89270427895757 31.004783147685835 10.50346763049175 19.741515610965664 19.123140920705225
0.9774539296830547 26229.587688148964 0.020833333333333332 1.0542288536230358 30357.269525918837 0.020833333333333332 t_multiswap_k 100 1674.8306908607483 13.56712347478783 8.870495109102999 24.89270427895757 31.004783147685835 10.50346763049175 19.741515610965664 19.99190951149817
0.9774539296830547 26229.587688148964 0.020833333333333332 1.0536496246589548 30326.128200701554 0.020833333333333332 t_swap_r_k 100 1692.064578294754 13.56712347478783 8.870495109102999 24.89270427895757 31.004783147685835 10.50346763049175 20.584100454856006 19.99190951149817
0.9774539296830547 26229.587688148964 0.020833333333333332 1.0536496246589548 30326.128200701554 0.020833333333333332 t_multiswap_k 100 1697.1705386638641 13.56712347478783 8.870495109102999 24.89270427895757 31.004783147685835 10.50346763049175 20.584100454856006 20.79199041638319
0.9774539296830547 26229.587688148964 0.020833333333333332 1.0803205036705592 31200.01010953814 0.0 move_t 100 1701.6249430179596 13.56712347478783 9.791790158011969 24.89270427895757 31.004783147685835 10.50346763049175 20.584100454856006 20.79199041638319
0.9774539296830547 26229.587688148964 0.020833333333333332 1.0788252329973735 31119.61925685447 0.0 f_swap_t 100 1709.6687693595886 13.56712347478783 9.791790158011969 24.89270427895757 31.704735316208975 10.50346763049175 20.584100454856006 20.79199041638319
0.9774539296830547 26229.587688148964 0.020833333333333332 1.0776058910298911 31054.06327275292 0.0 t_multiswap_k 100 1711.0855708122253 13.56712347478783 9.791790158011969 24.89270427895757 31.704735316208975 10.50346763049175 20.584100454856006 21.58407051221936
0.9774539296830547 26229.587688148964 0.020833333333333332 1.0776058910298911 31054.06327275292 0.0 t_swap_r_k 100 1715.5900709629059 13.56712347478783 9.791790158011969 24.89270427895757 31.704735316208975 10.50346763049175 21.418259450307445 21.58407051221936
0.9774539296830547 26229.587688148964 0.020833333333333332 1.0671892243632244 31054.06327275292 0.020833333333333332 t_move_k 100 1717.0668210983276 14.461452240039952 9.791790158011969 24.89270427895757 31.704735316208975 10.50346763049175 21.418259450307445 21.58407051221936
0.9774539296830547 26229.587688148964 0.020833333333333332 1.0670895855326235 31048.706349290125 0.020833333333333332 t_swap_k 100 1723.2118406295776 14.461452240039952 9.791790158011969 25.673777236167993 31.704735316208975 10.50346763049175 21.418259450307445 21.58407051221936
0.9774539296830547 26229.587688148964 0.020833333333333332 1.0635151066043325 30856.530167346496 0.020833333333333332 f_swap_t 100 1733.5748088359833 14.461452240039952 9.791790158011969 25.673777236167993 32.41768796304689 10.50346763049175 21.418259450307445 21.58407051221936
0.9774539296830547 26229.587688148964 0.020833333333333332 1.0620270113662373 30856.530167346496 0.023809523809523808 t_multiswap_k 100 1742.1415493488312 14.461452240039952 9.791790158011969 25.673777236167993 32.41768796304689 10.50346763049175 21.418259450307445 22.398229807097167
0.9774539296830547 26229.587688148964 0.020833333333333332 1.0605638701660718 30777.866704745906 0.023809523809523808 t_multiswap_k 100 1748.054983139038 14.461452240039952 9.791790158011969 25.673777236167993 32.41768796304689 10.50346763049175 21.418259450307445 23.204247509026196
0.9774539296830547 26229.587688148964 0.020833333333333332 1.059869194683685 30740.518580845008 0.023809523809523808 t_swap_r_k 100 1759.5598850250244 14.461452240039952 9.791790158011969 25.673777236167993 32.41768796304689 10.50346763049175 22.24407685580437 23.204247509026196
0.9774539296830547 26229.587688148964 0.020833333333333332 1.059869194683685 30740.518580845008 0.023809523809523808 t_move_k 100 1765.497086763382 15.316837717639553 9.791790158011969 25.673777236167993 32.41768796304689 10.50346763049175 22.24407685580437 23.204247509026196
0.9774539296830547 26229.587688148964 0.020833333333333332 1.0593652723781375 30713.42599850808 0.023809523809523808 t_swap_k 100 1771.18275308609 15.316837717639553 9.791790158011969 26.447039463806313 32.41768796304689 10.50346763049175 22.24407685580437 23.204247509026196
0.9774539296830547 26229.587688148964 0.020833333333333332 1.0668841167491894 31037.65964651159 0.020833333333333332 f_swap_t 100 1778.8389766216278 15.316837717639553 9.791790158011969 26.447039463806313 33.16351108341642 10.50346763049175 22.24407685580437 23.204247509026196
0.9774539296830547 26229.587688148964 0.020833333333333332 1.0626036367832195 30807.52644017609 0.020833333333333332 t_swap_k 100 1786.7498853206635 15.316837717639553 9.791790158011969 27.18256906916825 33.16351108341642 10.50346763049175 22.24407685580437 23.204247509026196
0.9774539296830547 26229.587688148964 0.020833333333333332 1.061070977234689 30805.130510810657 0.023809523809523808 t_swap_r_k 100 1794.472829580307 15.316837717639553 9.791790158011969 27.18256906916825 33.16351108341642 10.50346763049175 23.061636087246324 23.204247509026196
0.9774539296830547 26229.587688148964 0.020833333333333332 1.061070977234689 30805.130510810657 0.023809523809523808 t_swap_k 100 1804.1058008670807 15.316837717639553 9.791790158011969 27.910743378476568 33.16351108341642 10.50346763049175 23.061636087246324 23.204247509026196
0.9774539296830547 26229.587688148964 0.020833333333333332 1.057675174541001 30622.560572814447 0.023809523809523808 f_swap_t 100 1814.4806649684906 15.316837717639553 9.791790158011969 27.910743378476568 33.861875972582254 10.50346763049175 23.061636087246324 23.204247509026196
0.9774539296830547 26229.587688148964 0.020833333333333332 1.057238724408557 30599.09552469289 0.023809523809523808 swap_t 100 1822.0744709968567 15.316837717639553 9.791790158011969 27.910743378476568 33.861875972582254 11.398432954186832 23.061636087246324 23.204247509026196
0.9774539296830547 26229.587688148964 0.020833333333333332 1.0617800257455317 30843.251377756635 0.023809523809523808 t_swap_k 100 1828.4566926956177 15.316837717639553 9.791790158011969 28.641635944691803 33.861875972582254 11.398432954186832 23.061636087246324 23.204247509026196
0.9774539296830547 26229.587688148964 0.020833333333333332 1.0605532582340658 30777.296171077403 0.023809523809523808 t_swap_k 100 1834.255849123001 15.316837717639553 9.791790158011969 29.385219585244887 33.861875972582254 11.398432954186832 23.061636087246324 23.204247509026196
0.9774539296830547 26229.587688148964 0.020833333333333332 1.0581337589148665 30647.215633268428 0.023809523809523808 t_swap_k 100 1843.3990635871887 15.316837717639553 9.791790158011969 30.12136738939244 33.861875972582254 11.398432954186832 23.061636087246324 23.204247509026196
0.9774539296830547 26229.587688148964 0.020833333333333332 1.0572832887189925 30601.491454058323 0.023809523809523808 f_swap_t 100 1849.6993267536163 15.316837717639553 9.791790158011969 30.12136738939244 34.52325721285643 11.398432954186832 23.061636087246324 23.204247509026196
0.9774539296830547 26229.587688148964 0.020833333333333332 1.0675530398376463 31153.62831067081 0.023809523809523808 move_t 100 1855.2071006298065 15.316837717639553 10.733872256431848 30.12136738939244 34.52325721285643 11.398432954186832 23.061636087246324 23.204247509026196
0.9774539296830547 26229.587688148964 0.020833333333333332 1.06602785987711 31071.62943266011 0.023809523809523808 move_t 100 1860.8094718456268 15.316837717639553 11.65653353386753 30.12136738939244 34.52325721285643 11.398432954186832 23.061636087246324 23.204247509026196
0.9774539296830547 26229.587688148964 0.020833333333333332 1.062983642901321 30907.961942334518 0.023809523809523808 move_t 100 1864.4252288341522 15.316837717639553 12.569968198528855 30.12136738939244 34.52325721285643 11.398432954186832 23.061636087246324 23.204247509026196
0.9774539296830547 26229.587688148964 0.020833333333333332 1.0620602375261468 30858.316519058222 0.023809523809523808 t_swap_r_k 100 1876.72194480896 15.316837717639553 12.569968198528855 30.12136738939244 34.52325721285643 11.398432954186832 23.87101972637386 23.204247509026196
0.9774539296830547 26229.587688148964 0.020833333333333332 1.0593525863927808 30570.51270898738 0.018518518518518517 t_multiswap_k 100 1882.054848909378 15.316837717639553 12.569968198528855 30.12136738939244 34.52325721285643 11.398432954186832 23.87101972637386 24.042205033935932
0.9774539296830547 26229.587688148964 0.020833333333333332 1.0574652804246032 30469.044701370058 0.018518518518518517 move_t 100 1886.037969827652 15.316837717639553 13.504268516543567 30.12136738939244 34.52325721285643 11.398432954186832 23.87101972637386 24.042205033935932
0.9774539296830547 26229.587688148964 0.020833333333333332 1.0574652804246032 30469.044701370058 0.018518518518518517 swap_t 100 1892.9439327716827 15.316837717639553 13.504268516543567 30.12136738939244 34.52325721285643 12.284448624644964 23.87101972637386 24.042205033935932
0.9774539296830547 26229.587688148964 0.020833333333333332 1.0996587552685575 32239.700490184856 0.0 f_swap_t 100 1900.1766679286957 15.316837717639553 13.504268516543567 30.12136738939244 35.25802464072786 12.284448624644964 23.87101972637386 24.042205033935932
0.9774539296830547 26229.587688148964 0.020833333333333332 1.085170919281312 31958.594367378828 0.018518518518518517 t_multiswap_k 100 1905.2509107589722 15.316837717639553 13.504268516543567 30.12136738939244 35.25802464072786 12.284448624644964 23.87101972637386 24.83178298359657
0.9774539296830547 26229.587688148964 0.020833333333333332 1.084552761796326 31925.360112068432 0.018518518518518517 t_swap_r_k 100 1911.8135821819305 15.316837717639553 13.504268516543567 30.12136738939244 35.25802464072786 12.284448624644964 24.67230952911012 24.83178298359657
0.9774539296830547 26229.587688148964 0.020833333333333332 1.1172216127034287 33183.939623654165 0.0 t_multiswap_k 100 1914.7518548965454 15.316837717639553 13.504268516543567 30.12136738939244 35.25802464072786 12.284448624644964 24.67230952911012 25.653465153760607
0.9774539296830547 26229.587688148964 0.020833333333333332 1.1101541647744413 32803.96951155517 0.0 t_swap_r_k 100 1925.856761455536 15.316837717639553 13.504268516543567 30.12136738939244 35.25802464072786 12.284448624644964 25.46558643381902 25.653465153760607
0.9774539296830547 26229.587688148964 0.020833333333333332 1.1087119679393331 32726.432089474245 0.0 t_swap_r_k 100 1937.2968595027924 15.316837717639553 13.504268516543567 30.12136738939244 35.25802464072786 12.284448624644964 26.25093056948083 25.653465153760607
0.9774539296830547 26229.587688148964 0.020833333333333332 1.1054655218262186 33049.701437636 0.018518518518518517 move_t 100 1941.5877041816711 15.316837717639553 14.429225831378131 30.12136738939244 35.25802464072786 12.284448624644964 26.25093056948083 25.653465153760607
0.9774539296830547 26229.587688148964 0.020833333333333332 1.1989545195684848 37578.17953822269 0.0 f_swap_t 100 1949.0478901863098 15.316837717639553 14.429225831378131 30.12136738939244 35.97544439432058 12.284448624644964 26.25093056948083 25.653465153760607
0.9774539296830547 26229.587688148964 0.020833333333333332 1.1748000289206504 36777.361081924835 0.018518518518518517 move_t 100 1956.9761493206024 15.316837717639553 15.31493357306435 30.12136738939244 35.97544439432058 12.284448624644964 26.25093056948083 25.653465153760607
0.9774539296830547 26229.587688148964 0.020833333333333332 1.1742131111290366 36247.99701226939 0.0 t_move_k 100 1960.4032649993896 16.193669340463156 15.31493357306435 30.12136738939244 35.97544439432058 12.284448624644964 26.25093056948083 25.653465153760607
0.9774539296830547 26229.587688148964 0.020833333333333332 1.1730266992436473 36184.211461726045 0.0 t_swap_r_k 100 1968.0127565860748 16.193669340463156 15.31493357306435 30.12136738939244 35.97544439432058 12.284448624644964 27.028421263786022 25.653465153760607
0.9774539296830547 26229.587688148964 0.020833333333333332 1.154567186145787 35831.805675274154 0.023809523809523808 t_multiswap_k 100 1974.8541059494019 16.193669340463156 15.31493357306435 30.12136738939244 35.97544439432058 12.284448624644964 27.028421263786022 26.546930502223
0.9774539296830547 26229.587688148964 0.020833333333333332 1.154567186145787 35831.805675274154 0.023809523809523808 t_swap_r_k 100 1988.4796528816223 16.193669340463156 15.31493357306435 30.12136738939244 35.97544439432058 12.284448624644964 27.798137051148164 26.546930502223
0.9774539296830547 26229.587688148964 0.020833333333333332 1.154567186145787 35831.805675274154 0.023809523809523808 f_swap_t 100 1993.5157959461212 16.193669340463156 15.31493357306435 30.12136738939244 36.61568995037738 12.284448624644964 27.798137051148164 26.546930502223
0.9774539296830547 26229.587688148964 0.020833333333333332 1.1439062913597562 35258.63960067048 0.023809523809523808 t_swap_k 100 2004.5101013183594 16.193669340463156 15.31493357306435 31.100153715498514 36.61568995037738 12.284448624644964 27.798137051148164 26.546930502223
0.9774539296830547 26229.587688148964 0.020833333333333332 1.136013467577843 34834.29446685062 0.023809523809523808 move_t 100 2012.8793451786041 16.193669340463156 16.221784237333708 31.100153715498514 36.61568995037738 12.284448624644964 27.798137051148164 26.546930502223
0.9774539296830547 26229.587688148964 0.020833333333333332 1.1342414422085416 34739.02433752231 0.023809523809523808 t_swap_k 100 2020.2741384506226 16.193669340463156 16.221784237333708 31.92915217834353 36.61568995037738 12.284448624644964 27.798137051148164 26.546930502223
0.9774539296830547 26229.587688148964 0.020833333333333332 1.1301742284180427 34440.35197154963 0.020833333333333332 move_t 100 2024.1703906059265 16.193669340463156 17.12956639496037 31.92915217834353 36.61568995037738 12.284448624644964 27.798137051148164 26.546930502223
0.9774539296830547 26229.587688148964 0.020833333333333332 1.1286861331799476 34440.35197154963 0.023809523809523808 t_swap_r_k 100 2035.5140969753265 16.193669340463156 17.12956639496037 31.92915217834353 36.61568995037738 12.284448624644964 28.59015568063668 26.546930502223
0.9774539296830547 26229.587688148964 0.020833333333333332 1.1286861331799476 34440.35197154963 0.023809523809523808 t_swap_k 100 2039.6707158088684 16.193669340463156 17.12956639496037 32.609860656560095 36.61568995037738 12.284448624644964 28.59015568063668 26.546930502223
0.9774539296830547 26229.587688148964 0.020833333333333332 1.1380023020287766 34861.21591526401 0.020833333333333332 t_move_k 100 2041.7785289287567 17.101732647058526 17.12956639496037 32.609860656560095 36.61568995037738 12.284448624644964 28.59015568063668 26.546930502223
0.9774539296830547 26229.587688148964 0.020833333333333332 1.1211103500196145 34033.05202316759 0.023809523809523808 move_t 100 2045.2776608467102 17.101732647058526 17.958270731010767 32.609860656560095 36.61568995037738 12.284448624644964 28.59015568063668 26.546930502223
0.9774539296830547 26229.587688148964 0.020833333333333332 1.118589995888729 33897.54918660423 0.023809523809523808 t_move_k 100 2050.3862385749817 17.96071532058794 17.958270731010767 32.609860656560095 36.61568995037738 12.284448624644964 28.59015568063668 26.546930502223
0.9774539296830547 26229.587688148964 0.020833333333333332 1.1172617108669383 33826.136052230904 0.023809523809523808 t_multiswap_k 100 2057.7141337394714 17.96071532058794 17.958270731010767 32.609860656560095 36.61568995037738 12.284448624644964 28.59015568063668 27.34146119720077
0.9774539296830547 26229.587688148964 0.020833333333333332 1.1149894858956957 33703.97348581198 0.023809523809523808 t_swap_k 100 2064.4320912361145 17.96071532058794 17.958270731010767 33.28376204999449 36.61568995037738 12.284448624644964 28.59015568063668 27.34146119720077
0.9774539296830547 26229.587688148964 0.020833333333333332 1.1123074593537814 33479.773512053755 0.020833333333333332 f_swap_t 100 2072.206163406372 17.96071532058794 17.958270731010767 33.28376204999449 37.2795330508736 12.284448624644964 28.59015568063668 27.34146119720077
0.9774539296830547 26229.587688148964 0.020833333333333332 1.1093975469507473 33403.331770568795 0.023809523809523808 t_multiswap_k 100 2081.5480773448944 17.96071532058794 17.958270731010767 33.28376204999449 37.2795330508736 12.284448624644964 28.59015568063668 28.09804658522876
0.9774539296830547 26229.587688148964 0.020833333333333332 1.1093975469507473 33403.331770568795 0.023809523809523808 t_move_k 100 2085.756082057953 18.78110816738206 17.958270731010767 33.28376204999449 37.2795330508736 12.284448624644964 28.59015568063668 28.09804658522876
0.9774539296830547 26229.587688148964 0.020833333333333332 1.1093975469507473 33403.331770568795 0.023809523809523808 f_swap_t 100 2099.364411354065 18.78110816738206 17.958270731010767 33.28376204999449 37.906737720364866 12.284448624644964 28.59015568063668 28.09804658522876
0.9774539296830547 26229.587688148964 0.020833333333333332 1.108647199897158 33362.990553069896 0.023809523809523808 t_swap_k 100 2108.871431827545 18.78110816738206 17.958270731010767 33.98092442949455 37.906737720364866 12.284448624644964 28.59015568063668 28.09804658522876
0.9774539296830547 26229.587688148964 0.020833333333333332 1.1058813939982837 33214.291392071624 0.023809523809523808 f_swap_t 100 2115.551246404648 18.78110816738206 17.958270731010767 33.98092442949455 38.587670343161214 12.284448624644964 28.59015568063668 28.09804658522876
0.9774539296830547 26229.587688148964 0.020833333333333332 1.103723847729604 33018.289267129134 0.020833333333333332 move_t 100 2119.754995584488 18.78110816738206 18.77868802370066 33.98092442949455 38.587670343161214 12.284448624644964 28.59015568063668 28.09804658522876
0.9774539296830547 26229.587688148964 0.020833333333333332 1.098790929312777 32833.08382061778 0.023809523809523808 t_move_k 100 2122.76140832901 19.653297085708243 18.77868802370066 33.98092442949455 38.587670343161214 12.284448624644964 28.59015568063668 28.09804658522876
0.9774539296830547 26229.587688148964 0.020833333333333332 1.098421817909012 32733.23405547069 0.020833333333333332 t_swap_r_k 100 2134.3891184329987 19.653297085708243 18.77868802370066 33.98092442949455 38.587670343161214 12.284448624644964 29.344254123830314 28.09804658522876
0.9774539296830547 26229.587688148964 0.020833333333333332 1.098421817909012 32733.23405547069 0.020833333333333332 t_swap_k 100 2139.3120136260986 19.653297085708243 18.77868802370066 34.6411151851996 38.587670343161214 12.284448624644964 29.344254123830314 28.09804658522876
0.9774539296830547 26229.587688148964 0.020833333333333332 1.098421817909012 32733.23405547069 0.020833333333333332 t_swap_r_k 100 2148.910407066345 19.653297085708243 18.77868802370066 34.6411151851996 38.587670343161214 12.284448624644964 30.09081158259201 28.09804658522876
0.9774539296830547 26229.587688148964 0.020833333333333332 1.0983901536338545 32731.531676011793 0.020833333333333332 t_move_k 100 2152.759749174118 20.48676411485116 18.77868802370066 34.6411151851996 38.587670343161214 12.284448624644964 30.09081158259201 28.09804658522876
0.9774539296830547 26229.587688148964 0.020833333333333332 1.0980464849386917 32793.05995130669 0.023809523809523808 move_t 100 2158.1545820236206 20.48676411485116 19.620901143463655 34.6411151851996 38.587670343161214 12.284448624644964 30.09081158259201 28.09804658522876
0.9774539296830547 26229.587688148964 0.020833333333333332 1.0973607316154599 32756.191513120983 0.023809523809523808 t_swap_k 100 2166.786854028702 20.48676411485116 19.620901143463655 35.29470403334761 38.587670343161214 12.284448624644964 30.09081158259201 28.09804658522876
0.9774539296830547 26229.587688148964 0.020833333333333332 1.0961229719403165 32689.64533022137 0.023809523809523808 f_swap_t 100 2178.401566028595 20.48676411485116 19.620901143463655 35.29470403334761 39.2317936397296 12.284448624644964 30.09081158259201 28.09804658522876
0.9774539296830547 26229.587688148964 0.020833333333333332 1.1067273509360265 33259.772923127086 0.023809523809523808 t_swap_k 100 2190.707011938095 20.48676411485116 19.620901143463655 36.01175699301413 39.2317936397296 12.284448624644964 30.09081158259201 28.09804658522876
0.9774539296830547 26229.587688148964 0.020833333333333332 1.102931151654331 32975.6712217458 0.020833333333333332 t_swap_k 100 2195.2584817409515 20.48676411485116 19.620901143463655 36.71163942308399 39.2317936397296 12.284448624644964 30.09081158259201 28.09804658522876
0.9774539296830547 26229.587688148964 0.020833333333333332 1.0999064374208392 32893.057342195374 0.023809523809523808 t_swap_r_k 100 2203.760112762451 20.48676411485116 19.620901143463655 36.71163942308399 39.2317936397296 12.284448624644964 30.85990346676609 28.09804658522876
0.9774539296830547 26229.587688148964 0.020833333333333332 1.0987074062336495 32828.593334934994 0.023809523809523808 f_swap_t 100 2215.4020693302155 20.48676411485116 19.620901143463655 36.71163942308399 39.839475703332305 12.284448624644964 30.85990346676609 28.09804658522876
0.9774539296830547 26229.587688148964 0.020833333333333332 1.1044274596672838 33136.12292216771 0.023809523809523808 t_swap_k 100 2220.3804700374603 20.48676411485116 19.620901143463655 37.44452302885315 39.839475703332305 12.284448624644964 30.85990346676609 28.09804658522876
0.9774539296830547 26229.587688148964 0.020833333333333332 1.1013740104905236 32971.95907722116 0.023809523809523808 f_swap_t 100 2230.4005868434906 20.48676411485116 19.620901143463655 37.44452302885315 40.44108094629898 12.284448624644964 30.85990346676609 28.09804658522876
0.9774539296830547 26229.587688148964 0.020833333333333332 1.1133290166705174 33534.6959185654 0.020833333333333332 t_swap_k 100 2234.4964966773987 20.48676411485116 19.620901143463655 38.11007779856462 40.44108094629898 12.284448624644964 30.85990346676609 28.09804658522876
0.9774539296830547 26229.587688148964 0.020833333333333332 1.1058546521157349 33132.84858041935 0.020833333333333332 t_multiswap_k 100 2239.336768388748 20.48676411485116 19.620901143463655 38.11007779856462 40.44108094629898 12.284448624644964 30.85990346676609 28.877066119376472
0.9774539296830547 26229.587688148964 0.020833333333333332 1.1108079706068195 33399.15588133342 0.020833333333333332 f_swap_t 100 2249.628632068634 20.48676411485116 19.620901143463655 38.11007779856462 41.04667013683599 12.284448624644964 30.85990346676609 28.877066119376472
0.9774539296830547 26229.587688148964 0.020833333333333332 1.1108079706068195 33399.15588133342 0.020833333333333332 f_swap_t 100 2255.5930726528168 20.48676411485116 19.620901143463655 38.11007779856462 41.636203435467635 12.284448624644964 30.85990346676609 28.877066119376472
0.9774539296830547 26229.587688148964 0.020833333333333332 1.1108079706068195 33399.15588133342 0.020833333333333332 t_multiswap_k 100 2259.0465924739838 20.48676411485116 19.620901143463655 38.11007779856462 41.636203435467635 12.284448624644964 30.85990346676609 29.588295458182706
0.9774539296830547 26229.587688148964 0.020833333333333332 1.1287750733710553 33580.29458766169 0.020833333333333332 swap_t 100 2264.2254242897034 20.48676411485116 19.620901143463655 38.11007779856462 41.636203435467635 13.171604138398514 30.85990346676609 29.588295458182706
0.9774539296830547 26229.587688148964 0.020833333333333332 1.1459481872119013 35288.41381103826 0.020833333333333332 t_swap_k 100 2267.97438955307 20.48676411485116 19.620901143463655 38.88897702057897 41.636203435467635 13.171604138398514 30.85990346676609 29.588295458182706
0.9774539296830547 26229.587688148964 0.020833333333333332 1.144185179312562 34633.59295396582 0.0 t_swap_r_k 100 2272.8089592456818 20.48676411485116 19.620901143463655 38.88897702057897 41.636203435467635 13.171604138398514 31.59130443209843 29.588295458182706
0.9774539296830547 26229.587688148964 0.020833333333333332 1.1321755446259496 33987.914020920776 0.0 swap_t 100 2280.985858440399 20.48676411485116 19.620901143463655 38.88897702057897 41.636203435467635 14.139888097014529 31.59130443209843 29.588295458182706
0.9774539296830547 26229.587688148964 0.020833333333333332 1.130775339707689 33912.63422754997 0.0 t_swap_r_k 100 2289.4712767601013 20.48676411485116 19.620901143463655 38.88897702057897 41.636203435467635 14.139888097014529 32.315391387777446 29.588295458182706
0.9774539296830547 26229.587688148964 0.020833333333333332 1.156206392345532 35839.92991610541 0.020833333333333332 f_swap_t 100 2302.774741411209 20.48676411485116 19.620901143463655 38.88897702057897 42.25984140111296 14.139888097014529 32.315391387777446 29.588295458182706
0.9774539296830547 26229.587688148964 0.020833333333333332 1.139812253165688 34958.525063247274 0.020833333333333332 f_swap_t 100 2313.1145372390747 20.48676411485116 19.620901143463655 38.88897702057897 42.867242987101825 14.139888097014529 32.315391387777446 29.588295458182706
0.9774539296830547 26229.587688148964 0.020833333333333332 1.139812253165688 34958.525063247274 0.020833333333333332 t_swap_r_k 100 2324.894150495529 20.48676411485116 19.620901143463655 38.88897702057897 42.867242987101825 14.139888097014529 33.03223747389967 29.588295458182706
0.9774539296830547 26229.587688148964 0.020833333333333332 1.1384759936443407 34824.45702171701 0.018518518518518517 t_multiswap_k 100 2330.514942884445 20.48676411485116 19.620901143463655 38.88897702057897 42.867242987101825 14.139888097014529 33.03223747389967 30.422412503600878
0.9774539296830547 26229.587688148964 0.020833333333333332 1.127150968239441 34215.58501928258 0.018518518518518517 move_t 100 2336.6245963573456 20.48676411485116 20.45469213202902 38.88897702057897 42.867242987101825 14.139888097014529 33.03223747389967 30.422412503600878
0.9774539296830547 26229.587688148964 0.020833333333333332 1.1260249830278237 34155.04821287399 0.018518518518518517 t_swap_k 100 2347.5160188674927 20.48676411485116 20.45469213202902 39.56008725037318 42.867242987101825 14.139888097014529 33.03223747389967 30.422412503600878
0.9774539296830547 26229.587688148964 0.020833333333333332 1.1252764060254654 34114.802159367995 0.018518518518518517 t_swap_k 100 2352.458483695984 20.48676411485116 20.45469213202902 40.194486377869445 42.867242987101825 14.139888097014529 33.03223747389967 30.422412503600878
0.9774539296830547 26229.587688148964 0.020833333333333332 1.119034371333224 33779.20907887161 0.018518518518518517 t_swap_k 100 2362.142815589905 20.48676411485116 20.45469213202902 40.82254151409075 42.867242987101825 14.139888097014529 33.03223747389967 30.422412503600878
0.9774539296830547 26229.587688148964 0.020833333333333332 1.118916361095698 33772.864445896295 0.018518518518518517 f_swap_t 100 2377.78174495697 20.48676411485116 20.45469213202902 40.82254151409075 43.468570557230805 14.139888097014529 33.03223747389967 30.422412503600878
0.9774539296830547 26229.587688148964 0.020833333333333332 1.1163179839153134 33633.16682400697 0.018518518518518517 t_move_k 100 2382.5399754047394 21.341896473702647 20.45469213202902 40.82254151409075 43.468570557230805 14.139888097014529 33.03223747389967 30.422412503600878
0.9774539296830547 26229.587688148964 0.020833333333333332 1.1112339989904505 33359.83444982894 0.018518518518518517 t_swap_k 100 2386.8960225582123 21.341896473702647 20.45469213202902 41.44431609894984 43.468570557230805 14.139888097014529 33.03223747389967 30.422412503600878
0.9774539296830547 26229.587688148964 0.020833333333333332 1.1112339989904505 33359.83444982894 0.018518518518518517 f_swap_t 100 2399.8768866062164 21.341896473702647 20.45469213202902 41.44431609894984 44.0338848516585 14.139888097014529 33.03223747389967 30.422412503600878
0.9774539296830547 26229.587688148964 0.020833333333333332 1.1077988591693086 33175.14961365754 0.018518518518518517 t_swap_k 100 2406.607340335846 21.341896473702647 20.45469213202902 42.089872937960344 44.0338848516585 14.139888097014529 33.03223747389967 30.422412503600878
0.9774539296830547 26229.587688148964 0.020833333333333332 1.1123257919007201 33178.4246240744 0.018518518518518517 move_t 100 2410.4492609500885 21.341896473702647 21.26014521070873 42.089872937960344 44.0338848516585 14.139888097014529 33.03223747389967 30.422412503600878
0.9774539296830547 26229.587688148964 0.020833333333333332 1.0967900528026897 32645.504796394664 0.020833333333333332 t_multiswap_k 100 2415.286754131317 21.341896473702647 21.26014521070873 42.089872937960344 44.0338848516585 14.139888097014529 33.03223747389967 31.20818837856487
0.9774539296830547 26229.587688148964 0.020833333333333332 1.091612265585478 32367.12929096233 0.020833333333333332 t_multiswap_k 100 2421.556298971176 21.341896473702647 21.26014521070873 42.089872937960344 44.0338848516585 14.139888097014529 33.03223747389967 31.95610649477922
0.9774539296830547 26229.587688148964 0.020833333333333332 1.1137197043420592 33555.7006206648 0.020833333333333332 f_swap_t 100 2433.384351491928 21.341896473702647 21.26014521070873 42.089872937960344 44.633546003141916 14.139888097014529 33.03223747389967 31.95610649477922
0.9774539296830547 26229.587688148964 0.020833333333333332 1.1096973169685986 33339.44335261609 0.020833333333333332 t_swap_k 100 2435.8847119808197 21.341896473702647 21.26014521070873 42.66897420858074 44.633546003141916 14.139888097014529 33.03223747389967 31.95610649477922
0.9774539296830547 26229.587688148964 0.020833333333333332 1.1011349049283705 32879.098869649475 0.020833333333333332 t_swap_k 100 2442.7394342422485 21.341896473702647 21.26014521070873 43.30228446649493 44.633546003141916 14.139888097014529 33.03223747389967 31.95610649477922
0.9774539296830547 26229.587688148964 0.020833333333333332 1.1030677750835995 32983.01656341031 0.020833333333333332 t_move_k 100 2449.806212425232 22.13847750896562 21.26014521070873 43.30228446649493 44.633546003141916 14.139888097014529 33.03223747389967 31.95610649477922
0.9774539296830547 26229.587688148964 0.020833333333333332 1.100298023753404 32834.10528256391 0.020833333333333332 t_swap_k 100 2460.74884557724 22.13847750896562 21.26014521070873 43.869261621829985 44.633546003141916 14.139888097014529 33.03223747389967 31.95610649477922
0.9774539296830547 26229.587688148964 0.020833333333333332 1.100201980524009 32828.94167088877 0.020833333333333332 t_multiswap_k 100 2465.302042245865 22.13847750896562 21.26014521070873 43.869261621829985 44.633546003141916 14.139888097014529 33.03223747389967 32.66654542983143
0.9774539296830547 26229.587688148964 0.020833333333333332 1.0953615565438781 32568.703964036587 0.020833333333333332 t_swap_k 100 2473.5760641098022 22.13847750896562 21.26014521070873 44.53056900561168 44.633546003141916 14.139888097014529 33.03223747389967 32.66654542983143
0.9774539296830547 26229.587688148964 0.020833333333333332 1.08721034954584 32210.47234382622 0.023809523809523808 t_swap_k 100 2486.280922651291 22.13847750896562 21.26014521070873 45.20526331555556 44.633546003141916 14.139888097014529 33.03223747389967 32.66654542983143
0.9774539296830547 26229.587688148964 0.020833333333333332 1.1068407292212972 33265.8685265467 0.023809523809523808 f_swap_t 100 2494.4871277809143 22.13847750896562 21.26014521070873 45.20526331555556 45.367210543110495 14.139888097014529 33.03223747389967 32.66654542983143
0.9774539296830547 26229.587688148964 0.020833333333333332 1.0939930788524976 32495.129934624056 0.020833333333333332 t_swap_r_k 100 2501.5387353897095 22.13847750896562 21.26014521070873 45.20526331555556 45.367210543110495 14.139888097014529 33.74191509916067 32.66654542983143
0.9774539296830547 26229.587688148964 0.020833333333333332 1.0924639027837166 32412.916212200915 0.020833333333333332 t_swap_r_k 100 2508.0888929367065 22.13847750896562 21.26014521070873 45.20526331555556 45.367210543110495 14.139888097014529 34.44449594816906 32.66654542983143
0.9774539296830547 26229.587688148964 0.020833333333333332 1.0853917705211917 32592.72979204327 0.041666666666666664 t_move_k 100 2515.525787115097 22.977092733875967 21.26014521070873 45.20526331555556 45.367210543110495 14.139888097014529 34.44449594816906 32.66654542983143
0.9774539296830547 26229.587688148964 0.020833333333333332 1.0853917705211917 32592.72979204327 0.041666666666666664 f_swap_t 100 2528.3259992599487 22.977092733875967 21.26014521070873 45.20526331555556 45.91353843767939 14.139888097014529 34.44449594816906 32.66654542983143
0.9774539296830547 26229.587688148964 0.020833333333333332 1.079154311057397 32257.382691437102 0.041666666666666664 t_multiswap_k 100 2532.8863892555237 22.977092733875967 21.26014521070873 45.20526331555556 45.91353843767939 14.139888097014529 34.44449594816906 33.36987997553312
0.9774539296830547 26229.587688148964 0.020833333333333332 1.079154311057397 32257.382691437102 0.041666666666666664 f_swap_t 100 2544.584177017212 22.977092733875967 21.26014521070873 45.20526331555556 46.4544030533026 14.139888097014529 34.44449594816906 33.36987997553312
0.9774539296830547 26229.587688148964 0.020833333333333332 1.079154311057397 32257.382691437102 0.041666666666666664 t_swap_k 100 2552.8896815776825 22.977092733875967 21.26014521070873 45.75321068240001 46.4544030533026 14.139888097014529 34.44449594816906 33.36987997553312
0.9774539296830547 26229.587688148964 0.020833333333333332 1.0786705189532393 32231.37237740345 0.041666666666666664 move_t 100 2555.1745393276215 22.977092733875967 22.077543758601642 45.75321068240001 46.4544030533026 14.139888097014529 34.44449594816906 33.36987997553312
0.9774539296830547 26229.587688148964 0.020833333333333332 1.0887008672222462 32770.63812006772 0.041666666666666664 t_swap_k 100 2561.817419528961 22.977092733875967 22.077543758601642 46.30567857557601 46.4544030533026 14.139888097014529 34.44449594816906 33.36987997553312
0.9774539296830547 26229.587688148964 0.020833333333333332 1.086101585237873 32630.89185282913 0.041666666666666664 t_multiswap_k 100 2566.883807659149 22.977092733875967 22.077543758601642 46.30567857557601 46.4544030533026 14.139888097014529 34.44449594816906 34.09618117577779
0.9774539296830547 26229.587688148964 0.020833333333333332 1.0955708989745687 32766.63743987152 0.027777777777777776 t_move_k 100 2577.2845458984375 23.81732180653721 22.077543758601642 46.30567857557601 46.4544030533026 14.139888097014529 34.44449594816906 34.09618117577779
0.9774539296830547 26229.587688148964 0.020833333333333332 1.0955708989745687 32766.63743987152 0.027777777777777776 move_t 100 2580.483125925064 23.81732180653721 22.856768321015625 46.30567857557601 46.4544030533026 14.139888097014529 34.44449594816906 34.09618117577779
0.9774539296830547 26229.587688148964 0.020833333333333332 1.0865758905276066 32656.392123353933 0.041666666666666664 t_move_k 100 2586.145951986313 24.639148588471837 22.856768321015625 46.30567857557601 46.4544030533026 14.139888097014529 34.44449594816906 34.09618117577779
0.9774539296830547 26229.587688148964 0.020833333333333332 1.1018721079678004 32998.73849691816 0.023809523809523808 move_t 100 2589.8797392845154 24.639148588471837 23.66820063780547 46.30567857557601 46.4544030533026 14.139888097014529 34.44449594816906 34.09618117577779
0.9774539296830547 26229.587688148964 0.020833333333333332 1.1256697476895985 34198.17572001835 0.020833333333333332 f_swap_t 100 2598.5227212905884 24.639148588471837 23.66820063780547 46.30567857557601 47.009859022769575 14.139888097014529 34.44449594816906 34.09618117577779
0.9774539296830547 26229.587688148964 0.020833333333333332 1.1175943320318389 33844.018900832496 0.023809523809523808 t_swap_k 100 2605.1404225826263 24.639148588471837 23.66820063780547 46.84262178982025 47.009859022769575 14.139888097014529 34.44449594816906 34.09618117577779
0.9774539296830547 26229.587688148964 0.020833333333333332 1.115618690625372 33692.24440339084 0.020833333333333332 swap_t 100 2611.6221175193787 24.639148588471837 23.66820063780547 46.84262178982025 47.009859022769575 15.028489216044383 34.44449594816906 34.09618117577779
0.9774539296830547 26229.587688148964 0.020833333333333332 1.114089563809944 33575.58552747771 0.020833333333333332 t_swap_r_k 100 2632.6545383930206 24.639148588471837 23.66820063780547 46.84262178982025 47.009859022769575 15.028489216044383 35.14005098868737 34.09618117577779
0.9774539296830547 26229.587688148964 0.020833333333333332 1.1139876852968364 33650.11326785578 0.023809523809523808 move_t 100 2641.6906197071075 24.639148588471837 24.461518631427413 46.84262178982025 47.009859022769575 15.028489216044383 35.14005098868737 34.09618117577779
0.9774539296830547 26229.587688148964 0.020833333333333332 1.098883392013805 32944.72836662365 0.027777777777777776 f_swap_t 100 2652.9718973636627 24.639148588471837 24.461518631427413 46.84262178982025 47.62976043254188 15.028489216044383 35.14005098868737 34.09618117577779
0.9774539296830547 26229.587688148964 0.020833333333333332 1.0931155967418216 33007.98904041332 0.041666666666666664 f_swap_t 100 2663.750967502594 24.639148588471837 24.461518631427413 46.84262178982025 48.21346282821646 15.028489216044383 35.14005098868737 34.09618117577779
0.9774539296830547 26229.587688148964 0.020833333333333332 1.090799807755898 32883.484323941346 0.041666666666666664 t_multiswap_k 100 2666.4528369903564 24.639148588471837 24.461518631427413 46.84262178982025 48.21346282821646 15.028489216044383 35.14005098868737 34.78521936402001
0.9774539296830547 26229.587688148964 0.020833333333333332 1.090799807755898 32883.484323941346 0.041666666666666664 f_swap_t 100 2687.816535949707 24.639148588471837 24.461518631427413 46.84262178982025 48.73132819993429 15.028489216044383 35.14005098868737 34.78521936402001
0.9774539296830547 26229.587688148964 0.020833333333333332 1.1124377431561854 34046.8135514431 0.041666666666666664 f_swap_t 100 2700.3308737277985 24.639148588471837 24.461518631427413 46.84262178982025 49.294014917934945 15.028489216044383 35.14005098868737 34.78521936402001
0.9774539296830547 26229.587688148964 0.020833333333333332 1.1167674431449814 33657.33128557737 0.018518518518518517 t_move_k 100 2705.2646582126617 25.46275710258712 24.461518631427413 46.84262178982025 49.294014917934945 15.028489216044383 35.14005098868737 34.78521936402001
0.9774539296830547 26229.587688148964 0.020833333333333332 1.110230126524345 33368.08901207599 0.020833333333333332 f_swap_t 100 2714.453033208847 25.46275710258712 24.461518631427413 46.84262178982025 49.8010747687556 15.028489216044383 35.14005098868737 34.78521936402001
0.9774539296830547 26229.587688148964 0.020833333333333332 1.1084467701713179 33272.20969040559 0.020833333333333332 swap_t 100 2723.63005900383 25.46275710258712 24.461518631427413 46.84262178982025 49.8010747687556 15.90820432388394 35.14005098868737 34.78521936402001
0.9774539296830547 26229.587688148964 0.020833333333333332 1.1056241598165917 33120.4565280656 0.020833333333333332 f_swap_t 100 2730.494184732437 25.46275710258712 24.461518631427413 46.84262178982025 50.30306402106804 15.90820432388394 35.14005098868737 34.78521936402001
0.9774539296830547 26229.587688148964 0.020833333333333332 1.0960183331367253 32684.019591152617 0.023809523809523808 f_swap_t 100 2739.1177310943604 25.46275710258712 24.461518631427413 46.84262178982025 50.86003338085736 15.90820432388394 35.14005098868737 34.78521936402001
0.9774539296830547 26229.587688148964 0.020833333333333332 1.0960183331367253 32684.019591152617 0.023809523809523808 t_swap_r_k 100 2752.2212998867035 25.46275710258712 24.461518631427413 46.84262178982025 50.86003338085736 15.90820432388394 35.8286504788005 34.78521936402001
0.9774539296830547 26229.587688148964 0.020833333333333332 1.1207201427102054 33932.0680701619 0.020833333333333332 t_swap_k 100 2758.0634360313416 25.46275710258712 24.461518631427413 47.46419557192205 50.86003338085736 15.90820432388394 35.8286504788005 34.78521936402001
0.9774539296830547 26229.587688148964 0.020833333333333332 1.1155348590615295 33653.28953099908 0.020833333333333332 t_multiswap_k 100 2762.166622877121 25.46275710258712 24.461518631427413 47.46419557192205 50.86003338085736 15.90820432388394 35.8286504788005 35.49736717037981
0.9774539296830547 26229.587688148964 0.020833333333333332 1.1155348590615295 33653.28953099908 0.020833333333333332 t_swap_r_k 100 2776.0712926387787 25.46275710258712 24.461518631427413 47.46419557192205 50.86003338085736 15.90820432388394 36.51036397401249 35.49736717037981
0.9774539296830547 26229.587688148964 0.020833333333333332 1.1121805945678402 33552.95790516065 0.023809523809523808 t_multiswap_k 100 2783.107038974762 25.46275710258712 24.461518631427413 47.46419557192205 50.86003338085736 15.90820432388394 36.51036397401249 36.23239349867601
0.9774539296830547 26229.587688148964 0.020833333333333332 1.1091118373500157 33307.965970887926 0.020833333333333332 t_swap_r_k 100 2786.228221654892 25.46275710258712 24.461518631427413 47.46419557192205 50.86003338085736 15.90820432388394 37.185260334272364 36.23239349867601
0.9774539296830547 26229.587688148964 0.020833333333333332 1.1289877889928484 34376.564940372395 0.020833333333333332 f_swap_t 100 2799.4915540218353 25.46275710258712 24.461518631427413 47.46419557192205 51.38143304704879 15.90820432388394 37.185260334272364 36.23239349867601
0.9774539296830547 26229.587688148964 0.020833333333333332 1.1217855726793033 33989.34922014128 0.020833333333333332 move_t 100 2810.3664515018463 25.46275710258712 25.30690344511314 47.46419557192205 51.38143304704879 15.90820432388394 37.185260334272364 36.23239349867601
0.9774539296830547 26229.587688148964 0.020833333333333332 1.1184329272541007 33809.09956413498 0.020833333333333332 t_swap_r_k 100 2817.103861093521 25.46275710258712 25.30690344511314 47.46419557192205 51.38143304704879 15.90820432388394 37.85340773092964 36.23239349867601
0.9774539296830547 26229.587688148964 0.020833333333333332 1.1164500609822268 33702.493908575634 0.020833333333333332 f_swap_t 100 2826.824754714966 25.46275710258712 25.30690344511314 47.46419557192205 51.8976187165783 15.90820432388394 37.85340773092964 36.23239349867601
0.9774539296830547 26229.587688148964 0.020833333333333332 1.110650828072209 33390.70736256237 0.020833333333333332 f_swap_t 100 2836.0362832546234 25.46275710258712 25.30690344511314 47.46419557192205 52.40864252941252 15.90820432388394 37.85340773092964 36.23239349867601
0.9774539296830547 26229.587688148964 0.020833333333333332 1.1073587442492647 33213.71370490657 0.020833333333333332 t_move_k 100 2843.493708372116 26.298129531561248 25.30690344511314 47.46419557192205 52.40864252941252 15.90820432388394 37.85340773092964 36.23239349867601
0.9774539296830547 26229.587688148964 0.020833333333333332 1.1035784741875048 33010.4734895468 0.020833333333333332 t_swap_r_k 100 2854.3346774578094 26.298129531561248 25.30690344511314 47.46419557192205 52.40864252941252 15.90820432388394 38.51487365362034 36.23239349867601
0.9774539296830547 26229.587688148964 0.020833333333333332 1.103415724414327 33001.72350650061 0.020833333333333332 t_swap_r_k 100 2865.6531064510345 26.298129531561248 25.30690344511314 47.46419557192205 52.40864252941252 15.90820432388394 39.16972491708414 36.23239349867601
0.9774539296830547 26229.587688148964 0.020833333333333332 1.1018203114979128 32915.948665173855 0.020833333333333332 f_swap_t 100 2877.1907308101654 26.298129531561248 25.30690344511314 47.46419557192205 52.91455610411839 15.90820432388394 39.16972491708414 36.23239349867601
0.9774539296830547 26229.587688148964 0.020833333333333332 1.1009400796842934 32868.62439985846 0.020833333333333332 f_swap_t 100 2890.0161595344543 26.298129531561248 25.30690344511314 47.46419557192205 53.38541054307721 15.90820432388394 39.16972491708414 36.23239349867601
0.9774539296830547 26229.587688148964 0.020833333333333332 1.1009400796842934 32868.62439985846 0.020833333333333332 t_multiswap_k 100 2894.8205626010895 26.298129531561248 25.30690344511314 47.46419557192205 53.38541054307721 15.90820432388394 39.16972491708414 36.87006956368925
0.9774539296830547 26229.587688148964 0.020833333333333332 1.106682759199875 32617.334904754753 0.0 t_multiswap_k 100 2898.1495842933655 26.298129531561248 25.30690344511314 47.46419557192205 53.38541054307721 15.90820432388394 39.16972491708414 37.57136886805235
0.9774539296830547 26229.587688148964 0.020833333333333332 1.1013856890582758 32332.5463423595 0.0 t_multiswap_k 100 2904.0676350593567 26.298129531561248 25.30690344511314 47.46419557192205 53.38541054307721 15.90820432388394 39.16972491708414 38.25565517937183
0.9774539296830547 26229.587688148964 0.020833333333333332 1.100008298697838 32258.49313745182 0.0 t_swap_k 100 2912.6697108745575 26.298129531561248 25.30690344511314 48.04955361620283 53.38541054307721 15.90820432388394 39.16972491708414 38.25565517937183
0.9774539296830547 26229.587688148964 0.020833333333333332 1.096635526074384 32077.161374601223 0.0 t_move_k 100 2913.789240837097 27.035148236245636 25.30690344511314 48.04955361620283 53.38541054307721 15.90820432388394 39.16972491708414 38.25565517937183
0.9774539296830547 26229.587688148964 0.020833333333333332 1.096635526074384 32077.161374601223 0.0 t_swap_r_k 100 2921.2893295288086 27.035148236245636 25.30690344511314 48.04955361620283 53.38541054307721 15.90820432388394 39.8180276679133 38.25565517937183
0.9774539296830547 26229.587688148964 0.020833333333333332 1.096635526074384 32077.161374601223 0.0 t_multiswap_k 100 2924.730211019516 27.035148236245636 25.30690344511314 48.04955361620283 53.38541054307721 15.90820432388394 39.8180276679133 38.87309862757811
0.9774539296830547 26229.587688148964 0.020833333333333332 1.1004729265006836 32283.47311326566 0.0 t_move_k 100 2927.2760648727417 27.784796753883178 25.30690344511314 48.04955361620283 53.38541054307721 15.90820432388394 39.8180276679133 38.87309862757811
0.9774539296830547 26229.587688148964 0.020833333333333332 1.0986600592476514 32186.007184931055 0.0 t_swap_r_k 100 2932.2727489471436 27.784796753883178 25.30690344511314 48.04955361620283 53.38541054307721 15.90820432388394 40.45984739123416 38.87309862757811
0.9774539296830547 26229.587688148964 0.020833333333333332 1.089916977313121 32355.98988657681 0.023809523809523808 move_t 100 2937.4271156787872 27.784796753883178 26.113834410662008 48.04955361620283 53.38541054307721 15.90820432388394 40.45984739123416 38.87309862757811
0.9774539296830547 26229.587688148964 0.020833333333333332 1.0888959965528795 32301.098477709296 0.023809523809523808 t_swap_k 100 2946.3939352035522 27.784796753883178 26.113834410662008 48.6390580800408 53.38541054307721 15.90820432388394 40.45984739123416 38.87309862757811
0.9774539296830547 26229.587688148964 0.020833333333333332 1.0873870577788147 32219.972781292032 0.023809523809523808 t_swap_k 100 2950.7444982528687 27.784796753883178 26.113834410662008 49.21266749924039 53.38541054307721 15.90820432388394 40.45984739123416 38.87309862757811
0.9774539296830547 26229.587688148964 0.020833333333333332 1.0873870577788147 32219.972781292032 0.023809523809523808 move_t 100 2958.055015563965 27.784796753883178 26.85269606655539 49.21266749924039 53.38541054307721 15.90820432388394 40.45984739123416 38.87309862757811
0.9774539296830547 26229.587688148964 0.020833333333333332 1.0873870577788147 32219.972781292032 0.023809523809523808 swap_t 100 2968.2498161792755 27.784796753883178 26.85269606655539 49.21266749924039 53.38541054307721 16.7491222806451 40.45984739123416 38.87309862757811
0.9774539296830547 26229.587688148964 0.020833333333333332 1.0863813195001246 32165.90086023425 0.023809523809523808 t_move_k 100 2973.841031551361 28.536948786344347 26.85269606655539 49.21266749924039 53.38541054307721 16.7491222806451 40.45984739123416 38.87309862757811
0.9774539296830547 26229.587688148964 0.020833333333333332 1.087175265022658 32208.586080164943 0.023809523809523808 t_swap_k 100 2983.1635370254517 28.536948786344347 26.85269606655539 49.73054082424799 53.38541054307721 16.7491222806451 40.45984739123416 38.87309862757811
0.9774539296830547 26229.587688148964 0.020833333333333332 1.094213269781258 32586.97322697504 0.023809523809523808 f_swap_t 100 3003.1511595249176 28.536948786344347 26.85269606655539 49.73054082424799 53.92155643764644 16.7491222806451 40.45984739123416 38.87309862757811
0.9774539296830547 26229.587688148964 0.020833333333333332 1.1046648649665827 33524.16556422571 0.023809523809523808 swap_t 100 3011.4630105495453 28.536948786344347 26.85269606655539 49.73054082424799 53.92155643764644 17.65163105783865 40.45984739123416 38.87309862757811
0.9774539296830547 26229.587688148964 0.020833333333333332 1.1046648649665827 33524.16556422571 0.023809523809523808 t_swap_r_k 100 3024.494125843048 28.536948786344347 26.85269606655539 49.73054082424799 53.92155643764644 17.65163105783865 41.09524891732182 38.87309862757811
0.9774539296830547 26229.587688148964 0.020833333333333332 1.0958730429581325 32676.208295476798 0.023809523809523808 t_swap_k 100 3031.0336015224457 28.536948786344347 26.85269606655539 50.33323541600551 53.92155643764644 17.65163105783865 41.09524891732182 38.87309862757811
0.9774539296830547 26229.587688148964 0.020833333333333332 1.092019932262517 32469.051919136502 0.023809523809523808 move_t 100 3032.9540843963623 28.536948786344347 27.704169105889836 50.33323541600551 53.92155643764644 17.65163105783865 41.09524891732182 38.87309862757811
0.9774539296830547 26229.587688148964 0.020833333333333332 1.0910023641545021 32414.34398609536 0.023809523809523808 t_swap_k 100 3039.615827322006 28.536948786344347 27.704169105889836 50.85990306184545 53.92155643764644 17.65163105783865 41.09524891732182 38.87309862757811
0.9774539296830547 26229.587688148964 0.020833333333333332 1.0831924645272601 31914.452060922853 0.020833333333333332 t_swap_k 100 3044.818263053894 28.536948786344347 27.704169105889836 51.561304031226996 53.92155643764644 17.65163105783865 41.09524891732182 38.87309862757811
0.9774539296830547 26229.587688148964 0.020833333333333332 1.076071145584626 31531.585659342865 0.020833333333333332 move_t 100 3049.007380962372 28.536948786344347 28.487127414830937 51.561304031226996 53.92155643764644 17.65163105783865 41.09524891732182 38.87309862757811
0.9774539296830547 26229.587688148964 0.020833333333333332 1.0703464027229825 31223.803952461847 0.020833333333333332 move_t 100 3053.4151413440704 28.536948786344347 29.232256140682626 51.561304031226996 53.92155643764644 17.65163105783865 41.09524891732182 38.87309862757811
0.9774539296830547 26229.587688148964 0.020833333333333332 1.0703464027229825 31223.803952461847 0.020833333333333332 f_swap_t 100 3067.0771872997284 28.536948786344347 29.232256140682626 51.561304031226996 54.382340873269975 17.65163105783865 41.09524891732182 38.87309862757811
0.9774539296830547 26229.587688148964 0.020833333333333332 1.0703464027229825 31223.803952461847 0.020833333333333332 t_multiswap_k 100 3076.1660449504852 28.536948786344347 29.232256140682626 51.561304031226996 54.382340873269975 17.65163105783865 41.09524891732182 39.48436764130233
0.9774539296830547 26229.587688148964 0.020833333333333332 1.072624311511632 31346.27210029557 0.020833333333333332 move_t 100 3080.363466978073 28.536948786344347 29.9499335792758 51.561304031226996 54.382340873269975 17.65163105783865 41.09524891732182 39.48436764130233
0.9774539296830547 26229.587688148964 0.020833333333333332 1.0709775180045418 31257.73486312309 0.020833333333333332 t_swap_k 100 3087.804418325424 28.536948786344347 29.9499335792758 52.07569099091472 54.382340873269975 17.65163105783865 41.09524891732182 39.48436764130233
0.9774539296830547 26229.587688148964 0.020833333333333332 1.0782662171530635 31649.600195609004 0.020833333333333332 t_swap_k 100 3093.558816432953 28.536948786344347 29.9499335792758 52.564934081005575 54.382340873269975 17.65163105783865 41.09524891732182 39.48436764130233
0.9774539296830547 26229.587688148964 0.020833333333333332 1.0769288434808717 31577.698424383118 0.020833333333333332 move_t 100 3098.4335494041443 28.536948786344347 30.710434243483043 52.564934081005575 54.382340873269975 17.65163105783865 41.09524891732182 39.48436764130233
0.9774539296830547 26229.587688148964 0.020833333333333332 1.0743473993799482 31438.91118261482 0.020833333333333332 t_multiswap_k 100 3104.0791952610016 28.536948786344347 30.710434243483043 52.564934081005575 54.382340873269975 17.65163105783865 41.09524891732182 40.149523964889305
0.9774539296830547 26229.587688148964 0.020833333333333332 1.0874964917312606 32145.851247109073 0.020833333333333332 f_swap_t 100 3117.335016965866 28.536948786344347 30.710434243483043 52.564934081005575 54.918517464537274 17.65163105783865 41.09524891732182 40.149523964889305
0.9774539296830547 26229.587688148964 0.020833333333333332 1.0961361258638118 32690.352530024647 0.023809523809523808 f_swap_t 100 3125.8046271800995 28.536948786344347 30.710434243483043 52.564934081005575 55.529332289891904 17.65163105783865 41.09524891732182 40.149523964889305
0.9774539296830547 26229.587688148964 0.020833333333333332 1.094733282465019 32534.9258061256 0.020833333333333332 f_swap_t 100 3140.575236558914 28.536948786344347 30.710434243483043 52.564934081005575 56.044038966992986 17.65163105783865 41.09524891732182 40.149523964889305
0.9774539296830547 26229.587688148964 0.020833333333333332 1.094733282465019 32534.9258061256 0.020833333333333332 t_swap_r_k 100 3155.733656644821 28.536948786344347 30.710434243483043 52.564934081005575 56.044038966992986 17.65163105783865 41.7242964281486 40.149523964889305
0.9774539296830547 26229.587688148964 0.020833333333333332 1.0977468042002159 32696.94301559651 0.020833333333333332 t_swap_k 100 3165.1482768058777 28.536948786344347 30.710434243483043 53.05928474019552 56.044038966992986 17.65163105783865 41.7242964281486 40.149523964889305
0.9774539296830547 26229.587688148964 0.020833333333333332 1.0896962839070246 32264.11957932998 0.020833333333333332 t_multiswap_k 100 3167.0630824565887 28.536948786344347 30.710434243483043 53.05928474019552 56.044038966992986 17.65163105783865 41.7242964281486 40.868028725240414
0.9774539296830547 26229.587688148964 0.020833333333333332 1.0896962839070246 32264.11957932998 0.020833333333333332 t_swap_r_k 100 3174.2425050735474 28.536948786344347 30.710434243483043 53.05928474019552 56.044038966992986 17.65163105783865 42.34705346386711 40.868028725240414
0.9774539296830547 26229.587688148964 0.020833333333333332 1.0893751465900188 32246.854141569722 0.020833333333333332 move_t 100 3182.6418702602386 28.536948786344347 31.463329901048212 53.05928474019552 56.044038966992986 17.65163105783865 42.34705346386711 40.868028725240414
0.9774539296830547 26229.587688148964 0.020833333333333332 1.0893751465900188 32246.854141569722 0.020833333333333332 t_swap_r_k 100 3195.503923892975 28.536948786344347 31.463329901048212 53.05928474019552 56.044038966992986 17.65163105783865 42.963582929228444 40.868028725240414
0.9774539296830547 26229.587688148964 0.020833333333333332 1.1079785149385433 33247.03469158338 0.020833333333333332 t_multiswap_k 100 3203.809544801712 28.536948786344347 31.463329901048212 53.05928474019552 56.044038966992986 17.65163105783865 42.963582929228444 41.52934843798801
0.9774539296830547 26229.587688148964 0.020833333333333332 1.0976741569767696 32773.04232983277 0.023809523809523808 t_swap_r_k 100 3213.3175899982452 28.536948786344347 31.463329901048212 53.05928474019552 56.044038966992986 17.65163105783865 43.60394709993616 41.52934843798801
0.9774539296830547 26229.587688148964 0.020833333333333332 1.096100968242542 32688.46233636079 0.023809523809523808 f_swap_t 100 3226.3712842464447 28.536948786344347 31.463329901048212 53.05928474019552 56.51359857732306 17.65163105783865 43.60394709993616 41.52934843798801
0.9774539296830547 26229.587688148964 0.020833333333333332 1.0951895303261596 32639.460324497544 0.023809523809523808 t_move_k 100 3233.80313038826 29.391579298480902 31.463329901048212 53.05928474019552 56.51359857732306 17.65163105783865 43.60394709993616 41.52934843798801
0.9774539296830547 26229.587688148964 0.020833333333333332 1.107766154384559 33235.617463707975 0.020833333333333332 t_move_k 100 3239.0197603702545 30.167663505496094 31.463329901048212 53.05928474019552 56.51359857732306 17.65163105783865 43.60394709993616 41.52934843798801
0.9774539296830547 26229.587688148964 0.020833333333333332 1.0917471053412484 32374.378736254348 0.020833333333333332 t_swap_k 100 3248.6992785930634 30.167663505496094 31.463329901048212 53.58869189279357 56.51359857732306 17.65163105783865 43.60394709993616 41.52934843798801
0.9774539296830547 26229.587688148964 0.020833333333333332 1.0893575101825497 32245.905948135478 0.020833333333333332 f_swap_t 100 3263.17946100235 30.167663505496094 31.463329901048212 53.58869189279357 56.94846259154983 17.65163105783865 43.60394709993616 41.52934843798801
0.9774539296830547 26229.587688148964 0.020833333333333332 1.0854534109386773 32116.013330300768 0.023809523809523808 t_multiswap_k 100 3270.1371178627014 30.167663505496094 31.463329901048212 53.58869189279357 56.94846259154983 17.65163105783865 43.60394709993616 42.204054953608136
0.9774539296830547 26229.587688148964 0.020833333333333332 1.0849337652754956 32088.07540661532 0.023809523809523808 t_move_k 100 3273.272117614746 30.87598687044113 31.463329901048212 53.58869189279357 56.94846259154983 17.65163105783865 43.60394709993616 42.204054953608136
0.9774539296830547 26229.587688148964 0.020833333333333332 1.0849337652754956 32088.07540661532 0.023809523809523808 move_t 100 3281.702845811844 30.87598687044113 32.14869660203773 53.58869189279357 56.94846259154983 17.65163105783865 43.60394709993616 42.204054953608136
0.9774539296830547 26229.587688148964 0.020833333333333332 1.0849337652754956 32088.07540661532 0.023809523809523808 f_swap_t 100 3293.3743019104004 30.87598687044113 32.14869660203773 53.58869189279357 57.37897796563433 17.65163105783865 43.60394709993616 42.204054953608136
0.9774539296830547 26229.587688148964 0.020833333333333332 1.0849337652754956 32088.07540661532 0.023809523809523808 f_swap_t 100 3303.3303649425507 30.87598687044113 32.14869660203773 53.58869189279357 57.80518818597798 17.65163105783865 43.60394709993616 42.204054953608136
0.9774539296830547 26229.587688148964 0.020833333333333332 1.0849337652754956 32088.07540661532 0.023809523809523808 t_swap_r_k 100 3318.3821518421173 30.87598687044113 32.14869660203773 53.58869189279357 57.80518818597798 17.65163105783865 44.207907628936795 42.204054953608136
0.9774539296830547 26229.587688148964 0.020833333333333332 1.0849337652754956 32088.07540661532 0.023809523809523808 t_multiswap_k 100 3325.516461133957 30.87598687044113 32.14869660203773 53.58869189279357 57.80518818597798 17.65163105783865 44.207907628936795 42.78201440407206
0.9774539296830547 26229.587688148964 0.020833333333333332 1.1045982808632901 33145.306852441776 0.023809523809523808 t_swap_k 100 3332.2419917583466 30.87598687044113 32.14869660203773 54.09280497386563 57.80518818597798 17.65163105783865 44.207907628936795 42.78201440407206
0.9774539296830547 26229.587688148964 0.020833333333333332 1.1364664133631461 34858.646377546764 0.023809523809523808 t_swap_k 100 3345.8405804634094 30.87598687044113 32.14869660203773 54.58187692412697 57.80518818597798 17.65163105783865 44.207907628936795 42.78201440407206
0.9774539296830547 26229.587688148964 0.020833333333333332 1.1308865531104026 34558.65405400441 0.023809523809523808 t_swap_r_k 100 3363.2716221809387 30.87598687044113 32.14869660203773 54.58187692412697 57.80518818597798 17.65163105783865 44.80582855264743 42.78201440407206
0.9774539296830547 26229.587688148964 0.020833333333333332 1.1096429396091043 33416.524917068215 0.023809523809523808 t_swap_k 100 3369.179349899292 30.87598687044113 32.14869660203773 55.2460581548857 57.80518818597798 17.65163105783865 44.80582855264743 42.78201440407206
0.9774539296830547 26229.587688148964 0.020833333333333332 1.1142840598797517 33666.047376550334 0.023809523809523808 t_move_k 100 3373.5917456150055 31.66722700173672 32.14869660203773 55.2460581548857 57.80518818597798 17.65163105783865 44.80582855264743 42.78201440407206
0.9774539296830547 26229.587688148964 0.020833333333333332 1.105258026383958 33100.77194561959 0.020833333333333332 t_swap_k 100 3380.444846868515 31.66722700173672 32.14869660203773 55.78359757333685 57.80518818597798 17.65163105783865 44.80582855264743 42.78201440407206
0.9774539296830547 26229.587688148964 0.020833333333333332 1.096544569628055 32632.306783431337 0.020833333333333332 move_t 100 3388.074728488922 31.66722700173672 32.88720963601735 55.78359757333685 57.80518818597798 17.65163105783865 44.80582855264743 42.78201440407206
0.9774539296830547 26229.587688148964 0.020833333333333332 1.0984194707674415 32813.11294194566 0.023809523809523808 f_swap_t 100 3398.323299884796 31.66722700173672 32.88720963601735 55.78359757333685 58.2671363041182 17.65163105783865 44.80582855264743 42.78201440407206
0.9774539296830547 26229.587688148964 0.020833333333333332 1.0961627885093386 32691.786004810943 0.023809523809523808 t_move_k 100 3402.4647068977356 32.38055473171935 32.88720963601735 55.78359757333685 58.2671363041182 17.65163105783865 44.80582855264743 42.78201440407206
0.9774539296830547 26229.587688148964 0.020833333333333332 1.090340517460004 32298.75577301731 0.020833333333333332 t_move_k 100 3409.0895454883575 33.08674918440216 32.88720963601735 55.78359757333685 58.2671363041182 17.65163105783865 44.80582855264743 42.78201440407206
0.9774539296830547 26229.587688148964 0.020833333333333332 1.096707983800969 32721.097563687377 0.023809523809523808 t_multiswap_k 100 3412.733220100403 33.08674918440216 32.88720963601735 55.78359757333685 58.2671363041182 17.65163105783865 44.80582855264743 43.43419426003134
0.9774539296830547 26229.587688148964 0.020833333333333332 1.090554540594268 32390.267463693996 0.023809523809523808 f_swap_t 100 3420.1781430244446 33.08674918440216 32.88720963601735 55.78359757333685 58.71446494107702 17.65163105783865 44.80582855264743 43.43419426003134
0.9774539296830547 26229.587688148964 0.020833333333333332 1.090488256534159 32386.703806486603 0.023809523809523808 f_swap_t 100 3432.5785353183746 33.08674918440216 32.88720963601735 55.78359757333685 59.12732029166625 17.65163105783865 44.80582855264743 43.43419426003134
0.9774539296830547 26229.587688148964 0.020833333333333332 1.0843912555077833 32058.908230666704 0.023809523809523808 t_swap_k 100 3448.665043115616 33.08674918440216 32.88720963601735 56.35576159760348 59.12732029166625 17.65163105783865 44.80582855264743 43.43419426003134
0.9774539296830547 26229.587688148964 0.020833333333333332 1.0764299051925805 31630.8788766308 0.023809523809523808 move_t 100 3455.3405256271362 33.08674918440216 33.64833753965718 56.35576159760348 59.12732029166625 17.65163105783865 44.80582855264743 43.43419426003134
0.9774539296830547 26229.587688148964 0.020833333333333332 1.0747395650233353 31540.00042233626 0.023809523809523808 t_swap_k 100 3464.1797585487366 33.08674918440216 33.64833753965718 56.85220398162745 59.12732029166625 17.65163105783865 44.80582855264743 43.43419426003134
0.9774539296830547 26229.587688148964 0.020833333333333332 1.0738111841214226 31490.08749776791 0.023809523809523808 t_swap_r_k 100 3472.8894414901733 33.08674918440216 33.64833753965718 56.85220398162745 59.12732029166625 17.65163105783865 45.397770267120954 43.43419426003134
0.9774539296830547 26229.587688148964 0.020833333333333332 1.0738111841214226 31490.08749776791 0.023809523809523808 move_t 100 3479.344593524933 33.08674918440216 34.31185416426061 56.85220398162745 59.12732029166625 17.65163105783865 45.397770267120954 43.43419426003134
0.9774539296830547 26229.587688148964 0.020833333333333332 1.0738111841214226 31490.08749776791 0.023809523809523808 t_swap_r_k 100 3491.7670164108276 33.08674918440216 34.31185416426061 56.85220398162745 59.12732029166625 17.65163105783865 45.98379256444974 43.43419426003134
0.9774539296830547 26229.587688148964 0.020833333333333332 1.073666634862046 31482.31603643688 0.023809523809523808 t_move_k 100 3495.0327904224396 33.785881692558135 34.31185416426061 56.85220398162745 59.12732029166625 17.65163105783865 45.98379256444974 43.43419426003134
0.9774539296830547 26229.587688148964 0.020833333333333332 1.0713983191286658 31360.363643982273 0.023809523809523808 t_swap_k 100 3503.792804002762 33.785881692558135 34.31185416426061 57.323681941811174 59.12732029166625 17.65163105783865 45.98379256444974 43.43419426003134
0.9774539296830547 26229.587688148964 0.020833333333333332 1.1043034028004297 33129.45320177091 0.023809523809523808 f_swap_t 100 3517.7261941432953 33.785881692558135 34.31185416426061 57.323681941811174 59.63604708874959 17.65163105783865 45.98379256444974 43.43419426003134
0.9774539296830547 26229.587688148964 0.020833333333333332 1.1043034028004297 33129.45320177091 0.023809523809523808 t_swap_r_k 100 3526.9106016159058 33.785881692558135 34.31185416426061 57.323681941811174 59.63604708874959 17.65163105783865 46.56395463880524 43.43419426003134
0.9774539296830547 26229.587688148964 0.020833333333333332 1.1043034028004297 33129.45320177091 0.023809523809523808 t_swap_r_k 100 3539.748298406601 33.785881692558135 34.31185416426061 57.323681941811174 59.63604708874959 17.65163105783865 47.13831509241719 43.43419426003134
0.9774539296830547 26229.587688148964 0.020833333333333332 1.0937120354844818 32560.02516116011 0.023809523809523808 t_multiswap_k 100 3548.712062597275 33.785881692558135 34.31185416426061 57.323681941811174 59.63604708874959 17.65163105783865 47.13831509241719 44.14985231743103
0.9774539296830547 26229.587688148964 0.020833333333333332 1.093540074229428 32550.779937422198 0.023809523809523808 t_swap_k 100 3557.5757942199707 33.785881692558135 34.31185416426061 57.78044512239306 59.63604708874959 17.65163105783865 47.13831509241719 44.14985231743103
0.9774539296830547 26229.587688148964 0.020833333333333332 1.093540074229428 32550.779937422198 0.023809523809523808 t_swap_r_k 100 3568.9591977596283 33.785881692558135 34.31185416426061 57.78044512239306 59.63604708874959 17.65163105783865 47.70693194149302 44.14985231743103
0.9774539296830547 26229.587688148964 0.020833333333333332 1.111346295502192 33508.103141081214 0.023809523809523808 move_t 100 3574.172565460205 33.785881692558135 34.998735622618 57.78044512239306 59.63604708874959 17.65163105783865 47.70693194149302 44.14985231743103
0.9774539296830547 26229.587688148964 0.020833333333333332 1.111346295502192 33508.103141081214 0.023809523809523808 t_swap_r_k 100 3587.2400403022766 33.785881692558135 34.998735622618 57.78044512239306 59.63604708874959 17.65163105783865 48.26986262207809 44.14985231743103
0.9774539296830547 26229.587688148964 0.020833333333333332 1.1113382351387773 33507.66978844515 0.023809523809523808 t_move_k 100 3589.063519001007 34.478022875632554 34.998735622618 57.78044512239306 59.63604708874959 17.65163105783865 48.26986262207809 44.14985231743103
0.9774539296830547 26229.587688148964 0.020833333333333332 1.0920582863712411 32471.113966871097 0.023809523809523808 f_swap_t 100 3603.633969306946 34.478022875632554 34.998735622618 57.78044512239306 60.1296866178621 17.65163105783865 48.26986262207809 44.14985231743103
0.9774539296830547 26229.587688148964 0.020833333333333332 1.0883351217009027 32270.94393217596 0.023809523809523808 move_t 100 3608.281690597534 34.478022875632554 35.67874826639182 57.78044512239306 60.1296866178621 17.65163105783865 48.26986262207809 44.14985231743103
0.9774539296830547 26229.587688148964 0.020833333333333332 1.0881606507425228 32261.563778225096 0.023809523809523808 t_swap_r_k 100 3619.8958559036255 34.478022875632554 35.67874826639182 57.78044512239306 60.1296866178621 17.65163105783865 48.827163995857305 44.14985231743103
0.9774539296830547 26229.587688148964 0.020833333333333332 1.0881606507425228 32261.563778225096 0.023809523809523808 f_swap_t 100 3633.666761636734 34.478022875632554 35.67874826639182 57.78044512239306 60.52838975168348 17.65163105783865 48.827163995857305 44.14985231743103
0.9774539296830547 26229.587688148964 0.020833333333333332 1.1004740020550114 32923.571553242524 0.023809523809523808 t_move_k 100 3637.2968587875366 35.20324264687623 35.67874826639182 57.78044512239306 60.52838975168348 17.65163105783865 48.827163995857305 44.14985231743103
0.9774539296830547 26229.587688148964 0.020833333333333332 1.0999372801874376 32894.71555455147 0.023809523809523808 swap_t 100 3644.851508140564 35.20324264687623 35.67874826639182 57.78044512239306 60.52838975168348 18.475114747260264 48.827163995857305 44.14985231743103
0.9774539296830547 26229.587688148964 0.020833333333333332 1.103921354527889 33028.9079064228 0.020833333333333332 f_swap_t 100 3652.849697113037 35.20324264687623 35.67874826639182 57.78044512239306 60.99310585416664 18.475114747260264 48.827163995857305 44.14985231743103
0.9774539296830547 26229.587688148964 0.020833333333333332 1.1539305226269574 35717.57139563544 0.020833333333333332 f_swap_t 100 3662.6092319488525 35.20324264687623 35.67874826639182 57.78044512239306 61.43317479562498 18.475114747260264 48.827163995857305 44.14985231743103
0.9774539296830547 26229.587688148964 0.020833333333333332 1.142455550814823 35100.63776278814 0.020833333333333332 t_swap_r_k 100 3683.043860435486 35.20324264687623 35.67874826639182 57.78044512239306 61.43317479562498 18.475114747260264 49.378892355898735 44.14985231743103
0.9774539296830547 26229.587688148964 0.020833333333333332 1.142455550814823 35100.63776278814 0.020833333333333332 t_swap_r_k 100 3689.7592804431915 35.20324264687623 35.67874826639182 57.78044512239306 61.43317479562498 18.475114747260264 49.925103432339746 44.14985231743103
0.9774539296830547 26229.587688148964 0.020833333333333332 1.142455550814823 35100.63776278814 0.020833333333333332 t_multiswap_k 100 3694.4703483581543 35.20324264687623 35.67874826639182 57.78044512239306 61.43317479562498 18.475114747260264 49.925103432339746 44.708353794256716
0.9774539296830547 26229.587688148964 0.020833333333333332 1.1500641843409563 35509.703858908506 0.020833333333333332 t_multiswap_k 100 3703.4406645298004 35.20324264687623 35.67874826639182 57.78044512239306 61.43317479562498 18.475114747260264 49.925103432339746 45.36127025631415
0.9774539296830547 26229.587688148964 0.020833333333333332 1.145177182584153 35326.96704869016 0.023809523809523808 f_swap_t 100 3712.3850038051605 35.20324264687623 35.67874826639182 57.78044512239306 61.84884304766873 18.475114747260264 49.925103432339746 45.36127025631415
0.9774539296830547 26229.587688148964 0.020833333333333332 1.1466652778222481 35326.96704869016 0.020833333333333332 t_swap_r_k 100 3723.9295020103455 35.20324264687623 35.67874826639182 57.78044512239306 61.84884304766873 18.475114747260264 50.46585239801635 45.36127025631415
0.9774539296830547 26229.587688148964 0.020833333333333332 1.1732034030526743 36833.752275852166 0.023809523809523808 t_swap_k 100 3730.029252052307 35.20324264687623 35.67874826639182 58.26264067116913 61.84884304766873 18.475114747260264 50.46585239801635 45.36127025631415
0.9774539296830547 26229.587688148964 0.020833333333333332 1.1626558357673118 36186.67399750127 0.020833333333333332 f_swap_t 100 3742.251275062561 35.20324264687623 35.67874826639182 58.26264067116913 62.23035461719204 18.475114747260264 50.46585239801635 45.36127025631415
0.9774539296830547 26229.587688148964 0.020833333333333332 1.160881226080705 36171.270003271275 0.023809523809523808 t_multiswap_k 100 3750.1970207691193 35.20324264687623 35.67874826639182 58.26264067116913 62.23035461719204 18.475114747260264 50.46585239801635 46.00765755375101
0.9774539296830547 26229.587688148964 0.020833333333333332 1.1574755881715355 35988.171290536775 0.023809523809523808 swap_t 100 3757.736920595169 35.20324264687623 35.67874826639182 58.26264067116913 62.23035461719204 19.32036359978766 50.46585239801635 46.00765755375101
0.9774539296830547 26229.587688148964 0.020833333333333332 1.1434564349309033 35234.4537843168 0.023809523809523808 t_swap_k 100 3766.765931367874 35.20324264687623 35.67874826639182 58.86001426445744 62.23035461719204 19.32036359978766 50.46585239801635 46.00765755375101
0.9774539296830547 26229.587688148964 0.020833333333333332 1.149409371961713 35554.50398824367 0.023809523809523808 f_swap_t 100 3776.338346004486 35.20324264687623 35.67874826639182 58.86001426445744 62.768051071020125 19.32036359978766 50.46585239801635 46.00765755375101
0.9774539296830547 26229.587688148964 0.020833333333333332 1.1320058270661322 34538.824963586885 0.020833333333333332 t_multiswap_k 100 3781.442651987076 35.20324264687623 35.67874826639182 58.86001426445744 62.768051071020125 19.32036359978766 50.46585239801635 46.6975809782135
0.9774539296830547 26229.587688148964 0.020833333333333332 1.1238609815912288 34180.93536056333 0.023809523809523808 t_multiswap_k 100 3787.662477016449 35.20324264687623 35.67874826639182 58.86001426445744 62.768051071020125 19.32036359978766 50.46585239801635 47.32060516843136
0.9774539296830547 26229.587688148964 0.020833333333333332 1.1200492881156212 33976.00571527041 0.023809523809523808 move_t 100 3791.2760956287384 35.20324264687623 36.351960783727904 58.86001426445744 62.768051071020125 19.32036359978766 50.46585239801635 47.32060516843136
0.9774539296830547 26229.587688148964 0.020833333333333332 1.1215479687828036 34056.579900864934 0.023809523809523808 move_t 100 3795.066652536392 35.20324264687623 36.998441175890626 58.86001426445744 62.768051071020125 19.32036359978766 50.46585239801635 47.32060516843136
0.9774539296830547 26229.587688148964 0.020833333333333332 1.1333916210723038 34693.335053972594 0.023809523809523808 f_swap_t 100 3810.165792942047 35.20324264687623 36.998441175890626 58.86001426445744 63.24037056030993 19.32036359978766 50.46585239801635 47.32060516843136
0.9774539296830547 26229.587688148964 0.020833333333333332 1.1303437795470896 34529.47269550433 0.023809523809523808 t_swap_k 100 3817.7806267738342 35.20324264687623 36.998441175890626 59.27141412181287 63.24037056030993 19.32036359978766 50.46585239801635 47.32060516843136
0.9774539296830547 26229.587688148964 0.020833333333333332 1.1278688299176685 34396.41095984251 0.023809523809523808 t_multiswap_k 100 3824.3819653987885 35.20324264687623 36.998441175890626 59.27141412181287 63.24037056030993 19.32036359978766 50.46585239801635 47.93739911674705
0.9774539296830547 26229.587688148964 0.020833333333333332 1.1168622376168216 33804.65900745427 0.023809523809523808 f_swap_t 100 3833.0126247406006 35.20324264687623 36.998441175890626 59.27141412181287 63.637966854706825 19.32036359978766 50.46585239801635 47.93739911674705
0.9774539296830547 26229.587688148964 0.020833333333333332 1.121967487995415 34079.13468497446 0.023809523809523808 move_t 100 3837.8579244613647 35.20324264687623 37.72845676413172 59.27141412181287 63.637966854706825 19.32036359978766 50.46585239801635 47.93739911674705
0.9774539296830547 26229.587688148964 0.020833333333333332 1.120543172198043 33922.553531672165 0.020833333333333332 t_swap_k 100 3842.7725484371185 35.20324264687623 37.72845676413172 59.678699980594736 63.637966854706825 19.32036359978766 50.46585239801635 47.93739911674705
0.9774539296830547 26229.587688148964 0.020833333333333332 1.116398710475279 33637.506959278944 0.018518518518518517 t_multiswap_k 100 3849.6273794174194 35.20324264687623 37.72845676413172 59.678699980594736 63.637966854706825 19.32036359978766 50.46585239801635 48.48802512557958
0.9774539296830547 26229.587688148964 0.020833333333333332 1.1147054296420011 33546.470404853586 0.018518518518518517 t_swap_k 100 3858.2157270908356 35.20324264687623 37.72845676413172 60.11191298078879 63.637966854706825 19.32036359978766 50.46585239801635 48.48802512557958
0.9774539296830547 26229.587688148964 0.020833333333333332 1.1138910600275793 33502.68711606377 0.018518518518518517 move_t 100 3867.799859046936 35.20324264687623 38.3511721964904 60.11191298078879 63.637966854706825 19.32036359978766 50.46585239801635 48.48802512557958
0.9774539296830547 26229.587688148964 0.020833333333333332 1.1107023134297511 33331.2492201774 0.018518518518518517 t_multiswap_k 100 3871.6742923259735 35.20324264687623 38.3511721964904 60.11191298078879 63.637966854706825 19.32036359978766 50.46585239801635 49.03314487432379
0.9774539296830547 26229.587688148964 0.020833333333333332 1.1096932174149055 33276.996775768595 0.018518518518518517 f_swap_t 100 3878.5488953590393 35.20324264687623 38.3511721964904 60.11191298078879 64.00158718615975 19.32036359978766 50.46585239801635 49.03314487432379
0.9774539296830547 26229.587688148964 0.020833333333333332 1.108991354189985 33239.26221430725 0.018518518518518517 f_swap_t 100 3890.4781289100647 35.20324264687623 38.3511721964904 60.11191298078879 64.39157131429816 19.32036359978766 50.46585239801635 49.03314487432379
0.9774539296830547 26229.587688148964 0.020833333333333332 1.1078339467825775 33239.26221430725 0.020833333333333332 t_swap_r_k 100 3900.7372632026672 35.20324264687623 38.3511721964904 60.11191298078879 64.39157131429816 19.32036359978766 51.03119387403619 49.03314487432379
0.9774539296830547 26229.587688148964 0.020833333333333332 1.1078339467825775 33239.26221430725 0.020833333333333332 t_swap_r_k 100 3909.093677997589 35.20324264687623 38.3511721964904 60.11191298078879 64.39157131429816 19.32036359978766 51.56088193529583 49.03314487432379
0.9774539296830547 26229.587688148964 0.020833333333333332 1.1077722121285063 33235.94314868929 0.020833333333333332 t_multiswap_k 100 3914.416258096695 35.20324264687623 38.3511721964904 60.11191298078879 64.39157131429816 19.32036359978766 51.56088193529583 49.57281342558055
0.9774539296830547 26229.587688148964 0.020833333333333332 1.110549355871861 33385.25187088723 0.020833333333333332 swap_t 100 3923.162908554077 35.20324264687623 38.3511721964904 60.11191298078879 64.39157131429816 20.137159963789784 51.56088193529583 49.57281342558055
0.9774539296830547 26229.587688148964 0.020833333333333332 1.10371543287465 33017.836855818525 0.020833333333333332 f_swap_t 100 3937.7078909873962 35.20324264687623 38.3511721964904 60.11191298078879 64.78765560115518 20.137159963789784 51.56088193529583 49.57281342558055