15
2 38 4 30

Solution history:
B_obj   B_dis   B_sim   C_obj   C_dis   C_sim   neighbor   iterations   time   scores
1.0377709222768623 2005.9641627554754 0.022727272727272728 1.0377709222768623 2005.9641627554754 0.022727272727272728 0 0 0 3.0 3.0 3.0 3.0 3.0 3.0 3.0
1.0377709222768623 2005.9641627554754 0.022727272727272728 1.0377709222768623 2005.9641627554754 0.022727272727272728 move_t 100 1.9220736026763916 3.0 3.9699999999999998 3.0 3.0 3.0 3.0 3.0
1.0316441852588265 2004.8393430966871 0.045454545454545456 1.0441515957404812 2036.4598995781837 0.045454545454545456 f_swap_t 100 4.150439739227295 3.0 3.9699999999999998 3.0 3.98 3.0 3.0 3.0
1.0316441852588265 2004.8393430966871 0.045454545454545456 1.252146099102546 2576.6647808401267 0.06818181818181818 t_swap_k 100 6.017233371734619 3.0 3.9699999999999998 4.1899999999999995 3.98 3.0 3.0 3.0
1.0316441852588265 2004.8393430966871 0.045454545454545456 1.2403790487870172 2518.187033934232 0.022727272727272728 t_move_k 100 8.531572103500366 4.11 3.9699999999999998 4.1899999999999995 3.98 3.0 3.0 3.0
1.0316441852588265 2004.8393430966871 0.045454545454545456 1.1715438270788092 2387.2549548971397 0.09090909090909091 t_move_k 100 10.645872116088867 5.2889 3.9699999999999998 4.1899999999999995 3.98 3.0 3.0 3.0
1.0316441852588265 2004.8393430966871 0.045454545454545456 1.2425153686328922 2581.045819487428 0.11363636363636363 t_swap_k 100 12.542623281478882 5.2889 3.9699999999999998 5.4581 3.98 3.0 3.0 3.0
1.0316441852588265 2004.8393430966871 0.045454545454545456 1.1754960463931374 2425.975670127352 0.13636363636363635 t_swap_k 100 14.485302448272705 5.2889 3.9699999999999998 6.403519 3.98 3.0 3.0 3.0
1.0316441852588265 2004.8393430966871 0.045454545454545456 1.1754960463931374 2425.975670127352 0.13636363636363635 t_move_k 100 16.37712836265564 6.2360109999999995 3.9699999999999998 6.403519 3.98 3.0 3.0 3.0
1.0316441852588265 2004.8393430966871 0.045454545454545456 1.1754960463931374 2425.975670127352 0.13636363636363635 t_swap_k 100 18.121537685394287 6.2360109999999995 3.9699999999999998 7.33948381 3.98 3.0 3.0 3.0
1.0316441852588265 2004.8393430966871 0.045454545454545456 1.1914699450750352 2451.995549561405 0.11363636363636365 t_move_k 100 20.023263454437256 7.24365089 3.9699999999999998 7.33948381 3.98 3.0 3.0 3.0
1.0316441852588265 2004.8393430966871 0.045454545454545456 1.2695038010004849 2606.183116474709 0.045454545454545456 t_move_k 100 22.814437866210938 8.2912143811 3.9699999999999998 7.33948381 3.98 3.0 3.0 3.0
1.0316441852588265 2004.8393430966871 0.045454545454545456 1.255649598113145 2599.886601336807 0.09090909090909091 t_multiswap_k 100 24.6155686378479 8.2912143811 3.9699999999999998 7.33948381 3.98 3.0 3.0 4.1899999999999995
1.0316441852588265 2004.8393430966871 0.045454545454545456 1.279641321132892 2631.812244774228 0.045454545454545456 t_swap_k 100 27.457619428634644 8.2912143811 3.9699999999999998 8.6460889719 3.98 3.0 3.0 4.1899999999999995
1.0316441852588265 2004.8393430966871 0.045454545454545456 1.338083514681467 2779.562627214763 0.045454545454545456 f_swap_t 100 30.320310831069946 8.2912143811 3.9699999999999998 8.6460889719 5.1502 3.0 3.0 4.1899999999999995
1.0316441852588265 2004.8393430966871 0.045454545454545456 1.300405376778338 2684.3068035228016 0.045454545454545456 t_move_k 100 32.54422116279602 9.578302237289 3.9699999999999998 8.6460889719 5.1502 3.0 3.0 4.1899999999999995
1.0316441852588265 2004.8393430966871 0.045454545454545456 1.2234628296444023 2475.4203666343155 0.022727272727272728 t_swap_k 100 34.73745512962341 9.578302237289 3.9699999999999998 9.659628082181 5.1502 3.0 3.0 4.1899999999999995
1.0316441852588265 2004.8393430966871 0.045454545454545456 1.1880886287917876 2400.353695984205 0.045454545454545456 move_t 100 36.775421142578125 9.578302237289 4.9303 9.659628082181 5.1502 3.0 3.0 4.1899999999999995
1.0316441852588265 2004.8393430966871 0.045454545454545456 1.1752868576805815 2367.9889529321704 0.045454545454545456 t_multiswap_k 100 38.68388795852661 9.578302237289 4.9303 9.659628082181 5.1502 3.0 3.0 5.2081
1.0316441852588265 2004.8393430966871 0.045454545454545456 1.113631773048074 2197.7514491856955 0.022727272727272728 t_swap_k 100 41.43739557266235 9.578302237289 4.9303 10.56303180135919 5.1502 3.0 3.0 5.2081
1.0316441852588265 2004.8393430966871 0.045454545454545456 1.2546114361957394 2597.2619767117167 0.09090909090909091 f_swap_t 100 45.08086037635803 9.578302237289 4.9303 10.56303180135919 6.238697999999999 3.0 3.0 5.2081
1.0316441852588265 2004.8393430966871 0.045454545454545456 1.1891642047596294 2431.8018376031077 0.09090909090909091 t_move_k 100 47.68749642372131 10.54251921491611 4.9303 10.56303180135919 6.238697999999999 3.0 3.0 5.2081
1.0316441852588265 2004.8393430966871 0.045454545454545456 1.2466251434176483 2577.0714646758483 0.09090909090909091 t_swap_k 100 50.28622508049011 10.54251921491611 4.9303 11.557401483345597 6.238697999999999 3.0 3.0 5.2081
1.0316441852588265 2004.8393430966871 0.045454545454545456 1.223560523263694 2461.3028859305305 0.0 t_swap_r_k 100 51.18473219871521 10.54251921491611 4.9303 11.557401483345597 6.238697999999999 3.0 4.04 5.2081
1.0316441852588265 2004.8393430966871 0.045454545454545456 1.2690507847536536 2605.037825381802 0.045454545454545456 t_multiswap_k 100 52.3452365398407 10.54251921491611 4.9303 11.557401483345597 6.238697999999999 3.0 4.04 6.336019
1.0316441852588265 2004.8393430966871 0.045454545454545456 1.333753449376303 2768.6155910755615 0.045454545454545456 t_swap_k 100 54.64029026031494 10.54251921491611 4.9303 12.66182746851214 6.238697999999999 3.0 4.04 6.336019
1.0316441852588265 2004.8393430966871 0.045454545454545456 1.1979840400589055 2425.3707377882206 0.045454545454545456 t_multiswap_k 100 56.32444429397583 10.54251921491611 4.9303 12.66182746851214 6.238697999999999 3.0 4.04 7.43265881
1.0316441852588265 2004.8393430966871 0.045454545454545456 1.306153062893173 2698.8377916676804 0.045454545454545456 t_swap_k 100 59.04197835922241 10.54251921491611 4.9303 13.785209193827018 6.238697999999999 3.0 4.04 7.43265881
1.0316441852588265 2004.8393430966871 0.045454545454545456 1.2693599909183684 2591.4550792179048 0.022727272727272728 t_swap_r_k 100 59.86417770385742 10.54251921491611 4.9303 13.785209193827018 6.238697999999999 3.0 5.0396 7.43265881
1.0316441852588265 2004.8393430966871 0.045454545454545456 1.35317083171785 2832.0700278635404 0.06818181818181818 f_swap_t 100 62.656866788864136 10.54251921491611 4.9303 13.785209193827018 7.546311019999999 3.0 5.0396 7.43265881
1.0316441852588265 2004.8393430966871 0.045454545454545456 1.3290287287612972 2756.6708087974707 0.045454545454545456 t_swap_k 100 65.17032551765442 10.54251921491611 4.9303 14.787357101888748 7.546311019999999 3.0 5.0396 7.43265881
1.0316441852588265 2004.8393430966871 0.045454545454545456 1.297958818688144 2678.1215481184395 0.045454545454545456 swap_t 100 67.15142846107483 10.54251921491611 4.9303 14.787357101888748 7.546311019999999 3.9699999999999998 5.0396 7.43265881
1.0316441852588265 2004.8393430966871 0.045454545454545456 1.3220426315842668 2753.373401416764 0.06818181818181818 t_swap_k 100 69.53808188438416 10.54251921491611 4.9303 15.86948353086986 7.546311019999999 3.9699999999999998 5.0396 7.43265881
1.0316441852588265 2004.8393430966871 0.045454545454545456 1.272738907624341 2614.3619374923237 0.045454545454545456 f_swap_t 100 72.38381791114807 10.54251921491611 4.9303 15.86948353086986 8.760847909799999 3.9699999999999998 5.0396 7.43265881
1.0316441852588265 2004.8393430966871 0.045454545454545456 1.2687384572729403 2604.248215993104 0.045454545454545456 f_swap_t 100 75.50277709960938 10.54251921491611 4.9303 15.86948353086986 9.773239430701999 3.9699999999999998 5.0396 7.43265881
1.0316441852588265 2004.8393430966871 0.045454545454545456 1.218495394216415 2491.5908947583703 0.06818181818181818 f_swap_t 100 78.99839091300964 10.54251921491611 4.9303 15.86948353086986 10.705507036394978 3.9699999999999998 5.0396 7.43265881
1.0316441852588265 2004.8393430966871 0.045454545454545456 1.2068380619870276 2476.4839243967367 0.09090909090909091 t_multiswap_k 100 80.77045774459839 10.54251921491611 4.9303 15.86948353086986 10.705507036394978 3.9699999999999998 5.0396 8.3883322219
1.0316441852588265 2004.8393430966871 0.045454545454545456 1.1961132186240375 2435.0054929651205 0.06818181818181818 t_multiswap_k 100 82.30903458595276 10.54251921491611 4.9303 15.86948353086986 10.705507036394978 3.9699999999999998 5.0396 9.304448899681
1.0316441852588265 2004.8393430966871 0.045454545454545456 1.3048303267168357 2695.4937218432083 0.045454545454545456 f_swap_t 100 85.08497524261475 10.54251921491611 4.9303 15.86948353086986 11.758451966031028 3.9699999999999998 5.0396 9.304448899681
1.0316441852588265 2004.8393430966871 0.045454545454545456 1.2600039689115012 2567.801692072405 0.022727272727272728 t_swap_r_k 100 86.1030900478363 10.54251921491611 4.9303 15.86948353086986 11.758451966031028 3.9699999999999998 6.029204 9.304448899681
1.0316441852588265 2004.8393430966871 0.045454545454545456 1.3248248262458897 2760.407194988135 0.06818181818181818 f_swap_t 100 89.60576033592224 10.54251921491611 4.9303 15.86948353086986 12.920867446370718 3.9699999999999998 6.029204 9.304448899681
1.0316441852588265 2004.8393430966871 0.045454545454545456 1.2617743651909985 2615.3709051105848 0.09090909090909091 t_swap_r_k 100 90.75307703018188 10.54251921491611 4.9303 15.86948353086986 12.920867446370718 3.9699999999999998 7.00891196 9.304448899681
1.0316441852588265 2004.8393430966871 0.045454545454545456 1.2676136972387568 2630.1335875300338 0.09090909090909091 f_swap_t 100 92.85693526268005 10.54251921491611 4.9303 15.86948353086986 14.09165877190701 3.9699999999999998 7.00891196 9.304448899681
1.0316441852588265 2004.8393430966871 0.045454545454545456 1.2206532865375097 2520.9662490581286 0.06818181818181818 move_t 100 94.99997735023499 10.54251921491611 5.940996999999999 15.86948353086986 14.09165877190701 3.9699999999999998 7.00891196 9.304448899681
1.0316441852588265 2004.8393430966871 0.045454545454545456 1.2206532865375097 2520.9662490581286 0.06818181818181818 t_swap_r_k 100 95.91422748565674 10.54251921491611 5.940996999999999 15.86948353086986 14.09165877190701 3.9699999999999998 7.9788228403999994 9.304448899681
1.0316441852588265 2004.8393430966871 0.045454545454545456 1.2346641594866334 2546.83235414856 0.09090909090909091 t_swap_k 100 98.15609908103943 10.54251921491611 5.940996999999999 16.88078869556116 14.09165877190701 3.9699999999999998 7.9788228403999994 9.304448899681
1.0316441852588265 2004.8393430966871 0.045454545454545456 1.2131236393494969 2463.645851184197 0.045454545454545456 f_swap_t 100 100.34118008613586 10.54251921491611 5.940996999999999 16.88078869556116 14.95074218418794 3.9699999999999998 7.9788228403999994 9.304448899681
1.0316441852588265 2004.8393430966871 0.045454545454545456 1.3123179453762899 2728.7879774430976 0.06818181818181818 t_move_k 100 102.5389494895935 11.627094022766949 5.940996999999999 16.88078869556116 14.95074218418794 3.9699999999999998 7.9788228403999994 9.304448899681
1.0316441852588265 2004.8393430966871 0.045454545454545456 1.208496626950648 2466.3125539270477 0.06818181818181818 t_move_k 100 104.15205812454224 12.57082308253928 5.940996999999999 16.88078869556116 14.95074218418794 3.9699999999999998 7.9788228403999994 9.304448899681
1.0316441852588265 2004.8393430966871 0.045454545454545456 1.2047397100253583 2456.8145204206994 0.06818181818181818 t_move_k 100 105.2462728023529 13.615114851713887 5.940996999999999 16.88078869556116 14.95074218418794 3.9699999999999998 7.9788228403999994 9.304448899681
1.0316441852588265 2004.8393430966871 0.045454545454545456 1.2021426944105087 2450.248886466882 0.06818181818181818 f_swap_t 100 108.113032579422 13.615114851713887 5.940996999999999 16.88078869556116 15.83123476234606 3.9699999999999998 7.9788228403999994 9.304448899681
1.0316441852588265 2004.8393430966871 0.045454545454545456 1.222989464104331 2517.317022795054 0.09090909090909091 move_t 100 110.01603603363037 13.615114851713887 7.031587029999999 16.88078869556116 15.83123476234606 3.9699999999999998 7.9788228403999994 9.304448899681
1.0316441852588265 2004.8393430966871 0.045454545454545456 1.2281006441823832 2544.603295327765 0.11363636363636363 f_swap_t 100 113.41510486602783 13.615114851713887 7.031587029999999 16.88078869556116 16.7529224147226 3.9699999999999998 7.9788228403999994 9.304448899681
1.0316441852588265 2004.8393430966871 0.045454545454545456 1.2430497701835563 2582.396864489218 0.11363636363636363 f_swap_t 100 116.57919764518738 13.615114851713887 7.031587029999999 16.88078869556116 17.745393190575374 3.9699999999999998 7.9788228403999994 9.304448899681
1.0316441852588265 2004.8393430966871 0.045454545454545456 1.212810208482847 2505.946845507634 0.11363636363636363 t_swap_r_k 100 117.47566032409668 13.615114851713887 7.031587029999999 16.88078869556116 17.745393190575374 3.9699999999999998 8.939034611996 9.304448899681
1.0316441852588265 2004.8393430966871 0.045454545454545456 1.224003111164399 2519.87967028809 0.09090909090909091 t_move_k 100 119.34748387336731 14.588963703196749 7.031587029999999 16.88078869556116 17.745393190575374 3.9699999999999998 8.939034611996 9.304448899681
1.0316441852588265 2004.8393430966871 0.045454545454545456 1.2446315689683725 2572.0314179318916 0.09090909090909091 t_move_k 100 120.733633518219 15.58307406616478 7.031587029999999 16.88078869556116 17.745393190575374 3.9699999999999998 8.939034611996 9.304448899681
1.0316441852588265 2004.8393430966871 0.045454545454545456 1.2304256247961618 2550.481185153497 0.11363636363636363 move_t 100 122.30582308769226 15.58307406616478 7.991271159699999 16.88078869556116 17.745393190575374 3.9699999999999998 8.939034611996 9.304448899681
1.0316441852588265 2004.8393430966871 0.045454545454545456 1.217465882505686 2517.7170679381315 0.11363636363636363 t_swap_k 100 124.57152533531189 15.58307406616478 7.991271159699999 17.78198080860555 17.745393190575374 3.9699999999999998 8.939034611996 9.304448899681
1.0316441852588265 2004.8393430966871 0.045454545454545456 1.1913746012947761 2437.390042178997 0.09090909090909091 t_swap_k 100 126.20953059196472 15.58307406616478 7.991271159699999 18.664161000519496 17.745393190575374 3.9699999999999998 8.939034611996 9.304448899681
1.0316441852588265 2004.8393430966871 0.045454545454545456 1.2824960440155075 2653.3938646691263 0.06818181818181818 f_swap_t 100 129.74480628967285 15.58307406616478 7.991271159699999 18.664161000519496 18.93793925866962 3.9699999999999998 8.939034611996 9.304448899681
1.0316441852588265 2004.8393430966871 0.045454545454545456 1.249876282483263 2556.561889221014 0.045454545454545456 move_t 100 131.16527652740479 15.58307406616478 8.911358448103 18.664161000519496 18.93793925866962 3.9699999999999998 8.939034611996 9.304448899681
1.0316441852588265 2004.8393430966871 0.045454545454545456 1.2920442850557197 2677.5332095442154 0.06818181818181818 t_swap_k 100 133.3481423854828 15.58307406616478 8.911358448103 19.6875193905143 18.93793925866962 3.9699999999999998 8.939034611996 9.304448899681
1.0316441852588265 2004.8393430966871 0.045454545454545456 1.2258997798303246 2495.9457962673214 0.045454545454545456 f_swap_t 100 135.92506194114685 15.58307406616478 8.911358448103 19.6875193905143 19.878559866082924 3.9699999999999998 8.939034611996 9.304448899681
1.0316441852588265 2004.8393430966871 0.045454545454545456 1.2036256195723762 2439.633472981265 0.045454545454545456 t_move_k 100 137.26152563095093 16.65724332550313 8.911358448103 19.6875193905143 19.878559866082924 3.9699999999999998 8.939034611996 9.304448899681
1.0316441852588265 2004.8393430966871 0.045454545454545456 1.1697916774315527 2354.0963364153235 0.045454545454545456 t_move_k 100 138.8181254863739 17.4906708922481 8.911358448103 19.6875193905143 19.878559866082924 3.9699999999999998 8.939034611996 9.304448899681
1.0316441852588265 2004.8393430966871 0.045454545454545456 1.1894353515030875 2432.4873360864967 0.09090909090909091 f_swap_t 100 141.31784892082214 17.4906708922481 8.911358448103 19.6875193905143 20.719774267422096 3.9699999999999998 8.939034611996 9.304448899681
1.0316441852588265 2004.8393430966871 0.045454545454545456 1.1672561128159966 2390.7794527759493 0.11363636363636365 move_t 100 143.14387154579163 17.4906708922481 9.82224486362197 19.6875193905143 20.719774267422096 3.9699999999999998 8.939034611996 9.304448899681
1.0316441852588265 2004.8393430966871 0.045454545454545456 1.2249161338045678 2522.187924582988 0.09090909090909091 t_move_k 100 144.98674178123474 18.38576418332562 9.82224486362197 19.6875193905143 20.719774267422096 3.9699999999999998 8.939034611996 9.304448899681
1.0316441852588265 2004.8393430966871 0.045454545454545456 1.2093260351739852 2468.4094187905393 0.06818181818181818 f_swap_t 100 146.89271450042725 18.38576418332562 9.82224486362197 19.6875193905143 21.512576524747875 3.9699999999999998 8.939034611996 9.304448899681
1.0316441852588265 2004.8393430966871 0.045454545454545456 1.2034236762082566 2453.487395137152 0.06818181818181818 f_swap_t 100 149.50797533988953 18.38576418332562 9.82224486362197 19.6875193905143 22.297450759500396 3.9699999999999998 8.939034611996 9.304448899681
1.0316441852588265 2004.8393430966871 0.045454545454545456 1.1764777312109598 2399.728583592207 0.09090909090909091 t_swap_k 100 150.85048007965088 18.38576418332562 9.82224486362197 20.550644196609156 22.297450759500396 3.9699999999999998 8.939034611996 9.304448899681
1.0316441852588265 2004.8393430966871 0.045454545454545456 1.200984469059064 2476.0496528046633 0.11363636363636365 move_t 100 151.85404801368713 18.38576418332562 10.76402241498575 20.550644196609156 22.297450759500396 3.9699999999999998 8.939034611996 9.304448899681
1.0316441852588265 2004.8393430966871 0.045454545454545456 1.1804254863893937 2409.7090840145675 0.09090909090909091 f_swap_t 100 154.10770654678345 18.38576418332562 10.76402241498575 20.550644196609156 23.07447625190539 3.9699999999999998 8.939034611996 9.304448899681
1.0316441852588265 2004.8393430966871 0.045454545454545456 1.1804254863893937 2409.7090840145675 0.09090909090909091 t_multiswap_k 100 156.07769465446472 18.38576418332562 10.76402241498575 20.550644196609156 23.07447625190539 3.9699999999999998 8.939034611996 10.21140441068419
1.0316441852588265 2004.8393430966871 0.045454545454545456 1.177842049445449 2417.5422433305653 0.11363636363636365 t_swap_k 100 158.2023365497589 18.38576418332562 10.76402241498575 21.375137754643063 23.07447625190539 3.9699999999999998 8.939034611996 10.21140441068419
1.0316441852588265 2004.8393430966871 0.045454545454545456 1.1709965559002236 2400.235838011254 0.11363636363636365 t_swap_k 100 160.16798281669617 18.38576418332562 10.76402241498575 22.341386377096633 23.07447625190539 3.9699999999999998 8.939034611996 10.21140441068419
1.0316441852588265 2004.8393430966871 0.045454545454545456 1.1486349739761035 2358.0669644234667 0.13636363636363638 f_swap_t 100 161.70153760910034 18.38576418332562 10.76402241498575 22.341386377096633 23.843731489386336 3.9699999999999998 8.939034611996 10.21140441068419
1.0316441852588265 2004.8393430966871 0.045454545454545456 1.1486349739761035 2358.0669644234667 0.13636363636363638 t_swap_k 100 163.43465375900269 18.38576418332562 10.76402241498575 23.117972513325668 23.843731489386336 3.9699999999999998 8.939034611996 10.21140441068419
1.0316441852588265 2004.8393430966871 0.045454545454545456 1.1486349739761035 2358.0669644234667 0.13636363636363638 move_t 100 164.6615297794342 18.38576418332562 11.656382190835892 23.117972513325668 23.843731489386336 3.9699999999999998 8.939034611996 10.21140441068419
1.0316441852588265 2004.8393430966871 0.045454545454545456 1.1543167921579216 2358.0669644234667 0.11363636363636365 t_swap_r_k 100 165.50011157989502 18.38576418332562 11.656382190835892 23.117972513325668 23.843731489386336 3.9699999999999998 9.88964426587604 10.21140441068419
1.0316441852588265 2004.8393430966871 0.045454545454545456 1.2339935201030046 2530.772415639374 0.06818181818181818 t_multiswap_k 100 166.8914635181427 18.38576418332562 11.656382190835892 23.117972513325668 23.843731489386336 3.9699999999999998 9.88964426587604 11.229290366577349
1.0316441852588265 2004.8393430966871 0.045454545454545456 1.1966917548881868 2436.468116954631 0.06818181818181818 t_swap_k 100 168.84089493751526 18.38576418332562 11.656382190835892 24.116792788192413 23.843731489386336 3.9699999999999998 9.88964426587604 11.229290366577349
1.0316441852588265 2004.8393430966871 0.045454545454545456 1.2099989514758793 2470.110649270068 0.06818181818181818 t_swap_k 100 169.96605610847473 18.38576418332562 11.656382190835892 24.97562486031049 23.843731489386336 3.9699999999999998 9.88964426587604 11.229290366577349
1.0316441852588265 2004.8393430966871 0.045454545454545456 1.1880708248083522 2414.6731493302555 0.06818181818181818 t_swap_k 100 171.62349724769592 18.38576418332562 11.656382190835892 25.785868611707386 23.843731489386336 3.9699999999999998 9.88964426587604 11.229290366577349
1.0316441852588265 2004.8393430966871 0.045454545454545456 1.2049209449373097 2442.9082442797576 0.045454545454545456 t_swap_k 100 173.49314761161804 18.38576418332562 11.656382190835892 26.59800992559031 23.843731489386336 3.9699999999999998 9.88964426587604 11.229290366577349
1.0316441852588265 2004.8393430966871 0.045454545454545456 1.1982394937920375 2426.016562054463 0.045454545454545456 t_multiswap_k 100 174.96501779556274 18.38576418332562 11.656382190835892 26.59800992559031 23.843731489386336 3.9699999999999998 9.88964426587604 12.116997462911575
1.0316441852588265 2004.8393430966871 0.045454545454545456 1.1832280957529324 2388.065560105821 0.045454545454545456 t_swap_k 100 176.88162469863892 18.38576418332562 11.656382190835892 27.362029826334407 23.843731489386336 3.9699999999999998 9.88964426587604 12.116997462911575
1.0316441852588265 2004.8393430966871 0.045454545454545456 1.1801192532652403 2394.5704176365593 0.06818181818181818 f_swap_t 100 179.06646943092346 18.38576418332562 11.656382190835892 27.362029826334407 24.635294174492472 3.9699999999999998 9.88964426587604 12.116997462911575
1.0316441852588265 2004.8393430966871 0.045454545454545456 1.1751441133240321 2381.99253880664 0.06818181818181818 t_swap_r_k 100 180.2096881866455 18.38576418332562 11.656382190835892 27.362029826334407 24.635294174492472 3.9699999999999998 10.83074782321728 12.116997462911575
1.0316441852588265 2004.8393430966871 0.045454545454545456 1.1751441133240321 2381.99253880664 0.06818181818181818 f_swap_t 100 182.6925551891327 18.38576418332562 11.656382190835892 27.362029826334407 25.38894123274755 3.9699999999999998 10.83074782321728 12.116997462911575
1.0316441852588265 2004.8393430966871 0.045454545454545456 1.1775462775711143 2388.065560105821 0.06818181818181818 f_swap_t 100 184.93338251113892 18.38576418332562 11.656382190835892 27.362029826334407 26.175051820420073 3.9699999999999998 10.83074782321728 12.116997462911575
1.0316441852588265 2004.8393430966871 0.045454545454545456 1.1751441133240321 2381.99253880664 0.06818181818181818 f_swap_t 100 187.5056438446045 18.38576418332562 11.656382190835892 27.362029826334407 26.91330130221587 3.9699999999999998 10.83074782321728 12.116997462911575
1.0316441852588265 2004.8393430966871 0.045454545454545456 1.2321411641316973 2526.0893897883816 0.06818181818181818 t_multiswap_k 100 188.94037890434265 18.38576418332562 11.656382190835892 27.362029826334407 26.91330130221587 3.9699999999999998 10.83074782321728 13.00582748828246
1.0316441852588265 2004.8393430966871 0.045454545454545456 1.2138328613702334 2494.1677966337447 0.09090909090909091 t_swap_r_k 100 190.0950906276703 18.38576418332562 11.656382190835892 27.362029826334407 26.91330130221587 3.9699999999999998 11.762440344985107 13.00582748828246
1.0316441852588265 2004.8393430966871 0.045454545454545456 1.2407266757994384 2562.159278916098 0.09090909090909091 t_swap_k 100 191.30935049057007 18.38576418332562 11.656382190835892 28.128409528071064 26.91330130221587 3.9699999999999998 11.762440344985107 13.00582748828246
1.0316441852588265 2004.8393430966871 0.045454545454545456 1.2403081763992105 2532.3723226200386 0.045454545454545456 f_swap_t 100 193.9857542514801 18.38576418332562 11.656382190835892 28.128409528071064 27.64416828919371 3.9699999999999998 11.762440344985107 13.00582748828246
1.0316441852588265 2004.8393430966871 0.045454545454545456 1.2373266340429525 2539.199013435295 0.06818181818181818 t_multiswap_k 100 194.95676374435425 18.38576418332562 11.656382190835892 28.128409528071064 27.64416828919371 3.9699999999999998 11.762440344985107 13.975769213399635
1.0316441852588265 2004.8393430966871 0.045454545454545456 1.261824642657933 2586.7690850525237 0.045454545454545456 t_multiswap_k 100 196.38794231414795 18.38576418332562 11.656382190835892 28.128409528071064 27.64416828919371 3.9699999999999998 11.762440344985107 14.84601152126564
1.0316441852588265 2004.8393430966871 0.045454545454545456 1.2490378563081417 2554.4422256611697 0.045454545454545456 t_move_k 100 198.2603576183319 19.241906541492362 11.656382190835892 28.128409528071064 27.64416828919371 3.9699999999999998 11.762440344985107 14.84601152126564
1.0316441852588265 2004.8393430966871 0.045454545454545456 1.2377853463977737 2554.723169530191 0.09090909090909091 t_swap_k 100 199.4041838645935 19.241906541492362 11.656382190835892 29.037125432790354 27.64416828919371 3.9699999999999998 11.762440344985107 14.84601152126564
1.0316441852588265 2004.8393430966871 0.045454545454545456 1.1985993893623286 2455.6553593277363 0.09090909090909091 t_multiswap_k 100 200.6346263885498 19.241906541492362 11.656382190835892 29.037125432790354 27.64416828919371 3.9699999999999998 11.762440344985107 15.727551406052983
1.0316441852588265 2004.8393430966871 0.045454545454545456 1.1855007013228656 2422.53996700949 0.09090909090909091 t_move_k 100 202.34552121162415 20.089487476077437 11.656382190835892 29.037125432790354 27.64416828919371 3.9699999999999998 11.762440344985107 15.727551406052983
1.0316441852588265 2004.8393430966871 0.045454545454545456 1.1750362705907051 2396.0843610710494 0.09090909090909091 t_swap_k 100 203.89726734161377 20.089487476077437 11.656382190835892 29.74675417846245 27.64416828919371 3.9699999999999998 11.762440344985107 15.727551406052983
1.0316441852588265 2004.8393430966871 0.045454545454545456 1.2036809213676642 2468.502212800957 0.09090909090909091 t_move_k 100 205.36549758911133 20.958592601316663 11.656382190835892 29.74675417846245 27.64416828919371 3.9699999999999998 11.762440344985107 15.727551406052983
1.0316441852588265 2004.8393430966871 0.045454545454545456 1.2036809213676642 2468.502212800957 0.09090909090909091 f_swap_t 100 207.3943259716034 20.958592601316663 11.656382190835892 29.74675417846245 28.367726606301773 3.9699999999999998 11.762440344985107 15.727551406052983
1.0316441852588265 2004.8393430966871 0.045454545454545456 1.233963525327361 2545.0610488860816 0.09090909090909091 f_swap_t 100 209.30536270141602 20.958592601316663 11.656382190835892 29.74675417846245 29.104049340238756 3.9699999999999998 11.762440344985107 15.727551406052983
1.0316441852588265 2004.8393430966871 0.045454545454545456 1.2324098106987502 2498.039638639727 0.022727272727272728 f_swap_t 100 211.7032561302185 20.958592601316663 11.656382190835892 29.74675417846245 29.813008846836368 3.9699999999999998 11.762440344985107 15.727551406052983
1.0316441852588265 2004.8393430966871 0.045454545454545456 1.2923756915854088 2649.6421247275102 0.022727272727272728 t_multiswap_k 100 213.1930685043335 20.958592601316663 11.656382190835892 29.74675417846245 29.813008846836368 3.9699999999999998 11.762440344985107 16.680275891992455
1.0316441852588265 2004.8393430966871 0.045454545454545456 1.225566682417756 2523.832606285684 0.09090909090909091 t_swap_r_k 100 214.57722544670105 20.958592601316663 11.656382190835892 29.74675417846245 29.813008846836368 3.9699999999999998 12.744815941535256 16.680275891992455
1.0316441852588265 2004.8393430966871 0.045454545454545456 1.2254967880703898 2523.6559031893976 0.09090909090909091 move_t 100 215.63062930107117 20.958592601316663 12.539818368927532 29.74675417846245 29.813008846836368 3.9699999999999998 12.744815941535256 16.680275891992455
1.0316441852588265 2004.8393430966871 0.045454545454545456 1.3392100873416029 2782.4107670821313 0.045454545454545456 f_swap_t 100 218.25416254997253 20.958592601316663 12.539818368927532 29.74675417846245 30.754878758368005 3.9699999999999998 12.744815941535256 16.680275891992455
1.0316441852588265 2004.8393430966871 0.045454545454545456 1.2896004277368747 2685.7192464942855 0.09090909090909091 t_move_k 100 220.06357145309448 21.909006675303498 12.539818368927532 29.74675417846245 30.754878758368005 3.9699999999999998 12.744815941535256 16.680275891992455
1.0316441852588265 2004.8393430966871 0.045454545454545456 1.2153190830725227 2469.1962528718773 0.045454545454545456 t_swap_k 100 222.48661732673645 21.909006675303498 12.539818368927532 30.569286636677823 30.754878758368005 3.9699999999999998 12.744815941535256 16.680275891992455
1.0316441852588265 2004.8393430966871 0.045454545454545456 1.2297217317498217 2519.9727121278484 0.06818181818181818 t_swap_k 100 224.02633810043335 21.909006675303498 12.539818368927532 31.373593770311047 30.754878758368005 3.9699999999999998 12.744815941535256 16.680275891992455
1.0316441852588265 2004.8393430966871 0.045454545454545456 1.2139057873373005 2479.9876996955895 0.06818181818181818 t_swap_r_k 100 224.8329634666443 21.909006675303498 12.539818368927532 31.373593770311047 30.754878758368005 3.9699999999999998 13.657367782119904 16.680275891992455
1.0316441852588265 2004.8393430966871 0.045454545454545456 1.197164553611972 2437.6634210323023 0.06818181818181818 t_move_k 100 226.59102725982666 22.809916608550463 12.539818368927532 31.373593770311047 30.754878758368005 3.9699999999999998 13.657367782119904 16.680275891992455
1.0316441852588265 2004.8393430966871 0.045454545454545456 1.2503614335455373 2572.1528862214327 0.06818181818181818 f_swap_t 100 228.4280812740326 22.809916608550463 12.539818368927532 31.373593770311047 31.517329970784324 3.9699999999999998 13.657367782119904 16.680275891992455
1.0316441852588265 2004.8393430966871 0.045454545454545456 1.1934889281014094 2442.7353684803566 0.09090909090909091 t_swap_k 100 230.2501003742218 22.809916608550463 12.539818368927532 32.05985783260794 31.517329970784324 3.9699999999999998 13.657367782119904 16.680275891992455
1.0316441852588265 2004.8393430966871 0.045454545454545456 1.1813589762084757 2412.0690823205705 0.09090909090909091 f_swap_t 100 232.28824043273926 22.809916608550463 12.539818368927532 32.05985783260794 32.20215667107648 3.9699999999999998 13.657367782119904 16.680275891992455
1.0316441852588265 2004.8393430966871 0.045454545454545456 1.175542258728053 2397.3635728231097 0.09090909090909091 t_swap_k 100 233.6120800971985 22.809916608550463 12.539818368927532 32.73925925428186 32.20215667107648 3.9699999999999998 13.657367782119904 16.680275891992455
1.0316441852588265 2004.8393430966871 0.045454545454545456 1.175542258728053 2397.3635728231097 0.09090909090909091 t_swap_r_k 100 234.6592333316803 22.809916608550463 12.539818368927532 32.73925925428186 32.20215667107648 3.9699999999999998 14.560794104298704 16.680275891992455
1.0316441852588265 2004.8393430966871 0.045454545454545456 1.175542258728053 2397.3635728231097 0.09090909090909091 t_move_k 100 236.1002745628357 23.58181744246496 12.539818368927532 32.73925925428186 32.20215667107648 3.9699999999999998 14.560794104298704 16.680275891992455
1.0316441852588265 2004.8393430966871 0.045454545454545456 1.175542258728053 2397.3635728231097 0.09090909090909091 t_move_k 100 237.62801361083984 24.34599926804031 12.539818368927532 32.73925925428186 32.20215667107648 3.9699999999999998 14.560794104298704 16.680275891992455
1.0316441852588265 2004.8393430966871 0.045454545454545456 1.175542258728053 2397.3635728231097 0.09090909090909091 f_swap_t 100 239.50754618644714 24.34599926804031 12.539818368927532 32.73925925428186 32.88013510436571 3.9699999999999998 14.560794104298704 16.680275891992455
1.0316441852588265 2004.8393430966871 0.045454545454545456 1.175542258728053 2397.3635728231097 0.09090909090909091 t_multiswap_k 100 240.6825306415558 24.34599926804031 12.539818368927532 32.73925925428186 32.88013510436571 3.9699999999999998 14.560794104298704 17.51347313307253
1.0316441852588265 2004.8393430966871 0.045454545454545456 1.2391369020168361 2470.2072445467447 0.06818181818181818 move_t 100 242.6534285545349 24.34599926804031 13.434420185238258 32.73925925428186 32.88013510436571 3.9699999999999998 14.560794104298704 17.51347313307253
1.0316441852588265 2004.8393430966871 0.045454545454545456 1.2230817924205226 2503.1859778231124 0.06818181818181818 t_swap_r_k 100 244.38366508483887 24.34599926804031 13.434420185238258 32.73925925428186 32.88013510436571 3.9699999999999998 15.455186163255718 17.51347313307253
1.0316441852588265 2004.8393430966871 0.045454545454545456 1.2488788365653665 2539.675736165621 0.022727272727272728 f_swap_t 100 246.7603669166565 24.34599926804031 13.434420185238258 32.73925925428186 33.621333753322055 3.9699999999999998 15.455186163255718 17.51347313307253
1.0316441852588265 2004.8393430966871 0.045454545454545456 1.2033254196643772 2467.60345268554 0.09090909090909091 f_swap_t 100 248.77904152870178 24.34599926804031 13.434420185238258 32.73925925428186 34.28512041578883 3.9699999999999998 15.455186163255718 17.51347313307253
1.0316441852588265 2004.8393430966871 0.045454545454545456 1.2489597412305637 2540.679570225608 0.045454545454545456 move_t 100 250.6890048980713 24.34599926804031 14.350075983385874 32.73925925428186 34.28512041578883 3.9699999999999998 15.455186163255718 17.51347313307253
1.0316441852588265 2004.8393430966871 0.045454545454545456 1.2419492901751088 2536.5212974153787 0.045454545454545456 f_swap_t 100 252.7692096233368 24.34599926804031 14.350075983385874 32.73925925428186 34.94226921163094 3.9699999999999998 15.455186163255718 17.51347313307253
1.0316441852588265 2004.8393430966871 0.045454545454545456 1.258596032849866 2564.2422245211824 0.022727272727272728 t_swap_k 100 254.72660279273987 24.34599926804031 14.350075983385874 33.65186666173904 34.94226921163094 3.9699999999999998 15.455186163255718 17.51347313307253
1.0316441852588265 2004.8393430966871 0.045454545454545456 1.2422371767814229 2683.5988773216013 0.09090909090909091 swap_t 100 257.19036769866943 24.34599926804031 14.350075983385874 33.65186666173904 34.94226921163094 5.0703 15.455186163255718 17.51347313307253
1.0316441852588265 2004.8393430966871 0.045454545454545456 1.2167599826717832 2487.203521461063 0.06818181818181818 f_swap_t 100 260.29776096343994 24.34599926804031 14.350075983385874 33.65186666173904 35.62284651951463 5.0703 15.455186163255718 17.51347313307253
1.0316441852588265 2004.8393430966871 0.045454545454545456 1.20651874522235 2475.6766450795844 0.09090909090909091 t_swap_k 100 262.60464787483215 24.34599926804031 14.350075983385874 34.41534799512165 35.62284651951463 5.0703 15.455186163255718 17.51347313307253
1.0316441852588265 2004.8393430966871 0.045454545454545456 1.1770733213528892 2386.8698578592534 0.06818181818181818 t_move_k 100 264.1334090232849 25.262539275359906 14.350075983385874 34.41534799512165 35.62284651951463 5.0703 15.455186163255718 17.51347313307253
1.0316441852588265 2004.8393430966871 0.045454545454545456 1.1503713792288253 2362.456849959645 0.13636363636363635 f_swap_t 100 266.65338253974915 25.262539275359906 14.350075983385874 34.41534799512165 36.29661805431949 5.0703 15.455186163255718 17.51347313307253
1.0316441852588265 2004.8393430966871 0.045454545454545456 1.1783957454267353 2418.9420674648673 0.11363636363636363 t_swap_k 100 268.7469849586487 25.262539275359906 14.350075983385874 35.14119451517043 36.29661805431949 5.0703 15.455186163255718 17.51347313307253
1.0316441852588265 2004.8393430966871 0.045454545454545456 1.2560454348633383 2600.887334329084 0.09090909090909091 t_swap_k 100 270.34743094444275 25.262539275359906 14.350075983385874 35.95978257001873 36.29661805431949 5.0703 15.455186163255718 17.51347313307253
1.0316441852588265 2004.8393430966871 0.045454545454545456 1.2999081199409908 2697.414130180473 0.06818181818181818 move_t 100 272.05285024642944 25.262539275359906 15.266575223552016 35.95978257001873 36.29661805431949 5.0703 15.455186163255718 17.51347313307253
1.0316441852588265 2004.8393430966871 0.045454545454545456 1.2535130007862532 2594.48497191461 0.09090909090909091 t_swap_r_k 100 273.17276883125305 25.262539275359906 15.266575223552016 35.95978257001873 36.29661805431949 5.0703 16.34063430162316 17.51347313307253
1.0316441852588265 2004.8393430966871 0.045454545454545456 1.2505589550016094 2572.6522492484314 0.06818181818181818 t_move_k 100 274.72982907295227 26.039913882606307 15.266575223552016 35.95978257001873 36.29661805431949 5.0703 16.34063430162316 17.51347313307253
1.0316441852588265 2004.8393430966871 0.045454545454545456 1.2417009255358065 2535.8933954114755 0.045454545454545456 t_swap_r_k 100 275.4032506942749 26.039913882606307 15.266575223552016 35.95978257001873 36.29661805431949 5.0703 17.21722795860693 17.51347313307253
1.0316441852588265 2004.8393430966871 0.045454545454545456 1.3598450999787235 2834.5790862994063 0.045454545454545456 f_swap_t 100 277.3504457473755 26.039913882606307 15.266575223552016 35.95978257001873 37.093651873776295 5.0703 17.21722795860693 17.51347313307253
1.0316441852588265 2004.8393430966871 0.045454545454545456 1.285969151863578 2662.174387466977 0.06818181818181818 t_swap_r_k 100 278.4263815879822 26.039913882606307 15.266575223552016 35.95978257001873 37.093651873776295 5.0703 18.08505567902086 17.51347313307253
1.0316441852588265 2004.8393430966871 0.045454545454545456 1.4110132738832446 2978.304151401841 0.06818181818181818 t_swap_k 100 280.84071040153503 26.039913882606307 15.266575223552016 36.790184744318545 37.093651873776295 5.0703 18.08505567902086 17.51347313307253
1.0316441852588265 2004.8393430966871 0.045454545454545456 1.4457592248936613 3066.146979302923 0.06818181818181818 f_swap_t 100 283.3228063583374 26.039913882606307 15.266575223552016 36.790184744318545 37.91271535503853 5.0703 18.08505567902086 17.51347313307253
1.0316441852588265 2004.8393430966871 0.045454545454545456 1.3964581150510322 2941.5065886588436 0.06818181818181818 f_swap_t 100 286.4629592895508 26.039913882606307 15.266575223552016 36.790184744318545 38.813588201488145 5.0703 18.08505567902086 17.51347313307253
1.0316441852588265 2004.8393430966871 0.045454545454545456 1.316620679498016 2768.3948451891465 0.11363636363636365 move_t 100 288.24291944503784 26.039913882606307 16.113909471316497 36.790184744318545 38.813588201488145 5.0703 18.08505567902086 17.51347313307253
1.0316441852588265 2004.8393430966871 0.045454545454545456 1.2874336040818346 2694.6056649203183 0.11363636363636365 t_move_k 100 290.40145087242126 27.089514743780242 16.113909471316497 36.790184744318545 38.813588201488145 5.0703 18.08505567902086 17.51347313307253
1.0316441852588265 2004.8393430966871 0.045454545454545456 1.2616117847806956 2600.5954137286076 0.06818181818181818 t_multiswap_k 100 291.8952007293701 27.089514743780242 16.113909471316497 36.790184744318545 38.813588201488145 5.0703 18.08505567902086 18.398338401741803
1.0316441852588265 2004.8393430966871 0.045454545454545456 1.2339827883438081 2545.1097485989803 0.09090909090909091 move_t 100 293.55529141426086 27.089514743780242 16.952770376603333 36.790184744318545 38.813588201488145 5.0703 18.08505567902086 18.398338401741803
1.0316441852588265 2004.8393430966871 0.045454545454545456 1.2267705180794157 2526.8760782809286 0.09090909090909091 t_swap_k 100 295.3521931171417 27.089514743780242 16.952770376603333 37.45228289687536 38.813588201488145 5.0703 18.08505567902086 18.398338401741803
1.0316441852588265 2004.8393430966871 0.045454545454545456 1.2225212278612685 2501.7687889227063 0.06818181818181818 t_swap_r_k 100 296.1161334514618 27.089514743780242 16.952770376603333 37.45228289687536 38.813588201488145 5.0703 18.944205122230652 18.398338401741803
1.0316441852588265 2004.8393430966871 0.045454545454545456 1.283117315550799 2626.235600830441 0.022727272727272728 f_swap_t 100 299.2765564918518 27.089514743780242 16.952770376603333 37.45228289687536 39.47545231947326 5.0703 18.944205122230652 18.398338401741803
1.0316441852588265 2004.8393430966871 0.045454545454545456 1.2897343559653367 2671.6933721631813 0.06818181818181818 f_swap_t 100 302.0232126712799 27.089514743780242 16.952770376603333 37.45228289687536 40.15069779627853 5.0703 18.944205122230652 18.398338401741803
1.0316441852588265 2004.8393430966871 0.045454545454545456 1.2002722102778647 2502.9778876255477 0.1590909090909091 t_swap_k 100 303.4757122993469 27.089514743780242 16.952770376603333 38.22776006790661 40.15069779627853 5.0703 18.944205122230652 18.398338401741803
1.0316441852588265 2004.8393430966871 0.045454545454545456 1.1805226155075441 2438.683569402215 0.13636363636363638 t_move_k 100 305.01996541023254 27.84861959634244 16.952770376603333 38.22776006790661 40.15069779627853 5.0703 18.944205122230652 18.398338401741803
1.0316441852588265 2004.8393430966871 0.045454545454545456 1.347324473642245 2802.9251182108856 0.045454545454545456 f_swap_t 100 307.6004259586334 27.84861959634244 16.952770376603333 38.22776006790661 41.02919081831574 5.0703 18.944205122230652 18.398338401741803
1.0316441852588265 2004.8393430966871 0.045454545454545456 1.2820397378216806 2666.604720521612 0.09090909090909091 t_move_k 100 309.32720947265625 28.890133400379018 16.952770376603333 38.22776006790661 41.02919081831574 5.0703 18.944205122230652 18.398338401741803
1.0316441852588265 2004.8393430966871 0.045454545454545456 1.281303436016199 2664.7432422514453 0.09090909090909091 move_t 100 311.13617992401123 28.890133400379018 17.8432426728373 38.22776006790661 41.02919081831574 5.0703 18.944205122230652 18.398338401741803
1.0316441852588265 2004.8393430966871 0.045454545454545456 1.281303436016199 2664.7432422514453 0.09090909090909091 t_swap_r_k 100 312.1469120979309 28.890133400379018 17.8432426728373 38.22776006790661 41.02919081831574 5.0703 19.794763071008347 18.398338401741803
1.0316441852588265 2004.8393430966871 0.045454545454545456 1.281303436016199 2664.7432422514453 0.09090909090909091 t_swap_r_k 100 313.3594744205475 28.890133400379018 17.8432426728373 38.22776006790661 41.02919081831574 5.0703 20.636815440298264 18.398338401741803
1.0316441852588265 2004.8393430966871 0.045454545454545456 1.281303436016199 2664.7432422514453 0.09090909090909091 t_swap_r_k 100 314.3514482975006 28.890133400379018 17.8432426728373 38.22776006790661 41.02919081831574 5.0703 21.470447285895283 18.398338401741803
1.0316441852588265 2004.8393430966871 0.045454545454545456 1.263338424521597 2633.689539449438 0.11363636363636365 t_swap_k 100 316.6745603084564 28.890133400379018 17.8432426728373 38.935482467227544 41.02919081831574 5.0703 21.470447285895283 18.398338401741803
1.0316441852588265 2004.8393430966871 0.045454545454545456 1.2455642686186477 2560.0249541651324 0.06818181818181818 t_move_k 100 318.75198197364807 29.76123206637523 17.8432426728373 38.935482467227544 41.02919081831574 5.0703 21.470447285895283 18.398338401741803
1.0316441852588265 2004.8393430966871 0.045454545454545456 1.2113860130693008 2502.3462719452023 0.11363636363636365 t_move_k 100 320.80560851097107 30.463619745711476 17.8432426728373 38.935482467227544 41.02919081831574 5.0703 21.470447285895283 18.398338401741803
1.0316441852588265 2004.8393430966871 0.045454545454545456 1.2311084243587003 2552.207401956284 0.11363636363636365 t_move_k 100 322.6612083911896 31.26898354825436 17.8432426728373 38.935482467227544 41.02919081831574 5.0703 21.470447285895283 18.398338401741803
1.0316441852588265 2004.8393430966871 0.045454545454545456 1.208859459987309 2481.594313132538 0.09090909090909091 t_swap_r_k 100 323.64165568351746 31.26898354825436 17.8432426728373 38.935482467227544 41.02919081831574 5.0703 22.29574281303633 18.398338401741803
1.0316441852588265 2004.8393430966871 0.045454545454545456 1.2052527517556673 2472.476029094592 0.09090909090909091 move_t 100 325.43006563186646 31.26898354825436 18.694810246108926 38.935482467227544 41.02919081831574 5.0703 22.29574281303633 18.398338401741803
1.0316441852588265 2004.8393430966871 0.045454545454545456 1.2018193690240433 2435.0670083587866 0.045454545454545456 t_multiswap_k 100 326.9323823451996 31.26898354825436 18.694810246108926 38.935482467227544 41.02919081831574 5.0703 22.29574281303633 19.244355017724384
1.0316441852588265 2004.8393430966871 0.045454545454545456 1.1780298544815773 2374.9236485993247 0.045454545454545456 t_move_k 100 328.3807427883148 31.956293712771817 18.694810246108926 38.935482467227544 41.02919081831574 5.0703 22.29574281303633 19.244355017724384
1.0316441852588265 2004.8393430966871 0.045454545454545456 1.1820421995220052 2385.0674416058937 0.045454545454545456 move_t 100 330.28334951400757 31.956293712771817 19.547862143647837 38.935482467227544 41.02919081831574 5.0703 22.29574281303633 19.244355017724384
1.0316441852588265 2004.8393430966871 0.045454545454545456 1.3230200641386727 2741.4800289508553 0.045454545454545456 f_swap_t 100 333.15569496154785 31.956293712771817 19.547862143647837 38.935482467227544 41.868898910132586 5.0703 22.29574281303633 19.244355017724384
1.0316441852588265 2004.8393430966871 0.045454545454545456 1.2582089478575647 2591.9925460700297 0.06818181818181818 t_swap_k 100 335.6709523200989 31.956293712771817 19.547862143647837 39.82612764255527 41.868898910132586 5.0703 22.29574281303633 19.244355017724384
1.0316441852588265 2004.8393430966871 0.045454545454545456 1.2915639786397333 2676.3189249265165 0.06818181818181818 t_multiswap_k 100 337.2485966682434 31.956293712771817 19.547862143647837 39.82612764255527 41.868898910132586 5.0703 22.29574281303633 20.23191146754714
1.0316441852588265 2004.8393430966871 0.045454545454545456 1.252537805757834 2563.290607939716 0.045454545454545456 t_swap_r_k 100 338.13889360427856 31.956293712771817 19.547862143647837 39.82612764255527 41.868898910132586 5.0703 23.112785384905965 20.23191146754714
1.0316441852588265 2004.8393430966871 0.045454545454545456 1.2495486061657237 2555.7334757359376 0.045454545454545456 t_swap_r_k 100 339.0022521018982 31.956293712771817 19.547862143647837 39.82612764255527 41.868898910132586 5.0703 23.921657531056905 20.23191146754714
1.0316441852588265 2004.8393430966871 0.045454545454545456 1.2495486061657237 2555.7334757359376 0.045454545454545456 t_swap_r_k 100 340.32990646362305 31.956293712771817 19.547862143647837 39.82612764255527 41.868898910132586 5.0703 24.722440955746336 20.23191146754714
1.0316441852588265 2004.8393430966871 0.045454545454545456 1.228833846736506 2503.3635450062375 0.045454545454545456 t_move_k 100 342.1978602409363 32.7667307756441 19.547862143647837 39.82612764255527 41.868898910132586 5.0703 24.722440955746336 20.23191146754714
1.0316441852588265 2004.8393430966871 0.045454545454545456 1.2862306819400589 2648.471109203887 0.045454545454545456 f_swap_t 100 344.33798718452454 32.7667307756441 19.547862143647837 39.82612764255527 42.60020992103126 5.0703 24.722440955746336 20.23191146754714
1.0316441852588265 2004.8393430966871 0.045454545454545456 1.3071256364037478 2686.9321348308276 0.022727272727272728 move_t 100 346.03973293304443 32.7667307756441 20.47238352221136 39.82612764255527 42.60020992103126 5.0703 24.722440955746336 20.23191146754714
1.0316441852588265 2004.8393430966871 0.045454545454545456 1.2394913133559975 2515.9427093893273 0.022727272727272728 t_multiswap_k 100 347.25814485549927 32.7667307756441 20.47238352221136 39.82612764255527 42.60020992103126 5.0703 24.722440955746336 21.08959235287167
1.0316441852588265 2004.8393430966871 0.045454545454545456 1.2069303377542457 2433.623817751608 0.022727272727272728 t_multiswap_k 100 348.76106119155884 32.7667307756441 20.47238352221136 39.82612764255527 42.60020992103126 5.0703 24.722440955746336 21.938696429342954
1.0316441852588265 2004.8393430966871 0.045454545454545456 1.1620404822358728 2334.5001853300455 0.045454545454545456 f_swap_t 100 350.7997364997864 32.7667307756441 20.47238352221136 39.82612764255527 43.17420782182094 5.0703 24.722440955746336 21.938696429342954
1.0316441852588265 2004.8393430966871 0.045454545454545456 1.1618590287507273 2334.041444475236 0.045454545454545456 move_t 100 351.69804644584656 32.7667307756441 21.267659686989244 39.82612764255527 43.17420782182094 5.0703 24.722440955746336 21.938696429342954
1.0316441852588265 2004.8393430966871 0.045454545454545456 1.2803705319162175 2619.291331496103 0.022727272727272728 t_move_k 100 353.6412785053253 33.52906346788766 21.267659686989244 39.82612764255527 43.17420782182094 5.0703 24.722440955746336 21.938696429342954
1.0316441852588265 2004.8393430966871 0.045454545454545456 1.2569068353156028 2574.336151388008 0.045454545454545456 t_swap_k 100 355.65081453323364 33.52906346788766 21.267659686989244 40.58786636612972 43.17420782182094 5.0703 24.722440955746336 21.938696429342954
1.0316441852588265 2004.8393430966871 0.045454545454545456 1.2342495550865364 2517.0552449804745 0.045454545454545456 t_multiswap_k 100 357.1584503650665 33.52906346788766 21.267659686989244 40.58786636612972 43.17420782182094 5.0703 24.722440955746336 22.849309465049526
1.0316441852588265 2004.8393430966871 0.045454545454545456 1.2139848085294067 2451.458547963767 0.022727272727272728 t_swap_r_k 100 358.94344425201416 33.52906346788766 21.267659686989244 40.58786636612972 43.17420782182094 5.0703 25.545216546188872 22.849309465049526
1.0316441852588265 2004.8393430966871 0.045454545454545456 1.2164873777089187 2457.785407564775 0.022727272727272728 t_move_k 100 360.6182761192322 34.33377283320878 21.267659686989244 40.58786636612972 43.17420782182094 5.0703 25.545216546188872 22.849309465049526
1.0316441852588265 2004.8393430966871 0.045454545454545456 1.2762723171758326 2611.2321682636425 0.022727272727272728 move_t 100 362.55336570739746 34.33377283320878 22.204983090119352 40.58786636612972 43.17420782182094 5.0703 25.545216546188872 22.849309465049526
1.0316441852588265 2004.8393430966871 0.045454545454545456 1.2278114702637604 2500.7788282857605 0.045454545454545456 t_multiswap_k 100 364.5694086551666 34.33377283320878 22.204983090119352 40.58786636612972 43.17420782182094 5.0703 25.545216546188872 23.65081637039903
1.0316441852588265 2004.8393430966871 0.045454545454545456 1.2680194531164082 2616.794933111239 0.06818181818181818 t_swap_k 100 366.8099958896637 34.33377283320878 22.204983090119352 41.41198770246842 43.17420782182094 5.0703 25.545216546188872 23.65081637039903
1.0316441852588265 2004.8393430966871 0.045454545454545456 1.2511695997616823 2545.4671193732866 0.022727272727272728 f_swap_t 100 369.52816915512085 34.33377283320878 22.204983090119352 41.41198770246842 43.91246574360273 5.0703 25.545216546188872 23.65081637039903
1.0316441852588265 2004.8393430966871 0.045454545454545456 1.3286776960167987 2755.783346861161 0.045454545454545456 t_swap_k 100 371.4027180671692 34.33377283320878 22.204983090119352 42.18786782544374 43.91246574360273 5.0703 25.545216546188872 23.65081637039903
1.0316441852588265 2004.8393430966871 0.045454545454545456 1.2885166647076196 2639.8859423801155 0.022727272727272728 t_swap_r_k 100 372.4158618450165 34.33377283320878 22.204983090119352 42.18786782544374 43.91246574360273 5.0703 26.32976438072698 23.65081637039903
1.0316441852588265 2004.8393430966871 0.045454545454545456 1.2819785640714736 2637.7211355441277 0.045454545454545456 f_swap_t 100 375.7418563365936 34.33377283320878 22.204983090119352 42.18786782544374 44.473341086166705 5.0703 26.32976438072698 23.65081637039903
1.0316441852588265 2004.8393430966871 0.045454545454545456 1.374546302199187 2871.745868011728 0.045454545454545456 t_swap_k 100 378.2086899280548 34.33377283320878 22.204983090119352 42.9859891471893 44.473341086166705 5.0703 26.32976438072698 23.65081637039903
1.0316441852588265 2004.8393430966871 0.045454545454545456 1.283252707975528 2655.306821433473 0.06818181818181818 t_swap_k 100 379.73735308647156 34.33377283320878 22.204983090119352 43.77612925571741 44.473341086166705 5.0703 26.32976438072698 23.65081637039903
1.0316441852588265 2004.8393430966871 0.045454545454545456 1.3700863182011425 2676.879458381918 0.045454545454545456 swap_t 100 381.6671288013458 34.33377283320878 22.204983090119352 43.77612925571741 44.473341086166705 6.029597 26.32976438072698 23.65081637039903
1.0316441852588265 2004.8393430966871 0.045454545454545456 1.3289959151981505 2756.5878513277075 0.045454545454545456 t_swap_k 100 384.1318471431732 34.33377283320878 22.204983090119352 44.528367963160235 44.473341086166705 6.029597 26.32976438072698 23.65081637039903
1.0316441852588265 2004.8393430966871 0.045454545454545456 1.2857693439002622 2647.3047794055765 0.045454545454545456 swap_t 100 385.4643087387085 34.33377283320878 22.204983090119352 44.528367963160235 44.473341086166705 6.96930103 26.32976438072698 23.65081637039903
1.0316441852588265 2004.8393430966871 0.045454545454545456 1.3107319272277418 2710.41382801227 0.045454545454545456 f_swap_t 100 388.40666222572327 34.33377283320878 22.204983090119352 44.528367963160235 45.07860767530504 6.96930103 26.32976438072698 23.65081637039903
1.0316441852588265 2004.8393430966871 0.045454545454545456 1.313346450462054 2717.023723779585 0.045454545454545456 f_swap_t 100 390.49520802497864 34.33377283320878 22.204983090119352 44.528367963160235 45.81782159855199 6.96930103 26.32976438072698 23.65081637039903
1.0316441852588265 2004.8393430966871 0.045454545454545456 1.2350589371671492 2519.1014808366226 0.045454545454545456 t_multiswap_k 100 391.620329618454 34.33377283320878 22.204983090119352 44.528367963160235 45.81782159855199 6.96930103 26.32976438072698 24.51430820669504
1.0316441852588265 2004.8393430966871 0.045454545454545456 1.230948518274463 2479.980814016899 0.0 t_swap_r_k 100 393.1677770614624 34.33377283320878 22.204983090119352 44.528367963160235 45.81782159855199 6.96930103 27.10646673691971 24.51430820669504
1.0316441852588265 2004.8393430966871 0.045454545454545456 1.226687641305535 2483.573160485817 0.022727272727272728 t_multiswap_k 100 395.0136957168579 34.33377283320878 22.204983090119352 44.528367963160235 45.81782159855199 6.96930103 27.10646673691971 25.29916512462809
1.0316441852588265 2004.8393430966871 0.045454545454545456 1.2416143116839855 2521.309958560427 0.022727272727272728 t_swap_k 100 397.4086480140686 34.33377283320878 22.204983090119352 45.16308428352863 45.81782159855199 6.96930103 27.10646673691971 25.29916512462809
1.0316441852588265 2004.8393430966871 0.045454545454545456 1.2245904704736674 2478.271206988913 0.022727272727272728 swap_t 100 399.29105615615845 34.33377283320878 22.204983090119352 45.16308428352863 45.81782159855199 7.8996080197 27.10646673691971 25.29916512462809
1.0316441852588265 2004.8393430966871 0.045454545454545456 1.2462887202764534 2533.1275447132534 0.022727272727272728 t_swap_k 100 401.7045519351959 34.33377283320878 22.204983090119352 45.861453440693346 45.81782159855199 7.8996080197 27.10646673691971 25.29916512462809
1.0316441852588265 2004.8393430966871 0.045454545454545456 1.2438728607453846 2527.019899740254 0.022727272727272728 t_swap_k 100 403.30285358428955 34.33377283320878 22.204983090119352 46.63283890628641 45.81782159855199 7.8996080197 27.10646673691971 25.29916512462809
1.0316441852588265 2004.8393430966871 0.045454545454545456 1.238805639881015 2514.209226917048 0.022727272727272728 t_swap_k 100 405.4658885002136 34.33377283320878 22.204983090119352 47.24651051722355 45.81782159855199 7.8996080197 27.10646673691971 25.29916512462809
1.0316441852588265 2004.8393430966871 0.045454545454545456 1.3077427492972147 2702.856750572131 0.045454545454545456 t_swap_k 100 407.35259652137756 34.33377283320878 22.204983090119352 47.96404541205131 45.81782159855199 7.8996080197 27.10646673691971 25.29916512462809
1.0316441852588265 2004.8393430966871 0.045454545454545456 1.328900935998667 2756.347730069496 0.045454545454545456 t_swap_k 100 409.3704876899719 34.33377283320878 22.204983090119352 48.8244049579308 45.81782159855199 7.8996080197 27.10646673691971 25.29916512462809
1.0316441852588265 2004.8393430966871 0.045454545454545456 1.4070228601186652 2953.8513394459374 0.045454545454545456 f_swap_t 100 411.58396100997925 34.33377283320878 22.204983090119352 48.8244049579308 46.519643382566464 7.8996080197 27.10646673691971 25.29916512462809
1.0316441852588265 2004.8393430966871 0.045454545454545456 1.3472514387938062 2802.7404754702034 0.045454545454545456 f_swap_t 100 414.9298965930939 34.33377283320878 22.204983090119352 48.8244049579308 47.3944469487408 7.8996080197 27.10646673691971 25.29916512462809
1.0316441852588265 2004.8393430966871 0.045454545454545456 1.268517065803205 2589.3240416819744 0.022727272727272728 t_multiswap_k 100 416.7975583076477 34.33377283320878 22.204983090119352 48.8244049579308 47.3944469487408 7.8996080197 27.10646673691971 26.24617347338181
1.0316441852588265 2004.8393430966871 0.045454545454545456 1.2630777868526528 2575.572751794526 0.022727272727272728 f_swap_t 100 420.39974451065063 34.33377283320878 22.204983090119352 48.8244049579308 47.990502479253394 7.8996080197 27.10646673691971 26.24617347338181
1.0316441852588265 2004.8393430966871 0.045454545454545456 1.2073340208192493 2463.3733161929426 0.06818181818181818 t_swap_k 100 422.1683804988861 34.33377283320878 22.204983090119352 49.3961609083515 47.990502479253394 7.8996080197 27.10646673691971 26.24617347338181
1.0316441852588265 2004.8393430966871 0.045454545454545456 1.1885090889002639 2430.145609236463 0.09090909090909091 t_swap_r_k 100 423.4773585796356 34.33377283320878 22.204983090119352 49.3961609083515 47.990502479253394 7.8996080197 27.875402069550514 26.24617347338181
1.0316441852588265 2004.8393430966871 0.045454545454545456 1.1759796735611534 2427.198350090136 0.13636363636363635 move_t 100 425.3300778865814 34.33377283320878 23.01293325921816 49.3961609083515 47.990502479253394 7.8996080197 27.875402069550514 26.24617347338181
1.0316441852588265 2004.8393430966871 0.045454545454545456 1.1759796735611534 2427.198350090136 0.13636363636363635 t_swap_r_k 100 426.55169224739075 34.33377283320878 23.01293325921816 49.3961609083515 47.990502479253394 7.8996080197 28.636648048855008 26.24617347338181
1.0316441852588265 2004.8393430966871 0.045454545454545456 1.1759796735611534 2427.198350090136 0.13636363636363635 move_t 100 428.17754769325256 34.33377283320878 23.782803926625977 49.3961609083515 47.990502479253394 7.8996080197 28.636648048855008 26.24617347338181
1.0316441852588265 2004.8393430966871 0.045454545454545456 1.1759796735611534 2427.198350090136 0.13636363636363635 f_swap_t 100 430.5724587440491 34.33377283320878 23.782803926625977 49.3961609083515 48.51059745446086 7.8996080197 28.636648048855008 26.24617347338181
1.0316441852588265 2004.8393430966871 0.045454545454545456 1.1759796735611534 2427.198350090136 0.13636363636363635 t_swap_r_k 100 431.55016827583313 34.33377283320878 23.782803926625977 49.3961609083515 48.51059745446086 7.8996080197 29.390281568366458 26.24617347338181
1.0316441852588265 2004.8393430966871 0.045454545454545456 1.2377341493956493 2554.5937360475587 0.09090909090909091 t_move_k 100 433.71150755882263 35.18043510487669 23.782803926625977 49.3961609083515 48.51059745446086 7.8996080197 29.390281568366458 26.24617347338181
1.0316441852588265 2004.8393430966871 0.045454545454545456 1.30560370390277 2711.8133964892504 0.06818181818181818 f_swap_t 100 435.8289227485657 35.18043510487669 23.782803926625977 49.3961609083515 49.12549147991625 7.8996080197 29.390281568366458 26.24617347338181
1.0316441852588265 2004.8393430966871 0.045454545454545456 1.2365369916272364 2522.838217917929 0.045454545454545456 t_swap_k 100 437.31904125213623 35.18043510487669 23.782803926625977 50.16219929926798 49.12549147991625 7.8996080197 29.390281568366458 26.24617347338181
1.0316441852588265 2004.8393430966871 0.045454545454545456 1.2213713493389153 2484.497264028281 0.045454545454545456 move_t 100 438.7731885910034 35.18043510487669 24.684975887359716 50.16219929926798 49.12549147991625 7.8996080197 29.390281568366458 26.24617347338181
1.0316441852588265 2004.8393430966871 0.045454545454545456 1.2416263367720606 2550.0692885572976 0.06818181818181818 t_swap_k 100 441.1003620624542 35.18043510487669 24.684975887359716 50.8005773062753 49.12549147991625 7.8996080197 29.390281568366458 26.24617347338181
1.0316441852588265 2004.8393430966871 0.045454545454545456 1.2036334552547416 2454.0177471390903 0.06818181818181818 t_move_k 100 443.21263241767883 35.89863075382792 24.684975887359716 50.8005773062753 49.12549147991625 7.8996080197 29.390281568366458 26.24617347338181
1.0316441852588265 2004.8393430966871 0.045454545454545456 1.249978378771335 2542.4555391055346 0.022727272727272728 t_swap_k 100 445.74026012420654 35.89863075382792 24.684975887359716 51.572571533212546 49.12549147991625 7.8996080197 29.390281568366458 26.24617347338181
1.0316441852588265 2004.8393430966871 0.045454545454545456 1.2504822998589742 2543.7295250546877 0.022727272727272728 t_move_k 100 447.9245374202728 36.67964444628964 24.684975887359716 51.572571533212546 49.12549147991625 7.8996080197 29.390281568366458 26.24617347338181
1.0316441852588265 2004.8393430966871 0.045454545454545456 1.2252068198019228 2479.829427915221 0.022727272727272728 move_t 100 450.010360956192 36.67964444628964 25.478126128486117 51.572571533212546 49.12549147991625 7.8996080197 29.390281568366458 26.24617347338181
1.0316441852588265 2004.8393430966871 0.045454545454545456 1.1971233161091626 2408.830237793674 0.022727272727272728 t_swap_r_k 100 451.35896253585815 36.67964444628964 25.478126128486117 51.572571533212546 49.12549147991625 7.8996080197 30.136378752682795 26.24617347338181
1.0316441852588265 2004.8393430966871 0.045454545454545456 1.1916165001638985 2394.9082045410014 0.022727272727272728 t_multiswap_k 100 452.61351013183594 36.67964444628964 25.478126128486117 51.572571533212546 49.12549147991625 7.8996080197 30.136378752682795 26.98371173864799
1.0316441852588265 2004.8393430966871 0.045454545454545456 1.1846241380644442 2377.230494112518 0.022727272727272728 t_swap_r_k 100 453.61484718322754 36.67964444628964 25.478126128486117 51.572571533212546 49.12549147991625 7.8996080197 30.875014965155966 26.98371173864799
1.0316441852588265 2004.8393430966871 0.045454545454545456 1.1846241380644442 2377.230494112518 0.022727272727272728 t_swap_r_k 100 454.4121413230896 36.67964444628964 25.478126128486117 51.572571533212546 49.12549147991625 7.8996080197 31.606264815504407 26.98371173864799
1.0316441852588265 2004.8393430966871 0.045454545454545456 1.1846241380644442 2377.230494112518 0.022727272727272728 t_swap_k 100 456.6664958000183 36.67964444628964 25.478126128486117 52.05684581788042 49.12549147991625 7.8996080197 31.606264815504407 26.98371173864799
1.0316441852588265 2004.8393430966871 0.045454545454545456 1.318248451637364 2743.7811615612018 0.06818181818181818 f_swap_t 100 458.7532365322113 36.67964444628964 25.478126128486117 52.05684581788042 49.87423656511709 7.8996080197 31.606264815504407 26.98371173864799
1.0316441852588265 2004.8393430966871 0.045454545454545456 1.2742317851452278 2618.1361494315897 0.045454545454545456 t_move_k 100 460.2443947792053 37.43284800182675 25.478126128486117 52.05684581788042 49.87423656511709 7.8996080197 31.606264815504407 26.98371173864799
1.0316441852588265 2004.8393430966871 0.045454545454545456 1.2360305003113594 2521.5577340572154 0.045454545454545456 t_swap_r_k 100 461.22848749160767 37.43284800182675 25.478126128486117 52.05684581788042 49.87423656511709 7.8996080197 32.33020216734936 26.98371173864799
1.0316441852588265 2004.8393430966871 0.045454545454545456 1.2298040838943243 2520.180910350849 0.06818181818181818 t_multiswap_k 100 462.64759635925293 37.43284800182675 25.478126128486117 52.05684581788042 49.87423656511709 7.8996080197 32.33020216734936 27.90387462126151
1.0316441852588265 2004.8393430966871 0.045454545454545456 1.164024033495687 2368.2438208120257 0.09090909090909091 f_swap_t 100 465.84741044044495 37.43284800182675 25.478126128486117 52.05684581788042 50.37549419946592 7.8996080197 32.33020216734936 27.90387462126151
1.0316441852588265 2004.8393430966871 0.045454545454545456 1.2445218256065327 2557.3895063087057 0.06818181818181818 t_swap_k 100 467.9944865703583 37.43284800182675 25.478126128486117 52.66627735970162 50.37549419946592 7.8996080197 32.33020216734936 27.90387462126151
1.0316441852588265 2004.8393430966871 0.045454545454545456 1.1955214354505352 2433.5093788582094 0.06818181818181818 t_multiswap_k 100 469.854199886322 37.43284800182675 25.478126128486117 52.66627735970162 50.37549419946592 7.8996080197 32.33020216734936 28.754835875048897
1.0316441852588265 2004.8393430966871 0.045454545454545456 1.1465659217631943 2309.7427056606075 0.06818181818181818 move_t 100 472.0425536632538 37.43284800182675 26.223344867201256 52.66627735970162 50.37549419946592 7.8996080197 32.33020216734936 28.754835875048897
1.0316441852588265 2004.8393430966871 0.045454545454545456 1.3366203854039065 2804.59255199175 0.09090909090909091 f_swap_t 100 474.5229320526123 37.43284800182675 26.223344867201256 52.66627735970162 51.03173925747126 7.8996080197 32.33020216734936 28.754835875048897
1.0316441852588265 2004.8393430966871 0.045454545454545456 1.2881158784090498 2653.237160619077 0.045454545454545456 t_swap_r_k 100 476.03030920028687 37.43284800182675 26.223344867201256 52.66627735970162 51.03173925747126 7.8996080197 33.04690014567587 28.754835875048897
1.0316441852588265 2004.8393430966871 0.045454545454545456 1.2527775838210404 2599.5220374842374 0.045454545454545456 move_t 100 477.9201316833496 37.43284800182675 26.991111418529243 52.66627735970162 51.03173925747126 7.8996080197 33.04690014567587 28.754835875048897
1.0316441852588265 2004.8393430966871 0.045454545454545456 1.2806033126139091 2648.6087638461922 0.06818181818181818 t_multiswap_k 100 479.35992527008057 37.43284800182675 26.991111418529243 52.66627735970162 51.03173925747126 7.8996080197 33.04690014567587 29.57728751629841
1.0316441852588265 2004.8393430966871 0.045454545454545456 1.2195421027200917 2494.2371263991013 0.06818181818181818 t_move_k 100 481.11708545684814 38.14851952180848 26.991111418529243 52.66627735970162 51.03173925747126 7.8996080197 33.04690014567587 29.57728751629841
1.0316441852588265 2004.8393430966871 0.045454545454545456 1.241555659369629 2535.5261413728244 0.045454545454545456 move_t 100 482.7432563304901 38.14851952180848 27.89120030434395 52.66627735970162 51.03173925747126 7.8996080197 33.04690014567587 29.57728751629841
1.0316441852588265 2004.8393430966871 0.045454545454545456 1.2634565092192793 2590.894681541821 0.045454545454545456 f_swap_t 100 484.349986076355 38.14851952180848 27.89120030434395 52.66627735970162 51.591421864896546 7.8996080197 33.04690014567587 29.57728751629841
1.0316441852588265 2004.8393430966871 0.045454545454545456 1.3240077303079507 2753.419665037222 0.06818181818181818 move_t 100 486.13808393478394 38.14851952180848 28.87228830130051 52.66627735970162 51.591421864896546 7.8996080197 33.04690014567587 29.57728751629841
1.0316441852588265 2004.8393430966871 0.045454545454545456 1.2783587154085971 2671.6630238135695 0.11363636363636363 f_swap_t 100 488.55761337280273 38.14851952180848 28.87228830130051 52.66627735970162 52.20550764624758 7.8996080197 33.04690014567587 29.57728751629841
1.0316441852588265 2004.8393430966871 0.045454545454545456 1.2760932207701683 2665.9355232027883 0.11363636363636363 t_multiswap_k 100 489.8692111968994 38.14851952180848 28.87228830130051 52.66627735970162 52.20550764624758 7.8996080197 33.04690014567587 30.311514641135425
1.0316441852588265 2004.8393430966871 0.045454545454545456 1.3741045531630605 2899.3579908912493 0.09090909090909091 t_swap_k 100 492.0493721961975 38.14851952180848 28.87228830130051 53.3896145861046 52.20550764624758 7.8996080197 33.04690014567587 30.311514641135425
1.0316441852588265 2004.8393430966871 0.045454545454545456 1.2979353635459352 2735.520107744118 0.13636363636363635 t_swap_r_k 100 492.9358160495758 38.14851952180848 28.87228830130051 53.3896145861046 52.20550764624758 7.8996080197 33.786431144219115 30.311514641135425
1.0316441852588265 2004.8393430966871 0.045454545454545456 1.3695947509590696 2873.592089266758 0.06818181818181818 t_swap_k 100 495.76160645484924 38.14851952180848 28.87228830130051 54.10571844024356 52.20550764624758 7.8996080197 33.786431144219115 30.311514641135425
1.0316441852588265 2004.8393430966871 0.045454545454545456 1.236136260163237 2536.189574786675 0.06818181818181818 t_multiswap_k 100 497.11240315437317 38.14851952180848 28.87228830130051 54.10571844024356 52.20550764624758 7.8996080197 33.786431144219115 31.23839949472407
1.0316441852588265 2004.8393430966871 0.045454545454545456 1.1801861421866215 2409.1039869888177 0.09090909090909091 t_move_k 100 498.89066910743713 38.7970343265904 28.87228830130051 54.10571844024356 52.20550764624758 7.8996080197 33.786431144219115 31.23839949472407
1.0316441852588265 2004.8393430966871 0.045454545454545456 1.1570059761493197 2379.2300778763397 0.13636363636363635 t_multiswap_k 100 500.3669662475586 38.7970343265904 28.87228830130051 54.10571844024356 52.20550764624758 7.8996080197 33.786431144219115 31.92601549977683
1.0316441852588265 2004.8393430966871 0.045454545454545456 1.1570059761493197 2379.2300778763397 0.13636363636363635 t_move_k 100 502.39307284355164 39.409063983324494 28.87228830130051 54.10571844024356 52.20550764624758 7.8996080197 33.786431144219115 31.92601549977683
1.0316441852588265 2004.8393430966871 0.045454545454545456 1.2426641919977204 2581.4220666426822 0.11363636363636363 f_swap_t 100 504.38170886039734 39.409063983324494 28.87228830130051 54.10571844024356 52.72345256978511 7.8996080197 33.786431144219115 31.92601549977683
1.0316441852588265 2004.8393430966871 0.045454545454545456 1.253576693712441 2609.0104613252474 0.11363636363636363 move_t 100 506.42518520355225 39.409063983324494 29.743565418287506 54.10571844024356 52.72345256978511 7.8996080197 33.786431144219115 31.92601549977683
1.0316441852588265 2004.8393430966871 0.045454545454545456 1.2510532217023775 2573.901827500579 0.06818181818181818 t_move_k 100 507.7544891834259 40.08497334349125 29.743565418287506 54.10571844024356 52.72345256978511 7.8996080197 33.786431144219115 31.92601549977683
1.0316441852588265 2004.8393430966871 0.045454545454545456 1.226322393660826 2525.743154442734 0.09090909090909091 t_swap_k 100 509.4639458656311 40.08497334349125 29.743565418287506 54.60466125584112 52.72345256978511 7.8996080197 33.786431144219115 31.92601549977683
1.0316441852588265 2004.8393430966871 0.045454545454545456 1.224109470646434 2505.7840981482505 0.06818181818181818 t_move_k 100 510.644074678421 40.68412361005634 29.743565418287506 54.60466125584112 52.72345256978511 7.8996080197 33.786431144219115 31.92601549977683
1.0316441852588265 2004.8393430966871 0.045454545454545456 1.2120591271630197 2504.0480024712892 0.11363636363636363 t_move_k 100 511.81696343421936 41.27728237395578 29.743565418287506 54.60466125584112 52.72345256978511 7.8996080197 33.786431144219115 31.92601549977683
1.0316441852588265 2004.8393430966871 0.045454545454545456 1.2120591271630197 2504.0480024712892 0.11363636363636363 t_move_k 100 512.8968541622162 41.86450955021622 29.743565418287506 54.60466125584112 52.72345256978511 7.8996080197 33.786431144219115 31.92601549977683
1.0316441852588265 2004.8393430966871 0.045454545454545456 1.211396796666442 2502.373534450337 0.11363636363636363 move_t 100 514.3673896789551 41.86450955021622 30.47612976410463 54.60466125584112 52.72345256978511 7.8996080197 33.786431144219115 31.92601549977683
1.0316441852588265 2004.8393430966871 0.045454545454545456 1.2099208296264035 2498.642074671127 0.11363636363636363 t_move_k 100 515.6057960987091 42.445864454714055 30.47612976410463 54.60466125584112 52.72345256978511 7.8996080197 33.786431144219115 31.92601549977683
1.0316441852588265 2004.8393430966871 0.045454545454545456 1.2312218745255719 2552.494220511944 0.11363636363636363 t_multiswap_k 100 516.9416453838348 42.445864454714055 30.47612976410463 54.60466125584112 52.72345256978511 7.8996080197 33.786431144219115 32.73675534477906
1.0316441852588265 2004.8393430966871 0.045454545454545456 1.2019469240805962 2464.11841495288 0.09090909090909091 t_swap_k 100 519.5263140201569 42.445864454714055 30.47612976410463 55.05861464328271 52.72345256978511 7.8996080197 33.786431144219115 32.73675534477906
1.0316441852588265 2004.8393430966871 0.045454545454545456 1.2019469240805962 2464.11841495288 0.09090909090909091 f_swap_t 100 521.4471983909607 42.445864454714055 30.47612976410463 55.05861464328271 53.19621804408726 7.8996080197 33.786431144219115 32.73675534477906
1.0316441852588265 2004.8393430966871 0.045454545454545456 1.2019469240805962 2464.11841495288 0.09090909090909091 move_t 100 522.2396574020386 42.445864454714055 31.171368466463584 55.05861464328271 53.19621804408726 7.8996080197 33.786431144219115 32.73675534477906
1.0316441852588265 2004.8393430966871 0.045454545454545456 1.2076287422624143 2464.11841495288 0.06818181818181818 t_swap_r_k 100 523.3755192756653 42.445864454714055 31.171368466463584 55.05861464328271 53.19621804408726 7.8996080197 34.488566832776925 32.73675534477906
1.0316441852588265 2004.8393430966871 0.045454545454545456 1.1740465498890926 2407.9466673099896 0.11363636363636363 t_move_k 100 524.5053362846375 43.08140581016691 31.171368466463584 55.05861464328271 53.19621804408726 7.8996080197 34.488566832776925 32.73675534477906
1.0316441852588265 2004.8393430966871 0.045454545454545456 1.232858555945982 2556.6319896666546 0.11363636363636363 t_move_k 100 525.266850233078 43.690591752065245 31.171368466463584 55.05861464328271 53.19621804408726 7.8996080197 34.488566832776925 32.73675534477906
1.0316441852588265 2004.8393430966871 0.045454545454545456 1.2458723721088096 2560.8038846901286 0.06818181818181818 t_swap_k 100 526.4472978115082 43.690591752065245 31.171368466463584 55.708028496849884 53.19621804408726 7.8996080197 34.488566832776925 32.73675534477906
1.0316441852588265 2004.8393430966871 0.045454545454545456 1.2314245143070575 2524.27759458979 0.06818181818181818 t_move_k 100 527.6254703998566 44.28368583454459 31.171368466463584 55.708028496849884 53.19621804408726 7.8996080197 34.488566832776925 32.73675534477906
1.0316441852588265 2004.8393430966871 0.045454545454545456 1.2043786820288849 2455.901789030726 0.06818181818181818 f_swap_t 100 529.2153117656708 44.28368583454459 31.171368466463584 55.708028496849884 53.66425586364639 7.8996080197 34.488566832776925 32.73675534477906
1.0316441852588265 2004.8393430966871 0.045454545454545456 1.2043786820288849 2455.901789030726 0.06818181818181818 t_swap_k 100 530.1268439292908 44.28368583454459 31.171368466463584 56.150948211881385 53.66425586364639 7.8996080197 34.488566832776925 32.73675534477906
1.0316441852588265 2004.8393430966871 0.045454545454545456 1.2043786820288849 2455.901789030726 0.06818181818181818 f_swap_t 100 531.9206187725067 44.28368583454459 31.171368466463584 56.150948211881385 54.12761330500992 7.8996080197 34.488566832776925 32.73675534477906
1.0316441852588265 2004.8393430966871 0.045454545454545456 1.2043786820288849 2455.901789030726 0.06818181818181818 t_move_k 100 532.8227183818817 44.84084897619915 31.171368466463584 56.150948211881385 54.12761330500992 7.8996080197 34.488566832776925 32.73675534477906
1.0316441852588265 2004.8393430966871 0.045454545454545456 1.2043786820288849 2455.901789030726 0.06818181818181818 t_swap_r_k 100 533.7837672233582 44.84084897619915 31.171368466463584 56.150948211881385 54.12761330500992 7.8996080197 35.183681164449155 32.73675534477906
1.0316441852588265 2004.8393430966871 0.045454545454545456 1.341766366023917 2817.6023409553727 0.09090909090909091 t_swap_k 100 535.4900035858154 44.84084897619915 31.171368466463584 56.76943872976257 54.12761330500992 7.8996080197 35.183681164449155 32.73675534477906
1.0316441852588265 2004.8393430966871 0.045454545454545456 1.2888598282242554 2655.117974172418 0.045454545454545456 t_multiswap_k 100 536.9332718849182 44.84084897619915 31.171368466463584 56.76943872976257 54.12761330500992 7.8996080197 35.183681164449155 33.56938779133127
1.0316441852588265 2004.8393430966871 0.045454545454545456 1.2795788164821618 2674.7476171405715 0.11363636363636363 t_multiswap_k 100 537.8302593231201 44.84084897619915 31.171368466463584 56.76943872976257 54.12761330500992 7.8996080197 35.183681164449155 34.48369391341796
1.0316441852588265 2004.8393430966871 0.045454545454545456 1.3261647782403547 2749.4303244989424 0.045454545454545456 t_move_k 100 539.3121716976166 45.672440486437154 31.171368466463584 56.76943872976257 54.12761330500992 7.8996080197 35.183681164449155 34.48369391341796
1.0316441852588265 2004.8393430966871 0.045454545454545456 1.3072260676695464 2715.9149685289735 0.06818181818181818 t_swap_k 100 541.3209810256958 45.672440486437154 31.171368466463584 57.511744342464944 54.12761330500992 7.8996080197 35.183681164449155 34.48369391341796
1.0316441852588265 2004.8393430966871 0.045454545454545456 1.2613917046554468 2600.039019098313 0.06818181818181818 t_multiswap_k 100 542.8962616920471 45.672440486437154 31.171368466463584 57.511744342464944 54.12761330500992 7.8996080197 35.183681164449155 35.19885697428378
1.0316441852588265 2004.8393430966871 0.045454545454545456 1.2289777676791154 2518.091862534523 0.06818181818181818 t_swap_k 100 545.0922570228577 45.672440486437154 31.171368466463584 58.00662689904029 54.12761330500992 7.8996080197 35.183681164449155 35.19885697428378
1.0316441852588265 2004.8393430966871 0.045454545454545456 1.2005340771945328 2474.9109965326793 0.11363636363636363 t_multiswap_k 100 546.4044423103333 45.672440486437154 31.171368466463584 58.00662689904029 54.12761330500992 7.8996080197 35.183681164449155 35.90686840454094
1.0316441852588265 2004.8393430966871 0.045454545454545456 1.2320311786275437 2540.175794815862 0.09090909090909091 t_swap_k 100 547.7382600307465 45.672440486437154 31.171368466463584 58.65656063004989 54.12761330500992 7.8996080197 35.183681164449155 35.90686840454094
1.0316441852588265 2004.8393430966871 0.045454545454545456 1.326262117167195 2735.311947080949 0.022727272727272728 f_swap_t 100 549.8731513023376 45.672440486437154 31.171368466463584 58.65656063004989 54.65633717195983 7.8996080197 35.183681164449155 35.90686840454094
1.0316441852588265 2004.8393430966871 0.045454545454545456 1.272920106163161 2629.1844982165303 0.06818181818181818 t_multiswap_k 100 550.7397332191467 45.672440486437154 31.171368466463584 58.65656063004989 54.65633717195983 7.8996080197 35.183681164449155 36.547799720495526
1.0316441852588265 2004.8393430966871 0.045454545454545456 1.2694940470547231 2591.7939926674567 0.022727272727272728 t_move_k 100 551.9992389678955 46.35571608157278 31.171368466463584 58.65656063004989 54.65633717195983 7.8996080197 35.183681164449155 36.547799720495526
1.0316441852588265 2004.8393430966871 0.045454545454545456 1.2508059894078931 2530.183394996813 0.0 t_swap_r_k 100 553.4504399299622 46.35571608157278 31.171368466463584 58.65656063004989 54.65633717195983 7.8996080197 35.871844352804665 36.547799720495526
1.0316441852588265 2004.8393430966871 0.045454545454545456 1.2442523085807413 2513.6147347565015 0.0 t_swap_r_k 100 554.1174659729004 46.35571608157278 31.171368466463584 58.65656063004989 54.65633717195983 7.8996080197 36.553125909276616 36.547799720495526
1.0316441852588265 2004.8393430966871 0.045454545454545456 1.304200830112563 2679.5377982762307 0.022727272727272728 t_swap_k 100 555.1925146579742 46.35571608157278 31.171368466463584 59.36999502374939 54.65633717195983 7.8996080197 36.553125909276616 36.547799720495526
1.0316441852588265 2004.8393430966871 0.045454545454545456 1.2938865018209962 2653.461673182987 0.022727272727272728 f_swap_t 100 556.2579100131989 46.35571608157278 31.171368466463584 59.36999502374939 55.10977380024023 7.8996080197 36.553125909276616 36.547799720495526
1.0316441852588265 2004.8393430966871 0.045454545454545456 1.289544265048091 2642.4838657995106 0.022727272727272728 move_t 100 557.5260181427002 46.35571608157278 31.88965478179895 59.36999502374939 55.10977380024023 7.8996080197 36.553125909276616 36.547799720495526
1.0316441852588265 2004.8393430966871 0.045454545454545456 1.2807866641139511 2620.3433743375454 0.022727272727272728 t_move_k 100 558.326652765274 47.02215892075705 31.88965478179895 59.36999502374939 55.10977380024023 7.8996080197 36.553125909276616 36.547799720495526
1.0316441852588265 2004.8393430966871 0.045454545454545456 1.2896805806496598 2642.8284915064096 0.022727272727272728 t_move_k 100 559.7903399467468 47.61193733154948 31.88965478179895 59.36999502374939 55.10977380024023 7.8996080197 36.553125909276616 36.547799720495526
1.0316441852588265 2004.8393430966871 0.045454545454545456 1.3124744930881924 2700.454824051749 0.022727272727272728 t_swap_k 100 561.5302917957306 47.61193733154948 31.88965478179895 59.93629507351189 55.10977380024023 7.8996080197 36.553125909276616 36.547799720495526
1.0316441852588265 2004.8393430966871 0.045454545454545456 1.2941031085701749 2668.3737510232418 0.045454545454545456 t_move_k 100 562.412186384201 48.16581795823398 31.88965478179895 59.93629507351189 55.10977380024023 7.8996080197 36.553125909276616 36.547799720495526
1.0316441852588265 2004.8393430966871 0.045454545454545456 1.2941031085701749 2668.3737510232418 0.045454545454545456 t_move_k 100 563.2314827442169 48.68415977865164 31.88965478179895 59.93629507351189 55.10977380024023 7.8996080197 36.553125909276616 36.547799720495526
1.0316441852588265 2004.8393430966871 0.045454545454545456 1.2941031085701749 2668.3737510232418 0.045454545454545456 t_move_k 100 564.439457654953 49.197318180865125 31.88965478179895 59.93629507351189 55.10977380024023 7.8996080197 36.553125909276616 36.547799720495526
1.0316441852588265 2004.8393430966871 0.045454545454545456 1.2941031085701749 2668.3737510232418 0.045454545454545456 t_swap_r_k 100 565.745836019516 49.197318180865125 31.88965478179895 59.93629507351189 55.10977380024023 7.8996080197 37.22759465018385 36.547799720495526
1.0316441852588265 2004.8393430966871 0.045454545454545456 1.2915794096993616 2661.9934724832606 0.045454545454545456 t_move_k 100 566.6872222423553 49.70534499905647 31.88965478179895 59.93629507351189 55.10977380024023 7.8996080197 37.22759465018385 36.547799720495526
1.0316441852588265 2004.8393430966871 0.045454545454545456 1.2746820156514818 2619.274397766333 0.045454545454545456 t_swap_k 100 568.4824607372284 49.70534499905647 31.88965478179895 60.41693212277677 55.10977380024023 7.8996080197 37.22759465018385 36.547799720495526
1.0316441852588265 2004.8393430966871 0.045454545454545456 1.2677829776555827 2601.832624272348 0.045454545454545456 t_swap_r_k 100 569.676726102829 49.70534499905647 31.88965478179895 60.41693212277677 55.10977380024023 7.8996080197 37.895318703682015 36.547799720495526
1.0316441852588265 2004.8393430966871 0.045454545454545456 1.2532584323519727 2565.1124569911594 0.045454545454545456 t_swap_k 100 571.3727641105652 49.70534499905647 31.88965478179895 60.842762801549 55.10977380024023 7.8996080197 37.895318703682015 36.547799720495526
1.0316441852588265 2004.8393430966871 0.045454545454545456 1.2317397636929968 2510.710126569865 0.045454545454545456 t_swap_k 100 572.5570373535156 49.70534499905647 31.88965478179895 61.23433517353351 55.10977380024023 7.8996080197 37.895318703682015 36.547799720495526
1.0316441852588265 2004.8393430966871 0.045454545454545456 1.2257981085786052 2510.0532209366434 0.06818181818181818 t_swap_k 100 574.2798790931702 49.70534499905647 31.88965478179895 61.621991821798176 55.10977380024023 7.8996080197 37.895318703682015 36.547799720495526
1.0316441852588265 2004.8393430966871 0.045454545454545456 1.2257981085786052 2510.0532209366434 0.06818181818181818 t_move_k 100 575.4768693447113 50.208291549065905 31.88965478179895 61.621991821798176 55.10977380024023 7.8996080197 37.895318703682015 36.547799720495526
1.0316441852588265 2004.8393430966871 0.045454545454545456 1.224451772461745 2506.649487023161 0.06818181818181818 move_t 100 576.4509284496307 50.208291549065905 32.60075823398096 61.621991821798176 55.10977380024023 7.8996080197 37.895318703682015 36.547799720495526
1.0316441852588265 2004.8393430966871 0.045454545454545456 1.2206489285427455 2482.6708789726213 0.045454545454545456 t_move_k 100 577.9397780895233 50.706208633575244 32.60075823398096 61.621991821798176 55.10977380024023 7.8996080197 37.895318703682015 36.547799720495526
1.0316441852588265 2004.8393430966871 0.045454545454545456 1.2771432584381175 2611.1323138125326 0.022727272727272728 f_swap_t 100 579.9899535179138 50.706208633575244 32.60075823398096 61.621991821798176 55.62867606223782 7.8996080197 37.895318703682015 36.547799720495526
1.0316441852588265 2004.8393430966871 0.045454545454545456 1.2567799773445216 2574.0154359493026 0.045454545454545456 t_swap_k 100 581.6034955978394 50.706208633575244 32.60075823398096 62.045771903580196 55.62867606223782 7.8996080197 37.895318703682015 36.547799720495526
1.0316441852588265 2004.8393430966871 0.045454545454545456 1.2142319560946562 2509.5412306705407 0.11363636363636365 t_multiswap_k 100 583.2446131706238 50.706208633575244 32.60075823398096 62.045771903580196 55.62867606223782 7.8996080197 37.895318703682015 37.21232172329057
1.0316441852588265 2004.8393430966871 0.045454545454545456 1.198102340487972 2454.398747335293 0.09090909090909091 t_swap_r_k 100 584.4179463386536 50.706208633575244 32.60075823398096 62.045771903580196 55.62867606223782 7.8996080197 38.556365516645194 37.21232172329057
1.0316441852588265 2004.8393430966871 0.045454545454545456 1.2850582356493838 2645.506994113062 0.045454545454545456 t_swap_k 100 586.3113667964935 50.706208633575244 32.60075823398096 62.49531418454439 55.62867606223782 7.8996080197 38.556365516645194 37.21232172329057
1.0316441852588265 2004.8393430966871 0.045454545454545456 1.236493371665829 2522.7279402984786 0.045454545454545456 t_multiswap_k 100 588.1863243579865 50.706208633575244 32.60075823398096 62.49531418454439 55.62867606223782 7.8996080197 38.556365516645194 38.09019850605767
1.0316441852588265 2004.8393430966871 0.045454545454545456 1.194205136256898 2458.910511485829 0.11363636363636363 f_swap_t 100 590.0119450092316 50.706208633575244 32.60075823398096 62.49531418454439 56.102389301615446 7.8996080197 38.556365516645194 38.09019850605767
1.0316441852588265 2004.8393430966871 0.045454545454545456 1.1780673674601903 2418.111880108848 0.11363636363636363 t_swap_k 100 590.985310792923 50.706208633575244 32.60075823398096 62.90036104269895 56.102389301615446 7.8996080197 38.556365516645194 38.09019850605767
1.0316441852588265 2004.8393430966871 0.045454545454545456 1.1774103509566494 2387.7219178150103 0.06818181818181818 t_move_k 100 592.3659088611603 51.19914654723949 32.60075823398096 62.90036104269895 56.102389301615446 7.8996080197 38.556365516645194 38.09019850605767
1.0316441852588265 2004.8393430966871 0.045454545454545456 1.1887932407371953 2430.8639864914658 0.09090909090909091 move_t 100 593.8302564620972 51.19914654723949 33.314750651641155 62.90036104269895 56.102389301615446 7.8996080197 38.556365516645194 38.09019850605767
1.0316441852588265 2004.8393430966871 0.045454545454545456 1.2481838245150911 2566.647573235756 0.06818181818181818 f_swap_t 100 595.7963616847992 51.19914654723949 33.314750651641155 62.90036104269895 56.55136540859929 7.8996080197 38.556365516645194 38.09019850605767
1.0316441852588265 2004.8393430966871 0.045454545454545456 1.2620294569230934 2616.015814185449 0.09090909090909091 f_swap_t 100 597.4994871616364 51.19914654723949 33.314750651641155 62.90036104269895 57.0558517545133 7.8996080197 38.556365516645194 38.09019850605767
1.0316441852588265 2004.8393430966871 0.045454545454545456 1.1974171023468245 2452.6663654503927 0.09090909090909091 f_swap_t 100 599.9968898296356 51.19914654723949 33.314750651641155 62.90036104269895 57.48529323696817 7.8996080197 38.556365516645194 38.09019850605767
1.0316441852588265 2004.8393430966871 0.045454545454545456 1.1967554242897906 2436.6290824808293 0.06818181818181818 t_swap_r_k 100 601.2380640506744 51.19914654723949 33.314750651641155 62.90036104269895 57.48529323696817 7.8996080197 39.21080186147874 38.09019850605767
1.0316441852588265 2004.8393430966871 0.045454545454545456 1.1907149104270136 2435.7222475243793 0.09090909090909091 t_swap_r_k 100 602.0116150379181 51.19914654723949 33.314750651641155 62.90036104269895 57.48529323696817 7.8996080197 39.85869384286396 38.09019850605767
1.0316441852588265 2004.8393430966871 0.045454545454545456 1.1907149104270136 2435.7222475243793 0.09090909090909091 t_swap_r_k 100 602.636697769165 51.19914654723949 33.314750651641155 62.90036104269895 57.48529323696817 7.8996080197 40.50010690443532 38.09019850605767
1.0316441852588265 2004.8393430966871 0.045454545454545456 1.1907149104270136 2435.7222475243793 0.09090909090909091 f_swap_t 100 604.1568005084991 51.19914654723949 33.314750651641155 62.90036104269895 57.91044030459849 7.8996080197 40.50010690443532 38.09019850605767
1.0316441852588265 2004.8393430966871 0.045454545454545456 1.1907149104270136 2435.7222475243793 0.09090909090909091 move_t 100 605.5398287773132 51.19914654723949 33.981603145124744 62.90036104269895 57.91044030459849 7.8996080197 40.50010690443532 38.09019850605767
1.0316441852588265 2004.8393430966871 0.045454545454545456 1.1907149104270136 2435.7222475243793 0.09090909090909091 t_swap_r_k 100 606.7825274467468 51.19914654723949 33.981603145124744 62.90036104269895 57.91044030459849 7.8996080197 41.135105835390966 38.09019850605767
1.0316441852588265 2004.8393430966871 0.045454545454545456 1.1947308454451997 2445.875116517912 0.09090909090909091 t_move_k 100 608.456912279129 51.7271550817671 33.981603145124744 62.90036104269895 57.91044030459849 7.8996080197 41.135105835390966 38.09019850605767
1.0316441852588265 2004.8393430966871 0.045454545454545456 1.201778199836688 2463.6918554750314 0.09090909090909091 t_move_k 100 609.4963610172272 52.34988353094943 33.981603145124744 62.90036104269895 57.91044030459849 7.8996080197 41.135105835390966 38.09019850605767
1.0316441852588265 2004.8393430966871 0.045454545454545456 1.1965149233368715 2407.2921322004036 0.022727272727272728 t_swap_r_k 100 610.1402842998505 52.34988353094943 33.981603145124744 62.90036104269895 57.91044030459849 7.8996080197 41.76375477703706 38.09019850605767
1.0316441852588265 2004.8393430966871 0.045454545454545456 1.1844044093115278 2405.403916624412 0.06818181818181818 move_t 100 611.8011717796326 52.34988353094943 34.641787113673495 62.90036104269895 57.91044030459849 7.8996080197 41.76375477703706 38.09019850605767
1.0316441852588265 2004.8393430966871 0.045454545454545456 1.347890464269409 2789.991560590881 0.022727272727272728 f_swap_t 100 614.3209681510925 52.34988353094943 34.641787113673495 62.90036104269895 58.451335901552504 7.8996080197 41.76375477703706 38.09019850605767
1.0316441852588265 2004.8393430966871 0.045454545454545456 1.302214667375611 2674.5164894211844 0.022727272727272728 t_swap_r_k 100 615.4428098201752 52.34988353094943 34.641787113673495 62.90036104269895 58.451335901552504 7.8996080197 42.38611722926669 38.09019850605767
1.0316441852588265 2004.8393430966871 0.045454545454545456 1.2769749640101828 2625.071305382967 0.045454545454545456 t_move_k 100 616.9446971416473 52.85638469563993 34.641787113673495 62.90036104269895 58.451335901552504 7.8996080197 42.38611722926669 38.09019850605767
1.0316441852588265 2004.8393430966871 0.045454545454545456 1.3174732842550454 2694.959581948322 0.045454545454545456 swap_t 100 618.4388861656189 52.85638469563993 34.641787113673495 62.90036104269895 58.451335901552504 8.830611939503 42.38611722926669 38.09019850605767
1.0316441852588265 2004.8393430966871 0.045454545454545456 1.279212532610155 2645.092669309554 0.06818181818181818 t_swap_k 100 619.8243796825409 52.85638469563993 34.641787113673495 63.46135743227196 58.451335901552504 8.830611939503 42.38611722926669 38.09019850605767
1.0316441852588265 2004.8393430966871 0.045454545454545456 1.2571793357290955 2603.7540009682475 0.09090909090909091 move_t 100 621.6557545661926 52.85638469563993 35.49536924253676 63.46135743227196 58.451335901552504 8.830611939503 42.38611722926669 38.09019850605767
1.0316441852588265 2004.8393430966871 0.045454545454545456 1.2149362825620975 2511.321870626174 0.11363636363636365 t_move_k 100 623.5500290393829 53.49782084868353 35.49536924253676 63.46135743227196 58.451335901552504 8.830611939503 42.38611722926669 38.09019850605767
1.0316441852588265 2004.8393430966871 0.045454545454545456 1.2083164241444202 2465.8569749708117 0.06818181818181818 t_multiswap_k 100 624.603123664856 53.49782084868353 35.49536924253676 63.46135743227196 58.451335901552504 8.830611939503 42.38611722926669 38.89929652099709
1.0316441852588265 2004.8393430966871 0.045454545454545456 1.1624558287952382 2364.2791707849215 0.09090909090909091 t_multiswap_k 100 625.4076735973358 53.49782084868353 35.49536924253676 63.46135743227196 58.451335901552504 8.830611939503 42.38611722926669 39.57030355578712
1.0316441852588265 2004.8393430966871 0.045454545454545456 1.3862708228541472 2901.3871649158646 0.045454545454545456 t_swap_k 100 627.5358552932739 53.49782084868353 35.49536924253676 64.10674385794924 58.451335901552504 8.830611939503 42.38611722926669 39.57030355578712
1.0316441852588265 2004.8393430966871 0.045454545454545456 1.307954929542807 2689.0287087444926 0.022727272727272728 move_t 100 628.749041557312 53.49782084868353 36.2604155501114 64.10674385794924 58.451335901552504 8.830611939503 42.38611722926669 39.57030355578712
1.0316441852588265 2004.8393430966871 0.045454545454545456 1.2690689759761538 2590.7193510325424 0.022727272727272728 move_t 100 630.2912516593933 53.49782084868353 36.89781139461028 64.10674385794924 58.451335901552504 8.830611939503 42.38611722926669 39.57030355578712
1.0316441852588265 2004.8393430966871 0.045454545454545456 1.260050172657856 2596.647430698478 0.06818181818181818 t_swap_k 100 631.7412626743317 53.49782084868353 36.89781139461028 64.53567641936975 58.451335901552504 8.830611939503 42.38611722926669 39.57030355578712
1.0316441852588265 2004.8393430966871 0.045454545454545456 1.2575727168707753 2576.019597002606 0.045454545454545456 t_swap_k 100 633.5299725532532 53.49782084868353 36.89781139461028 64.89031965517606 58.451335901552504 8.830611939503 42.38611722926669 39.57030355578712
1.0316441852588265 2004.8393430966871 0.045454545454545456 1.249881763799264 2570.940211197554 0.06818181818181818 t_multiswap_k 100 635.1207394599915 53.49782084868353 36.89781139461028 64.89031965517606 58.451335901552504 8.830611939503 42.38611722926669 40.434600520229246
1.0316441852588265 2004.8393430966871 0.045454545454545456 1.3766885263528719 2905.890651693814 0.09090909090909091 t_swap_k 100 637.706248998642 53.49782084868353 36.89781139461028 65.4914164586243 58.451335901552504 8.830611939503 42.38611722926669 40.434600520229246
1.0316441852588265 2004.8393430966871 0.045454545454545456 1.350697973852394 2811.453818383621 0.045454545454545456 t_swap_r_k 100 639.1009016036987 53.49782084868353 36.89781139461028 65.4914164586243 58.451335901552504 8.830611939503 43.00225605697402 40.434600520229246
1.0316441852588265 2004.8393430966871 0.045454545454545456 1.3028897590592932 2704.9521484046295 0.06818181818181818 t_move_k 100 641.3185687065125 54.362842640196696 36.89781139461028 65.4914164586243 58.451335901552504 8.830611939503 43.00225605697402 40.434600520229246
1.0316441852588265 2004.8393430966871 0.045454545454545456 1.2567358237785526 2588.2682737106174 0.06818181818181818 t_swap_k 100 643.1438822746277 54.362842640196696 36.89781139461028 65.95650229403806 58.451335901552504 8.830611939503 43.00225605697402 40.434600520229246
1.0316441852588265 2004.8393430966871 0.045454545454545456 1.225955227776045 2510.450441165744 0.06818181818181818 t_swap_r_k 100 644.8954675197601 54.362842640196696 36.89781139461028 65.95650229403806 58.451335901552504 8.830611939503 43.67223349640428 40.434600520229246
1.0316441852588265 2004.8393430966871 0.045454545454545456 1.304365568253495 2665.589815893974 0.0 t_swap_k 100 646.3125548362732 54.362842640196696 36.89781139461028 66.45693727109769 58.451335901552504 8.830611939503 43.67223349640428 40.434600520229246
1.0316441852588265 2004.8393430966871 0.045454545454545456 1.2284103648399496 2559.7507786985016 0.13636363636363635 move_t 100 647.8887736797333 54.362842640196696 37.68883328066418 66.45693727109769 58.451335901552504 8.830611939503 43.67223349640428 40.434600520229246
1.0316441852588265 2004.8393430966871 0.045454545454545456 1.191896244471838 2467.4377609746866 0.13636363636363635 f_swap_t 100 650.68137383461 54.362842640196696 37.68883328066418 66.45693727109769 58.89682254253698 8.830611939503 43.67223349640428 40.434600520229246
1.0316441852588265 2004.8393430966871 0.045454545454545456 1.1844796393295938 2433.3819551519464 0.13636363636363635 move_t 100 652.2112436294556 54.362842640196696 38.371944947857536 66.45693727109769 58.89682254253698 8.830611939503 43.67223349640428 40.434600520229246
1.0316441852588265 2004.8393430966871 0.045454545454545456 1.3251071572920865 2775.485433429668 0.09090909090909091 f_swap_t 100 656.1702826023102 54.362842640196696 38.371944947857536 66.45693727109769 59.58785431711161 8.830611939503 43.67223349640428 40.434600520229246
1.0316441852588265 2004.8393430966871 0.045454545454545456 1.2158478458039348 2513.626435349403 0.11363636363636363 t_move_k 100 658.0359947681427 54.94921421379473 38.371944947857536 66.45693727109769 59.58785431711161 8.830611939503 43.67223349640428 40.434600520229246
1.0316441852588265 2004.8393430966871 0.045454545454545456 1.1964675822320672 2493.3592334533128 0.1590909090909091 move_t 100 659.9265275001526 54.94921421379473 39.10822549837896 66.45693727109769 59.58785431711161 8.830611939503 43.67223349640428 40.434600520229246
1.0316441852588265 2004.8393430966871 0.045454545454545456 1.1871704849263065 2469.854816539679 0.1590909090909091 t_swap_k 100 661.7843699455261 54.94921421379473 39.10822549837896 66.8323678983867 59.58785431711161 8.830611939503 43.67223349640428 40.434600520229246
1.0316441852588265 2004.8393430966871 0.045454545454545456 1.1675961861675141 2420.368136591346 0.1590909090909091 f_swap_t 100 664.6445798873901 54.94921421379473 39.10822549837896 66.8323678983867 60.0519757739405 8.830611939503 43.67223349640428 40.434600520229246
1.0316441852588265 2004.8393430966871 0.045454545454545456 1.1512574916959966 2364.6970714154163 0.13636363636363635 f_swap_t 100 667.1227378845215 54.94921421379473 39.10822549837896 66.8323678983867 60.45145601620109 8.830611939503 43.67223349640428 40.434600520229246
1.0316441852588265 2004.8393430966871 0.045454545454545456 1.139998629792573 2364.961956520278 0.18181818181818182 t_multiswap_k 100 668.2492537498474 54.94921421379473 39.10822549837896 66.8323678983867 60.45145601620109 8.830611939503 43.67223349640428 41.060254515026955
1.0316441852588265 2004.8393430966871 0.045454545454545456 1.1221844285062215 2305.560595081527 0.1590909090909091 f_swap_t 100 670.8514535427094 54.94921421379473 39.10822549837896 66.8323678983867 60.84694145603908 8.830611939503 43.67223349640428 41.060254515026955
1.0316441852588265 2004.8393430966871 0.045454545454545456 1.1221844285062215 2305.560595081527 0.1590909090909091 f_swap_t 100 673.2492921352386 54.94921421379473 39.10822549837896 66.8323678983867 61.238472041478694 8.830611939503 43.67223349640428 41.060254515026955
1.0316441852588265 2004.8393430966871 0.045454545454545456 1.1178273332393927 2308.909687670852 0.18181818181818182 t_move_k 100 674.3298304080963 55.429722071656784 39.10822549837896 66.8323678983867 61.238472041478694 8.830611939503 43.67223349640428 41.060254515026955
1.0316441852588265 2004.8393430966871 0.045454545454545456 1.1841387097101663 2517.3408687807596 0.11363636363636363 move_t 100 675.6262135505676 55.429722071656784 39.82714324339517 66.8323678983867 61.238472041478694 8.830611939503 43.67223349640428 41.060254515026955
1.0316441852588265 2004.8393430966871 0.045454545454545456 1.1746493097378488 2380.741603229919 0.06818181818181818 t_multiswap_k 100 676.7808701992035 55.429722071656784 39.82714324339517 66.8323678983867 61.238472041478694 8.830611939503 43.67223349640428 41.67965196987669
1.0316441852588265 2004.8393430966871 0.045454545454545456 1.1395966087970257 2363.945588854477 0.18181818181818182 move_t 100 678.270101070404 55.429722071656784 40.45887181096122 66.8323678983867 61.238472041478694 8.830611939503 43.67223349640428 41.67965196987669
1.0316441852588265 2004.8393430966871 0.045454545454545456 1.1434724718003586 2373.7443353808817 0.18181818181818182 t_swap_k 100 680.0666174888611 55.429722071656784 40.45887181096122 67.23404421940285 61.238472041478694 8.830611939503 43.67223349640428 41.67965196987669
1.0316441852588265 2004.8393430966871 0.045454545454545456 1.125658980294304 2328.709232781024 0.18181818181818182 t_multiswap_k 100 681.6510989665985 55.429722071656784 40.45887181096122 67.23404421940285 61.238472041478694 8.830611939503 43.67223349640428 42.29285545017792
1.0316441852588265 2004.8393430966871 0.045454545454545456 1.094596870877968 2278.9086221209905 0.22727272727272727 t_move_k 100 684.0222508907318 55.935424850940215 40.45887181096122 67.23404421940285 61.238472041478694 8.830611939503 43.67223349640428 42.29285545017792
1.0316441852588265 2004.8393430966871 0.045454545454545456 1.094596870877968 2278.9086221209905 0.22727272727272727 t_multiswap_k 100 685.6844534873962 55.935424850940215 40.45887181096122 67.23404421940285 61.238472041478694 8.830611939503 43.67223349640428 42.86992689567614
1.0316441852588265 2004.8393430966871 0.045454545454545456 1.094596870877968 2278.9086221209905 0.22727272727272727 move_t 100 687.5466346740723 55.935424850940215 41.054283092851605 67.23404421940285 61.238472041478694 8.830611939503 43.67223349640428 42.86992689567614
1.0316441852588265 2004.8393430966871 0.045454545454545456 1.094596870877968 2278.9086221209905 0.22727272727272727 t_swap_k 100 689.8188760280609 55.935424850940215 41.054283092851605 67.63170377720881 61.238472041478694 8.830611939503 43.67223349640428 42.86992689567614
1.0316441852588265 2004.8393430966871 0.045454545454545456 1.1082455368010438 2284.685509859033 0.18181818181818182 t_move_k 100 692.0286121368408 56.446070602430815 41.054283092851605 67.63170377720881 61.238472041478694 8.830611939503 43.67223349640428 42.86992689567614
1.0316441852588265 2004.8393430966871 0.045454545454545456 1.1037194744186396 2230.1495713120908 0.11363636363636363 t_multiswap_k 100 693.9125170707703 56.446070602430815 41.054283092851605 67.63170377720881 61.238472041478694 8.830611939503 43.67223349640428 43.441227626719375
1.0316441852588265 2004.8393430966871 0.045454545454545456 1.1101810683555804 2246.485422473545 0.11363636363636365 t_move_k 100 695.6584186553955 56.92160989640651 41.054283092851605 67.63170377720881 61.238472041478694 8.830611939503 43.67223349640428 43.441227626719375
1.0316441852588265 2004.8393430966871 0.045454545454545456 1.1091416340314377 2258.2220454296503 0.13636363636363635 f_swap_t 100 698.1114947795868 56.92160989640651 41.054283092851605 67.63170377720881 61.65608732106391 8.830611939503 43.67223349640428 43.441227626719375
1.0316441852588265 2004.8393430966871 0.045454545454545456 1.114823452213256 2258.2220454296503 0.11363636363636365 t_swap_r_k 100 699.3672003746033 56.92160989640651 41.054283092851605 67.63170377720881 61.65608732106391 8.830611939503 44.275511161440235 43.441227626719375
1.0316441852588265 2004.8393430966871 0.045454545454545456 1.1648261935568578 2370.2717983505136 0.09090909090909091 t_move_k 100 700.6670293807983 57.462393797442445 41.054283092851605 67.63170377720881 61.65608732106391 8.830611939503 44.275511161440235 43.441227626719375
1.0316441852588265 2004.8393430966871 0.045454545454545456 1.1355323381237559 2310.577127048047 0.11363636363636363 t_swap_r_k 100 701.8271203041077 57.462393797442445 41.054283092851605 67.63170377720881 61.65608732106391 8.830611939503 44.87275604982583 43.441227626719375
1.0316441852588265 2004.8393430966871 0.045454545454545456 1.1872907956827867 2441.4300508439824 0.11363636363636363 t_move_k 100 704.268002986908 58.09776985946802 41.054283092851605 67.63170377720881 61.65608732106391 8.830611939503 44.87275604982583 43.441227626719375
1.0316441852588265 2004.8393430966871 0.045454545454545456 1.1866988091604322 2382.4755649980893 0.022727272727272728 move_t 100 705.7422351837158 58.09776985946802 41.64374026192309 67.63170377720881 61.65608732106391 8.830611939503 44.87275604982583 43.441227626719375
1.0316441852588265 2004.8393430966871 0.045454545454545456 1.1812736181479142 2460.7521626781568 0.11363636363636365 move_t 100 707.6086230278015 58.09776985946802 42.44730285930386 67.63170377720881 61.65608732106391 8.830611939503 44.87275604982583 43.441227626719375
1.0316441852588265 2004.8393430966871 0.045454545454545456 1.241913008127558 2565.1584999332827 0.09090909090909091 t_swap_k 100 709.0805561542511 58.09776985946802 42.44730285930386 68.12538673943672 61.65608732106391 8.830611939503 44.87275604982583 43.441227626719375
1.0316441852588265 2004.8393430966871 0.045454545454545456 1.205630522878801 2444.70216072712 0.045454545454545456 move_t 100 710.4742550849915 58.09776985946802 43.11282983071082 68.12538673943672 61.65608732106391 8.830611939503 44.87275604982583 43.441227626719375
1.0316441852588265 2004.8393430966871 0.045454545454545456 1.190197915415501 2420.0507443794677 0.06818181818181818 t_swap_r_k 100 711.7231595516205 58.09776985946802 43.11282983071082 68.12538673943672 61.65608732106391 8.830611939503 45.464028489327575 43.441227626719375
1.0316441852588265 2004.8393430966871 0.045454545454545456 1.1859325269058008 2409.267220604956 0.06818181818181818 t_swap_r_k 100 712.808271408081 58.09776985946802 43.11282983071082 68.12538673943672 61.65608732106391 8.830611939503 46.0493882044343 43.441227626719375
1.0316441852588265 2004.8393430966871 0.045454545454545456 1.1859325269058008 2409.267220604956 0.06818181818181818 t_swap_r_k 100 713.4281659126282 58.09776985946802 43.11282983071082 68.12538673943672 61.65608732106391 8.830611939503 46.62889432238996 43.441227626719375
1.0316441852588265 2004.8393430966871 0.045454545454545456 1.1859325269058008 2409.267220604956 0.06818181818181818 move_t 100 714.4508006572723 58.09776985946802 43.681701532403714 68.12538673943672 61.65608732106391 8.830611939503 46.62889432238996 43.441227626719375
1.0316441852588265 2004.8393430966871 0.045454545454545456 1.1859325269058008 2409.267220604956 0.06818181818181818 t_swap_r_k 100 715.0754342079163 58.09776985946802 43.681701532403714 68.12538673943672 61.65608732106391 8.830611939503 47.20260537916606 43.441227626719375
1.0316441852588265 2004.8393430966871 0.045454545454545456 1.1838170028401456 2389.5544030474425 0.045454545454545456 f_swap_t 100 717.0147531032562 58.09776985946802 43.681701532403714 68.12538673943672 62.20952644785327 8.830611939503 47.20260537916606 43.441227626719375
1.0316441852588265 2004.8393430966871 0.045454545454545456 1.227140704220071 2513.447498383206 0.06818181818181818 t_move_k 100 719.3195095062256 58.73679216087334 43.681701532403714 68.12538673943672 62.20952644785327 8.830611939503 47.20260537916606 43.441227626719375
1.0316441852588265 2004.8393430966871 0.045454545454545456 1.2309002430559668 2522.952160461675 0.06818181818181818 f_swap_t 100 722.0514490604401 58.73679216087334 43.681701532403714 68.12538673943672 62.77743118337474 8.830611939503 47.20260537916606 43.441227626719375
1.0316441852588265 2004.8393430966871 0.045454545454545456 1.175646360638527 2397.626757624216 0.09090909090909091 t_move_k 100 724.1824376583099 59.14942423926461 43.681701532403714 68.12538673943672 62.77743118337474 8.830611939503 47.20260537916606 43.441227626719375
1.0316441852588265 2004.8393430966871 0.045454545454545456 1.1738260708519268 2393.024799761371 0.09090909090909091 swap_t 100 725.904810667038 59.14942423926461 43.681701532403714 68.12538673943672 62.77743118337474 9.742305820107969 47.20260537916606 43.441227626719375
1.0316441852588265 2004.8393430966871 0.045454545454545456 1.1798272187755667 2408.1965762974974 0.09090909090909091 t_multiswap_k 100 727.2981939315796 59.14942423926461 43.681701532403714 68.12538673943672 62.77743118337474 9.742305820107969 47.20260537916606 44.13681535045218
1.0316441852588265 2004.8393430966871 0.045454545454545456 1.1623397203293944 2378.3500960729107 0.11363636363636363 t_multiswap_k 100 729.1382710933685 59.14942423926461 43.681701532403714 68.12538673943672 62.77743118337474 9.742305820107969 47.20260537916606 44.78544719694766
1.0316441852588265 2004.8393430966871 0.045454545454545456 1.145762663043299 2365.169808196198 0.1590909090909091 t_swap_r_k 100 730.7144408226013 59.14942423926461 43.681701532403714 68.12538673943672 62.77743118337474 9.742305820107969 47.7705793253744 44.78544719694766
1.0316441852588265 2004.8393430966871 0.045454545454545456 1.4053311996711384 2978.3035041199596 0.09090909090909091 f_swap_t 100 733.1407918930054 59.14942423926461 43.681701532403714 68.12538673943672 63.27965687154099 9.742305820107969 47.7705793253744 44.78544719694766
1.0316441852588265 2004.8393430966871 0.045454545454545456 1.3946246286699602 2951.235732292813 0.09090909090909091 t_move_k 100 735.3765757083893 59.70792999687197 43.681701532403714 68.12538673943672 63.27965687154099 9.742305820107969 47.7705793253744 44.78544719694766
1.0316441852588265 2004.8393430966871 0.045454545454545456 1.2931494702698834 2709.0562076529623 0.11363636363636365 f_swap_t 100 738.0378038883209 59.70792999687197 43.681701532403714 68.12538673943672 63.74686030282558 9.742305820107969 47.7705793253744 44.78544719694766
1.0316441852588265 2004.8393430966871 0.045454545454545456 1.2215363938212127 2513.6434493542274 0.09090909090909091 f_swap_t 100 739.9707443714142 59.70792999687197 43.681701532403714 68.12538673943672 64.29939169979733 9.742305820107969 47.7705793253744 44.78544719694766
1.0316441852588265 2004.8393430966871 0.045454545454545456 1.2003825327386362 2460.16340565178 0.09090909090909091 t_swap_r_k 100 741.4128928184509 59.70792999687197 43.681701532403714 68.12538673943672 64.29939169979733 9.742305820107969 48.33287353212066 44.78544719694766
1.0316441852588265 2004.8393430966871 0.045454545454545456 1.2003825327386357 2460.1634056517796 0.09090909090909091 t_swap_r_k 100 742.1188280582428 59.70792999687197 43.681701532403714 68.12538673943672 64.29939169979733 9.742305820107969 48.88954479679945 44.78544719694766
1.0316441852588265 2004.8393430966871 0.045454545454545456 1.1884575023038255 2444.379655213488 0.11363636363636365 t_move_k 100 743.6014556884766 60.32085069690325 43.681701532403714 68.12538673943672 64.29939169979733 9.742305820107969 48.88954479679945 44.78544719694766
1.0316441852588265 2004.8393430966871 0.045454545454545456 1.172934973680837 2405.136440658503 0.11363636363636365 t_swap_r_k 100 744.9889781475067 60.32085069690325 43.681701532403714 68.12538673943672 64.29939169979733 9.742305820107969 49.44064934883146 44.78544719694766
1.0316441852588265 2004.8393430966871 0.045454545454545456 1.1795044109563948 2421.7449354966716 0.11363636363636365 t_move_k 100 746.5325946807861 60.727642189934215 43.681701532403714 68.12538673943672 64.29939169979733 9.742305820107969 49.44064934883146 44.78544719694766
1.0316441852588265 2004.8393430966871 0.045454545454545456 1.2490511408005733 2583.2047396157936 0.09090909090909091 f_swap_t 100 749.0518622398376 60.727642189934215 43.681701532403714 68.12538673943672 64.79639778279935 9.742305820107969 49.44064934883146 44.78544719694766
1.0316441852588265 2004.8393430966871 0.045454545454545456 1.226928747282695 2556.005033588284 0.13636363636363635 f_swap_t 100 752.3987982273102 60.727642189934215 43.681701532403714 68.12538673943672 65.50843380497135 9.742305820107969 49.44064934883146 44.78544719694766
1.0316441852588265 2004.8393430966871 0.045454545454545456 1.2189661458379892 2478.4165590524526 0.045454545454545456 t_swap_r_k 100 753.701902627945 60.727642189934215 43.681701532403714 68.12538673943672 65.50843380497135 9.742305820107969 49.98624285534314 44.78544719694766
1.0316441852588265 2004.8393430966871 0.045454545454545456 1.2914281597092547 2647.2466260547917 0.022727272727272728 t_swap_k 100 756.3340308666229 60.727642189934215 43.681701532403714 68.69413287204236 65.50843380497135 9.742305820107969 49.98624285534314 44.78544719694766
1.0316441852588265 2004.8393430966871 0.045454545454545456 1.249751244676568 2541.8813110122787 0.022727272727272728 t_swap_r_k 100 757.4737706184387 60.727642189934215 43.681701532403714 68.69413287204236 65.50843380497135 9.742305820107969 50.526380426789714 44.78544719694766
1.0316441852588265 2004.8393430966871 0.045454545454545456 1.1986997229740852 2441.544552909645 0.06818181818181818 t_move_k 100 759.998167514801 61.37036576803487 43.681701532403714 68.69413287204236 65.50843380497135 9.742305820107969 50.526380426789714 44.78544719694766
1.0316441852588265 2004.8393430966871 0.045454545454545456 1.1885941765820898 2430.3607232964837 0.09090909090909091 t_move_k 100 761.1508190631866 61.836662110354524 43.681701532403714 68.69413287204236 65.50843380497135 9.742305820107969 50.526380426789714 44.78544719694766
1.0316441852588265 2004.8393430966871 0.045454545454545456 1.1885941765820898 2430.3607232964837 0.09090909090909091 t_swap_k 100 763.2225728034973 61.836662110354524 43.681701532403714 69.00719154332194 65.50843380497135 9.742305820107969 50.526380426789714 44.78544719694766
1.0316441852588265 2004.8393430966871 0.045454545454545456 1.1982117354389867 2454.6753137142746 0.09090909090909091 t_move_k 100 765.292528629303 62.34829548925098 43.681701532403714 69.00719154332194 65.50843380497135 9.742305820107969 50.526380426789714 44.78544719694766
1.0316441852588265 2004.8393430966871 0.045454545454545456 1.1691912825098376 2395.671843786473 0.11363636363636363 t_move_k 100 767.6701731681824 62.85481253435847 43.681701532403714 69.00719154332194 65.50843380497135 9.742305820107969 50.526380426789714 44.78544719694766
1.0316441852588265 2004.8393430966871 0.045454545454545456 1.1691912825098376 2395.671843786473 0.11363636363636363 t_swap_r_k 100 768.6644642353058 62.85481253435847 43.681701532403714 69.00719154332194 65.50843380497135 9.742305820107969 51.061116622521816 44.78544719694766
1.0316441852588265 2004.8393430966871 0.045454545454545456 1.2607562000621013 2584.0679064593783 0.045454545454545456 t_swap_k 100 770.9114370346069 62.85481253435847 43.681701532403714 69.62711962788872 65.50843380497135 9.742305820107969 51.061116622521816 44.78544719694766
1.0316441852588265 2004.8393430966871 0.045454545454545456 1.2210057169037865 2483.5728919463527 0.045454545454545456 f_swap_t 100 774.093409538269 62.85481253435847 43.681701532403714 69.62711962788872 65.98334946692164 9.742305820107969 51.061116622521816 44.78544719694766
1.0316441852588265 2004.8393430966871 0.045454545454545456 1.2033176444158173 2424.4904024914586 0.022727272727272728 t_swap_r_k 100 775.1744487285614 62.85481253435847 43.681701532403714 69.62711962788872 65.98334946692164 9.742305820107969 51.5905054562966 44.78544719694766
1.0316441852588265 2004.8393430966871 0.045454545454545456 1.286157220811333 2648.2853887645133 0.045454545454545456 t_multiswap_k 100 777.0805690288544 62.85481253435847 43.681701532403714 69.62711962788872 65.98334946692164 9.742305820107969 51.5905054562966 45.46759272497818
1.0316441852588265 2004.8393430966871 0.045454545454545456 1.2179519058517383 2504.58134137734 0.09090909090909091 move_t 100 779.4523093700409 62.85481253435847 44.33488451707968 69.62711962788872 65.98334946692164 9.742305820107969 51.5905054562966 45.46759272497818
1.0316441852588265 2004.8393430966871 0.045454545454545456 1.184888218144846 2420.991520274417 0.09090909090909091 t_swap_r_k 100 781.1524226665497 62.85481253435847 44.33488451707968 69.62711962788872 65.98334946692164 9.742305820107969 52.11460040173363 45.46759272497818
1.0316441852588265 2004.8393430966871 0.045454545454545456 1.3106359422576421 2724.5356284302247 0.06818181818181818 t_swap_k 100 783.7222881317139 62.85481253435847 44.33488451707968 70.15084843160983 65.98334946692164 9.742305820107969 52.11460040173363 45.46759272497818
1.0316441852588265 2004.8393430966871 0.045454545454545456 1.2685395473109156 2618.1098070315634 0.06818181818181818 t_swap_r_k 100 784.6633358001709 62.85481253435847 44.33488451707968 70.15084843160983 65.98334946692164 9.742305820107969 52.6334543977163 45.46759272497818
1.0316441852588265 2004.8393430966871 0.045454545454545456 1.262454865194989 2602.726843883371 0.06818181818181818 t_move_k 100 786.4394583702087 63.25626440901489 44.33488451707968 70.15084843160983 65.98334946692164 9.742305820107969 52.6334543977163 45.46759272497818
1.0316441852588265 2004.8393430966871 0.045454545454545456 1.2530337662628335 2578.9089327866714 0.06818181818181818 f_swap_t 100 789.6841876506805 63.25626440901489 44.33488451707968 70.15084843160983 66.43351597225242 9.742305820107969 52.6334543977163 45.46759272497818
1.0316441852588265 2004.8393430966871 0.045454545454545456 1.2396338430163463 2545.03197396416 0.06818181818181818 t_move_k 100 790.9452464580536 63.66370176492474 44.33488451707968 70.15084843160983 66.43351597225242 9.742305820107969 52.6334543977163 45.46759272497818
1.0316441852588265 2004.8393430966871 0.045454545454545456 1.2882729786194942 2667.998797257147 0.06818181818181818 t_move_k 100 792.8320076465607 64.22706474727549 44.33488451707968 70.15084843160983 66.43351597225242 9.742305820107969 52.6334543977163 45.46759272497818
1.0316441852588265 2004.8393430966871 0.045454545454545456 1.2406042572639142 2547.485322606605 0.06818181818181818 t_swap_k 100 794.7158410549164 64.22706474727549 44.33488451707968 70.60933994729373 66.43351597225242 9.742305820107969 52.6334543977163 45.46759272497818
1.0316441852588265 2004.8393430966871 0.045454545454545456 1.2871128652411907 2679.430325977013 0.09090909090909091 t_move_k 100 797.1401512622833 64.67479409980274 44.33488451707968 70.60933994729373 66.43351597225242 9.742305820107969 52.6334543977163 45.46759272497818
1.0316441852588265 2004.8393430966871 0.045454545454545456 1.2934166473071464 2652.2738124971106 0.022727272727272728 t_multiswap_k 100 798.0851402282715 64.67479409980274 44.33488451707968 70.60933994729373 66.43351597225242 9.742305820107969 52.6334543977163 46.2129167977284
1.0316441852588265 2004.8393430966871 0.045454545454545456 1.2757362497694005 2621.9396552566236 0.045454545454545456 t_move_k 100 800.2480549812317 65.28804615880472 44.33488451707968 70.60933994729373 66.43351597225242 9.742305820107969 52.6334543977163 46.2129167977284
1.0316441852588265 2004.8393430966871 0.045454545454545456 1.2744430492371461 2635.3004763999543 0.045454545454545456 move_t 100 802.2599222660065 65.28804615880472 44.93153567190888 70.60933994729373 66.43351597225242 9.742305820107969 52.6334543977163 46.2129167977284
1.0316441852588265 2004.8393430966871 0.045454545454545456 1.2709377861547488 2609.8084399283953 0.045454545454545456 t_move_k 100 803.9695899486542 65.74516569721668 44.93153567190888 70.60933994729373 66.43351597225242 9.742305820107969 52.6334543977163 46.2129167977284
1.0316441852588265 2004.8393430966871 0.045454545454545456 1.258971726748027 2592.2293979142773 0.045454545454545456 move_t 100 805.6457951068878 65.74516569721668 45.542220315189795 70.60933994729373 66.43351597225242 9.742305820107969 52.6334543977163 46.2129167977284
1.0316441852588265 2004.8393430966871 0.045454545454545456 1.213218604865343 2463.88593784818 0.045454545454545456 t_move_k 100 808.0701916217804 66.28771404024451 45.542220315189795 70.60933994729373 66.43351597225242 9.742305820107969 52.6334543977163 46.2129167977284
1.0316441852588265 2004.8393430966871 0.045454545454545456 1.1992617681403135 2442.96548500026 0.06818181818181818 f_swap_t 100 811.2549207210541 66.28771404024451 45.542220315189795 70.60933994729373 66.8691808125299 9.742305820107969 52.6334543977163 46.2129167977284
1.0316441852588265 2004.8393430966871 0.045454545454545456 1.1752030087461922 2410.8703638387865 0.11363636363636365 t_swap_r_k 100 812.7322020530701 66.28771404024451 45.542220315189795 70.60933994729373 66.8691808125299 9.742305820107969 53.177119853739136 46.2129167977284
1.0316441852588265 2004.8393430966871 0.045454545454545456 1.249853932324197 2599.5987779942525 0.11363636363636365 t_swap_k 100 815.4801740646362 66.28771404024451 45.542220315189795 71.0932465478208 66.8691808125299 9.742305820107969 53.177119853739136 46.2129167977284
1.0316441852588265 2004.8393430966871 0.045454545454545456 1.1815191651643742 2441.2029921681533 0.13636363636363635 t_swap_k 100 818.1302411556244 66.28771404024451 45.542220315189795 71.5323140823426 66.8691808125299 9.742305820107969 53.177119853739136 46.2129167977284
1.0316441852588265 2004.8393430966871 0.045454545454545456 1.1683840293402472 2393.6309901276486 0.11363636363636365 move_t 100 820.3820540904999 66.28771404024451 46.0867981120379 71.5323140823426 66.8691808125299 9.742305820107969 53.177119853739136 46.2129167977284
1.0316441852588265 2004.8393430966871 0.045454545454545456 1.3461731834996356 2828.7434177673144 0.09090909090909091 t_swap_k 100 823.107489824295 66.28771404024451 46.0867981120379 72.09699094151917 66.8691808125299 9.742305820107969 53.177119853739136 46.2129167977284
1.0316441852588265 2004.8393430966871 0.045454545454545456 1.258712886566003 2593.266576567131 0.06818181818181818 t_move_k 100 825.4897630214691 66.85483689984207 46.0867981120379 72.09699094151917 66.8691808125299 9.742305820107969 53.177119853739136 46.2129167977284
1.0316441852588265 2004.8393430966871 0.045454545454545456 1.474830999294009 3110.915732978454 0.022727272727272728 f_swap_t 100 828.7041432857513 66.85483689984207 46.0867981120379 72.09699094151917 67.5704890044046 9.742305820107969 53.177119853739136 46.2129167977284
1.0316441852588265 2004.8393430966871 0.045454545454545456 1.3627776101669802 2827.628435017676 0.022727272727272728 t_move_k 100 829.8342583179474 67.38628853084364 46.0867981120379 72.09699094151917 67.5704890044046 9.742305820107969 53.177119853739136 46.2129167977284
1.0316441852588265 2004.8393430966871 0.045454545454545456 1.3166085159273773 2725.270700677311 0.045454545454545456 move_t 100 831.3260262012482 67.38628853084364 46.69593013091752 72.09699094151917 67.5704890044046 9.742305820107969 53.177119853739136 46.2129167977284
1.0316441852588265 2004.8393430966871 0.045454545454545456 1.375972535407322 2875.35159341586 0.045454545454545456 t_swap_k 100 833.2413816452026 67.38628853084364 46.69593013091752 72.59602103210398 67.5704890044046 9.742305820107969 53.177119853739136 46.2129167977284
1.0316441852588265 2004.8393430966871 0.045454545454545456 1.4188280117611205 2983.6964832373246 0.045454545454545456 f_swap_t 100 835.3518567085266 67.38628853084364 46.69593013091752 72.59602103210398 68.10478411436056 9.742305820107969 53.177119853739136 46.2129167977284
1.0316441852588265 2004.8393430966871 0.045454545454545456 1.3518287545861813 2814.312596874449 0.045454545454545456 move_t 100 837.307345867157 67.38628853084364 47.288970829608346 72.59602103210398 68.10478411436056 9.742305820107969 53.177119853739136 46.2129167977284
1.0316441852588265 2004.8393430966871 0.045454545454545456 1.3633976085152288 2843.5603456091835 0.045454545454545456 t_swap_k 100 839.8635284900665 67.38628853084364 47.288970829608346 72.94006082178294 68.10478411436056 9.742305820107969 53.177119853739136 46.2129167977284
1.0316441852588265 2004.8393430966871 0.045454545454545456 1.3475453119335232 2789.118965184533 0.022727272727272728 move_t 100 842.1107804775238 67.38628853084364 47.816081121312266 72.94006082178294 68.10478411436056 9.742305820107969 53.177119853739136 46.2129167977284
1.0316441852588265 2004.8393430966871 0.045454545454545456 1.3463013278367644 2800.3384565051347 0.045454545454545456 move_t 100 844.2933008670807 67.38628853084364 48.367920310099144 72.94006082178294 68.10478411436056 9.742305820107969 53.177119853739136 46.2129167977284
1.0316441852588265 2004.8393430966871 0.045454545454545456 1.3458026860514027 2784.7133529906637 0.022727272727272728 swap_t 100 846.3307683467865 67.38628853084364 48.367920310099144 72.94006082178294 68.10478411436056 10.644882761906889 53.177119853739136 46.2129167977284
1.0316441852588265 2004.8393430966871 0.045454545454545456 1.3373498420387926 2777.707795851337 0.045454545454545456 t_swap_k 100 848.5810842514038 67.38628853084364 48.367920310099144 73.5706602135651 68.10478411436056 10.644882761906889 53.177119853739136 46.2129167977284
1.0316441852588265 2004.8393430966871 0.045454545454545456 1.3693442104023956 2844.2297574049053 0.022727272727272728 t_swap_k 100 850.8070976734161 67.38628853084364 48.367920310099144 74.11495361142946 68.10478411436056 10.644882761906889 53.177119853739136 46.2129167977284
1.0316441852588265 2004.8393430966871 0.045454545454545456 1.3170419475654866 2740.7309434360427 0.06818181818181818 t_swap_k 100 852.6082439422607 67.38628853084364 48.367920310099144 74.62380407531516 68.10478411436056 10.644882761906889 53.177119853739136 46.2129167977284
1.0316441852588265 2004.8393430966871 0.045454545454545456 1.348568239514357 2806.0695395974362 0.045454545454545456 t_move_k 100 854.7646543979645 67.9324256455352 48.367920310099144 74.62380407531516 68.10478411436056 10.644882761906889 53.177119853739136 46.2129167977284
1.0316441852588265 2004.8393430966871 0.045454545454545456 1.3212101350946743 2781.514700913975 0.045454545454545456 move_t 100 856.187112569809 67.9324256455352 48.954241106998154 74.62380407531516 68.10478411436056 10.644882761906889 53.177119853739136 46.2129167977284
1.0316441852588265 2004.8393430966871 0.045454545454545456 1.280254439071803 2647.726760688204 0.06818181818181818 t_multiswap_k 100 857.6487584114075 67.9324256455352 48.954241106998154 74.62380407531516 68.10478411436056 10.644882761906889 53.177119853739136 46.78078762975111
1.0316441852588265 2004.8393430966871 0.045454545454545456 1.3267621677851293 2750.9406123294816 0.045454545454545456 t_swap_k 100 859.585143327713 67.9324256455352 48.954241106998154 75.12756603456201 68.10478411436056 10.644882761906889 53.177119853739136 46.78078762975111
1.0316441852588265 2004.8393430966871 0.045454545454545456 1.270400903528643 2608.4511224063062 0.045454545454545456 t_swap_r_k 100 860.9701335430145 67.9324256455352 48.954241106998154 75.12756603456201 68.10478411436056 10.644882761906889 53.68534865520174 46.78078762975111
1.0316441852588265 2004.8393430966871 0.045454545454545456 1.2424435107580847 2566.499687896751 0.09090909090909091 t_move_k 100 863.1275672912598 68.28310138907985 48.954241106998154 75.12756603456201 68.10478411436056 10.644882761906889 53.68534865520174 46.78078762975111
1.0316441852588265 2004.8393430966871 0.045454545454545456 1.2628724727461629 2589.4181522224603 0.045454545454545456 t_swap_k 100 864.9373195171356 68.28310138907985 48.954241106998154 75.41629037421639 68.10478411436056 10.644882761906889 53.68534865520174 46.78078762975111
1.0316441852588265 2004.8393430966871 0.045454545454545456 1.2757923187899256 2622.0814059118034 0.045454545454545456 move_t 100 866.9678473472595 68.28310138907985 49.50469869592817 75.41629037421639 68.10478411436056 10.644882761906889 53.68534865520174 46.78078762975111
1.0316441852588265 2004.8393430966871 0.045454545454545456 1.2547559170296165 2568.898316494138 0.045454545454545456 move_t 100 869.0389549732208 68.28310138907985 50.00965170896889 75.41629037421639 68.10478411436056 10.644882761906889 53.68534865520174 46.78078762975111
1.0316441852588265 2004.8393430966871 0.045454545454545456 1.3724955492998885 2880.925730224 0.06818181818181818 t_swap_k 100 871.5242643356323 68.28310138907985 50.00965170896889 75.94212747047422 68.10478411436056 10.644882761906889 53.68534865520174 46.78078762975111
1.0316441852588265 2004.8393430966871 0.045454545454545456 1.3129508633742082 2730.38808638097 0.06818181818181818 t_multiswap_k 100 873.229921579361 68.28310138907985 50.00965170896889 75.94212747047422 68.10478411436056 10.644882761906889 53.68534865520174 47.3429797534536
1.0316441852588265 2004.8393430966871 0.045454545454545456 1.402509236598428 2928.0757769770717 0.022727272727272728 t_swap_k 100 876.2962746620178 68.28310138907985 50.00965170896889 76.40270619576948 68.10478411436056 10.644882761906889 53.68534865520174 47.3429797534536
1.0316441852588265 2004.8393430966871 0.045454545454545456 1.2930825805230595 2665.7937073921403 0.045454545454545456 t_multiswap_k 100 877.7508108615875 68.28310138907985 50.00965170896889 76.40270619576948 68.10478411436056 10.644882761906889 53.68534865520174 48.01954995591906
1.0316441852588265 2004.8393430966871 0.045454545454545456 1.3117743233102614 2713.0491572238398 0.045454545454545456 t_multiswap_k 100 878.7185955047607 68.28310138907985 50.00965170896889 76.40270619576948 68.10478411436056 10.644882761906889 53.68534865520174 48.75935445635987
1.0316441852588265 2004.8393430966871 0.045454545454545456 1.4374174618722695 3016.3288578653437 0.022727272727272728 f_swap_t 100 880.5751383304596 68.28310138907985 50.00965170896889 76.40270619576948 68.62373627321695 10.644882761906889 53.68534865520174 48.75935445635987
1.0316441852588265 2004.8393430966871 0.045454545454545456 1.4245771484359797 2998.2311386093434 0.045454545454545456 t_swap_k 100 883.1526310443878 68.28310138907985 50.00965170896889 76.97867913381178 68.62373627321695 10.644882761906889 53.68534865520174 48.75935445635987
1.0316441852588265 2004.8393430966871 0.045454545454545456 1.388142529815283 2920.483577300147 0.06818181818181818 t_swap_r_k 100 884.2038786411285 68.28310138907985 50.00965170896889 76.97867913381178 68.62373627321695 10.644882761906889 54.218495168649724 48.75935445635987
1.0316441852588265 2004.8393430966871 0.045454545454545456 1.3186374331408754 2730.400099079947 0.045454545454545456 t_multiswap_k 100 885.2178483009338 68.28310138907985 50.00965170896889 76.97867913381178 68.62373627321695 10.644882761906889 54.218495168649724 49.55176091179627
1.0316441852588265 2004.8393430966871 0.045454545454545456 1.274631796802357 2622.913011699819 0.022727272727272728 move_t 100 886.6827974319458 68.28310138907985 50.6395551918792 76.97867913381178 68.62373627321695 10.644882761906889 54.218495168649724 49.55176091179627
1.0316441852588265 2004.8393430966871 0.045454545454545456 1.4063145868720681 2937.6962570465475 0.022727272727272728 f_swap_t 100 889.4011862277985 68.28310138907985 50.6395551918792 76.97867913381178 69.11749891048478 10.644882761906889 54.218495168649724 49.55176091179627
1.0316441852588265 2004.8393430966871 0.045454545454545456 1.3324238283498424 2750.8896509357423 0.022727272727272728 t_swap_r_k 100 890.7893452644348 68.28310138907985 50.6395551918792 76.97867913381178 69.11749891048478 10.644882761906889 54.746310216963224 49.55176091179627
1.0316441852588265 2004.8393430966871 0.045454545454545456 1.2730730165712358 2600.8421491910176 0.022727272727272728 f_swap_t 100 893.4729239940643 68.28310138907985 50.6395551918792 76.97867913381178 69.51632392137994 10.644882761906889 54.746310216963224 49.55176091179627
1.0316441852588265 2004.8393430966871 0.045454545454545456 1.222665624772258 2473.404916535837 0.022727272727272728 t_swap_r_k 100 894.1083171367645 68.28310138907985 50.6395551918792 76.97867913381178 69.51632392137994 10.644882761906889 55.23884711479359 49.55176091179627
1.0316441852588265 2004.8393430966871 0.045454545454545456 1.4039769964593776 2931.786487811461 0.022727272727272728 f_swap_t 100 897.1781544685364 68.28310138907985 50.6395551918792 76.97867913381178 70.05116068216614 10.644882761906889 55.23884711479359 49.55176091179627
1.0316441852588265 2004.8393430966871 0.045454545454545456 1.3813869848032303 2874.6756461597392 0.022727272727272728 t_swap_k 100 899.8349404335022 68.28310138907985 50.6395551918792 77.40889234247366 70.05116068216614 10.644882761906889 55.23884711479359 49.55176091179627
1.0316441852588265 2004.8393430966871 0.045454545454545456 1.3605809522933177 2822.0749637802405 0.022727272727272728 move_t 100 902.0551400184631 68.28310138907985 51.3531596399604 77.40889234247366 70.05116068216614 10.644882761906889 55.23884711479359 49.55176091179627
1.0316441852588265 2004.8393430966871 0.045454545454545456 1.397847448718439 2930.6545622355497 0.045454545454545456 f_swap_t 100 905.3626344203949 68.28310138907985 51.3531596399604 77.40889234247366 70.69064907534448 10.644882761906889 55.23884711479359 49.55176091179627
1.0316441852588265 2004.8393430966871 0.045454545454545456 1.328806460133301 2797.796803969749 0.045454545454545456 move_t 100 906.4065556526184 68.28310138907985 51.899628043560796 77.40889234247366 70.69064907534448 10.644882761906889 55.23884711479359 49.55176091179627
1.0316441852588265 2004.8393430966871 0.045454545454545456 1.3052302399552262 2696.5047607917395 0.045454545454545456 t_move_k 100 907.4958829879761 68.63027037518904 51.899628043560796 77.40889234247366 70.69064907534448 10.644882761906889 55.23884711479359 49.55176091179627
1.0316441852588265 2004.8393430966871 0.045454545454545456 1.286593176349752 2649.387547900189 0.045454545454545456 t_swap_k 100 909.8118319511414 68.63027037518904 51.899628043560796 77.76480341904893 70.69064907534448 10.644882761906889 55.23884711479359 49.55176091179627
1.0316441852588265 2004.8393430966871 0.045454545454545456 1.2624645092436948 2588.386761033126 0.045454545454545456 t_swap_r_k 100 911.2494084835052 68.63027037518904 51.899628043560796 77.76480341904893 70.69064907534448 10.644882761906889 55.72645864364566 49.55176091179627
1.0316441852588265 2004.8393430966871 0.045454545454545456 1.249765916629204 2570.6473326685036 0.06818181818181818 t_swap_k 100 913.0711867809296 68.63027037518904 51.899628043560796 77.98715538485844 70.69064907534448 10.644882761906889 55.72645864364566 49.55176091179627
1.0316441852588265 2004.8393430966871 0.045454545454545456 1.281442262037735 2622.000821433294 0.022727272727272728 move_t 100 914.6951944828033 68.63027037518904 52.45063176312519 77.98715538485844 70.69064907534448 10.644882761906889 55.72645864364566 49.55176091179627
1.0316441852588265 2004.8393430966871 0.045454545454545456 1.343387564631545 2792.972038481237 0.045454545454545456 t_multiswap_k 100 916.4550697803497 68.63027037518904 52.45063176312519 77.98715538485844 70.69064907534448 10.644882761906889 55.72645864364566 50.33624330267831
1.0316441852588265 2004.8393430966871 0.045454545454545456 1.2881687514218039 2639.0063668899743 0.022727272727272728 t_swap_r_k 100 917.7072579860687 68.63027037518904 52.45063176312519 77.98715538485844 70.69064907534448 10.644882761906889 56.2091940572092 50.33624330267831
1.0316441852588265 2004.8393430966871 0.045454545454545456 1.433667734121976 3021.213464051971 0.045454545454545456 f_swap_t 100 920.4409031867981 68.63027037518904 52.45063176312519 77.98715538485844 71.23374258459104 10.644882761906889 56.2091940572092 50.33624330267831
1.0316441852588265 2004.8393430966871 0.045454545454545456 1.419234813861788 2970.3604738227878 0.022727272727272728 f_swap_t 100 922.0619344711304 68.63027037518904 52.45063176312519 77.98715538485844 71.76140515874513 10.644882761906889 56.2091940572092 50.33624330267831
1.0316441852588265 2004.8393430966871 0.045454545454545456 1.3889845576874253 2893.883417653235 0.022727272727272728 t_swap_k 100 924.1676995754242 68.63027037518904 52.45063176312519 78.54728383100985 71.76140515874513 10.644882761906889 56.2091940572092 50.33624330267831
1.0316441852588265 2004.8393430966871 0.045454545454545456 1.3204638294247548 2735.017495057851 0.045454545454545456 t_move_k 100 926.1958067417145 68.94396767143715 52.45063176312519 78.54728383100985 71.76140515874513 10.644882761906889 56.2091940572092 50.33624330267831
1.0316441852588265 2004.8393430966871 0.045454545454545456 1.285181611130172 2645.818905308782 0.045454545454545456 t_multiswap_k 100 927.9831829071045 68.94396767143715 52.45063176312519 78.54728383100985 71.76140515874513 10.644882761906889 56.2091940572092 50.862880869651526
1.0316441852588265 2004.8393430966871 0.045454545454545456 1.3589874446375019 2846.775273016134 0.06818181818181818 t_swap_k 100 929.705399274826 68.94396767143715 52.45063176312519 78.95181099269975 71.76140515874513 10.644882761906889 56.2091940572092 50.862880869651526
1.0316441852588265 2004.8393430966871 0.045454545454545456 1.4336390157365613 3021.1408597883315 0.045454545454545456 t_move_k 100 931.0724637508392 69.53452799472278 52.45063176312519 78.95181099269975 71.76140515874513 10.644882761906889 56.2091940572092 50.862880869651526
1.0316441852588265 2004.8393430966871 0.045454545454545456 1.377223867857881 2878.51514421545 0.045454545454545456 t_move_k 100 932.38498878479 70.00918271477555 52.45063176312519 78.95181099269975 71.76140515874513 10.644882761906889 56.2091940572092 50.862880869651526
1.0316441852588265 2004.8393430966871 0.045454545454545456 1.2717673741360251 2597.5412948352923 0.022727272727272728 t_swap_k 100 934.4554443359375 70.00918271477555 52.45063176312519 79.25229288277275 71.76140515874513 10.644882761906889 56.2091940572092 50.862880869651526
1.0316441852588265 2004.8393430966871 0.045454545454545456 1.2628763006375716 2589.4278296898046 0.045454545454545456 t_move_k 100 936.5986061096191 70.5490908876278 52.45063176312519 79.25229288277275 71.76140515874513 10.644882761906889 56.2091940572092 50.862880869651526
1.0316441852588265 2004.8393430966871 0.045454545454545456 1.2622341262771921 2587.8043193186422 0.045454545454545456 t_multiswap_k 100 938.3762650489807 70.5490908876278 52.45063176312519 79.25229288277275 71.76140515874513 10.644882761906889 56.2091940572092 51.39425206095501
1.0316441852588265 2004.8393430966871 0.045454545454545456 1.2614045413873933 2585.70700781659 0.045454545454545456 t_multiswap_k 100 940.5054647922516 70.5490908876278 52.45063176312519 79.25229288277275 71.76140515874513 10.644882761906889 56.2091940572092 51.98030954034546
1.0316441852588265 2004.8393430966871 0.045454545454545456 1.282995369049675 2640.291766714429 0.045454545454545456 t_multiswap_k 100 942.6258108615875 70.5490908876278 52.45063176312519 79.25229288277275 71.76140515874513 10.644882761906889 56.2091940572092 52.550506444942
1.0316441852588265 2004.8393430966871 0.045454545454545456 1.2670672119956472 2600.0230643709842 0.045454545454545456 t_swap_k 100 944.6213998794556 70.5490908876278 52.45063176312519 79.62976995394503 71.76140515874513 10.644882761906889 56.2091940572092 52.550506444942
1.0316441852588265 2004.8393430966871 0.045454545454545456 1.293475425392522 2666.786876473904 0.045454545454545456 t_move_k 100 946.9575138092041 70.95359997875153 52.45063176312519 79.62976995394503 71.76140515874513 10.644882761906889 56.2091940572092 52.550506444942
1.0316441852588265 2004.8393430966871 0.045454545454545456 1.3262889844681718 2764.1088003550835 0.06818181818181818 t_swap_k 100 948.3310880661011 70.95359997875153 52.45063176312519 79.96347225440557 71.76140515874513 10.644882761906889 56.2091940572092 52.550506444942
1.0316441852588265 2004.8393430966871 0.045454545454545456 1.344877524901897 2811.1033395968634 0.06818181818181818 t_swap_k 100 950.4748227596283 70.95359997875153 52.45063176312519 80.47383753186152 71.76140515874513 10.644882761906889 56.2091940572092 52.550506444942
1.0316441852588265 2004.8393430966871 0.045454545454545456 1.3085042637405493 2690.417505654325 0.022727272727272728 t_swap_r_k 100 952.0410511493683 70.95359997875153 52.45063176312519 80.47383753186152 71.76140515874513 10.644882761906889 56.687102116637114 52.550506444942
1.0316441852588265 2004.8393430966871 0.045454545454545456 1.4439358929257424 3047.172865951485 0.045454545454545456 f_swap_t 100 954.3689267635345 70.95359997875153 52.45063176312519 80.47383753186152 72.20379110715768 10.644882761906889 56.687102116637114 52.550506444942
1.0316441852588265 2004.8393430966871 0.045454545454545456 1.389421322535838 2894.9876228425205 0.022727272727272728 move_t 100 955.7322812080383 70.95359997875153 52.92612544549394 80.47383753186152 72.20379110715768 10.644882761906889 56.687102116637114 52.550506444942
1.0316441852588265 2004.8393430966871 0.045454545454545456 1.3467700952276414 2787.1591043748404 0.022727272727272728 f_swap_t 100 959.417543888092 70.95359997875153 52.92612544549394 80.47383753186152 72.5417531960861 10.644882761906889 56.687102116637114 52.550506444942
1.0316441852588265 2004.8393430966871 0.045454545454545456 1.2767936767212185 2638.977449107186 0.06818181818181818 t_move_k 100 961.0049114227295 71.34406397896402 52.92612544549394 80.47383753186152 72.5417531960861 10.644882761906889 56.687102116637114 52.550506444942
1.0316441852588265 2004.8393430966871 0.045454545454545456 1.3208286567708616 2750.3042961682636 0.06818181818181818 f_swap_t 100 962.5980260372162 71.34406397896402 52.92612544549394 80.47383753186152 72.94633566412524 10.644882761906889 56.687102116637114 52.550506444942
1.0316441852588265 2004.8393430966871 0.045454545454545456 1.2940538329348172 2696.978103857532 0.09090909090909091 move_t 100 964.0114357471466 71.34406397896402 53.396864191039 80.47383753186152 72.94633566412524 10.644882761906889 56.687102116637114 52.550506444942
1.0316441852588265 2004.8393430966871 0.045454545454545456 1.2349462664243998 2533.181097189596 0.06818181818181818 t_swap_k 100 965.9602715969086 71.34406397896402 53.396864191039 80.8490991565429 72.94633566412524 10.644882761906889 56.687102116637114 52.550506444942
1.0316441852588265 2004.8393430966871 0.045454545454545456 1.2398249107161097 2531.150556543801 0.045454545454545456 f_swap_t 100 968.9384355545044 71.34406397896402 53.396864191039 80.8490991565429 73.22687230748399 10.644882761906889 56.687102116637114 52.550506444942
1.0316441852588265 2004.8393430966871 0.045454545454545456 1.3118603887719344 2713.266743253813 0.045454545454545456 f_swap_t 100 971.6612854003906 71.34406397896402 53.396864191039 80.8490991565429 73.56460358440914 10.644882761906889 56.687102116637114 52.550506444942
1.0316441852588265 2004.8393430966871 0.045454545454545456 1.2514179876364788 2560.4595445307664 0.045454545454545456 t_swap_r_k 100 972.2870380878448 71.34406397896402 53.396864191039 80.8490991565429 73.56460358440914 10.644882761906889 57.16023109547074 52.550506444942
1.0316441852588265 2004.8393430966871 0.045454545454545456 1.2556055125651708 2585.4106822358012 0.06818181818181818 t_move_k 100 973.7113659381866 71.73062333917437 53.396864191039 80.8490991565429 73.56460358440914 10.644882761906889 57.16023109547074 52.550506444942
1.0316441852588265 2004.8393430966871 0.045454545454545456 1.2940826646092862 2682.6865301215494 0.06818181818181818 t_move_k 100 975.4830763339996 72.19331710578263 53.396864191039 80.8490991565429 73.56460358440914 10.644882761906889 57.16023109547074 52.550506444942
1.0316441852588265 2004.8393430966871 0.045454545454545456 1.3450418463000386 2811.518768038961 0.06818181818181818 t_move_k 100 976.5708487033844 72.7513839347248 53.396864191039 80.8490991565429 73.56460358440914 10.644882761906889 57.16023109547074 52.550506444942
1.0316441852588265 2004.8393430966871 0.045454545454545456 1.370077573726861 2860.448271177682 0.045454545454545456 t_move_k 100 978.2761671543121 73.12387009537755 53.396864191039 80.8490991565429 73.56460358440914 10.644882761906889 57.16023109547074 52.550506444942
1.0316441852588265 2004.8393430966871 0.045454545454545456 1.3109436291321361 2710.949041279234 0.045454545454545456 move_t 100 979.2022407054901 73.12387009537755 53.86289554912861 80.8490991565429 73.56460358440914 10.644882761906889 57.16023109547074 52.550506444942
1.0316441852588265 2004.8393430966871 0.045454545454545456 1.2269387618193188 2498.5724941529015 0.045454545454545456 t_multiswap_k 100 981.0163152217865 73.12387009537755 53.86289554912861 80.8490991565429 73.56460358440914 10.644882761906889 57.16023109547074 53.14500138049258
1.0316441852588265 2004.8393430966871 0.045454545454545456 1.2019696062965248 2421.0823656677835 0.022727272727272728 t_multiswap_k 100 983.0472116470337 73.12387009537755 53.86289554912861 80.8490991565429 73.56460358440914 10.644882761906889 57.16023109547074 53.64355136668765
1.0316441852588265 2004.8393430966871 0.045454545454545456 1.177723011222199 2388.512368532274 0.06818181818181818 t_move_k 100 984.9978082180023 73.45263139442378 53.86289554912861 80.8490991565429 73.56460358440914 10.644882761906889 57.16023109547074 53.64355136668765
1.0316441852588265 2004.8393430966871 0.045454545454545456 1.205773815432066 2459.428889595564 0.06818181818181818 t_move_k 100 986.6594274044037 73.90810508047954 53.86289554912861 80.8490991565429 73.56460358440914 10.644882761906889 57.16023109547074 53.64355136668765
1.0316441852588265 2004.8393430966871 0.045454545454545456 1.1878076921213978 2399.643447138785 0.045454545454545456 move_t 100 988.3488402366638 73.90810508047954 54.324266593637326 80.8490991565429 73.56460358440914 10.644882761906889 57.16023109547074 53.64355136668765
1.0316441852588265 2004.8393430966871 0.045454545454545456 1.2076825669206686 2464.2544915331537 0.06818181818181818 move_t 100 990.1217243671417 73.90810508047954 54.88102392770095 80.8490991565429 73.56460358440914 10.644882761906889 57.16023109547074 53.64355136668765
1.0316441852588265 2004.8393430966871 0.045454545454545456 1.174092616460109 2379.334201493368 0.06818181818181818 t_move_k 100 991.8544270992279 74.16902402967474 54.88102392770095 80.8490991565429 73.56460358440914 10.644882761906889 57.16023109547074 53.64355136668765
1.0316441852588265 2004.8393430966871 0.045454545454545456 1.2102742803640973 2499.535649646624 0.11363636363636363 f_swap_t 100 993.6460490226746 74.16902402967474 54.88102392770095 80.8490991565429 73.96895754856504 10.644882761906889 57.16023109547074 53.64355136668765
1.0316441852588265 2004.8393430966871 0.045454545454545456 1.1804816110513947 2381.122046517783 0.045454545454545456 t_swap_r_k 100 994.4893562793732 74.16902402967474 54.88102392770095 80.8490991565429 73.96895754856504 10.644882761906889 57.62862878451603 53.64355136668765
1.0316441852588265 2004.8393430966871 0.045454545454545456 1.1804816110513947 2381.122046517783 0.045454545454545456 t_swap_r_k 100 995.7892541885376 74.16902402967474 54.88102392770095 80.8490991565429 73.96895754856504 10.644882761906889 58.092342496670874 53.64355136668765
1.0316441852588265 2004.8393430966871 0.045454545454545456 1.2216416507874945 2499.5450898938875 0.06818181818181818 f_swap_t 100 998.5107877254486 74.16902402967474 54.88102392770095 80.8490991565429 74.2692679730794 10.644882761906889 58.092342496670874 53.64355136668765
1.0316441852588265 2004.8393430966871 0.045454545454545456 1.3033173913119407 2706.03326506087 0.06818181818181818 t_swap_k 100 1000.0340011119843 74.16902402967474 54.88102392770095 81.26060816497747 74.2692679730794 10.644882761906889 58.092342496670874 53.64355136668765
1.0316441852588265 2004.8393430966871 0.045454545454545456 1.2993871955078513 2710.4616217067532 0.09090909090909091 f_swap_t 100 1002.2725296020508 74.16902402967474 54.88102392770095 81.26060816497747 74.7465752933486 10.644882761906889 58.092342496670874 53.64355136668765
1.0316441852588265 2004.8393430966871 0.045454545454545456 1.419426941111189 3028.304057152639 0.11363636363636365 t_swap_k 100 1003.452478647232 74.16902402967474 54.88102392770095 81.60800208332769 74.7465752933486 10.644882761906889 58.092342496670874 53.64355136668765
1.0316441852588265 2004.8393430966871 0.045454545454545456 1.3554637754375558 2837.866923752118 0.06818181818181818 t_swap_k 100 1004.7008833885193 74.16902402967474 54.88102392770095 82.07192206249441 74.7465752933486 10.644882761906889 58.092342496670874 53.64355136668765
1.0316441852588265 2004.8393430966871 0.045454545454545456 1.293714306985415 2667.3908039544594 0.045454545454545456 t_move_k 100 1005.8030652999878 74.52733378937799 54.88102392770095 82.07192206249441 74.7465752933486 10.644882761906889 58.092342496670874 53.64355136668765
1.0316441852588265 2004.8393430966871 0.045454545454545456 1.2823720740722155 2653.080450585562 0.06818181818181818 f_swap_t 100 1008.9430961608887 74.52733378937799 54.88102392770095 82.07192206249441 75.1391095404151 10.644882761906889 58.092342496670874 53.64355136668765
1.0316441852588265 2004.8393430966871 0.045454545454545456 1.2157905209874353 2499.1170454481235 0.09090909090909091 t_multiswap_k 100 1010.1441571712494 74.52733378937799 54.88102392770095 82.07192206249441 75.1391095404151 10.644882761906889 58.092342496670874 54.167115853020775
1.0316441852588265 2004.8393430966871 0.045454545454545456 1.2074954263194069 2449.416908409121 0.045454545454545456 t_swap_r_k 100 1011.5745477676392 74.52733378937799 54.88102392770095 82.07192206249441 75.1391095404151 10.644882761906889 58.55141907170417 54.167115853020775
1.0316441852588265 2004.8393430966871 0.045454545454545456 1.242813624145324 2553.07092406779 0.06818181818181818 t_move_k 100 1014.0931639671326 74.90206045148422 54.88102392770095 82.07192206249441 75.1391095404151 10.644882761906889 58.55141907170417 54.167115853020775
1.0316441852588265 2004.8393430966871 0.045454545454545456 1.253476762373931 2594.3933559270067 0.09090909090909091 t_swap_k 100 1016.0275058746338 74.90206045148422 54.88102392770095 82.35120284186947 75.1391095404151 10.644882761906889 58.55141907170417 54.167115853020775
1.0316441852588265 2004.8393430966871 0.045454545454545456 1.2553681488152828 2600.4193931557957 0.11363636363636363 move_t 100 1017.6802408695221 74.90206045148422 55.43221368842394 82.35120284186947 75.1391095404151 10.644882761906889 58.55141907170417 54.167115853020775
1.0316441852588265 2004.8393430966871 0.045454545454545456 1.2522272098220923 2591.234304970779 0.09090909090909091 t_move_k 100 1019.4324851036072 75.16303984696937 55.43221368842394 82.35120284186947 75.1391095404151 10.644882761906889 58.55141907170417 54.167115853020775
1.0316441852588265 2004.8393430966871 0.045454545454545456 1.2447729688749942 2558.02443309207 0.06818181818181818 t_move_k 100 1020.7708349227905 75.54140944849968 55.43221368842394 82.35120284186947 75.1391095404151 10.644882761906889 58.55141907170417 54.167115853020775
1.0316441852588265 2004.8393430966871 0.045454545454545456 1.2340689120573682 2530.963017487351 0.06818181818181818 t_move_k 100 1022.8739016056061 75.84599535401468 55.43221368842394 82.35120284186947 75.1391095404151 10.644882761906889 58.55141907170417 54.167115853020775
1.0316441852588265 2004.8393430966871 0.045454545454545456 1.2179955324635081 2490.327171399013 0.06818181818181818 t_swap_k 100 1025.1696531772614 75.84599535401468 55.43221368842394 82.62769081345077 75.1391095404151 10.644882761906889 58.55141907170417 54.167115853020775
1.0316441852588265 2004.8393430966871 0.045454545454545456 1.2012365826777254 2447.958103953024 0.06818181818181818 move_t 100 1026.194564819336 75.84599535401468 55.93789155153971 82.62769081345077 75.1391095404151 10.644882761906889 58.55141907170417 54.167115853020775
1.0316441852588265 2004.8393430966871 0.045454545454545456 1.181007876647641 2411.1814514628254 0.09090909090909091 f_swap_t 100 1028.7286260128021 75.84599535401468 55.93789155153971 82.62769081345077 75.38771844501096 10.644882761906889 58.55141907170417 54.167115853020775
1.0316441852588265 2004.8393430966871 0.045454545454545456 1.1793144549335828 2406.9002345766507 0.09090909090909091 t_move_k 100 1030.6939313411713 76.08753540047452 55.93789155153971 82.62769081345077 75.38771844501096 10.644882761906889 58.55141907170417 54.167115853020775
1.0316441852588265 2004.8393430966871 0.045454545454545456 1.2501230299688424 2571.55016723549 0.06818181818181818 t_swap_k 100 1032.038756608963 76.08753540047452 55.93789155153971 83.02141390531627 75.38771844501096 10.644882761906889 58.55141907170417 54.167115853020775
1.0316441852588265 2004.8393430966871 0.045454545454545456 1.2197984258477579 2480.5206842105667 0.045454545454545456 t_swap_r_k 100 1032.770759820938 76.08753540047452 55.93789155153971 83.02141390531627 75.38771844501096 10.644882761906889 59.005904880987124 54.167115853020775
1.0316441852588265 2004.8393430966871 0.045454545454545456 1.216435407469112 2472.0184836354547 0.045454545454545456 t_move_k 100 1033.706292629242 76.38666004646977 55.93789155153971 83.02141390531627 75.38771844501096 10.644882761906889 59.005904880987124 54.167115853020775
1.0316441852588265 2004.8393430966871 0.045454545454545456 1.2064047942519374 2446.6596315978627 0.045454545454545456 f_swap_t 100 1034.9152793884277 76.38666004646977 55.93789155153971 83.02141390531627 75.63384126056086 10.644882761906889 59.005904880987124 54.167115853020775
1.0316441852588265 2004.8393430966871 0.045454545454545456 1.1981176488781533 2440.0729847657976 0.06818181818181818 t_move_k 100 1036.5075273513794 76.69279344600507 55.93789155153971 83.02141390531627 75.63384126056086 10.644882761906889 59.005904880987124 54.167115853020775
1.0316441852588265 2004.8393430966871 0.045454545454545456 1.1951092950568896 2418.1029634683905 0.045454545454545456 t_swap_k 100 1038.8537566661835 76.69279344600507 55.93789155153971 83.3911997662631 75.63384126056086 10.644882761906889 59.005904880987124 54.167115853020775
1.0316441852588265 2004.8393430966871 0.045454545454545456 1.1616280168589692 2333.457412746051 0.045454545454545456 t_move_k 100 1040.2920861244202 76.92586551154501 55.93789155153971 83.3911997662631 75.63384126056086 10.644882761906889 59.005904880987124 54.167115853020775
1.0316441852588265 2004.8393430966871 0.045454545454545456 1.2247281601886078 2521.71269988726 0.09090909090909091 t_move_k 100 1041.493761062622 77.23660685642956 55.93789155153971 83.3911997662631 75.63384126056086 10.644882761906889 59.005904880987124 54.167115853020775
1.0316441852588265 2004.8393430966871 0.045454545454545456 1.285125258750933 2660.04090269234 0.06818181818181818 f_swap_t 100 1043.5285005569458 77.23660685642956 55.93789155153971 83.3911997662631 75.95750284795525 10.644882761906889 59.005904880987124 54.167115853020775
1.0316441852588265 2004.8393430966871 0.045454545454545456 1.1997176224759782 2444.11795119535 0.06818181818181818 f_swap_t 100 1045.64279794693 77.23660685642956 55.93789155153971 83.3911997662631 76.2279278194757 10.644882761906889 59.005904880987124 54.167115853020775
1.0316441852588265 2004.8393430966871 0.045454545454545456 1.3319814137430703 2764.1356267448123 0.045454545454545456 t_swap_k 100 1047.4085884094238 77.23660685642956 55.93789155153971 83.74728776860047 76.2279278194757 10.644882761906889 59.005904880987124 54.167115853020775
1.0316441852588265 2004.8393430966871 0.045454545454545456 1.2693657774396843 2605.8341727979605 0.045454545454545456 t_swap_k 100 1049.0640711784363 77.23660685642956 55.93789155153971 84.08981489091447 76.2279278194757 10.644882761906889 59.005904880987124 54.167115853020775
1.0316441852588265 2004.8393430966871 0.045454545454545456 1.2057331272096625 2459.326023839577 0.06818181818181818 t_multiswap_k 100 1050.006742477417 77.23660685642956 55.93789155153971 84.08981489091447 76.2279278194757 10.644882761906889 59.005904880987124 54.68544469449057
1.0316441852588265 2004.8393430966871 0.045454545454545456 1.185109688875184 2407.186966146177 0.06818181818181818 t_swap_k 100 1051.3922653198242 77.23660685642956 55.93789155153971 84.28891674200533 76.2279278194757 10.644882761906889 59.005904880987124 54.68544469449057
1.0316441852588265 2004.8393430966871 0.045454545454545456 1.167780379104991 2349.0114811265757 0.045454545454545456 move_t 100 1052.4649963378906 77.23660685642956 56.37851263602431 84.28891674200533 76.2279278194757 10.644882761906889 59.005904880987124 54.68544469449057
1.0316441852588265 2004.8393430966871 0.045454545454545456 1.2464283832387937 2562.2095618577396 0.06818181818181818 f_swap_t 100 1055.2357897758484 77.23660685642956 56.37851263602431 84.28891674200533 76.65564854128094 10.644882761906889 59.005904880987124 54.68544469449057
1.0316441852588265 2004.8393430966871 0.045454545454545456 1.2036088745874076 2468.320068040636 0.09090909090909091 f_swap_t 100 1058.1379799842834 77.23660685642956 56.37851263602431 84.28891674200533 76.94909205586814 10.644882761906889 59.005904880987124 54.68544469449057
1.0316441852588265 2004.8393430966871 0.045454545454545456 1.179822244222797 2393.8195354922605 0.06818181818181818 t_swap_k 100 1060.1232824325562 77.23660685642956 56.37851263602431 84.50602757458527 76.94909205586814 10.644882761906889 59.005904880987124 54.68544469449057
1.0316441852588265 2004.8393430966871 0.045454545454545456 1.2886790942795516 2669.0255168315707 0.06818181818181818 t_swap_k 100 1061.9249289035797 77.23660685642956 56.37851263602431 84.79096729883942 76.94909205586814 10.644882761906889 59.005904880987124 54.68544469449057
1.0316441852588265 2004.8393430966871 0.045454545454545456 1.34246341933253 2790.6356644837997 0.045454545454545456 f_swap_t 100 1064.6315186023712 77.23660685642956 56.37851263602431 84.79096729883942 77.33960113530945 10.644882761906889 59.005904880987124 54.68544469449057
1.0316441852588265 2004.8393430966871 0.045454545454545456 1.3533851804494905 2832.611932695522 0.06818181818181818 t_move_k 100 1066.4432919025421 77.68424078786526 56.37851263602431 84.79096729883942 77.33960113530945 10.644882761906889 59.005904880987124 54.68544469449057
1.0316441852588265 2004.8393430966871 0.045454545454545456 1.3307991352881001 2775.511118920608 0.06818181818181818 f_swap_t 100 1069.237357378006 77.68424078786526 56.37851263602431 84.79096729883942 77.61620512395636 10.644882761906889 59.005904880987124 54.68544469449057
1.0316441852588265 2004.8393430966871 0.045454545454545456 1.4359239775638124 3055.646505111256 0.09090909090909091 t_multiswap_k 100 1071.125105381012 77.68424078786526 56.37851263602431 84.79096729883942 77.61620512395636 10.644882761906889 59.005904880987124 55.418590247545666
1.0316441852588265 2004.8393430966871 0.045454545454545456 1.3743887542135536 2871.3475637435845 0.045454545454545456 t_swap_k 100 1072.8818306922913 77.68424078786526 56.37851263602431 85.12305762585102 77.61620512395636 10.644882761906889 59.005904880987124 55.418590247545666
1.0316441852588265 2004.8393430966871 0.045454545454545456 1.3173757595244475 2727.2104043059567 0.045454545454545456 f_swap_t 100 1074.835375547409 77.68424078786526 56.37851263602431 85.12305762585102 77.8800430727168 10.644882761906889 59.005904880987124 55.418590247545666
1.0316441852588265 2004.8393430966871 0.045454545454545456 1.2977274593846335 2677.5366380817136 0.045454545454545456 t_swap_k 100 1076.6298117637634 77.68424078786526 56.37851263602431 85.2718270495925 77.8800430727168 10.644882761906889 59.005904880987124 55.418590247545666
1.0316441852588265 2004.8393430966871 0.045454545454545456 1.3466991433269682 2801.3441920405317 0.045454545454545456 f_swap_t 100 1079.4943573474884 77.68424078786526 56.37851263602431 85.2718270495925 78.32124264198963 10.644882761906889 59.005904880987124 55.418590247545666
1.0316441852588265 2004.8393430966871 0.045454545454545456 1.3153898280709573 2722.1896801692087 0.045454545454545456 t_swap_r_k 100 1080.852213859558 77.68424078786526 56.37851263602431 85.2718270495925 78.32124264198963 10.644882761906889 59.485845832177255 55.418590247545666
1.0316441852588265 2004.8393430966871 0.045454545454545456 1.3661082300519336 2850.413191889959 0.045454545454545456 f_swap_t 100 1083.3400263786316 77.68424078786526 56.37851263602431 85.2718270495925 78.54803021556972 10.644882761906889 59.485845832177255 55.418590247545666
1.0316441852588265 2004.8393430966871 0.045454545454545456 1.30143503907244 2701.2744042723393 0.06818181818181818 t_move_k 100 1085.1308028697968 78.05739837998661 56.37851263602431 85.2718270495925 78.54803021556972 10.644882761906889 59.485845832177255 55.418590247545666
1.0316441852588265 2004.8393430966871 0.045454545454545456 1.3062470503962502 2699.075405772852 0.045454545454545456 f_swap_t 100 1087.7074613571167 78.05739837998661 56.37851263602431 85.2718270495925 78.84254991341403 10.644882761906889 59.485845832177255 55.418590247545666
1.0316441852588265 2004.8393430966871 0.045454545454545456 1.2595937292520543 2609.857939659095 0.09090909090909091 f_swap_t 100 1090.234079360962 78.05739837998661 56.37851263602431 85.2718270495925 79.0541244142799 10.644882761906889 59.485845832177255 55.418590247545666
1.0316441852588265 2004.8393430966871 0.045454545454545456 1.2513198377475256 2588.9403361292148 0.09090909090909091 f_swap_t 100 1093.6121923923492 78.05739837998661 56.37851263602431 85.2718270495925 79.2635831701371 10.644882761906889 59.485845832177255 55.418590247545666
1.0316441852588265 2004.8393430966871 0.045454545454545456 1.3174053535458787 2741.6496867159212 0.06818181818181818 t_swap_k 100 1095.5277888774872 78.05739837998661 56.37851263602431 85.63910877909657 79.2635831701371 10.644882761906889 59.485845832177255 55.418590247545666
1.0316441852588265 2004.8393430966871 0.045454545454545456 1.346127568817558 2785.89476499018 0.022727272727272728 move_t 100 1096.4663050174713 78.05739837998661 56.97472750966407 85.63910877909657 79.2635831701371 10.644882761906889 59.485845832177255 55.418590247545666
1.0316441852588265 2004.8393430966871 0.045454545454545456 1.3107998159024434 2696.220996064899 0.022727272727272728 t_swap_r_k 100 1097.111530303955 78.05739837998661 56.97472750966407 85.63910877909657 79.2635831701371 10.644882761906889 59.93098737385548 55.418590247545666
1.0316441852588265 2004.8393430966871 0.045454545454545456 1.314788738631718 2720.6700384662536 0.045454545454545456 t_move_k 100 1097.9787385463715 78.43682439618674 56.97472750966407 85.63910877909657 79.2635831701371 10.644882761906889 59.93098737385548 55.418590247545666
1.0316441852588265 2004.8393430966871 0.045454545454545456 1.3047316417507013 2695.2442318668373 0.045454545454545456 t_move_k 100 1099.832724571228 78.69245615222486 56.97472750966407 85.63910877909657 79.2635831701371 10.644882761906889 59.93098737385548 55.418590247545666
1.0316441852588265 2004.8393430966871 0.045454545454545456 1.3024992083753908 2689.6003149474454 0.045454545454545456 f_swap_t 100 1101.7345366477966 78.69245615222486 56.97472750966407 85.63910877909657 79.54094733843573 10.644882761906889 59.93098737385548 55.418590247545666
1.0316441852588265 2004.8393430966871 0.045454545454545456 1.302246098534675 2674.59595197196 0.022727272727272728 swap_t 100 1103.390587568283 78.69245615222486 56.97472750966407 85.63910877909657 79.54094733843573 11.53843393428782 59.93098737385548 55.418590247545666
1.0316441852588265 2004.8393430966871 0.045454545454545456 1.3513467285144887 2813.0939647165083 0.045454545454545456 f_swap_t 100 1106.0209181308746 78.69245615222486 56.97472750966407 85.63910877909657 79.81553786505137 11.53843393428782 59.93098737385548 55.418590247545666
1.0316441852588265 2004.8393430966871 0.045454545454545456 1.3337966308339886 2768.7247600936976 0.045454545454545456 t_swap_r_k 100 1107.3627548217773 78.69245615222486 56.97472750966407 85.63910877909657 79.81553786505137 11.53843393428782 60.371677500116924 55.418590247545666
1.0316441852588265 2004.8393430966871 0.045454545454545456 1.356915148203635 2827.171741211617 0.045454545454545456 t_move_k 100 1109.6918177604675 79.24553159070261 56.97472750966407 85.63910877909657 79.81553786505137 11.53843393428782 60.371677500116924 55.418590247545666
1.0316441852588265 2004.8393430966871 0.045454545454545456 1.3340077668080483 2769.258542606298 0.045454545454545456 t_swap_k 100 1112.0074050426483 79.24553159070261 56.97472750966407 86.06271769130561 79.81553786505137 11.53843393428782 60.371677500116924 55.418590247545666
1.0316441852588265 2004.8393430966871 0.045454545454545456 1.3736806182989443 2869.5572929503355 0.045454545454545456 t_swap_k 100 1114.0790915489197 79.24553159070261 56.97472750966407 86.42209051439255 79.81553786505137 11.53843393428782 60.371677500116924 55.418590247545666
1.0316441852588265 2004.8393430966871 0.045454545454545456 1.3442149336196256 2795.0637478608105 0.045454545454545456 f_swap_t 100 1116.6835808753967 79.24553159070261 56.97472750966407 86.42209051439255 80.01738248640085 11.53843393428782 60.371677500116924 55.418590247545666
1.0316441852588265 2004.8393430966871 0.045454545454545456 1.3208474019934444 2735.987222411951 0.045454545454545456 move_t 100 1118.2974622249603 79.24553159070261 57.43498023456743 86.42209051439255 80.01738248640085 11.53843393428782 60.371677500116924 55.418590247545666
1.0316441852588265 2004.8393430966871 0.045454545454545456 1.2699538487792645 2592.956438436905 0.022727272727272728 t_multiswap_k 100 1120.5362639427185 79.24553159070261 57.43498023456743 86.42209051439255 80.01738248640085 11.53843393428782 60.371677500116924 55.98440434507021
1.0316441852588265 2004.8393430966871 0.045454545454545456 1.2307167369405478 2508.1237658475284 0.045454545454545456 t_multiswap_k 100 1121.9254610538483 79.24553159070261 57.43498023456743 86.42209051439255 80.01738248640085 11.53843393428782 60.371677500116924 56.42456030161951
1.0316441852588265 2004.8393430966871 0.045454545454545456 1.220927833810137 2483.3759921352125 0.045454545454545456 f_swap_t 100 1124.6893374919891 79.24553159070261 57.43498023456743 86.42209051439255 80.24720866153685 11.53843393428782 60.371677500116924 56.42456030161951
1.0316441852588265 2004.8393430966871 0.045454545454545456 1.2097624388292039 2469.5127108307915 0.06818181818181818 t_swap_r_k 100 1125.9548070430756 79.24553159070261 57.43498023456743 86.42209051439255 80.24720866153685 11.53843393428782 60.83796072511576 56.42456030161951
1.0316441852588265 2004.8393430966871 0.045454545454545456 1.3467319930051316 2801.4272408143206 0.045454545454545456 t_move_k 100 1128.2965686321259 79.64307627479559 57.43498023456743 86.42209051439255 80.24720866153685 11.53843393428782 60.83796072511576 56.42456030161951
1.0316441852588265 2004.8393430966871 0.045454545454545456 1.3058214957599183 2726.7284704551657 0.09090909090909091 t_multiswap_k 100 1129.7373900413513 79.64307627479559 57.43498023456743 86.42209051439255 80.24720866153685 11.53843393428782 60.83796072511576 56.93031469860331
1.0316441852588265 2004.8393430966871 0.045454545454545456 1.3211226960744553 2751.0476703799523 0.06818181818181818 t_move_k 100 1131.4062263965607 80.08664551204764 57.43498023456743 86.42209051439255 80.24720866153685 11.53843393428782 60.83796072511576 56.93031469860331
1.0316441852588265 2004.8393430966871 0.045454545454545456 1.2665928927401606 2641.9173094001617 0.11363636363636363 t_swap_k 100 1132.6681208610535 80.08664551204764 57.43498023456743 86.61786960924863 80.24720866153685 11.53843393428782 60.83796072511576 56.93031469860331
1.0316441852588265 2004.8393430966871 0.045454545454545456 1.2276734994317058 2543.523411147552 0.11363636363636363 t_multiswap_k 100 1134.272938489914 80.08664551204764 57.43498023456743 86.61786960924863 80.24720866153685 11.53843393428782 60.83796072511576 57.391011551617275
1.0316441852588265 2004.8393430966871 0.045454545454545456 1.2233461627498519 2503.8543445440137 0.06818181818181818 f_swap_t 100 1137.3258922100067 80.08664551204764 57.43498023456743 86.61786960924863 80.44473657492148 11.53843393428782 60.83796072511576 57.391011551617275
1.0316441852588265 2004.8393430966871 0.045454545454545456 1.2267050739833674 2512.3461616576756 0.06818181818181818 t_multiswap_k 100 1138.4773168563843 80.08664551204764 57.43498023456743 86.61786960924863 80.44473657492148 11.53843393428782 60.83796072511576 57.9771014361011
1.0316441852588265 2004.8393430966871 0.045454545454545456 1.1557887038311871 2347.423707233598 0.09090909090909091 t_swap_r_k 100 1139.3831822872162 80.08664551204764 57.43498023456743 86.61786960924863 80.44473657492148 11.53843393428782 61.2695811178646 57.9771014361011
1.0316441852588265 2004.8393430966871 0.045454545454545456 1.1454696568706173 2335.7001170682947 0.11363636363636365 move_t 100 1140.7535932064056 80.08664551204764 57.86063043222176 86.61786960924863 80.44473657492148 11.53843393428782 61.2695811178646 57.9771014361011
1.0316441852588265 2004.8393430966871 0.045454545454545456 1.1907127195399285 2479.582143062861 0.09090909090909091 move_t 100 1141.9913921356201 80.08664551204764 58.322024127899546 86.61786960924863 80.44473657492148 11.53843393428782 61.2695811178646 57.9771014361011
1.0316441852588265 2004.8393430966871 0.045454545454545456 1.2526408225713874 2577.915513868532 0.06818181818181818 t_move_k 100 1143.708734035492 80.53577905692717 58.322024127899546 86.61786960924863 80.44473657492148 11.53843393428782 61.2695811178646 57.9771014361011
1.0316441852588265 2004.8393430966871 0.045454545454545456 1.2166896602953354 2501.3902006557414 0.09090909090909091 f_swap_t 100 1145.5311465263367 80.53577905692717 58.322024127899546 86.61786960924863 80.70028920917227 11.53843393428782 61.2695811178646 57.9771014361011
1.0316441852588265 2004.8393430966871 0.045454545454545456 1.1945122477801504 2474.0513985847742 0.13636363636363635 move_t 100 1146.6300406455994 80.53577905692717 58.73880388662055 86.61786960924863 80.70028920917227 11.53843393428782 61.2695811178646 57.9771014361011
1.0316441852588265 2004.8393430966871 0.045454545454545456 1.3457993831490447 2842.162860415598 0.11363636363636363 f_swap_t 100 1148.3193848133087 80.53577905692717 58.73880388662055 86.61786960924863 81.00328631708055 11.53843393428782 61.2695811178646 57.9771014361011
1.0316441852588265 2004.8393430966871 0.045454545454545456 1.3048573527878142 2695.562047689321 0.045454545454545456 swap_t 100 1150.209846496582 80.53577905692717 58.73880388662055 86.61786960924863 81.00328631708055 12.423049594944942 61.2695811178646 57.9771014361011
1.0316441852588265 2004.8393430966871 0.045454545454545456 1.2746627599072635 2662.319109671275 0.11363636363636365 move_t 100 1151.5975425243378 80.53577905692717 59.15141584775434 86.61786960924863 81.00328631708055 12.423049594944942 61.2695811178646 57.9771014361011
1.0316441852588265 2004.8393430966871 0.045454545454545456 1.2797459552006998 2660.8057037683534 0.09090909090909091 f_swap_t 100 1153.4641723632812 80.53577905692717 59.15141584775434 86.61786960924863 81.33325345390975 12.423049594944942 61.2695811178646 57.9771014361011
1.0316441852588265 2004.8393430966871 0.045454545454545456 1.2304332032170837 2550.5003445060383 0.11363636363636365 f_swap_t 100 1155.5739901065826 80.53577905692717 59.15141584775434 86.61786960924863 81.51992091937065 12.423049594944942 61.2695811178646 57.9771014361011
1.0316441852588265 2004.8393430966871 0.045454545454545456 1.2240809158360553 2534.4408362478644 0.11363636363636365 f_swap_t 100 1158.080099105835 80.53577905692717 59.15141584775434 86.61786960924863 81.70472171017694 12.423049594944942 61.2695811178646 57.9771014361011
1.0316441852588265 2004.8393430966871 0.045454545454545456 1.3242407017877174 2744.565978818869 0.045454545454545456 move_t 100 1158.964518070221 80.53577905692717 59.6599016892768 86.61786960924863 81.70472171017694 12.423049594944942 61.2695811178646 57.9771014361011
1.0316441852588265 2004.8393430966871 0.045454545454545456 1.2839662446964653 2657.1107462522123 0.06818181818181818 t_swap_r_k 100 1159.9770579338074 80.53577905692717 59.6599016892768 86.61786960924863 81.70472171017694 12.423049594944942 61.69688530668595 57.9771014361011
1.0316441852588265 2004.8393430966871 0.045454545454545456 1.2799652887749549 2646.9957465980747 0.06818181818181818 move_t 100 1161.3869676589966 80.53577905692717 60.093302672384034 86.61786960924863 81.70472171017694 12.423049594944942 61.69688530668595 57.9771014361011
1.0316441852588265 2004.8393430966871 0.045454545454545456 1.2688467159432535 2604.521909688875 0.045454545454545456 f_swap_t 100 1163.3371572494507 80.53577905692717 60.093302672384034 86.61786960924863 81.91767449307517 12.423049594944942 61.69688530668595 57.9771014361011
1.0316441852588265 2004.8393430966871 0.045454545454545456 1.2034414274415246 2453.5322728418523 0.06818181818181818 t_move_k 100 1164.548654794693 80.8204212663579 60.093302672384034 86.61786960924863 81.91767449307517 12.423049594944942 61.69688530668595 57.9771014361011
1.0316441852588265 2004.8393430966871 0.045454545454545456 1.2113079420851918 2473.4199682978733 0.06818181818181818 t_move_k 100 1166.3835561275482 81.24221705369432 60.093302672384034 86.61786960924863 81.91767449307517 12.423049594944942 61.69688530668595 57.9771014361011
1.0316441852588265 2004.8393430966871 0.045454545454545456 1.214717834818665 2467.6762096624216 0.045454545454545456 f_swap_t 100 1167.9049632549286 81.24221705369432 60.093302672384034 86.61786960924863 82.10849774814442 12.423049594944942 61.69688530668595 57.9771014361011
1.0316441852588265 2004.8393430966871 0.045454545454545456 1.2247564661653625 2478.6908682891185 0.022727272727272728 t_move_k 100 1169.4778652191162 81.56979488315737 60.093302672384034 86.61786960924863 82.10849774814442 12.423049594944942 61.69688530668595 57.9771014361011
1.0316441852588265 2004.8393430966871 0.045454545454545456 1.3102663591169774 2709.236803978079 0.045454545454545456 t_swap_k 100 1172.0049076080322 81.56979488315737 60.093302672384034 86.94169091315614 82.10849774814442 12.423049594944942 61.69688530668595 57.9771014361011
1.0316441852588265 2004.8393430966871 0.045454545454545456 1.272915019382462 2629.171638093595 0.06818181818181818 move_t 100 1173.5623619556427 81.56979488315737 60.52236964566019 86.94169091315614 82.10849774814442 12.423049594944942 61.69688530668595 57.9771014361011
1.0316441852588265 2004.8393430966871 0.045454545454545456 1.291614383925421 2647.717428012891 0.022727272727272728 f_swap_t 100 1176.6014297008514 81.56979488315737 60.52236964566019 86.94169091315614 82.33741277066297 12.423049594944942 61.69688530668595 57.9771014361011
1.0316441852588265 2004.8393430966871 0.045454545454545456 1.2531553982923176 2550.4875074616857 0.022727272727272728 move_t 100 1177.4296231269836 81.56979488315737 60.94714594920359 86.94169091315614 82.33741277066297 12.423049594944942 61.69688530668595 57.9771014361011
1.0316441852588265 2004.8393430966871 0.045454545454545456 1.2751438897064689 2620.4420826891624 0.045454545454545456 t_move_k 100 1178.4468231201172 81.9140969343258 60.94714594920359 86.94169091315614 82.33741277066297 12.423049594944942 61.69688530668595 57.9771014361011
1.0316441852588265 2004.8393430966871 0.045454545454545456 1.206611603747017 2461.5469405519393 0.06818181818181818 t_swap_k 100 1179.4373965263367 81.9140969343258 60.94714594920359 87.10227400402458 82.33741277066297 12.423049594944942 61.69688530668595 57.9771014361011
1.0316441852588265 2004.8393430966871 0.045454545454545456 1.1957200973936446 2434.0116252026487 0.06818181818181818 t_move_k 100 1180.4351046085358 82.19495596498254 60.94714594920359 87.10227400402458 82.33741277066297 12.423049594944942 61.69688530668595 57.9771014361011
1.0316441852588265 2004.8393430966871 0.045454545454545456 1.1838152743186705 2403.9144975041077 0.06818181818181818 t_multiswap_k 100 1181.7847607135773 82.19495596498254 60.94714594920359 87.10227400402458 82.33741277066297 12.423049594944942 61.69688530668595 58.42733042174009
1.0316441852588265 2004.8393430966871 0.045454545454545456 1.2809948370260795 2620.869665797758 0.022727272727272728 t_swap_k 100 1184.1205286979675 82.19495596498254 60.94714594920359 87.42125126398433 82.33741277066297 12.423049594944942 61.69688530668595 58.42733042174009
1.0316441852588265 2004.8393430966871 0.045454545454545456 1.1918160147907377 2409.7770710050386 0.045454545454545456 t_multiswap_k 100 1185.6337695121765 82.19495596498254 60.94714594920359 87.42125126398433 82.33741277066297 12.423049594944942 61.69688530668595 58.903057117522685
1.0316441852588265 2004.8393430966871 0.045454545454545456 1.339776070180853 2798.206118594869 0.06818181818181818 t_swap_k 100 1187.5876107215881 82.19495596498254 60.94714594920359 87.88703875134449 82.33741277066297 12.423049594944942 61.69688530668595 58.903057117522685
1.0316441852588265 2004.8393430966871 0.045454545454545456 1.2707886519210636 2623.795871262228 0.06818181818181818 t_move_k 100 1189.8780546188354 82.60300640533272 60.94714594920359 87.88703875134449 82.33741277066297 12.423049594944942 61.69688530668595 58.903057117522685
1.0316441852588265 2004.8393430966871 0.045454545454545456 1.2255183916701868 2509.3460558272513 0.06818181818181818 t_move_k 100 1191.4348275661469 82.7769763412794 60.94714594920359 87.88703875134449 82.33741277066297 12.423049594944942 61.69688530668595 58.903057117522685
1.0316441852588265 2004.8393430966871 0.045454545454545456 1.2123265755938903 2475.9952222597535 0.06818181818181818 f_swap_t 100 1192.9373614788055 82.7769763412794 60.94714594920359 87.88703875134449 82.51403864295634 12.423049594944942 61.69688530668595 58.903057117522685
1.0316441852588265 2004.8393430966871 0.045454545454545456 1.2123265755938903 2475.9952222597535 0.06818181818181818 f_swap_t 100 1194.8829300403595 82.7769763412794 60.94714594920359 87.88703875134449 82.68889825652677 12.423049594944942 61.69688530668595 58.903057117522685
1.0316441852588265 2004.8393430966871 0.045454545454545456 1.199826009631615 2430.0275053098817 0.045454545454545456 t_move_k 100 1195.8473572731018 83.0492065778666 60.94714594920359 87.88703875134449 82.68889825652677 12.423049594944942 61.69688530668595 58.903057117522685
1.0316441852588265 2004.8393430966871 0.045454545454545456 1.178446333081456 2390.3410316067357 0.06818181818181818 t_swap_r_k 100 1197.9722299575806 83.0492065778666 60.94714594920359 87.88703875134449 82.68889825652677 12.423049594944942 62.11991645361909 58.903057117522685
1.0316441852588265 2004.8393430966871 0.045454545454545456 1.1751301537450451 2381.957246956543 0.06818181818181818 t_swap_k 100 1200.1370840072632 83.0492065778666 60.94714594920359 88.00816836383105 82.68889825652677 12.423049594944942 62.11991645361909 58.903057117522685
1.0316441852588265 2004.8393430966871 0.045454545454545456 1.1751301537450451 2381.957246956543 0.06818181818181818 f_swap_t 100 1202.9557676315308 83.0492065778666 60.94714594920359 88.00816836383105 82.8620092739615 12.423049594944942 62.11991645361909 58.903057117522685
1.0316441852588265 2004.8393430966871 0.045454545454545456 1.1864937901086814 2381.957246956543 0.022727272727272728 t_swap_r_k 100 1204.6301181316376 83.0492065778666 60.94714594920359 88.00816836383105 82.8620092739615 12.423049594944942 62.538717289082896 58.903057117522685
1.0316441852588265 2004.8393430966871 0.045454545454545456 1.1864937901086814 2381.957246956543 0.022727272727272728 f_swap_t 100 1207.132512331009 83.0492065778666 60.94714594920359 88.00816836383105 83.03338918122189 12.423049594944942 62.538717289082896 58.903057117522685
1.0316441852588265 2004.8393430966871 0.045454545454545456 1.1712641294065431 2357.8189095978196 0.045454545454545456 t_swap_k 100 1209.6259264945984 83.0492065778666 60.94714594920359 88.18808668019274 83.03338918122189 12.423049594944942 62.538717289082896 58.903057117522685
1.0316441852588265 2004.8393430966871 0.045454545454545456 1.2224709486829404 2472.912747010667 0.022727272727272728 t_multiswap_k 100 1211.1739637851715 83.0492065778666 60.94714594920359 88.18808668019274 83.03338918122189 12.423049594944942 62.538717289082896 59.43402654634746
1.0316441852588265 2004.8393430966871 0.045454545454545456 1.1705745501451545 2370.440017139153 0.06818181818181818 move_t 100 1212.6466116905212 83.0492065778666 61.367674489711554 88.18808668019274 83.03338918122189 12.423049594944942 62.538717289082896 59.43402654634746
1.0316441852588265 2004.8393430966871 0.045454545454545456 1.1739908496317915 2379.0769201202584 0.06818181818181818 move_t 100 1214.281909942627 83.0492065778666 61.82399774481444 88.18808668019274 83.03338918122189 12.423049594944942 62.538717289082896 59.43402654634746
1.0316441852588265 2004.8393430966871 0.045454545454545456 1.1841127442365262 2419.0310092194777 0.09090909090909091 t_multiswap_k 100 1215.4418849945068 83.0492065778666 61.82399774481444 88.18808668019274 83.03338918122189 12.423049594944942 62.538717289082896 59.969686280883984
1.0316441852588265 2004.8393430966871 0.045454545454545456 1.1593229736616537 2341.994392025605 0.06818181818181818 t_multiswap_k 100 1217.300440788269 83.0492065778666 61.82399774481444 88.18808668019274 83.03338918122189 12.423049594944942 62.538717289082896 60.499989418075145
1.0316441852588265 2004.8393430966871 0.045454545454545456 1.147429411072295 2311.9257324757614 0.06818181818181818 f_swap_t 100 1219.0487084388733 83.0492065778666 61.82399774481444 88.18808668019274 83.20305528940968 12.423049594944942 62.538717289082896 60.499989418075145
1.0316441852588265 2004.8393430966871 0.045454545454545456 1.2042293965399327 2441.159909147476 0.045454545454545456 t_move_k 100 1221.4339933395386 83.37871451208794 61.82399774481444 88.18808668019274 83.20305528940968 12.423049594944942 62.538717289082896 60.499989418075145
1.0316441852588265 2004.8393430966871 0.045454545454545456 1.1854688547204004 2393.7305253355275 0.045454545454545456 f_swap_t 100 1222.8992717266083 83.37871451208794 61.82399774481444 88.18808668019274 83.40102473651558 12.423049594944942 62.538717289082896 60.499989418075145
1.0316441852588265 2004.8393430966871 0.045454545454545456 1.2194967245631567 2494.1224038051246 0.06818181818181818 f_swap_t 100 1224.477769613266 83.37871451208794 61.82399774481444 88.18808668019274 83.63701448915043 12.423049594944942 62.538717289082896 60.499989418075145
1.0316441852588265 2004.8393430966871 0.045454545454545456 1.1887607350900815 2387.6884142457225 0.022727272727272728 t_swap_r_k 100 1225.1732895374298 83.37871451208794 61.82399774481444 88.18808668019274 83.63701448915043 12.423049594944942 62.95333011619207 60.499989418075145
1.0316441852588265 2004.8393430966871 0.045454545454545456 1.2837033794569317 2656.4461846176614 0.06818181818181818 t_swap_k 100 1226.427542924881 83.37871451208794 61.82399774481444 88.41620581339082 83.63701448915043 12.423049594944942 62.95333011619207 60.499989418075145
1.0316441852588265 2004.8393430966871 0.045454545454545456 1.2287997788462783 2517.641880825675 0.06818181818181818 move_t 100 1228.165206670761 83.37871451208794 62.2057577673663 88.41620581339082 83.63701448915043 12.423049594944942 62.95333011619207 60.499989418075145
1.0316441852588265 2004.8393430966871 0.045454545454545456 1.2198334133878252 2509.3380666325365 0.09090909090909091 t_move_k 100 1229.685065984726 83.74492736696706 62.2057577673663 88.41620581339082 83.63701448915043 12.423049594944942 62.95333011619207 60.499989418075145
1.0316441852588265 2004.8393430966871 0.045454545454545456 1.1987377090628692 2441.6405872780433 0.06818181818181818 f_swap_t 100 1231.7021486759186 83.74492736696706 62.2057577673663 88.41620581339082 83.80064434425893 12.423049594944942 62.95333011619207 60.499989418075145
1.0316441852588265 2004.8393430966871 0.045454545454545456 1.2418865699412716 2536.362731523623 0.045454545454545456 f_swap_t 100 1233.5281629562378 83.74492736696706 62.2057577673663 88.41620581339082 84.06263790081634 12.423049594944942 62.95333011619207 60.499989418075145
1.0316441852588265 2004.8393430966871 0.045454545454545456 1.2162857111107397 2471.640029425295 0.045454545454545456 t_multiswap_k 100 1234.4704434871674 83.74492736696706 62.2057577673663 88.41620581339082 84.06263790081634 12.423049594944942 62.95333011619207 60.964989523894396
1.0316441852588265 2004.8393430966871 0.045454545454545456 1.1934154976338183 2413.820796735077 0.045454545454545456 move_t 100 1235.6131148338318 83.74492736696706 62.583700189692635 88.41620581339082 84.06263790081634 12.423049594944942 62.95333011619207 60.964989523894396
1.0316441852588265 2004.8393430966871 0.045454545454545456 1.2124998277685428 2476.433229006408 0.06818181818181818 f_swap_t 100 1237.7063145637512 83.74492736696706 62.583700189692635 88.41620581339082 84.23201152180818 12.423049594944942 62.95333011619207 60.964989523894396
1.0316441852588265 2004.8393430966871 0.045454545454545456 1.1859506206329937 2423.6774285950746 0.09090909090909091 t_multiswap_k 100 1239.3311653137207 83.74492736696706 62.583700189692635 88.41620581339082 84.23201152180818 12.423049594944942 62.95333011619207 61.38533962865545
1.0316441852588265 2004.8393430966871 0.045454545454545456 1.2473938258148385 2550.285876979158 0.045454545454545456 t_swap_k 100 1241.8093104362488 83.74492736696706 62.583700189692635 88.67204375525691 84.23201152180818 12.423049594944942 62.95333011619207 61.38533962865545
1.0316441852588265 2004.8393430966871 0.045454545454545456 1.2917740332964631 2662.485509300458 0.045454545454545456 t_multiswap_k 100 1243.667937040329 83.74492736696706 62.583700189692635 88.67204375525691 84.23201152180818 12.423049594944942 62.95333011619207 61.9614862323689
1.0316441852588265 2004.8393430966871 0.045454545454545456 1.2513831123141532 2560.371374633327 0.045454545454545456 t_swap_r_k 100 1245.8178288936615 83.74492736696706 62.583700189692635 88.67204375525691 84.23201152180818 12.423049594944942 63.39379681503015 61.9614862323689
1.0316441852588265 2004.8393430966871 0.045454545454545456 1.2429098284875026 2538.9496782544206 0.045454545454545456 move_t 100 1247.129693031311 83.74492736696706 62.95786318779571 88.67204375525691 84.23201152180818 12.423049594944942 63.39379681503015 61.9614862323689
1.0316441852588265 2004.8393430966871 0.045454545454545456 1.2421629508257954 2537.0614626784295 0.045454545454545456 move_t 100 1248.1119275093079 83.74492736696706 63.328284555917755 88.67204375525691 84.23201152180818 12.423049594944942 63.39379681503015 61.9614862323689
1.0316441852588265 2004.8393430966871 0.045454545454545456 1.2404019696368822 2532.6094455939538 0.045454545454545456 t_swap_r_k 100 1249.3913071155548 83.74492736696706 63.328284555917755 88.67204375525691 84.23201152180818 12.423049594944942 63.79985884687985 61.9614862323689
1.0316441852588265 2004.8393430966871 0.045454545454545456 1.290145686265368 2658.368810696559 0.045454545454545456 t_swap_k 100 1250.8472874164581 83.74492736696706 63.328284555917755 88.84532331770434 84.23201152180818 12.423049594944942 63.79985884687985 61.9614862323689
1.0316441852588265 2004.8393430966871 0.045454545454545456 1.2891160799862313 2655.76581597188 0.045454545454545456 t_move_k 100 1252.4202008247375 83.91747809329739 63.328284555917755 88.84532331770434 84.23201152180818 12.423049594944942 63.79985884687985 61.9614862323689
1.0316441852588265 2004.8393430966871 0.045454545454545456 1.27873973678033 2629.532908137373 0.045454545454545456 t_swap_k 100 1254.3957295417786 83.91747809329739 63.328284555917755 88.9568700845273 84.23201152180818 12.423049594944942 63.79985884687985 61.9614862323689
1.0316441852588265 2004.8393430966871 0.045454545454545456 1.274305145331747 2618.3216146743544 0.045454545454545456 t_swap_r_k 100 1255.5810630321503 83.91747809329739 63.328284555917755 88.9568700845273 84.23201152180818 12.423049594944942 64.20186025841105 61.9614862323689
1.0316441852588265 2004.8393430966871 0.045454545454545456 1.2258436543022846 2481.4394383420467 0.022727272727272728 t_multiswap_k 100 1256.9967710971832 83.91747809329739 63.328284555917755 88.9568700845273 84.23201152180818 12.423049594944942 64.20186025841105 62.37187137004521
1.0316441852588265 2004.8393430966871 0.045454545454545456 1.2139976932025471 2451.4911222952305 0.022727272727272728 t_swap_r_k 100 1258.5076241493225 83.91747809329739 63.328284555917755 88.9568700845273 84.23201152180818 12.423049594944942 64.59984165582694 62.37187137004521
1.0316441852588265 2004.8393430966871 0.045454545454545456 1.2137753632790562 2450.9290398471026 0.022727272727272728 t_swap_k 100 1259.7620868682861 83.91747809329739 63.328284555917755 89.09730138368202 84.23201152180818 12.423049594944942 64.59984165582694 62.37187137004521
1.0316441852588265 2004.8393430966871 0.045454545454545456 1.1923526553065469 2411.133776437014 0.045454545454545456 t_swap_k 100 1261.5832734107971 83.91747809329739 63.328284555917755 89.20632836984521 84.23201152180818 12.423049594944942 64.59984165582694 62.37187137004521
1.0316441852588265 2004.8393430966871 0.045454545454545456 1.1916659481867695 2409.3976807600534 0.045454545454545456 t_swap_k 100 1263.4861862659454 83.91747809329739 63.328284555917755 89.31426508614676 84.23201152180818 12.423049594944942 64.59984165582694 62.37187137004521
1.0316441852588265 2004.8393430966871 0.045454545454545456 1.1916659481867695 2409.3976807600534 0.045454545454545456 move_t 100 1264.426041841507 83.91747809329739 63.695001710358575 89.31426508614676 84.23201152180818 12.423049594944942 64.59984165582694 62.37187137004521
1.0316441852588265 2004.8393430966871 0.045454545454545456 1.1916659481867695 2409.3976807600534 0.045454545454545456 t_move_k 100 1265.3309109210968 84.07830331236441 63.695001710358575 89.31426508614676 84.23201152180818 12.423049594944942 64.59984165582694 62.37187137004521
1.0316441852588265 2004.8393430966871 0.045454545454545456 1.2159694048972651 2456.475896809468 0.022727272727272728 t_swap_k 100 1266.3983716964722 84.07830331236441 63.695001710358575 89.52112243528529 84.23201152180818 12.423049594944942 64.59984165582694 62.37187137004521
1.0316441852588265 2004.8393430966871 0.045454545454545456 1.2431210774714172 2539.4837464724046 0.045454545454545456 t_move_k 100 1267.216364622116 84.31752027924077 63.695001710358575 89.52112243528529 84.23201152180818 12.423049594944942 64.59984165582694 62.37187137004521
1.0316441852588265 2004.8393430966871 0.045454545454545456 1.2779669174477477 2627.5791082367655 0.045454545454545456 t_multiswap_k 100 1268.2155015468597 84.31752027924077 63.695001710358575 89.52112243528529 84.23201152180818 12.423049594944942 64.59984165582694 62.89815265634476
1.0316441852588265 2004.8393430966871 0.045454545454545456 1.3126750161159393 2729.6907043111037 0.06818181818181818 t_swap_k 100 1270.5291743278503 84.31752027924077 63.695001710358575 89.90591121093244 84.23201152180818 12.423049594944942 64.59984165582694 62.89815265634476
1.0316441852588265 2004.8393430966871 0.045454545454545456 1.2700621263442593 2621.959108722909 0.06818181818181818 t_swap_k 100 1272.3096375465393 84.31752027924077 63.695001710358575 90.27685209882311 84.23201152180818 12.423049594944942 64.59984165582694 62.89815265634476
1.0316441852588265 2004.8393430966871 0.045454545454545456 1.2234146476258254 2489.6630198803455 0.045454545454545456 t_move_k 100 1273.9831943511963 84.56434507644836 63.695001710358575 90.27685209882311 84.23201152180818 12.423049594944942 64.59984165582694 62.89815265634476
1.0316441852588265 2004.8393430966871 0.045454545454545456 1.3229768473423515 2741.370770591499 0.045454545454545456 t_swap_k 100 1275.2697834968567 84.56434507644836 63.695001710358575 90.65408357783488 84.23201152180818 12.423049594944942 64.59984165582694 62.89815265634476
1.0316441852588265 2004.8393430966871 0.045454545454545456 1.287492329743432 2651.660738718711 0.045454545454545456 f_swap_t 100 1276.8443822860718 84.56434507644836 63.695001710358575 90.65408357783488 84.44969140659009 12.423049594944942 64.59984165582694 62.89815265634476
1.0316441852588265 2004.8393430966871 0.045454545454545456 1.250953067736401 2559.2841592676587 0.045454545454545456 t_move_k 100 1278.1915469169617 84.77870162568388 63.695001710358575 90.65408357783488 84.44969140659009 12.423049594944942 64.59984165582694 62.89815265634476
1.0316441852588265 2004.8393430966871 0.045454545454545456 1.2066752563761263 2447.343399263965 0.045454545454545456 t_move_k 100 1279.8644852638245 85.09091460942705 63.695001710358575 90.65408357783488 84.44969140659009 12.423049594944942 64.59984165582694 62.89815265634476
1.0316441852588265 2004.8393430966871 0.045454545454545456 1.1727177542140563 2375.8583493679935 0.06818181818181818 move_t 100 1281.02046084404 85.09091460942705 64.058051693255 90.65408357783488 84.44969140659009 12.423049594944942 64.59984165582694 62.89815265634476
1.0316441852588265 2004.8393430966871 0.045454545454545456 1.1711377382137693 2371.863838653563 0.06818181818181818 t_swap_r_k 100 1282.2375791072845 85.09091460942705 64.058051693255 90.65408357783488 84.44969140659009 12.423049594944942 64.99384323926867 62.89815265634476
1.0316441852588265 2004.8393430966871 0.045454545454545456 1.2537515761177627 2566.359196300031 0.045454545454545456 t_move_k 100 1283.5277407169342 85.29000546333278 64.058051693255 90.65408357783488 84.44969140659009 12.423049594944942 64.99384323926867 62.89815265634476
1.0316441852588265 2004.8393430966871 0.045454545454545456 1.215175801608165 2483.198480859531 0.06818181818181818 f_swap_t 100 1285.391910791397 85.29000546333278 64.058051693255 90.65408357783488 84.63519449252419 12.423049594944942 64.99384323926867 62.89815265634476
1.0316441852588265 2004.8393430966871 0.045454545454545456 1.3315570362288405 2777.4272029524873 0.06818181818181818 t_multiswap_k 100 1286.770758152008 85.29000546333278 64.058051693255 90.65408357783488 84.63519449252419 12.423049594944942 64.99384323926867 63.37917112978131
1.0316441852588265 2004.8393430966871 0.045454545454545456 1.2903848577141064 2673.3379353857968 0.06818181818181818 t_move_k 100 1288.5464630126953 85.47710540869944 64.058051693255 90.65408357783488 84.63519449252419 12.423049594944942 64.99384323926867 63.37917112978131
1.0316441852588265 2004.8393430966871 0.045454545454545456 1.2629941365833417 2604.0902005445505 0.06818181818181818 t_swap_r_k 100 1289.8292322158813 85.47710540869944 64.058051693255 90.65408357783488 84.63519449252419 12.423049594944942 65.44390480687598 63.37917112978131
1.0316441852588265 2004.8393430966871 0.045454545454545456 1.3217428613856155 2766.9800030780325 0.09090909090909091 f_swap_t 100 1292.6476774215698 85.47710540869944 64.058051693255 90.65408357783488 84.79884254759895 12.423049594944942 65.44390480687598 63.37917112978131
1.0316441852588265 2004.8393430966871 0.045454545454545456 1.303415805737991 2720.6465354833426 0.09090909090909091 t_swap_r_k 100 1293.8956706523895 85.47710540869944 64.058051693255 90.65408357783488 84.79884254759895 12.423049594944942 65.82946575880722 63.37917112978131
1.0316441852588265 2004.8393430966871 0.045454545454545456 1.2989250912336 2694.928890345211 0.06818181818181818 t_swap_k 100 1296.2091264724731 85.47710540869944 64.058051693255 90.84754274205653 84.79884254759895 12.423049594944942 65.82946575880722 63.37917112978131
1.0316441852588265 2004.8393430966871 0.045454545454545456 1.250520454959118 2572.554915530159 0.06818181818181818 t_multiswap_k 100 1298.258621931076 85.47710540869944 64.058051693255 90.84754274205653 84.79884254759895 12.423049594944942 65.82946575880722 63.9053794184835
1.0316441852588265 2004.8393430966871 0.045454545454545456 1.2394026209584956 2515.7184820827397 0.022727272727272728 t_multiswap_k 100 1300.122299194336 85.47710540869944 64.058051693255 90.84754274205653 84.79884254759895 12.423049594944942 65.82946575880722 64.26632562429866
1.0316441852588265 2004.8393430966871 0.045454545454545456 1.2330548777982122 2542.7638555094536 0.09090909090909091 t_swap_k 100 1302.4034566879272 85.47710540869944 64.058051693255 90.96906731463596 84.79884254759895 12.423049594944942 65.82946575880722 64.26632562429866
1.0316441852588265 2004.8393430966871 0.045454545454545456 1.2314137641081806 2509.8859521094732 0.045454545454545456 t_swap_r_k 100 1303.781634569168 85.47710540869944 64.058051693255 90.96906731463596 84.79884254759895 12.423049594944942 66.21117110121915 64.26632562429866
1.0316441852588265 2004.8393430966871 0.045454545454545456 1.3245468187765512 2745.3398871790023 0.045454545454545456 move_t 100 1305.4649603366852 85.47710540869944 64.51747117632245 90.96906731463596 84.79884254759895 12.423049594944942 66.21117110121915 64.26632562429866
1.0316441852588265 2004.8393430966871 0.045454545454545456 1.284691128445803 2615.8499647798353 0.0 t_swap_r_k 100 1306.1943550109863 85.47710540869944 64.51747117632245 90.96906731463596 84.79884254759895 12.423049594944942 66.58905939020696 64.26632562429866
1.0316441852588265 2004.8393430966871 0.045454545454545456 1.2783117539685276 2599.721976394776 0.0 t_swap_r_k 100 1307.3138236999512 85.47710540869944 64.51747117632245 90.96906731463596 84.79884254759895 12.423049594944942 66.96316879630488 64.26632562429866
1.0316441852588265 2004.8393430966871 0.045454545454545456 1.3158671110497768 2723.396321097125 0.045454545454545456 t_swap_k 100 1309.2165110111237 85.47710540869944 64.51747117632245 91.39937664148961 84.79884254759895 12.423049594944942 66.96316879630488 64.26632562429866
1.0316441852588265 2004.8393430966871 0.045454545454545456 1.272026983200003 2598.197624383496 0.022727272727272728 t_multiswap_k 100 1310.7336113452911 85.47710540869944 64.51747117632245 91.39937664148961 84.79884254759895 12.423049594944942 66.96316879630488 64.68366236805568
1.0316441852588265 2004.8393430966871 0.045454545454545456 1.322610228051781 2740.4439035951937 0.045454545454545456 f_swap_t 100 1313.288093805313 85.47710540869944 64.51747117632245 91.39937664148961 85.08085412212296 12.423049594944942 66.96316879630488 64.68366236805568
1.0316441852588265 2004.8393430966871 0.045454545454545456 1.2613358020487504 2585.5332247506826 0.045454545454545456 move_t 100 1314.745794057846 85.47710540869944 64.87229646455923 91.39937664148961 85.08085412212296 12.423049594944942 66.96316879630488 64.68366236805568
1.0316441852588265 2004.8393430966871 0.045454545454545456 1.249885921789146 2570.950723201946 0.06818181818181818 t_swap_r_k 100 1316.9875257015228 85.47710540869944 64.87229646455923 91.39937664148961 85.08085412212296 12.423049594944942 67.33353710834183 64.68366236805568
1.0316441852588265 2004.8393430966871 0.045454545454545456 1.249885921789146 2570.950723201946 0.06818181818181818 f_swap_t 100 1319.2483117580414 85.47710540869944 64.87229646455923 91.39937664148961 85.23004558090173 12.423049594944942 67.33353710834183 64.68366236805568
1.0316441852588265 2004.8393430966871 0.045454545454545456 1.351990617155666 2829.086273450222 0.06818181818181818 f_swap_t 100 1321.3174848556519 85.47710540869944 64.87229646455923 91.39937664148961 85.45774512509271 12.423049594944942 67.33353710834183 64.68366236805568
1.0316441852588265 2004.8393430966871 0.045454545454545456 1.234886950499145 2533.0311378860683 0.06818181818181818 t_move_k 100 1323.276465177536 85.68233435461245 64.87229646455923 91.39937664148961 85.45774512509271 12.423049594944942 67.33353710834183 64.68366236805568
1.0316441852588265 2004.8393430966871 0.045454545454545456 1.2177814635061925 2489.785973877299 0.06818181818181818 move_t 100 1324.6712818145752 85.68233435461245 65.22357349991364 91.39937664148961 85.45774512509271 12.423049594944942 67.33353710834183 64.68366236805568
1.0316441852588265 2004.8393430966871 0.045454545454545456 1.2160624376073912 2499.804490291497 0.09090909090909091 t_move_k 100 1326.8726124763489 85.89551101106633 65.22357349991364 91.39937664148961 85.45774512509271 12.423049594944942 67.33353710834183 64.68366236805568
1.0316441852588265 2004.8393430966871 0.045454545454545456 1.2110632436746585 2472.801335054601 0.06818181818181818 f_swap_t 100 1329.843100309372 85.89551101106633 65.22357349991364 91.39937664148961 85.60316767384178 12.423049594944942 67.33353710834183 64.68366236805568
1.0316441852588265 2004.8393430966871 0.045454545454545456 1.2062417256492235 2460.6118348160476 0.06818181818181818 t_swap_r_k 100 1330.8509862422943 85.89551101106633 65.22357349991364 91.39937664148961 85.60316767384178 12.423049594944942 67.70020173725841 64.68366236805568
1.0316441852588265 2004.8393430966871 0.045454545454545456 1.3108912717922898 2740.307090192288 0.09090909090909091 move_t 100 1332.1023399829865 85.89551101106633 65.7113377649145 91.39937664148961 85.60316767384178 12.423049594944942 67.70020173725841 64.68366236805568
1.0316441852588265 2004.8393430966871 0.045454545454545456 1.2981478487578901 2707.3283725050264 0.09090909090909091 f_swap_t 100 1334.0215380191803 85.89551101106633 65.7113377649145 91.39937664148961 85.84713599710336 12.423049594944942 67.70020173725841 64.68366236805568
1.0316441852588265 2004.8393430966871 0.045454545454545456 1.330416217644861 2774.5430473134948 0.06818181818181818 t_multiswap_k 100 1336.0159549713135 85.89551101106633 65.7113377649145 91.39937664148961 85.84713599710336 12.423049594944942 67.70020173725841 65.28682574437512
1.0316441852588265 2004.8393430966871 0.045454545454545456 1.2648251513360267 2608.7192726846747 0.06818181818181818 t_move_k 100 1338.0158469676971 86.16655590095567 65.7113377649145 91.39937664148961 85.84713599710336 12.423049594944942 67.70020173725841 65.28682574437512
1.0316441852588265 2004.8393430966871 0.045454545454545456 1.2353645390966244 2519.874087051634 0.045454545454545456 move_t 100 1339.452825307846 86.16655590095567 66.11422438726535 91.39937664148961 85.84713599710336 12.423049594944942 67.70020173725841 65.28682574437512
1.0316441852588265 2004.8393430966871 0.045454545454545456 1.2203314955863462 2496.2328266081977 0.06818181818181818 f_swap_t 100 1342.4873492717743 86.16655590095567 66.11422438726535 91.39937664148961 85.98866463713233 12.423049594944942 67.70020173725841 65.28682574437512
1.0316441852588265 2004.8393430966871 0.045454545454545456 1.2260133137681644 2496.2328266081977 0.045454545454545456 t_swap_r_k 100 1343.8032591342926 86.16655590095567 66.11422438726535 91.39937664148961 85.98866463713233 12.423049594944942 68.06319971988583 65.28682574437512
1.0316441852588265 2004.8393430966871 0.045454545454545456 1.2434124482859032 2526.5885343537016 0.06818181818181818 move_t 100 1345.642540693283 86.16655590095567 66.5230821433927 91.39937664148961 85.98866463713233 12.423049594944942 68.06319971988583 65.28682574437512
1.0316441852588265 2004.8393430966871 0.045454545454545456 1.2204240328468372 2482.1023098778956 0.045454545454545456 swap_t 100 1347.972379207611 86.16655590095567 66.5230821433927 91.39937664148961 85.98866463713233 13.298819098995493 68.06319971988583 65.28682574437512
1.0316441852588265 2004.8393430966871 0.045454545454545456 1.2137956706126676 2479.7093085677125 0.06818181818181818 f_swap_t 100 1349.7470021247864 86.16655590095567 66.5230821433927 91.39937664148961 86.12877799076101 13.298819098995493 68.06319971988583 65.28682574437512
1.0316441852588265 2004.8393430966871 0.045454545454545456 1.2137956706126676 2479.7093085677125 0.06818181818181818 t_swap_r_k 100 1350.8563885688782 86.16655590095567 66.5230821433927 91.39937664148961 86.12877799076101 13.298819098995493 68.42256772268698 65.28682574437512
1.0316441852588265 2004.8393430966871 0.045454545454545456 1.2786209228957448 2643.5969937325067 0.06818181818181818 t_swap_k 100 1353.6534206867218 86.16655590095567 66.5230821433927 91.61538287507472 86.12877799076101 13.298819098995493 68.42256772268698 65.28682574437512
1.0316441852588265 2004.8393430966871 0.045454545454545456 1.1963884604027393 2435.7013442944 0.06818181818181818 t_swap_k 100 1355.4456350803375 86.16655590095567 66.5230821433927 91.79922904632397 86.12877799076101 13.298819098995493 68.42256772268698 65.28682574437512
1.0316441852588265 2004.8393430966871 0.045454545454545456 1.1654294431324679 2371.796901193024 0.09090909090909091 t_multiswap_k 100 1357.4082827568054 86.16655590095567 66.5230821433927 91.79922904632397 86.12877799076101 13.298819098995493 68.42256772268698 65.63395748693137
1.0316441852588265 2004.8393430966871 0.045454545454545456 1.1563334629383701 2372.406700420896 0.11363636363636365 move_t 100 1359.9876239299774 86.16655590095567 66.88785132195878 91.79922904632397 86.12877799076101 13.298819098995493 68.42256772268698 65.63395748693137
1.0316441852588265 2004.8393430966871 0.045454545454545456 1.2035076508569928 2439.3352308764497 0.045454545454545456 f_swap_t 100 1362.4589803218842 86.16655590095567 66.88785132195878 91.79922904632397 86.2774902108534 13.298819098995493 68.42256772268698 65.63395748693137
1.0316441852588265 2004.8393430966871 0.045454545454545456 1.1670696310007889 2347.2146063373457 0.045454545454545456 t_move_k 100 1365.4253144264221 86.30489034194612 66.88785132195878 91.79922904632397 86.2774902108534 13.298819098995493 68.42256772268698 65.63395748693137
1.0316441852588265 2004.8393430966871 0.045454545454545456 1.1705988726017524 2356.1370434432356 0.045454545454545456 t_swap_k 100 1367.3823466300964 86.30489034194612 66.88785132195878 91.95123675586073 86.2774902108534 13.298819098995493 68.42256772268698 65.63395748693137
1.0316441852588265 2004.8393430966871 0.045454545454545456 1.2609709516838712 2492.945387685777 0.045454545454545456 swap_t 100 1369.2045414447784 86.30489034194612 66.88785132195878 91.95123675586073 86.2774902108534 14.175830908005537 68.42256772268698 65.63395748693137
1.0316441852588265 2004.8393430966871 0.045454545454545456 1.4043008478832109 2961.3341602295477 0.06818181818181818 t_swap_k 100 1371.1701874732971 86.30489034194612 66.88785132195878 92.37172438830213 86.2774902108534 14.175830908005537 68.42256772268698 65.63395748693137
1.0316441852588265 2004.8393430966871 0.045454545454545456 1.3557100899008891 2809.760713790661 0.022727272727272728 move_t 100 1372.6744453907013 86.30489034194612 67.4389728087392 92.37172438830213 86.2774902108534 14.175830908005537 68.42256772268698 65.63395748693137
1.0316441852588265 2004.8393430966871 0.045454545454545456 1.2963283968303023 2673.9996040501474 0.045454545454545456 move_t 100 1373.7144813537598 86.30489034194612 67.7645830806518 92.37172438830213 86.2774902108534 14.175830908005537 68.42256772268698 65.63395748693137
1.0316441852588265 2004.8393430966871 0.045454545454545456 1.3068078854760756 2700.4932785886863 0.045454545454545456 t_move_k 100 1375.874427318573 86.78184143852665 67.7645830806518 92.37172438830213 86.2774902108534 14.175830908005537 68.42256772268698 65.63395748693137
1.0316441852588265 2004.8393430966871 0.045454545454545456 1.271921419548953 2597.9307440891844 0.022727272727272728 move_t 100 1377.3169543743134 86.78184143852665 68.08693724984529 92.37172438830213 86.2774902108534 14.175830908005537 68.42256772268698 65.63395748693137
1.0316441852588265 2004.8393430966871 0.045454545454545456 1.3859998372733833 2915.066538286116 0.06818181818181818 t_swap_k 100 1378.671721458435 86.78184143852665 68.08693724984529 92.69800714441911 86.2774902108534 14.175830908005537 68.42256772268698 65.63395748693137
1.0316441852588265 2004.8393430966871 0.045454545454545456 1.3161822096523195 2724.192936285661 0.045454545454545456 t_move_k 100 1381.0783786773682 87.29402302414138 68.08693724984529 92.69800714441911 86.2774902108534 14.175830908005537 68.42256772268698 65.63395748693137
1.0316441852588265 2004.8393430966871 0.045454545454545456 1.2834939348256018 2627.1877492442463 0.022727272727272728 t_swap_r_k 100 1382.8250315189362 87.29402302414138 68.08693724984529 92.69800714441911 86.2774902108534 14.175830908005537 68.7783420454601 65.63395748693137
1.0316441852588265 2004.8393430966871 0.045454545454545456 1.3821781264790203 2891.0402320250687 0.045454545454545456 t_swap_k 100 1384.4390308856964 87.29402302414138 68.08693724984529 93.10102707297492 86.2774902108534 14.175830908005537 68.7783420454601 65.63395748693137
1.0316441852588265 2004.8393430966871 0.045454545454545456 1.3531107607389874 2817.553695263591 0.045454545454545456 move_t 100 1386.2386164665222 87.29402302414138 68.43606787734684 93.10102707297492 86.2774902108534 14.175830908005537 68.7783420454601 65.63395748693137
1.0316441852588265 2004.8393430966871 0.045454545454545456 1.351368661635137 2843.9424489038056 0.06818181818181818 move_t 100 1387.9701297283173 87.29402302414138 68.91170719857338 93.10102707297492 86.2774902108534 14.175830908005537 68.7783420454601 65.63395748693137
1.0316441852588265 2004.8393430966871 0.045454545454545456 1.2344741146844982 2503.258499959747 0.022727272727272728 t_multiswap_k 100 1389.972951412201 87.29402302414138 68.91170719857338 93.10102707297492 86.2774902108534 14.175830908005537 68.7783420454601 66.09761791206205
1.0316441852588265 2004.8393430966871 0.045454545454545456 1.14369865798756 2273.7649161496324 0.022727272727272728 t_swap_r_k 100 1391.364173412323 87.29402302414138 68.91170719857338 93.10102707297492 86.2774902108534 14.175830908005537 69.1305586250055 66.09761791206205
1.0316441852588265 2004.8393430966871 0.045454545454545456 1.2866128882119012 2635.0729179495743 0.022727272727272728 t_swap_k 100 1393.75617146492 87.29402302414138 68.91170719857338 93.42001680224517 86.2774902108534 14.175830908005537 69.1305586250055 66.09761791206205
1.0316441852588265 2004.8393430966871 0.045454545454545456 1.2448486044073284 2543.8511863297927 0.045454545454545456 t_swap_r_k 100 1395.3880097866058 87.29402302414138 68.91170719857338 93.42001680224517 86.2774902108534 14.175830908005537 69.47925303875545 66.09761791206205
1.0316441852588265 2004.8393430966871 0.045454545454545456 1.1804577098866016 2381.0616208899182 0.045454545454545456 t_multiswap_k 100 1397.3588292598724 87.29402302414138 68.91170719857338 93.42001680224517 86.2774902108534 14.175830908005537 69.47925303875545 66.60664173294143
1.0316441852588265 2004.8393430966871 0.045454545454545456 1.335631875859649 2773.3645269804074 0.045454545454545456 t_swap_k 100 1399.8278849124908 87.29402302414138 68.91170719857338 93.76581663422272 86.2774902108534 14.175830908005537 69.47925303875545 66.60664173294143
1.0316441852588265 2004.8393430966871 0.045454545454545456 1.2253374682495735 2494.524190641966 0.045454545454545456 t_multiswap_k 100 1401.2543845176697 87.29402302414138 68.91170719857338 93.76581663422272 86.2774902108534 14.175830908005537 69.47925303875545 67.06057531561201
1.0316441852588265 2004.8393430966871 0.045454545454545456 1.159946345117273 2314.841437091543 0.022727272727272728 t_move_k 100 1403.571656703949 87.42108279389997 68.91170719857338 93.76581663422272 86.2774902108534 14.175830908005537 69.47925303875545 67.06057531561201
1.0316441852588265 2004.8393430966871 0.045454545454545456 1.2848233265080617 2630.548645158146 0.022727272727272728 t_move_k 100 1405.6071610450745 87.70687196596097 68.91170719857338 93.76581663422272 86.2774902108534 14.175830908005537 69.47925303875545 67.06057531561201
1.0316441852588265 2004.8393430966871 0.045454545454545456 1.2889892628663624 2655.4452038109916 0.045454545454545456 f_swap_t 100 1409.3545639514923 87.70687196596097 68.91170719857338 93.76581663422272 86.46471530874487 14.175830908005537 69.47925303875545 67.06057531561201
1.0316441852588265 2004.8393430966871 0.045454545454545456 1.2294932645986119 2490.666185051906 0.022727272727272728 t_move_k 100 1412.0485320091248 87.85980324630137 68.91170719857338 93.76581663422272 86.46471530874487 14.175830908005537 69.47925303875545 67.06057531561201
1.0316441852588265 2004.8393430966871 0.045454545454545456 1.2017132373258916 2420.4342275477547 0.022727272727272728 swap_t 100 1413.6737740039825 87.85980324630137 68.91170719857338 93.76581663422272 86.46471530874487 15.034072598925482 69.47925303875545 67.06057531561201
1.0316441852588265 2004.8393430966871 0.045454545454545456 1.1983673173143778 2411.9752541366056 0.022727272727272728 move_t 100 1414.668258190155 87.85980324630137 69.25259012658765 93.76581663422272 86.46471530874487 15.034072598925482 69.47925303875545 67.06057531561201
1.0316441852588265 2004.8393430966871 0.045454545454545456 1.2041279180107978 2426.5388922258544 0.022727272727272728 t_swap_k 100 1416.6080634593964 87.85980324630137 69.25259012658765 93.9281584678805 86.46471530874487 15.034072598925482 69.47925303875545 67.06057531561201
1.0316441852588265 2004.8393430966871 0.045454545454545456 1.2580727267022522 2562.919230315307 0.022727272727272728 move_t 100 1417.9052166938782 87.85980324630137 69.57006422532177 93.9281584678805 86.46471530874487 15.034072598925482 69.47925303875545 67.06057531561201
1.0316441852588265 2004.8393430966871 0.045454545454545456 1.2070088228437217 2448.1867039067924 0.045454545454545456 move_t 100 1419.3990380764008 87.85980324630137 69.87436358306856 93.9281584678805 86.46471530874487 15.034072598925482 69.47925303875545 67.06057531561201
1.0316441852588265 2004.8393430966871 0.045454545454545456 1.1971365577598467 2423.228179027255 0.045454545454545456 f_swap_t 100 1421.1043908596039 87.85980324630137 69.87436358306856 93.9281584678805 86.60006815565742 15.034072598925482 69.47925303875545 67.06057531561201
1.0316441852588265 2004.8393430966871 0.045454545454545456 1.1914547395780284 2423.228179027255 0.06818181818181818 t_swap_r_k 100 1421.8229780197144 87.85980324630137 69.87436358306856 93.9281584678805 86.60006815565742 15.034072598925482 69.8544605083679 67.06057531561201
1.0316441852588265 2004.8393430966871 0.045454545454545456 1.1914547395780284 2423.228179027255 0.06818181818181818 t_multiswap_k 100 1422.371167421341 87.85980324630137 69.87436358306856 93.9281584678805 86.60006815565742 15.034072598925482 69.8544605083679 67.38996956245589
1.0316441852588265 2004.8393430966871 0.045454545454545456 1.209239165596205 2439.4608710161347 0.022727272727272728 f_swap_t 100 1424.1552422046661 87.85980324630137 69.87436358306856 93.9281584678805 86.86406747410085 15.034072598925482 69.8544605083679 67.38996956245589
1.0316441852588265 2004.8393430966871 0.045454545454545456 1.15337132869546 2298.2188373585573 0.022727272727272728 f_swap_t 100 1426.3175308704376 87.85980324630137 69.87436358306856 93.9281584678805 86.99542679935985 15.034072598925482 69.8544605083679 67.38996956245589
1.0316441852588265 2004.8393430966871 0.045454545454545456 1.1277136757684976 2262.081480329215 0.06818181818181818 f_swap_t 100 1429.4762477874756 87.85980324630137 69.87436358306856 93.9281584678805 87.12547253136626 15.034072598925482 69.8544605083679 67.38996956245589
1.0316441852588265 2004.8393430966871 0.045454545454545456 1.127178209533508 2260.7277436502873 0.06818181818181818 t_swap_k 100 1431.2289984226227 87.85980324630137 69.87436358306856 93.98887688320168 87.12547253136626 15.034072598925482 69.8544605083679 67.38996956245589
1.0316441852588265 2004.8393430966871 0.045454545454545456 1.1602045317171052 2315.494170443082 0.022727272727272728 t_move_k 100 1433.0626029968262 88.05120521383836 69.87436358306856 93.98887688320168 87.12547253136626 15.034072598925482 69.8544605083679 67.38996956245589
1.0316441852588265 2004.8393430966871 0.045454545454545456 1.138870750977446 2275.9237280375655 0.045454545454545456 t_swap_k 100 1435.1135127544403 88.05120521383836 69.87436358306856 94.04898811436966 87.12547253136626 15.034072598925482 69.8544605083679 67.38996956245589
1.0316441852588265 2004.8393430966871 0.045454545454545456 1.1990301935262035 2413.651101805235 0.022727272727272728 f_swap_t 100 1436.5485541820526 88.05120521383836 69.87436358306856 94.04898811436966 87.2642178060526 15.034072598925482 69.8544605083679 67.38996956245589
1.0316441852588265 2004.8393430966871 0.045454545454545456 1.2230497804097569 2474.3761179728604 0.022727272727272728 t_swap_k 100 1438.0068366527557 88.05120521383836 69.87436358306856 94.11849823322596 87.2642178060526 15.034072598925482 69.8544605083679 67.38996956245589
1.0316441852588265 2004.8393430966871 0.045454545454545456 1.214371385005483 2466.8003340443793 0.045454545454545456 t_swap_k 100 1439.470519065857 88.05120521383836 69.87436358306856 94.3673132508937 87.2642178060526 15.034072598925482 69.8544605083679 67.38996956245589
1.0316441852588265 2004.8393430966871 0.045454545454545456 1.1722594657639127 2360.3352649659 0.045454545454545456 t_move_k 100 1440.8445501327515 88.24069316169998 69.87436358306856 94.3673132508937 87.2642178060526 15.034072598925482 69.8544605083679 67.38996956245589
1.0316441852588265 2004.8393430966871 0.045454545454545456 1.1399830991065873 2278.7359062175483 0.045454545454545456 move_t 100 1442.251883983612 88.24069316169998 70.17561994723788 94.3673132508937 87.2642178060526 15.034072598925482 69.8544605083679 67.38996956245589
1.0316441852588265 2004.8393430966871 0.045454545454545456 1.1291050688278375 2265.599124759719 0.06818181818181818 move_t 100 1443.2634601593018 88.24069316169998 70.47386374776549 94.3673132508937 87.2642178060526 15.034072598925482 69.8544605083679 67.38996956245589
1.0316441852588265 2004.8393430966871 0.045454545454545456 1.1291050688278375 2265.599124759719 0.06818181818181818 swap_t 100 1445.671760559082 88.24069316169998 70.47386374776549 94.3673132508937 87.2642178060526 15.883731872936227 69.8544605083679 67.38996956245589
1.0316441852588265 2004.8393430966871 0.045454545454545456 1.124186429831971 2238.7996241430005 0.045454545454545456 t_multiswap_k 100 1447.0156152248383 88.24069316169998 70.47386374776549 94.3673132508937 87.2642178060526 15.883731872936227 69.8544605083679 67.77606986683134
1.0316441852588265 2004.8393430966871 0.045454545454545456 1.0875099339422376 2146.0760974365157 0.045454545454545456 t_move_k 100 1448.769973039627 88.35828623008298 70.47386374776549 94.3673132508937 87.2642178060526 15.883731872936227 69.8544605083679 67.77606986683134
1.0316441852588265 2004.8393430966871 0.045454545454545456 1.069802518236202 2101.3091699182028 0.045454545454545456 t_swap_r_k 100 1449.4977428913116 88.35828623008298 70.47386374776549 94.3673132508937 87.2642178060526 15.883731872936227 70.19591590328422 67.77606986683134
1.0316441852588265 2004.8393430966871 0.045454545454545456 1.0976825195525803 2171.7938763745706 0.045454545454545456 t_swap_k 100 1450.8828220367432 88.35828623008298 70.47386374776549 94.46364011838476 87.2642178060526 15.883731872936227 70.19591590328422 67.77606986683134
1.0316441852588265 2004.8393430966871 0.045454545454545456 1.076754571158189 2118.8849728715377 0.045454545454545456 t_move_k 100 1452.17547249794 88.47470336778215 70.47386374776549 94.46364011838476 87.2642178060526 15.883731872936227 70.19591590328422 67.77606986683134
1.0316441852588265 2004.8393430966871 0.045454545454545456 1.1558145603310586 2333.1246118226422 0.06818181818181818 f_swap_t 100 1454.119298696518 88.47470336778215 70.47386374776549 94.46364011838476 87.47157562799207 15.883731872936227 70.19591590328422 67.77606986683134
1.0316441852588265 2004.8393430966871 0.045454545454545456 1.1369609721069551 2271.0955287288352 0.045454545454545456 f_swap_t 100 1456.715441942215 88.47470336778215 70.47386374776549 94.46364011838476 87.66685987171215 15.883731872936227 70.19591590328422 67.77606986683134
1.0316441852588265 2004.8393430966871 0.045454545454545456 1.0823503290897154 2133.031864427559 0.045454545454545456 f_swap_t 100 1459.2864344120026 88.47470336778215 70.47386374776549 94.46364011838476 87.79019127299503 15.883731872936227 70.19591590328422 67.77606986683134
1.0316441852588265 2004.8393430966871 0.045454545454545456 1.0641204870010772 2101.308631288394 0.06818181818181818 t_move_k 100 1461.255101442337 88.58995633410433 70.47386374776549 94.46364011838476 87.79019127299503 15.883731872936227 70.19591590328422 67.77606986683134
1.0316441852588265 2004.8393430966871 0.045454545454545456 1.0641204870010772 2101.308631288394 0.06818181818181818 t_swap_r_k 100 1462.0087776184082 88.58995633410433 70.47386374776549 94.46364011838476 87.79019127299503 15.883731872936227 70.53395674425137 67.77606986683134
1.0316441852588265 2004.8393430966871 0.045454545454545456 1.242987894526872 2553.511504989866 0.06818181818181818 t_multiswap_k 100 1464.0724976062775 88.58995633410433 70.47386374776549 94.46364011838476 87.79019127299503 15.883731872936227 70.53395674425137 68.25830916816302
1.0316441852588265 2004.8393430966871 0.045454545454545456 1.1781819492729433 2375.3081663976313 0.045454545454545456 t_move_k 100 1466.252058506012 88.86405677076328 70.47386374776549 94.46364011838476 87.79019127299503 15.883731872936227 70.53395674425137 68.25830916816302
1.0316441852588265 2004.8393430966871 0.045454545454545456 1.1714403477230397 2358.264415183331 0.045454545454545456 t_multiswap_k 100 1467.903251171112 88.86405677076328 70.47386374776549 94.46364011838476 87.79019127299503 15.883731872936227 70.53395674425137 68.57572607648139
1.0316441852588265 2004.8393430966871 0.045454545454545456 1.177122165904858 2358.264415183331 0.022727272727272728 t_swap_r_k 100 1469.1959114074707 88.86405677076328 70.47386374776549 94.46364011838476 87.79019127299503 15.883731872936227 70.86861717680885 68.57572607648139
1.0316441852588265 2004.8393430966871 0.045454545454545456 1.273869113747742 2602.8547988734917 0.022727272727272728 t_move_k 100 1471.231998205185 89.08541620305566 70.47386374776549 94.46364011838476 87.79019127299503 15.883731872936227 70.86861717680885 68.57572607648139
1.0316441852588265 2004.8393430966871 0.045454545454545456 1.2066504813376624 2432.9162999452433 0.022727272727272728 t_multiswap_k 100 1472.6648116111755 89.08541620305566 70.47386374776549 94.46364011838476 87.79019127299503 15.883731872936227 70.86861717680885 69.00996881571658
1.0316441852588265 2004.8393430966871 0.045454545454545456 1.1833362185715839 2373.9744459379303 0.022727272727272728 t_swap_k 100 1474.7655656337738 89.08541620305566 70.47386374776549 94.55900371720091 87.79019127299503 15.883731872936227 70.86861717680885 69.00996881571658
1.0316441852588265 2004.8393430966871 0.045454545454545456 1.257264879577354 2560.8768750509034 0.022727272727272728 t_swap_k 100 1476.1670134067535 89.08541620305566 70.47386374776549 94.6934136800289 87.79019127299503 15.883731872936227 70.86861717680885 69.00996881571658
1.0316441852588265 2004.8393430966871 0.045454545454545456 1.209615561205284 2440.4124539703944 0.022727272727272728 t_swap_k 100 1477.995145559311 89.08541620305566 70.47386374776549 94.7764795432286 87.79019127299503 15.883731872936227 70.86861717680885 69.00996881571658
1.0316441852588265 2004.8393430966871 0.045454545454545456 1.1886876128108925 2387.5035504673615 0.022727272727272728 t_swap_r_k 100 1478.762870311737 89.08541620305566 70.47386374776549 94.7764795432286 87.79019127299503 15.883731872936227 71.19993100504077 69.00996881571658
1.0316441852588265 2004.8393430966871 0.045454545454545456 1.316414066126805 2724.7791032430678 0.045454545454545456 f_swap_t 100 1481.1267199516296 89.08541620305566 70.47386374776549 94.7764795432286 88.02228936026508 15.883731872936227 71.19993100504077 69.00996881571658
1.0316441852588265 2004.8393430966871 0.045454545454545456 1.26019283213927 2611.372559069021 0.09090909090909091 t_swap_k 100 1483.0678644180298 89.08541620305566 70.47386374776549 94.88871474779631 88.02228936026508 15.883731872936227 71.19993100504077 69.00996881571658
1.0316441852588265 2004.8393430966871 0.045454545454545456 1.2539319803817293 2538.0863557490666 0.0 f_swap_t 100 1485.8971829414368 89.08541620305566 70.47386374776549 94.88871474779631 88.14206646666243 15.883731872936227 71.19993100504077 69.00996881571658
1.0316441852588265 2004.8393430966871 0.045454545454545456 1.2422033859098347 2522.799224052879 0.022727272727272728 f_swap_t 100 1488.0137984752655 89.08541620305566 70.47386374776549 94.88871474779631 88.2606458019958 15.883731872936227 71.19993100504077 69.00996881571658
1.0316441852588265 2004.8393430966871 0.045454545454545456 1.2422033859098347 2522.799224052879 0.022727272727272728 t_swap_r_k 100 1488.9462397098541 89.08541620305566 70.47386374776549 94.88871474779631 88.2606458019958 15.883731872936227 71.52793169499036 69.00996881571658
1.0316441852588265 2004.8393430966871 0.045454545454545456 1.2948239859069877 2670.1962339887086 0.045454545454545456 t_move_k 100 1490.9004292488098 89.4145620410251 70.47386374776549 94.88871474779631 88.2606458019958 15.883731872936227 71.52793169499036 69.00996881571658
1.0316441852588265 2004.8393430966871 0.045454545454545456 1.2877937282237721 2652.422718001714 0.045454545454545456 t_move_k 100 1493.1699578762054 89.69041642061485 70.47386374776549 94.88871474779631 88.2606458019958 15.883731872936227 71.52793169499036 69.00996881571658
1.0316441852588265 2004.8393430966871 0.045454545454545456 1.2658453836041634 2582.5696397216875 0.022727272727272728 t_swap_r_k 100 1494.9825448989868 89.69041642061485 70.47386374776549 94.88871474779631 88.2606458019958 15.883731872936227 71.85265237804046 69.00996881571658
1.0316441852588265 2004.8393430966871 0.045454545454545456 1.258500363534456 2564.000358549333 0.022727272727272728 move_t 100 1496.4561431407928 89.69041642061485 70.76912511028783 94.88871474779631 88.2606458019958 15.883731872936227 71.85265237804046 69.00996881571658
1.0316441852588265 2004.8393430966871 0.045454545454545456 1.2149204448054687 2468.1884372366935 0.045454545454545456 t_multiswap_k 100 1498.6291799545288 89.69041642061485 70.76912511028783 94.88871474779631 88.2606458019958 15.883731872936227 71.85265237804046 69.37986912755942
1.0316441852588265 2004.8393430966871 0.045454545454545456 1.1822985699303152 2385.7155833605802 0.045454545454545456 swap_t 100 1500.3352227210999 89.69041642061485 70.76912511028783 94.88871474779631 88.2606458019958 16.724894554206866 71.85265237804046 69.37986912755942
1.0316441852588265 2004.8393430966871 0.045454545454545456 1.2172520229807366 2474.0830066593753 0.045454545454545456 t_swap_k 100 1502.258974313736 89.69041642061485 70.76912511028783 95.04982760031835 88.2606458019958 16.724894554206866 71.85265237804046 69.37986912755942
1.0316441852588265 2004.8393430966871 0.045454545454545456 1.2676576716582333 2601.515832449415 0.045454545454545456 f_swap_t 100 1505.5112135410309 89.69041642061485 70.76912511028783 95.04982760031835 88.48803934397584 16.724894554206866 71.85265237804046 69.37986912755942
1.0316441852588265 2004.8393430966871 0.045454545454545456 1.2169955687610912 2459.0701886065567 0.022727272727272728 t_swap_r_k 100 1507.527673482895 89.69041642061485 70.76912511028783 95.04982760031835 88.48803934397584 16.724894554206866 72.17412585426005 69.37986912755942
1.0316441852588265 2004.8393430966871 0.045454545454545456 1.212662796312426 2448.116308414055 0.022727272727272728 move_t 100 1509.1866264343262 89.69041642061485 71.06143385918496 95.04982760031835 88.48803934397584 16.724894554206866 72.17412585426005 69.37986912755942
1.0316441852588265 2004.8393430966871 0.045454545454545456 1.2573374960803565 2593.070746333531 0.022727272727272728 move_t 100 1511.2491431236267 89.69041642061485 71.4608195205931 95.04982760031835 88.48803934397584 16.724894554206866 72.17412585426005 69.37986912755942
1.0316441852588265 2004.8393430966871 0.045454545454545456 1.1800052264871463 2379.9176769128335 0.045454545454545456 t_swap_r_k 100 1512.2286448478699 89.69041642061485 71.4608195205931 95.04982760031835 88.48803934397584 16.724894554206866 72.52238459571745 69.37986912755942
1.0316441852588265 2004.8393430966871 0.045454545454545456 1.2944063388786429 2669.140361434716 0.045454545454545456 f_swap_t 100 1514.6079952716827 89.69041642061485 71.4608195205931 95.04982760031835 88.76315895053608 16.724894554206866 72.52238459571745 69.37986912755942
1.0316441852588265 2004.8393430966871 0.045454545454545456 1.2148441169765993 2467.9954693615755 0.045454545454545456 t_swap_r_k 100 1515.379149198532 89.69041642061485 71.4608195205931 95.04982760031835 88.76315895053608 16.724894554206866 72.83716074976029 69.37986912755942
1.0316441852588265 2004.8393430966871 0.045454545454545456 1.1998439598294324 2430.0728860259596 0.045454545454545456 t_multiswap_k 100 1517.2265532016754 89.69041642061485 71.4608195205931 95.04982760031835 88.76315895053608 16.724894554206866 72.83716074976029 69.68607043628383
1.0316441852588265 2004.8393430966871 0.045454545454545456 1.1973135621745108 2423.6756719834966 0.045454545454545456 t_swap_r_k 100 1518.5440380573273 89.69041642061485 71.4608195205931 95.04982760031835 88.76315895053608 16.724894554206866 73.14878914226269 69.68607043628383
1.0316441852588265 2004.8393430966871 0.045454545454545456 1.1973135621745108 2423.6756719834966 0.045454545454545456 t_move_k 100 1520.3686592578888 89.7935122564087 71.4608195205931 95.04982760031835 88.76315895053608 16.724894554206866 73.14878914226269 69.68607043628383
1.0316441852588265 2004.8393430966871 0.045454545454545456 1.1973135621745108 2423.6756719834966 0.045454545454545456 t_swap_r_k 100 1521.2886064052582 89.7935122564087 71.4608195205931 95.04982760031835 88.76315895053608 16.724894554206866 73.45730125084006 69.68607043628383
1.0316441852588265 2004.8393430966871 0.045454545454545456 1.1973135621745108 2423.6756719834966 0.045454545454545456 move_t 100 1522.8858783245087 89.7935122564087 71.74621132538718 95.04982760031835 88.76315895053608 16.724894554206866 73.45730125084006 69.68607043628383
1.0316441852588265 2004.8393430966871 0.045454545454545456 1.1891432673223816 2403.019975888676 0.045454545454545456 t_move_k 100 1525.1451728343964 90.00557713384461 71.74621132538718 95.04982760031835 88.76315895053608 16.724894554206866 73.45730125084006 69.68607043628383
1.0316441852588265 2004.8393430966871 0.045454545454545456 1.2392312625251383 2515.2852629900663 0.022727272727272728 move_t 100 1526.414837360382 90.00557713384461 72.1687492121333 95.04982760031835 88.76315895053608 16.724894554206866 73.45730125084006 69.68607043628383
1.0316441852588265 2004.8393430966871 0.045454545454545456 1.2533955281509102 2579.8235195615725 0.06818181818181818 t_move_k 100 1528.3032011985779 90.21552136250617 72.1687492121333 95.04982760031835 88.76315895053608 16.724894554206866 73.45730125084006 69.68607043628383
1.0316441852588265 2004.8393430966871 0.045454545454545456 1.241218043630444 2549.037063992154 0.06818181818181818 t_swap_r_k 100 1529.7201600074768 90.21552136250617 72.1687492121333 95.04982760031835 88.76315895053608 16.724894554206866 73.76272823833166 69.68607043628383
1.0316441852588265 2004.8393430966871 0.045454545454545456 1.1956740701008866 2433.8952614987084 0.06818181818181818 t_multiswap_k 100 1530.8057370185852 90.21552136250617 72.1687492121333 95.04982760031835 88.76315895053608 16.724894554206866 73.76272823833166 70.10920973192098
1.0316441852588265 2004.8393430966871 0.045454545454545456 1.1909377861956767 2407.5567811269284 0.045454545454545456 t_swap_r_k 100 1532.2462887763977 90.21552136250617 72.1687492121333 95.04982760031835 88.76315895053608 16.724894554206866 74.06510095594834 70.10920973192098
1.0316441852588265 2004.8393430966871 0.045454545454545456 1.1906805094260497 2406.9063479587435 0.045454545454545456 swap_t 100 1534.0639033317566 90.21552136250617 72.1687492121333 95.04982760031835 88.76315895053608 17.557645608664796 74.06510095594834 70.10920973192098
1.0316441852588265 2004.8393430966871 0.045454545454545456 1.1787671021265285 2391.151982500376 0.06818181818181818 t_swap_k 100 1536.1440606117249 90.21552136250617 72.1687492121333 95.15932932431517 88.76315895053608 17.557645608664796 74.06510095594834 70.10920973192098
1.0316441852588265 2004.8393430966871 0.045454545454545456 1.3258267252051903 2748.5756771594442 0.045454545454545456 t_multiswap_k 100 1537.214285850525 90.21552136250617 72.1687492121333 95.15932932431517 88.76315895053608 17.557645608664796 74.06510095594834 70.56811763460178
1.0316441852588265 2004.8393430966871 0.045454545454545456 1.3264445284867188 2750.1375738915194 0.045454545454545456 t_swap_k 100 1539.442545413971 90.21552136250617 72.1687492121333 95.36773603107201 88.76315895053608 17.557645608664796 74.06510095594834 70.56811763460178
1.0316441852588265 2004.8393430966871 0.045454545454545456 1.302970259705234 2690.7912013585733 0.045454545454545456 t_swap_r_k 100 1541.0222787857056 90.21552136250617 72.1687492121333 95.36773603107201 88.76315895053608 17.557645608664796 74.36444994638886 70.56811763460178
1.0316441852588265 2004.8393430966871 0.045454545454545456 1.2769668489233208 2625.0507892607166 0.045454545454545456 t_move_k 100 1543.2637536525726 90.5633661488811 72.1687492121333 95.36773603107201 88.76315895053608 17.557645608664796 74.36444994638886 70.56811763460178
1.0316441852588265 2004.8393430966871 0.045454545454545456 1.281219689222163 2621.438124918587 0.022727272727272728 t_swap_k 100 1545.1873569488525 90.5633661488811 72.1687492121333 95.60405867076129 88.76315895053608 17.557645608664796 74.36444994638886 70.56811763460178
1.0316441852588265 2004.8393430966871 0.045454545454545456 1.249015508114255 2554.385726170081 0.045454545454545456 swap_t 100 1546.667261838913 90.5633661488811 72.1687492121333 95.60405867076129 88.76315895053608 18.382069152578147 74.36444994638886 70.56811763460178
1.0316441852588265 2004.8393430966871 0.045454545454545456 1.2162860703148441 2457.276473134758 0.022727272727272728 t_multiswap_k 100 1548.3544397354126 90.5633661488811 72.1687492121333 95.60405867076129 88.76315895053608 18.382069152578147 74.36444994638886 70.98243645825576
1.0316441852588265 2004.8393430966871 0.045454545454545456 1.1483350086549606 2314.2152151431915 0.06818181818181818 move_t 100 1549.6191070079803 90.5633661488811 72.44706172001197 95.60405867076129 88.76315895053608 18.382069152578147 74.36444994638886 70.98243645825576
1.0316441852588265 2004.8393430966871 0.045454545454545456 1.215007537068731 2482.7730835815883 0.06818181818181818 t_move_k 100 1551.0723013877869 90.75773248739229 72.44706172001197 95.60405867076129 88.76315895053608 18.382069152578147 74.36444994638886 70.98243645825576
1.0316441852588265 2004.8393430966871 0.045454545454545456 1.1816668724203587 2412.847488815869 0.09090909090909091 t_swap_r_k 100 1551.8148334026337 90.75773248739229 72.44706172001197 95.60405867076129 88.76315895053608 18.382069152578147 74.69080544692497 70.98243645825576
1.0316441852588265 2004.8393430966871 0.045454545454545456 1.170544037455039 2399.091805433459 0.11363636363636365 t_swap_k 100 1553.664582490921 90.75773248739229 72.44706172001197 95.64801808405367 88.76315895053608 18.382069152578147 74.69080544692497 70.98243645825576
1.0316441852588265 2004.8393430966871 0.045454545454545456 1.170544037455039 2399.091805433459 0.11363636363636365 t_move_k 100 1554.9045333862305 90.85015516251836 72.44706172001197 95.64801808405367 88.76315895053608 18.382069152578147 74.69080544692497 70.98243645825576
1.0316441852588265 2004.8393430966871 0.045454545454545456 1.2618619437350633 2601.2278520224927 0.06818181818181818 t_swap_k 100 1556.3489480018616 90.85015516251836 72.44706172001197 95.80153790321314 88.76315895053608 18.382069152578147 74.69080544692497 70.98243645825576
1.0316441852588265 2004.8393430966871 0.045454545454545456 1.2429679357063623 2553.461046182893 0.06818181818181818 t_move_k 100 1558.135751247406 90.95165361089317 72.44706172001197 95.80153790321314 88.76315895053608 18.382069152578147 74.69080544692497 70.98243645825576
1.0316441852588265 2004.8393430966871 0.045454545454545456 1.1757781410031234 2397.9599175911003 0.09090909090909091 t_multiswap_k 100 1560.1761133670807 90.95165361089317 72.44706172001197 95.80153790321314 88.76315895053608 18.382069152578147 74.69080544692497 71.3626120936732
1.0316441852588265 2004.8393430966871 0.045454545454545456 1.1552781387286886 2346.1329242466068 0.09090909090909091 t_move_k 100 1561.888398885727 91.04213707478424 72.44706172001197 95.80153790321314 88.76315895053608 18.382069152578147 74.69080544692497 71.3626120936732
1.0316441852588265 2004.8393430966871 0.045454545454545456 1.1638157495411303 2367.7172486203704 0.09090909090909091 t_swap_k 100 1562.879456281662 91.04213707478424 72.44706172001197 95.85352252418102 88.76315895053608 18.382069152578147 74.69080544692497 71.3626120936732
1.0316441852588265 2004.8393430966871 0.045454545454545456 1.3108328874622166 2710.669070198595 0.045454545454545456 f_swap_t 100 1565.2212023735046 91.04213707478424 72.44706172001197 95.85352252418102 89.06552736103072 18.382069152578147 74.69080544692497 71.3626120936732
1.0316441852588265 2004.8393430966871 0.045454545454545456 1.2872471200119473 2665.4052771924185 0.06818181818181818 t_move_k 100 1566.5481796264648 91.20171570403639 72.44706172001197 95.85352252418102 89.06552736103072 18.382069152578147 74.69080544692497 71.3626120936732
1.0316441852588265 2004.8393430966871 0.045454545454545456 1.2367050521205456 2537.627563748393 0.06818181818181818 t_multiswap_k 100 1567.8836419582367 91.20171570403639 72.44706172001197 95.85352252418102 89.06552736103072 18.382069152578147 74.69080544692497 71.67898597273647
1.0316441852588265 2004.8393430966871 0.045454545454545456 1.2155236757365562 2469.7134929431336 0.045454545454545456 t_swap_r_k 100 1569.1376898288727 91.20171570403639 72.44706172001197 95.85352252418102 89.06552736103072 18.382069152578147 74.98389739245572 71.67898597273647
1.0316441852588265 2004.8393430966871 0.045454545454545456 1.3157571928330083 2708.7539674151967 0.022727272727272728 t_swap_k 100 1570.7760803699493 91.20171570403639 72.44706172001197 96.14498729893921 89.06552736103072 18.382069152578147 74.98389739245572 71.67898597273647
1.0316441852588265 2004.8393430966871 0.045454545454545456 1.2316734595100205 2496.178035521512 0.022727272727272728 t_swap_r_k 100 1572.0998976230621 91.20171570403639 72.44706172001197 96.14498729893921 89.06552736103072 18.382069152578147 75.27405841853115 71.67898597273647
1.0316441852588265 2004.8393430966871 0.045454545454545456 1.2191391720023488 2464.4895300012863 0.022727272727272728 f_swap_t 100 1575.3018205165863 91.20171570403639 72.44706172001197 96.14498729893921 89.17487208742041 18.382069152578147 75.27405841853115 71.67898597273647
1.0316441852588265 2004.8393430966871 0.045454545454545456 1.2191391720023488 2464.4895300012863 0.022727272727272728 t_swap_r_k 100 1576.420040845871 91.20171570403639 72.44706172001197 96.14498729893921 89.17487208742041 18.382069152578147 75.56131783434584 71.67898597273647
1.0316441852588265 2004.8393430966871 0.045454545454545456 1.194855472637422 2417.461263400833 0.045454545454545456 t_multiswap_k 100 1577.1899616718292 91.20171570403639 72.44706172001197 96.14498729893921 89.17487208742041 18.382069152578147 75.56131783434584 72.0221961130091
1.0316441852588265 2004.8393430966871 0.045454545454545456 1.2314064070759554 2509.8673524598207 0.045454545454545456 move_t 100 1578.3641991615295 91.20171570403639 72.88259110281186 96.14498729893921 89.17487208742041 18.382069152578147 75.56131783434584 72.0221961130091
1.0316441852588265 2004.8393430966871 0.045454545454545456 1.146195109241505 2308.8052375649277 0.06818181818181818 t_swap_r_k 100 1580.13134932518 91.20171570403639 72.88259110281186 96.14498729893921 89.17487208742041 18.382069152578147 75.87570465600238 72.0221961130091
1.0316441852588265 2004.8393430966871 0.045454545454545456 1.125827117896885 2257.3119870897926 0.06818181818181818 t_swap_r_k 100 1580.897191286087 91.20171570403639 72.88259110281186 96.14498729893921 89.17487208742041 18.382069152578147 76.15694760944235 72.0221961130091
1.0316441852588265 2004.8393430966871 0.045454545454545456 1.125827117896885 2257.3119870897926 0.06818181818181818 t_move_k 100 1582.9451940059662 91.28969854699602 72.88259110281186 96.14498729893921 89.17487208742041 18.382069152578147 76.15694760944235 72.0221961130091
1.0316441852588265 2004.8393430966871 0.045454545454545456 1.2216532362046069 2485.209915105901 0.045454545454545456 t_move_k 100 1585.1459624767303 91.47680156152606 72.88259110281186 96.14498729893921 89.17487208742041 18.382069152578147 76.15694760944235 72.0221961130091
1.0316441852588265 2004.8393430966871 0.045454545454545456 1.1651911091876066 2342.4654294247803 0.045454545454545456 t_move_k 100 1587.0008783340454 91.6520335459108 72.88259110281186 96.14498729893921 89.17487208742041 18.382069152578147 76.15694760944235 72.0221961130091
1.0316441852588265 2004.8393430966871 0.045454545454545456 1.1879345368968917 2399.964129217123 0.045454545454545456 t_swap_k 100 1589.3269674777985 91.6520335459108 72.88259110281186 96.35353742594982 89.17487208742041 18.382069152578147 76.15694760944235 72.0221961130091
1.0316441852588265 2004.8393430966871 0.045454545454545456 1.2640412673898265 2592.373035417463 0.045454545454545456 t_multiswap_k 100 1590.7883965969086 91.6520335459108 72.88259110281186 96.35353742594982 89.17487208742041 18.382069152578147 76.15694760944235 72.55197415187901
1.0316441852588265 2004.8393430966871 0.045454545454545456 1.2841549210289571 2643.2232831068823 0.045454545454545456 f_swap_t 100 1594.5087113380432 91.6520335459108 72.88259110281186 96.35353742594982 89.4131233665462 18.382069152578147 76.15694760944235 72.55197415187901
1.0316441852588265 2004.8393430966871 0.045454545454545456 1.310000866276936 2694.2011349756444 0.022727272727272728 t_swap_k 100 1597.2290227413177 91.6520335459108 72.88259110281186 96.64000205169033 89.4131233665462 18.382069152578147 76.15694760944235 72.55197415187901
1.0316441852588265 2004.8393430966871 0.045454545454545456 1.300265119194171 2683.952211909405 0.045454545454545456 f_swap_t 100 1600.5069370269775 91.6520335459108 72.88259110281186 96.64000205169033 89.82899213288074 18.382069152578147 76.15694760944235 72.55197415187901
1.0316441852588265 2004.8393430966871 0.045454545454545456 1.2549225466480527 2569.3195804535308 0.045454545454545456 move_t 100 1601.8053827285767 91.6520335459108 73.37376519178375 96.64000205169033 89.82899213288074 18.382069152578147 76.15694760944235 72.55197415187901
1.0316441852588265 2004.8393430966871 0.045454545454545456 1.2128042938510737 2448.474034813086 0.022727272727272728 move_t 100 1603.4862742424011 91.6520335459108 73.64002753986591 96.64000205169033 89.82899213288074 18.382069152578147 76.15694760944235 72.55197415187901
1.0316441852588265 2004.8393430966871 0.045454545454545456 1.196880042103241 2436.9441344745724 0.06818181818181818 f_swap_t 100 1607.0475888252258 91.6520335459108 73.64002753986591 96.64000205169033 89.93070221155193 18.382069152578147 76.15694760944235 72.55197415187901
1.0316441852588265 2004.8393430966871 0.045454545454545456 1.1877845939171094 2399.5850515120974 0.045454545454545456 t_move_k 100 1610.0171599388123 91.79551321045169 73.64002753986591 96.64000205169033 89.93070221155193 18.382069152578147 76.15694760944235 72.55197415187901
1.0316441852588265 2004.8393430966871 0.045454545454545456 1.1817907256088556 2384.431678904571 0.045454545454545456 move_t 100 1611.6726672649384 91.79551321045169 73.90362726446725 96.64000205169033 89.93070221155193 18.382069152578147 76.15694760944235 72.55197415187901
1.0316441852588265 2004.8393430966871 0.045454545454545456 1.219568353257549 2468.03465530979 0.022727272727272728 move_t 100 1613.9520478248596 91.79551321045169 74.23459099182257 96.64000205169033 89.93070221155193 18.382069152578147 76.15694760944235 72.55197415187901
1.0316441852588265 2004.8393430966871 0.045454545454545456 1.173672343061016 2378.2716890913657 0.06818181818181818 t_move_k 100 1616.176170349121 92.04755807834717 74.23459099182257 96.64000205169033 89.93070221155193 18.382069152578147 76.15694760944235 72.55197415187901
1.0316441852588265 2004.8393430966871 0.045454545454545456 1.2414737926572608 2535.3191703930047 0.045454545454545456 f_swap_t 100 1618.296340227127 92.04755807834717 74.23459099182257 96.64000205169033 90.10139518943642 18.382069152578147 76.15694760944235 72.55197415187901
1.0316441852588265 2004.8393430966871 0.045454545454545456 1.2812731806412445 2621.5733590216673 0.022727272727272728 f_swap_t 100 1620.855529308319 92.04755807834717 74.23459099182257 96.64000205169033 90.27038123754205 18.382069152578147 76.15694760944235 72.55197415187901
1.0316441852588265 2004.8393430966871 0.045454545454545456 1.2321057662243424 2525.9998987198283 0.06818181818181818 t_multiswap_k 100 1623.016031742096 92.04755807834717 74.23459099182257 96.64000205169033 90.27038123754205 18.382069152578147 76.15694760944235 72.82645441036021
1.0316441852588265 2004.8393430966871 0.045454545454545456 1.2259021656012552 2510.3162922547895 0.06818181818181818 f_swap_t 100 1626.6814091205597 92.04755807834717 74.23459099182257 96.64000205169033 90.36767742516663 18.382069152578147 76.15694760944235 72.82645441036021
1.0316441852588265 2004.8393430966871 0.045454545454545456 1.343483824117333 2793.215396489812 0.045454545454545456 t_swap_k 100 1629.056717157364 92.04755807834717 74.23459099182257 96.91360203117343 90.36767742516663 18.382069152578147 76.15694760944235 72.82645441036021
1.0316441852588265 2004.8393430966871 0.045454545454545456 1.2355100933777656 2520.242069486904 0.045454545454545456 t_swap_k 100 1631.1360268592834 92.04755807834717 74.23459099182257 97.0644660108617 90.36767742516663 18.382069152578147 76.15694760944235 72.82645441036021
1.0316441852588265 2004.8393430966871 0.045454545454545456 1.3410654369524555 2820.5886743288365 0.045454545454545456 swap_t 100 1634.1019203662872 92.04755807834717 74.23459099182257 97.0644660108617 90.36767742516663 19.438248461052364 76.15694760944235 72.82645441036021
1.0316441852588265 2004.8393430966871 0.045454545454545456 1.3135849301409999 2703.262170752246 0.022727272727272728 t_swap_k 100 1636.013422012329 92.04755807834717 74.23459099182257 97.13382135075308 90.36767742516663 19.438248461052364 76.15694760944235 72.82645441036021
1.0316441852588265 2004.8393430966871 0.045454545454545456 1.3276754696480115 2767.6140369509544 0.06818181818181818 t_move_k 100 1638.0871958732605 92.20708249756369 74.23459099182257 97.13382135075308 90.36767742516663 19.438248461052364 76.15694760944235 72.82645441036021
1.0316441852588265 2004.8393430966871 0.045454545454545456 1.330241211793533 2774.1006070166295 0.06818181818181818 t_swap_k 100 1640.285692691803 92.20708249756369 74.23459099182257 97.27248313724554 90.36767742516663 19.438248461052364 76.15694760944235 72.82645441036021
1.0316441852588265 2004.8393430966871 0.045454545454545456 1.387589563556178 2919.0855980098663 0.06818181818181818 t_move_k 100 1642.0721836090088 92.53501167258806 74.23459099182257 97.27248313724554 90.36767742516663 19.438248461052364 76.15694760944235 72.82645441036021
1.0316441852588265 2004.8393430966871 0.045454545454545456 1.3830161715926377 2907.52339661676 0.06818181818181818 move_t 100 1644.094544172287 92.53501167258806 74.60224508190434 97.27248313724554 90.36767742516663 19.438248461052364 76.15694760944235 72.82645441036021
1.0316441852588265 2004.8393430966871 0.045454545454545456 1.4102174902273301 2961.9278299342523 0.045454545454545456 f_swap_t 100 1647.876121044159 92.53501167258806 74.60224508190434 97.27248313724554 90.77400065091497 19.438248461052364 76.15694760944235 72.82645441036021
1.0316441852588265 2004.8393430966871 0.045454545454545456 1.2843707465090346 2658.1333857849895 0.06818181818181818 t_swap_k 100 1650.3682584762573 92.53501167258806 74.60224508190434 97.5697583058731 90.77400065091497 19.438248461052364 76.15694760944235 72.82645441036021
1.0316441852588265 2004.8393430966871 0.045454545454545456 1.2374529952845106 2525.154008658512 0.045454545454545456 t_multiswap_k 100 1651.3118436336517 92.53501167258806 74.60224508190434 97.5697583058731 90.77400065091497 19.438248461052364 76.15694760944235 73.13818986625661
1.0316441852588265 2004.8393430966871 0.045454545454545456 1.1751540011312933 2396.3820010352706 0.09090909090909091 f_swap_t 100 1655.6688160896301 92.53501167258806 74.60224508190434 97.5697583058731 90.86626064440583 19.438248461052364 76.15694760944235 73.13818986625661
1.0316441852588265 2004.8393430966871 0.045454545454545456 1.1808358193131114 2396.3820010352706 0.06818181818181818 t_swap_r_k 100 1656.9114880561829 92.53501167258806 74.60224508190434 97.5697583058731 90.86626064440583 19.438248461052364 76.43537813334792 73.13818986625661
1.0316441852588265 2004.8393430966871 0.045454545454545456 1.199869683311193 2430.1379187366956 0.045454545454545456 t_multiswap_k 100 1658.5565295219421 92.53501167258806 74.60224508190434 97.5697583058731 90.86626064440583 19.438248461052364 76.43537813334792 73.56680796759404
1.0316441852588265 2004.8393430966871 0.045454545454545456 1.1635947212809197 2338.4295281449904 0.045454545454545456 t_multiswap_k 100 1659.8113617897034 92.53501167258806 74.60224508190434 97.5697583058731 90.86626064440583 19.438248461052364 76.43537813334792 73.8311398879181
1.0316441852588265 2004.8393430966871 0.045454545454545456 1.233002083936453 2528.2659205220816 0.06818181818181818 f_swap_t 100 1663.442819595337 92.53501167258806 74.60224508190434 97.5697583058731 90.99759803796177 19.438248461052364 76.43537813334792 73.8311398879181
1.0316441852588265 2004.8393430966871 0.045454545454545456 1.1755156278802046 2368.5673173369423 0.045454545454545456 t_multiswap_k 100 1665.1946187019348 92.53501167258806 74.60224508190434 97.5697583058731 90.99759803796177 19.438248461052364 76.43537813334792 74.09282848903892
1.0316441852588265 2004.8393430966871 0.045454545454545456 1.2297915287465813 2505.7847046967513 0.045454545454545456 t_move_k 100 1667.9091801643372 92.67966155586217 74.60224508190434 97.5697583058731 90.99759803796177 19.438248461052364 76.43537813334792 74.09282848903892
1.0316441852588265 2004.8393430966871 0.045454545454545456 1.1865895229084062 2410.928202247717 0.06818181818181818 t_swap_r_k 100 1669.4491560459137 92.67966155586217 74.60224508190434 97.5697583058731 90.99759803796177 19.438248461052364 76.71102435201445 74.09282848903892
1.0316441852588265 2004.8393430966871 0.045454545454545456 1.169522647270228 2367.7806533708936 0.06818181818181818 t_move_k 100 1671.4719145298004 92.75286494030355 74.60224508190434 97.5697583058731 90.99759803796177 19.438248461052364 76.71102435201445 74.09282848903892
1.0316441852588265 2004.8393430966871 0.045454545454545456 1.169522647270228 2367.7806533708936 0.06818181818181818 t_move_k 100 1673.7692108154297 92.82533629090052 74.60224508190434 97.5697583058731 90.99759803796177 19.438248461052364 76.71102435201445 74.09282848903892
1.0316441852588265 2004.8393430966871 0.045454545454545456 1.169522647270228 2367.7806533708936 0.06818181818181818 move_t 100 1675.870953321457 92.82533629090052 74.8562226310853 97.5697583058731 90.99759803796177 19.438248461052364 76.71102435201445 74.09282848903892
1.0316441852588265 2004.8393430966871 0.045454545454545456 1.169522647270228 2367.7806533708936 0.06818181818181818 t_swap_r_k 100 1676.971165895462 92.82533629090052 74.8562226310853 97.5697583058731 90.99759803796177 19.438248461052364 76.9839141084943 74.09282848903892
1.0316441852588265 2004.8393430966871 0.045454545454545456 1.156800559331536 2335.617360991707 0.06818181818181818 t_multiswap_k 100 1677.9366257190704 92.82533629090052 74.8562226310853 97.5697583058731 90.99759803796177 19.438248461052364 76.9839141084943 74.38190020414854
1.0316441852588265 2004.8393430966871 0.045454545454545456 1.1914531392517027 2408.8596687582153 0.045454545454545456 t_swap_k 100 1679.8314180374146 92.82533629090052 74.8562226310853 97.63406072281437 90.99759803796177 19.438248461052364 76.9839141084943 74.38190020414854
1.0316441852588265 2004.8393430966871 0.045454545454545456 1.282253448973489 2640.0629241039264 0.045454545454545456 swap_t 100 1681.3395414352417 92.82533629090052 74.8562226310853 97.63406072281437 90.99759803796177 20.38386597644184 76.9839141084943 74.38190020414854
1.0316441852588265 2004.8393430966871 0.045454545454545456 1.1983531529892244 2426.303909069223 0.045454545454545456 t_multiswap_k 100 1682.3261828422546 92.82533629090052 74.8562226310853 97.63406072281437 90.99759803796177 20.38386597644184 76.9839141084943 74.75808120210705
1.0316441852588265 2004.8393430966871 0.045454545454545456 1.2763652813093231 2623.5299386622846 0.045454545454545456 t_multiswap_k 100 1683.4505786895752 92.82533629090052 74.8562226310853 97.63406072281437 90.99759803796177 20.38386597644184 76.9839141084943 75.22050039008597
1.0316441852588265 2004.8393430966871 0.045454545454545456 1.209416565598296 2439.9093640750434 0.022727272727272728 t_move_k 100 1685.0801022052765 92.90708292799152 74.8562226310853 97.63406072281437 90.99759803796177 20.38386597644184 76.9839141084943 75.22050039008597
1.0316441852588265 2004.8393430966871 0.045454545454545456 1.1812373964066842 2397.397246452187 0.06818181818181818 t_move_k 100 1687.0818343162537 92.97801209871162 74.8562226310853 97.63406072281437 90.99759803796177 20.38386597644184 76.9839141084943 75.22050039008597
1.0316441852588265 2004.8393430966871 0.045454545454545456 1.1620739511995581 2348.9492641587476 0.06818181818181818 t_multiswap_k 100 1688.1814451217651 92.97801209871162 74.8562226310853 97.63406072281437 90.99759803796177 20.38386597644184 76.9839141084943 75.49829538618512
1.0316441852588265 2004.8393430966871 0.045454545454545456 1.1395190140603368 2306.291560408308 0.09090909090909091 t_swap_k 100 1690.1420080661774 92.97801209871162 74.8562226310853 97.65772011558623 90.99759803796177 20.38386597644184 76.9839141084943 75.49829538618512
1.0316441852588265 2004.8393430966871 0.045454545454545456 1.1761689801829758 2384.5835515863655 0.06818181818181818 f_swap_t 100 1692.2764582633972 92.97801209871162 74.8562226310853 97.65772011558623 91.09762205758214 20.38386597644184 76.9839141084943 75.49829538618512
1.0316441852588265 2004.8393430966871 0.045454545454545456 1.1398850396991493 2292.8524621555907 0.06818181818181818 t_swap_r_k 100 1693.4330310821533 92.97801209871162 74.8562226310853 97.65772011558623 91.09762205758214 20.38386597644184 77.25407496740937 75.49829538618512
1.0316441852588265 2004.8393430966871 0.045454545454545456 1.1272161636022027 2289.5526258889577 0.11363636363636363 t_swap_k 100 1695.4700076580048 92.97801209871162 74.8562226310853 97.68114291443037 91.09762205758214 20.38386597644184 77.25407496740937 75.49829538618512
1.0316441852588265 2004.8393430966871 0.045454545454545456 1.1262696195498512 2287.159624578774 0.11363636363636363 f_swap_t 100 1697.2838146686554 92.97801209871162 74.8562226310853 97.68114291443037 91.18664583700632 20.38386597644184 77.25407496740937 75.49829538618512
1.0316441852588265 2004.8393430966871 0.045454545454545456 1.1245086383609384 2282.707607494299 0.11363636363636363 t_swap_r_k 100 1698.0128917694092 92.97801209871162 74.8562226310853 97.68114291443037 91.18664583700632 20.38386597644184 77.52153421773528 75.49829538618512
1.0316441852588265 2004.8393430966871 0.045454545454545456 1.1562579536315343 2362.9745035264727 0.11363636363636363 t_move_k 100 1699.3656060695648 93.1182319777245 74.8562226310853 97.68114291443037 91.18664583700632 20.38386597644184 77.52153421773528 75.49829538618512
1.0316441852588265 2004.8393430966871 0.045454545454545456 1.1378371202319006 2287.675023286156 0.06818181818181818 t_swap_k 100 1701.5980055332184 93.1182319777245 74.8562226310853 97.70433148528606 91.18664583700632 20.38386597644184 77.52153421773528 75.49829538618512
1.0316441852588265 2004.8393430966871 0.045454545454545456 1.263024014636294 2604.1657366167315 0.06818181818181818 t_move_k 100 1704.0552141666412 93.34704965794727 74.8562226310853 97.70433148528606 91.18664583700632 20.38386597644184 77.52153421773528 75.49829538618512
1.0316441852588265 2004.8393430966871 0.045454545454545456 1.19952282119205 2414.896536338234 0.022727272727272728 t_swap_r_k 100 1705.9973719120026 93.34704965794727 74.8562226310853 97.70433148528606 91.18664583700632 20.38386597644184 77.78631887555792 75.49829538618512
1.0316441852588265 2004.8393430966871 0.045454545454545456 1.3100545863508035 2723.0658759730713 0.06818181818181818 f_swap_t 100 1708.4508321285248 93.34704965794727 74.8562226310853 97.70433148528606 91.42477937863626 20.38386597644184 77.78631887555792 75.49829538618512
1.0316441852588265 2004.8393430966871 0.045454545454545456 1.1935127697844945 2414.066714908071 0.045454545454545456 t_multiswap_k 100 1709.9084236621857 93.34704965794727 74.8562226310853 97.70433148528606 91.42477937863626 20.38386597644184 77.78631887555792 75.77331243232327
1.0316441852588265 2004.8393430966871 0.045454545454545456 1.1660227564031391 2344.5679547868444 0.045454545454545456 t_move_k 100 1712.2703428268433 93.4435791613678 74.8562226310853 97.70433148528606 91.42477937863626 20.38386597644184 77.78631887555792 75.77331243232327
1.0316441852588265 2004.8393430966871 0.045454545454545456 1.2983074096244303 2722.0962300403144 0.11363636363636363 f_swap_t 100 1713.7861168384552 93.4435791613678 74.8562226310853 97.70433148528606 91.5405315848499 20.38386597644184 77.78631887555792 75.77331243232327
1.0316441852588265 2004.8393430966871 0.045454545454545456 1.2414072834589907 2549.515489857835 0.06818181818181818 t_move_k 100 1715.3180017471313 93.71914336975412 74.8562226310853 97.70433148528606 91.5405315848499 20.38386597644184 77.78631887555792 75.77331243232327
1.0316441852588265 2004.8393430966871 0.045454545454545456 1.1977918129624265 2439.249224084716 0.06818181818181818 f_swap_t 100 1717.1378490924835 93.71914336975412 74.8562226310853 97.70433148528606 91.6351262690014 20.38386597644184 77.78631887555792 75.77331243232327
1.0316441852588265 2004.8393430966871 0.045454545454545456 1.213967256299648 2465.7786377798016 0.045454545454545456 t_move_k 100 1718.4345490932465 93.82195193605658 74.8562226310853 97.70433148528606 91.6351262690014 20.38386597644184 77.78631887555792 75.77331243232327
1.0316441852588265 2004.8393430966871 0.045454545454545456 1.1943993334117065 2430.672541373038 0.06818181818181818 swap_t 100 1720.3143527507782 93.82195193605658 74.8562226310853 97.70433148528606 91.6351262690014 21.18002731667742 77.78631887555792 75.77331243232327
1.0316441852588265 2004.8393430966871 0.045454545454545456 1.2028098044744557 2437.570973519838 0.045454545454545456 f_swap_t 100 1723.2124586105347 93.82195193605658 74.8562226310853 97.70433148528606 91.7887750063114 21.18002731667742 77.78631887555792 75.77331243232327
1.0316441852588265 2004.8393430966871 0.045454545454545456 1.2261780135828002 2496.64921174234 0.045454545454545456 move_t 100 1725.7395913600922 93.82195193605658 75.17766040477444 97.70433148528606 91.7887750063114 21.18002731667742 77.78631887555792 75.77331243232327
1.0316441852588265 2004.8393430966871 0.045454545454545456 1.2097880678399697 2426.4841114724986 0.0 t_swap_r_k 100 1727.1375286579132 93.82195193605658 75.17766040477444 97.70433148528606 91.7887750063114 21.18002731667742 78.04845568680234 75.77331243232327
1.0316441852588265 2004.8393430966871 0.045454545454545456 1.2096173405330353 2426.0524879594004 0.0 t_swap_r_k 100 1728.399085521698 93.82195193605658 75.17766040477444 97.70433148528606 91.7887750063114 21.18002731667742 78.30797112993432 75.77331243232327
1.0316441852588265 2004.8393430966871 0.045454545454545456 1.2364001507965443 2522.492264355261 0.045454545454545456 t_multiswap_k 100 1730.3827328681946 93.82195193605658 75.17766040477444 97.70433148528606 91.7887750063114 21.18002731667742 78.30797112993432 76.14557930800004
1.0316441852588265 2004.8393430966871 0.045454545454545456 1.2811686885889522 2650.0381167069104 0.06818181818181818 t_swap_k 100 1732.203935623169 93.82195193605658 75.17766040477444 97.85728817043321 91.7887750063114 21.18002731667742 78.30797112993432 76.14557930800004
1.0316441852588265 2004.8393430966871 0.045454545454545456 1.2371238351416285 2553.050772668446 0.09090909090909091 t_swap_k 100 1734.4266765117645 93.82195193605658 75.17766040477444 97.93871528872887 91.7887750063114 21.18002731667742 78.30797112993432 76.14557930800004
1.0316441852588265 2004.8393430966871 0.045454545454545456 1.2029133471632272 2452.197208937844 0.06818181818181818 f_swap_t 100 1737.4282665252686 93.82195193605658 75.17766040477444 97.93871528872887 91.87088725624828 21.18002731667742 78.30797112993432 76.14557930800004
1.0316441852588265 2004.8393430966871 0.045454545454545456 1.2070142925750376 2448.200532184698 0.045454545454545456 t_swap_r_k 100 1738.74209690094 93.82195193605658 75.17766040477444 97.93871528872887 91.87088725624828 21.18002731667742 78.56489141863497 76.14557930800004
1.0316441852588265 2004.8393430966871 0.045454545454545456 1.4447095855016983 3063.493337949466 0.06818181818181818 f_swap_t 100 1741.7642509937286 93.82195193605658 75.17766040477444 97.93871528872887 92.1021783836858 21.18002731667742 78.56489141863497 76.14557930800004
1.0316441852588265 2004.8393430966871 0.045454545454545456 1.4205421178854705 2973.6655289163236 0.022727272727272728 move_t 100 1743.1630792617798 93.82195193605658 75.4558838007267 97.93871528872887 92.1021783836858 21.18002731667742 78.56489141863497 76.14557930800004
1.0316441852588265 2004.8393430966871 0.045454545454545456 1.4244619545921344 3012.304376195039 0.06818181818181818 t_move_k 100 1744.7485904693604 94.07373241669602 75.4558838007267 97.93871528872887 92.1021783836858 21.18002731667742 78.56489141863497 76.14557930800004
1.0316441852588265 2004.8393430966871 0.045454545454545456 1.3944416367610222 2922.0441732567265 0.045454545454545456 swap_t 100 1746.6716175079346 94.07373241669602 75.4558838007267 97.93871528872887 92.1021783836858 21.968227043510648 78.56489141863497 76.14557930800004
1.0316441852588265 2004.8393430966871 0.045454545454545456 1.3892620932080537 2908.9495323072483 0.045454545454545456 f_swap_t 100 1749.1314980983734 94.07373241669602 75.4558838007267 97.93871528872887 92.18115659984893 21.968227043510648 78.56489141863497 76.14557930800004
1.0316441852588265 2004.8393430966871 0.045454545454545456 1.3893363018294707 2937.866071338806 0.09090909090909091 t_move_k 100 1751.196703672409 94.41299509252906 75.4558838007267 97.93871528872887 92.18115659984893 21.968227043510648 78.56489141863497 76.14557930800004
1.0316441852588265 2004.8393430966871 0.045454545454545456 1.3115756578003968 2712.546901862124 0.045454545454545456 t_multiswap_k 100 1752.5889956951141 94.41299509252906 75.4558838007267 97.93871528872887 92.18115659984893 21.968227043510648 78.56489141863497 76.56412351492004
1.0316441852588265 2004.8393430966871 0.045454545454545456 1.232306303013757 2512.1424205380986 0.045454545454545456 t_swap_k 100 1754.2613127231598 94.41299509252906 75.4558838007267 97.95932813584159 92.18115659984893 21.968227043510648 78.56489141863497 76.56412351492004
1.0316441852588265 2004.8393430966871 0.045454545454545456 1.2130961539299618 2492.305292859713 0.09090909090909091 t_swap_r_k 100 1755.8176350593567 94.41299509252906 75.4558838007267 97.95932813584159 92.18115659984893 21.968227043510648 78.84924250444863 76.56412351492004
1.0316441852588265 2004.8393430966871 0.045454545454545456 1.2130961539299618 2492.305292859713 0.09090909090909091 t_swap_r_k 100 1756.6810686588287 94.41299509252906 75.4558838007267 97.95932813584159 92.18115659984893 21.968227043510648 79.10075007940414 76.56412351492004
1.0316441852588265 2004.8393430966871 0.045454545454545456 1.2130961539299618 2492.305292859713 0.09090909090909091 t_swap_k 100 1758.1014213562012 94.41299509252906 75.4558838007267 97.97973485448317 92.18115659984893 21.968227043510648 79.10075007940414 76.56412351492004
1.0316441852588265 2004.8393430966871 0.045454545454545456 1.405482979737855 2964.322761837625 0.06818181818181818 t_swap_k 100 1760.7181370258331 94.41299509252906 75.4558838007267 98.21993750593833 92.18115659984893 21.968227043510648 79.10075007940414 76.56412351492004
1.0316441852588265 2004.8393430966871 0.045454545454545456 1.3294900498627802 2772.2015601841176 0.06818181818181818 t_swap_r_k 100 1761.462495803833 94.41299509252906 75.4558838007267 98.21993750593833 92.18115659984893 21.968227043510648 79.34974257861009 76.56412351492004
1.0316441852588265 2004.8393430966871 0.045454545454545456 1.3834877204032603 2908.7155407317987 0.06818181818181818 f_swap_t 100 1764.0979635715485 94.41299509252906 75.4558838007267 98.21993750593833 92.38934503385045 21.968227043510648 79.34974257861009 76.56412351492004
1.0316441852588265 2004.8393430966871 0.045454545454545456 1.434704090919781 3019.979339870205 0.045454545454545456 move_t 100 1766.0399210453033 94.41299509252906 75.94132496271943 98.21993750593833 92.38934503385045 21.968227043510648 79.34974257861009 76.56412351492004
1.0316441852588265 2004.8393430966871 0.045454545454545456 1.3707697447732632 2862.198180457442 0.045454545454545456 t_move_k 100 1767.5829756259918 94.73886514160377 75.94132496271943 98.21993750593833 92.38934503385045 21.968227043510648 79.34974257861009 76.56412351492004
1.0316441852588265 2004.8393430966871 0.045454545454545456 1.344756916026837 2782.069493961895 0.022727272727272728 t_swap_r_k 100 1768.64737033844 94.73886514160377 75.94132496271943 98.21993750593833 92.38934503385045 21.968227043510648 79.596245152824 76.56412351492004
1.0316441852588265 2004.8393430966871 0.045454545454545456 1.4224439439451462 3007.202551182024 0.06818181818181818 t_swap_k 100 1771.055990934372 94.73886514160377 75.94132496271943 98.51773813087895 92.38934503385045 21.968227043510648 79.596245152824 76.56412351492004
1.0316441852588265 2004.8393430966871 0.045454545454545456 1.3415242716393574 2788.2613622475387 0.045454545454545456 t_move_k 100 1772.7527551651 94.85147649018774 75.94132496271943 98.51773813087895 92.38934503385045 21.968227043510648 79.596245152824 76.56412351492004
1.0316441852588265 2004.8393430966871 0.045454545454545456 1.412836368086606 2968.5487348281017 0.045454545454545456 f_swap_t 100 1775.4132556915283 94.85147649018774 75.94132496271943 98.51773813087895 92.69545158351194 21.968227043510648 79.596245152824 76.56412351492004
1.0316441852588265 2004.8393430966871 0.045454545454545456 1.3556645152829145 2838.374423336269 0.06818181818181818 swap_t 100 1777.37114071846 94.85147649018774 75.94132496271943 98.51773813087895 92.69545158351194 22.83854477307554 79.596245152824 76.56412351492004
1.0316441852588265 2004.8393430966871 0.045454545454545456 1.3299854667940894 2759.089581975841 0.045454545454545456 t_swap_k 100 1779.237583398819 94.85147649018774 75.94132496271943 98.73256074957017 92.69545158351194 22.83854477307554 79.596245152824 76.56412351492004
1.0316441852588265 2004.8393430966871 0.045454545454545456 1.315526651480206 2751.2645185096526 0.09090909090909091 t_move_k 100 1781.2854838371277 95.23296172528586 75.94132496271943 98.73256074957017 92.69545158351194 22.83854477307554 79.596245152824 76.56412351492004
1.0316441852588265 2004.8393430966871 0.045454545454545456 1.3155897776924685 2751.424110774033 0.09090909090909091 t_swap_k 100 1782.4209637641907 95.23296172528586 75.94132496271943 98.99523514207446 92.69545158351194 22.83854477307554 79.596245152824 76.56412351492004
1.0316441852588265 2004.8393430966871 0.045454545454545456 1.3934418817850047 2948.2455757984762 0.09090909090909091 f_swap_t 100 1784.7939238548279 95.23296172528586 75.94132496271943 98.99523514207446 92.91849706767682 22.83854477307554 79.596245152824 76.56412351492004
1.0316441852588265 2004.8393430966871 0.045454545454545456 1.3806823189933333 2887.2586127077866 0.045454545454545456 t_swap_k 100 1787.1866488456726 95.23296172528586 75.94132496271943 99.25528279065372 92.91849706767682 22.83854477307554 79.596245152824 76.56412351492004
1.0316441852588265 2004.8393430966871 0.045454545454545456 1.4089988931847641 3001.9404322493933 0.11363636363636363 t_move_k 100 1789.2914011478424 95.620632108033 75.94132496271943 99.25528279065372 92.91849706767682 22.83854477307554 79.596245152824 76.56412351492004
1.0316441852588265 2004.8393430966871 0.045454545454545456 1.3540667114883946 2834.334942485691 0.06818181818181818 t_swap_k 100 1791.5025165081024 95.620632108033 75.94132496271943 99.36272996274718 92.91849706767682 22.83854477307554 79.596245152824 76.56412351492004
1.0316441852588265 2004.8393430966871 0.045454545454545456 1.2973964375040499 2705.428695347414 0.09090909090909091 t_move_k 100 1792.9959132671356 95.80442578695268 75.94132496271943 99.36272996274718 92.91849706767682 22.83854477307554 79.596245152824 76.56412351492004
1.0316441852588265 2004.8393430966871 0.045454545454545456 1.2806880738003419 2648.823052478277 0.06818181818181818 t_swap_r_k 100 1795.1442606449127 95.80442578695268 75.94132496271943 99.36272996274718 92.91849706767682 22.83854477307554 79.84028270129576 76.56412351492004
1.0316441852588265 2004.8393430966871 0.045454545454545456 1.2973779651841961 2691.017530219874 0.06818181818181818 t_multiswap_k 100 1796.4183676242828 95.80442578695268 75.94132496271943 99.36272996274718 92.91849706767682 22.83854477307554 79.84028270129576 76.80848227977084
1.0316441852588265 2004.8393430966871 0.045454545454545456 1.279044475222206 2659.032260151617 0.09090909090909091 t_swap_k 100 1798.2376687526703 95.80442578695268 75.94132496271943 99.3691026631197 92.91849706767682 22.83854477307554 79.84028270129576 76.80848227977084
1.0316441852588265 2004.8393430966871 0.045454545454545456 1.279044475222206 2659.032260151617 0.09090909090909091 t_swap_k 100 1800.4262611865997 95.80442578695268 75.94132496271943 99.37541163648851 92.91849706767682 22.83854477307554 79.84028270129576 76.80848227977084
1.0316441852588265 2004.8393430966871 0.045454545454545456 1.279044475222206 2659.032260151617 0.09090909090909091 t_swap_k 100 1802.8401703834534 95.80442578695268 75.94132496271943 99.38165752012362 92.91849706767682 22.83854477307554 79.84028270129576 76.80848227977084
1.0316441852588265 2004.8393430966871 0.045454545454545456 1.3701904160907048 2875.0980175295713 0.06818181818181818 f_swap_t 100 1805.5204000473022 95.80442578695268 75.94132496271943 99.38165752012362 93.17931209700005 22.83854477307554 79.84028270129576 76.80848227977084
1.0316441852588265 2004.8393430966871 0.045454545454545456 1.3077562672648047 2717.2553903751195 0.06818181818181818 t_move_k 100 1807.3360359668732 96.10638152908315 75.94132496271943 99.38165752012362 93.17931209700005 22.83854477307554 79.84028270129576 76.80848227977084
1.0316441852588265 2004.8393430966871 0.045454545454545456 1.2989214273131344 2694.919627420308 0.06818181818181818 f_swap_t 100 1810.0291204452515 96.10638152908315 75.94132496271943 99.38165752012362 93.34751897603005 22.83854477307554 79.84028270129576 76.80848227977084
1.0316441852588265 2004.8393430966871 0.045454545454545456 1.2904654557630986 2673.5416989997116 0.06818181818181818 move_t 100 1811.412624835968 96.10638152908315 76.22191171309224 99.38165752012362 93.34751897603005 22.83854477307554 79.84028270129576 76.80848227977084
1.0316441852588265 2004.8393430966871 0.045454545454545456 1.2998560942180486 2697.2826015708383 0.06818181818181818 f_swap_t 100 1813.6810698509216 96.10638152908315 76.22191171309224 99.38165752012362 93.48404378626975 22.83854477307554 79.84028270129576 76.80848227977084
1.0316441852588265 2004.8393430966871 0.045454545454545456 1.2812836316472196 2635.959010685819 0.045454545454545456 move_t 100 1815.1537730693817 96.10638152908315 76.48969259596132 99.38165752012362 93.48404378626975 22.83854477307554 79.84028270129576 76.80848227977084
1.0316441852588265 2004.8393430966871 0.045454545454545456 1.2684172937887828 2617.800732310834 0.06818181818181818 t_move_k 100 1817.052386522293 96.24531771379232 76.48969259596132 99.38165752012362 93.48404378626975 22.83854477307554 79.84028270129576 76.80848227977084
1.0316441852588265 2004.8393430966871 0.045454545454545456 1.3887494691884692 2907.6535440778052 0.045454545454545456 t_swap_k 100 1819.172752380371 96.24531771379232 76.48969259596132 99.57784094492239 93.48404378626975 22.83854477307554 79.84028270129576 76.80848227977084
1.0316441852588265 2004.8393430966871 0.045454545454545456 1.3509483251111407 2783.3578140292775 0.0 f_swap_t 100 1821.4263684749603 96.24531771379232 76.48969259596132 99.57784094492239 93.54920334840705 22.83854477307554 79.84028270129576 76.80848227977084
1.0316441852588265 2004.8393430966871 0.045454545454545456 1.309345589156393 2706.908963328103 0.045454545454545456 t_multiswap_k 100 1822.8484380245209 96.24531771379232 76.48969259596132 99.57784094492239 93.54920334840705 22.83854477307554 79.84028270129576 77.37039745697314
1.0316441852588265 2004.8393430966871 0.045454545454545456 1.319620022301477 2761.6131564985913 0.09090909090909091 t_swap_k 100 1824.876303911209 96.24531771379232 76.48969259596132 99.79206253547316 93.54920334840705 22.83854477307554 79.84028270129576 77.37039745697314
1.0316441852588265 2004.8393430966871 0.045454545454545456 1.2272673424736849 2485.03872952241 0.022727272727272728 t_swap_r_k 100 1826.4531788825989 96.24531771379232 76.48969259596132 99.79206253547316 93.54920334840705 22.83854477307554 80.0818798742828 77.37039745697314
1.0316441852588265 2004.8393430966871 0.045454545454545456 1.1559860542807283 2290.464780287716 0.0 t_multiswap_k 100 1828.0954072475433 96.24531771379232 76.48969259596132 99.79206253547316 93.54920334840705 22.83854477307554 80.0818798742828 77.62669348240341
1.0316441852588265 2004.8393430966871 0.045454545454545456 1.129323230070344 2223.057274942204 0.0 t_move_k 100 1829.7572798728943 96.2828645366544 76.48969259596132 99.79206253547316 93.54920334840705 22.83854477307554 80.0818798742828 77.62669348240341
1.0316441852588265 2004.8393430966871 0.045454545454545456 1.122438627593751 2205.651996544804 0.0 f_swap_t 100 1833.2501783370972 96.2828645366544 76.48969259596132 99.79206253547316 93.61371131492298 22.83854477307554 80.0818798742828 77.62669348240341
1.0316441852588265 2004.8393430966871 0.045454545454545456 1.122438627593751 2205.651996544804 0.0 t_swap_r_k 100 1834.9654700756073 96.2828645366544 76.48969259596132 99.79206253547316 93.61371131492298 22.83854477307554 80.32106107553997 77.62669348240341
1.0316441852588265 2004.8393430966871 0.045454545454545456 1.122438627593751 2205.651996544804 0.0 t_swap_r_k 100 1836.047605752945 96.2828645366544 76.48969259596132 99.79206253547316 93.61371131492298 22.83854477307554 80.55785046478458 77.62669348240341
1.0316441852588265 2004.8393430966871 0.045454545454545456 1.1413768795779526 2267.895121962723 0.022727272727272728 f_swap_t 100 1838.7450683116913 96.2828645366544 76.48969259596132 99.79206253547316 93.74757420177374 22.83854477307554 80.55785046478458 77.62669348240341
1.0316441852588265 2004.8393430966871 0.045454545454545456 1.1737180317574953 2349.658267952843 0.022727272727272728 t_multiswap_k 100 1840.3646492958069 96.2828645366544 76.48969259596132 99.79206253547316 93.74757420177374 22.83854477307554 80.55785046478458 77.89042654757938
1.0316441852588265 2004.8393430966871 0.045454545454545456 1.1292619752557558 2237.266878254736 0.022727272727272728 t_multiswap_k 100 1842.4695677757263 96.2828645366544 76.48969259596132 99.79206253547316 93.74757420177374 22.83854477307554 80.55785046478458 78.11152228210359
1.0316441852588265 2004.8393430966871 0.045454545454545456 1.1269350815937615 2231.3841519643147 0.022727272727272728 t_swap_k 100 1844.0142538547516 96.2828645366544 76.48969259596132 99.79414191011843 93.74757420177374 22.83854477307554 80.55785046478458 78.11152228210359
1.0316441852588265 2004.8393430966871 0.045454545454545456 1.178675744989034 2376.5565539318754 0.045454545454545456 f_swap_t 100 1847.3271570205688 96.2828645366544 76.48969259596132 99.79414191011843 93.82009845975601 22.83854477307554 80.55785046478458 78.11152228210359
1.0316441852588265 2004.8393430966871 0.045454545454545456 1.1329236832552356 2246.52420972124 0.022727272727272728 t_swap_k 100 1849.6268146038055 96.2828645366544 76.48969259596132 99.79620049101725 93.82009845975601 22.83854477307554 80.55785046478458 78.11152228210359
1.0316441852588265 2004.8393430966871 0.045454545454545456 1.12678779733952 2231.011795904928 0.022727272727272728 t_move_k 100 1851.5370750427246 96.32003589128786 76.48969259596132 99.79620049101725 93.82009845975601 22.83854477307554 80.55785046478458 78.11152228210359
1.0316441852588265 2004.8393430966871 0.045454545454545456 1.2620095350900744 2609.733830918421 0.022727272727272728 swap_t 100 1853.1488180160522 96.32003589128786 76.48969259596132 99.79620049101725 93.82009845975601 23.760159325344784 80.55785046478458 78.11152228210359
1.0316441852588265 2004.8393430966871 0.045454545454545456 1.1807426596380117 2396.146479799871 0.06818181818181818 t_multiswap_k 100 1854.7555766105652 96.32003589128786 76.48969259596132 99.79620049101725 93.82009845975601 23.760159325344784 80.55785046478458 78.46040705928256
1.0316441852588265 2004.8393430966871 0.045454545454545456 1.144759100186595 2199.183395850671 0.045454545454545456 swap_t 100 1856.40922498703 96.32003589128786 76.48969259596132 99.79620049101725 93.82009845975601 24.532557732091337 80.55785046478458 78.46040705928256
1.0316441852588265 2004.8393430966871 0.045454545454545456 1.2412626328455683 2534.785327615393 0.045454545454545456 f_swap_t 100 1859.4428670406342 96.32003589128786 76.48969259596132 99.79620049101725 94.01189747515845 24.532557732091337 80.55785046478458 78.46040705928256
1.0316441852588265 2004.8393430966871 0.045454545454545456 1.2745533214664189 2633.3135045219406 0.06818181818181818 move_t 100 1860.7825436592102 96.32003589128786 76.74479567000171 99.79620049101725 94.01189747515845 24.532557732091337 80.55785046478458 78.46040705928256
1.0316441852588265 2004.8393430966871 0.045454545454545456 1.2213063543625484 2484.3329472558976 0.045454545454545456 move_t 100 1862.370020866394 96.32003589128786 76.9773477133017 99.79620049101725 94.01189747515845 24.532557732091337 80.55785046478458 78.46040705928256
1.0316441852588265 2004.8393430966871 0.045454545454545456 1.2623651226981432 2616.8644261834665 0.09090909090909091 f_swap_t 100 1865.8193054199219 96.32003589128786 76.9773477133017 99.79620049101725 94.12177850040686 24.532557732091337 80.55785046478458 78.46040705928256
1.0316441852588265 2004.8393430966871 0.045454545454545456 1.2473584214292965 2521.4674407110797 0.0 t_swap_r_k 100 1867.100462436676 96.32003589128786 76.9773477133017 99.79620049101725 94.12177850040686 24.532557732091337 80.79227196013673 78.46040705928256
1.0316441852588265 2004.8393430966871 0.045454545454545456 1.2161443578644664 2500.0115966401395 0.09090909090909091 swap_t 100 1869.4903934001923 96.32003589128786 76.9773477133017 99.79620049101725 94.12177850040686 25.287232154770425 80.79227196013673 78.46040705928256
1.0316441852588265 2004.8393430966871 0.045454545454545456 1.263638603261783 2591.355041818985 0.045454545454545456 t_move_k 100 1872.2540121078491 96.71683553237499 76.9773477133017 99.79620049101725 94.12177850040686 25.287232154770425 80.79227196013673 78.46040705928256
1.0316441852588265 2004.8393430966871 0.045454545454545456 1.2826544472503985 2639.429866721171 0.045454545454545456 t_move_k 100 1873.5793805122375 97.08966717705124 76.9773477133017 99.79620049101725 94.12177850040686 25.287232154770425 80.79227196013673 78.46040705928256
1.0316441852588265 2004.8393430966871 0.045454545454545456 1.205197438437107 2443.607260142388 0.045454545454545456 move_t 100 1875.5161485671997 97.08966717705124 77.20757423616868 99.79620049101725 94.12177850040686 25.287232154770425 80.79227196013673 78.46040705928256
1.0316441852588265 2004.8393430966871 0.045454545454545456 1.3193078348941472 2703.3660435923716 0.0 t_swap_k 100 1878.1807355880737 97.08966717705124 77.20757423616868 99.93823848610707 94.12177850040686 25.287232154770425 80.79227196013673 78.46040705928256
1.0316441852588265 2004.8393430966871 0.045454545454545456 1.265481351372226 2581.6493131866355 0.022727272727272728 t_swap_r_k 100 1879.0678341388702 97.08966717705124 77.20757423616868 99.93823848610707 94.12177850040686 25.287232154770425 81.02434924053536 78.46040705928256
1.0316441852588265 2004.8393430966871 0.045454545454545456 1.3034580536776479 2709.343324672987 0.022727272727272728 move_t 100 1880.3328266143799 97.08966717705124 77.595498493807 99.93823848610707 94.12177850040686 25.287232154770425 81.02434924053536 78.46040705928256
1.0316441852588265 2004.8393430966871 0.045454545454545456 1.2560112995284352 2557.7076419951045 0.022727272727272728 move_t 100 1881.5029468536377 97.08966717705124 77.81954350886893 99.93823848610707 94.12177850040686 25.287232154770425 81.02434924053536 78.46040705928256
1.0316441852588265 2004.8393430966871 0.045454545454545456 1.408535793792135 2943.3117918509806 0.022727272727272728 f_swap_t 100 1885.1234302520752 97.08966717705124 77.81954350886893 99.93823848610707 94.37056071540279 25.287232154770425 81.02434924053536 78.46040705928256
1.0316441852588265 2004.8393430966871 0.045454545454545456 1.3329660788149291 2752.260539137065 0.022727272727272728 t_move_k 100 1887.7174150943756 97.31877050528072 77.81954350886893 99.93823848610707 94.37056071540279 25.287232154770425 81.02434924053536 78.46040705928256
1.0316441852588265 2004.8393430966871 0.045454545454545456 1.2947067137280655 2655.5352884187164 0.022727272727272728 t_multiswap_k 100 1889.4853930473328 97.31877050528072 77.81954350886893 99.93823848610707 94.37056071540279 25.287232154770425 81.02434924053536 78.67580298868974
1.0316441852588265 2004.8393430966871 0.045454545454545456 1.28362032879588 2627.507291621301 0.022727272727272728 move_t 100 1891.4268851280212 97.31877050528072 78.07134807378024 99.93823848610707 94.37056071540279 25.287232154770425 81.02434924053536 78.67580298868974
1.0316441852588265 2004.8393430966871 0.045454545454545456 1.2893021469776982 2627.507291621301 0.0 t_swap_r_k 100 1892.5945041179657 97.31877050528072 78.07134807378024 99.93823848610707 94.37056071540279 25.287232154770425 81.25410574813 78.67580298868974
1.0316441852588265 2004.8393430966871 0.045454545454545456 1.2886922148839686 2625.965294399099 0.0 t_move_k 100 1895.1090536117554 97.37558280022792 78.07134807378024 99.93823848610707 94.37056071540279 25.287232154770425 81.25410574813 78.67580298868974
1.0316441852588265 2004.8393430966871 0.045454545454545456 1.2823754452994407 2624.3600447175727 0.022727272727272728 t_multiswap_k 100 1896.9810543060303 97.37558280022792 78.07134807378024 99.93823848610707 94.37056071540279 25.287232154770425 81.25410574813 79.07904495880284
1.0316441852588265 2004.8393430966871 0.045454545454545456 1.3892887671978398 2894.6525036299345 0.022727272727272728 f_swap_t 100 1901.0153963565826 97.37558280022792 78.07134807378024 99.93823848610707 94.52685510824877 25.287232154770425 81.25410574813 79.07904495880284
1.0316441852588265 2004.8393430966871 0.045454545454545456 1.3251297935325443 2732.449267911881 0.022727272727272728 t_swap_k 100 1904.1858007907867 97.37558280022792 78.07134807378024 100.198856101246 94.52685510824877 25.287232154770425 81.25410574813 79.07904495880284
1.0316441852588265 2004.8393430966871 0.045454545454545456 1.2352057537107064 2505.108190044375 0.022727272727272728 t_move_k 100 1907.2959985733032 97.60182697222564 78.07134807378024 100.198856101246 94.52685510824877 25.287232154770425 81.25410574813 79.07904495880284
1.0316441852588265 2004.8393430966871 0.045454545454545456 1.2454328225800533 2530.9637106013806 0.022727272727272728 t_move_k 100 1908.807213306427 97.66580870250338 78.07134807378024 100.198856101246 94.52685510824877 25.287232154770425 81.25410574813 79.07904495880284
1.0316441852588265 2004.8393430966871 0.045454545454545456 1.2237062393892213 2476.0357419428565 0.022727272727272728 swap_t 100 1911.0159537792206 97.66580870250338 78.07134807378024 100.198856101246 94.52685510824877 26.06435983322272 81.25410574813 79.07904495880284
1.0316441852588265 2004.8393430966871 0.045454545454545456 1.2300957568679993 2492.189373313918 0.022727272727272728 t_swap_k 100 1914.031022310257 97.66580870250338 78.07134807378024 100.26686754023353 94.52685510824877 26.06435983322272 81.25410574813 79.07904495880284
1.0316441852588265 2004.8393430966871 0.045454545454545456 1.291874031654292 2662.7383197224412 0.045454545454545456 t_swap_k 100 1916.410923242569 97.66580870250338 78.07134807378024 100.5741988648312 94.52685510824877 26.06435983322272 81.25410574813 79.07904495880284
1.0316441852588265 2004.8393430966871 0.045454545454545456 1.2504027403067877 2557.892851322906 0.045454545454545456 f_swap_t 100 1919.456459760666 97.66580870250338 78.07134807378024 100.5741988648312 94.58158655716628 26.06435983322272 81.25410574813 79.07904495880284
1.0316441852588265 2004.8393430966871 0.045454545454545456 1.3167808213708234 2711.341849538641 0.022727272727272728 t_swap_k 100 1921.546056985855 97.66580870250338 78.07134807378024 100.74845687618289 94.58158655716628 26.06435983322272 81.25410574813 79.07904495880284
1.0316441852588265 2004.8393430966871 0.045454545454545456 1.2537101270448165 2594.9833358247124 0.09090909090909091 t_swap_r_k 100 1922.72163438797 97.66580870250338 78.07134807378024 100.74845687618289 94.58158655716628 26.06435983322272 81.5115646906487 79.07904495880284
1.0316441852588265 2004.8393430966871 0.045454545454545456 1.3073188569484229 2701.785088937878 0.045454545454545456 f_swap_t 100 1925.9094858169556 97.66580870250338 78.07134807378024 100.74845687618289 94.77577069159462 26.06435983322272 81.5115646906487 79.07904495880284
1.0316441852588265 2004.8393430966871 0.045454545454545456 1.253122030320555 2579.1320771878695 0.06818181818181818 t_move_k 100 1928.2604913711548 97.72915061547835 78.07134807378024 100.74845687618289 94.77577069159462 26.06435983322272 81.5115646906487 79.07904495880284
1.0316441852588265 2004.8393430966871 0.045454545454545456 1.25122147153215 2574.3271875903533 0.06818181818181818 t_swap_r_k 100 1928.9700286388397 97.72915061547835 78.07134807378024 100.74845687618289 94.77577069159462 26.06435983322272 81.73644904374221 79.07904495880284
1.0316441852588265 2004.8393430966871 0.045454545454545456 1.2448272028749896 2558.1615445479224 0.06818181818181818 t_swap_r_k 100 1929.6650998592377 97.72915061547835 78.07134807378024 100.74845687618289 94.77577069159462 26.06435983322272 81.95908455330479 79.07904495880284
1.0316441852588265 2004.8393430966871 0.045454545454545456 1.3466974199089377 2801.339834988586 0.045454545454545456 t_multiswap_k 100 1930.9519019126892 97.72915061547835 78.07134807378024 100.74845687618289 94.77577069159462 26.06435983322272 81.95908455330479 79.48825450921481
1.0316441852588265 2004.8393430966871 0.045454545454545456 1.4176976291010357 2980.838711134831 0.045454545454545456 f_swap_t 100 1934.803789138794 97.72915061547835 78.07134807378024 100.74845687618289 94.95801298467867 26.06435983322272 81.95908455330479 79.48825450921481
1.0316441852588265 2004.8393430966871 0.045454545454545456 1.2939800074771806 2668.062533519852 0.045454545454545456 t_swap_k 100 1937.6051623821259 97.72915061547835 78.07134807378024 100.80097230742106 94.95801298467867 26.06435983322272 81.95908455330479 79.48825450921481
1.0316441852588265 2004.8393430966871 0.045454545454545456 1.3533201580138032 2803.7186176802497 0.022727272727272728 f_swap_t 100 1940.8041121959686 97.72915061547835 78.07134807378024 100.80097230742106 95.28843285483188 26.06435983322272 81.95908455330479 79.48825450921481
1.0316441852588265 2004.8393430966871 0.045454545454545456 1.28539567671557 2631.9956298949355 0.022727272727272728 move_t 100 1943.2477383613586 97.72915061547835 78.42063459304244 100.80097230742106 95.28843285483188 26.06435983322272 81.95908455330479 79.48825450921481
1.0316441852588265 2004.8393430966871 0.045454545454545456 1.337531377340304 2763.802279138981 0.022727272727272728 t_move_k 100 1946.0184013843536 97.94185910932356 78.42063459304244 100.80097230742106 95.28843285483188 26.06435983322272 81.95908455330479 79.48825450921481
1.0316441852588265 2004.8393430966871 0.045454545454545456 1.3099287804073478 2708.3833558026586 0.045454545454545456 f_swap_t 100 1949.4730155467987 97.94185910932356 78.42063459304244 100.80097230742106 95.40554852628357 26.06435983322272 81.95908455330479 79.48825450921481
1.0316441852588265 2004.8393430966871 0.045454545454545456 1.2628866975777533 2575.089650258934 0.022727272727272728 t_multiswap_k 100 1951.4327795505524 97.94185910932356 78.42063459304244 100.80097230742106 95.40554852628357 26.06435983322272 81.95908455330479 79.85337196412266
1.0316441852588265 2004.8393430966871 0.045454545454545456 1.232682044023 2513.092348568573 0.045454545454545456 t_swap_r_k 100 1953.3863615989685 97.94185910932356 78.42063459304244 100.80097230742106 95.40554852628357 26.06435983322272 82.17949370777174 79.85337196412266
1.0316441852588265 2004.8393430966871 0.045454545454545456 1.2270002258411816 2513.092348568573 0.06818181818181818 f_swap_t 100 1955.607441663742 97.94185910932356 78.42063459304244 100.80097230742106 95.45149304102073 26.06435983322272 82.17949370777174 79.85337196412266
1.0316441852588265 2004.8393430966871 0.045454545454545456 1.2270002258411816 2513.092348568573 0.06818181818181818 f_swap_t 100 1958.4134097099304 97.94185910932356 78.42063459304244 100.80097230742106 95.49697811061051 26.06435983322272 82.17949370777174 79.85337196412266
1.0316441852588265 2004.8393430966871 0.045454545454545456 1.2422961102284011 2537.3981090543775 0.045454545454545456 t_multiswap_k 100 1960.0229029655457 97.94185910932356 78.42063459304244 100.80097230742106 95.49697811061051 26.06435983322272 82.17949370777174 80.15483824448143
1.0316441852588265 2004.8393430966871 0.045454545454545456 1.4433960284754646 3045.8080099433296 0.045454545454545456 f_swap_t 100 1963.6813497543335 97.94185910932356 78.42063459304244 100.80097230742106 95.76200832950441 26.06435983322272 82.17949370777174 80.15483824448143
1.0316441852588265 2004.8393430966871 0.045454545454545456 1.5382428627265936 3285.594629557987 0.045454545454545456 f_swap_t 100 1967.3647329807281 97.94185910932356 78.42063459304244 100.80097230742106 96.11438824620937 26.06435983322272 82.17949370777174 80.15483824448143
1.0316441852588265 2004.8393430966871 0.045454545454545456 1.3732732409970465 2868.5273837614727 0.045454545454545456 t_multiswap_k 100 1969.502067565918 97.94185910932356 78.42063459304244 100.80097230742106 96.11438824620937 26.06435983322272 82.17949370777174 80.65328986203662
1.0316441852588265 2004.8393430966871 0.045454545454545456 1.2663778714304086 2598.2803109601095 0.045454545454545456 t_swap_r_k 100 1970.863310098648 97.94185910932356 78.42063459304244 100.80097230742106 96.11438824620937 26.06435983322272 82.39769877069402 80.65328986203662
1.0316441852588265 2004.8393430966871 0.045454545454545456 1.2260304411049585 2510.64059142255 0.06818181818181818 swap_t 100 1973.5388572216034 97.94185910932356 78.42063459304244 100.80097230742106 96.11438824620937 26.803716234890494 82.39769877069402 80.65328986203662
1.0316441852588265 2004.8393430966871 0.045454545454545456 1.2196577011498242 2494.529376076354 0.06818181818181818 f_swap_t 100 1976.1954338550568 97.94185910932356 78.42063459304244 100.80097230742106 96.15324436374728 26.803716234890494 82.39769877069402 80.65328986203662
1.0316441852588265 2004.8393430966871 0.045454545454545456 1.2196577011498242 2494.529376076354 0.06818181818181818 t_swap_r_k 100 1977.6339964866638 97.94185910932356 78.42063459304244 100.80097230742106 96.15324436374728 26.803716234890494 82.61372178298708 80.65328986203662
1.0316441852588265 2004.8393430966871 0.045454545454545456 1.2542057139698188 2581.871787385267 0.06818181818181818 t_swap_k 100 1979.477070093155 97.94185910932356 78.42063459304244 100.92296258434685 96.15324436374728 26.803716234890494 82.61372178298708 80.65328986203662
1.0316441852588265 2004.8393430966871 0.045454545454545456 1.231955231129883 2525.6193240626053 0.06818181818181818 swap_t 100 1982.057389497757 97.94185910932356 78.42063459304244 100.92296258434685 96.15324436374728 27.53567907254159 82.61372178298708 80.65328986203662
1.0316441852588265 2004.8393430966871 0.045454545454545456 1.4057451655135715 2936.2566768668994 0.022727272727272728 t_multiswap_k 100 1984.222182750702 97.94185910932356 78.42063459304244 100.92296258434685 96.15324436374728 27.53567907254159 82.61372178298708 81.12675696341626
1.0316441852588265 2004.8393430966871 0.045454545454545456 1.3102669831898757 2709.238381725316 0.045454545454545456 t_multiswap_k 100 1985.7042367458344 97.94185910932356 78.42063459304244 100.92296258434685 96.15324436374728 27.53567907254159 82.61372178298708 81.40548939378209
1.0316441852588265 2004.8393430966871 0.045454545454545456 1.2555614132944006 2570.9347284415667 0.045454545454545456 t_move_k 100 1987.2648293972015 98.10244051823032 78.42063459304244 100.92296258434685 96.15324436374728 27.53567907254159 82.61372178298708 81.40548939378209
1.0316441852588265 2004.8393430966871 0.045454545454545456 1.2179342489778624 2490.1722378160716 0.06818181818181818 t_swap_r_k 100 1988.1944708824158 98.10244051823032 78.42063459304244 100.92296258434685 96.15324436374728 27.53567907254159 82.85758456515721 81.40548939378209
1.0316441852588265 2004.8393430966871 0.045454545454545456 1.2169877049255111 2487.7792365058885 0.06818181818181818 t_swap_r_k 100 1989.2137382030487 98.10244051823032 78.42063459304244 100.92296258434685 96.15324436374728 27.53567907254159 83.06900871950563 81.40548939378209
1.0316441852588265 2004.8393430966871 0.045454545454545456 1.2756700386436743 2636.1367282922856 0.06818181818181818 t_move_k 100 1992.0284976959229 98.19141611304802 78.42063459304244 100.92296258434685 96.15324436374728 27.53567907254159 83.06900871950563 81.40548939378209
1.0316441852588265 2004.8393430966871 0.045454545454545456 1.2120741555183554 2489.721531932893 0.09090909090909091 t_swap_r_k 100 1993.3564291000366 98.19141611304802 78.42063459304244 100.92296258434685 96.15324436374728 27.53567907254159 83.27831863231057 81.40548939378209
1.0316441852588265 2004.8393430966871 0.045454545454545456 1.4787908490382358 3135.291274636618 0.045454545454545456 t_swap_k 100 1995.623310804367 98.19141611304802 78.42063459304244 101.07373295850338 96.15324436374728 27.53567907254159 83.27831863231057 81.40548939378209
1.0316441852588265 2004.8393430966871 0.045454545454545456 1.4394856895559882 3034.562667434967 0.022727272727272728 move_t 100 1997.5990281105042 98.19141611304802 78.84642824711202 101.07373295850338 96.15324436374728 27.53567907254159 83.27831863231057 81.40548939378209
1.0316441852588265 2004.8393430966871 0.045454545454545456 1.333032507576685 2781.1574095495903 0.06818181818181818 t_multiswap_k 100 1999.671959400177 98.19141611304802 78.84642824711202 101.07373295850338 96.15324436374728 27.53567907254159 83.27831863231057 81.68143449984427
1.0316441852588265 2004.8393430966871 0.045454545454545456 1.2827897707985452 2654.1364487833034 0.06818181818181818 move_t 100 2001.6530718803406 98.19141611304802 79.05796396464089 101.07373295850338 96.15324436374728 27.53567907254159 83.27831863231057 81.68143449984427
1.0316441852588265 2004.8393430966871 0.045454545454545456 1.2678302065707947 2616.3164902638346 0.06818181818181818 t_swap_k 100 2004.0147218704224 98.19141611304802 79.05796396464089 101.06299562891834 96.15324436374728 27.53567907254159 83.27831863231057 81.68143449984427
1.0316441852588265 2004.8393430966871 0.045454545454545456 1.2678302065707947 2616.3164902638346 0.06818181818181818 t_multiswap_k 100 2005.6721227169037 98.19141611304802 79.05796396464089 101.06299562891834 96.15324436374728 27.53567907254159 83.27831863231057 81.86462015484582
1.0316441852588265 2004.8393430966871 0.045454545454545456 1.3891765047014744 2923.0976165001257 0.06818181818181818 f_swap_t 100 2008.4454128742218 98.19141611304802 79.05796396464089 101.06299562891834 96.4717119201098 27.53567907254159 83.27831863231057 81.86462015484582
1.0316441852588265 2004.8393430966871 0.045454545454545456 1.3301285590030396 2759.4513399337984 0.045454545454545456 f_swap_t 100 2011.9644310474396 98.19141611304802 79.05796396464089 101.06299562891834 96.7369948009087 27.53567907254159 83.27831863231057 81.86462015484582
1.0316441852588265 2004.8393430966871 0.045454545454545456 1.2772008531056107 2640.006850347314 0.06818181818181818 f_swap_t 100 2016.1312048435211 98.19141611304802 79.05796396464089 101.06299562891834 96.96962485289961 27.53567907254159 83.27831863231057 81.86462015484582
1.0316441852588265 2004.8393430966871 0.045454545454545456 1.233287804972681 2528.988264941596 0.06818181818181818 t_multiswap_k 100 2017.9251804351807 98.19141611304802 79.05796396464089 101.06299562891834 96.96962485289961 27.53567907254159 83.27831863231057 82.04597395329736
1.0316441852588265 2004.8393430966871 0.045454545454545456 1.2103747089315255 2471.0606188794472 0.06818181818181818 t_multiswap_k 100 2019.6055393218994 98.19141611304802 79.05796396464089 101.06299562891834 96.96962485289961 27.53567907254159 83.27831863231057 82.3555142137644
1.0316441852588265 2004.8393430966871 0.045454545454545456 1.1951586775632246 2432.592274052092 0.06818181818181818 t_move_k 100 2022.2985546588898 98.26950195191755 79.05796396464089 101.06299562891834 96.96962485289961 27.53567907254159 83.27831863231057 82.3555142137644
1.0316441852588265 2004.8393430966871 0.045454545454545456 1.1898839306944595 2419.2569452456996 0.06818181818181818 t_move_k 100 2024.1160805225372 98.28680693239838 79.05796396464089 101.06299562891834 96.96962485289961 27.53567907254159 83.27831863231057 82.3555142137644
1.0316441852588265 2004.8393430966871 0.045454545454545456 1.18325556846029 2416.863943935516 0.09090909090909091 t_swap_r_k 100 2025.691815853119 98.28680693239838 79.05796396464089 101.06299562891834 96.96962485289961 27.53567907254159 83.51553544598747 82.3555142137644
1.0316441852588265 2004.8393430966871 0.045454545454545456 1.18325556846029 2416.863943935516 0.09090909090909091 t_move_k 100 2027.1448187828064 98.30393886307439 79.05796396464089 101.06299562891834 96.96962485289961 27.53567907254159 83.51553544598747 82.3555142137644
1.0316441852588265 2004.8393430966871 0.045454545454545456 1.2394015990091993 2544.4448272677078 0.06818181818181818 t_multiswap_k 100 2028.6790931224823 98.30393886307439 79.05796396464089 101.06299562891834 96.96962485289961 27.53567907254159 83.51553544598747 82.64195907162674
1.0316441852588265 2004.8393430966871 0.045454545454545456 1.1977004284782673 2439.0181907907236 0.06818181818181818 move_t 100 2030.1756131649017 98.30393886307439 79.29738432499448 101.06299562891834 96.96962485289961 27.53567907254159 83.51553544598747 82.64195907162674
1.0316441852588265 2004.8393430966871 0.045454545454545456 1.1889602241790895 2416.9216805572632 0.06818181818181818 move_t 100 2032.0071954727173 98.30393886307439 79.50441048174454 101.06299562891834 96.96962485289961 27.53567907254159 83.51553544598747 82.64195907162674
1.0316441852588265 2004.8393430966871 0.045454545454545456 1.3282832419458215 2754.7861094834493 0.045454545454545456 f_swap_t 100 2035.9074912071228 98.30393886307439 79.50441048174454 101.06299562891834 97.17992860437062 27.53567907254159 83.51553544598747 82.64195907162674
1.0316441852588265 2004.8393430966871 0.045454545454545456 1.2172205402858423 2488.3678782293723 0.06818181818181818 t_multiswap_k 100 2038.2382998466492 98.30393886307439 79.50441048174454 101.06299562891834 97.17992860437062 27.53567907254159 83.51553544598747 83.10553948091048
1.0316441852588265 2004.8393430966871 0.045454545454545456 1.375209260336798 2902.1508516224067 0.09090909090909091 t_swap_k 100 2040.161880493164 98.30393886307439 79.50441048174454 101.24236567262916 97.17992860437062 27.53567907254159 83.51553544598747 83.10553948091048
1.0316441852588265 2004.8393430966871 0.045454545454545456 1.3096807467019336 2750.8496836804406 0.11363636363636363 f_swap_t 100 2042.1662731170654 98.30393886307439 79.50441048174454 101.24236567262916 97.20812931832691 27.53567907254159 83.51553544598747 83.10553948091048
1.0316441852588265 2004.8393430966871 0.045454545454545456 1.3559011272367398 2853.3370772493554 0.09090909090909091 t_swap_k 100 2043.7691323757172 98.30393886307439 79.50441048174454 101.50994201590287 97.20812931832691 27.53567907254159 83.51553544598747 83.10553948091048
1.0316441852588265 2004.8393430966871 0.045454545454545456 1.3198098188279916 2762.0929897778665 0.09090909090909091 t_move_k 100 2045.560777425766 98.51089947444365 79.50441048174454 101.50994201590287 97.20812931832691 27.53567907254159 83.51553544598747 83.10553948091048
1.0316441852588265 2004.8393430966871 0.045454545454545456 1.2963334605951065 2688.376870396409 0.06818181818181818 t_move_k 100 2046.682181596756 98.66579047969921 79.50441048174454 101.50994201590287 97.20812931832691 27.53567907254159 83.51553544598747 83.10553948091048
1.0316441852588265 2004.8393430966871 0.045454545454545456 1.277811261510571 2641.5500517537234 0.06818181818181818 t_swap_r_k 100 2047.632724761963 98.66579047969921 79.50441048174454 101.50994201590287 97.20812931832691 27.53567907254159 83.75038009152759 83.10553948091048
1.0316441852588265 2004.8393430966871 0.045454545454545456 1.2757048585851616 2636.224758178895 0.06818181818181818 t_swap_r_k 100 2049.381331205368 98.66579047969921 79.50441048174454 101.50994201590287 97.20812931832691 27.53567907254159 83.95287629061231 83.10553948091048
1.0316441852588265 2004.8393430966871 0.045454545454545456 1.2757048585851616 2636.224758178895 0.06818181818181818 t_swap_r_k 100 2050.3579642772675 98.66579047969921 79.50441048174454 101.50994201590287 97.20812931832691 27.53567907254159 84.15334752770619 83.10553948091048
1.0316441852588265 2004.8393430966871 0.045454545454545456 1.2900948413288824 2701.3336605197564 0.11363636363636363 t_multiswap_k 100 2051.3039495944977 98.66579047969921 79.50441048174454 101.50994201590287 97.20812931832691 27.53567907254159 84.15334752770619 83.34448408610137
1.0316441852588265 2004.8393430966871 0.045454545454545456 1.2891719919340785 2670.2716339353005 0.06818181818181818 t_move_k 100 2053.2686882019043 98.85913257490222 79.50441048174454 101.50994201590287 97.20812931832691 27.53567907254159 84.15334752770619 83.34448408610137
1.0316441852588265 2004.8393430966871 0.045454545454545456 1.2675540517834853 2586.8894018940123 0.022727272727272728 move_t 100 2054.5803406238556 98.85913257490222 79.7193663769271 101.50994201590287 97.20812931832691 27.53567907254159 84.15334752770619 83.34448408610137
1.0316441852588265 2004.8393430966871 0.045454545454545456 1.3176055588482143 2785.249228129994 0.13636363636363635 move_t 100 2056.288609266281 98.85913257490222 80.12217271315782 101.50994201590287 97.20812931832691 27.53567907254159 84.15334752770619 83.34448408610137
1.0316441852588265 2004.8393430966871 0.045454545454545456 1.2951810912685433 2656.734583975077 0.022727272727272728 t_swap_r_k 100 2057.6025097370148 98.85913257490222 80.12217271315782 101.50994201590287 97.20812931832691 27.53567907254159 84.35181405242912 83.34448408610137
1.0316441852588265 2004.8393430966871 0.045454545454545456 1.275940341736232 2665.549022724971 0.11363636363636365 t_swap_k 100 2060.2468531131744 98.85913257490222 80.12217271315782 101.65484259574383 97.20812931832691 27.53567907254159 84.35181405242912 83.34448408610137
1.0316441852588265 2004.8393430966871 0.045454545454545456 1.239026730523791 2543.497105104645 0.06818181818181818 t_swap_r_k 100 2061.7692391872406 98.85913257490222 80.12217271315782 101.65484259574383 97.20812931832691 27.53567907254159 84.54829591190483 83.34448408610137
1.0316441852588265 2004.8393430966871 0.045454545454545456 1.2338411634386446 2530.3872357879736 0.06818181818181818 t_move_k 100 2062.8178956508636 98.90054124915319 80.12217271315782 101.65484259574383 97.20812931832691 27.53567907254159 84.54829591190483 83.34448408610137
1.0316441852588265 2004.8393430966871 0.045454545454545456 1.2531262992940762 2564.7784053642126 0.045454545454545456 t_move_k 100 2065.250129699707 99.07153583666167 80.12217271315782 101.65484259574383 97.20812931832691 27.53567907254159 84.54829591190483 83.34448408610137
1.0316441852588265 2004.8393430966871 0.045454545454545456 1.2541437127910724 2538.621646136986 0.0 t_multiswap_k 100 2067.285657644272 99.07153583666167 80.12217271315782 101.65484259574383 97.20812931832691 27.53567907254159 84.54829591190483 83.73103924524037
1.0316441852588265 2004.8393430966871 0.045454545454545456 1.217187591938056 2473.9201155935357 0.045454545454545456 t_swap_k 100 2068.389983177185 99.07153583666167 80.12217271315782 101.66829416978639 97.20812931832691 27.53567907254159 84.54829591190483 83.73103924524037
1.0316441852588265 2004.8393430966871 0.045454545454545456 1.198230109973716 2440.357302805045 0.06818181818181818 t_multiswap_k 100 2069.715775489807 99.07153583666167 80.12217271315782 101.66829416978639 97.20812931832691 27.53567907254159 84.54829591190483 83.89372885278796
1.0316441852588265 2004.8393430966871 0.045454545454545456 1.196705945616471 2422.139528772976 0.045454545454545456 f_swap_t 100 2071.5148689746857 99.07153583666167 80.12217271315782 101.66829416978639 97.23604802514365 27.53567907254159 84.54829591190483 83.89372885278796
1.0316441852588265 2004.8393430966871 0.045454545454545456 1.1910241274346527 2422.1395287729756 0.06818181818181818 t_swap_r_k 100 2072.198978662491 99.07153583666167 80.12217271315782 101.66829416978639 97.23604802514365 27.53567907254159 84.74281295278578 83.89372885278796
1.0316441852588265 2004.8393430966871 0.045454545454545456 1.2551992346715806 2584.3835525113636 0.06818181818181818 t_swap_k 100 2073.7204463481903 99.07153583666167 80.12217271315782 101.75161122808854 97.23604802514365 27.53567907254159 84.74281295278578 83.89372885278796
1.0316441852588265 2004.8393430966871 0.045454545454545456 1.2551992346715806 2584.3835525113636 0.06818181818181818 t_swap_k 100 2075.4517188072205 99.07153583666167 80.12217271315782 101.77409511580765 97.23604802514365 27.53567907254159 84.74281295278578 83.89372885278796
1.0316441852588265 2004.8393430966871 0.045454545454545456 1.2889716949930163 2684.1297184886203 0.09090909090909091 t_multiswap_k 100 2077.280203819275 99.07153583666167 80.12217271315782 101.77409511580765 97.23604802514365 27.53567907254159 84.74281295278578 84.25479156426007
1.0316441852588265 2004.8393430966871 0.045454545454545456 1.472399831397647 3133.498315048733 0.06818181818181818 f_swap_t 100 2080.6887171268463 99.07153583666167 80.12217271315782 101.77409511580765 97.50368754489222 27.53567907254159 84.74281295278578 84.25479156426007
1.0316441852588265 2004.8393430966871 0.045454545454545456 1.344329259366034 2867.175102063454 0.1590909090909091 t_move_k 100 2083.0494859218597 99.46082047829505 80.12217271315782 101.77409511580765 97.50368754489222 27.53567907254159 84.74281295278578 84.25479156426007
1.0316441852588265 2004.8393430966871 0.045454545454545456 1.3078373057545654 2731.824731898347 0.09090909090909091 t_multiswap_k 100 2083.985548019409 99.46082047829505 80.12217271315782 101.77409511580765 97.50368754489222 27.53567907254159 84.74281295278578 84.47224364861748
1.0316441852588265 2004.8393430966871 0.045454545454545456 1.2654346250066233 2610.260110946388 0.06818181818181818 t_multiswap_k 100 2086.544035434723 99.46082047829505 80.12217271315782 101.77409511580765 97.50368754489222 27.53567907254159 84.74281295278578 84.6975212121313
1.0316441852588265 2004.8393430966871 0.045454545454545456 1.2172173081627258 2517.0886357728205 0.11363636363636363 t_swap_r_k 100 2087.5040922164917 99.46082047829505 80.12217271315782 101.77409511580765 97.50368754489222 27.53567907254159 84.96538482325792 84.6975212121313
1.0316441852588265 2004.8393430966871 0.045454545454545456 1.2165448731245982 2486.6596931765075 0.06818181818181818 t_multiswap_k 100 2088.8715300559998 99.46082047829505 80.12217271315782 101.77409511580765 97.50368754489222 27.53567907254159 84.96538482325792 84.85054600001
1.0316441852588265 2004.8393430966871 0.045454545454545456 1.204287074845013 2484.399121541129 0.11363636363636363 t_swap_r_k 100 2089.978873729706 99.46082047829505 80.12217271315782 101.77409511580765 97.50368754489222 27.53567907254159 85.15573097502534 84.85054600001
1.0316441852588265 2004.8393430966871 0.045454545454545456 1.204287074845013 2484.399121541129 0.11363636363636363 t_swap_r_k 100 2090.8959124088287 99.46082047829505 80.12217271315782 101.77409511580765 97.50368754489222 27.53567907254159 85.34417366527508 84.85054600001
1.0316441852588265 2004.8393430966871 0.045454545454545456 1.3521231296291538 2829.4212842950783 0.06818181818181818 t_swap_k 100 2092.92800283432 99.46082047829505 80.12217271315782 101.92635416464958 97.50368754489222 27.53567907254159 85.34417366527508 84.85054600001
1.0316441852588265 2004.8393430966871 0.045454545454545456 1.4076689522855586 2969.8492190137963 0.06818181818181818 t_swap_k 100 2095.057124853134 99.46082047829505 80.12217271315782 102.15709062300309 97.50368754489222 27.53567907254159 85.34417366527508 84.85054600001
1.0316441852588265 2004.8393430966871 0.045454545454545456 1.253898369920323 2581.0947768369533 0.06818181818181818 t_multiswap_k 100 2096.9080650806427 99.46082047829505 80.12217271315782 102.15709062300309 97.50368754489222 27.53567907254159 85.34417366527508 85.2220405400099
1.0316441852588265 2004.8393430966871 0.045454545454545456 1.1547997093874556 2316.1944563257175 0.045454545454545456 t_multiswap_k 100 2099.042500972748 99.46082047829505 80.12217271315782 102.15709062300309 97.50368754489222 27.53567907254159 85.34417366527508 85.4298201346098
1.0316441852588265 2004.8393430966871 0.045454545454545456 1.191014229089765 2422.1145043145507 0.06818181818181818 t_move_k 100 2101.4454259872437 99.50621227351209 80.12217271315782 102.15709062300309 97.50368754489222 27.53567907254159 85.34417366527508 85.4298201346098
1.0316441852588265 2004.8393430966871 0.045454545454545456 1.1604968897469727 2344.962222971493 0.06818181818181818 t_swap_r_k 100 2102.252623796463 99.50621227351209 80.12217271315782 102.15709062300309 97.50368754489222 27.53567907254159 85.56073192862233 85.4298201346098
1.0316441852588265 2004.8393430966871 0.045454545454545456 1.2716943668186733 2611.7211861080723 0.045454545454545456 t_swap_k 100 2103.5758697986603 99.50621227351209 80.12217271315782 102.26551971677306 97.50368754489222 27.53567907254159 85.56073192862233 85.4298201346098
1.0316441852588265 2004.8393430966871 0.045454545454545456 1.2808636184449305 2634.902390512163 0.045454545454545456 f_swap_t 100 2105.559501171112 99.50621227351209 80.12217271315782 102.26551971677306 97.59865066944329 27.53567907254159 85.56073192862233 85.4298201346098
1.0316441852588265 2004.8393430966871 0.045454545454545456 1.2026600143240016 2451.556746600488 0.06818181818181818 t_swap_k 100 2107.527351617813 99.50621227351209 80.12217271315782 102.37286451960533 97.59865066944329 27.53567907254159 85.56073192862233 85.4298201346098
1.0316441852588265 2004.8393430966871 0.045454545454545456 1.242558023395806 2552.424728122698 0.06818181818181818 t_swap_k 100 2109.3876457214355 99.50621227351209 80.12217271315782 102.47913587440928 97.59865066944329 27.53567907254159 85.56073192862233 85.4298201346098
1.0316441852588265 2004.8393430966871 0.045454545454545456 1.1684171935936187 2364.985905371684 0.06818181818181818 t_multiswap_k 100 2110.842198610306 99.50621227351209 80.12217271315782 102.47913587440928 97.59865066944329 27.53567907254159 85.56073192862233 85.6955219332637
1.0316441852588265 2004.8393430966871 0.045454545454545456 1.246866170114012 2548.9518864688735 0.045454545454545456 t_move_k 100 2113.007878780365 99.67115015077697 80.12217271315782 102.47913587440928 97.59865066944329 27.53567907254159 85.56073192862233 85.6955219332637
1.0316441852588265 2004.8393430966871 0.045454545454545456 1.2384411140149658 2542.016581224745 0.06818181818181818 move_t 100 2115.721248626709 99.67115015077697 80.35095098602625 102.47913587440928 97.59865066944329 27.53567907254159 85.56073192862233 85.6955219332637
1.0316441852588265 2004.8393430966871 0.045454545454545456 1.2291956124271883 2504.27814139468 0.045454545454545456 swap_t 100 2117.522582054138 99.67115015077697 80.35095098602625 102.47913587440928 97.59865066944329 28.260322281816176 85.56073192862233 85.6955219332637
1.0316441852588265 2004.8393430966871 0.045454545454545456 1.2211441544021135 2483.9228821174934 0.045454545454545456 move_t 100 2118.895447254181 99.67115015077697 80.58744147616599 102.47913587440928 97.59865066944329 28.260322281816176 85.56073192862233 85.6955219332637
1.0316441852588265 2004.8393430966871 0.045454545454545456 1.2060954245027002 2431.513035374523 0.022727272727272728 swap_t 100 2122.1116511821747 99.67115015077697 80.58744147616599 102.47913587440928 97.59865066944329 28.977719058998016 85.56073192862233 85.6955219332637
1.0316441852588265 2004.8393430966871 0.045454545454545456 1.2700793110334159 2607.6380897106674 0.045454545454545456 t_swap_k 100 2124.143388748169 99.67115015077697 80.58744147616599 102.70434451566518 97.59865066944329 28.977719058998016 85.56073192862233 85.6955219332637
1.0316441852588265 2004.8393430966871 0.045454545454545456 1.2469484180026233 2549.1598211177866 0.045454545454545456 t_swap_r_k 100 2125.556508541107 99.67115015077697 80.58744147616599 102.70434451566518 97.59865066944329 28.977719058998016 85.7751246093361 85.6955219332637
1.0316441852588265 2004.8393430966871 0.045454545454545456 1.3980081444723274 2945.4252889314484 0.06818181818181818 f_swap_t 100 2129.269211769104 99.67115015077697 80.58744147616599 102.70434451566518 97.87266416274886 28.977719058998016 85.7751246093361 85.6955219332637
1.0316441852588265 2004.8393430966871 0.045454545454545456 1.384545840440256 2882.66169357011 0.022727272727272728 t_swap_k 100 2132.337302207947 99.67115015077697 80.58744147616599 103.03730107050853 97.87266416274886 28.977719058998016 85.7751246093361 85.6955219332637
1.0316441852588265 2004.8393430966871 0.045454545454545456 1.3354945246343393 2787.381747476626 0.06818181818181818 t_multiswap_k 100 2134.5310442447662 99.67115015077697 80.58744147616599 103.03730107050853 97.87266416274886 28.977719058998016 85.7751246093361 86.10856671393107
1.0316441852588265 2004.8393430966871 0.045454545454545456 1.403236059600226 2929.91329145012 0.022727272727272728 t_swap_k 100 2137.6594381332397 99.67115015077697 80.58744147616599 103.16692805980345 97.87266416274886 28.977719058998016 85.7751246093361 86.10856671393107
1.0316441852588265 2004.8393430966871 0.045454545454545456 1.322253308754771 2739.5415595962504 0.045454545454545456 t_swap_r_k 100 2138.818503856659 99.67115015077697 80.58744147616599 103.16692805980345 97.87266416274886 28.977719058998016 85.95737336324274 86.10856671393107
1.0316441852588265 2004.8393430966871 0.045454545454545456 1.3352102828788062 2759.989957509753 0.045454545454545456 move_t 100 2140.1898062229156 99.67115015077697 80.88156706140433 103.16692805980345 97.87266416274886 28.977719058998016 85.95737336324274 86.10856671393107
1.0316441852588265 2004.8393430966871 0.045454545454545456 1.317459667797087 2741.787001058534 0.06818181818181818 t_swap_k 100 2142.471517562866 99.67115015077697 80.88156706140433 103.38525877920542 97.87266416274886 28.977719058998016 85.95737336324274 86.10856671393107
1.0316441852588265 2004.8393430966871 0.045454545454545456 1.2671004217338258 2600.107023428964 0.045454545454545456 t_move_k 100 2144.7566521167755 99.67443864926919 80.88156706140433 103.38525877920542 97.87266416274886 28.977719058998016 85.95737336324274 86.10856671393107
1.0316441852588265 2004.8393430966871 0.045454545454545456 1.3742110290852794 2885.2627131291647 0.06818181818181818 f_swap_t 100 2147.436252117157 99.67443864926919 80.88156706140433 103.38525877920542 97.97393752112137 28.977719058998016 85.95737336324274 86.10856671393107
1.0316441852588265 2004.8393430966871 0.045454545454545456 1.3045760664931527 2694.8509149427896 0.045454545454545456 t_swap_r_k 100 2148.7421865463257 99.67443864926919 80.88156706140433 103.38525877920542 97.97393752112137 28.977719058998016 86.13779962961031 86.10856671393107
1.0316441852588265 2004.8393430966871 0.045454545454545456 1.2837943656722517 2671.0406754408473 0.09090909090909091 t_swap_k 100 2151.21719789505 99.67443864926919 80.88156706140433 103.51140619141336 97.97393752112137 28.977719058998016 86.13779962961031 86.10856671393107
1.0316441852588265 2004.8393430966871 0.045454545454545456 1.2737196703391849 2616.84144856819 0.045454545454545456 f_swap_t 100 2155.39523935318 99.67443864926919 80.88156706140433 103.51140619141336 98.05419814591016 28.977719058998016 86.13779962961031 86.10856671393107
1.0316441852588265 2004.8393430966871 0.045454545454545456 1.2090316297821506 2467.665119054426 0.06818181818181818 t_multiswap_k 100 2157.0777201652527 99.67443864926919 80.88156706140433 103.51140619141336 98.05419814591016 28.977719058998016 86.13779962961031 86.27748104679176
1.0316441852588265 2004.8393430966871 0.045454545454545456 1.2004455801704863 2417.2294055152115 0.022727272727272728 move_t 100 2159.5542871952057 99.67443864926919 81.07275139079029 103.51140619141336 98.05419814591016 28.977719058998016 86.13779962961031 86.27748104679176
1.0316441852588265 2004.8393430966871 0.045454545454545456 1.3276716786288012 2753.23998829104 0.045454545454545456 t_move_k 100 2161.621575117111 99.8376942627765 81.07275139079029 103.51140619141336 98.05419814591016 28.977719058998016 86.13779962961031 86.27748104679176
1.0316441852588265 2004.8393430966871 0.045454545454545456 1.2710190709707927 2610.013939789503 0.045454545454545456 move_t 100 2163.052191734314 99.8376942627765 81.29202387688238 103.51140619141336 98.05419814591016 28.977719058998016 86.13779962961031 86.27748104679176
1.0316441852588265 2004.8393430966871 0.045454545454545456 1.2974242443561361 2691.134530711094 0.06818181818181818 t_multiswap_k 100 2165.5031287670135 99.8376942627765 81.29202387688238 103.51140619141336 98.05419814591016 28.977719058998016 86.13779962961031 86.69470623632384
1.0316441852588265 2004.8393430966871 0.045454545454545456 1.3367573297792181 2790.574302919444 0.06818181818181818 t_move_k 100 2167.7935242652893 100.09931732014873 81.29202387688238 103.51140619141336 98.05419814591016 28.977719058998016 86.13779962961031 86.69470623632384
1.0316441852588265 2004.8393430966871 0.045454545454545456 1.2542304238089441 2567.569793048834 0.045454545454545456 t_move_k 100 2170.069036245346 100.25832414694725 81.29202387688238 103.51140619141336 98.05419814591016 28.977719058998016 86.13779962961031 86.69470623632384
1.0316441852588265 2004.8393430966871 0.045454545454545456 1.3017169826611608 2687.6227343431815 0.045454545454545456 t_swap_k 100 2172.6075427532196 100.25832414694725 81.29202387688238 103.67629212949922 98.05419814591016 28.977719058998016 86.13779962961031 86.69470623632384
1.0316441852588265 2004.8393430966871 0.045454545454545456 1.3053904491556985 2696.9097929988316 0.045454545454545456 move_t 100 2173.856883764267 100.25832414694725 81.64910363811356 103.67629212949922 98.05419814591016 28.977719058998016 86.13779962961031 86.69470623632384
1.0316441852588265 2004.8393430966871 0.045454545454545456 1.2500591590133465 2571.3886921516787 0.06818181818181818 t_swap_r_k 100 2174.7854278087616 100.25832414694725 81.64910363811356 103.67629212949922 98.05419814591016 28.977719058998016 86.3164216333142 86.69470623632384
1.0316441852588265 2004.8393430966871 0.045454545454545456 1.213896992018491 2451.236535026118 0.022727272727272728 t_multiswap_k 100 2175.622694015503 100.25832414694725 81.64910363811356 103.67629212949922 98.05419814591016 28.977719058998016 86.3164216333142 86.8577591739606
1.0316441852588265 2004.8393430966871 0.045454545454545456 1.2116721668854815 2495.1352228874575 0.045454545454545456 move_t 100 2176.640781879425 100.25832414694725 81.90261260173243 103.67629212949922 98.05419814591016 28.977719058998016 86.3164216333142 86.8577591739606
1.0316441852588265 2004.8393430966871 0.045454545454545456 1.2388963010304874 2514.438431515536 0.022727272727272728 t_swap_k 100 2178.4506137371063 100.25832414694725 81.90261260173243 103.70952920820423 98.05419814591016 28.977719058998016 86.3164216333142 86.8577591739606
1.0316441852588265 2004.8393430966871 0.045454545454545456 1.3867981782699634 2902.720396261881 0.045454545454545456 f_swap_t 100 2181.3392491340637 100.25832414694725 81.90261260173243 103.70952920820423 98.17365616445106 28.977719058998016 86.3164216333142 86.8577591739606
1.0316441852588265 2004.8393430966871 0.045454545454545456 1.3179249568145104 2714.234390682361 0.022727272727272728 f_swap_t 100 2184.4468138217926 100.25832414694725 81.90261260173243 103.70952920820423 98.34191960280656 28.977719058998016 86.3164216333142 86.8577591739606
1.0316441852588265 2004.8393430966871 0.045454545454545456 1.2798646440793293 2618.012373318222 0.022727272727272728 t_swap_r_k 100 2185.7807188034058 100.25832414694725 81.90261260173243 103.70952920820423 98.34191960280656 28.977719058998016 86.49325741698107 86.8577591739606
1.0316441852588265 2004.8393430966871 0.045454545454545456 1.2792445619993056 2616.4447154514464 0.022727272727272728 t_swap_r_k 100 2187.3574891090393 100.25832414694725 81.90261260173243 103.70952920820423 98.34191960280656 28.977719058998016 86.66832484281126 86.8577591739606
1.0316441852588265 2004.8393430966871 0.045454545454545456 1.320161728407228 2722.817855843647 0.045454545454545456 move_t 100 2189.466007232666 100.25832414694725 82.2735864757151 103.70952920820423 98.34191960280656 28.977719058998016 86.66832484281126 86.8577591739606
1.0316441852588265 2004.8393430966871 0.045454545454545456 1.318369078916196 2715.357196080139 0.022727272727272728 f_swap_t 100 2192.961638212204 100.25832414694725 82.2735864757151 103.70952920820423 98.5085004067785 28.977719058998016 86.66832484281126 86.8577591739606
1.0316441852588265 2004.8393430966871 0.045454545454545456 1.263568781347998 2591.178521845348 0.045454545454545456 move_t 100 2194.3722970485687 100.25832414694725 82.45085061095796 103.70952920820423 98.5085004067785 28.977719058998016 86.66832484281126 86.8577591739606
1.0316441852588265 2004.8393430966871 0.045454545454545456 1.2614109229355606 2585.723141300379 0.045454545454545456 t_swap_r_k 100 2195.2208111286163 100.25832414694725 82.45085061095796 103.70952920820423 98.5085004067785 28.977719058998016 86.84164159438315 86.8577591739606
1.0316441852588265 2004.8393430966871 0.045454545454545456 1.2556825373582918 2571.2409477272577 0.045454545454545456 move_t 100 2196.39124751091 100.25832414694725 82.62634210484838 103.70952920820423 98.5085004067785 28.977719058998016 86.84164159438315 86.8577591739606
1.0316441852588265 2004.8393430966871 0.045454545454545456 1.2556825373582918 2571.2409477272577 0.045454545454545456 t_move_k 100 2197.7705438137054 100.25574090547778 82.62634210484838 103.70952920820423 98.5085004067785 28.977719058998016 86.84164159438315 86.8577591739606
1.0316441852588265 2004.8393430966871 0.045454545454545456 1.2926613021430051 2664.728654251806 0.045454545454545456 t_move_k 100 2200.751234292984 100.443183496423 82.62634210484838 103.70952920820423 98.5085004067785 28.977719058998016 86.84164159438315 86.8577591739606
1.0316441852588265 2004.8393430966871 0.045454545454545456 1.2615458041261187 2614.793069428922 0.09090909090909091 move_t 100 2202.865338087082 100.443183496423 82.8600786837999 103.70952920820423 98.5085004067785 28.977719058998016 86.84164159438315 86.8577591739606
1.0316441852588265 2004.8393430966871 0.045454545454545456 1.2475428745410775 2550.6626938809027 0.045454545454545456 t_move_k 100 2204.666939973831 100.43875166145877 82.8600786837999 103.70952920820423 98.5085004067785 28.977719058998016 86.84164159438315 86.8577591739606
1.0316441852588265 2004.8393430966871 0.045454545454545456 1.2351145463998643 2547.9709979029353 0.09090909090909091 f_swap_t 100 2206.282152891159 100.43875166145877 82.8600786837999 103.70952920820423 98.52341540271071 28.977719058998016 86.84164159438315 86.8577591739606
1.0316441852588265 2004.8393430966871 0.045454545454545456 1.2351145463998643 2547.9709979029353 0.09090909090909091 t_move_k 100 2207.647186756134 100.43436414484418 82.8600786837999 103.70952920820423 98.52341540271071 28.977719058998016 86.84164159438315 86.8577591739606
1.0316441852588265 2004.8393430966871 0.045454545454545456 1.2823030414216965 2638.5414615736236 0.045454545454545456 t_multiswap_k 100 2209.069871902466 100.43436414484418 82.8600786837999 103.70952920820423 98.52341540271071 28.977719058998016 86.84164159438315 87.099181582221
1.0316441852588265 2004.8393430966871 0.045454545454545456 1.2420472765990809 2536.76902137536 0.045454545454545456 t_swap_k 100 2211.650269508362 100.43436414484418 82.8600786837999 103.7124339161222 98.52341540271071 28.977719058998016 86.84164159438315 87.099181582221
1.0316441852588265 2004.8393430966871 0.045454545454545456 1.2213360084088691 2484.4079170066675 0.045454545454545456 t_multiswap_k 100 2213.5399100780487 100.43436414484418 82.8600786837999 103.7124339161222 98.52341540271071 28.977719058998016 86.84164159438315 87.25818976639879
1.0316441852588265 2004.8393430966871 0.045454545454545456 1.1850699921943615 2378.3576783300855 0.022727272727272728 t_swap_r_k 100 2214.939738512039 100.43436414484418 82.8600786837999 103.7124339161222 98.52341540271071 28.977719058998016 87.01322517843931 87.25818976639879
1.0316441852588265 2004.8393430966871 0.045454545454545456 1.1855281386327292 2408.2448681165756 0.06818181818181818 t_move_k 100 2216.496065378189 100.51002050339574 82.8600786837999 103.7124339161222 98.52341540271071 28.977719058998016 87.01322517843931 87.25818976639879
1.0316441852588265 2004.8393430966871 0.045454545454545456 1.1592755460610151 2327.510023728405 0.045454545454545456 t_swap_r_k 100 2217.5395290851593 100.51002050339574 82.8600786837999 103.7124339161222 98.52341540271071 28.977719058998016 87.18309292665492 87.25818976639879
1.0316441852588265 2004.8393430966871 0.045454545454545456 1.174606162915313 2366.2680573636276 0.045454545454545456 t_move_k 100 2218.456894159317 100.54492029836177 82.8600786837999 103.7124339161222 98.52341540271071 28.977719058998016 87.18309292665492 87.25818976639879
1.0316441852588265 2004.8393430966871 0.045454545454545456 1.1638517909001669 2324.7149731959635 0.022727272727272728 f_swap_t 100 2220.091995716095 100.54492029836177 82.8600786837999 103.7124339161222 98.5381812486836 28.977719058998016 87.18309292665492 87.25818976639879
1.0316441852588265 2004.8393430966871 0.045454545454545456 1.1567994925018716 2321.2501994799773 0.045454545454545456 t_move_k 100 2221.1859056949615 100.53947109537816 82.8600786837999 103.7124339161222 98.5381812486836 28.977719058998016 87.18309292665492 87.25818976639879
1.0316441852588265 2004.8393430966871 0.045454545454545456 1.2244996164479924 2478.0415147712765 0.022727272727272728 t_move_k 100 2222.2793214321136 100.60407638442437 82.8600786837999 103.7124339161222 98.5381812486836 28.977719058998016 87.18309292665492 87.25818976639879
1.0316441852588265 2004.8393430966871 0.045454545454545456 1.2686608029555857 2522.719650972419 0.045454545454545456 swap_t 100 2223.3651978969574 100.60407638442437 82.8600786837999 103.7124339161222 98.5381812486836 29.697941868408037 87.18309292665492 87.25818976639879
1.0316441852588265 2004.8393430966871 0.045454545454545456 1.219057609765888 2464.283328780934 0.022727272727272728 t_swap_r_k 100 2224.0544323921204 100.60407638442437 82.8600786837999 103.7124339161222 98.5381812486836 29.697941868408037 87.35126199738838 87.25818976639879
1.0316441852588265 2004.8393430966871 0.045454545454545456 1.206332218385299 2446.476149230062 0.045454545454545456 swap_t 100 2225.033490896225 100.60407638442437 82.8600786837999 103.7124339161222 98.5381812486836 30.400962449723956 87.35126199738838 87.25818976639879
1.0316441852588265 2004.8393430966871 0.045454545454545456 1.1959877449737495 2420.3238128802627 0.045454545454545456 t_multiswap_k 100 2225.9504158496857 100.60407638442437 82.8600786837999 103.7124339161222 98.5381812486836 30.400962449723956 87.35126199738838 87.4156078687348
1.0316441852588265 2004.8393430966871 0.045454545454545456 1.1834596269449333 2388.650904701701 0.045454545454545456 t_move_k 100 2227.5766739845276 100.59803562058013 82.8600786837999 103.7124339161222 98.5381812486836 30.400962449723956 87.35126199738838 87.4156078687348
1.0316441852588265 2004.8393430966871 0.045454545454545456 1.1726318814254766 2361.2767860328186 0.045454545454545456 t_move_k 100 2229.95880484581 100.59205526437434 82.8600786837999 103.7124339161222 98.5381812486836 30.400962449723956 87.35126199738838 87.4156078687348
1.0316441852588265 2004.8393430966871 0.045454545454545456 1.1726318814254766 2361.2767860328186 0.045454545454545456 f_swap_t 100 2233.162240743637 100.59205526437434 82.8600786837999 103.7124339161222 98.55279943619676 30.400962449723956 87.35126199738838 87.4156078687348
1.0316441852588265 2004.8393430966871 0.045454545454545456 1.1726318814254766 2361.2767860328186 0.045454545454545456 t_move_k 100 2234.420313835144 100.5861347117306 82.8600786837999 103.7124339161222 98.55279943619676 30.400962449723956 87.35126199738838 87.4156078687348
1.0316441852588265 2004.8393430966871 0.045454545454545456 1.2507780690513215 2573.206201498977 0.06818181818181818 t_swap_k 100 2237.01464509964 100.5861347117306 82.8600786837999 103.81530957696097 98.55279943619676 30.400962449723956 87.35126199738838 87.4156078687348
1.0316441852588265 2004.8393430966871 0.045454545454545456 1.1833482451093433 2402.7337795998137 0.06818181818181818 t_multiswap_k 100 2239.3302495479584 100.5861347117306 82.8600786837999 103.81530957696097 98.55279943619676 30.400962449723956 87.35126199738838 87.63145179004745
1.0316441852588265 2004.8393430966871 0.045454545454545456 1.1524256360680174 2310.192452985489 0.045454545454545456 move_t 100 2240.7271127700806 100.5861347117306 83.0814778969619 103.81530957696097 98.55279943619676 30.400962449723956 87.35126199738838 87.63145179004745
1.0316441852588265 2004.8393430966871 0.045454545454545456 1.162628394672371 2364.7154424714277 0.09090909090909091 t_multiswap_k 100 2243.1038825511932 100.5861347117306 83.0814778969619 103.81530957696097 98.55279943619676 30.400962449723956 87.35126199738838 87.79513727214697
1.0316441852588265 2004.8393430966871 0.045454545454545456 1.10734680450985 2253.684454827242 0.13636363636363638 t_multiswap_k 100 2244.4801745414734 100.5861347117306 83.0814778969619 103.81530957696097 98.55279943619676 30.400962449723956 87.35126199738838 87.9471858994255
1.0316441852588265 2004.8393430966871 0.045454545454545456 1.1320951828626638 2287.523033218813 0.09090909090909091 f_swap_t 100 2246.480651140213 100.5861347117306 83.0814778969619 103.81530957696097 98.6072714418348 30.400962449723956 87.35126199738838 87.9471858994255
1.0316441852588265 2004.8393430966871 0.045454545454545456 1.095737985555182 2224.3356686833836 0.13636363636363635 t_move_k 100 2248.909106492996 100.58027336461329 83.0814778969619 103.81530957696097 98.6072714418348 30.400962449723956 87.35126199738838 87.9471858994255
1.0316441852588265 2004.8393430966871 0.045454545454545456 1.1137325144056431 2255.463995662752 0.11363636363636365 f_swap_t 100 2251.7243909835815 100.58027336461329 83.0814778969619 103.81530957696097 98.66119872741645 30.400962449723956 87.35126199738838 87.9471858994255
1.0316441852588265 2004.8393430966871 0.045454545454545456 1.1278869422567546 2291.248452084472 0.11363636363636363 t_move_k 100 2253.061159133911 100.58447063096716 83.0814778969619 103.81530957696097 98.66119872741645 30.400962449723956 87.35126199738838 87.9471858994255
1.0316441852588265 2004.8393430966871 0.045454545454545456 1.2163020462441367 2529.139184666594 0.13636363636363638 t_swap_k 100 2254.383555173874 100.58447063096716 83.0814778969619 103.82715648119137 98.66119872741645 30.400962449723956 87.35126199738838 87.9471858994255
1.0316441852588265 2004.8393430966871 0.045454545454545456 1.166456390864494 2388.757639134023 0.11363636363636365 t_multiswap_k 100 2255.687717437744 100.58447063096716 83.0814778969619 103.82715648119137 98.66119872741645 30.400962449723956 87.35126199738838 88.12771404043126
1.0316441852588265 2004.8393430966871 0.045454545454545456 1.155820881599973 2361.8695217334202 0.11363636363636365 t_swap_r_k 100 2258.0624129772186 100.58447063096716 83.0814778969619 103.82715648119137 98.66119872741645 30.400962449723956 87.51774937741449 88.12771404043126
1.0316441852588265 2004.8393430966871 0.045454545454545456 1.2634759281948553 2605.3082399529894 0.06818181818181818 t_multiswap_k 100 2259.498770713806 100.58447063096716 83.0814778969619 103.82715648119137 98.66119872741645 30.400962449723956 87.51774937741449 88.25643690002694
1.0316441852588265 2004.8393430966871 0.045454545454545456 1.1845430704061746 2391.3900076687733 0.045454545454545456 t_multiswap_k 100 2261.4315412044525 100.58447063096716 83.0814778969619 103.82715648119137 98.66119872741645 30.400962449723956 87.51774937741449 88.47387253102667
1.0316441852588265 2004.8393430966871 0.045454545454545456 1.125644953811122 2256.8514497330616 0.06818181818181818 move_t 100 2262.8275265693665 100.58447063096716 83.25066311799227 103.82715648119137 98.66119872741645 30.400962449723956 87.51774937741449 88.47387253102667
1.0316441852588265 2004.8393430966871 0.045454545454545456 1.2615891369690524 2586.1736923493027 0.045454545454545456 t_move_k 100 2264.837176322937 100.79862592465749 83.25066311799227 103.82715648119137 98.66119872741645 30.400962449723956 87.51774937741449 88.47387253102667
1.0316441852588265 2004.8393430966871 0.045454545454545456 1.1547202552825337 2344.7225135908516 0.09090909090909091 t_multiswap_k 100 2266.5445606708527 100.79862592465749 83.25066311799227 103.82715648119137 98.66119872741645 30.400962449723956 87.51774937741449 88.6491338057164
1.0316441852588265 2004.8393430966871 0.045454545454545456 1.2257568857520296 2509.9490036233974 0.06818181818181818 move_t 100 2268.4835295677185 100.79862592465749 83.48815648681236 103.82715648119137 98.66119872741645 30.400962449723956 87.51774937741449 88.6491338057164
1.0316441852588265 2004.8393430966871 0.045454545454545456 1.175532121898825 2397.337945441517 0.09090909090909091 f_swap_t 100 2270.6701555252075 100.79862592465749 83.48815648681236 103.82715648119137 98.67458674014229 30.400962449723956 87.51774937741449 88.6491338057164
1.0316441852588265 2004.8393430966871 0.045454545454545456 1.1959719025584592 2449.012689767318 0.09090909090909091 t_swap_k 100 2272.1202290058136 100.79862592465749 83.48815648681236 104.03888491637946 98.67458674014229 30.400962449723956 87.51774937741449 88.6491338057164
1.0316441852588265 2004.8393430966871 0.045454545454545456 1.2687522116988579 2589.918524775481 0.022727272727272728 t_move_k 100 2273.666170358658 100.95063966541092 83.48815648681236 104.03888491637946 98.67458674014229 30.400962449723956 87.51774937741449 88.6491338057164
1.0316441852588265 2004.8393430966871 0.045454545454545456 1.2305412715478186 2507.6801637630306 0.045454545454545456 move_t 100 2275.3864970207214 100.95063966541092 83.68327492194423 104.03888491637946 98.67458674014229 30.400962449723956 87.51774937741449 88.6491338057164
1.0316441852588265 2004.8393430966871 0.045454545454545456 1.1987387464278645 2469.721468242329 0.09090909090909091 move_t 100 2276.550531387329 100.95063966541092 83.9364421727248 104.03888491637946 98.67458674014229 30.400962449723956 87.51774937741449 88.6491338057164
1.0316441852588265 2004.8393430966871 0.045454545454545456 1.1941135782998744 2415.5856463945684 0.045454545454545456 f_swap_t 100 2280.331111907959 100.95063966541092 83.9364421727248 104.03888491637946 98.68784087274086 30.400962449723956 87.51774937741449 88.6491338057164
1.0316441852588265 2004.8393430966871 0.045454545454545456 1.1855278938941611 2408.244249381808 0.06818181818181818 t_move_k 100 2282.664323091507 101.07113326875681 83.9364421727248 104.03888491637946 98.68784087274086 30.400962449723956 87.51774937741449 88.6491338057164
1.0316441852588265 2004.8393430966871 0.045454545454545456 1.155727848149097 2318.540926378667 0.045454545454545456 f_swap_t 100 2285.0491132736206 101.07113326875681 83.9364421727248 104.03888491637946 98.70096246401346 30.400962449723956 87.51774937741449 88.6491338057164
1.0316441852588265 2004.8393430966871 0.045454545454545456 1.1547813040967454 2316.147925068484 0.045454545454545456 move_t 100 2286.208614587784 101.07113326875681 84.09707775099754 104.03888491637946 98.70096246401346 30.400962449723956 87.51774937741449 88.6491338057164
1.0316441852588265 2004.8393430966871 0.045454545454545456 1.1350714046809238 2266.3184268972404 0.045454545454545456 t_move_k 100 2288.120074033737 101.12042193606925 84.09707775099754 104.03888491637946 98.70096246401346 30.400962449723956 87.51774937741449 88.6491338057164
1.0316441852588265 2004.8393430966871 0.045454545454545456 1.1213815552749447 2231.708492490765 0.045454545454545456 move_t 100 2289.515474319458 101.12042193606925 84.25610697348756 104.03888491637946 98.70096246401346 30.400962449723956 87.51774937741449 88.6491338057164
1.0316441852588265 2004.8393430966871 0.045454545454545456 1.1023905362752495 2226.789822011057 0.11363636363636363 t_swap_r_k 100 2290.878948688507 101.12042193606925 84.25610697348756 104.03888491637946 98.70096246401346 30.400962449723956 87.71257188364035 88.6491338057164
1.0316441852588265 2004.8393430966871 0.045454545454545456 1.1414320415468018 2296.7635082807997 0.06818181818181818 t_swap_k 100 2293.209648132324 101.12042193606925 84.25610697348756 104.09849606721566 98.70096246401346 30.400962449723956 87.71257188364035 88.6491338057164
1.0316441852588265 2004.8393430966871 0.045454545454545456 1.2476103058498118 2536.4687056457105 0.022727272727272728 t_move_k 100 2295.0762157440186 101.19921771670856 84.25610697348756 104.09849606721566 98.70096246401346 30.400962449723956 87.71257188364035 88.6491338057164
1.0316441852588265 2004.8393430966871 0.045454545454545456 1.1881407542021702 2400.485476618218 0.045454545454545456 t_swap_r_k 100 2296.458739757538 101.19921771670856 84.25610697348756 104.09849606721566 98.70096246401346 30.400962449723956 87.87544616480395 88.6491338057164
1.0316441852588265 2004.8393430966871 0.045454545454545456 1.1880845096728891 2385.9788178404624 0.022727272727272728 t_swap_r_k 100 2297.6518263816833 101.19921771670856 84.25610697348756 104.09849606721566 98.70096246401346 30.400962449723956 88.03669170315591 88.6491338057164
1.0316441852588265 2004.8393430966871 0.045454545454545456 1.1880845096728891 2385.9788178404624 0.022727272727272728 t_swap_r_k 100 2298.831998348236 101.19921771670856 84.25610697348756 104.09849606721566 98.70096246401346 30.400962449723956 88.19632478612435 88.6491338057164
1.0316441852588265 2004.8393430966871 0.045454545454545456 1.2761549544325144 2622.998201665449 0.045454545454545456 t_swap_k 100 2301.2738564014435 101.19921771670856 84.25610697348756 104.21751110654351 98.70096246401346 30.400962449723956 88.19632478612435 88.6491338057164
1.0316441852588265 2004.8393430966871 0.045454545454545456 1.2875333752694473 2651.7645077903016 0.045454545454545456 t_multiswap_k 100 2303.2604608535767 101.19921771670856 84.25610697348756 104.21751110654351 98.70096246401346 30.400962449723956 88.19632478612435 88.98264246765923
1.0316441852588265 2004.8393430966871 0.045454545454545456 1.2755755838941276 2621.533468509082 0.045454545454545456 f_swap_t 100 2306.3093276023865 101.19921771670856 84.25610697348756 104.21751110654351 98.82395283937332 30.400962449723956 88.19632478612435 88.98264246765923
1.0316441852588265 2004.8393430966871 0.045454545454545456 1.2460653610470696 2561.2917888515453 0.06818181818181818 swap_t 100 2308.534092903137 101.19921771670856 84.25610697348756 104.21751110654351 98.82395283937332 31.096952825226715 88.19632478612435 88.98264246765923
1.0316441852588265 2004.8393430966871 0.045454545454545456 1.2055767254662941 2458.9306174389285 0.06818181818181818 t_swap_k 100 2310.9691257476807 101.19921771670856 84.25610697348756 104.32533599547807 98.82395283937332 31.096952825226715 88.19632478612435 88.98264246765923
1.0316441852588265 2004.8393430966871 0.045454545454545456 1.2510719085035347 2545.2201416355256 0.022727272727272728 t_multiswap_k 100 2312.883143186569 101.19921771670856 84.25610697348756 104.32533599547807 98.82395283937332 31.096952825226715 88.19632478612435 89.16281604298264
1.0316441852588265 2004.8393430966871 0.045454545454545456 1.215917920748808 2470.7102017899206 0.045454545454545456 f_swap_t 100 2315.8839721679688 101.19921771670856 84.25610697348756 104.32533599547807 98.83571331097959 31.096952825226715 88.19632478612435 89.16281604298264
1.0316441852588265 2004.8393430966871 0.045454545454545456 1.3322555948616777 2750.464332159934 0.022727272727272728 t_multiswap_k 100 2316.8798048496246 101.19921771670856 84.25610697348756 104.32533599547807 98.83571331097959 31.096952825226715 88.19632478612435 89.49118788255281
1.0316441852588265 2004.8393430966871 0.045454545454545456 1.2528418856720056 2578.4238306890893 0.06818181818181818 move_t 100 2318.348046064377 101.19921771670856 84.54354590375269 104.32533599547807 98.83571331097959 31.096952825226715 88.19632478612435 89.49118788255281
1.0316441852588265 2004.8393430966871 0.045454545454545456 1.2633681702141892 2590.671347662752 0.045454545454545456 move_t 100 2320.443414211273 101.19921771670856 84.73811044471516 104.32533599547807 98.83571331097959 31.096952825226715 88.19632478612435 89.49118788255281
1.0316441852588265 2004.8393430966871 0.045454545454545456 1.2391316204763703 2529.3978177801782 0.045454545454545456 t_move_k 100 2322.7231810092926 101.25722553954148 84.73811044471516 104.32533599547807 98.83571331097959 31.096952825226715 88.19632478612435 89.49118788255281
1.0316441852588265 2004.8393430966871 0.045454545454545456 1.203735357893656 2483.0043006829046 0.11363636363636365 move_t 100 2323.990080833435 101.25722553954148 84.89072934026801 104.32533599547807 98.83571331097959 31.096952825226715 88.19632478612435 89.49118788255281
1.0316441852588265 2004.8393430966871 0.045454545454545456 1.1847170598437569 2377.465413912698 0.022727272727272728 t_multiswap_k 100 2326.166548013687 101.25722553954148 84.89072934026801 104.32533599547807 98.83571331097959 31.096952825226715 88.19632478612435 89.72627600372728
1.0316441852588265 2004.8393430966871 0.045454545454545456 1.1798591184132858 2350.8193655871387 0.0 move_t 100 2328.1765711307526 101.25722553954148 85.11182204686533 104.32533599547807 98.83571331097959 31.096952825226715 88.19632478612435 89.72627600372728
1.0316441852588265 2004.8393430966871 0.045454545454545456 1.106044187543503 2221.662320476 0.09090909090909091 t_swap_r_k 100 2329.1979632377625 101.25722553954148 85.11182204686533 104.32533599547807 98.83571331097959 31.096952825226715 88.38436153826311 89.72627600372728
1.0316441852588265 2004.8393430966871 0.045454545454545456 1.1047796380115746 2218.4653549685 0.09090909090909091 move_t 100 2331.0869674682617 101.25722553954148 85.26070382639668 104.32533599547807 98.83571331097959 31.096952825226715 88.38436153826311 89.72627600372728
1.0316441852588265 2004.8393430966871 0.045454545454545456 1.1044209423306155 2217.55852001205 0.09090909090909091 t_multiswap_k 100 2332.9702608585358 101.25722553954148 85.26070382639668 104.32533599547807 98.83571331097959 31.096952825226715 88.38436153826311 89.82901324369
1.0316441852588265 2004.8393430966871 0.045454545454545456 1.1316145995985718 2286.3080486887566 0.09090909090909091 t_move_k 100 2335.3103926181793 101.28465328414606 85.26070382639668 104.32533599547807 98.83571331097959 31.096952825226715 88.38436153826311 89.82901324369
1.0316441852588265 2004.8393430966871 0.045454545454545456 1.11898816117974 2254.386572235384 0.09090909090909091 f_swap_t 100 2337.989305973053 101.28465328414606 85.26070382639668 104.32533599547807 98.84735617786978 31.096952825226715 88.38436153826311 89.82901324369
1.0316441852588265 2004.8393430966871 0.045454545454545456 1.1620543440609012 2320.1707656330263 0.022727272727272728 t_move_k 100 2339.625532388687 101.3118067513046 85.26070382639668 104.32533599547807 98.84735617786978 31.096952825226715 88.38436153826311 89.82901324369
1.0316441852588265 2004.8393430966871 0.045454545454545456 1.1199542095185266 2256.8288832241583 0.09090909090909091 t_multiswap_k 100 2340.5021114349365 101.3118067513046 85.26070382639668 104.32533599547807 98.84735617786978 31.096952825226715 88.38436153826311 89.9307231112531
1.0316441852588265 2004.8393430966871 0.045454545454545456 1.1188700134545144 2254.0878775675997 0.09090909090909091 f_swap_t 100 2342.821480035782 101.3118067513046 85.26070382639668 104.32533599547807 98.85888261609108 31.096952825226715 88.38436153826311 89.9307231112531
1.0316441852588265 2004.8393430966871 0.045454545454545456 1.1188700134545144 2254.0878775675997 0.09090909090909091 move_t 100 2344.022915840149 101.3118067513046 85.40809678813271 104.32533599547807 98.85888261609108 31.096952825226715 88.38436153826311 89.9307231112531
1.0316441852588265 2004.8393430966871 0.045454545454545456 1.133399784873564 2305.1857216411163 0.11363636363636365 t_multiswap_k 100 2345.1119537353516 101.3118067513046 85.40809678813271 104.32533599547807 98.85888261609108 31.096952825226715 88.38436153826311 90.07141588014058
1.0316441852588265 2004.8393430966871 0.045454545454545456 1.190902978230873 2407.46878151912 0.045454545454545456 t_multiswap_k 100 2347.038270711899 101.3118067513046 85.40809678813271 104.32533599547807 98.85888261609108 31.096952825226715 88.38436153826311 90.21070172133918
1.0316441852588265 2004.8393430966871 0.045454545454545456 1.1658965027703316 2344.248767203368 0.045454545454545456 f_swap_t 100 2350.0851168632507 101.3118067513046 85.40809678813271 104.32533599547807 98.87029378993017 31.096952825226715 88.38436153826311 90.21070172133918
1.0316441852588265 2004.8393430966871 0.045454545454545456 1.288650514923554 2668.953264054559 0.06818181818181818 t_multiswap_k 100 2351.9281747341156 101.3118067513046 85.40809678813271 104.32533599547807 98.87029378993017 31.096952825226715 88.38436153826311 90.58859470412578
1.0316441852588265 2004.8393430966871 0.045454545454545456 1.210595568554178 2471.61898419278 0.06818181818181818 move_t 100 2353.33531832695 101.3118067513046 85.70401582025139 104.32533599547807 98.87029378993017 31.096952825226715 88.38436153826311 90.58859470412578
1.0316441852588265 2004.8393430966871 0.045454545454545456 1.2021941162629268 2464.7433528146885 0.09090909090909091 t_swap_k 100 2355.6890704631805 101.3118067513046 85.70401582025139 104.35208263552329 98.87029378993017 31.096952825226715 88.38436153826311 90.58859470412578
1.0316441852588265 2004.8393430966871 0.045454545454545456 1.1940576270051106 2429.8086577781323 0.06818181818181818 t_swap_r_k 100 2357.640320301056 101.3118067513046 85.70401582025139 104.35208263552329 98.87029378993017 31.096952825226715 88.54051792288048 90.58859470412578
1.0316441852588265 2004.8393430966871 0.045454545454545456 1.197855525342239 2482.5036914986754 0.13636363636363638 t_multiswap_k 100 2360.094371318817 101.3118067513046 85.70401582025139 104.35208263552329 98.87029378993017 31.096952825226715 88.54051792288048 90.79270875708453
1.0316441852588265 2004.8393430966871 0.045454545454545456 1.1688589342150257 2409.1960832728364 0.13636363636363638 t_move_k 100 2362.1617312431335 101.36868868379156 85.70401582025139 104.35208263552329 98.87029378993017 31.096952825226715 88.54051792288048 90.79270875708453
1.0316441852588265 2004.8393430966871 0.045454545454545456 1.1593523807259367 2342.0687373697897 0.06818181818181818 t_multiswap_k 100 2362.958661556244 101.36868868379156 85.70401582025139 104.35208263552329 98.87029378993017 31.096952825226715 88.54051792288048 90.88478166951369
1.0316441852588265 2004.8393430966871 0.045454545454545456 1.2090756578044344 2482.1408927221028 0.09090909090909091 t_multiswap_k 100 2363.912700653076 101.36868868379156 85.70401582025139 104.35208263552329 98.87029378993017 31.096952825226715 88.54051792288048 91.11593385281854
1.0316441852588265 2004.8393430966871 0.045454545454545456 1.3992959876288866 2934.31667970588 0.045454545454545456 f_swap_t 100 2366.64697432518 101.36868868379156 85.70401582025139 104.35208263552329 99.10159085203087 31.096952825226715 88.54051792288048 91.11593385281854
1.0316441852588265 2004.8393430966871 0.045454545454545456 1.2466612527054661 2562.7982898070245 0.06818181818181818 t_multiswap_k 100 2368.5195400714874 101.36868868379156 85.70401582025139 104.35208263552329 99.10159085203087 31.096952825226715 88.54051792288048 91.38477451429036
1.0316441852588265 2004.8393430966871 0.045454545454545456 1.1913947820233544 2408.7121331801836 0.045454545454545456 f_swap_t 100 2371.6099302768707 101.36868868379156 85.70401582025139 104.35208263552329 99.11057494351056 31.096952825226715 88.54051792288048 91.38477451429036
1.0316441852588265 2004.8393430966871 0.045454545454545456 1.2862510062723647 2662.8869564888114 0.06818181818181818 f_swap_t 100 2374.147540807724 101.36868868379156 85.70401582025139 104.35208263552329 99.18946919407546 31.096952825226715 88.54051792288048 91.38477451429036
1.0316441852588265 2004.8393430966871 0.045454545454545456 1.301722838025122 2705.52755693387 0.045454545454545456 move_t 100 2376.0453696250916 101.36868868379156 85.95697566204888 104.35208263552329 99.18946919407546 31.096952825226715 88.54051792288048 91.38477451429036
1.0316441852588265 2004.8393430966871 0.045454545454545456 1.2393472738903564 2515.578556628406 0.022727272727272728 move_t 100 2377.786278486252 101.36868868379156 86.09740590542839 104.35208263552329 99.18946919407546 31.096952825226715 88.54051792288048 91.38477451429036
1.0316441852588265 2004.8393430966871 0.045454545454545456 1.2293992423479279 2504.792947510583 0.045454545454545456 t_move_k 100 2379.248039484024 101.61500179695365 86.09740590542839 104.35208263552329 99.18946919407546 31.096952825226715 88.54051792288048 91.38477451429036
1.0316441852588265 2004.8393430966871 0.045454545454545456 1.2037399635305674 2425.558086760777 0.022727272727272728 t_move_k 100 2381.4445385932922 101.62885177898411 86.09740590542839 104.35208263552329 99.18946919407546 31.096952825226715 88.54051792288048 91.38477451429036
1.0316441852588265 2004.8393430966871 0.045454545454545456 1.217026188665632 2459.1476001876676 0.022727272727272728 t_swap_k 100 2383.6755928993225 101.62885177898411 86.09740590542839 104.37856180916806 99.18946919407546 31.096952825226715 88.54051792288048 91.38477451429036
1.0316441852588265 2004.8393430966871 0.045454545454545456 1.190415426562623 2391.87171543694 0.022727272727272728 t_swap_k 100 2385.3828678131104 101.62885177898411 86.09740590542839 104.40477619107638 99.18946919407546 31.096952825226715 88.54051792288048 91.38477451429036
1.0316441852588265 2004.8393430966871 0.045454545454545456 1.1771941127872454 2358.4463073872794 0.022727272727272728 move_t 100 2387.12348818779 101.62885177898411 86.2364318463741 104.40477619107638 99.18946919407546 31.096952825226715 88.54051792288048 91.38477451429036
1.0316441852588265 2004.8393430966871 0.045454545454545456 1.1733614584050718 2348.756798552231 0.022727272727272728 t_swap_k 100 2389.5047419071198 101.62885177898411 86.2364318463741 104.39072842916562 99.18946919407546 31.096952825226715 88.54051792288048 91.38477451429036
1.0316441852588265 2004.8393430966871 0.045454545454545456 1.325698476832704 2748.251446583354 0.045454545454545456 f_swap_t 100 2392.7281305789948 101.62885177898411 86.2364318463741 104.39072842916562 99.32757450213471 31.096952825226715 88.54051792288048 91.38477451429036
1.0316441852588265 2004.8393430966871 0.045454545454545456 1.202735454831692 2423.018542376627 0.022727272727272728 t_move_k 100 2395.062919616699 101.73256326119427 86.2364318463741 104.39072842916562 99.32757450213471 31.096952825226715 88.54051792288048 91.38477451429036
1.0316441852588265 2004.8393430966871 0.045454545454545456 1.1568706799226751 2335.7946360652227 0.06818181818181818 t_swap_k 100 2397.424633026123 101.73256326119427 86.2364318463741 104.41682114487396 99.32757450213471 31.096952825226715 88.54051792288048 91.38477451429036
1.0316441852588265 2004.8393430966871 0.045454545454545456 1.1466646692680451 2281.2634249222433 0.022727272727272728 move_t 100 2399.0712971687317 101.73256326119427 86.37406752791036 104.41682114487396 99.32757450213471 31.096952825226715 88.54051792288048 91.38477451429036
1.0316441852588265 2004.8393430966871 0.045454545454545456 1.2016624671699905 2463.3992664271673 0.09090909090909091 t_move_k 100 2402.2742998600006 101.89523762858234 86.37406752791036 104.41682114487396 99.32757450213471 31.096952825226715 88.54051792288048 91.38477451429036
1.0316441852588265 2004.8393430966871 0.045454545454545456 1.1902553262788724 2391.466958587194 0.022727272727272728 t_swap_k 100 2404.60915017128 101.89523762858234 86.37406752791036 104.53265293342523 99.32757450213471 31.096952825226715 88.54051792288048 91.38477451429036
1.0316441852588265 2004.8393430966871 0.045454545454545456 1.2654279650329645 2501.504460735442 0.06818181818181818 swap_t 100 2406.4298174381256 101.89523762858234 86.37406752791036 104.53265293342523 99.32757450213471 31.79598329697445 88.54051792288048 91.38477451429036
1.0316441852588265 2004.8393430966871 0.045454545454545456 1.2001884446223319 2430.9437937863527 0.045454545454545456 t_swap_k 100 2408.4812290668488 101.89523762858234 86.37406752791036 104.64732640409098 99.32757450213471 31.79598329697445 88.54051792288048 91.38477451429036
1.0316441852588265 2004.8393430966871 0.045454545454545456 1.1912554382439289 2422.72431620921 0.06818181818181818 move_t 100 2409.594482898712 101.89523762858234 86.52032685263126 104.64732640409098 99.32757450213471 31.79598329697445 88.54051792288048 91.38477451429036
1.0316441852588265 2004.8393430966871 0.045454545454545456 1.1860608373562904 2380.862679301561 0.022727272727272728 t_swap_r_k 100 2410.841786623001 101.89523762858234 86.52032685263126 104.64732640409098 99.32757450213471 31.79598329697445 88.69511274365168 91.38477451429036
1.0316441852588265 2004.8393430966871 0.045454545454545456 1.2335869425371655 2515.3800638889556 0.045454545454545456 t_multiswap_k 100 2411.684910297394 101.89523762858234 86.52032685263126 104.64732640409098 99.32757450213471 31.79598329697445 88.69511274365168 91.48092676914746
1.0316441852588265 2004.8393430966871 0.045454545454545456 1.2454161497839225 2530.92155934293 0.022727272727272728 move_t 100 2413.434318780899 101.89523762858234 86.72512358410495 104.64732640409098 99.32757450213471 31.79598329697445 88.69511274365168 91.48092676914746
1.0316441852588265 2004.8393430966871 0.045454545454545456 1.2642655365888362 2540.8382083986303 0.022727272727272728 move_t 100 2415.549345254898 101.89523762858234 86.9678723482639 104.64732640409098 99.32757450213471 31.79598329697445 88.69511274365168 91.48092676914746
1.0316441852588265 2004.8393430966871 0.045454545454545456 1.174040904818833 2364.839002517096 0.045454545454545456 t_move_k 100 2417.555367231369 102.06628525229651 86.9678723482639 104.64732640409098 99.32757450213471 31.79598329697445 88.69511274365168 91.48092676914746
1.0316441852588265 2004.8393430966871 0.045454545454545456 1.157850326257559 2323.9068603589903 0.045454545454545456 t_move_k 100 2419.3223481178284 102.04562239977355 86.9678723482639 104.64732640409098 99.32757450213471 31.79598329697445 88.69511274365168 91.48092676914746
1.0316441852588265 2004.8393430966871 0.045454545454545456 1.1790688017929187 2377.550258814745 0.045454545454545456 f_swap_t 100 2421.2634975910187 102.04562239977355 86.9678723482639 104.64732640409098 99.34429875711336 31.79598329697445 88.69511274365168 91.48092676914746
1.0316441852588265 2004.8393430966871 0.045454545454545456 1.1476110306547855 2312.3848932488654 0.06818181818181818 t_swap_r_k 100 2422.8349707126617 102.04562239977355 86.9678723482639 104.64732640409098 99.34429875711336 31.79598329697445 88.87816161621517 91.48092676914746
1.0316441852588265 2004.8393430966871 0.045454545454545456 1.2545289876650665 2582.689070399569 0.06818181818181818 t_swap_k 100 2425.361380338669 102.04562239977355 86.9678723482639 104.73085314005007 99.34429875711336 31.79598329697445 88.87816161621517 91.48092676914746
1.0316441852588265 2004.8393430966871 0.045454545454545456 1.1794635384179941 2392.912674941258 0.06818181818181818 f_swap_t 100 2427.895387172699 102.04562239977355 86.9678723482639 104.73085314005007 99.35085576954224 31.79598329697445 88.87816161621517 91.48092676914746
1.0316441852588265 2004.8393430966871 0.045454545454545456 1.2179297583464193 2447.067491612749 0.0 f_swap_t 100 2430.2412991523743 102.04562239977355 86.9678723482639 104.73085314005007 99.3973472118468 31.79598329697445 88.87816161621517 91.48092676914746
1.0316441852588265 2004.8393430966871 0.045454545454545456 1.2710076070905554 2638.7138862512843 0.09090909090909091 t_swap_k 100 2432.6004762649536 102.04562239977355 86.9678723482639 104.81354460864958 99.3973472118468 31.79598329697445 88.87816161621517 91.48092676914746
1.0316441852588265 2004.8393430966871 0.045454545454545456 1.2928217189660702 2679.498675769932 0.06818181818181818 t_swap_k 100 2434.9715206623077 102.04562239977355 86.9678723482639 104.90540916256309 99.3973472118468 31.79598329697445 88.87816161621517 91.48092676914746
1.0316441852588265 2004.8393430966871 0.045454545454545456 1.2209755478193187 2454.7676912823626 0.0 t_swap_r_k 100 2436.7543454170227 102.04562239977355 86.9678723482639 104.90540916256309 99.3973472118468 31.79598329697445 89.02938000005301 91.48092676914746
1.0316441852588265 2004.8393430966871 0.045454545454545456 1.1980823527871465 2425.6192866929478 0.045454545454545456 move_t 100 2438.5671730041504 102.04562239977355 87.12819362478126 104.90540916256309 99.3973472118468 31.79598329697445 89.02938000005301 91.48092676914746
1.0316441852588265 2004.8393430966871 0.045454545454545456 1.1959113510402313 2405.7662134720963 0.022727272727272728 f_swap_t 100 2440.1057901382446 102.04562239977355 87.12819362478126 104.90540916256309 99.40337373972834 31.79598329697445 89.02938000005301 91.48092676914746
1.0316441852588265 2004.8393430966871 0.045454545454545456 1.1938387611132664 2414.8908684959797 0.045454545454545456 f_swap_t 100 2442.7496345043182 102.04562239977355 87.12819362478126 104.90540916256309 99.43934000233105 31.79598329697445 89.02938000005301 91.48092676914746
1.0316441852588265 2004.8393430966871 0.045454545454545456 1.1883003239558492 2400.8888922106253 0.045454545454545456 swap_t 100 2444.792130947113 102.04562239977355 87.12819362478126 104.90540916256309 99.43934000233105 32.47802346400471 89.02938000005301 91.48092676914746
1.0316441852588265 2004.8393430966871 0.045454545454545456 1.23965025263864 2530.708995469934 0.045454545454545456 f_swap_t 100 2447.2297592163086 102.04562239977355 87.12819362478126 104.90540916256309 99.48494660230774 32.47802346400471 89.02938000005301 91.48092676914746
1.0316441852588265 2004.8393430966871 0.045454545454545456 1.2360019155914184 2535.849932130235 0.06818181818181818 t_swap_k 100 2449.6544625759125 102.04562239977355 87.12819362478126 104.99635507093745 99.48494660230774 32.47802346400471 89.02938000005301 91.48092676914746
1.0316441852588265 2004.8393430966871 0.045454545454545456 1.3339884815847363 2812.3031799837945 0.11363636363636363 t_swap_k 100 2451.0348691940308 102.04562239977355 87.12819362478126 105.30639152022808 99.48494660230774 32.47802346400471 89.02938000005301 91.48092676914746
1.0316441852588265 2004.8393430966871 0.045454545454545456 1.2600875308270463 2596.741877594633 0.06818181818181818 t_multiswap_k 100 2452.2719774246216 102.04562239977355 87.12819362478126 105.30639152022808 99.48494660230774 32.47802346400471 89.02938000005301 91.69611750145599
1.0316441852588265 2004.8393430966871 0.045454545454545456 1.3116617303511255 2727.1289702251247 0.06818181818181818 t_swap_k 100 2454.334144115448 102.04562239977355 87.12819362478126 105.50332760502579 99.48494660230774 32.47802346400471 89.02938000005301 91.69611750145599
1.0316441852588265 2004.8393430966871 0.045454545454545456 1.2777887269395491 2684.5864743066613 0.13636363636363635 move_t 100 2455.699309825897 102.04562239977355 87.28691168853345 105.50332760502579 99.48494660230774 32.47802346400471 89.02938000005301 91.69611750145599
1.0316441852588265 2004.8393430966871 0.045454545454545456 1.2872806515163917 2636.7611209006877 0.022727272727272728 t_swap_r_k 100 2456.8835065364838 102.04562239977355 87.28691168853345 105.50332760502579 99.48494660230774 32.47802346400471 89.20908620005248 91.69611750145599
1.0316441852588265 2004.8393430966871 0.045454545454545456 1.2835262514320922 2641.63391474602 0.045454545454545456 f_swap_t 100 2458.614183664322 102.04562239977355 87.28691168853345 105.50332760502579 99.52009713628466 32.47802346400471 89.20908620005248 91.69611750145599
1.0316441852588265 2004.8393430966871 0.045454545454545456 1.2742039891481904 2618.0658771001936 0.045454545454545456 swap_t 100 2460.254865884781 102.04562239977355 87.28691168853345 105.50332760502579 99.52009713628466 33.15324322936466 89.20908620005248 91.69611750145599
1.0316441852588265 2004.8393430966871 0.045454545454545456 1.2742039891481904 2618.0658771001936 0.045454545454545456 swap_t 100 2462.34344625473 102.04562239977355 87.28691168853345 105.50332760502579 99.52009713628466 33.82171079707101 89.20908620005248 91.69611750145599
1.0316441852588265 2004.8393430966871 0.045454545454545456 1.2303281667150885 2521.5058680996385 0.06818181818181818 t_multiswap_k 100 2463.6359264850616 102.04562239977355 87.28691168853345 105.50332760502579 99.52009713628466 33.82171079707101 89.20908620005248 91.96915632644142
1.0316441852588265 2004.8393430966871 0.045454545454545456 1.2128848278349817 2463.0421008719936 0.045454545454545456 swap_t 100 2465.2181899547577 102.04562239977355 87.28691168853345 105.50332760502579 99.52009713628466 34.4834936891003 89.20908620005248 91.96915632644142
1.0316441852588265 2004.8393430966871 0.045454545454545456 1.2069068089892783 2447.928798015637 0.045454545454545456 t_multiswap_k 100 2466.2352187633514 102.04562239977355 87.28691168853345 105.50332760502579 99.52009713628466 34.4834936891003 89.20908620005248 92.079464763177
1.0316441852588265 2004.8393430966871 0.045454545454545456 1.2224022150663019 2487.1034428216826 0.045454545454545456 t_swap_k 100 2468.4278972148895 102.04562239977355 87.28691168853345 105.56829432897553 99.52009713628466 34.4834936891003 89.20908620005248 92.079464763177
1.0316441852588265 2004.8393430966871 0.045454545454545456 1.2613575350970332 2585.5881690640363 0.045454545454545456 f_swap_t 100 2471.2636380195618 102.04562239977355 87.28691168853345 105.56829432897553 99.71489616492181 34.4834936891003 89.20908620005248 92.079464763177
1.0316441852588265 2004.8393430966871 0.045454545454545456 1.226293866333498 2496.9421043800567 0.045454545454545456 t_swap_r_k 100 2472.8591871261597 102.04562239977355 87.28691168853345 105.56829432897553 99.71489616492181 34.4834936891003 89.35699533805196 92.079464763177
1.0316441852588265 2004.8393430966871 0.045454545454545456 1.2133413557240664 2464.1962699082897 0.045454545454545456 f_swap_t 100 2474.9651503562927 102.04562239977355 87.28691168853345 105.56829432897553 99.7477472032726 34.4834936891003 89.35699533805196 92.079464763177
1.0316441852588265 2004.8393430966871 0.045454545454545456 1.1843982074628605 2391.023773036284 0.045454545454545456 t_multiswap_k 100 2477.2852153778076 102.04562239977355 87.28691168853345 105.56829432897553 99.7477472032726 34.4834936891003 89.35699533805196 92.24867011554522
1.0316441852588265 2004.8393430966871 0.045454545454545456 1.2223667351474923 2487.0137444162197 0.045454545454545456 t_move_k 100 2478.4169583320618 102.14516617577581 87.28691168853345 105.56829432897553 99.7477472032726 34.4834936891003 89.35699533805196 92.24867011554522
1.0316441852588265 2004.8393430966871 0.045454545454545456 1.1882421937204346 2415.1063949146733 0.06818181818181818 swap_t 100 2480.0493540763855 102.14516617577581 87.28691168853345 105.56829432897553 99.7477472032726 35.138658752209295 89.35699533805196 92.24867011554522
1.0316441852588265 2004.8393430966871 0.045454545454545456 1.1821362263211839 2414.034083879061 0.09090909090909091 f_swap_t 100 2482.2000551223755 102.14516617577581 87.28691168853345 105.56829432897553 99.75026973123987 35.138658752209295 89.35699533805196 92.24867011554522
1.0316441852588265 2004.8393430966871 0.045454545454545456 1.1803994520385095 2409.6432653813818 0.09090909090909091 move_t 100 2483.255936861038 102.14516617577581 87.41404257164811 105.56829432897553 99.75026973123987 35.138658752209295 89.35699533805196 92.24867011554522
1.0316441852588265 2004.8393430966871 0.045454545454545456 1.183521375733329 2417.5359434595302 0.09090909090909091 t_swap_k 100 2485.5088922977448 102.14516617577581 87.41404257164811 105.81261138568577 99.75026973123987 35.138658752209295 89.35699533805196 92.24867011554522
1.0316441852588265 2004.8393430966871 0.045454545454545456 1.155189120809901 2345.907873974769 0.09090909090909091 swap_t 100 2486.7422938346863 102.14516617577581 87.41404257164811 105.81261138568577 99.75026973123987 35.7872721646872 89.35699533805196 92.24867011554522
1.0316441852588265 2004.8393430966871 0.045454545454545456 1.1933005784283581 2427.894728646634 0.06818181818181818 f_swap_t 100 2488.0045766830444 102.14516617577581 87.41404257164811 105.81261138568577 99.76276703392747 35.7872721646872 89.35699533805196 92.24867011554522
1.0316441852588265 2004.8393430966871 0.045454545454545456 1.1332701760739807 2290.493587296199 0.09090909090909091 t_multiswap_k 100 2489.388735294342 102.14516617577581 87.41404257164811 105.81261138568577 99.76276703392747 35.7872721646872 89.35699533805196 92.41618341438978
1.0316441852588265 2004.8393430966871 0.045454545454545456 1.1168322172964376 2248.9360318990857 0.09090909090909091 t_swap_r_k 100 2491.3084995746613 102.14516617577581 87.41404257164811 105.81261138568577 99.76276703392747 35.7872721646872 89.50342538467144 92.41618341438978
1.0316441852588265 2004.8393430966871 0.045454545454545456 1.1544337319012625 2343.998140726137 0.09090909090909091 move_t 100 2492.5257999897003 102.14516617577581 87.66990214593163 105.81261138568577 99.76276703392747 35.7872721646872 89.50342538467144 92.41618341438978
1.0316441852588265 2004.8393430966871 0.045454545454545456 1.1423002017972723 2313.3228083273243 0.09090909090909091 f_swap_t 100 2494.4859025478363 102.14516617577581 87.66990214593163 105.81261138568577 99.8051393635882 35.7872721646872 89.50342538467144 92.41618341438978
1.0316441852588265 2004.8393430966871 0.045454545454545456 1.1374786837718376 2301.133308088771 0.09090909090909091 t_swap_r_k 100 2495.333766937256 102.14516617577581 87.66990214593163 105.81261138568577 99.8051393635882 35.7872721646872 89.64839113082473 92.41618341438978
1.0316441852588265 2004.8393430966871 0.045454545454545456 1.1358986677715506 2297.1387973743413 0.09090909090909091 t_multiswap_k 100 2496.9785249233246 102.14516617577581 87.66990214593163 105.81261138568577 99.8051393635882 35.7872721646872 89.64839113082473 92.49202158024588
1.0316441852588265 2004.8393430966871 0.045454545454545456 1.1272844298782823 2275.3607485729003 0.09090909090909091 t_multiswap_k 100 2497.9753425121307 102.14516617577581 87.66990214593163 105.81261138568577 99.8051393635882 35.7872721646872 89.64839113082473 92.59710136444342
1.0316441852588265 2004.8393430966871 0.045454545454545456 1.1339960138656968 2292.32861101458 0.09090909090909091 f_swap_t 100 2500.318252801895 102.14516617577581 87.66990214593163 105.81261138568577 99.84708796995231 35.7872721646872 89.64839113082473 92.59710136444342
1.0316441852588265 2004.8393430966871 0.045454545454545456 1.112536765029948 2223.712038155167 0.06818181818181818 t_move_k 100 2501.9050517082214 102.12371451401806 87.66990214593163 105.81261138568577 99.84708796995231 35.7872721646872 89.64839113082473 92.59710136444342
1.0316441852588265 2004.8393430966871 0.045454545454545456 1.1107757838410353 2219.260021070692 0.06818181818181818 f_swap_t 100 2504.1798033714294 102.12371451401806 87.66990214593163 105.81261138568577 99.84861709025279 35.7872721646872 89.64839113082473 92.59710136444342
1.0316441852588265 2004.8393430966871 0.045454545454545456 1.1098120699656686 2216.8236119456596 0.06818181818181818 move_t 100 2505.1415452957153 102.12371451401806 87.82320312447231 105.81261138568577 99.84861709025279 35.7872721646872 89.64839113082473 92.59710136444342
1.0316441852588265 2004.8393430966871 0.045454545454545456 1.1746501676816246 2395.10823664768 0.09090909090909091 move_t 100 2506.376582145691 102.12371451401806 88.01497109322759 105.81261138568577 99.84861709025279 35.7872721646872 89.64839113082473 92.59710136444342
1.0316441852588265 2004.8393430966871 0.045454545454545456 1.144752013828193 2305.1568820486723 0.06818181818181818 t_multiswap_k 100 2507.6727256774902 102.12371451401806 88.01497109322759 105.81261138568577 99.84861709025279 35.7872721646872 89.64839113082473 92.70113035079899
1.0316441852588265 2004.8393430966871 0.045454545454545456 1.1434921699275031 2287.6073486518626 0.045454545454545456 move_t 100 2509.2886307239532 102.12371451401806 88.32482138229531 105.81261138568577 99.84861709025279 35.7872721646872 89.64839113082473 92.70113035079899
1.0316441852588265 2004.8393430966871 0.045454545454545456 1.3105064836615123 2709.8438738215286 0.045454545454545456 t_swap_k 100 2511.1442959308624 102.12371451401806 88.32482138229531 105.88448527182891 99.84861709025279 35.7872721646872 89.64839113082473 92.70113035079899
1.0316441852588265 2004.8393430966871 0.045454545454545456 1.2558304437778531 2571.6148767112454 0.045454545454545456 f_swap_t 100 2513.841391801834 102.12371451401806 88.32482138229531 105.88448527182891 100.02013091935027 35.7872721646872 89.64839113082473 92.70113035079899
1.0316441852588265 2004.8393430966871 0.045454545454545456 1.3234015929814635 2742.444589468037 0.045454545454545456 t_move_k 100 2516.5993633270264 102.26247736887788 88.32482138229531 105.88448527182891 100.02013091935027 35.7872721646872 89.64839113082473 92.70113035079899
1.0316441852588265 2004.8393430966871 0.045454545454545456 1.3717724668788407 2850.3687436625014 0.022727272727272728 t_multiswap_k 100 2518.1543600559235 102.26247736887788 88.32482138229531 105.88448527182891 100.02013091935027 35.7872721646872 89.64839113082473 93.084119047291
1.0316441852588265 2004.8393430966871 0.045454545454545456 1.2419191480077196 2536.4450936234102 0.045454545454545456 t_multiswap_k 100 2519.4487109184265 102.26247736887788 88.32482138229531 105.88448527182891 100.02013091935027 35.7872721646872 89.64839113082473 93.30327785681808
1.0316441852588265 2004.8393430966871 0.045454545454545456 1.1542116278260117 2314.70770043355 0.045454545454545456 t_swap_k 100 2521.5501840114594 102.26247736887788 88.32482138229531 105.85564041911061 100.02013091935027 35.7872721646872 89.64839113082473 93.30327785681808
1.0316441852588265 2004.8393430966871 0.045454545454545456 1.125616434264124 2228.0504193401925 0.022727272727272728 f_swap_t 100 2523.367744445801 102.26247736887788 88.32482138229531 105.85564041911061 100.01992961015677 35.7872721646872 89.64839113082473 93.30327785681808
1.0316441852588265 2004.8393430966871 0.045454545454545456 1.169435551693927 2353.1959986501543 0.045454545454545456 t_swap_k 100 2525.2297456264496 102.26247736887788 88.32482138229531 105.83708401491951 100.01992961015677 35.7872721646872 89.64839113082473 93.30327785681808
1.0316441852588265 2004.8393430966871 0.045454545454545456 1.1386243294410585 2275.300738481012 0.045454545454545456 t_swap_r_k 100 2526.7772216796875 102.26247736887788 88.32482138229531 105.83708401491951 100.01992961015677 35.7872721646872 89.82190721951649 93.30327785681808
1.0316441852588265 2004.8393430966871 0.045454545454545456 1.1386243294410585 2275.300738481012 0.045454545454545456 t_swap_r_k 100 2528.229194164276 102.26247736887788 88.32482138229531 105.83708401491951 100.01992961015677 35.7872721646872 89.96368814732132 93.30327785681808
1.0316441852588265 2004.8393430966871 0.045454545454545456 1.1386243294410585 2275.300738481012 0.045454545454545456 f_swap_t 100 2530.712797164917 102.26247736887788 88.32482138229531 105.83708401491951 100.0197303140552 35.7872721646872 89.96368814732132 93.30327785681808
1.0316441852588265 2004.8393430966871 0.045454545454545456 1.1700597681516474 2340.409644415414 0.022727272727272728 t_move_k 100 2532.4039685726166 102.3098525951891 88.32482138229531 105.83708401491951 100.0197303140552 35.7872721646872 89.96368814732132 93.30327785681808
1.0316441852588265 2004.8393430966871 0.045454545454545456 1.1493664654357252 2288.093959383947 0.022727272727272728 move_t 100 2533.5728948116302 102.3098525951891 88.44157316847236 105.83708401491951 100.0197303140552 35.7872721646872 89.96368814732132 93.30327785681808
1.0316441852588265 2004.8393430966871 0.045454545454545456 1.192896203551403 2412.5079456147264 0.045454545454545456 t_move_k 100 2535.376147031784 102.4567540692372 88.44157316847236 105.83708401491951 100.0197303140552 35.7872721646872 89.96368814732132 93.30327785681808
1.0316441852588265 2004.8393430966871 0.045454545454545456 1.2524035359782983 2562.951154369067 0.045454545454545456 t_swap_k 100 2537.6842687129974 102.4567540692372 88.44157316847236 106.05871317477032 100.0197303140552 35.7872721646872 89.96368814732132 93.30327785681808
1.0316441852588265 2004.8393430966871 0.045454545454545456 1.1619290575602097 2348.5829519222107 0.06818181818181818 t_move_k 100 2540.0685834884644 102.52218652854484 88.44157316847236 106.05871317477032 100.0197303140552 35.7872721646872 89.96368814732132 93.30327785681808
1.0316441852588265 2004.8393430966871 0.045454545454545456 1.1280582121642004 2262.952518549015 0.06818181818181818 swap_t 100 2541.7882177829742 102.52218652854484 88.44157316847236 106.05871317477032 100.0197303140552 36.42939944304033 89.96368814732132 93.30327785681808
1.0316441852588265 2004.8393430966871 0.045454545454545456 1.161239475992369 2318.1106603999106 0.022727272727272728 move_t 100 2543.537183523178 102.52218652854484 88.59715743678764 106.05871317477032 100.0197303140552 36.42939944304033 89.96368814732132 93.30327785681808
1.0316441852588265 2004.8393430966871 0.045454545454545456 1.1480929321117104 2284.874281540788 0.022727272727272728 t_multiswap_k 100 2544.9446659088135 102.52218652854484 88.59715743678764 106.05871317477032 100.0197303140552 36.42939944304033 89.96368814732132 93.6002450782499
1.0316441852588265 2004.8393430966871 0.045454545454545456 1.1028035887741747 2170.376221281639 0.022727272727272728 t_multiswap_k 100 2547.430294752121 102.52218652854484 88.59715743678764 106.05871317477032 100.0197303140552 36.42939944304033 89.96368814732132 93.6642426274674
1.0316441852588265 2004.8393430966871 0.045454545454545456 1.0891409398967808 2150.199518186394 0.045454545454545456 t_swap_r_k 100 2548.885189771652 102.52218652854484 88.59715743678764 106.05871317477032 100.0197303140552 36.42939944304033 90.10405126584811 93.6642426274674
1.0316441852588265 2004.8393430966871 0.045454545454545456 1.2743390239654464 2618.4072647976923 0.045454545454545456 t_swap_k 100 2551.280166864395 102.52218652854484 88.59715743678764 106.21812604302262 100.0197303140552 36.42939944304033 90.10405126584811 93.6642426274674
1.0316441852588265 2004.8393430966871 0.045454545454545456 1.3504129506139488 2634.9722100174404 0.045454545454545456 swap_t 100 2553.858649969101 102.52218652854484 88.59715743678764 106.21812604302262 100.0197303140552 37.25510544860993 90.10405126584811 93.6642426274674
1.0316441852588265 2004.8393430966871 0.045454545454545456 1.26148124505157 2600.2653902689995 0.06818181818181818 t_multiswap_k 100 2555.8035299777985 102.52218652854484 88.59715743678764 106.21812604302262 100.0197303140552 37.25510544860993 90.10405126584811 93.85760020119272
1.0316441852588265 2004.8393430966871 0.045454545454545456 1.2592220942053935 2580.1894632786907 0.045454545454545456 move_t 100 2556.661241054535 102.52218652854484 88.75118586241976 106.21812604302262 100.0197303140552 37.25510544860993 90.10405126584811 93.85760020119272
1.0316441852588265 2004.8393430966871 0.045454545454545456 1.231187805180003 2509.314695008619 0.045454545454545456 t_multiswap_k 100 2558.1844024658203 102.52218652854484 88.75118586241976 106.21812604302262 100.0197303140552 37.25510544860993 90.10405126584811 94.01902419918079
1.0316441852588265 2004.8393430966871 0.045454545454545456 1.176313797339337 2384.9496704627645 0.06818181818181818 t_swap_r_k 100 2559.9100410938263 102.52218652854484 88.75118586241976 106.21812604302262 100.0197303140552 37.25510544860993 90.27301075318964 94.01902419918079
1.0316441852588265 2004.8393430966871 0.045454545454545456 1.3001592550624068 2712.413500777781 0.09090909090909091 t_swap_k 100 2561.529499769211 102.52218652854484 88.75118586241976 106.4059447825924 100.0197303140552 37.25510544860993 90.27301075318964 94.01902419918079
1.0316441852588265 2004.8393430966871 0.045454545454545456 1.2395321139334903 2544.7747880170787 0.06818181818181818 t_move_k 100 2562.63458442688 102.61696466325938 88.75118586241976 106.4059447825924 100.0197303140552 37.25510544860993 90.27301075318964 94.01902419918079
1.0316441852588265 2004.8393430966871 0.045454545454545456 1.2119050545117969 2474.9295555332938 0.06818181818181818 t_move_k 100 2565.0893366336823 102.66079501662679 88.75118586241976 106.4059447825924 100.0197303140552 37.25510544860993 90.27301075318964 94.01902419918079
1.0316441852588265 2004.8393430966871 0.045454545454545456 1.1991125173221664 2442.58815718072 0.06818181818181818 t_swap_k 100 2566.969208717346 102.66079501662679 88.75118586241976 106.34188533476647 100.0197303140552 37.25510544860993 90.27301075318964 94.01902419918079
1.0316441852588265 2004.8393430966871 0.045454545454545456 1.1927779817582358 2426.573528103254 0.06818181818181818 f_swap_t 100 2568.858409166336 102.66079501662679 88.75118586241976 106.34188533476647 100.04953301091464 37.25510544860993 90.27301075318964 94.01902419918079
1.0316441852588265 2004.8393430966871 0.045454545454545456 1.3243630380319702 2773.6041914948973 0.09090909090909091 move_t 100 2570.550283908844 102.66079501662679 88.91367400379556 106.34188533476647 100.04953301091464 37.25510544860993 90.27301075318964 94.01902419918079
1.0316441852588265 2004.8393430966871 0.045454545454545456 1.2332571891469424 2543.275328083153 0.09090909090909091 t_multiswap_k 100 2571.948849439621 102.66079501662679 88.91367400379556 106.34188533476647 100.04953301091464 37.25510544860993 90.27301075318964 94.16883395718898
1.0316441852588265 2004.8393430966871 0.045454545454545456 1.2315801733223757 2625.404312221969 0.045454545454545456 swap_t 100 2574.22940993309 102.66079501662679 88.91367400379556 106.34188533476647 100.04953301091464 37.922554394123836 90.27301075318964 94.16883395718898
1.0316441852588265 2004.8393430966871 0.045454545454545456 1.1587428305834557 2369.2566345977325 0.11363636363636365 t_swap_r_k 100 2575.4934554100037 102.66079501662679 88.91367400379556 106.34188533476647 100.04953301091464 37.922554394123836 90.44028064565774 94.16883395718898
1.0316441852588265 2004.8393430966871 0.045454545454545456 1.1530935811525138 2340.610044324673 0.09090909090909091 move_t 100 2576.698442220688 102.66079501662679 89.02453726375761 106.34188533476647 100.04953301091464 37.922554394123836 90.44028064565774 94.16883395718898
1.0316441852588265 2004.8393430966871 0.045454545454545456 1.259179332063883 2580.0813543529553 0.045454545454545456 t_multiswap_k 100 2578.470153570175 102.66079501662679 89.02453726375761 106.34188533476647 100.04953301091464 37.922554394123836 90.44028064565774 94.3371456176171
1.0316441852588265 2004.8393430966871 0.045454545454545456 1.2370345716820355 2538.460637222805 0.06818181818181818 t_move_k 100 2579.33909034729 102.63418706646053 89.02453726375761 106.34188533476647 100.04953301091464 37.922554394123836 90.44028064565774 94.3371456176171
1.0316441852588265 2004.8393430966871 0.045454545454545456 1.2863714945328653 2648.827103960009 0.045454545454545456 f_swap_t 100 2581.49795293808 102.63418706646053 89.02453726375761 106.34188533476647 100.0690376808055 37.922554394123836 90.44028064565774 94.3371456176171
1.0316441852588265 2004.8393430966871 0.045454545454545456 1.2991041151284497 2681.0170244308115 0.045454545454545456 t_swap_k 100 2582.906208753586 102.63418706646053 89.02453726375761 106.39846648141881 100.0690376808055 37.922554394123836 90.44028064565774 94.3371456176171
1.0316441852588265 2004.8393430966871 0.045454545454545456 1.3333807414241985 2782.037795466422 0.06818181818181818 t_multiswap_k 100 2584.901329755783 102.63418706646053 89.02453726375761 106.39846648141881 100.0690376808055 37.922554394123836 90.44028064565774 94.76377416144092
1.0316441852588265 2004.8393430966871 0.045454545454545456 1.2677547613716076 2630.4902182160467 0.09090909090909091 swap_t 100 2587.1623198986053 102.63418706646053 89.02453726375761 106.39846648141881 100.0690376808055 38.5733288501826 90.44028064565774 94.76377416144092
1.0316441852588265 2004.8393430966871 0.045454545454545456 1.2599372605172205 2625.0909011732765 0.11363636363636363 t_swap_r_k 100 2588.7232229709625 102.63418706646053 89.02453726375761 106.39846648141881 100.0690376808055 38.5733288501826 90.57587783920115 94.76377416144092
1.0316441852588265 2004.8393430966871 0.045454545454545456 1.2599372605172205 2625.0909011732765 0.11363636363636363 swap_t 100 2590.9411628246307 102.63418706646053 89.02453726375761 106.39846648141881 100.0690376808055 39.18759556168077 90.57587783920115 94.76377416144092
1.0316441852588265 2004.8393430966871 0.045454545454545456 1.2599372605172205 2625.0909011732765 0.11363636363636363 f_swap_t 100 2593.900585412979 102.63418706646053 89.02453726375761 106.39846648141881 100.06834730399744 39.18759556168077 90.57587783920115 94.76377416144092
1.0316441852588265 2004.8393430966871 0.045454545454545456 1.2390338851722045 2572.24412192025 0.11363636363636363 t_move_k 100 2596.221343278885 102.74784519579592 89.02453726375761 106.39846648141881 100.06834730399744 39.18759556168077 90.57587783920115 94.76377416144092
1.0316441852588265 2004.8393430966871 0.045454545454545456 1.2333520669903861 2572.24412192025 0.13636363636363635 t_swap_r_k 100 2597.503402709961 102.74784519579592 89.02453726375761 106.39846648141881 100.06834730399744 39.18759556168077 90.74011906080915 94.76377416144092
1.0316441852588265 2004.8393430966871 0.045454545454545456 1.2616843991577706 2586.414529045542 0.045454545454545456 t_multiswap_k 100 2599.0564312934875 102.74784519579592 89.02453726375761 106.39846648141881 100.06834730399744 39.18759556168077 90.74011906080915 94.94613641982652
1.0316441852588265 2004.8393430966871 0.045454545454545456 1.237098949636009 2524.2589296617934 0.045454545454545456 t_swap_r_k 100 2601.073657274246 102.74784519579592 89.02453726375761 106.39846648141881 100.06834730399744 39.18759556168077 90.87271787020106 94.94613641982652
1.0316441852588265 2004.8393430966871 0.045454545454545456 1.322596701735665 2740.409707096776 0.045454545454545456 t_swap_k 100 2603.3761117458344 102.74784519579592 89.02453726375761 106.48448181660461 100.06834730399744 39.18759556168077 90.87271787020106 94.94613641982652
1.0316441852588265 2004.8393430966871 0.045454545454545456 1.3240957072860269 2744.199411587631 0.045454545454545456 f_swap_t 100 2604.9679040908813 102.74784519579592 89.02453726375761 106.48448181660461 100.13766383095746 39.18759556168077 90.87271787020106 94.94613641982652
1.0316441852588265 2004.8393430966871 0.045454545454545456 1.2634085766968108 2590.773501139511 0.045454545454545456 t_swap_r_k 100 2605.900822877884 102.74784519579592 89.02453726375761 106.48448181660461 100.13766383095746 39.18759556168077 91.00399069149904 94.94613641982652
1.0316441852588265 2004.8393430966871 0.045454545454545456 1.251725237802003 2561.236317726718 0.045454545454545456 swap_t 100 2607.122702360153 102.74784519579592 89.02453726375761 106.48448181660461 100.13766383095746 39.79571960606396 91.00399069149904 94.94613641982652
1.0316441852588265 2004.8393430966871 0.045454545454545456 1.2273281388888742 2485.1924317202534 0.022727272727272728 t_multiswap_k 100 2609.184318780899 102.74784519579592 89.02453726375761 106.48448181660461 100.13766383095746 39.79571960606396 91.00399069149904 95.11667505562825
1.0316441852588265 2004.8393430966871 0.045454545454545456 1.22654844303498 2497.5857113824736 0.045454545454545456 t_multiswap_k 100 2611.0688874721527 102.74784519579592 89.02453726375761 106.48448181660461 100.13766383095746 39.79571960606396 91.00399069149904 95.23550830507196
1.0316441852588265 2004.8393430966871 0.045454545454545456 1.353504000420732 2818.547862488342 0.045454545454545456 t_swap_k 100 2613.5188715457916 102.74784519579592 89.02453726375761 106.69963699843856 100.13766383095746 39.79571960606396 91.00399069149904 95.23550830507196
1.0316441852588265 2004.8393430966871 0.045454545454545456 1.3778225795161418 2894.3932389524243 0.06818181818181818 t_multiswap_k 100 2615.438509941101 102.74784519579592 89.02453726375761 106.69963699843856 100.13766383095746 39.79571960606396 91.00399069149904 95.56315322202124
1.0316441852588265 2004.8393430966871 0.045454545454545456 1.2745878858802788 2647.765352808331 0.09090909090909091 t_move_k 100 2618.1017894744873 102.84036674383796 89.02453726375761 106.69963699843856 100.13766383095746 39.79571960606396 91.00399069149904 95.56315322202124
1.0316441852588265 2004.8393430966871 0.045454545454545456 1.2565414783186413 2587.776940064771 0.06818181818181818 t_swap_k 100 2620.724740743637 102.84036674383796 89.02453726375761 106.66264062845418 100.13766383095746 39.79571960606396 91.00399069149904 95.56315322202124
1.0316441852588265 2004.8393430966871 0.045454545454545456 1.2565414783186413 2587.776940064771 0.06818181818181818 f_swap_t 100 2623.4463052749634 102.84036674383796 89.02453726375761 106.66264062845418 100.13628719264788 39.79571960606396 91.00399069149904 95.56315322202124
1.0316441852588265 2004.8393430966871 0.045454545454545456 1.2210656878051982 2498.0889715359217 0.06818181818181818 t_move_k 100 2626.194172143936 103.00196307639958 89.02453726375761 106.66264062845418 100.13628719264788 39.79571960606396 91.00399069149904 95.56315322202124
1.0316441852588265 2004.8393430966871 0.045454545454545456 1.2710723183714152 2595.7840925674946 0.022727272727272728 t_multiswap_k 100 2627.128961086273 103.00196307639958 89.02453726375761 106.66264062845418 100.13628719264788 39.79571960606396 91.00399069149904 95.68752168980103
1.0316441852588265 2004.8393430966871 0.045454545454545456 1.1934057416000994 2413.796132060027 0.045454545454545456 t_swap_r_k 100 2627.7809143066406 103.00196307639958 89.02453726375761 106.66264062845418 100.13628719264788 39.79571960606396 91.16395078458405 95.68752168980103
1.0316441852588265 2004.8393430966871 0.045454545454545456 1.208604884450376 2480.950709074271 0.09090909090909091 t_swap_k 100 2630.3321347236633 103.00196307639958 89.02453726375761 106.78601422216964 100.13628719264788 39.79571960606396 91.16395078458405 95.68752168980103
1.0316441852588265 2004.8393430966871 0.045454545454545456 1.1974868328564887 2438.478189930229 0.06818181818181818 f_swap_t 100 2634.52459192276 103.00196307639958 89.02453726375761 106.78601422216964 100.13492432072141 39.79571960606396 91.16395078458405 95.68752168980103
1.0316441852588265 2004.8393430966871 0.045454545454545456 1.1934898831951717 2428.373318685718 0.06818181818181818 t_swap_r_k 100 2635.2075502872467 103.00196307639958 89.02453726375761 106.78601422216964 100.13492432072141 39.79571960606396 91.2923112767382 95.68752168980103
1.0316441852588265 2004.8393430966871 0.045454545454545456 1.2812672114076442 2664.651661161778 0.09090909090909091 t_swap_k 100 2636.551790714264 103.00196307639958 89.02453726375761 106.79815407994795 100.13492432072141 39.79571960606396 91.2923112767382 95.68752168980103
1.0316441852588265 2004.8393430966871 0.045454545454545456 1.230676774510272 2522.3871994106767 0.06818181818181818 t_multiswap_k 100 2637.3735914230347 103.00196307639958 89.02453726375761 106.79815407994795 100.13492432072141 39.79571960606396 91.2923112767382 95.92064647290302
1.0316441852588265 2004.8393430966871 0.045454545454545456 1.212884317086341 2477.4052740358575 0.06818181818181818 move_t 100 2638.913079023361 103.00196307639958 89.13429189112003 106.79815407994795 100.13492432072141 39.79571960606396 91.2923112767382 95.92064647290302
1.0316441852588265 2004.8393430966871 0.045454545454545456 1.2977673594163797 2677.637511176851 0.045454545454545456 t_move_k 100 2640.9329302310944 103.17194344563558 89.13429189112003 106.79815407994795 100.13492432072141 39.79571960606396 91.2923112767382 95.92064647290302
1.0316441852588265 2004.8393430966871 0.045454545454545456 1.2734669488557306 2644.931460649045 0.09090909090909091 t_swap_k 100 2643.1712124347687 103.17194344563558 89.13429189112003 106.89017253914847 100.13492432072141 39.79571960606396 91.2923112767382 95.92064647290302
1.0316441852588265 2004.8393430966871 0.045454545454545456 1.2589519501298776 2608.23542850771 0.09090909090909091 t_swap_k 100 2645.1044676303864 103.17194344563558 89.13429189112003 106.82127081375698 100.13492432072141 39.79571960606396 91.2923112767382 95.92064647290302
1.0316441852588265 2004.8393430966871 0.045454545454545456 1.266571805021639 2627.4995321636306 0.09090909090909091 t_multiswap_k 100 2647.075170278549 103.17194344563558 89.13429189112003 106.82127081375698 100.13492432072141 39.79571960606396 91.2923112767382 96.34144000817399
1.0316441852588265 2004.8393430966871 0.045454545454545456 1.2418111039688249 2550.5364069580073 0.06818181818181818 t_move_k 100 2648.8270506858826 103.27022401117922 89.13429189112003 106.82127081375698 100.13492432072141 39.79571960606396 91.2923112767382 96.34144000817399
1.0316441852588265 2004.8393430966871 0.045454545454545456 1.2173820073766535 2503.1405549774236 0.09090909090909091 swap_t 100 2650.8606293201447 103.27022401117922 89.13429189112003 106.82127081375698 100.13492432072141 40.397762410003324 91.2923112767382 96.34144000817399
1.0316441852588265 2004.8393430966871 0.045454545454545456 1.3803895318921904 2886.5184042463843 0.045454545454545456 f_swap_t 100 2654.0114164352417 103.27022401117922 89.13429189112003 106.82127081375698 100.3535750775142 40.397762410003324 91.2923112767382 96.34144000817399
1.0316441852588265 2004.8393430966871 0.045454545454545456 1.2411527624653318 2534.5075592820513 0.045454545454545456 t_swap_k 100 2656.7726197242737 103.27022401117922 89.13429189112003 106.81305810561942 100.3535750775142 40.397762410003324 91.2923112767382 96.34144000817399
1.0316441852588265 2004.8393430966871 0.045454545454545456 1.2856054037384288 2646.890314784427 0.045454545454545456 move_t 100 2658.503849029541 103.27022401117922 89.31294897220883 106.81305810561942 100.3535750775142 40.397762410003324 91.2923112767382 96.34144000817399
1.0316441852588265 2004.8393430966871 0.045454545454545456 1.379675391026506 2870.3484876508164 0.022727272727272728 f_swap_t 100 2661.585429906845 103.27022401117922 89.31294897220883 106.81305810561942 100.48003932673905 40.397762410003324 91.2923112767382 96.34144000817399
1.0316441852588265 2004.8393430966871 0.045454545454545456 1.320815288234285 2707.1771053269304 0.0 t_move_k 100 2663.5983152389526 103.54752177106744 89.31294897220883 106.81305810561942 100.48003932673905 40.397762410003324 91.2923112767382 96.34144000817399
1.0316441852588265 2004.8393430966871 0.045454545454545456 1.2665069690397242 2612.9711529415313 0.06818181818181818 f_swap_t 100 2665.5043807029724 103.54752177106744 89.31294897220883 106.81305810561942 100.47523893347166 40.397762410003324 91.2923112767382 96.34144000817399
1.0316441852588265 2004.8393430966871 0.045454545454545456 1.2663268822046674 2598.151402766454 0.045454545454545456 move_t 100 2666.896215438843 103.54752177106744 89.48981948248674 106.81305810561942 100.47523893347166 40.397762410003324 91.2923112767382 96.34144000817399
1.0316441852588265 2004.8393430966871 0.045454545454545456 1.297784043633866 2663.31522689929 0.022727272727272728 f_swap_t 100 2669.9949650764465 103.54752177106744 89.48981948248674 106.81305810561942 100.52048654413694 40.397762410003324 91.2923112767382 96.34144000817399
1.0316441852588265 2004.8393430966871 0.045454545454545456 1.2598222278532256 2567.342224190813 0.022727272727272728 f_swap_t 100 2672.6112220287323 103.54752177106744 89.48981948248674 106.81305810561942 100.57528167869557 40.397762410003324 91.2923112767382 96.34144000817399
1.0316441852588265 2004.8393430966871 0.045454545454545456 1.2369830916954578 2495.2370950816467 0.0 t_swap_k 100 2674.8018414974213 103.54752177106744 89.48981948248674 106.77492752456322 100.57528167869557 40.397762410003324 91.2923112767382 96.34144000817399
1.0316441852588265 2004.8393430966871 0.045454545454545456 1.2512079313807816 2545.564027292678 0.022727272727272728 t_swap_k 100 2676.7331759929657 103.54752177106744 89.48981948248674 106.9671782493176 100.57528167869557 40.397762410003324 91.2923112767382 96.34144000817399
1.0316441852588265 2004.8393430966871 0.045454545454545456 1.2287395461341717 2503.1251393405146 0.045454545454545456 t_swap_r_k 100 2677.6132547855377 103.54752177106744 89.48981948248674 106.9671782493176 100.57528167869557 40.397762410003324 91.44938816397082 96.34144000817399
1.0316441852588265 2004.8393430966871 0.045454545454545456 1.216689994348699 2472.662116369604 0.045454545454545456 t_multiswap_k 100 2678.5310356616974 103.54752177106744 89.48981948248674 106.9671782493176 100.57528167869557 40.397762410003324 91.44938816397082 96.44802560809225
1.0316441852588265 2004.8393430966871 0.045454545454545456 1.1782288439051423 2361.0622584512193 0.022727272727272728 t_multiswap_k 100 2679.536375761032 103.54752177106744 89.48981948248674 106.9671782493176 100.57528167869557 40.397762410003324 91.44938816397082 96.73354535201133
1.0316441852588265 2004.8393430966871 0.045454545454545456 1.1536221999991618 2284.488612164512 0.0 swap_t 100 2681.5969705581665 103.54752177106744 89.48981948248674 106.9671782493176 100.57528167869557 40.99378478590329 91.44938816397082 96.73354535201133
1.0316441852588265 2004.8393430966871 0.045454545454545456 1.139912909172045 2249.829527012079 0.0 move_t 100 2682.529284954071 103.54752177106744 89.62492128766188 106.9671782493176 100.57528167869557 40.99378478590329 91.44938816397082 96.73354535201133
1.0316441852588265 2004.8393430966871 0.045454545454545456 1.1349457640528058 2237.2718602572327 0.0 t_swap_r_k 100 2683.784330844879 103.54752177106744 89.62492128766188 106.9671782493176 100.57528167869557 40.99378478590329 91.57489428233112 96.73354535201133
1.0316441852588265 2004.8393430966871 0.045454545454545456 1.1343679216406555 2235.8109904266944 0.0 t_multiswap_k 100 2685.07861661911 103.54752177106744 89.62492128766188 106.9671782493176 100.57528167869557 40.99378478590329 91.57489428233112 96.76620989849123
1.0316441852588265 2004.8393430966871 0.045454545454545456 1.1343679216406555 2235.8109904266944 0.0 swap_t 100 2686.4054753780365 103.54752177106744 89.62492128766188 106.9671782493176 100.57528167869557 41.58384693804425 91.57489428233112 96.76620989849123
1.0316441852588265 2004.8393430966871 0.045454545454545456 1.1343679216406555 2235.8109904266944 0.0 f_swap_t 100 2688.3885538578033 103.54752177106744 89.62492128766188 106.9671782493176 100.56952886190862 41.58384693804425 91.57489428233112 96.76620989849123
1.0316441852588265 2004.8393430966871 0.045454545454545456 1.1343679216406555 2235.8109904266944 0.0 t_swap_r_k 100 2689.671919822693 103.54752177106744 89.62492128766188 106.9671782493176 100.56952886190862 41.58384693804425 91.69914533950781 96.76620989849123
1.0316441852588265 2004.8393430966871 0.045454545454545456 1.1335453867662 2233.7315023908723 0.0 t_multiswap_k 100 2690.9905536174774 103.54752177106744 89.62492128766188 106.9671782493176 100.56952886190862 41.58384693804425 91.69914533950781 96.82854779950631
1.0316441852588265 2004.8393430966871 0.045454545454545456 1.1163985886617083 2219.1108266933275 0.045454545454545456 move_t 100 2692.516936779022 103.54752177106744 89.72867207478525 106.9671782493176 100.56952886190862 41.58384693804425 91.69914533950781 96.82854779950631
1.0316441852588265 2004.8393430966871 0.045454545454545456 1.1099698928181827 2217.222611117336 0.06818181818181818 t_multiswap_k 100 2694.188364505768 103.54752177106744 89.72867207478525 106.9671782493176 100.56952886190862 41.58384693804425 91.69914533950781 96.86026232151124
1.0316441852588265 2004.8393430966871 0.045454545454545456 1.139714662974249 2292.4217249649673 0.06818181818181818 t_swap_k 100 2696.119029521942 103.54752177106744 89.72867207478525 106.96750646682442 100.56952886190862 41.58384693804425 91.69914533950781 96.86026232151124
1.0316441852588265 2004.8393430966871 0.045454545454545456 1.1340328447924308 2292.4217249649673 0.09090909090909091 t_swap_r_k 100 2696.848481655121 103.54752177106744 89.72867207478525 106.96750646682442 100.56952886190862 41.58384693804425 91.85215388611273 96.86026232151124
1.0316441852588265 2004.8393430966871 0.045454545454545456 1.1229321410801267 2264.357528204646 0.09090909090909091 t_move_k 100 2697.9471900463104 103.57204655335676 89.72867207478525 106.96750646682442 100.56952886190862 41.58384693804425 91.85215388611273 96.86026232151124
1.0316441852588265 2004.8393430966871 0.045454545454545456 1.154218904986121 2300.3616337439903 0.022727272727272728 t_multiswap_k 100 2698.8454270362854 103.57204655335676 89.72867207478525 106.96750646682442 100.56952886190862 41.58384693804425 91.85215388611273 96.93165969829613
1.0316441852588265 2004.8393430966871 0.045454545454545456 1.169909760341967 2340.0304028109567 0.022727272727272728 t_multiswap_k 100 2699.902639389038 103.57204655335676 89.72867207478525 106.96750646682442 100.56952886190862 41.58384693804425 91.85215388611273 97.06234310131317
1.0316441852588265 2004.8393430966871 0.045454545454545456 1.1634398914813338 2323.6736314364507 0.022727272727272728 swap_t 100 2701.3377118110657 103.57204655335676 89.72867207478525 106.96750646682442 100.56952886190862 42.168008468663814 91.85215388611273 97.06234310131317
1.0316441852588265 2004.8393430966871 0.045454545454545456 1.3161077238773982 2724.004625391378 0.045454545454545456 t_swap_k 100 2703.7966299057007 103.57204655335676 89.72867207478525 107.17783140215617 100.56952886190862 42.168008468663814 91.85215388611273 97.06234310131317
1.0316441852588265 2004.8393430966871 0.045454545454545456 1.270236848811973 2579.307439352111 0.0 t_swap_k 100 2705.521652698517 103.57204655335676 89.72867207478525 107.1960530881346 100.56952886190862 42.168008468663814 91.85215388611273 97.06234310131317
1.0316441852588265 2004.8393430966871 0.045454545454545456 1.2401624629635297 2517.6394734080372 0.022727272727272728 t_multiswap_k 100 2706.509481191635 103.57204655335676 89.72867207478525 107.1960530881346 100.56952886190862 42.168008468663814 91.85215388611273 97.12171967030004
1.0316441852588265 2004.8393430966871 0.045454545454545456 1.2197376651127658 2466.0026078065994 0.022727272727272728 t_swap_r_k 100 2707.3313903808594 103.57204655335676 89.72867207478525 107.1960530881346 100.56952886190862 42.168008468663814 92.00363234725161 97.12171967030004
1.0316441852588265 2004.8393430966871 0.045454545454545456 1.2197376651127658 2466.0026078065994 0.022727272727272728 move_t 100 2708.834503173828 103.57204655335676 89.8313853540374 107.1960530881346 100.56952886190862 42.168008468663814 92.00363234725161 97.12171967030004
1.0316441852588265 2004.8393430966871 0.045454545454545456 1.2197376651127658 2466.0026078065994 0.022727272727272728 t_swap_r_k 100 2710.121109485626 103.57204655335676 89.8313853540374 107.1960530881346 100.56952886190862 42.168008468663814 92.1235960237791 97.12171967030004
1.0316441852588265 2004.8393430966871 0.045454545454545456 1.2661191424769107 2583.2617420486017 0.022727272727272728 f_swap_t 100 2713.245455980301 103.57204655335676 89.8313853540374 107.1960530881346 100.63383357328954 42.168008468663814 92.1235960237791 97.12171967030004
1.0316441852588265 2004.8393430966871 0.045454545454545456 1.231579560088631 2510.3051085105467 0.045454545454545456 t_swap_r_k 100 2714.6529564857483 103.57204655335676 89.8313853540374 107.1960530881346 100.63383357328954 42.168008468663814 92.24236006354131 97.12171967030004
1.0316441852588265 2004.8393430966871 0.045454545454545456 1.224885592841802 2493.381783756465 0.045454545454545456 t_swap_r_k 100 2715.915619134903 103.57204655335676 89.8313853540374 107.1960530881346 100.63383357328954 42.168008468663814 92.35993646290589 97.12171967030004
1.0316441852588265 2004.8393430966871 0.045454545454545456 1.224885592841802 2493.381783756465 0.045454545454545456 t_swap_k 100 2718.3986768722534 103.57204655335676 89.8313853540374 107.12409255725326 100.63383357328954 42.168008468663814 92.35993646290589 97.12171967030004
1.0316441852588265 2004.8393430966871 0.045454545454545456 1.224885592841802 2493.381783756465 0.045454545454545456 t_multiswap_k 100 2720.036564350128 103.57204655335676 89.8313853540374 107.12409255725326 100.63383357328954 42.168008468663814 92.35993646290589 97.15050247359704
1.0316441852588265 2004.8393430966871 0.045454545454545456 1.3045975226809363 2709.269623723315 0.06818181818181818 f_swap_t 100 2722.3766419887543 103.57204655335676 89.8313853540374 107.12409255725326 100.72749523755664 42.168008468663814 92.35993646290589 97.15050247359704
1.0316441852588265 2004.8393430966871 0.045454545454545456 1.2201175688477806 2495.69198863621 0.06818181818181818 move_t 100 2724.094546318054 103.57204655335676 89.96307150049702 107.12409255725326 100.72749523755664 42.168008468663814 92.35993646290589 97.15050247359704
1.0316441852588265 2004.8393430966871 0.045454545454545456 1.2490991801967588 2583.326190210435 0.09090909090909091 f_swap_t 100 2727.641744852066 103.57204655335676 89.96307150049702 107.12409255725326 100.83022028518107 42.168008468663814 92.35993646290589 97.15050247359704
1.0316441852588265 2004.8393430966871 0.045454545454545456 1.2798807929597946 2632.4176644523786 0.045454545454545456 move_t 100 2728.647463083267 103.57204655335676 90.27344078549206 107.12409255725326 100.83022028518107 42.168008468663814 92.35993646290589 97.15050247359704
1.0316441852588265 2004.8393430966871 0.045454545454545456 1.2679018195827423 2602.1330739837927 0.045454545454545456 f_swap_t 100 2730.859587907791 103.57204655335676 90.27344078549206 107.12409255725326 101.18191808232926 42.168008468663814 92.35993646290589 97.15050247359704
1.0316441852588265 2004.8393430966871 0.045454545454545456 1.1873225370504945 2398.416904414831 0.045454545454545456 t_swap_r_k 100 2731.58545422554 103.57204655335676 90.27344078549206 107.12409255725326 101.18191808232926 42.168008468663814 92.47633709827683 97.15050247359704
1.0316441852588265 2004.8393430966871 0.045454545454545456 1.17997891250256 2379.8511513248964 0.045454545454545456 move_t 100 2732.530638217926 103.57204655335676 90.37070637763713 107.12409255725326 101.18191808232926 42.168008468663814 92.47633709827683 97.15050247359704
1.0316441852588265 2004.8393430966871 0.045454545454545456 1.1758179289577657 2369.3315785172617 0.045454545454545456 t_move_k 100 2734.301593542099 103.53632608782318 90.37070637763713 107.12409255725326 101.18191808232926 42.168008468663814 92.47633709827683 97.15050247359704
1.0316441852588265 2004.8393430966871 0.045454545454545456 1.2085686365625186 2452.13014030941 0.045454545454545456 move_t 100 2735.945156097412 103.53632608782318 90.47699931386076 107.12409255725326 101.18191808232926 42.168008468663814 92.47633709827683 97.15050247359704
1.0316441852588265 2004.8393430966871 0.045454545454545456 1.1962163180001957 2420.901678802509 0.045454545454545456 t_move_k 100 2738.1399161815643 103.50096282694496 90.47699931386076 107.12409255725326 101.18191808232926 42.168008468663814 92.47633709827683 97.15050247359704
1.0316441852588265 2004.8393430966871 0.045454545454545456 1.187233816429967 2398.1926057563214 0.045454545454545456 t_swap_k 100 2740.3846142292023 103.50096282694496 90.47699931386076 107.05285163168072 101.18191808232926 42.168008468663814 92.47633709827683 97.15050247359704
1.0316441852588265 2004.8393430966871 0.045454545454545456 1.2363047404480216 2536.615517500306 0.06818181818181818 move_t 100 2743.078758955002 103.50096282694496 90.67222932072215 107.05285163168072 101.18191808232926 42.168008468663814 92.47633709827683 97.15050247359704
1.0316441852588265 2004.8393430966871 0.045454545454545456 1.204172580830667 2455.3807351652026 0.06818181818181818 t_swap_r_k 100 2743.82310461998 103.50096282694496 90.67222932072215 107.05285163168072 101.18191808232926 42.168008468663814 92.59157372729406 97.15050247359704
1.0316441852588265 2004.8393430966871 0.045454545454545456 1.2709445599599032 2638.554493916739 0.09090909090909091 f_swap_t 100 2746.355967760086 103.50096282694496 90.67222932072215 107.05285163168072 101.34009890150597 42.168008468663814 92.59157372729406 97.15050247359704
1.0316441852588265 2004.8393430966871 0.045454545454545456 1.2059584826393528 2459.895755208303 0.06818181818181818 t_swap_r_k 100 2746.9959557056427 103.50096282694496 90.67222932072215 107.05285163168072 101.34009890150597 42.168008468663814 92.70565799002112 97.15050247359704
1.0316441852588265 2004.8393430966871 0.045454545454545456 1.1814896607112861 2412.3994717891524 0.09090909090909091 t_multiswap_k 100 2748.2393312454224 103.50096282694496 90.67222932072215 107.05285163168072 101.34009890150597 42.168008468663814 92.70565799002112 97.17899744886107
1.0316441852588265 2004.8393430966871 0.045454545454545456 1.1814896607112861 2412.3994717891524 0.09090909090909091 f_swap_t 100 2751.4679000377655 103.50096282694496 90.67222932072215 107.05285163168072 101.32669791249091 42.168008468663814 92.70565799002112 97.17899744886107
1.0316441852588265 2004.8393430966871 0.045454545454545456 1.1686475196633515 2379.9326676537025 0.09090909090909091 t_swap_k 100 2753.7700650691986 103.50096282694496 90.67222932072215 107.01232311536391 101.32669791249091 42.168008468663814 92.70565799002112 97.17899744886107
1.0316441852588265 2004.8393430966871 0.045454545454545456 1.2257686178085545 2524.3431283829414 0.09090909090909091 t_move_k 100 2756.30779337883 103.6259531986755 90.67222932072215 107.01232311536391 101.32669791249091 42.168008468663814 92.70565799002112 97.17899744886107
1.0316441852588265 2004.8393430966871 0.045454545454545456 1.250768762485803 2616.2760663776285 0.13636363636363635 t_move_k 100 2758.147340774536 103.89969366668875 90.67222932072215 107.01232311536391 101.32669791249091 42.168008468663814 92.70565799002112 97.17899744886107
1.0316441852588265 2004.8393430966871 0.045454545454545456 1.2849671347241278 2702.7345353407504 0.13636363636363635 swap_t 100 2759.41237449646 103.89969366668875 90.67222932072215 107.01232311536391 101.32669791249091 42.75632838397718 92.70565799002112 97.17899744886107
1.0316441852588265 2004.8393430966871 0.045454545454545456 1.2586837231573103 2564.4639183980635 0.022727272727272728 move_t 100 2760.625548839569 103.89969366668875 90.79550702751493 107.01232311536391 101.32669791249091 42.75632838397718 92.70565799002112 97.17899744886107
1.0316441852588265 2004.8393430966871 0.045454545454545456 1.1693885055266915 2338.7125946721862 0.022727272727272728 t_multiswap_k 100 2762.4424884319305 103.89969366668875 90.79550702751493 107.01232311536391 101.32669791249091 42.75632838397718 92.70565799002112 97.26720747437246
1.0316441852588265 2004.8393430966871 0.045454545454545456 1.1325148361021649 2274.219513356125 0.06818181818181818 t_multiswap_k 100 2764.0043621063232 103.89969366668875 90.79550702751493 107.01232311536391 101.32669791249091 42.75632838397718 92.70565799002112 97.29453539962873
1.0316441852588265 2004.8393430966871 0.045454545454545456 1.1194358593127323 2255.5184183614633 0.09090909090909091 move_t 100 2765.6731989383698 103.89969366668875 90.88755195723978 107.01232311536391 101.32669791249091 42.75632838397718 92.70565799002112 97.29453539962873
1.0316441852588265 2004.8393430966871 0.045454545454545456 1.1194358593127323 2255.5184183614633 0.09090909090909091 f_swap_t 100 2769.5863797664642 103.89969366668875 90.88755195723978 107.01232311536391 101.313430933366 42.75632838397718 92.70565799002112 97.29453539962873
1.0316441852588265 2004.8393430966871 0.045454545454545456 1.1194358593127323 2255.5184183614633 0.09090909090909091 t_multiswap_k 100 2770.7934231758118 103.89969366668875 90.88755195723978 107.01232311536391 101.313430933366 42.75632838397718 92.70565799002112 97.32159004563245
1.0316441852588265 2004.8393430966871 0.045454545454545456 1.1194358593127323 2255.5184183614633 0.09090909090909091 t_multiswap_k 100 2771.7970871925354 103.89969366668875 90.88755195723978 107.01232311536391 101.313430933366 42.75632838397718 92.70565799002112 97.34837414517612
1.0316441852588265 2004.8393430966871 0.045454545454545456 1.1251176774945506 2255.5184183614633 0.06818181818181818 t_swap_r_k 100 2773.7203555107117 103.89969366668875 90.88755195723978 107.01232311536391 101.313430933366 42.75632838397718 92.8186014101209 97.34837414517612
1.0316441852588265 2004.8393430966871 0.045454545454545456 1.2178214744008837 2504.2515916609805 0.09090909090909091 t_swap_k 100 2776.099343061447 103.89969366668875 90.88755195723978 107.14219988421027 101.313430933366 42.75632838397718 92.8186014101209 97.34837414517612
1.0316441852588265 2004.8393430966871 0.045454545454545456 1.1904269147935647 2391.900759359013 0.022727272727272728 t_multiswap_k 100 2777.0699684619904 103.89969366668875 90.88755195723978 107.14219988421027 101.313430933366 42.75632838397718 92.8186014101209 97.43489040372437
1.0316441852588265 2004.8393430966871 0.045454545454545456 1.1579476267276183 2324.1528501275125 0.045454545454545456 t_swap_k 100 2778.587062358856 103.89969366668875 90.88755195723978 107.10077788536817 101.313430933366 42.75632838397718 92.8186014101209 97.43489040372437
1.0316441852588265 2004.8393430966871 0.045454545454545456 1.186112392791399 2424.086412187601 0.09090909090909091 t_multiswap_k 100 2779.386655807495 103.89969366668875 90.88755195723978 107.10077788536817 101.313430933366 42.75632838397718 92.8186014101209 97.57054149968712
1.0316441852588265 2004.8393430966871 0.045454545454545456 1.211159666630941 2458.6806419295476 0.045454545454545456 t_swap_k 100 2780.7390763759613 103.89969366668875 90.88755195723978 107.16977010651449 101.313430933366 42.75632838397718 92.8186014101209 97.57054149968712
1.0316441852588265 2004.8393430966871 0.045454545454545456 1.1829694362652434 2401.7760956357256 0.06818181818181818 move_t 100 2782.725513935089 103.89969366668875 90.97867643766737 107.16977010651449 101.313430933366 42.75632838397718 92.8186014101209 97.57054149968712
1.0316441852588265 2004.8393430966871 0.045454545454545456 1.1461191108655564 2294.248638183945 0.045454545454545456 t_move_k 100 2785.3570528030396 103.98069673002186 90.97867643766737 107.16977010651449 101.313430933366 42.75632838397718 92.8186014101209 97.57054149968712
1.0316441852588265 2004.8393430966871 0.045454545454545456 1.1633355622456096 2337.774336334845 0.045454545454545456 t_swap_k 100 2787.5842356681824 103.98069673002186 90.97867643766737 107.19807240544935 101.313430933366 42.75632838397718 92.8186014101209 97.57054149968712
1.0316441852588265 2004.8393430966871 0.045454545454545456 1.157194734526141 2322.249428918445 0.045454545454545456 t_swap_r_k 100 2789.9607644081116 103.98069673002186 90.97867643766737 107.19807240544935 101.313430933366 42.75632838397718 92.9604153960197 97.57054149968712
1.0316441852588265 2004.8393430966871 0.045454545454545456 1.14651721164143 2295.2550949630913 0.045454545454545456 t_move_k 100 2792.5419874191284 103.97088976272164 90.97867643766737 107.19807240544935 101.313430933366 42.75632838397718 92.9604153960197 97.57054149968712
1.0316441852588265 2004.8393430966871 0.045454545454545456 1.1411693399798848 2281.7348960236136 0.045454545454545456 swap_t 100 2794.043020248413 103.97088976272164 90.97867643766737 107.19807240544935 101.313430933366 43.3287651001374 92.9604153960197 97.57054149968712
1.0316441852588265 2004.8393430966871 0.045454545454545456 1.1373970588753526 2286.562484043884 0.06818181818181818 t_swap_k 100 2796.606397151947 103.97088976272164 90.97867643766737 107.26609168139485 101.313430933366 43.3287651001374 92.9604153960197 97.57054149968712
1.0316441852588265 2004.8393430966871 0.045454545454545456 1.1742856230018357 2351.09322133719 0.022727272727272728 t_swap_k 100 2799.6803290843964 103.97088976272164 90.97867643766737 107.2334307645809 101.313430933366 43.3287651001374 92.9604153960197 97.57054149968712
1.0316441852588265 2004.8393430966871 0.045454545454545456 1.1759007001948463 2355.1763718565135 0.022727272727272728 t_swap_k 100 2801.8652222156525 103.97088976272164 90.97867643766737 107.3210964569351 101.313430933366 43.3287651001374 92.9604153960197 97.57054149968712
1.0316441852588265 2004.8393430966871 0.045454545454545456 1.2488781766019605 2554.0385320928126 0.045454545454545456 t_swap_k 100 2804.035912513733 103.97088976272164 90.97867643766737 107.39788549236575 101.313430933366 43.3287651001374 92.9604153960197 97.57054149968712
1.0316441852588265 2004.8393430966871 0.045454545454545456 1.2166889625183712 2472.65950775216 0.045454545454545456 f_swap_t 100 2805.739606142044 103.97088976272164 90.97867643766737 107.39788549236575 101.53029662403235 43.3287651001374 92.9604153960197 97.57054149968712
1.0316441852588265 2004.8393430966871 0.045454545454545456 1.2440015307465027 2556.0741250766964 0.06818181818181818 t_move_k 100 2806.9895544052124 104.06118086509443 90.97867643766737 107.39788549236575 101.53029662403235 43.3287651001374 92.9604153960197 97.57054149968712
1.0316441852588265 2004.8393430966871 0.045454545454545456 1.199468111833073 2429.122687516462 0.045454545454545456 swap_t 100 2809.2135882377625 104.06118086509443 90.97867643766737 107.39788549236575 101.53029662403235 43.89547744913603 92.9604153960197 97.57054149968712
1.0316441852588265 2004.8393430966871 0.045454545454545456 1.1798972282584588 2394.00910606231 0.06818181818181818 f_swap_t 100 2812.157165288925 104.06118086509443 90.97867643766737 107.39788549236575 101.54499365779202 43.89547744913603 92.9604153960197 97.57054149968712
1.0316441852588265 2004.8393430966871 0.045454545454545456 1.172803173588344 2347.3453731731724 0.022727272727272728 f_swap_t 100 2815.7396082878113 104.06118086509443 90.97867643766737 107.39788549236575 101.5295437212141 43.89547744913603 92.9604153960197 97.57054149968712
1.0316441852588265 2004.8393430966871 0.045454545454545456 1.1567425632548014 2335.4707384575872 0.06818181818181818 swap_t 100 2817.8535294532776 104.06118086509443 90.97867643766737 107.39788549236575 101.5295437212141 44.456522674644674 92.9604153960197 97.57054149968712
1.0316441852588265 2004.8393430966871 0.045454545454545456 1.2026134567184195 2348.980782633958 0.06818181818181818 move_t 100 2819.9539182186127 104.06118086509443 91.0788896732907 107.39788549236575 101.5295437212141 44.456522674644674 92.9604153960197 97.57054149968712
1.0316441852588265 2004.8393430966871 0.045454545454545456 1.1882969068710516 2386.515788911401 0.022727272727272728 t_multiswap_k 100 2821.36310005188 104.06118086509443 91.0788896732907 107.39788549236575 101.5295437212141 44.456522674644674 92.9604153960197 97.59483608469026
1.0316441852588265 2004.8393430966871 0.045454545454545456 1.2177686446477538 2475.3891015241306 0.045454545454545456 f_swap_t 100 2824.6506218910217 104.06118086509443 91.0788896732907 107.39788549236575 101.52424828400196 44.456522674644674 92.9604153960197 97.59483608469026
1.0316441852588265 2004.8393430966871 0.045454545454545456 1.2274976242426026 2514.3498442163736 0.06818181818181818 t_move_k 100 2826.463193178177 104.23056905644349 91.0788896732907 107.39788549236575 101.52424828400196 44.456522674644674 92.9604153960197 97.59483608469026
1.0316441852588265 2004.8393430966871 0.045454545454545456 1.2025241275631846 2451.213205065508 0.06818181818181818 t_swap_k 100 2828.375776052475 104.23056905644349 91.0788896732907 107.36390663744208 101.52424828400196 44.456522674644674 92.9604153960197 97.59483608469026
1.0316441852588265 2004.8393430966871 0.045454545454545456 1.2806817204395045 2648.8069902561647 0.06818181818181818 t_move_k 100 2829.6521379947662 104.34826336587905 91.0788896732907 107.36390663744208 101.52424828400196 44.456522674644674 92.9604153960197 97.59483608469026
1.0316441852588265 2004.8393430966871 0.045454545454545456 1.2583304900396426 2577.93535800857 0.045454545454545456 swap_t 100 2831.5617158412933 104.34826336587905 91.0788896732907 107.36390663744208 101.52424828400196 45.011957447898226 92.9604153960197 97.59483608469026
1.0316441852588265 2004.8393430966871 0.045454545454545456 1.2309239984770035 2508.647753217221 0.045454545454545456 move_t 100 2832.610360145569 104.34826336587905 91.2581007765578 107.36390663744208 101.52424828400196 45.011957447898226 92.9604153960197 97.59483608469026
1.0316441852588265 2004.8393430966871 0.045454545454545456 1.2225797431545637 2487.552259701098 0.045454545454545456 f_swap_t 100 2835.2388241291046 104.34826336587905 91.2581007765578 107.36390663744208 101.50900580116193 45.011957447898226 92.9604153960197 97.59483608469026
1.0316441852588265 2004.8393430966871 0.045454545454545456 1.2015785408650903 2448.8226240864074 0.06818181818181818 f_swap_t 100 2837.5193564891815 104.34826336587905 91.2581007765578 107.36390663744208 101.60391574315031 45.011957447898226 92.9604153960197 97.59483608469026
1.0316441852588265 2004.8393430966871 0.045454545454545456 1.1675094627600913 2362.691029535183 0.06818181818181818 t_multiswap_k 100 2839.314024448395 104.34826336587905 91.2581007765578 107.36390663744208 101.60391574315031 45.011957447898226 92.9604153960197 97.74888772384335
1.0316441852588265 2004.8393430966871 0.045454545454545456 1.1349018442496912 2265.889753415973 0.045454545454545456 move_t 100 2840.607214450836 104.34826336587905 91.34551976879222 107.36390663744208 101.60391574315031 45.011957447898226 92.9604153960197 97.74888772384335
1.0316441852588265 2004.8393430966871 0.045454545454545456 1.1230801984262784 2264.7318387530486 0.09090909090909091 t_swap_r_k 100 2841.881499528885 104.34826336587905 91.34551976879222 107.36390663744208 101.60391574315031 45.011957447898226 93.1008112420595 97.74888772384335
1.0316441852588265 2004.8393430966871 0.045454545454545456 1.1230801984262784 2264.7318387530486 0.09090909090909091 t_move_k 100 2843.1775987148285 104.30478073222025 91.34551976879222 107.36390663744208 101.60391574315031 45.011957447898226 93.1008112420595 97.74888772384335
1.0316441852588265 2004.8393430966871 0.045454545454545456 1.1091570560181063 2229.5321056377675 0.09090909090909091 t_multiswap_k 100 2844.867716550827 104.30478073222025 91.34551976879222 107.36390663744208 101.60391574315031 45.011957447898226 93.1008112420595 97.80139884660493
1.0316441852588265 2004.8393430966871 0.045454545454545456 1.0918450099466486 2200.1291945862413 0.11363636363636365 move_t 100 2847.1285922527313 104.30478073222025 91.46206457110429 107.36390663744208 101.60391574315031 45.011957447898226 93.1008112420595 97.80139884660493
1.0316441852588265 2004.8393430966871 0.045454545454545456 1.2098088849261435 2498.359062154462 0.11363636363636365 t_swap_k 100 2849.1009845733643 104.30478073222025 91.46206457110429 107.36026757106767 101.60391574315031 45.011957447898226 93.1008112420595 97.80139884660493
1.0316441852588265 2004.8393430966871 0.045454545454545456 1.1802272723703946 2423.5724344984196 0.11363636363636365 f_swap_t 100 2850.680660009384 104.30478073222025 91.46206457110429 107.36026757106767 101.6178765857188 45.011957447898226 93.1008112420595 97.80139884660493
1.0316441852588265 2004.8393430966871 0.045454545454545456 1.2546311334864693 2597.3117743332923 0.09090909090909091 t_move_k 100 2852.0302124023438 104.49173292489805 91.46206457110429 107.36026757106767 101.6178765857188 45.011957447898226 93.1008112420595 97.80139884660493
1.0316441852588265 2004.8393430966871 0.045454545454545456 1.2371187565001216 2524.3090043008497 0.045454545454545456 t_move_k 100 2854.738363981247 104.60681559564907 91.46206457110429 107.36026757106767 101.6178765857188 45.011957447898226 93.1008112420595 97.80139884660493
1.0316441852588265 2004.8393430966871 0.045454545454545456 1.2583830239939413 2578.0681715011415 0.045454545454545456 t_move_k 100 2857.202125787735 104.63074743969257 91.46206457110429 107.36026757106767 101.6178765857188 45.011957447898226 93.1008112420595 97.80139884660493
1.0316441852588265 2004.8393430966871 0.045454545454545456 1.2550752594724055 2584.0701251401606 0.06818181818181818 f_swap_t 100 2859.2472286224365 104.63074743969257 91.46206457110429 107.36026757106767 101.79169781986161 45.011957447898226 93.1008112420595 97.80139884660493
1.0316441852588265 2004.8393430966871 0.045454545454545456 1.355184457030525 2822.796301701447 0.045454545454545456 f_swap_t 100 2861.8573246002197 104.63074743969257 91.46206457110429 107.36026757106767 101.95378084166299 45.011957447898226 93.1008112420595 97.80139884660493
1.0316441852588265 2004.8393430966871 0.045454545454545456 1.2997198648790955 2696.9381939484033 0.06818181818181818 t_swap_r_k 100 2863.087844133377 104.63074743969257 91.46206457110429 107.36026757106767 101.95378084166299 45.011957447898226 93.23980312963891 97.80139884660493
1.0316441852588265 2004.8393430966871 0.045454545454545456 1.3381705759904858 2765.418266481095 0.022727272727272728 t_swap_k 100 2864.915481567383 104.63074743969257 91.46206457110429 107.41666489535699 101.95378084166299 45.011957447898226 93.23980312963891 97.80139884660493
1.0316441852588265 2004.8393430966871 0.045454545454545456 1.3078928102275804 2703.236126473422 0.045454545454545456 t_move_k 100 2866.345858812332 104.73443996529565 91.46206457110429 107.41666489535699 101.95378084166299 45.011957447898226 93.23980312963891 97.80139884660493
1.0316441852588265 2004.8393430966871 0.045454545454545456 1.3067289622517353 2700.293749175574 0.045454545454545456 t_swap_k 100 2867.5407180786133 104.73443996529565 91.46206457110429 107.34249824640342 101.95378084166299 45.011957447898226 93.23980312963891 97.80139884660493
1.0316441852588265 2004.8393430966871 0.045454545454545456 1.2625343262032733 2602.9277328926687 0.06818181818181818 t_swap_k 100 2868.990104675293 104.73443996529565 91.46206457110429 107.39907326393939 101.95378084166299 45.011957447898226 93.23980312963891 97.80139884660493
1.0316441852588265 2004.8393430966871 0.045454545454545456 1.273775395983565 2631.3467955292954 0.06818181818181818 t_swap_k 100 2870.580502271652 104.73443996529565 91.46206457110429 107.42508253129999 101.95378084166299 45.011957447898226 93.23980312963891 97.80139884660493
1.0316441852588265 2004.8393430966871 0.045454545454545456 1.2529453593368425 2564.3209627828046 0.045454545454545456 t_move_k 100 2872.994593143463 104.6870955656427 91.46206457110429 107.42508253129999 101.95378084166299 45.011957447898226 93.23980312963891 97.80139884660493
1.0316441852588265 2004.8393430966871 0.045454545454545456 1.2473557701437445 2564.5541311074026 0.06818181818181818 t_move_k 100 2874.5682821273804 104.68022460998627 91.46206457110429 107.42508253129999 101.95378084166299 45.011957447898226 93.23980312963891 97.80139884660493
1.0316441852588265 2004.8393430966871 0.045454545454545456 1.3546745316690347 2821.507136072958 0.045454545454545456 t_swap_k 100 2875.9371740818024 104.68022460998627 91.46206457110429 107.60083170598699 101.95378084166299 45.011957447898226 93.23980312963891 97.80139884660493
1.0316441852588265 2004.8393430966871 0.045454545454545456 1.3368810520319832 2776.5226263943964 0.045454545454545456 t_swap_r_k 100 2876.7690155506134 104.68022460998627 91.46206457110429 107.60083170598699 101.95378084166299 45.011957447898226 93.34740509834252 97.80139884660493
1.0316441852588265 2004.8393430966871 0.045454545454545456 1.3010839652217632 2700.38683841362 0.06818181818181818 f_swap_t 100 2879.226854801178 104.68022460998627 91.46206457110429 107.60083170598699 102.12424303324636 45.011957447898226 93.34740509834252 97.80139884660493
1.0316441852588265 2004.8393430966871 0.045454545454545456 1.3042003778269589 2751.3589768866204 0.13636363636363638 t_move_k 100 2880.6295726299286 104.8134223638864 91.46206457110429 107.60083170598699 102.12424303324636 45.011957447898226 93.34740509834252 97.80139884660493
1.0316441852588265 2004.8393430966871 0.045454545454545456 1.2324463099904868 2555.5897718119577 0.11363636363636363 t_move_k 100 2882.318277359009 104.79528814024754 91.46206457110429 107.60083170598699 102.12424303324636 45.011957447898226 93.34740509834252 97.80139884660493
1.0316441852588265 2004.8393430966871 0.045454545454545456 1.3056533163374318 2658.450183527263 0.022727272727272728 swap_t 100 2884.7035875320435 104.79528814024754 91.46206457110429 107.60083170598699 102.12424303324636 45.57183787341924 93.34740509834252 97.80139884660493
1.0316441852588265 2004.8393430966871 0.045454545454545456 1.267981243551968 2616.6983337638135 0.06818181818181818 f_swap_t 100 2887.3983800411224 104.79528814024754 91.46206457110429 107.60083170598699 102.1330006029139 45.57183787341924 93.34740509834252 97.80139884660493
1.0316441852588265 2004.8393430966871 0.045454545454545456 1.2747728986508307 2633.868627644503 0.06818181818181818 swap_t 100 2888.6543946266174 104.79528814024754 91.46206457110429 107.60083170598699 102.1330006029139 46.12611949468505 93.34740509834252 97.80139884660493
1.0316441852588265 2004.8393430966871 0.045454545454545456 1.2590810278007925 2608.5617556710863 0.09090909090909091 swap_t 100 2890.6887171268463 104.79528814024754 91.46206457110429 107.60083170598699 102.1330006029139 46.6648582997382 93.34740509834252 97.80139884660493
1.0316441852588265 2004.8393430966871 0.045454545454545456 1.2720611196573635 2627.0128551443486 0.06818181818181818 t_move_k 100 2892.9021768569946 104.81733525884506 91.46206457110429 107.60083170598699 102.1330006029139 46.6648582997382 93.34740509834252 97.80139884660493
1.0316441852588265 2004.8393430966871 0.045454545454545456 1.2593877506311824 2580.6082668652416 0.045454545454545456 t_multiswap_k 100 2895.5869879722595 104.81733525884506 91.46206457110429 107.60083170598699 102.1330006029139 46.6648582997382 93.34740509834252 97.85338485813888
1.0316441852588265 2004.8393430966871 0.045454545454545456 1.2231547830258305 2517.7349731215745 0.09090909090909091 t_multiswap_k 100 2897.3796417713165 104.81733525884506 91.46206457110429 107.60083170598699 102.1330006029139 46.6648582997382 93.34740509834252 97.87485100955749
1.0316441852588265 2004.8393430966871 0.045454545454545456 1.2231547830258305 2517.7349731215745 0.09090909090909091 f_swap_t 100 2900.444453239441 104.81733525884506 91.46206457110429 107.60083170598699 102.11167059688475 46.6648582997382 93.34740509834252 97.87485100955749
1.0316441852588265 2004.8393430966871 0.045454545454545456 1.2564770825431122 2558.8852093377063 0.022727272727272728 t_multiswap_k 100 2901.4130222797394 104.81733525884506 91.46206457110429 107.60083170598699 102.11167059688475 46.6648582997382 93.34740509834252 98.02610249946191
1.0316441852588265 2004.8393430966871 0.045454545454545456 1.2452571445738752 2544.8840354099593 0.045454545454545456 t_swap_r_k 100 2902.294177532196 104.81733525884506 91.46206457110429 107.60083170598699 102.11167059688475 46.6648582997382 93.45393104735909 98.02610249946191
1.0316441852588265 2004.8393430966871 0.045454545454545456 1.2705671775947445 2608.871487477579 0.045454545454545456 t_swap_k 100 2904.5402042865753 104.81733525884506 91.46206457110429 107.53482338892712 102.11167059688475 46.6648582997382 93.45393104735909 98.02610249946191
1.0316441852588265 2004.8393430966871 0.045454545454545456 1.2608994859200138 2598.794618400995 0.06818181818181818 swap_t 100 2906.3214633464813 104.81733525884506 91.46206457110429 107.53482338892712 102.11167059688475 47.19820971674082 93.45393104735909 98.02610249946191
1.0316441852588265 2004.8393430966871 0.045454545454545456 1.2917789866453697 2676.8624964992387 0.06818181818181818 t_multiswap_k 100 2907.7565298080444 104.81733525884506 91.46206457110429 107.53482338892712 102.11167059688475 47.19820971674082 93.45393104735909 98.2458414744673
1.0316441852588265 2004.8393430966871 0.045454545454545456 1.2638847837101483 2635.0708151024687 0.11363636363636363 t_swap_k 100 2909.087688922882 104.81733525884506 91.46206457110429 107.60947515503786 102.11167059688475 47.19820971674082 93.45393104735909 98.2458414744673
1.0316441852588265 2004.8393430966871 0.045454545454545456 1.1630814572921055 2408.954244034378 0.1590909090909091 t_multiswap_k 100 2909.735268354416 104.81733525884506 91.46206457110429 107.60947515503786 102.11167059688475 47.19820971674082 93.45393104735909 98.35338305972263
1.0316441852588265 2004.8393430966871 0.045454545454545456 1.1333613684430683 2333.8175281278786 0.1590909090909091 f_swap_t 100 2912.826085329056 104.81733525884506 91.46206457110429 107.60947515503786 102.0905538909159 47.19820971674082 93.45393104735909 98.35338305972263
1.0316441852588265 2004.8393430966871 0.045454545454545456 1.1682269694816496 2393.2339199157896 0.11363636363636365 t_swap_k 100 2914.5596528053284 104.81733525884506 91.46206457110429 107.60338040348748 102.0905538909159 47.19820971674082 93.45393104735909 98.35338305972263
1.0316441852588265 2004.8393430966871 0.045454545454545456 1.2070023004467771 2476.899143158491 0.09090909090909091 t_multiswap_k 100 2916.3103153705597 104.81733525884506 91.46206457110429 107.60338040348748 102.0905538909159 47.19820971674082 93.45393104735909 98.59984922912541
1.0316441852588265 2004.8393430966871 0.045454545454545456 1.3333473338638537 2781.953336285175 0.06818181818181818 f_swap_t 100 2920.391423225403 104.81733525884506 91.46206457110429 107.60338040348748 102.36964835200673 47.19820971674082 93.45393104735909 98.59984922912541
1.0316441852588265 2004.8393430966871 0.045454545454545456 1.2685486970657516 2618.1329389452403 0.06818181818181818 move_t 100 2922.2577736377716 104.81733525884506 91.54744392539325 107.60338040348748 102.36964835200673 47.19820971674082 93.45393104735909 98.59984922912541
1.0316441852588265 2004.8393430966871 0.045454545454545456 1.2303525362363634 2535.931942211808 0.09090909090909091 t_move_k 100 2924.2344291210175 104.89916190625661 91.54744392539325 107.60338040348748 102.36964835200673 47.19820971674082 93.45393104735909 98.59984922912541
1.0316441852588265 2004.8393430966871 0.045454545454545456 1.2592647528339884 2594.6617749195525 0.06818181818181818 t_move_k 100 2925.131727218628 104.89017028719404 91.54744392539325 107.60338040348748 102.36964835200673 47.19820971674082 93.45393104735909 98.59984922912541
1.0316441852588265 2004.8393430966871 0.045454545454545456 1.2286716897138426 2546.0469816533637 0.11363636363636363 t_swap_r_k 100 2926.965723514557 104.89017028719404 91.54744392539325 107.60338040348748 102.36964835200673 47.19820971674082 93.5893917368855 98.59984922912541
1.0316441852588265 2004.8393430966871 0.045454545454545456 1.4818148554225903 3128.5719390729414 0.022727272727272728 f_swap_t 100 2929.976700782776 104.89017028719404 91.54744392539325 107.60338040348748 102.62595186848667 47.19820971674082 93.5893917368855 98.59984922912541
1.0316441852588265 2004.8393430966871 0.045454545454545456 1.3882010817466304 2891.902676294011 0.022727272727272728 t_swap_r_k 100 2931.4127864837646 104.89017028719404 91.54744392539325 107.60338040348748 102.62595186848667 47.19820971674082 93.69349781951665 98.59984922912541
1.0316441852588265 2004.8393430966871 0.045454545454545456 1.3167710508540904 2725.681612659283 0.045454545454545456 t_multiswap_k 100 2933.426819086075 104.89017028719404 91.54744392539325 107.60338040348748 102.62595186848667 47.19820971674082 93.69349781951665 98.76385073683416
1.0316441852588265 2004.8393430966871 0.045454545454545456 1.2809166614600729 2635.036490984737 0.045454545454545456 t_move_k 100 2935.7364501953125 104.9712685843221 91.54744392539325 107.60338040348748 102.62595186848667 47.19820971674082 93.69349781951665 98.76385073683416
1.0316441852588265 2004.8393430966871 0.045454545454545456 1.2234890870033222 2475.486749064316 0.022727272727272728 t_swap_r_k 100 2937.1923937797546 104.9712685843221 91.54744392539325 107.60338040348748 102.62595186848667 47.19820971674082 93.79656284132149 98.76385073683416
1.0316441852588265 2004.8393430966871 0.045454545454545456 1.308718933073727 2705.3246854245767 0.045454545454545456 t_swap_k 100 2939.0303959846497 104.9712685843221 91.54744392539325 107.7073465994526 102.62595186848667 47.19820971674082 93.79656284132149 98.76385073683416
1.0316441852588265 2004.8393430966871 0.045454545454545456 1.3620280350461693 2825.7333998719523 0.022727272727272728 move_t 100 2941.151770591736 104.9712685843221 91.89196948613932 107.7073465994526 102.62595186848667 47.19820971674082 93.79656284132149 98.76385073683416
1.0316441852588265 2004.8393430966871 0.045454545454545456 1.2863510522473791 2634.4109584722546 0.022727272727272728 f_swap_t 100 2943.8227701187134 104.9712685843221 91.89196948613932 107.7073465994526 102.5996923498018 47.19820971674082 93.79656284132149 98.76385073683416
1.0316441852588265 2004.8393430966871 0.045454545454545456 1.32059227845887 2720.977768524921 0.022727272727272728 t_multiswap_k 100 2946.108773946762 104.9712685843221 91.89196948613932 107.7073465994526 102.5996923498018 47.19820971674082 93.79656284132149 99.03621222946582
1.0316441852588265 2004.8393430966871 0.045454545454545456 1.2857550233234967 2632.904110489623 0.022727272727272728 t_swap_r_k 100 2948.1252303123474 104.9712685843221 91.89196948613932 107.7073465994526 102.5996923498018 47.19820971674082 93.89859721290827 99.03621222946582
1.0316441852588265 2004.8393430966871 0.045454545454545456 1.3721766800272572 2851.3906534102316 0.022727272727272728 f_swap_t 100 2951.942245721817 104.9712685843221 91.89196948613932 107.7073465994526 102.77369542630377 47.19820971674082 93.89859721290827 99.03621222946582
1.0316441852588265 2004.8393430966871 0.045454545454545456 1.2822771954772667 2624.1116548485506 0.022727272727272728 f_swap_t 100 2954.2188580036163 104.9712685843221 91.89196948613932 107.7073465994526 102.74595847204074 47.19820971674082 93.89859721290827 99.03621222946582
1.0316441852588265 2004.8393430966871 0.045454545454545456 1.2319577345281914 2496.8967241966407 0.022727272727272728 t_multiswap_k 100 2955.4948308467865 104.9712685843221 91.89196948613932 107.7073465994526 102.74595847204074 47.19820971674082 93.89859721290827 99.13585010717117
1.0316441852588265 2004.8393430966871 0.045454545454545456 1.180721800016476 2381.7292792257626 0.045454545454545456 swap_t 100 2957.1298882961273 104.9712685843221 91.89196948613932 107.7073465994526 102.74595847204074 47.726227619573415 93.89859721290827 99.13585010717117
1.0316441852588265 2004.8393430966871 0.045454545454545456 1.2862927171530933 2763.646001480427 0.045454545454545456 swap_t 100 2958.9597330093384 104.9712685843221 91.89196948613932 107.7073465994526 102.74595847204074 48.31896534337768 93.89859721290827 99.13585010717117
1.0316441852588265 2004.8393430966871 0.045454545454545456 1.1943780005125437 2416.2541442841143 0.045454545454545456 swap_t 100 2960.77698636055 104.9712685843221 91.89196948613932 107.7073465994526 102.74595847204074 48.8657756899439 93.89859721290827 99.13585010717117
1.0316441852588265 2004.8393430966871 0.045454545454545456 1.1706089480493778 2356.1625156431915 0.045454545454545456 t_swap_r_k 100 2961.7313561439514 104.9712685843221 91.89196948613932 107.7073465994526 102.74595847204074 48.8657756899439 93.99961124077919 99.13585010717117
1.0316441852588265 2004.8393430966871 0.045454545454545456 1.1644960149025465 2340.7081297716704 0.045454545454545456 f_swap_t 100 2964.2320263385773 104.9712685843221 91.89196948613932 107.7073465994526 102.71849888732034 48.8657756899439 93.99961124077919 99.13585010717117
1.0316441852588265 2004.8393430966871 0.045454545454545456 1.2642220262636537 2592.83002019363 0.045454545454545456 f_swap_t 100 2967.218163251877 104.9712685843221 91.89196948613932 107.7073465994526 102.87131389844713 48.8657756899439 93.99961124077919 99.13585010717117
1.0316441852588265 2004.8393430966871 0.045454545454545456 1.2502954224656486 2543.257071769538 0.022727272727272728 t_swap_k 100 2969.3733706474304 104.9712685843221 91.89196948613932 107.77027313345808 102.87131389844713 48.8657756899439 93.99961124077919 99.13585010717117
1.0316441852588265 2004.8393430966871 0.045454545454545456 1.2017249685081135 2434.828350096933 0.045454545454545456 move_t 100 2971.0022020339966 104.9712685843221 91.97304979127793 107.77027313345808 102.87131389844713 48.8657756899439 93.99961124077919 99.13585010717117
1.0316441852588265 2004.8393430966871 0.045454545454545456 1.2017249685081135 2434.828350096933 0.045454545454545456 swap_t 100 2972.712990283966 104.9712685843221 91.97304979127793 107.77027313345808 102.87131389844713 49.37711793304446 93.99961124077919 99.13585010717117
1.0316441852588265 2004.8393430966871 0.045454545454545456 1.2313747348982371 2509.7872805787633 0.045454545454545456 t_multiswap_k 100 2974.2121946811676 104.9712685843221 91.97304979127793 107.77027313345808 102.87131389844713 49.37711793304446 93.99961124077919 99.24449160609946
1.0316441852588265 2004.8393430966871 0.045454545454545456 1.2218056275417646 2471.230718204325 0.022727272727272728 f_swap_t 100 2976.1636729240417 104.9712685843221 91.97304979127793 107.77027313345808 102.84260075946266 49.37711793304446 93.99961124077919 99.24449160609946
1.0316441852588265 2004.8393430966871 0.045454545454545456 1.2205788588054618 2468.129268054201 0.022727272727272728 move_t 100 2976.9919531345367 104.9712685843221 92.05331929336515 107.77027313345808 102.84260075946266 49.37711793304446 93.99961124077919 99.24449160609946
1.0316441852588265 2004.8393430966871 0.045454545454545456 1.2205788588054618 2468.129268054201 0.022727272727272728 t_swap_r_k 100 2977.7094371318817 104.9712685843221 92.05331929336515 107.77027313345808 102.84260075946266 49.37711793304446 94.0996151283714 99.24449160609946
1.0316441852588265 2004.8393430966871 0.045454545454545456 1.2205788588054618 2468.129268054201 0.022727272727272728 t_swap_k 100 2979.383202314377 104.9712685843221 92.05331929336515 107.6925704021235 102.84260075946266 49.37711793304446 94.0996151283714 99.24449160609946
1.0316441852588265 2004.8393430966871 0.045454545454545456 1.3510013759266752 2797.856398633241 0.022727272727272728 f_swap_t 100 2982.2620298862457 104.9712685843221 92.05331929336515 107.6925704021235 102.92417475186802 49.37711793304446 94.0996151283714 99.24449160609946
1.0316441852588265 2004.8393430966871 0.045454545454545456 1.290858753357501 2631.4426194035154 0.0 t_swap_r_k 100 2983.7229766845703 104.9712685843221 92.05331929336515 107.6925704021235 102.92417475186802 49.37711793304446 94.19861897708768 99.24449160609946
1.0316441852588265 2004.8393430966871 0.045454545454545456 1.2720297788188324 2626.933620937044 0.06818181818181818 swap_t 100 2986.346263885498 104.9712685843221 92.05331929336515 107.6925704021235 102.92417475186802 49.883346753714015 94.19861897708768 99.24449160609946
1.0316441852588265 2004.8393430966871 0.045454545454545456 1.2602372830441582 2597.120473023828 0.06818181818181818 move_t 100 2987.825882434845 104.9712685843221 92.1627861004315 107.6925704021235 102.92417475186802 49.883346753714015 94.19861897708768 99.24449160609946
1.0316441852588265 2004.8393430966871 0.045454545454545456 1.229244254449804 2504.4011155167605 0.045454545454545456 t_move_k 100 2989.6235933303833 105.11155589847888 92.1627861004315 107.6925704021235 102.92417475186802 49.883346753714015 94.19861897708768 99.24449160609946
1.0316441852588265 2004.8393430966871 0.045454545454545456 1.2195441994399334 2479.8779628015673 0.045454545454545456 swap_t 100 2990.866934299469 105.11155589847888 92.1627861004315 107.6925704021235 102.92417475186802 50.384513286176876 94.19861897708768 99.24449160609946
1.0316441852588265 2004.8393430966871 0.045454545454545456 1.3310147191928798 2776.0561464502944 0.06818181818181818 t_swap_k 100 2992.5034840106964 105.11155589847888 92.1627861004315 107.67564469810226 102.92417475186802 50.384513286176876 94.19861897708768 99.24449160609946
1.0316441852588265 2004.8393430966871 0.045454545454545456 1.2754616055892174 2621.2453147434912 0.045454545454545456 f_swap_t 100 2995.232959985733 105.11155589847888 92.1627861004315 107.67564469810226 102.89493300434934 50.384513286176876 94.19861897708768 99.24449160609946
1.0316441852588265 2004.8393430966871 0.045454545454545456 1.2589993185616715 2579.6262539848613 0.045454545454545456 t_swap_r_k 100 2996.180018901825 105.11155589847888 92.1627861004315 107.67564469810226 102.89493300434934 50.384513286176876 94.2966327873168 99.24449160609946
1.0316441852588265 2004.8393430966871 0.045454545454545456 1.319748811267777 2733.2098249529035 0.045454545454545456 t_multiswap_k 100 2997.3020288944244 105.11155589847888 92.1627861004315 107.67564469810226 102.89493300434934 50.384513286176876 94.2966327873168 99.39204669003847
1.0316441852588265 2004.8393430966871 0.045454545454545456 1.2808898244100244 2634.9686430110814 0.045454545454545456 f_swap_t 100 3000.42328953743 105.11155589847888 92.1627861004315 107.67564469810226 102.86598367430585 50.384513286176876 94.2966327873168 99.39204669003847
1.0316441852588265 2004.8393430966871 0.045454545454545456 1.3484643744840357 2791.442489253015 0.022727272727272728 swap_t 100 3001.652807712555 105.11155589847888 92.1627861004315 107.67564469810226 102.86598367430585 50.95066815331511 94.2966327873168 99.39204669003847
1.0316441852588265 2004.8393430966871 0.045454545454545456 1.2964612014630124 2674.3353535160954 0.045454545454545456 t_multiswap_k 100 3002.977472782135 105.11155589847888 92.1627861004315 107.67564469810226 102.86598367430585 50.95066815331511 94.2966327873168 99.45812622313808
1.0316441852588265 2004.8393430966871 0.045454545454545456 1.2261756571677311 2511.007718792493 0.06818181818181818 move_t 100 3004.5974152088165 105.11155589847888 92.2711582394272 107.67564469810226 102.86598367430585 50.95066815331511 94.2966327873168 99.45812622313808
1.0316441852588265 2004.8393430966871 0.045454545454545456 1.257263738800706 2575.2384554121477 0.045454545454545456 move_t 100 3006.0534060001373 105.11155589847888 92.47844665703292 107.67564469810226 102.86598367430585 50.95066815331511 94.2966327873168 99.45812622313808
1.0316441852588265 2004.8393430966871 0.045454545454545456 1.2024048793484208 2436.547263788928 0.045454545454545456 t_swap_r_k 100 3007.2216033935547 105.11155589847888 92.47844665703292 107.67564469810226 102.86598367430585 50.95066815331511 94.39366645944362 99.45812622313808
1.0316441852588265 2004.8393430966871 0.045454545454545456 1.1942231805529189 2415.862736863293 0.045454545454545456 f_swap_t 100 3010.025313615799 105.11155589847888 92.47844665703292 107.67564469810226 102.83732383756279 50.95066815331511 94.39366645944362 99.45812622313808
1.0316441852588265 2004.8393430966871 0.045454545454545456 1.249063603300056 2540.1428533981384 0.022727272727272728 t_move_k 100 3011.676650285721 105.2304403394941 92.47844665703292 107.67564469810226 102.83732383756279 50.95066815331511 94.39366645944362 99.45812622313808
1.0316441852588265 2004.8393430966871 0.045454545454545456 1.1887459517506582 2402.0155042200536 0.045454545454545456 t_multiswap_k 100 3013.3613069057465 105.2304403394941 92.47844665703292 107.67564469810226 102.83732383756279 50.95066815331511 94.39366645944362 99.5235449609067
1.0316441852588265 2004.8393430966871 0.045454545454545456 1.3183428104075108 2729.6552498727697 0.045454545454545456 t_swap_k 100 3015.046151161194 105.2304403394941 92.47844665703292 107.83888825112123 102.83732383756279 50.95066815331511 94.39366645944362 99.5235449609067
1.0316441852588265 2004.8393430966871 0.045454545454545456 1.2319711307123384 2511.295056113337 0.045454545454545456 t_move_k 100 3016.4240844249725 105.32813593609916 92.47844665703292 107.83888825112123 102.83732383756279 50.95066815331511 94.39366645944362 99.5235449609067
1.0316441852588265 2004.8393430966871 0.045454545454545456 1.206131716379978 2445.9692509401875 0.045454545454545456 move_t 100 3018.4372136592865 105.32813593609916 92.55366219046259 107.83888825112123 102.83732383756279 50.95066815331511 94.39366645944362 99.5235449609067
1.0316441852588265 2004.8393430966871 0.045454545454545456 1.2226291552640152 2487.67718071493 0.045454545454545456 t_move_k 100 3020.454749107361 105.31485457673817 92.55366219046259 107.83888825112123 102.83732383756279 50.95066815331511 94.39366645944362 99.5235449609067
1.0316441852588265 2004.8393430966871 0.045454545454545456 1.1967391140169152 2436.587847734001 0.06818181818181818 move_t 100 3021.8351407051086 105.31485457673817 92.65812556855796 107.83888825112123 102.83732383756279 50.95066815331511 94.39366645944362 99.5235449609067
1.0316441852588265 2004.8393430966871 0.045454545454545456 1.2084372937138617 2451.7980864465826 0.045454545454545456 t_move_k 100 3023.645308971405 105.34170603097078 92.65812556855796 107.83888825112123 102.83732383756279 50.95066815331511 94.39366645944362 99.5235449609067
1.0316441852588265 2004.8393430966871 0.045454545454545456 1.1803936686134175 2409.6286440398944 0.09090909090909091 swap_t 100 3024.4432356357574 105.34170603097078 92.65812556855796 107.83888825112123 102.83732383756279 51.44116147178195 94.39366645944362 99.5235449609067
1.0316441852588265 2004.8393430966871 0.045454545454545456 1.1803936686134175 2409.6286440398944 0.09090909090909091 t_multiswap_k 100 3025.363402366638 105.34170603097078 92.65812556855796 107.83888825112123 102.83732383756279 51.44116147178195 94.39366645944362 99.52830951129764
1.0316441852588265 2004.8393430966871 0.045454545454545456 1.1803936686134175 2409.6286440398944 0.09090909090909091 t_move_k 100 3027.432056427002 105.28828897066107 92.65812556855796 107.83888825112123 102.83732383756279 51.44116147178195 94.39366645944362 99.52830951129764
1.0316441852588265 2004.8393430966871 0.045454545454545456 1.2005313408971292 2460.5396143632033 0.09090909090909091 f_swap_t 100 3030.111710548401 105.28828897066107 92.65812556855796 107.83888825112123 102.81895059918716 51.44116147178195 94.39366645944362 99.52830951129764
1.0316441852588265 2004.8393430966871 0.045454545454545456 1.1804855370651142 2409.860900874353 0.09090909090909091 t_move_k 100 3032.463111639023 105.26540608095446 92.65812556855796 107.83888825112123 102.81895059918716 51.44116147178195 94.39366645944362 99.52830951129764
1.0316441852588265 2004.8393430966871 0.045454545454545456 1.1538403699003514 2342.4980351134445 0.09090909090909091 t_move_k 100 3034.300045490265 105.21275202014492 92.65812556855796 107.83888825112123 102.81895059918716 51.44116147178195 94.39366645944362 99.52830951129764
1.0316441852588265 2004.8393430966871 0.045454545454545456 1.1973831951855096 2438.216178794222 0.06818181818181818 f_swap_t 100 3036.54110455513 105.21275202014492 92.65812556855796 107.83888825112123 102.80076109319529 51.44116147178195 94.39366645944362 99.52830951129764
1.0316441852588265 2004.8393430966871 0.045454545454545456 1.1589606629032627 2341.0784176265593 0.06818181818181818 move_t 100 3037.3640282154083 105.21275202014492 92.73154431287239 107.83888825112123 102.80076109319529 51.44116147178195 94.39366645944362 99.52830951129764
1.0316441852588265 2004.8393430966871 0.045454545454545456 1.1755696423575357 2383.0683382183684 0.06818181818181818 move_t 100 3038.5065519809723 105.21275202014492 92.81422886974366 107.83888825112123 102.80076109319529 51.44116147178195 94.39366645944362 99.52830951129764
1.0316441852588265 2004.8393430966871 0.045454545454545456 1.1649880355941142 2356.316494196097 0.06818181818181818 t_swap_k 100 3039.918092727661 105.21275202014492 92.81422886974366 108.05049936861002 102.80076109319529 51.44116147178195 94.39366645944362 99.52830951129764
1.0316441852588265 2004.8393430966871 0.045454545454545456 1.2120498758836702 2475.295685067122 0.06818181818181818 t_swap_k 100 3042.1834478378296 105.21275202014492 92.81422886974366 108.06999437492392 102.80076109319529 51.44116147178195 94.39366645944362 99.52830951129764
1.0316441852588265 2004.8393430966871 0.045454545454545456 1.1901015643971264 2434.171619374037 0.09090909090909091 t_swap_r_k 100 3043.7931056022644 105.21275202014492 92.81422886974366 108.06999437492392 102.80076109319529 51.44116147178195 94.48972979484918 99.52830951129764
1.0316441852588265 2004.8393430966871 0.045454545454545456 1.1427729096819166 2328.8823471612704 0.11363636363636365 t_multiswap_k 100 3045.3095529079437 105.21275202014492 92.81422886974366 108.06999437492392 102.80076109319529 51.44116147178195 94.48972979484918 99.65302641618466
1.0316441852588265 2004.8393430966871 0.045454545454545456 1.1867910370439496 2397.0731949394353 0.045454545454545456 t_move_k 100 3046.3300318717957 105.28062449994347 92.81422886974366 108.06999437492392 102.80076109319529 51.44116147178195 94.48972979484918 99.65302641618466
1.0316441852588265 2004.8393430966871 0.045454545454545456 1.235657556687328 2520.614878224236 0.045454545454545456 t_move_k 100 3047.4863934516907 105.44781825494404 92.81422886974366 108.06999437492392 102.80076109319529 51.44116147178195 94.48972979484918 99.65302641618466
1.0316441852588265 2004.8393430966871 0.045454545454545456 1.1448102036787033 2305.3039944711363 0.06818181818181818 t_multiswap_k 100 3048.8835043907166 105.44781825494404 92.81422886974366 108.06999437492392 102.80076109319529 51.44116147178195 94.48972979484918 99.68649615202281
1.0316441852588265 2004.8393430966871 0.045454545454545456 1.1445288876634445 2318.957250997466 0.09090909090909091 t_move_k 100 3050.20063996315 105.4333400723946 92.81422886974366 108.06999437492392 102.80076109319529 51.44116147178195 94.48972979484918 99.68649615202281
1.0316441852588265 2004.8393430966871 0.045454545454545456 1.1445288876634445 2318.957250997466 0.09090909090909091 f_swap_t 100 3052.9797735214233 105.4333400723946 92.81422886974366 108.06999437492392 102.77275348226334 51.44116147178195 94.48972979484918 99.68649615202281
1.0316441852588265 2004.8393430966871 0.045454545454545456 1.1950139145548686 2446.590756480603 0.09090909090909091 f_swap_t 100 3054.4969284534454 105.4333400723946 92.81422886974366 108.06999437492392 102.88502594744071 51.44116147178195 94.48972979484918 99.68649615202281
1.0316441852588265 2004.8393430966871 0.045454545454545456 1.1534622396817191 2327.177602402576 0.06818181818181818 move_t 100 3055.4651980400085 105.4333400723946 92.88608658104623 108.06999437492392 102.88502594744071 51.44116147178195 94.48972979484918 99.68649615202281
1.0316441852588265 2004.8393430966871 0.045454545454545456 1.1754380051856281 2382.7355402634707 0.06818181818181818 t_multiswap_k 100 3056.4459159374237 105.4333400723946 92.88608658104623 108.06999437492392 102.88502594744071 51.44116147178195 94.48972979484918 99.88963119050258
1.0316441852588265 2004.8393430966871 0.045454545454545456 1.1477435071438202 2327.0842775306423 0.09090909090909091 t_swap_r_k 100 3057.43771982193 105.4333400723946 92.88608658104623 108.06999437492392 102.88502594744071 51.44116147178195 94.64483249690069 99.88963119050258
1.0316441852588265 2004.8393430966871 0.045454545454545456 1.3410729197817457 2801.4847433840037 0.06818181818181818 t_swap_k 100 3058.4165511131287 105.4333400723946 92.88608658104623 108.12929443117469 102.88502594744071 51.44116147178195 94.64483249690069 99.88963119050258
1.0316441852588265 2004.8393430966871 0.045454545454545456 1.2095829342264532 2454.694432623837 0.045454545454545456 t_multiswap_k 100 3059.2097692489624 105.4333400723946 92.88608658104623 108.12929443117469 102.88502594744071 51.44116147178195 94.64483249690069 99.95073487859756
1.0316441852588265 2004.8393430966871 0.045454545454545456 1.162421211413167 2349.827188587173 0.06818181818181818 f_swap_t 100 3060.674334049225 105.4333400723946 92.88608658104623 108.12929443117469 102.8861756879663 51.44116147178195 94.64483249690069 99.95073487859756
1.0316441852588265 2004.8393430966871 0.045454545454545456 1.1575025257142273 2323.02756989828 0.045454545454545456 t_multiswap_k 100 3061.514616250992 105.4333400723946 92.88608658104623 108.12929443117469 102.8861756879663 51.44116147178195 94.64483249690069 99.98122752981158
1.0316441852588265 2004.8393430966871 0.045454545454545456 1.1533024331747908 2312.409123852589 0.045454545454545456 swap_t 100 3062.972047328949 105.4333400723946 92.88608658104623 108.12929443117469 102.8861756879663 51.92674985706413 94.64483249690069 99.98122752981158
1.0316441852588265 2004.8393430966871 0.045454545454545456 1.2528147258818436 2621.4485600139783 0.13636363636363635 f_swap_t 100 3066.237743139267 105.4333400723946 92.88608658104623 108.12929443117469 102.99731393108664 51.92674985706413 94.64483249690069 99.98122752981158
1.0316441852588265 2004.8393430966871 0.045454545454545456 1.2949994262156075 2728.0976303003713 0.13636363636363635 t_swap_k 100 3067.6452507972717 105.4333400723946 92.88608658104623 108.12800148686294 102.99731393108664 51.92674985706413 94.64483249690069 99.98122752981158
1.0316441852588265 2004.8393430966871 0.045454545454545456 1.2723267966565495 2598.9555964953524 0.022727272727272728 t_swap_r_k 100 3069.0751497745514 105.4333400723946 92.88608658104623 108.12800148686294 102.99731393108664 51.92674985706413 94.73838417193168 99.98122752981158
1.0316441852588265 2004.8393430966871 0.045454545454545456 1.2589320878288839 2565.0918204835525 0.022727272727272728 t_multiswap_k 100 3070.218123435974 105.4333400723946 92.88608658104623 108.12800148686294 102.99731393108664 51.92674985706413 94.73838417193168 100.02141525451346
1.0316441852588265 2004.8393430966871 0.045454545454545456 1.226700054344647 2512.3334712794467 0.06818181818181818 t_move_k 100 3071.3031933307648 105.53900667167065 92.88608658104623 108.12800148686294 102.99731393108664 51.92674985706413 94.73838417193168 100.02141525451346
1.0316441852588265 2004.8393430966871 0.045454545454545456 1.273675453049052 2616.7296608146694 0.045454545454545456 f_swap_t 100 3073.0008387565613 105.53900667167065 92.88608658104623 108.12800148686294 103.03734079177578 51.92674985706413 94.73838417193168 100.02141525451346
1.0316441852588265 2004.8393430966871 0.045454545454545456 1.2323870860729356 2512.346651884727 0.045454545454545456 t_multiswap_k 100 3074.553240776062 105.53900667167065 92.88608658104623 108.12800148686294 103.03734079177578 51.92674985706413 94.73838417193168 100.03120110196832
1.0316441852588265 2004.8393430966871 0.045454545454545456 1.2239643966532578 2491.052865540091 0.045454545454545456 swap_t 100 3076.002815723419 105.53900667167065 92.88608658104623 108.12800148686294 103.03734079177578 52.40748235849349 94.73838417193168 100.03120110196832
1.0316441852588265 2004.8393430966871 0.045454545454545456 1.2239643966532578 2491.052865540091 0.045454545454545456 swap_t 100 3077.6335728168488 105.53900667167065 92.88608658104623 108.12800148686294 103.03734079177578 52.88340753490856 94.73838417193168 100.03120110196832
1.0316441852588265 2004.8393430966871 0.045454545454545456 1.2253077533325243 2494.4490670011237 0.045454545454545456 t_move_k 100 3079.047861814499 105.58361660495395 92.88608658104623 108.12800148686294 103.03734079177578 52.88340753490856 94.73838417193168 100.03120110196832
1.0316441852588265 2004.8393430966871 0.045454545454545456 1.1973203648651458 2423.6928701768206 0.045454545454545456 t_swap_k 100 3081.0908708572388 105.58361660495395 92.88608658104623 108.04672147199432 103.03734079177578 52.88340753490856 94.73838417193168 100.03120110196832
1.0316441852588265 2004.8393430966871 0.045454545454545456 1.249473494211129 2555.5435817681823 0.045454545454545456 t_move_k 100 3082.8806488513947 105.6377804389044 92.88608658104623 108.04672147199432 103.03734079177578 52.88340753490856 94.73838417193168 100.03120110196832
1.0316441852588265 2004.8393430966871 0.045454545454545456 1.2083605357859626 2451.6040312184364 0.045454545454545456 swap_t 100 3084.346929550171 105.6377804389044 92.88608658104623 108.04672147199432 103.03734079177578 53.35457345955947 94.73838417193168 100.03120110196832
1.0316441852588265 2004.8393430966871 0.045454545454545456 1.3549926611246743 2822.311413699829 0.045454545454545456 f_swap_t 100 3086.0651009082794 105.6377804389044 92.88608658104623 108.04672147199432 103.28696738385801 53.35457345955947 94.73838417193168 100.03120110196832
1.0316441852588265 2004.8393430966871 0.045454545454545456 1.2815647347982764 2636.6749148315334 0.045454545454545456 t_multiswap_k 100 3087.2119340896606 105.6377804389044 92.88608658104623 108.04672147199432 103.28696738385801 53.35457345955947 94.73838417193168 100.22088909094863
1.0316441852588265 2004.8393430966871 0.045454545454545456 1.3382698004434133 2765.669120358701 0.022727272727272728 t_swap_k 100 3088.446099758148 105.6377804389044 92.88608658104623 108.15625425727437 103.28696738385801 53.35457345955947 94.73838417193168 100.22088909094863
1.0316441852588265 2004.8393430966871 0.045454545454545456 1.3042816710574243 2679.7421759663016 0.022727272727272728 move_t 100 3089.5053107738495 105.6377804389044 92.95722571523577 108.15625425727437 103.28696738385801 53.35457345955947 94.73838417193168 100.22088909094863
1.0316441852588265 2004.8393430966871 0.045454545454545456 1.2996352446820159 2667.9953329362265 0.022727272727272728 f_swap_t 100 3090.8964653015137 105.6377804389044 92.95722571523577 108.15625425727437 103.25409771001944 53.35457345955947 94.73838417193168 100.22088909094863
1.0316441852588265 2004.8393430966871 0.045454545454545456 1.2591875023407766 2565.7375455927863 0.022727272727272728 t_move_k 100 3091.9021668434143 105.61140263451536 92.95722571523577 108.15625425727437 103.25409771001944 53.35457345955947 94.73838417193168 100.22088909094863
1.0316441852588265 2004.8393430966871 0.045454545454545456 1.251674209277011 2546.7428457679666 0.022727272727272728 t_swap_r_k 100 3092.575398683548 105.61140263451536 92.95722571523577 108.15625425727437 103.25409771001944 53.35457345955947 94.83100033021236 100.22088909094863
1.0316441852588265 2004.8393430966871 0.045454545454545456 1.2812689073193333 2635.92701985196 0.045454545454545456 t_multiswap_k 100 3093.6103875637054 105.61140263451536 92.95722571523577 108.15625425727437 103.25409771001944 53.35457345955947 94.83100033021236 100.39868020003915
1.0316441852588265 2004.8393430966871 0.045454545454545456 1.2724876110444354 2613.7266231152867 0.045454545454545456 t_swap_k 100 3095.1868665218353 105.61140263451536 92.95722571523577 108.11469171470162 103.25409771001944 53.35457345955947 94.83100033021236 100.39868020003915
1.0316441852588265 2004.8393430966871 0.045454545454545456 1.2336659330932669 2529.944227937435 0.06818181818181818 f_swap_t 100 3098.2075345516205 105.61140263451536 92.95722571523577 108.11469171470162 103.30155673291924 53.35457345955947 94.83100033021236 100.39868020003915
1.0316441852588265 2004.8393430966871 0.045454545454545456 1.2778813758662422 2612.998382241343 0.022727272727272728 t_swap_k 100 3099.8934228420258 105.61140263451536 92.95722571523577 108.16354479755461 103.30155673291924 53.35457345955947 94.83100033021236 100.39868020003915
1.0316441852588265 2004.8393430966871 0.045454545454545456 1.2518967498855713 2547.305460858655 0.022727272727272728 t_move_k 100 3101.181341648102 105.6152886081702 92.95722571523577 108.16354479755461 103.30155673291924 53.35457345955947 94.83100033021236 100.39868020003915
1.0316441852588265 2004.8393430966871 0.045454545454545456 1.252892906497494 2564.188354360649 0.045454545454545456 f_swap_t 100 3103.7556631565094 105.6152886081702 92.95722571523577 108.16354479755461 103.45854116559005 53.35457345955947 94.83100033021236 100.39868020003915
1.0316441852588265 2004.8393430966871 0.045454545454545456 1.1745994809866134 2380.6156288849375 0.06818181818181818 move_t 100 3104.6407039165497 105.6152886081702 93.0276534580834 108.16354479755461 103.45854116559005 53.35457345955947 94.83100033021236 100.39868020003915
1.0316441852588265 2004.8393430966871 0.045454545454545456 1.2091523375096895 2467.9702857811435 0.06818181818181818 t_swap_k 100 3106.091287136078 105.6152886081702 93.0276534580834 108.29190934957906 103.45854116559005 53.35457345955947 94.83100033021236 100.39868020003915
1.0316441852588265 2004.8393430966871 0.045454545454545456 1.1801576319730345 2394.6674446030347 0.06818181818181818 f_swap_t 100 3108.138538122177 105.6152886081702 93.0276534580834 108.29190934957906 103.42395575393415 53.35457345955947 94.83100033021236 100.39868020003915
1.0316441852588265 2004.8393430966871 0.045454545454545456 1.3505567986729172 2811.096906955553 0.045454545454545456 f_swap_t 100 3109.8286049365997 105.6152886081702 93.0276534580834 108.29190934957906 103.60971619639481 53.35457345955947 94.83100033021236 100.39868020003915
1.0316441852588265 2004.8393430966871 0.045454545454545456 1.279425530511407 2645.6311590454475 0.06818181818181818 move_t 100 3111.0894639492035 105.6152886081702 93.22737692350258 108.29190934957906 103.60971619639481 53.35457345955947 94.83100033021236 100.39868020003915
1.0316441852588265 2004.8393430966871 0.045454545454545456 1.2631808693928754 2604.5622883008027 0.06818181818181818 t_multiswap_k 100 3112.6678001880646 105.6152886081702 93.22737692350258 108.29190934957906 103.60971619639481 53.35457345955947 94.83100033021236 100.61469339803877
1.0316441852588265 2004.8393430966871 0.045454545454545456 1.3247459387234486 2774.572220245489 0.09090909090909091 t_swap_k 100 3114.522312641144 105.6152886081702 93.22737692350258 108.48899025608327 103.60971619639481 53.35457345955947 94.83100033021236 100.61469339803877
1.0316441852588265 2004.8393430966871 0.045454545454545456 1.2885396691237196 2668.6730297183194 0.06818181818181818 t_swap_k 100 3116.1623125076294 105.6152886081702 93.22737692350258 108.40410035352244 103.60971619639481 53.35457345955947 94.83100033021236 100.61469339803877
1.0316441852588265 2004.8393430966871 0.045454545454545456 1.2406876426878852 2547.696133110688 0.06818181818181818 t_multiswap_k 100 3118.4012191295624 105.6152886081702 93.22737692350258 108.40410035352244 103.60971619639481 53.35457345955947 94.83100033021236 100.79854646405838
1.0316441852588265 2004.8393430966871 0.045454545454545456 1.268853129827419 2575.809196101057 0.0 f_swap_t 100 3121.234532594681 105.6152886081702 93.22737692350258 108.40410035352244 103.64361903443087 53.35457345955947 94.83100033021236 100.79854646405838
1.0316441852588265 2004.8393430966871 0.045454545454545456 1.2358670831486607 2521.144591654098 0.045454545454545456 t_swap_k 100 3122.629875898361 105.6152886081702 93.22737692350258 108.39005934998721 103.64361903443087 53.35457345955947 94.83100033021236 100.79854646405838
1.0316441852588265 2004.8393430966871 0.045454545454545456 1.2118901520224816 2503.620808690195 0.11363636363636363 f_swap_t 100 3124.5173165798187 105.6152886081702 93.22737692350258 108.39005934998721 103.66718284408657 53.35457345955947 94.83100033021236 100.79854646405838
1.0316441852588265 2004.8393430966871 0.045454545454545456 1.273000096571956 2624.058147360277 0.045454545454545456 swap_t 100 3125.5921626091003 105.6152886081702 93.22737692350258 108.39005934998721 103.66718284408657 53.971027724963875 94.83100033021236 100.79854646405838
1.0316441852588265 2004.8393430966871 0.045454545454545456 1.1721916190572446 2345.7992741928515 0.022727272727272728 t_move_k 100 3126.7990429401398 105.5891357220885 93.22737692350258 108.39005934998721 103.66718284408657 53.971027724963875 94.83100033021236 100.79854646405838
1.0316441852588265 2004.8393430966871 0.045454545454545456 1.1309644584977954 2241.5710040042404 0.022727272727272728 f_swap_t 100 3129.59596824646 105.5891357220885 93.22737692350258 108.39005934998721 103.63051101564571 53.971027724963875 94.83100033021236 100.79854646405838
1.0316441852588265 2004.8393430966871 0.045454545454545456 1.130217580836088 2239.682788428249 0.022727272727272728 t_swap_r_k 100 3131.0486216545105 105.5891357220885 93.22737692350258 108.39005934998721 103.63051101564571 53.971027724963875 94.92269032691024 100.79854646405838
1.0316441852588265 2004.8393430966871 0.045454545454545456 1.130217580836088 2239.682788428249 0.022727272727272728 move_t 100 3132.679285764694 105.5891357220885 93.29510315426755 108.39005934998721 103.63051101564571 53.971027724963875 94.92269032691024 100.79854646405838
1.0316441852588265 2004.8393430966871 0.045454545454545456 1.2168954540341743 2458.81708398656 0.022727272727272728 t_multiswap_k 100 3134.4223828315735 105.5891357220885 93.29510315426755 108.39005934998721 103.63051101564571 53.971027724963875 94.92269032691024 100.87056099941779
1.0316441852588265 2004.8393430966871 0.045454545454545456 1.2804206255305297 2619.417975453543 0.022727272727272728 t_multiswap_k 100 3135.6659412384033 105.5891357220885 93.29510315426755 108.39005934998721 103.63051101564571 53.971027724963875 94.92269032691024 101.17185538942361
1.0316441852588265 2004.8393430966871 0.045454545454545456 1.2159224291292507 2470.721599632715 0.045454545454545456 move_t 100 3136.6448373794556 105.5891357220885 93.36215212272488 108.39005934998721 103.63051101564571 53.971027724963875 94.92269032691024 101.17185538942361
1.0316441852588265 2004.8393430966871 0.045454545454545456 1.214729893343851 2453.342230960595 0.022727272727272728 t_swap_r_k 100 3138.528442621231 105.5891357220885 93.36215212272488 108.39005934998721 103.63051101564571 53.971027724963875 95.01346342364114 101.17185538942361
1.0316441852588265 2004.8393430966871 0.045454545454545456 1.273420367774973 2601.7203036557485 0.022727272727272728 t_move_k 100 3140.2553939819336 105.60324436486762 93.36215212272488 108.39005934998721 103.63051101564571 53.971027724963875 95.01346342364114 101.17185538942361
1.0316441852588265 2004.8393430966871 0.045454545454545456 1.2208738939877721 2468.8751599924203 0.022727272727272728 t_move_k 100 3142.4315774440765 105.57721192121895 93.36215212272488 108.39005934998721 103.63051101564571 53.971027724963875 95.01346342364114 101.17185538942361
1.0316441852588265 2004.8393430966871 0.045454545454545456 1.2089416045261547 2424.3441288547333 0.0 move_t 100 3143.8936767578125 105.57721192121895 93.42853060149763 108.39005934998721 103.63051101564571 53.971027724963875 95.01346342364114 101.17185538942361
1.0316441852588265 2004.8393430966871 0.045454545454545456 1.2089416045261547 2424.3441288547333 0.0 t_move_k 100 3146.007246017456 105.52143980200675 93.42853060149763 108.39005934998721 103.63051101564571 53.971027724963875 95.01346342364114 101.17185538942361
1.0316441852588265 2004.8393430966871 0.045454545454545456 1.2089416045261547 2424.3441288547333 0.0 t_multiswap_k 100 3146.9588856697083 105.52143980200675 93.42853060149763 108.39005934998721 103.63051101564571 53.971027724963875 95.01346342364114 101.16013683552937
1.0316441852588265 2004.8393430966871 0.045454545454545456 1.2419775222487723 2522.2282078011763 0.022727272727272728 t_multiswap_k 100 3148.6133284568787 105.52143980200675 93.42853060149763 108.39005934998721 103.63051101564571 53.971027724963875 95.01346342364114 101.25853546717408
1.0316441852588265 2004.8393430966871 0.045454545454545456 1.3430106224731957 2792.019073770771 0.045454545454545456 move_t 100 3150.337481737137 105.52143980200675 93.59424529548265 108.39005934998721 103.63051101564571 53.971027724963875 95.01346342364114 101.25853546717408
1.0316441852588265 2004.8393430966871 0.045454545454545456 1.3201649372074673 2734.261851973099 0.045454545454545456 t_move_k 100 3151.8974092006683 105.60622540398668 93.59424529548265 108.39005934998721 103.63051101564571 53.971027724963875 95.01346342364114 101.25853546717408
1.0316441852588265 2004.8393430966871 0.045454545454545456 1.2912288954562732 2675.471785804942 0.06818181818181818 move_t 100 3152.6864013671875 105.60622540398668 93.65830284252782 108.39005934998721 103.63051101564571 53.971027724963875 95.01346342364114 101.25853546717408
1.0316441852588265 2004.8393430966871 0.045454545454545456 1.2895454232830905 2671.215722808111 0.06818181818181818 f_swap_t 100 3155.3707118034363 105.60622540398668 93.65830284252782 108.39005934998721 103.59420590548925 53.971027724963875 95.01346342364114 101.25853546717408
1.0316441852588265 2004.8393430966871 0.045454545454545456 1.3172294267190088 2741.204918058667 0.06818181818181818 t_move_k 100 3156.8904416561127 105.60016314994682 93.65830284252782 108.39005934998721 103.59420590548925 53.971027724963875 95.01346342364114 101.25853546717408
1.0316441852588265 2004.8393430966871 0.045454545454545456 1.2927306049791056 2679.268326332269 0.06818181818181818 t_swap_k 100 3157.873507976532 105.60016314994682 93.65830284252782 108.30615875648733 103.59420590548925 53.971027724963875 95.01346342364114 101.25853546717408
1.0316441852588265 2004.8393430966871 0.045454545454545456 1.2906966037658794 2674.1260748373984 0.06818181818181818 swap_t 100 3159.494959115982 105.60016314994682 93.65830284252782 108.30615875648733 103.59420590548925 54.431317447714235 95.01346342364114 101.25853546717408
1.0316441852588265 2004.8393430966871 0.045454545454545456 1.2906966037658794 2674.1260748373984 0.06818181818181818 t_swap_r_k 100 3160.9007799625397 105.60016314994682 93.65830284252782 108.30615875648733 103.59420590548925 54.431317447714235 95.13332878940473 101.25853546717408
1.0316441852588265 2004.8393430966871 0.045454545454545456 1.2310605670428578 2508.9930184546997 0.045454545454545456 t_multiswap_k 100 3162.7668499946594 105.60016314994682 93.65830284252782 108.30615875648733 103.59420590548925 54.431317447714235 95.13332878940473 101.49595011250234
1.0316441852588265 2004.8393430966871 0.045454545454545456 1.163974550820138 2353.754256985953 0.06818181818181818 t_move_k 100 3164.7964103221893 105.54416151844735 93.65830284252782 108.30615875648733 103.59420590548925 54.431317447714235 95.13332878940473 101.49595011250234
1.0316441852588265 2004.8393430966871 0.045454545454545456 1.2574195806455921 2589.9969107186976 0.06818181818181818 f_swap_t 100 3167.10356259346 105.54416151844735 93.65830284252782 108.30615875648733 103.62826384643435 54.431317447714235 95.13332878940473 101.49595011250234
1.0316441852588265 2004.8393430966871 0.045454545454545456 1.2262459590307717 2511.1854521477935 0.06818181818181818 t_move_k 100 3169.000786304474 105.59871990326288 93.65830284252782 108.30615875648733 103.62826384643435 54.431317447714235 95.13332878940473 101.49595011250234
1.0316441852588265 2004.8393430966871 0.045454545454545456 1.2965998278969826 2717.7792145766634 0.11363636363636363 f_swap_t 100 3172.1800117492676 105.59871990326288 93.65830284252782 108.30615875648733 103.73198120797001 54.431317447714235 95.13332878940473 101.49595011250234
1.0316441852588265 2004.8393430966871 0.045454545454545456 1.2673156078667493 2615.0155097442907 0.06818181818181818 f_swap_t 100 3175.2880868911743 105.59871990326288 93.65830284252782 108.30615875648733 103.72466139589031 54.431317447714235 95.13332878940473 101.49595011250234
1.0316441852588265 2004.8393430966871 0.045454545454545456 1.2351353937920742 2576.7526319703884 0.13636363636363635 f_swap_t 100 3177.1957132816315 105.59871990326288 93.65830284252782 108.30615875648733 103.68741478193141 54.431317447714235 95.13332878940473 101.49595011250234
1.0316441852588265 2004.8393430966871 0.045454545454545456 1.231406433355985 2567.3252765430143 0.13636363636363635 swap_t 100 3179.059834957123 105.59871990326288 93.65830284252782 108.30615875648733 103.68741478193141 54.887004273237096 95.13332878940473 101.49595011250234
1.0316441852588265 2004.8393430966871 0.045454545454545456 1.231406433355985 2567.3252765430143 0.13636363636363635 f_swap_t 100 3181.260936975479 105.59871990326288 93.65830284252782 108.30615875648733 103.65054063411209 54.887004273237096 95.13332878940473 101.49595011250234
1.0316441852588265 2004.8393430966871 0.045454545454545456 1.2754621907154298 2635.611258438693 0.06818181818181818 t_multiswap_k 100 3182.158675670624 105.59871990326288 93.65830284252782 108.30615875648733 103.65054063411209 54.887004273237096 95.13332878940473 101.62099061137732
1.0316441852588265 2004.8393430966871 0.045454545454545456 1.248196751037606 2566.6802533685377 0.06818181818181818 t_multiswap_k 100 3183.1013305187225 105.59871990326288 93.65830284252782 108.30615875648733 103.65054063411209 54.887004273237096 95.13332878940473 101.63478070526355
1.0316441852588265 2004.8393430966871 0.045454545454545456 1.2080538540577521 2465.193159525719 0.06818181818181818 move_t 100 3184.1960349082947 105.59871990326288 93.72171981410254 108.30615875648733 103.65054063411209 54.887004273237096 95.13332878940473 101.63478070526355
1.0316441852588265 2004.8393430966871 0.045454545454545456 1.2056846264454313 2444.8389424284155 0.045454545454545456 t_swap_r_k 100 3185.701958179474 105.59871990326288 93.72171981410254 108.30615875648733 103.65054063411209 54.887004273237096 95.22199550151068 101.63478070526355
1.0316441852588265 2004.8393430966871 0.045454545454545456 1.2870546386504524 2650.554191848173 0.045454545454545456 t_swap_k 100 3187.7218885421753 105.59871990326288 93.72171981410254 108.34309716892245 103.65054063411209 54.887004273237096 95.22199550151068 101.63478070526355
1.0316441852588265 2004.8393430966871 0.045454545454545456 1.2495379015279513 2541.3419484407323 0.022727272727272728 t_multiswap_k 100 3189.6834604740143 105.59871990326288 93.72171981410254 108.34309716892245 103.65054063411209 54.887004273237096 95.22199550151068 101.71843289821092
1.0316441852588265 2004.8393430966871 0.045454545454545456 1.2358433288064474 2521.0845372151134 0.045454545454545456 f_swap_t 100 3192.2693922519684 105.59871990326288 93.72171981410254 108.34309716892245 103.61403522777097 54.887004273237096 95.22199550151068 101.71843289821092
1.0316441852588265 2004.8393430966871 0.045454545454545456 1.212574386403272 2447.89279527918 0.022727272727272728 t_move_k 100 3194.067664384842 105.79273270423025 93.72171981410254 108.34309716892245 103.61403522777097 54.887004273237096 95.22199550151068 101.71843289821092
1.0316441852588265 2004.8393430966871 0.045454545454545456 1.196705112640866 2407.7729584783892 0.022727272727272728 t_multiswap_k 100 3195.8292667865753 105.79273270423025 93.72171981410254 108.34309716892245 103.61403522777097 54.887004273237096 95.22199550151068 101.71124856922881
1.0316441852588265 2004.8393430966871 0.045454545454545456 1.1868609276708713 2411.614353040757 0.06818181818181818 move_t 100 3197.0362510681152 105.79273270423025 93.81450261596152 108.34309716892245 103.61403522777097 54.887004273237096 95.22199550151068 101.71124856922881
1.0316441852588265 2004.8393430966871 0.045454545454545456 1.1878555806616058 2414.1289807583926 0.06818181818181818 t_move_k 100 3199.2754640579224 105.85480537718794 93.81450261596152 108.34309716892245 103.61403522777097 54.887004273237096 95.22199550151068 101.71124856922881
1.0316441852588265 2004.8393430966871 0.045454545454545456 1.1808194079200482 2367.611581820147 0.022727272727272728 t_swap_k 100 3201.5180304050446 105.85480537718794 93.81450261596152 108.35966619723322 103.61403522777097 54.887004273237096 95.22199550151068 101.71124856922881
1.0316441852588265 2004.8393430966871 0.045454545454545456 1.2184617770053194 2491.505905549472 0.06818181818181818 t_swap_k 100 3202.787934064865 105.85480537718794 93.81450261596152 108.3260695352609 103.61403522777097 54.887004273237096 95.22199550151068 101.71124856922881
1.0316441852588265 2004.8393430966871 0.045454545454545456 1.2031432145846486 2452.7783472792275 0.06818181818181818 t_swap_r_k 100 3203.7191047668457 105.85480537718794 93.81450261596152 108.3260695352609 103.61403522777097 54.887004273237096 95.33977554649557 101.71124856922881
1.0316441852588265 2004.8393430966871 0.045454545454545456 1.1752654154252262 2382.2992081965795 0.06818181818181818 t_swap_k 100 3205.9213950634003 105.85480537718794 93.81450261596152 108.2728088399083 103.61403522777097 54.887004273237096 95.33977554649557 101.71124856922881
1.0316441852588265 2004.8393430966871 0.045454545454545456 1.3082699301496716 2704.1895405965356 0.045454545454545456 swap_t 100 3207.87105178833 105.85480537718794 93.81450261596152 108.2728088399083 103.61403522777097 55.388134230504726 95.33977554649557 101.71124856922881
1.0316441852588265 2004.8393430966871 0.045454545454545456 1.3329105195135689 2752.1200771262183 0.022727272727272728 t_swap_k 100 3210.674297094345 105.85480537718794 93.81450261596152 108.41008075150921 103.61403522777097 55.388134230504726 95.33977554649557 101.71124856922881
1.0316441852588265 2004.8393430966871 0.045454545454545456 1.3165069261389406 2725.013866886822 0.045454545454545456 f_swap_t 100 3214.731449365616 105.85480537718794 93.81450261596152 108.41008075150921 103.88789487549326 55.388134230504726 95.33977554649557 101.71124856922881
1.0316441852588265 2004.8393430966871 0.045454545454545456 1.4697856081602017 3112.524713306356 0.045454545454545456 f_swap_t 100 3218.603193998337 105.85480537718794 93.81450261596152 108.41008075150921 104.09901592673833 55.388134230504726 95.33977554649557 101.71124856922881
1.0316441852588265 2004.8393430966871 0.045454545454545456 1.3896351971328242 2924.257257814721 0.06818181818181818 t_move_k 100 3220.405011177063 106.03625732341607 93.81450261596152 108.41008075150921 104.09901592673833 55.388134230504726 95.33977554649557 101.71124856922881
1.0316441852588265 2004.8393430966871 0.045454545454545456 1.3269449631654868 2765.7672101018115 0.06818181818181818 t_swap_r_k 100 3221.231604576111 106.03625732341607 93.81450261596152 108.41008075150921 104.09901592673833 55.388134230504726 95.45637779103062 101.71124856922881
1.0316441852588265 2004.8393430966871 0.045454545454545456 1.269815686165873 2678.793929680114 0.1590909090909091 t_multiswap_k 100 3222.6832840442657 106.03625732341607 93.81450261596152 108.41008075150921 104.09901592673833 55.388134230504726 95.45637779103062 101.82413608353653
1.0316441852588265 2004.8393430966871 0.045454545454545456 1.3143905518068408 2734.027828553547 0.06818181818181818 t_multiswap_k 100 3223.4860696792603 106.03625732341607 93.81450261596152 108.41008075150921 104.09901592673833 55.388134230504726 95.45637779103062 101.91589472270117
1.0316441852588265 2004.8393430966871 0.045454545454545456 1.2533964173256595 2622.919160757511 0.13636363636363635 t_multiswap_k 100 3225.241206407547 106.03625732341607 93.81450261596152 108.41008075150921 104.09901592673833 55.388134230504726 95.45637779103062 101.99673577547415
1.0316441852588265 2004.8393430966871 0.045454545454545456 1.237339106078639 2553.5950089700004 0.09090909090909091 f_swap_t 100 3227.4468026161194 106.03625732341607 93.81450261596152 108.41008075150921 104.05802576747095 55.388134230504726 95.45637779103062 101.99673577547415
1.0316441852588265 2004.8393430966871 0.045454545454545456 1.2360148811036635 2550.247175245599 0.09090909090909091 t_swap_k 100 3229.3079676628113 106.03625732341607 93.81450261596152 108.35597994399411 104.05802576747095 55.388134230504726 95.45637779103062 101.99673577547415
1.0316441852588265 2004.8393430966871 0.045454545454545456 1.2437793953676919 2598.6059276984583 0.13636363636363635 t_move_k 100 3230.2172751426697 106.1058947501819 93.81450261596152 108.35597994399411 104.05802576747095 55.388134230504726 95.45637779103062 101.99673577547415
1.0316441852588265 2004.8393430966871 0.045454545454545456 1.232448444364101 2569.959632230373 0.13636363636363635 t_swap_r_k 100 3231.099240541458 106.1058947501819 93.81450261596152 108.35597994399411 104.05802576747095 55.388134230504726 95.57181401312032 101.99673577547415
1.0316441852588265 2004.8393430966871 0.045454545454545456 1.2037708961405478 2497.4586109611223 0.13636363636363635 t_multiswap_k 100 3232.4231593608856 106.1058947501819 93.81450261596152 108.35597994399411 104.05802576747095 55.388134230504726 95.57181401312032 102.00676841771941
1.0316441852588265 2004.8393430966871 0.045454545454545456 1.2011605876145943 2476.4949061799125 0.11363636363636365 t_swap_r_k 100 3233.451520681381 106.1058947501819 93.81450261596152 108.35597994399411 104.05802576747095 55.388134230504726 95.65609587298911 102.00676841771941
1.0316441852588265 2004.8393430966871 0.045454545454545456 1.2046499493673855 2485.316521217681 0.11363636363636365 t_move_k 100 3235.180979013443 106.18483580268008 93.81450261596152 108.35597994399411 104.05802576747095 55.388134230504726 95.65609587298911 102.00676841771941
1.0316441852588265 2004.8393430966871 0.045454545454545456 1.176771172180092 2386.1059807163156 0.06818181818181818 t_swap_r_k 100 3235.9777488708496 106.18483580268008 93.81450261596152 108.35597994399411 104.05802576747095 55.388134230504726 95.76953491425922 102.00676841771941
1.0316441852588265 2004.8393430966871 0.045454545454545456 1.2329649479748162 2585.629893042454 0.1590909090909091 t_swap_k 100 3237.215111017227 106.18483580268008 93.81450261596152 108.37242014455417 104.05802576747095 55.388134230504726 95.76953491425922 102.00676841771941
1.0316441852588265 2004.8393430966871 0.045454545454545456 1.2089927180221216 2525.0246020976647 0.1590909090909091 move_t 100 3238.7183294296265 106.18483580268008 93.9063575898019 108.37242014455417 104.05802576747095 55.388134230504726 95.76953491425922 102.00676841771941
1.0316441852588265 2004.8393430966871 0.045454545454545456 1.195613273656005 2505.563881280109 0.18181818181818182 f_swap_t 100 3241.3431656360626 106.18483580268008 93.9063575898019 108.37242014455417 104.01744550979625 55.388134230504726 95.76953491425922 102.00676841771941
1.0316441852588265 2004.8393430966871 0.045454545454545456 1.2239493495573783 2577.201610753971 0.18181818181818182 move_t 100 3242.957333087921 106.18483580268008 93.97729401390389 108.37242014455417 104.01744550979625 55.388134230504726 95.76953491425922 102.00676841771941
1.0316441852588265 2004.8393430966871 0.045454545454545456 1.2001067478170997 2502.5595744108455 0.15909090909090912 t_multiswap_k 100 3244.616454601288 106.18483580268008 93.97729401390389 108.37242014455417 104.01744550979625 55.388134230504726 95.76953491425922 102.01670073354222
1.0316441852588265 2004.8393430966871 0.045454545454545456 1.1948344064964687 2446.1369339481257 0.09090909090909091 t_swap_r_k 100 3246.2619824409485 106.18483580268008 93.97729401390389 108.37242014455417 104.01744550979625 55.388134230504726 95.85183956511663 102.01670073354222
1.0316441852588265 2004.8393430966871 0.045454545454545456 1.1772301817931856 2430.359817145171 0.13636363636363638 t_multiswap_k 100 3247.7861313819885 106.18483580268008 93.97729401390389 108.37242014455417 104.01744550979625 55.388134230504726 95.85183956511663 102.02653372620681
1.0316441852588265 2004.8393430966871 0.045454545454545456 1.165971583999703 2387.5319767258666 0.11363636363636365 swap_t 100 3249.0499951839447 106.18483580268008 93.97729401390389 108.37242014455417 104.01744550979625 55.83425288819968 95.85183956511663 102.02653372620681
1.0316441852588265 2004.8393430966871 0.045454545454545456 1.1485674337732892 2386.6251417694166 0.18181818181818182 t_swap_k 100 3250.6639029979706 106.18483580268008 93.97729401390389 108.28869594310862 104.01744550979625 55.83425288819968 95.85183956511663 102.02653372620681
1.0316441852588265 2004.8393430966871 0.045454545454545456 1.1472835713186327 2383.379350378666 0.18181818181818182 t_swap_r_k 100 3251.986140012741 106.18483580268008 93.97729401390389 108.28869594310862 104.01744550979625 55.83425288819968 95.93332116946547 102.02653372620681
1.0316441852588265 2004.8393430966871 0.045454545454545456 1.1472835713186327 2383.379350378666 0.18181818181818182 t_move_k 100 3252.706884622574 106.12298744465328 93.97729401390389 108.28869594310862 104.01744550979625 55.83425288819968 95.93332116946547 102.02653372620681
1.0316441852588265 2004.8393430966871 0.045454545454545456 1.2470196682943948 2606.797809882589 0.13636363636363635 f_swap_t 100 3254.797323703766 106.12298744465328 93.97729401390389 108.28869594310862 104.04727105469829 55.83425288819968 95.93332116946547 102.02653372620681
1.0316441852588265 2004.8393430966871 0.045454545454545456 1.1794092346907765 2464.5977092591374 0.18181818181818182 t_swap_k 100 3256.562230825424 106.12298744465328 93.97729401390389 108.26580898367753 104.04727105469829 55.83425288819968 95.93332116946547 102.02653372620681
1.0316441852588265 2004.8393430966871 0.045454545454545456 1.1794092346907765 2464.5977092591374 0.18181818181818182 swap_t 100 3258.123516559601 106.12298744465328 93.97729401390389 108.26580898367753 104.04727105469829 56.275910359317685 95.93332116946547 102.02653372620681
1.0316441852588265 2004.8393430966871 0.045454545454545456 1.2132181928445525 2550.071682664748 0.18181818181818182 f_swap_t 100 3261.118041038513 106.12298744465328 93.97729401390389 108.26580898367753 104.0567983441513 56.275910359317685 95.93332116946547 102.02653372620681
1.0316441852588265 2004.8393430966871 0.045454545454545456 1.357249232252872 2856.74528319799 0.09090909090909091 t_swap_k 100 3263.135644674301 106.12298744465328 93.97729401390389 108.46315089384076 104.0567983441513 56.275910359317685 95.93332116946547 102.02653372620681
1.0316441852588265 2004.8393430966871 0.045454545454545456 1.2618339505576195 2644.250474422879 0.13636363636363635 t_swap_k 100 3265.262848138809 106.12298744465328 93.97729401390389 108.56851938490236 104.0567983441513 56.275910359317685 95.93332116946547 102.02653372620681
1.0316441852588265 2004.8393430966871 0.045454545454545456 1.211430015793209 2531.186446065761 0.1590909090909091 t_multiswap_k 100 3267.1190905570984 106.12298744465328 93.97729401390389 108.56851938490236 104.0567983441513 56.275910359317685 95.93332116946547 102.16626838894474
1.0316441852588265 2004.8393430966871 0.045454545454545456 1.2468002108356075 2647.9255132261796 0.13636363636363635 move_t 100 3269.2576246261597 106.12298744465328 94.16752107376485 108.56851938490236 104.0567983441513 56.275910359317685 95.93332116946547 102.16626838894474
1.0316441852588265 2004.8393430966871 0.045454545454545456 1.1772080550442587 2387.2104842666267 0.06818181818181818 t_swap_r_k 100 3270.8078684806824 106.12298744465328 94.16752107376485 108.56851938490236 104.0567983441513 56.275910359317685 96.04398795777082 102.16626838894474
1.0316441852588265 2004.8393430966871 0.045454545454545456 1.164169659500556 2354.2475201644684 0.06818181818181818 t_swap_r_k 100 3272.065331697464 106.12298744465328 94.16752107376485 108.56851938490236 104.0567983441513 56.275910359317685 96.12354807819311 102.16626838894474
1.0316441852588265 2004.8393430966871 0.045454545454545456 1.3156586718506789 2765.9627496572316 0.11363636363636365 t_swap_k 100 3274.1590905189514 106.12298744465328 94.16752107376485 108.73283419105334 104.0567983441513 56.275910359317685 96.12354807819311 102.16626838894474
1.0316441852588265 2004.8393430966871 0.045454545454545456 1.2521874872917504 2634.227273857646 0.1590909090909091 t_move_k 100 3275.7037088871 106.31175757020674 94.16752107376485 108.73283419105334 104.0567983441513 56.275910359317685 96.12354807819311 102.16626838894474
1.0316441852588265 2004.8393430966871 0.045454545454545456 1.2492737140957018 2598.1319017537517 0.11363636363636363 t_swap_k 100 3278.229169368744 106.31175757020674 94.16752107376485 108.98550584914281 104.0567983441513 56.275910359317685 96.12354807819311 102.16626838894474
1.0316441852588265 2004.8393430966871 0.045454545454545456 1.2506618100162572 2599.9506127755285 0.06818181818181818 move_t 100 3279.6988427639008 106.31175757020674 94.2958458630272 108.98550584914281 104.0567983441513 56.275910359317685 96.12354807819311 102.16626838894474
1.0316441852588265 2004.8393430966871 0.045454545454545456 1.176859068584013 2415.05712445685 0.11363636363636363 t_swap_r_k 100 3281.1961176395416 106.31175757020674 94.2958458630272 108.98550584914281 104.0567983441513 56.275910359317685 96.20231259741118 102.16626838894474
1.0316441852588265 2004.8393430966871 0.045454545454545456 1.3210134674624234 2750.7715245301606 0.06818181818181818 f_swap_t 100 3284.010365009308 106.31175757020674 94.2958458630272 108.98550584914281 104.22623036070979 56.275910359317685 96.20231259741118 102.16626838894474
1.0316441852588265 2004.8393430966871 0.045454545454545456 1.2439078808598252 2541.4729001041246 0.045454545454545456 t_multiswap_k 100 3285.5869603157043 106.31175757020674 94.2958458630272 108.98550584914281 104.22623036070979 56.275910359317685 96.20231259741118 102.1746057050553
1.0316441852588265 2004.8393430966871 0.045454545454545456 1.2276865554310035 2500.4630253839237 0.045454545454545456 t_swap_k 100 3286.9162092208862 106.31175757020674 94.2958458630272 108.89565079065139 104.22623036070979 56.275910359317685 96.20231259741118 102.1746057050553
1.0316441852588265 2004.8393430966871 0.045454545454545456 1.3122361380171448 2714.2166921060134 0.045454545454545456 f_swap_t 100 3288.6263349056244 106.31175757020674 94.2958458630272 108.89565079065139 104.2339680571027 56.275910359317685 96.20231259741118 102.1746057050553
1.0316441852588265 2004.8393430966871 0.045454545454545456 1.266559499725577 2598.7394937601325 0.045454545454545456 f_swap_t 100 3290.499926805496 106.31175757020674 94.2958458630272 108.89565079065139 104.26162837653168 56.275910359317685 96.20231259741118 102.1746057050553
1.0316441852588265 2004.8393430966871 0.045454545454545456 1.2242523429164052 2491.7808356575533 0.045454545454545456 t_swap_k 100 3292.636952638626 106.31175757020674 94.2958458630272 108.80669428274487 104.26162837653168 56.275910359317685 96.20231259741118 102.1746057050553
1.0316441852588265 2004.8393430966871 0.045454545454545456 1.3773234896659285 2893.1314670755714 0.06818181818181818 t_swap_k 100 3294.3284628391266 106.31175757020674 94.2958458630272 108.92862733991743 104.26162837653168 56.275910359317685 96.20231259741118 102.1746057050553
1.0316441852588265 2004.8393430966871 0.045454545454545456 1.4236619392526024 3010.281820825417 0.06818181818181818 f_swap_t 100 3296.413327932358 106.31175757020674 94.2958458630272 108.92862733991743 104.64901209276636 56.275910359317685 96.20231259741118 102.1746057050553
1.0316441852588265 2004.8393430966871 0.045454545454545456 1.3366933992856482 2804.7771417255667 0.09090909090909091 t_swap_k 100 3298.3321256637573 106.31175757020674 94.2958458630272 108.92934106651825 104.64901209276636 56.275910359317685 96.20231259741118 102.1746057050553
1.0316441852588265 2004.8393430966871 0.045454545454545456 1.327061314775595 2766.06136392882 0.06818181818181818 move_t 100 3299.8358635902405 106.31175757020674 94.48288740439692 108.92934106651825 104.64901209276636 56.275910359317685 96.20231259741118 102.1746057050553
1.0316441852588265 2004.8393430966871 0.045454545454545456 1.2630422651586148 2604.211876596922 0.06818181818181818 move_t 100 3301.3450787067413 106.31175757020674 94.56805853035296 108.92934106651825 104.64901209276636 56.275910359317685 96.20231259741118 102.1746057050553
1.0316441852588265 2004.8393430966871 0.045454545454545456 1.2471843224694033 2578.4851508113775 0.09090909090909091 t_swap_k 100 3303.2139444351196 106.31175757020674 94.56805853035296 108.92004765585307 104.64901209276636 56.275910359317685 96.20231259741118 102.1746057050553
1.0316441852588265 2004.8393430966871 0.045454545454545456 1.2556972321384323 2585.6425626838786 0.06818181818181818 t_multiswap_k 100 3304.673636198044 106.31175757020674 94.56805853035296 108.92004765585307 104.64901209276636 56.275910359317685 96.20231259741118 102.28285964800475
1.0316441852588265 2004.8393430966871 0.045454545454545456 1.2715163019967322 2625.635476698557 0.06818181818181818 t_swap_k 100 3306.790536880493 106.31175757020674 94.56805853035296 109.03084717929454 104.64901209276636 56.275910359317685 96.20231259741118 102.28285964800475
1.0316441852588265 2004.8393430966871 0.045454545454545456 1.2522656505335252 2576.9670242806264 0.06818181818181818 move_t 100 3308.420553922653 106.31175757020674 94.65237794504942 109.03084717929454 104.64901209276636 56.275910359317685 96.20231259741118 102.28285964800475
1.0316441852588265 2004.8393430966871 0.045454545454545456 1.2556618567707212 2556.8241997771042 0.022727272727272728 t_swap_r_k 100 3309.7140905857086 106.31175757020674 94.65237794504942 109.03084717929454 104.64901209276636 56.275910359317685 96.28028947143707 102.28285964800475
1.0316441852588265 2004.8393430966871 0.045454545454545456 1.3046960531020693 2680.7897941656747 0.022727272727272728 t_swap_k 100 3311.5650403499603 106.31175757020674 94.65237794504942 109.1605387075016 104.64901209276636 56.275910359317685 96.28028947143707 102.28285964800475
1.0316441852588265 2004.8393430966871 0.045454545454545456 1.2776207326633209 2641.0683670609037 0.06818181818181818 t_move_k 100 3312.9980273246765 106.24863999450467 94.65237794504942 109.1605387075016 104.64901209276636 56.275910359317685 96.28028947143707 102.28285964800475
1.0316441852588265 2004.8393430966871 0.045454545454545456 1.2776207326633209 2641.0683670609037 0.06818181818181818 swap_t 100 3313.8879804611206 106.24863999450467 94.65237794504942 109.1605387075016 104.64901209276636 56.713151255724505 96.28028947143707 102.28285964800475
1.0316441852588265 2004.8393430966871 0.045454545454545456 1.2861272429930297 2633.845136060124 0.022727272727272728 t_multiswap_k 100 3315.2825512886047 106.24863999450467 94.65237794504942 109.1605387075016 104.64901209276636 56.713151255724505 96.28028947143707 102.5300310515247
1.0316441852588265 2004.8393430966871 0.045454545454545456 1.2449592013643485 2544.1307915551315 0.045454545454545456 swap_t 100 3316.795253753662 106.24863999450467 94.65237794504942 109.1605387075016 104.64901209276636 57.14601974316726 96.28028947143707 102.5300310515247
1.0316441852588265 2004.8393430966871 0.045454545454545456 1.2204503104730258 2467.8042791356424 0.022727272727272728 t_multiswap_k 100 3318.431915283203 106.24863999450467 94.65237794504942 109.1605387075016 104.64901209276636 57.14601974316726 96.28028947143707 102.59473074100946
1.0316441852588265 2004.8393430966871 0.045454545454545456 1.2142372584616818 2452.0967781836803 0.022727272727272728 t_swap_k 100 3319.72399187088 106.24863999450467 94.65237794504942 109.06893332042658 104.64901209276636 57.14601974316726 96.28028947143707 102.59473074100946
1.0316441852588265 2004.8393430966871 0.045454545454545456 1.208234624060525 2451.28570802662 0.045454545454545456 f_swap_t 100 3322.210836172104 106.24863999450467 94.65237794504942 109.06893332042658 104.6025219718387 57.14601974316726 96.28028947143707 102.59473074100946
1.0316441852588265 2004.8393430966871 0.045454545454545456 1.208234624060525 2451.28570802662 0.045454545454545456 move_t 100 3323.49174118042 106.24863999450467 94.70585416559894 109.06893332042658 104.6025219718387 57.14601974316726 96.28028947143707 102.59473074100946
1.0316441852588265 2004.8393430966871 0.045454545454545456 1.2845887015385524 2644.31994345271 0.045454545454545456 t_multiswap_k 100 3325.108010530472 106.24863999450467 94.70585416559894 109.06893332042658 104.6025219718387 57.14601974316726 96.28028947143707 102.70878343359936
1.0316441852588265 2004.8393430966871 0.045454545454545456 1.2721297165242675 2612.8218136100745 0.045454545454545456 t_swap_r_k 100 3326.8476419448853 106.24863999450467 94.70585416559894 109.06893332042658 104.6025219718387 57.14601974316726 96.3574865767227 102.70878343359936
1.0316441852588265 2004.8393430966871 0.045454545454545456 1.267256167937648 2600.5007725301043 0.045454545454545456 swap_t 100 3328.6447756290436 106.24863999450467 94.70585416559894 109.06893332042658 104.6025219718387 57.57455954573559 96.3574865767227 102.70878343359936
1.0316441852588265 2004.8393430966871 0.045454545454545456 1.3275422306278952 2752.9127248794744 0.045454545454545456 t_swap_k 100 3330.1398038864136 106.24863999450467 94.70585416559894 109.14824398722232 104.6025219718387 57.57455954573559 96.3574865767227 102.70878343359936
1.0316441852588265 2004.8393430966871 0.045454545454545456 1.251453560404332 2560.5494776721434 0.045454545454545456 t_multiswap_k 100 3331.6215360164642 106.24863999450467 94.70585416559894 109.14824398722232 104.6025219718387 57.57455954573559 96.3574865767227 102.80169559926337
1.0316441852588265 2004.8393430966871 0.045454545454545456 1.290219105804356 2658.5544259910134 0.045454545454545456 t_swap_k 100 3333.784594774246 106.24863999450467 94.70585416559894 109.21676154735009 104.6025219718387 57.57455954573559 96.3574865767227 102.80169559926337
1.0316441852588265 2004.8393430966871 0.045454545454545456 1.2649619971815 2594.7007745145775 0.045454545454545456 move_t 100 3335.104803085327 106.24863999450467 94.75879562394294 109.21676154735009 104.6025219718387 57.57455954573559 96.3574865767227 102.80169559926337
1.0316441852588265 2004.8393430966871 0.045454545454545456 1.2583204009456046 2592.274315719357 0.06818181818181818 t_swap_r_k 100 3336.3100044727325 106.24863999450467 94.75879562394294 109.21676154735009 104.6025219718387 57.57455954573559 96.43391171095548 102.80169559926337
1.0316441852588265 2004.8393430966871 0.045454545454545456 1.2459369298232785 2575.3315604115705 0.09090909090909091 t_swap_k 100 3338.2634620666504 106.24863999450467 94.75879562394294 109.15459393187659 104.6025219718387 57.57455954573559 96.43391171095548 102.80169559926337
1.0316441852588265 2004.8393430966871 0.045454545454545456 1.260907090261953 2607.266043984529 0.045454545454545456 move_t 100 3339.032853126526 106.24863999450467 94.88120766770352 109.15459393187659 104.6025219718387 57.57455954573559 96.43391171095548 102.80169559926337
1.0316441852588265 2004.8393430966871 0.045454545454545456 1.2014207209086603 2419.6947034147297 0.022727272727272728 t_swap_k 100 3340.8787517547607 106.24863999450467 94.88120766770352 109.15304799255783 104.6025219718387 57.57455954573559 96.43391171095548 102.80169559926337
1.0316441852588265 2004.8393430966871 0.045454545454545456 1.1831411717360114 2373.481339112197 0.022727272727272728 t_move_k 100 3342.5339345932007 106.25615359455962 94.88120766770352 109.15304799255783 104.6025219718387 57.57455954573559 96.43391171095548 102.80169559926337
1.0316441852588265 2004.8393430966871 0.045454545454545456 1.1785206046997123 2347.4354078491724 0.0 swap_t 100 3343.5158808231354 106.25615359455962 94.88120766770352 109.15304799255783 104.6025219718387 57.99881395027823 96.43391171095548 102.80169559926337
1.0316441852588265 2004.8393430966871 0.045454545454545456 1.1785206046997123 2347.4354078491724 0.0 move_t 100 3344.500551223755 106.25615359455962 94.93239559102649 109.15304799255783 104.6025219718387 57.99881395027823 96.43391171095548 102.80169559926337
1.0316441852588265 2004.8393430966871 0.045454545454545456 1.1919134928350106 2395.659045296189 0.022727272727272728 t_move_k 100 3346.875827550888 106.31359205861402 94.93239559102649 109.15304799255783 104.6025219718387 57.99881395027823 96.43391171095548 102.80169559926337
1.0316441852588265 2004.8393430966871 0.045454545454545456 1.1689891428446995 2352.067412021328 0.045454545454545456 t_multiswap_k 100 3348.049476623535 106.31359205861402 94.93239559102649 109.15304799255783 104.6025219718387 57.99881395027823 96.43391171095548 102.80367864327073
1.0316441852588265 2004.8393430966871 0.045454545454545456 1.1634288904202899 2323.645819150878 0.022727272727272728 t_swap_k 100 3349.3765227794647 106.31359205861402 94.93239559102649 109.16151751263226 104.6025219718387 57.99881395027823 96.43391171095548 102.80367864327073
1.0316441852588265 2004.8393430966871 0.045454545454545456 1.1835638853498294 2388.914485143514 0.045454545454545456 f_swap_t 100 3350.9319343566895 106.31359205861402 94.93239559102649 109.16151751263226 104.59649675212032 57.99881395027823 96.43391171095548 102.80367864327073
1.0316441852588265 2004.8393430966871 0.045454545454545456 1.3467703077496829 2772.7951772506713 0.0 t_swap_k 100 3351.993916273117 106.31359205861402 94.93239559102649 109.19990233750593 104.59649675212032 57.99881395027823 96.43391171095548 102.80367864327073
1.0316441852588265 2004.8393430966871 0.045454545454545456 1.2836078474144865 2641.8402012810093 0.045454545454545456 move_t 100 3353.410855293274 106.31359205861402 95.04307163511622 109.19990233750593 104.59649675212032 57.99881395027823 96.43391171095548 102.80367864327073
1.0316441852588265 2004.8393430966871 0.045454545454545456 1.2998703196715564 2716.3608093194302 0.022727272727272728 swap_t 100 3356.170286655426 106.31359205861402 95.04307163511622 109.19990233750593 104.59649675212032 58.48882581077545 96.43391171095548 102.80367864327073
1.0316441852588265 2004.8393430966871 0.045454545454545456 1.4072541265439833 2954.4360146730573 0.045454545454545456 f_swap_t 100 3358.8771545886993 106.31359205861402 95.04307163511622 109.19990233750593 104.70053178459911 58.48882581077545 96.43391171095548 102.80367864327073
1.0316441852588265 2004.8393430966871 0.045454545454545456 1.4191280338000318 2984.4549826757984 0.045454545454545456 t_swap_k 100 3361.179109096527 106.31359205861402 95.04307163511622 109.38790331413087 104.70053178459911 58.48882581077545 96.43391171095548 102.80367864327073
1.0316441852588265 2004.8393430966871 0.045454545454545456 1.3498851944496075 2809.3989936019043 0.045454545454545456 f_swap_t 100 3364.685967206955 106.31359205861402 95.04307163511622 109.38790331413087 104.84352646675312 58.48882581077545 96.43391171095548 102.80367864327073
1.0316441852588265 2004.8393430966871 0.045454545454545456 1.3184470114663958 2729.9186853355095 0.045454545454545456 f_swap_t 100 3367.917231321335 106.31359205861402 95.04307163511622 109.38790331413087 104.79509120208559 58.48882581077545 96.43391171095548 102.80367864327073
1.0316441852588265 2004.8393430966871 0.045454545454545456 1.3846462237606532 2897.279941644432 0.045454545454545456 t_move_k 100 3370.4305787086487 106.38045613802788 95.04307163511622 109.38790331413087 104.79509120208559 58.48882581077545 96.43391171095548 102.80367864327073
1.0316441852588265 2004.8393430966871 0.045454545454545456 1.339752157832799 2769.416735872367 0.022727272727272728 t_swap_k 100 3372.534590482712 106.38045613802788 95.04307163511622 109.54402428098956 104.79509120208559 58.48882581077545 96.43391171095548 102.80367864327073
1.0316441852588265 2004.8393430966871 0.045454545454545456 1.290794876106165 2660.0100572246265 0.045454545454545456 t_multiswap_k 100 3373.9904222488403 106.38045613802788 95.04307163511622 109.54402428098956 104.79509120208559 58.48882581077545 96.43391171095548 102.80564185683802
1.0316441852588265 2004.8393430966871 0.045454545454545456 1.3039163105717693 2693.1829558231384 0.045454545454545456 t_move_k 100 3375.6299288272858 106.3766515766476 95.04307163511622 109.54402428098956 104.79509120208559 58.48882581077545 96.43391171095548 102.80564185683802
1.0316441852588265 2004.8393430966871 0.045454545454545456 1.311782940708618 2741.799872084478 0.09090909090909091 t_move_k 100 3377.6165492534637 106.46288506088112 95.04307163511622 109.54402428098956 104.79509120208559 58.48882581077545 96.43391171095548 102.80564185683802
1.0316441852588265 2004.8393430966871 0.045454545454545456 1.275809317717696 2622.124381678568 0.045454545454545456 t_multiswap_k 100 3379.2014360427856 106.46288506088112 95.04307163511622 109.54402428098956 104.79509120208559 58.48882581077545 96.43391171095548 102.77758543826964
1.0316441852588265 2004.8393430966871 0.045454545454545456 1.2676100910411852 2615.7600061261564 0.06818181818181818 f_swap_t 100 3381.806011199951 106.46288506088112 95.04307163511622 109.54402428098956 104.77714029006474 58.48882581077545 96.43391171095548 102.77758543826964
1.0316441852588265 2004.8393430966871 0.045454545454545456 1.2524834199911425 2528.634478466935 0.06818181818181818 move_t 100 3382.746652364731 106.46288506088112 95.12264091876506 109.54402428098956 104.77714029006474 58.48882581077545 96.43391171095548 102.77758543826964
1.0316441852588265 2004.8393430966871 0.045454545454545456 1.2406397439477885 2518.8461092934135 0.022727272727272728 t_swap_r_k 100 3384.0352807044983 106.46288506088112 95.12264091876506 109.54402428098956 104.77714029006474 58.48882581077545 96.50957259384593 102.77758543826964
1.0316441852588265 2004.8393430966871 0.045454545454545456 1.3225782152757732 2754.727435042884 0.06818181818181818 t_multiswap_k 100 3385.1223945617676 106.46288506088112 95.12264091876506 109.54402428098956 104.77714029006474 58.48882581077545 96.50957259384593 102.96980958388694
1.0316441852588265 2004.8393430966871 0.045454545454545456 1.2958491104468641 2687.152362634248 0.06818181818181818 t_swap_r_k 100 3386.1886615753174 106.46288506088112 95.12264091876506 109.54402428098956 104.77714029006474 58.48882581077545 96.58447686790747 102.96980958388694
1.0316441852588265 2004.8393430966871 0.045454545454545456 1.292154179347031 2663.446573917377 0.045454545454545456 t_swap_r_k 100 3387.475334405899 106.46288506088112 95.12264091876506 109.54402428098956 104.77714029006474 58.48882581077545 96.6586320992284 102.96980958388694
1.0316441852588265 2004.8393430966871 0.045454545454545456 1.2896414083445 2657.0848071960113 0.022727272727272728 move_t 100 3389.5967099666595 106.46288506088112 95.2314145095774 109.54402428098956 104.77714029006474 58.48882581077545 96.6586320992284 102.96980958388694
1.0316441852588265 2004.8393430966871 0.045454545454545456 1.2503470924158768 2557.7521653447657 0.045454545454545456 f_swap_t 100 3392.4637355804443 106.46288506088112 95.2314145095774 109.54402428098956 104.75936888716409 58.48882581077545 96.6586320992284 102.96980958388694
1.0316441852588265 2004.8393430966871 0.045454545454545456 1.2274168827827967 2499.7812536281594 0.045454545454545456 move_t 100 3394.4539835453033 106.46288506088112 95.27910036448164 109.54402428098956 104.75936888716409 58.48882581077545 96.6586320992284 102.96980958388694
1.0316441852588265 2004.8393430966871 0.045454545454545456 1.3033978821567367 2677.5078288252284 0.022727272727272728 t_swap_k 100 3397.1584148406982 106.46288506088112 95.27910036448164 109.63858403817966 104.75936888716409 58.48882581077545 96.6586320992284 102.96980958388694
1.0316441852588265 2004.8393430966871 0.045454545454545456 1.2656615041159522 2582.1047655775715 0.022727272727272728 f_swap_t 100 3399.517371892929 106.46288506088112 95.27910036448164 109.63858403817966 104.71177519829244 58.48882581077545 96.6586320992284 102.96980958388694
1.0316441852588265 2004.8393430966871 0.045454545454545456 1.2645916891882307 2579.4001175294097 0.022727272727272728 t_swap_r_k 100 3400.2271168231964 106.46288506088112 95.27910036448164 109.63858403817966 104.71177519829244 58.48882581077545 96.73204577823611 102.96980958388694
1.0316441852588265 2004.8393430966871 0.045454545454545456 1.2562849838612087 2558.3995558741008 0.022727272727272728 t_move_k 100 3401.384318590164 106.56825621027231 95.27910036448164 109.63858403817966 104.71177519829244 58.48882581077545 96.73204577823611 102.96980958388694
1.0316441852588265 2004.8393430966871 0.045454545454545456 1.227893078261387 2500.9851451970085 0.045454545454545456 move_t 100 3403.235281944275 106.56825621027231 95.33630936083682 109.63858403817966 104.71177519829244 58.48882581077545 96.73204577823611 102.96980958388694
1.0316441852588265 2004.8393430966871 0.045454545454545456 1.3507412835747132 2811.5633116734434 0.045454545454545456 t_multiswap_k 100 3405.1682438850403 106.56825621027231 95.33630936083682 109.63858403817966 104.71177519829244 58.48882581077545 96.73204577823611 103.13011148804807
1.0316441852588265 2004.8393430966871 0.045454545454545456 1.3084013472855216 2704.521782268213 0.045454545454545456 f_swap_t 100 3407.665994167328 106.56825621027231 95.33630936083682 109.63858403817966 104.91465744630952 58.48882581077545 96.73204577823611 103.13011148804807
1.0316441852588265 2004.8393430966871 0.045454545454545456 1.2657439617151178 2596.6776948161905 0.045454545454545456 t_multiswap_k 100 3408.728647708893 106.56825621027231 95.33630936083682 109.63858403817966 104.91465744630952 58.48882581077545 96.73204577823611 103.22881037316759
1.0316441852588265 2004.8393430966871 0.045454545454545456 1.2043902094899308 2441.566467721357 0.045454545454545456 move_t 100 3410.6277346611023 106.56825621027231 95.41294626722845 109.63858403817966 104.91465744630952 58.48882581077545 96.73204577823611 103.22881037316759
1.0316441852588265 2004.8393430966871 0.045454545454545456 1.1872053830032039 2398.1207219096814 0.045454545454545456 t_swap_r_k 100 3412.1934418678284 106.56825621027231 95.41294626722845 109.63858403817966 104.91465744630952 58.48882581077545 96.80472532045376 103.22881037316759
1.0316441852588265 2004.8393430966871 0.045454545454545456 1.283632190729321 2641.9017447286164 0.045454545454545456 t_move_k 100 3414.4807155132294 106.72257364816959 95.41294626722845 109.63858403817966 104.91465744630952 58.48882581077545 96.80472532045376 103.22881037316759
1.0316441852588265 2004.8393430966871 0.045454545454545456 1.2216428291752397 2499.5480690298414 0.06818181818181818 f_swap_t 100 3418.1225566864014 106.72257364816959 95.41294626722845 109.63858403817966 104.86551087184642 58.48882581077545 96.80472532045376 103.22881037316759
1.0316441852588265 2004.8393430966871 0.045454545454545456 1.2024702810732855 2436.7126088807922 0.045454545454545456 move_t 100 3419.565444946289 106.72257364816959 95.67881680455616 109.63858403817966 104.86551087184642 58.48882581077545 96.80472532045376 103.22881037316759
1.0316441852588265 2004.8393430966871 0.045454545454545456 1.1966483031652848 2407.6293358449166 0.022727272727272728 t_move_k 100 3421.8404591083527 106.75534791168789 95.67881680455616 109.63858403817966 104.86551087184642 58.48882581077545 96.80472532045376 103.22881037316759
1.0316441852588265 2004.8393430966871 0.045454545454545456 1.2539987390899376 2552.619595903447 0.022727272727272728 t_swap_k 100 3423.472409725189 106.75534791168789 95.67881680455616 109.65219819779786 104.86551087184642 58.48882581077545 96.80472532045376 103.22881037316759
1.0316441852588265 2004.8393430966871 0.045454545454545456 1.3568926074776722 2812.7502905605193 0.022727272727272728 t_swap_k 100 3424.813243865967 106.75534791168789 95.67881680455616 109.86567621581987 104.86551087184642 58.48882581077545 96.80472532045376 103.22881037316759
1.0316441852588265 2004.8393430966871 0.045454545454545456 1.2857451022223974 2632.879028500179 0.022727272727272728 t_swap_r_k 100 3425.7403354644775 106.75534791168789 95.67881680455616 109.86567621581987 104.86551087184642 58.48882581077545 96.87667806724922 103.22881037316759
1.0316441852588265 2004.8393430966871 0.045454545454545456 1.2035117260708277 2416.801174815821 0.022727272727272728 move_t 100 3427.4724173545837 106.75534791168789 95.9820286365106 109.86567621581987 104.86551087184642 58.48882581077545 96.87667806724922 103.22881037316759
1.0316441852588265 2004.8393430966871 0.045454545454545456 1.163946803865123 2324.9551798182115 0.022727272727272728 t_swap_r_k 100 3428.3965787887573 106.75534791168789 95.9820286365106 109.86567621581987 104.86551087184642 58.48882581077545 96.94791128657673 103.22881037316759
1.0316441852588265 2004.8393430966871 0.045454545454545456 1.1582360124913926 2310.5174669557487 0.022727272727272728 swap_t 100 3429.6057267189026 106.75534791168789 95.9820286365106 109.86567621581987 104.86551087184642 58.9039375526677 96.94791128657673 103.22881037316759
1.0316441852588265 2004.8393430966871 0.045454545454545456 1.1580396916328015 2310.021139214153 0.022727272727272728 t_swap_r_k 100 3430.747787952423 106.75534791168789 95.9820286365106 109.86567621581987 104.86551087184642 58.9039375526677 97.01843217371096 103.22881037316759
1.0316441852588265 2004.8393430966871 0.045454545454545456 1.1724598862112636 2346.4774926544774 0.022727272727272728 t_move_k 100 3433.2365896701813 106.78779443257102 95.9820286365106 109.86567621581987 104.86551087184642 58.9039375526677 97.01843217371096 103.22881037316759
1.0316441852588265 2004.8393430966871 0.045454545454545456 1.234170196286815 2502.4901499584576 0.022727272727272728 t_swap_k 100 3435.4157235622406 106.78779443257102 95.9820286365106 109.84701945366167 104.86551087184642 58.9039375526677 97.01843217371096 103.22881037316759
1.0316441852588265 2004.8393430966871 0.045454545454545456 1.209581701514456 2440.3268517373954 0.022727272727272728 t_swap_r_k 100 3436.273313999176 106.78779443257102 95.9820286365106 109.84701945366167 104.86551087184642 58.9039375526677 97.11824785197385 103.22881037316759
1.0316441852588265 2004.8393430966871 0.045454545454545456 1.2038147892140947 2425.747256993553 0.022727272727272728 move_t 100 3438.472588777542 106.78779443257102 96.08220835014549 109.84701945366167 104.86551087184642 58.9039375526677 97.11824785197385 103.22881037316759
1.0316441852588265 2004.8393430966871 0.045454545454545456 1.2030390049009783 2423.78596119005 0.022727272727272728 f_swap_t 100 3441.135948896408 106.78779443257102 96.08220835014549 109.84701945366167 104.84685576312796 58.9039375526677 97.11824785197385 103.22881037316759
1.0316441852588265 2004.8393430966871 0.045454545454545456 1.194966575343016 2403.377682821411 0.022727272727272728 move_t 100 3442.8995885849 106.78779443257102 96.12138626664404 109.84701945366167 104.84685576312796 58.9039375526677 97.11824785197385 103.22881037316759
1.0316441852588265 2004.8393430966871 0.045454545454545456 1.194219697681309 2401.4894672454197 0.022727272727272728 t_swap_r_k 100 3443.728627681732 106.78779443257102 96.12138626664404 109.84701945366167 104.84685576312796 58.9039375526677 97.1870653734541 103.22881037316759
1.0316441852588265 2004.8393430966871 0.045454545454545456 1.1995872346395684 2415.0593829209392 0.022727272727272728 move_t 100 3445.1954433918 106.78779443257102 96.1701724039776 109.84701945366167 104.84685576312796 58.9039375526677 97.1870653734541 103.22881037316759
1.0316441852588265 2004.8393430966871 0.045454545454545456 1.1951317514400974 2403.795272066988 0.022727272727272728 move_t 100 3446.9313452243805 106.78779443257102 96.20847067993783 109.84701945366167 104.84685576312796 58.9039375526677 97.1870653734541 103.22881037316759
1.0316441852588265 2004.8393430966871 0.045454545454545456 1.2568377556446244 2559.797043501497 0.022727272727272728 f_swap_t 100 3450.307897090912 106.78779443257102 96.20847067993783 109.84701945366167 104.84838720549668 58.9039375526677 97.1870653734541 103.22881037316759
1.0316441852588265 2004.8393430966871 0.045454545454545456 1.2161507233307325 2471.298760644816 0.045454545454545456 t_multiswap_k 100 3451.362386703491 106.78779443257102 96.20847067993783 109.84701945366167 104.84838720549668 58.9039375526677 97.1870653734541 103.35652226943591
1.0316441852588265 2004.8393430966871 0.045454545454545456 1.175910269401793 2383.9294930279802 0.06818181818181818 f_swap_t 100 3454.7483320236206 106.78779443257102 96.20847067993783 109.84701945366167 104.7999033334417 58.9039375526677 97.1870653734541 103.35652226943591
1.0316441852588265 2004.8393430966871 0.045454545454545456 1.1741802791858293 2379.5558256396307 0.06818181818181818 move_t 100 3457.383211374283 106.78779443257102 96.24638597313846 109.84701945366167 104.7999033334417 58.9039375526677 97.1870653734541 103.35652226943591
1.0316441852588265 2004.8393430966871 0.045454545454545456 1.295392779105096 2657.269761676487 0.022727272727272728 t_swap_k 100 3458.914174556732 106.78779443257102 96.24638597313846 109.99854925912506 104.7999033334417 58.9039375526677 97.1870653734541 103.35652226943591
1.0316441852588265 2004.8393430966871 0.045454545454545456 1.3333098371156573 2753.1296102193724 0.022727272727272728 t_swap_k 100 3460.4459598064423 106.78779443257102 96.24638597313846 110.11856376653381 104.7999033334417 58.9039375526677 97.1870653734541 103.35652226943591
1.0316441852588265 2004.8393430966871 0.045454545454545456 1.2523602228280413 2562.841652412919 0.045454545454545456 move_t 100 3462.6442308425903 106.78779443257102 96.31392211340707 110.11856376653381 104.7999033334417 58.9039375526677 97.1870653734541 103.35652226943591
1.0316441852588265 2004.8393430966871 0.045454545454545456 1.1910068110194374 2407.7312859408185 0.045454545454545456 t_swap_k 100 3465.2254490852356 106.78779443257102 96.31392211340707 110.13737812886848 104.7999033334417 58.9039375526677 97.1870653734541 103.35652226943591
1.0316441852588265 2004.8393430966871 0.045454545454545456 1.405685909459368 2935.367443618002 0.022727272727272728 swap_t 100 3467.852954864502 106.78779443257102 96.31392211340707 110.13737812886848 104.7999033334417 59.37489817714102 97.1870653734541 103.35652226943591
1.0316441852588265 2004.8393430966871 0.045454545454545456 1.3445720553918004 2795.9666037464776 0.045454545454545456 t_multiswap_k 100 3469.4908018112183 106.78779443257102 96.31392211340707 110.13737812886848 104.7999033334417 59.37489817714102 97.1870653734541 103.59295704674156
1.0316441852588265 2004.8393430966871 0.045454545454545456 1.2771909174582534 2625.6172671719482 0.045454545454545456 f_swap_t 100 3472.446265220642 106.78779443257102 96.31392211340707 110.13737812886848 104.89190430010729 59.37489817714102 97.1870653734541 103.59295704674156
1.0316441852588265 2004.8393430966871 0.045454545454545456 1.2245005979735664 2478.043996210971 0.022727272727272728 t_swap_r_k 100 3473.7989530563354 106.78779443257102 96.31392211340707 110.13737812886848 104.89190430010729 59.37489817714102 97.28519471971956 103.59295704674156
1.0316441852588265 2004.8393430966871 0.045454545454545456 1.2233856482931178 2503.954169751867 0.06818181818181818 t_move_k 100 3475.657052755356 106.75991648824531 96.31392211340707 110.13737812886848 104.89190430010729 59.37489817714102 97.28519471971956 103.59295704674156
1.0316441852588265 2004.8393430966871 0.045454545454545456 1.308232376833772 2718.4590647519217 0.06818181818181818 t_swap_k 100 3477.870461463928 106.75991648824531 96.31392211340707 110.19600434757979 104.89190430010729 59.37489817714102 97.28519471971956 103.59295704674156
1.0316441852588265 2004.8393430966871 0.045454545454545456 1.3730841130851286 2882.413705248202 0.06818181818181818 t_move_k 100 3479.3384742736816 106.91231732336286 96.31392211340707 110.19600434757979 104.89190430010729 59.37489817714102 97.28519471971956 103.59295704674156
1.0316441852588265 2004.8393430966871 0.045454545454545456 1.2959085744264738 2672.9382318298995 0.045454545454545456 t_move_k 100 3480.5158755779266 106.87319415012922 96.31392211340707 110.19600434757979 104.89190430010729 59.37489817714102 97.28519471971956 103.59295704674156
1.0316441852588265 2004.8393430966871 0.045454545454545456 1.3530453010377779 2846.1171324208017 0.09090909090909091 f_swap_t 100 3484.309275865555 106.87319415012922 96.31392211340707 110.19600434757979 105.00298525710622 59.37489817714102 97.28519471971956 103.59295704674156
1.0316441852588265 2004.8393430966871 0.045454545454545456 1.3819130762487706 2919.0990752372786 0.09090909090909091 t_swap_k 100 3487.2229437828064 106.87319415012922 96.31392211340707 110.31404430410399 105.00298525710622 59.37489817714102 97.28519471971956 103.59295704674156
1.0316441852588265 2004.8393430966871 0.045454545454545456 1.3230569437046724 2770.302194690119 0.09090909090909091 f_swap_t 100 3489.526181459427 106.87319415012922 96.31392211340707 110.31404430410399 105.07295540453515 59.37489817714102 97.28519471971956 103.59295704674156
1.0316441852588265 2004.8393430966871 0.045454545454545456 1.3376001628635676 2778.340643377202 0.045454545454545456 f_swap_t 100 3492.2530069351196 106.87319415012922 96.31392211340707 110.31404430410399 105.0922258504898 59.37489817714102 97.28519471971956 103.59295704674156
1.0316441852588265 2004.8393430966871 0.045454545454545456 1.3714821696817379 2863.999294452245 0.045454545454545456 f_swap_t 100 3495.6059951782227 106.87319415012922 96.31392211340707 110.31404430410399 105.22130359198489 59.37489817714102 97.28519471971956 103.59295704674156
1.0316441852588265 2004.8393430966871 0.045454545454545456 1.4781427640519544 3119.288356930921 0.022727272727272728 f_swap_t 100 3499.3546290397644 106.87319415012922 96.31392211340707 110.31404430410399 105.53909055606505 59.37489817714102 97.28519471971956 103.59295704674156
1.0316441852588265 2004.8393430966871 0.045454545454545456 1.4253213369845492 3028.841484537146 0.09090909090909091 f_swap_t 100 3502.703846693039 106.87319415012922 96.31392211340707 110.31404430410399 105.9036996505044 59.37489817714102 97.28519471971956 103.59295704674156
1.0316441852588265 2004.8393430966871 0.045454545454545456 1.345306815323414 2797.8241839347997 0.045454545454545456 t_swap_k 100 3504.6291484832764 106.87319415012922 96.31392211340707 110.51090386106294 105.9036996505044 59.37489817714102 97.28519471971956 103.59295704674156
1.0316441852588265 2004.8393430966871 0.045454545454545456 1.3271508889377126 2766.287820464861 0.06818181818181818 t_swap_r_k 100 3506.2796247005463 106.87319415012922 96.31392211340707 110.51090386106294 105.9036996505044 59.37489817714102 97.35234277252236 103.59295704674156
1.0316441852588265 2004.8393430966871 0.045454545454545456 1.3049640689302517 2724.560770471545 0.09090909090909091 f_swap_t 100 3508.8398010730743 106.87319415012922 96.31392211340707 110.51090386106294 106.06466265399935 59.37489817714102 97.35234277252236 103.59295704674156
1.0316441852588265 2004.8393430966871 0.045454545454545456 1.3803064675748824 2915.037334368467 0.09090909090909091 move_t 100 3511.3603444099426 106.87319415012922 96.450782892273 110.51090386106294 106.06466265399935 59.37489817714102 97.35234277252236 103.59295704674156
1.0316441852588265 2004.8393430966871 0.045454545454545456 1.3473382052115097 2792.761373985522 0.06818181818181818 move_t 100 3513.2925136089325 106.87319415012922 96.72627506335027 110.51090386106294 106.06466265399935 59.37489817714102 97.35234277252236 103.59295704674156
1.0316441852588265 2004.8393430966871 0.045454545454545456 1.2449422724914743 2587.1813861299406 0.11363636363636363 t_swap_k 100 3515.579874753952 106.87319415012922 96.72627506335027 110.54579482245231 106.06466265399935 59.37489817714102 97.35234277252236 103.59295704674156
1.0316441852588265 2004.8393430966871 0.045454545454545456 1.2077983424509684 2450.1827245355876 0.045454545454545456 t_swap_r_k 100 3517.1632425785065 106.87319415012922 96.72627506335027 110.54579482245231 106.06466265399935 59.37489817714102 97.41881934479714 103.59295704674156
1.0316441852588265 2004.8393430966871 0.045454545454545456 1.2025582770368768 2436.9350755009577 0.045454545454545456 f_swap_t 100 3520.603197813034 106.87319415012922 96.72627506335027 110.54579482245231 106.03401602745936 59.37489817714102 97.41881934479714 103.59295704674156
1.0316441852588265 2004.8393430966871 0.045454545454545456 1.4014129487822826 2939.6686660197756 0.045454545454545456 f_swap_t 100 3522.9406294822693 106.87319415012922 96.72627506335027 110.54579482245231 106.28367586718477 59.37489817714102 97.41881934479714 103.59295704674156
1.0316441852588265 2004.8393430966871 0.045454545454545456 1.370510284837355 2861.542227926732 0.045454545454545456 t_swap_k 100 3525.630740880966 106.87319415012922 96.72627506335027 110.69033687422778 106.28367586718477 59.37489817714102 97.41881934479714 103.59295704674156
1.0316441852588265 2004.8393430966871 0.045454545454545456 1.343884383610653 2794.2280692649883 0.045454545454545456 move_t 100 3527.5409393310547 106.87319415012922 96.75901231271676 110.69033687422778 106.28367586718477 59.37489817714102 97.41881934479714 103.59295704674156
1.0316441852588265 2004.8393430966871 0.045454545454545456 1.3356884610444588 2787.872046984985 0.06818181818181818 f_swap_t 100 3529.9155395030975 106.87319415012922 96.75901231271676 110.69033687422778 106.22083910851292 59.37489817714102 97.41881934479714 103.59295704674156
1.0316441852588265 2004.8393430966871 0.045454545454545456 1.409309509416494 2912.57763106516 0.06818181818181818 swap_t 100 3531.9948692321777 106.87319415012922 96.75901231271676 110.69033687422778 106.22083910851292 59.79114919536961 97.41881934479714 103.59295704674156
1.0316441852588265 2004.8393430966871 0.045454545454545456 1.3315895813907495 2777.509481864805 0.06818181818181818 t_move_k 100 3533.754415035248 107.01446220862793 96.75901231271676 110.69033687422778 106.22083910851292 59.79114919536961 97.41881934479714 103.59295704674156
1.0316441852588265 2004.8393430966871 0.045454545454545456 1.2820150144989253 2652.177751947739 0.06818181818181818 t_move_k 100 3536.07679104805 107.08431758654166 96.75901231271676 110.69033687422778 106.22083910851292 59.79114919536961 97.41881934479714 103.59295704674156
1.0316441852588265 2004.8393430966871 0.045454545454545456 1.2170586205225398 2487.9585214701547 0.06818181818181818 t_multiswap_k 100 3537.0858938694 107.08431758654166 96.75901231271676 110.69033687422778 106.22083910851292 59.79114919536961 97.41881934479714 103.65702747627414
1.0316441852588265 2004.8393430966871 0.045454545454545456 1.1729801320747861 2376.5216788379003 0.06818181818181818 f_swap_t 100 3539.694939851761 107.08431758654166 96.75901231271676 110.69033687422778 106.15863071742778 59.79114919536961 97.41881934479714 103.65702747627414
1.0316441852588265 2004.8393430966871 0.045454545454545456 1.2639360093700036 2592.106927803435 0.045454545454545456 f_swap_t 100 3543.2964692115784 107.08431758654166 96.75901231271676 110.69033687422778 106.2070444102535 59.79114919536961 97.41881934479714 103.65702747627414
1.0316441852588265 2004.8393430966871 0.045454545454545456 1.2552677969252177 2598.9213522914297 0.09090909090909091 t_multiswap_k 100 3545.5401163101196 107.08431758654166 96.75901231271676 110.69033687422778 106.2070444102535 59.79114919536961 97.41881934479714 103.7604572015114
1.0316441852588265 2004.8393430966871 0.045454545454545456 1.2065731299212834 2475.8141375243135 0.09090909090909091 f_swap_t 100 3548.6216447353363 107.08431758654166 96.75901231271676 110.69033687422778 106.14497396615097 59.79114919536961 97.41881934479714 103.7604572015114
1.0316441852588265 2004.8393430966871 0.045454545454545456 1.2190342750796812 2492.953264115217 0.06818181818181818 f_swap_t 100 3550.9404385089874 107.08431758654166 96.75901231271676 110.69033687422778 106.09352422648946 59.79114919536961 97.41881934479714 103.7604572015114
1.0316441852588265 2004.8393430966871 0.045454545454545456 1.242950192804384 2539.0517251300435 0.045454545454545456 f_swap_t 100 3553.5977652072906 107.08431758654166 96.75901231271676 110.69033687422778 106.07258898422457 59.79114919536961 97.41881934479714 103.7604572015114
1.0316441852588265 2004.8393430966871 0.045454545454545456 1.192102172132265 2439.2294472896597 0.09090909090909091 t_move_k 100 3555.2747859954834 107.01347441067624 96.75901231271676 110.69033687422778 106.07258898422457 59.79114919536961 97.41881934479714 103.7604572015114
1.0316441852588265 2004.8393430966871 0.045454545454545456 1.2055898909171063 2473.328366028128 0.09090909090909091 move_t 100 3557.0459191799164 107.01347441067624 96.8014221895896 110.69033687422778 106.07258898422457 59.79114919536961 97.41881934479714 103.7604572015114
1.0316441852588265 2004.8393430966871 0.045454545454545456 1.19233664283583 2425.4577589883056 0.06818181818181818 t_swap_r_k 100 3558.3403787612915 107.01347441067624 96.8014221895896 110.69033687422778 106.07258898422457 59.79114919536961 97.48463115134918 103.7604572015114
1.0316441852588265 2004.8393430966871 0.045454545454545456 1.1866548246540118 2425.4577589883056 0.09090909090909091 move_t 100 3560.3226175308228 107.01347441067624 96.8334079676937 110.69033687422778 106.07258898422457 59.79114919536961 97.48463115134918 103.7604572015114
1.0316441852588265 2004.8393430966871 0.045454545454545456 1.268121248860541 2602.6878231768806 0.045454545454545456 f_swap_t 100 3562.3700642585754 107.01347441067624 96.8334079676937 110.69033687422778 106.13186309438233 59.79114919536961 97.48463115134918 103.7604572015114
1.0316441852588265 2004.8393430966871 0.045454545454545456 1.1732545293212748 2377.215395066666 0.06818181818181818 swap_t 100 3564.2546668052673 107.01347441067624 96.8334079676937 110.69033687422778 106.13186309438233 60.19323770341592 97.48463115134918 103.7604572015114
1.0316441852588265 2004.8393430966871 0.045454545454545456 1.166404701042545 2345.533566498466 0.045454545454545456 t_swap_r_k 100 3565.6874203681946 107.01347441067624 96.8334079676937 110.69033687422778 106.13186309438233 60.19323770341592 97.57978483983568 103.7604572015114
1.0316441852588265 2004.8393430966871 0.045454545454545456 1.166404701042545 2345.533566498466 0.045454545454545456 t_swap_r_k 100 3566.4473180770874 107.01347441067624 96.8334079676937 110.69033687422778 106.13186309438233 60.19323770341592 97.64398699143733 103.7604572015114
1.0316441852588265 2004.8393430966871 0.045454545454545456 1.166404701042545 2345.533566498466 0.045454545454545456 t_swap_r_k 100 3567.6582927703857 107.01347441067624 96.8334079676937 110.69033687422778 106.13186309438233 60.19323770341592 97.70754712152296 103.7604572015114
1.0316441852588265 2004.8393430966871 0.045454545454545456 1.185813142336745 2394.6009346048536 0.045454545454545456 t_swap_k 100 3569.1524229049683 107.01347441067624 96.8334079676937 110.7434335054855 106.13186309438233 60.19323770341592 97.70754712152296 103.7604572015114
1.0316441852588265 2004.8393430966871 0.045454545454545456 1.156193258395474 2319.7175513086813 0.045454545454545456 t_swap_k 100 3571.194869041443 107.01347441067624 96.8334079676937 110.70599917043064 106.13186309438233 60.19323770341592 97.70754712152296 103.7604572015114
1.0316441852588265 2004.8393430966871 0.045454545454545456 1.350645028230319 2762.0604121151046 0.045454545454545456 move_t 100 3573.347494363785 107.01347441067624 97.05507388801676 110.70599917043064 106.13186309438233 60.19323770341592 97.70754712152296 103.7604572015114
1.0316441852588265 2004.8393430966871 0.045454545454545456 1.2604261548370574 2611.9624328526174 0.09090909090909091 t_multiswap_k 100 3575.0494594573975 107.01347441067624 97.05507388801676 110.70599917043064 106.13186309438233 60.19323770341592 97.70754712152296 103.84285262949629
1.0316441852588265 2004.8393430966871 0.045454545454545456 1.2280649471073077 2501.419654687028 0.045454545454545456 t_multiswap_k 100 3576.9360840320587 107.01347441067624 97.05507388801676 110.70599917043064 106.13186309438233 60.19323770341592 97.70754712152296 103.96442410320132
1.0316441852588265 2004.8393430966871 0.045454545454545456 1.1947097273990543 2431.457262608728 0.06818181818181818 t_swap_r_k 100 3577.90616440773 107.01347441067624 97.05507388801676 110.70599917043064 106.13186309438233 60.19323770341592 97.77047165030774 103.96442410320132
1.0316441852588265 2004.8393430966871 0.045454545454545456 1.234661752583162 2546.826269145811 0.09090909090909091 move_t 100 3579.788627386093 107.01347441067624 97.2645231491366 110.70599917043064 106.13186309438233 60.19323770341592 97.77047165030774 103.96442410320132
1.0316441852588265 2004.8393430966871 0.045454545454545456 1.1864697124148387 2439.3542326809625 0.11363636363636365 t_swap_r_k 100 3581.0230033397675 107.01347441067624 97.2645231491366 110.70599917043064 106.13186309438233 60.19323770341592 97.83276693380466 103.96442410320132
1.0316441852588265 2004.8393430966871 0.045454545454545456 1.1845927442854312 2420.244519296546 0.09090909090909091 t_swap_r_k 100 3582.3496129512787 107.01347441067624 97.2645231491366 110.70599917043064 106.13186309438233 60.19323770341592 97.89443926446661 103.96442410320132
1.0316441852588265 2004.8393430966871 0.045454545454545456 1.2535177732246225 2574.760721618635 0.09090909090909091 move_t 100 3584.178031206131 107.01347441067624 97.44187791764523 110.70599917043064 106.13186309438233 60.19323770341592 97.89443926446661 103.96442410320132
1.0316441852588265 2004.8393430966871 0.045454545454545456 1.2164994609795674 2486.544884655671 0.06818181818181818 t_move_k 100 3586.176296710968 107.07333966656948 97.44187791764523 110.70599917043064 106.13186309438233 60.19323770341592 97.89443926446661 103.96442410320132
1.0316441852588265 2004.8393430966871 0.045454545454545456 1.3668224558943805 2852.2188589083044 0.045454545454545456 t_swap_k 100 3588.1760721206665 107.07333966656948 97.44187791764523 110.84893917872634 106.13186309438233 60.19323770341592 97.89443926446661 103.96442410320132
1.0316441852588265 2004.8393430966871 0.045454545454545456 1.334260103079457 2784.260949885839 0.06818181818181818 move_t 100 3590.2499883174896 107.07333966656948 97.49745913846877 110.84893917872634 106.13186309438233 60.19323770341592 97.89443926446661 103.96442410320132
1.0316441852588265 2004.8393430966871 0.045454545454545456 1.3283349115017606 2769.2812020618558 0.06818181818181818 f_swap_t 100 3592.7012453079224 107.07333966656948 97.49745913846877 110.84893917872634 106.07054446343851 60.19323770341592 97.89443926446661 103.96442410320132
1.0316441852588265 2004.8393430966871 0.045454545454545456 1.3303065146235418 2774.2657020878855 0.06818181818181818 move_t 100 3593.785800933838 107.07333966656948 97.70248454708408 110.84893917872634 106.07054446343851 60.19323770341592 97.89443926446661 103.96442410320132
1.0316441852588265 2004.8393430966871 0.045454545454545456 1.3614657258661813 2838.6762647269397 0.045454545454545456 t_move_k 100 3595.865599632263 107.25260626990378 97.70248454708408 110.84893917872634 106.07054446343851 60.19323770341592 97.89443926446661 103.96442410320132
1.0316441852588265 2004.8393430966871 0.045454545454545456 1.2800884122631047 2632.9425563088184 0.045454545454545456 t_swap_k 100 3597.4020636081696 107.25260626990378 97.70248454708408 110.77044978693908 106.07054446343851 60.19323770341592 97.89443926446661 103.96442410320132
1.0316441852588265 2004.8393430966871 0.045454545454545456 1.334423459418291 2770.3094741065 0.045454545454545456 t_swap_k 100 3599.2788515090942 107.25260626990378 97.70248454708408 110.8127452890697 106.07054446343851 60.19323770341592 97.89443926446661 103.96442410320132
1.0316441852588265 2004.8393430966871 0.045454545454545456 1.2700794006598541 2622.002780710228 0.06818181818181818 t_move_k 100 3600.5793166160583 107.46008020720474 97.70248454708408 110.8127452890697 106.07054446343851 60.19323770341592 97.89443926446661 103.96442410320132