5
6 75 5 140

Solution history:
B_obj   B_dis   B_sim   C_obj   C_dis   C_sim   neighbor   iterations   time   scores
1.0122905306565522 2259.7951466405502 0.0 1.0122905306565522 2259.7951466405502 0.0 0 0 0 3.0 3.0 3.0 3.0 3.0 3.0 3.0
1.0122905306565522 2259.7951466405502 0.0 1.0122905306565522 2259.7951466405502 0.0 t_move_k 100 2.304154396057129 3.9699999999999998 3.0 3.0 3.0 3.0 3.0 3.0
1.0113146150316783 2256.9020641425673 0.0 1.0113146150316783 2256.9020641425673 0.0 t_multiswap_k 100 3.9652135372161865 3.9699999999999998 3.0 3.0 3.0 3.0 3.0 3.9699999999999998
1.0113146150316783 2256.9020641425673 0.0 1.0752480544615133 2446.431476251548 0.0 move_t 100 6.352849960327148 3.9699999999999998 4.04 3.0 3.0 3.0 3.0 3.9699999999999998
1.0113146150316783 2256.9020641425673 0.0 1.0571453247993061 2392.7662935076823 0.0 t_swap_k 100 11.599942207336426 3.9699999999999998 4.04 4.03 3.0 3.0 3.0 3.9699999999999998
1.0113146150316783 2256.9020641425673 0.0 1.0450353036395383 2356.8663761638486 0.0 t_move_k 100 15.21052598953247 4.9902999999999995 4.04 4.03 3.0 3.0 3.0 3.9699999999999998
1.0113146150316783 2256.9020641425673 0.0 1.044765282752533 2356.065904604244 0.0 t_move_k 100 19.306970596313477 5.940396999999999 4.04 4.03 3.0 3.0 3.0 3.9699999999999998
1.0113146150316783 2256.9020641425673 0.0 1.0436993321080028 2352.905915077688 0.0 t_multiswap_k 100 22.199331521987915 5.940396999999999 4.04 4.03 3.0 3.0 3.0 4.9902999999999995
1.0113146150316783 2256.9020641425673 0.0 1.036282971732701 2330.9202619600896 0.0 move_t 100 26.617330312728882 5.940396999999999 4.9996 4.03 3.0 3.0 3.0 4.9902999999999995
1.0113146150316783 2256.9020641425673 0.0 1.0322678021221838 2319.017371350954 0.0 t_swap_r_k 100 32.398030042648315 5.940396999999999 4.9996 4.03 3.0 3.0 4.01 4.9902999999999995
1.0113146150316783 2256.9020641425673 0.0 1.064747398633466 2415.302490487647 0.0 t_move_k 100 37.268364667892456 7.010993029999999 4.9996 4.03 3.0 3.0 4.01 4.9902999999999995
1.0113146150316783 2256.9020641425673 0.0 1.0551095131370745 2387.236967016313 0.0 swap_t 100 42.32528638839722 7.010993029999999 4.9996 4.03 3.0 4.0 4.01 4.9902999999999995
1.0113146150316783 2256.9020641425673 0.0 1.0525328528199247 2379.092711882519 0.0 swap_t 100 46.49304246902466 7.010993029999999 4.9996 4.03 3.0 4.96 4.01 4.9902999999999995
1.0113146150316783 2256.9020641425673 0.0 1.0525328528199247 2379.092711882519 0.0 t_move_k 100 50.3398814201355 7.940883099699999 4.9996 4.03 3.0 4.96 4.01 4.9902999999999995
1.0113146150316783 2256.9020641425673 0.0 1.044158915294411 2354.2683403110545 0.0 t_move_k 100 53.08951497077942 8.961474268702998 4.9996 4.03 3.0 4.96 4.01 4.9902999999999995
1.0113146150316783 2256.9020641425673 0.0 1.0392133826720895 2339.607407021159 0.0 swap_t 100 56.49638247489929 8.961474268702998 4.9996 4.03 3.0 5.9104 4.01 4.9902999999999995
1.0113146150316783 2256.9020641425673 0.0 1.0746707240213302 2444.719991621652 0.0 t_move_k 100 58.687467098236084 9.921859526015968 4.9996 4.03 3.0 5.9104 4.01 4.9902999999999995
1.0113146150316783 2256.9020641425673 0.0 1.067723324229528 2424.124562844957 0.0 t_swap_r_k 100 62.989864349365234 9.921859526015968 4.9996 4.03 3.0 5.9104 5.0099 4.9902999999999995
1.0113146150316783 2256.9020641425673 0.0 1.0526113749844026 2379.325489280446 0.0 t_move_k 100 67.07675409317017 10.822640930755808 4.9996 4.03 3.0 5.9104 5.0099 4.9902999999999995
1.0113146150316783 2256.9020641425673 0.0 1.0526113749844026 2379.325489280446 0.0 t_swap_r_k 100 71.19761538505554 10.822640930755808 4.9996 4.03 3.0 5.9104 5.999801 4.9902999999999995
1.0113146150316783 2256.9020641425673 0.0 1.0913405460607761 2494.137348161102 0.0 move_t 100 75.94830513000488 10.822640930755808 5.969604 4.03 3.0 5.9104 5.999801 4.9902999999999995
1.0113146150316783 2256.9020641425673 0.0 1.086080762560567 2478.544824381599 0.0 t_swap_r_k 100 79.60950922966003 10.822640930755808 5.969604 4.03 3.0 5.9104 6.97980299 4.9902999999999995
1.0113146150316783 2256.9020641425673 0.0 1.0751049190108704 2433.2125223931967 0.0 swap_t 100 83.92647862434387 10.822640930755808 5.969604 4.03 3.0 6.911296 6.97980299 4.9902999999999995
1.0113146150316783 2256.9020641425673 0.0 1.065693412484487 2418.106929770594 0.0 t_swap_r_k 100 87.62397646903992 10.822640930755808 5.969604 4.03 3.0 6.911296 7.950004960099999 4.9902999999999995
1.0113146150316783 2256.9020641425673 0.0 1.065693412484487 2418.106929770594 0.0 move_t 100 90.4778892993927 10.822640930755808 6.90990796 4.03 3.0 6.911296 7.950004960099999 4.9902999999999995
1.0113146150316783 2256.9020641425673 0.0 1.065693412484487 2418.106929770594 0.0 t_swap_r_k 100 94.43830609321594 10.822640930755808 6.90990796 4.03 3.0 6.911296 8.910504910499 4.9902999999999995
1.0113146150316783 2256.9020641425673 0.0 1.0655119767282593 2417.569067072762 0.0 f_swap_t 100 100.12757110595703 10.822640930755808 6.90990796 4.03 4.0 6.911296 8.910504910499 4.9902999999999995
1.0113146150316783 2256.9020641425673 0.0 1.0632096489712348 2410.7438621383412 0.0 t_move_k 100 105.62858629226685 11.74441452144825 6.90990796 4.03 4.0 6.911296 8.910504910499 4.9902999999999995
1.0113146150316783 2256.9020641425673 0.0 1.0565777095579831 2391.0836093919606 0.0 move_t 100 111.37370300292969 11.74441452144825 7.9008088804 4.03 4.0 6.911296 8.910504910499 4.9902999999999995
1.0113146150316783 2256.9020641425673 0.0 1.1668214496138125 2757.7604177556655 0.0 swap_t 100 116.87406754493713 11.74441452144825 7.9008088804 4.03 4.0 7.89218304 8.910504910499 4.9902999999999995
1.0113146150316783 2256.9020641425673 0.0 1.1383123787668479 2649.853747992402 0.02222222222222222 t_move_k 100 123.18848371505737 12.746970376233769 7.9008088804 4.03 4.0 7.89218304 8.910504910499 4.9902999999999995
1.0113146150316783 2256.9020641425673 0.0 1.136445732359904 2644.3201117720064 0.02222222222222222 t_move_k 100 126.62335681915283 13.649500672471431 7.9008088804 4.03 4.0 7.89218304 8.910504910499 4.9902999999999995
1.0113146150316783 2256.9020641425673 0.0 1.1307032433469553 2632.002141129275 0.02857142857142857 t_move_k 100 129.82338953018188 14.573005665746717 7.9008088804 4.03 4.0 7.89218304 8.910504910499 4.9902999999999995
1.0113146150316783 2256.9020641425673 0.0 1.1307032433469553 2632.002141129275 0.02857142857142857 t_swap_r_k 100 133.60599780082703 14.573005665746717 7.9008088804 4.03 4.0 7.89218304 9.86139986139401 4.9902999999999995
1.0113146150316783 2256.9020641425673 0.0 1.1307032433469553 2632.002141129275 0.02857142857142857 t_move_k 100 137.74452328681946 15.42727560908925 7.9008088804 4.03 4.0 7.89218304 9.86139986139401 4.9902999999999995
1.0113146150316783 2256.9020641425673 0.0 1.1307032433469553 2632.002141129275 0.02857142857142857 t_swap_r_k 100 140.702246427536 15.42727560908925 7.9008088804 4.03 4.0 7.89218304 10.802785862780071 4.9902999999999995
1.0113146150316783 2256.9020641425673 0.0 1.1194249836925638 2598.5679642576374 0.02857142857142857 t_swap_k 100 145.73809957504272 15.42727560908925 7.9008088804 5.089700000000001 4.0 7.89218304 10.802785862780071 4.9902999999999995
1.0113146150316783 2256.9020641425673 0.0 1.1177559555654157 2593.620163504967 0.02857142857142857 move_t 100 150.74185752868652 15.42727560908925 8.821800791595999 5.089700000000001 4.0 7.89218304 10.802785862780071 4.9902999999999995
1.0113146150316783 2256.9020641425673 0.0 1.1177559555654157 2593.620163504967 0.02857142857142857 t_swap_r_k 100 154.72827982902527 15.42727560908925 8.821800791595999 5.089700000000001 4.0 7.89218304 11.73475800415227 4.9902999999999995
1.0113146150316783 2256.9020641425673 0.0 1.1203796606584489 2601.398085172636 0.02857142857142857 t_move_k 100 157.80171370506287 16.283002852998358 8.821800791595999 5.089700000000001 4.0 7.89218304 11.73475800415227 4.9902999999999995
1.0113146150316783 2256.9020641425673 0.0 1.1399415007870468 2654.6832478831584 0.02222222222222222 t_move_k 100 162.15172672271729 17.200172824468375 8.821800791595999 5.089700000000001 4.0 7.89218304 11.73475800415227 4.9902999999999995
1.0113146150316783 2256.9020641425673 0.0 1.137326519632225 2646.931188157147 0.02222222222222222 t_swap_r_k 100 166.94336438179016 17.200172824468375 8.821800791595999 5.089700000000001 4.0 7.89218304 12.657410424110749 4.9902999999999995
1.0113146150316783 2256.9020641425673 0.0 1.137326519632225 2646.931188157147 0.02222222222222222 t_swap_r_k 100 170.4004454612732 17.200172824468375 8.821800791595999 5.089700000000001 4.0 7.89218304 13.570836319869642 4.9902999999999995
1.0113146150316783 2256.9020641425673 0.0 1.137326519632225 2646.931188157147 0.02222222222222222 t_swap_r_k 100 172.92048120498657 17.200172824468375 8.821800791595999 5.089700000000001 4.0 7.89218304 14.475127956670946 4.9902999999999995
1.0113146150316783 2256.9020641425673 0.0 1.137326519632225 2646.931188157147 0.02222222222222222 t_move_k 100 177.03630590438843 18.02817109622369 8.821800791595999 5.089700000000001 4.0 7.89218304 14.475127956670946 4.9902999999999995
1.0113146150316783 2256.9020641425673 0.0 1.137326519632225 2646.931188157147 0.02222222222222222 swap_t 100 183.10183763504028 18.02817109622369 8.821800791595999 5.089700000000001 4.0 8.8132612096 14.475127956670946 4.9902999999999995
1.0113146150316783 2256.9020641425673 0.0 1.137326519632225 2646.931188157147 0.02222222222222222 t_swap_r_k 100 187.4737937450409 18.02817109622369 8.821800791595999 5.089700000000001 4.0 8.8132612096 15.370376677104236 4.9902999999999995
1.0113146150316783 2256.9020641425673 0.0 1.137326519632225 2646.931188157147 0.02222222222222222 t_swap_r_k 100 191.57679200172424 18.02817109622369 8.821800791595999 5.089700000000001 4.0 8.8132612096 16.256672910333194 4.9902999999999995
1.0113146150316783 2256.9020641425673 0.0 1.137326519632225 2646.931188157147 0.02222222222222222 t_swap_r_k 100 195.185120344162 18.02817109622369 8.821800791595999 5.089700000000001 4.0 8.8132612096 17.13410618122986 4.9902999999999995
1.0113146150316783 2256.9020641425673 0.0 1.1343911488780927 2640.2880065945346 0.025 swap_t 100 199.23850679397583 18.02817109622369 8.821800791595999 5.089700000000001 4.0 9.755128597504001 17.13410618122986 4.9902999999999995
1.0113146150316783 2256.9020641425673 0.0 1.1343911488780927 2640.2880065945346 0.025 t_swap_r_k 100 203.8218903541565 18.02817109622369 8.821800791595999 5.089700000000001 4.0 9.755128597504001 18.00276511941756 4.9902999999999995
1.0113146150316783 2256.9020641425673 0.0 1.1343911488780927 2640.2880065945346 0.025 t_swap_r_k 100 208.0608036518097 18.02817109622369 8.821800791595999 5.089700000000001 4.0 9.755128597504001 18.862737468223386 4.9902999999999995
1.0113146150316783 2256.9020641425673 0.0 1.1193808880905585 2595.790386444034 0.025 t_move_k 100 212.5670680999756 18.877889385261454 8.821800791595999 5.089700000000001 4.0 9.755128597504001 18.862737468223386 4.9902999999999995
1.0113146150316783 2256.9020641425673 0.0 1.1165901614002445 2587.5173325666096 0.025 f_swap_t 100 217.66767859458923 18.877889385261454 8.821800791595999 5.089700000000001 4.99 9.755128597504001 18.862737468223386 4.9902999999999995
1.0113146150316783 2256.9020641425673 0.0 1.1202318708306296 2598.3131078849406 0.025 t_move_k 100 220.60752296447754 19.699110491408838 8.821800791595999 5.089700000000001 4.99 9.755128597504001 18.862737468223386 4.9902999999999995
1.0113146150316783 2256.9020641425673 0.0 1.1145532524868502 2581.478956525558 0.025 f_swap_t 100 226.1864264011383 19.699110491408838 8.821800791595999 5.089700000000001 5.9401 9.755128597504001 18.862737468223386 4.9902999999999995
1.0113146150316783 2256.9020641425673 0.0 1.1140224300939487 2579.9053440786424 0.025 t_swap_r_k 100 230.28050088882446 19.699110491408838 8.821800791595999 5.089700000000001 5.9401 9.755128597504001 19.71411009354115 4.9902999999999995
1.0113146150316783 2256.9020641425673 0.0 1.1270958682308327 2618.6612919272807 0.025 t_move_k 100 233.4430856704712 20.51211938649475 8.821800791595999 5.089700000000001 5.9401 9.755128597504001 19.71411009354115 4.9902999999999995
1.0113146150316783 2256.9020641425673 0.0 1.1258595608655149 2614.9962832835354 0.025 t_move_k 100 236.00322270393372 21.306998192629802 8.821800791595999 5.089700000000001 5.9401 9.755128597504001 19.71411009354115 4.9902999999999995
1.0113146150316783 2256.9020641425673 0.0 1.1314338470273833 2630.555101054373 0.025 move_t 100 240.37434792518616 21.306998192629802 9.74358278368004 5.089700000000001 5.9401 9.755128597504001 19.71411009354115 4.9902999999999995
1.0113146150316783 2256.9020641425673 0.0 1.1309566298520022 2630.106443116999 0.025 t_swap_r_k 100 243.8430347442627 21.306998192629802 9.74358278368004 5.089700000000001 5.9401 9.755128597504001 20.55696899260574 4.9902999999999995
1.0113146150316783 2256.9020641425673 0.0 1.1710638957928425 2749.003636868141 0.025 move_t 100 248.00009775161743 21.306998192629802 10.72614695584324 5.089700000000001 5.9401 9.755128597504001 20.55696899260574 4.9902999999999995
1.0113146150316783 2256.9020641425673 0.0 1.15926087139748 2684.6775798364024 0.025 move_t 100 252.74268341064453 21.306998192629802 11.648885486284806 5.089700000000001 5.9401 9.755128597504001 20.55696899260574 4.9902999999999995
1.0113146150316783 2256.9020641425673 0.0 1.1534355355531904 2696.744712861193 0.025 move_t 100 257.6914689540863 21.306998192629802 12.532396631421959 5.089700000000001 5.9401 9.755128597504001 20.55696899260574 4.9902999999999995
1.0113146150316783 2256.9020641425673 0.0 1.151860510127329 2692.07558125053 0.025 swap_t 100 262.0474178791046 21.306998192629802 12.532396631421959 5.089700000000001 5.9401 10.65757731152896 20.55696899260574 4.9902999999999995
1.0113146150316783 2256.9020641425673 0.0 1.1198861405306089 2597.2881972732866 0.025 t_multiswap_k 100 265.7399218082428 21.306998192629802 12.532396631421959 5.089700000000001 5.9401 10.65757731152896 20.55696899260574 6.060396999999999
1.0113146150316783 2256.9020641425673 0.0 1.1348500172996758 2641.648312921765 0.025 t_move_k 100 269.8267152309418 22.143928210703503 12.532396631421959 5.089700000000001 5.9401 10.65757731152896 20.55696899260574 6.060396999999999
1.0113146150316783 2256.9020641425673 0.0 1.1319200253397625 2632.962409917034 0.025 move_t 100 273.6690709590912 22.143928210703503 13.407072665107739 5.089700000000001 5.9401 10.65757731152896 20.55696899260574 6.060396999999999
1.0113146150316783 2256.9020641425673 0.0 1.1319200253397625 2632.962409917034 0.025 swap_t 100 278.17706274986267 22.143928210703503 13.407072665107739 5.089700000000001 5.9401 11.55100153841367 20.55696899260574 6.060396999999999
1.0113146150316783 2256.9020641425673 0.0 1.1319200253397625 2632.962409917034 0.025 swap_t 100 283.59185695648193 22.143928210703503 13.407072665107739 5.089700000000001 5.9401 12.435491523029533 20.55696899260574 6.060396999999999
1.0113146150316783 2256.9020641425673 0.0 1.1319200253397625 2632.962409917034 0.025 t_swap_r_k 100 286.43212842941284 22.143928210703503 13.407072665107739 5.089700000000001 5.9401 12.435491523029533 21.39139930267968 6.060396999999999
1.0113146150316783 2256.9020641425673 0.0 1.1186491156952878 2593.6210617039583 0.025 t_move_k 100 290.184449672699 22.95248892859647 13.407072665107739 5.089700000000001 5.9401 12.435491523029533 21.39139930267968 6.060396999999999
1.0113146150316783 2256.9020641425673 0.0 1.126788863335773 2615.692515239121 0.02222222222222222 t_multiswap_k 100 294.51428985595703 22.95248892859647 13.407072665107739 5.089700000000001 5.9401 12.435491523029533 21.39139930267968 7.039793029999999
1.0113146150316783 2256.9020641425673 0.0 1.1405996374812806 2669.472836376621 0.02222222222222222 move_t 100 298.0101101398468 22.95248892859647 14.313001938456662 5.089700000000001 5.9401 12.435491523029533 21.39139930267968 7.039793029999999
1.0113146150316783 2256.9020641425673 0.0 1.16805198932323 2740.0748999254115 0.025 t_multiswap_k 100 300.54996848106384 22.95248892859647 14.313001938456662 5.089700000000001 5.9401 12.435491523029533 21.39139930267968 8.1193950997
1.0113146150316783 2256.9020641425673 0.0 1.2058614855406198 2833.6324000048794 0.0 f_swap_t 100 308.09127950668335 22.95248892859647 14.313001938456662 5.089700000000001 6.920699 12.435491523029533 21.39139930267968 8.1193950997
1.0113146150316783 2256.9020641425673 0.0 1.1908821476519644 2789.226450174285 0.0 t_swap_r_k 100 312.87214064598083 22.95248892859647 14.313001938456662 5.089700000000001 6.920699 12.435491523029533 22.217485309652883 8.1193950997
1.0113146150316783 2256.9020641425673 0.0 1.1727884697135367 2735.588101085887 0.0 t_move_k 100 316.6460106372833 23.782964039310507 14.313001938456662 5.089700000000001 6.920699 12.435491523029533 22.217485309652883 8.1193950997
1.0113146150316783 2256.9020641425673 0.0 1.2061247192419855 2860.9642466074793 0.025 swap_t 100 323.05472683906555 23.782964039310507 14.313001938456662 5.089700000000001 6.920699 13.381136607799238 22.217485309652883 8.1193950997
1.0113146150316783 2256.9020641425673 0.0 1.1964084599710576 2805.609093346765 0.0 t_swap_r_k 100 326.90814304351807 23.782964039310507 14.313001938456662 5.089700000000001 6.920699 13.381136607799238 23.035310456556353 8.1193950997
1.0113146150316783 2256.9020641425673 0.0 1.1951447541041935 2801.862862389047 0.0 t_swap_r_k 100 330.50321412086487 23.782964039310507 14.313001938456662 5.089700000000001 6.920699 13.381136607799238 23.84495735199079 8.1193950997
1.0113146150316783 2256.9020641425673 0.0 1.1621751634745996 2704.1251654150174 0.0 t_multiswap_k 100 334.0313925743103 23.782964039310507 14.313001938456662 5.089700000000001 6.920699 13.381136607799238 23.84495735199079 9.188201148703
1.0113146150316783 2256.9020641425673 0.0 1.1480336709795511 2662.2029916225133 0.0 t_move_k 100 337.4836382865906 24.575134398917402 14.313001938456662 5.089700000000001 6.920699 13.381136607799238 23.84495735199079 9.188201148703
1.0113146150316783 2256.9020641425673 0.0 1.1321404550475345 2615.0878684728814 0.0 t_move_k 100 340.3376512527466 25.35938305492823 14.313001938456662 5.089700000000001 6.920699 13.381136607799238 23.84495735199079 9.188201148703
1.0113146150316783 2256.9020641425673 0.0 1.1245250521450938 2592.5121577345817 0.0 move_t 100 345.46316409111023 25.35938305492823 15.229871919072094 5.089700000000001 6.920699 13.381136607799238 23.84495735199079 9.188201148703
1.0113146150316783 2256.9020641425673 0.0 1.1196643700641649 2578.1027621903586 0.0 f_swap_t 100 350.163348197937 25.35938305492823 15.229871919072094 5.089700000000001 7.85149201 13.381136607799238 23.84495735199079 9.188201148703
1.0113146150316783 2256.9020641425673 0.0 1.1184146952546725 2574.3981260237024 0.0 t_swap_r_k 100 353.47083950042725 25.35938305492823 15.229871919072094 5.089700000000001 7.85149201 13.381136607799238 24.64650777847088 9.188201148703
1.0113146150316783 2256.9020641425673 0.0 1.1184146952546725 2574.3981260237024 0.0 t_swap_r_k 100 357.58647894859314 25.35938305492823 15.229871919072094 5.089700000000001 7.85149201 13.381136607799238 25.44004270068617 9.188201148703
1.0113146150316783 2256.9020641425673 0.0 1.1184146952546725 2574.3981260237024 0.0 t_swap_r_k 100 361.27175211906433 25.35938305492823 15.229871919072094 5.089700000000001 7.85149201 13.381136607799238 26.22564227367931 9.188201148703
1.0113146150316783 2256.9020641425673 0.0 1.1229301675267431 2587.7841539419906 0.0 move_t 100 366.0705597400665 25.35938305492823 16.14757319988137 5.089700000000001 7.85149201 13.381136607799238 26.22564227367931 9.188201148703
1.0113146150316783 2256.9020641425673 0.0 1.1321840756761514 2615.217180960546 0.0 move_t 100 371.43539452552795 25.35938305492823 17.03609746788256 5.089700000000001 7.85149201 13.381136607799238 26.22564227367931 9.188201148703
1.0113146150316783 2256.9020641425673 0.0 1.1257442399187099 2596.1264156885513 0.0 t_move_k 100 376.42778491973877 26.10578922437895 17.03609746788256 5.089700000000001 7.85149201 13.381136607799238 26.22564227367931 9.188201148703
1.0113146150316783 2256.9020641425673 0.0 1.12074423991871 2596.1264156885513 0.02 t_swap_r_k 100 380.27740383148193 26.10578922437895 17.03609746788256 5.089700000000001 7.85149201 13.381136607799238 27.033385850942516 9.188201148703
1.0113146150316783 2256.9020641425673 0.0 1.12074423991871 2596.1264156885513 0.02 t_swap_r_k 100 382.98910903930664 26.10578922437895 17.03609746788256 5.089700000000001 7.85149201 13.381136607799238 27.80305199243309 9.188201148703
1.0113146150316783 2256.9020641425673 0.0 1.1156732328673633 2581.093515944483 0.02 t_move_k 100 386.6407985687256 26.90473133213516 17.03609746788256 5.089700000000001 7.85149201 13.381136607799238 27.80305199243309 9.188201148703
1.0113146150316783 2256.9020641425673 0.0 1.1153754817820154 2580.2108387623366 0.02 t_move_k 100 389.0513355731964 27.63568401881381 17.03609746788256 5.089700000000001 7.85149201 13.381136607799238 27.80305199243309 9.188201148703
1.0113146150316783 2256.9020641425673 0.0 1.1153754817820154 2580.2108387623366 0.02 t_swap_r_k 100 392.58524465560913 27.63568401881381 17.03609746788256 5.089700000000001 7.85149201 13.381136607799238 28.56502147250876 9.188201148703
1.0113146150316783 2256.9020641425673 0.0 1.1108116198280218 2562.1328764500363 0.02 swap_t 100 396.3459904193878 27.63568401881381 17.03609746788256 5.089700000000001 7.85149201 14.277325241721245 28.56502147250876 9.188201148703
1.0113146150316783 2256.9020641425673 0.0 1.113441972293514 2578.184588451359 0.025 t_move_k 100 399.176296710968 28.399327178625672 17.03609746788256 5.089700000000001 7.85149201 14.277325241721245 28.56502147250876 9.188201148703
1.0113146150316783 2256.9020641425673 0.0 1.1101799377667523 2564.8087516608 0.02 t_multiswap_k 100 402.0972638130188 28.399327178625672 17.03609746788256 5.089700000000001 7.85149201 14.277325241721245 28.56502147250876 10.09631913721597
1.0113146150316783 2256.9020641425673 0.0 1.11001432821065 2570.6702628833086 0.02857142857142857 t_multiswap_k 100 405.48706555366516 28.399327178625672 17.03609746788256 5.089700000000001 7.85149201 14.277325241721245 28.56502147250876 11.02535594584381
1.0113146150316783 2256.9020641425673 0.0 1.1095874104435195 2569.404673636981 0.02857142857142857 t_move_k 100 409.94419407844543 29.145333906839415 17.03609746788256 5.089700000000001 7.85149201 14.277325241721245 28.56502147250876 11.02535594584381
1.0113146150316783 2256.9020641425673 0.0 1.1095874104435195 2569.404673636981 0.02857142857142857 t_swap_r_k 100 413.5873694419861 29.145333906839415 17.03609746788256 5.089700000000001 7.85149201 14.277325241721245 29.319371257783672 11.02535594584381
1.0113146150316783 2256.9020641425673 0.0 1.1143783470531752 2583.607310116064 0.02857142857142857 t_multiswap_k 100 416.43609714508057 29.145333906839415 17.03609746788256 5.089700000000001 7.85149201 14.277325241721245 29.319371257783672 12.015102386385372
1.0113146150316783 2256.9020641425673 0.0 1.1131702669351522 2558.85112237255 0.0 t_move_k 100 420.1427266597748 29.89388056777102 17.03609746788256 5.089700000000001 7.85149201 14.277325241721245 29.319371257783672 12.015102386385372
1.0113146150316783 2256.9020641425673 0.0 1.109452231760663 2547.8290809008913 0.0 t_swap_r_k 100 423.6855046749115 29.89388056777102 17.03609746788256 5.089700000000001 7.85149201 14.277325241721245 30.066177545205836 12.015102386385372
1.0113146150316783 2256.9020641425673 0.0 1.1250530726652053 2594.0774640852283 0.0 t_move_k 100 427.21911430358887 30.60494176209331 17.03609746788256 5.089700000000001 7.85149201 14.277325241721245 30.066177545205836 12.015102386385372
1.0113146150316783 2256.9020641425673 0.0 1.1309108305953464 2632.617529406517 0.02857142857142857 t_move_k 100 430.2465398311615 31.43889234447238 17.03609746788256 5.089700000000001 7.85149201 14.277325241721245 30.066177545205836 12.015102386385372
1.0113146150316783 2256.9020641425673 0.0 1.1278902334194305 2623.663029037463 0.02857142857142857 t_move_k 100 434.26634669303894 32.154503421027655 17.03609746788256 5.089700000000001 7.85149201 14.277325241721245 30.066177545205836 12.015102386385372
1.0113146150316783 2256.9020641425673 0.0 1.1272127233128346 2621.654563775056 0.02857142857142857 move_t 100 438.4923632144928 32.154503421027655 17.895736493203735 5.089700000000001 7.85149201 14.277325241721245 30.066177545205836 12.015102386385372
1.0113146150316783 2256.9020641425673 0.0 1.1159148014272053 2588.1620986092094 0.02857142857142857 t_move_k 100 443.4066390991211 32.89295838681738 17.895736493203735 5.089700000000001 7.85149201 14.277325241721245 30.066177545205836 12.015102386385372
1.0113146150316783 2256.9020641425673 0.0 1.1521799802916182 2674.494643273767 0.0 t_move_k 100 447.1030614376068 33.624028802949205 17.895736493203735 5.089700000000001 7.85149201 14.277325241721245 30.066177545205836 12.015102386385372
1.0113146150316783 2256.9020641425673 0.0 1.2013482513438891 2863.0276710821254 0.0 move_t 100 452.14498376846313 33.624028802949205 18.7567791282717 5.089700000000001 7.85149201 14.277325241721245 30.066177545205836 12.015102386385372
1.0113146150316783 2256.9020641425673 0.0 1.1910488966202397 2789.720774180765 0.0 f_swap_t 100 456.5534734725952 33.624028802949205 18.7567791282717 5.089700000000001 8.7729770899 14.277325241721245 30.066177545205836 12.015102386385372
1.0113146150316783 2256.9020641425673 0.0 1.1908087793095228 2789.008951179481 0.0 t_swap_r_k 100 461.35013937950134 33.624028802949205 18.7567791282717 5.089700000000001 8.7729770899 14.277325241721245 30.80551576975378 12.015102386385372
1.0113146150316783 2256.9020641425673 0.0 1.188805240395186 2783.0694998382396 0.0 t_move_k 100 464.5521910190582 34.34778851491971 18.7567791282717 5.089700000000001 8.7729770899 14.277325241721245 30.80551576975378 12.015102386385372
1.0113146150316783 2256.9020641425673 0.0 1.1866066236471884 2776.551744131411 0.0 t_swap_r_k 100 469.89169216156006 34.34778851491971 18.7567791282717 5.089700000000001 8.7729770899 14.277325241721245 31.53746061205624 12.015102386385372
1.0113146150316783 2256.9020641425673 0.0 1.2082273565055994 2840.645977517949 0.0 t_move_k 100 473.98392391204834 35.08431062977051 18.7567791282717 5.089700000000001 8.7729770899 14.277325241721245 31.53746061205624 12.015102386385372
1.0113146150316783 2256.9020641425673 0.0 1.1987039605014644 2812.414059103399 0.0 t_multiswap_k 100 477.17581486701965 35.08431062977051 18.7567791282717 5.089700000000001 8.7729770899 14.277325241721245 31.53746061205624 12.924951362521519
1.0113146150316783 2256.9020641425673 0.0 1.1848499820422027 2771.3442149628218 0.0 t_multiswap_k 100 480.1480903625488 35.08431062977051 18.7567791282717 5.089700000000001 8.7729770899 14.277325241721245 31.53746061205624 13.825701848896303
1.0113146150316783 2256.9020641425673 0.0 1.180538818957239 2758.563857574168 0.0 t_swap_r_k 100 483.732036113739 35.08431062977051 18.7567791282717 5.089700000000001 8.7729770899 14.277325241721245 32.26208600593568 13.825701848896303
1.0113146150316783 2256.9020641425673 0.0 1.1791145523754187 2754.341647564099 0.0 f_swap_t 100 489.1452844142914 35.08431062977051 18.7567791282717 5.089700000000001 9.685247319001 14.277325241721245 32.26208600593568 13.825701848896303
1.0113146150316783 2256.9020641425673 0.0 1.1791145523754187 2754.341647564099 0.0 swap_t 100 493.6112675666809 35.08431062977051 18.7567791282717 5.089700000000001 9.685247319001 15.134551989304033 32.26208600593568 13.825701848896303
1.0113146150316783 2256.9020641425673 0.0 1.1791145523754187 2754.341647564099 0.0 t_swap_r_k 100 497.5046191215515 35.08431062977051 18.7567791282717 5.089700000000001 9.685247319001 15.134551989304033 32.97946514587632 13.825701848896303
1.0113146150316783 2256.9020641425673 0.0 1.1791145523754187 2754.341647564099 0.0 t_swap_r_k 100 501.27094984054565 35.08431062977051 18.7567791282717 5.089700000000001 9.685247319001 15.134551989304033 33.689670494417555 13.825701848896303
1.0113146150316783 2256.9020641425673 0.0 1.175925140597899 2744.886699659565 0.0 move_t 100 504.9052777290344 35.08431062977051 19.62921133698898 5.089700000000001 9.685247319001 15.134551989304033 33.689670494417555 13.825701848896303
1.0113146150316783 2256.9020641425673 0.0 1.1500336099201207 2668.131770912982 0.0 t_move_k 100 509.16457295417786 35.82346752347281 19.62921133698898 5.089700000000001 9.685247319001 15.134551989304033 33.689670494417555 13.825701848896303
1.0113146150316783 2256.9020641425673 0.0 1.1486196588034798 2663.9401408946737 0.0 t_swap_r_k 100 512.9793713092804 35.82346752347281 19.62921133698898 5.089700000000001 9.685247319001 15.134551989304033 34.39277378947338 13.825701848896303
1.0113146150316783 2256.9020641425673 0.0 1.1318259212045654 2614.155439138907 0.0 t_move_k 100 515.9010570049286 36.56523284823808 19.62921133698898 5.089700000000001 9.685247319001 15.134551989304033 34.39277378947338 13.825701848896303
1.0113146150316783 2256.9020641425673 0.0 1.106820293995542 2540.026753640237 0.0 t_move_k 100 520.4884083271027 37.2595805197557 19.62921133698898 5.089700000000001 9.685247319001 15.134551989304033 34.39277378947338 13.825701848896303
1.0113146150316783 2256.9020641425673 0.0 1.1067575445821383 2539.840734249779 0.0 swap_t 100 525.2292466163635 37.2595805197557 19.62921133698898 5.089700000000001 9.685247319001 16.013206469410992 34.39277378947338 13.825701848896303
1.0113146150316783 2256.9020641425673 0.0 1.1059289537352508 2537.3843931317347 0.0 t_swap_r_k 100 529.393078327179 37.2595805197557 19.62921133698898 5.089700000000001 9.685247319001 16.013206469410992 35.08884605157865 13.825701848896303
1.0113146150316783 2256.9020641425673 0.0 1.1059289537352508 2537.3843931317347 0.0 t_swap_r_k 100 533.4625153541565 37.2595805197557 19.62921133698898 5.089700000000001 9.685247319001 16.013206469410992 35.777957591062865 13.825701848896303
1.0113146150316783 2256.9020641425673 0.0 1.1059289537352508 2537.3843931317347 0.0 move_t 100 539.3231129646301 37.2595805197557 20.43291922361909 5.089700000000001 9.685247319001 16.013206469410992 35.777957591062865 13.825701848896303
1.0113146150316783 2256.9020641425673 0.0 1.1051563241711133 2535.093948125571 0.0 t_swap_k 100 544.330105304718 37.2595805197557 20.43291922361909 6.068803000000001 9.685247319001 16.013206469410992 35.777957591062865 13.825701848896303
1.0113146150316783 2256.9020641425673 0.0 1.136137690906902 2626.9375948327206 0.0 t_swap_k 100 549.5424237251282 37.2595805197557 20.43291922361909 7.078114970000001 9.685247319001 16.013206469410992 35.777957591062865 13.825701848896303
1.0113146150316783 2256.9020641425673 0.0 1.1226545240694121 2586.967014384264 0.0 t_multiswap_k 100 552.6643199920654 37.2595805197557 20.43291922361909 7.078114970000001 9.685247319001 16.013206469410992 35.777957591062865 14.747444830407339
1.0113146150316783 2256.9020641425673 0.0 1.1226545240694121 2586.967014384264 0.0 t_swap_r_k 100 556.623007774353 37.2595805197557 20.43291922361909 7.078114970000001 9.685247319001 16.013206469410992 36.46017801515224 14.747444830407339
1.0113146150316783 2256.9020641425673 0.0 1.1226545240694121 2586.967014384264 0.0 move_t 100 560.9409234523773 37.2595805197557 21.2285900313829 7.078114970000001 9.685247319001 16.013206469410992 36.46017801515224 14.747444830407339
1.0113146150316783 2256.9020641425673 0.0 1.13156506772457 2613.3821441754108 0.0 f_swap_t 100 566.4524247646332 37.2595805197557 21.2285900313829 7.078114970000001 10.62839484581099 16.013206469410992 36.46017801515224 14.747444830407339
1.0113146150316783 2256.9020641425673 0.0 1.114198581819822 2561.899541436071 0.0 t_move_k 100 571.1950197219849 37.94698471455814 21.2285900313829 7.078114970000001 10.62839484581099 16.013206469410992 36.46017801515224 14.747444830407339
1.0113146150316783 2256.9020641425673 0.0 1.10689605763832 2540.251353455341 0.0 f_swap_t 100 575.6425547599792 37.94698471455814 21.2285900313829 7.078114970000001 11.52211089735288 16.013206469410992 36.46017801515224 14.747444830407339
1.0113146150316783 2256.9020641425673 0.0 1.1533567783901593 2685.209971506379 0.0 swap_t 100 582.2410604953766 37.94698471455814 21.2285900313829 7.078114970000001 11.52211089735288 16.89307440471688 36.46017801515224 14.747444830407339
1.0113146150316783 2256.9020641425673 0.0 1.150122974969006 2668.3966918265032 0.0 f_swap_t 100 586.230147600174 37.94698471455814 21.2285900313829 7.078114970000001 12.40688978837935 16.89307440471688 36.46017801515224 14.747444830407339
1.0113146150316783 2256.9020641425673 0.0 1.150122974969006 2668.3966918265032 0.0 t_swap_r_k 100 589.8905870914459 37.94698471455814 21.2285900313829 7.078114970000001 12.40688978837935 16.89307440471688 37.13557623500071 14.747444830407339
1.0113146150316783 2256.9020641425673 0.0 1.1447196628934002 2639.4464221976973 0.0 swap_t 100 593.8789370059967 37.94698471455814 21.2285900313829 7.078114970000001 12.40688978837935 17.754143660669712 37.13557623500071 14.747444830407339
1.0113146150316783 2256.9020641425673 0.0 1.131787588683976 2614.0418031425215 0.0 t_move_k 100 596.3518164157867 38.62751486741256 21.2285900313829 7.078114970000001 12.40688978837935 17.754143660669712 37.13557623500071 14.747444830407339
1.0113146150316783 2256.9020641425673 0.0 1.1289889200677579 2605.745205583402 0.0 move_t 100 599.625813961029 38.62751486741256 22.076304131069072 7.078114970000001 12.40688978837935 17.754143660669712 37.13557623500071 14.747444830407339
1.0113146150316783 2256.9020641425673 0.0 1.119086673124667 2576.3901910805193 0.0 t_move_k 100 603.699688911438 39.30123971873843 22.076304131069072 7.078114970000001 12.40688978837935 17.754143660669712 37.13557623500071 14.747444830407339
1.0113146150316783 2256.9020641425673 0.0 1.1118938863909598 2537.27258148684 0.0 swap_t 100 608.6592574119568 39.30123971873843 22.076304131069072 7.078114970000001 12.40688978837935 18.606602224063014 37.13557623500071 14.747444830407339
1.0113146150316783 2256.9020641425673 0.0 1.1080915367606443 2543.795327583174 0.0 t_swap_r_k 100 611.9241893291473 39.30123971873843 22.076304131069072 7.078114970000001 12.40688978837935 18.606602224063014 37.804220472650705 14.747444830407339
1.0113146150316783 2256.9020641425673 0.0 1.0982375488591893 2514.583376051278 0.0 f_swap_t 100 618.6839482784271 39.30123971873843 22.076304131069072 7.078114970000001 13.342820890495558 18.606602224063014 37.804220472650705 14.747444830407339
1.0113146150316783 2256.9020641425673 0.0 1.09741220628112 2512.1366643616666 0.0 move_t 100 623.2671241760254 39.30123971873843 22.855541089758383 7.078114970000001 13.342820890495558 18.606602224063014 37.804220472650705 14.747444830407339
1.0113146150316783 2256.9020641425673 0.0 1.09741220628112 2512.1366643616666 0.0 move_t 100 627.2622737884521 39.30123971873843 23.626985678860798 7.078114970000001 13.342820890495558 18.606602224063014 37.804220472650705 14.747444830407339
1.0113146150316783 2256.9020641425673 0.0 1.091224390233804 2493.7930065177397 0.0 move_t 100 630.7904057502747 39.30123971873843 24.42071582207219 7.078114970000001 13.342820890495558 18.606602224063014 37.804220472650705 14.747444830407339
1.0113146150316783 2256.9020641425673 0.0 1.0958118306716473 2507.3923826348914 0.0 t_move_k 100 635.2547361850739 39.978227321551046 24.42071582207219 7.078114970000001 13.342820890495558 18.606602224063014 37.804220472650705 14.747444830407339
1.0113146150316783 2256.9020641425673 0.0 1.0922702115427545 2496.893323028538 0.0 t_multiswap_k 100 637.9309141635895 39.978227321551046 24.42071582207219 7.078114970000001 13.342820890495558 18.606602224063014 37.804220472650705 15.599970382103265
1.0113146150316783 2256.9020641425673 0.0 1.091236894767237 2493.830075958887 0.0 move_t 100 642.2584793567657 39.978227321551046 25.176508663851468 7.078114970000001 13.342820890495558 18.606602224063014 37.804220472650705 15.599970382103265
1.0113146150316783 2256.9020641425673 0.0 1.0881205177069448 2484.5916380238323 0.0 t_move_k 100 646.847249507904 40.638445048335534 25.176508663851468 7.078114970000001 13.342820890495558 18.606602224063014 37.804220472650705 15.599970382103265
1.0113146150316783 2256.9020641425673 0.0 1.0858546772496556 2477.8745989652025 0.0 move_t 100 650.0631113052368 40.638445048335534 25.954743577212952 7.078114970000001 13.342820890495558 18.606602224063014 37.804220472650705 15.599970382103265
1.0113146150316783 2256.9020641425673 0.0 1.0854433564759818 2476.6552466963767 0.0 f_swap_t 100 655.9957692623138 40.638445048335534 25.954743577212952 7.078114970000001 14.209392681590602 18.606602224063014 37.804220472650705 15.599970382103265
1.0113146150316783 2256.9020641425673 0.0 1.0831280397773067 2469.791536302263 0.0 t_multiswap_k 100 658.5777518749237 40.638445048335534 25.954743577212952 7.078114970000001 14.209392681590602 18.606602224063014 37.804220472650705 16.47397067828223
1.0113146150316783 2256.9020641425673 0.0 1.0831280397773067 2469.791536302263 0.0 swap_t 100 662.5589933395386 40.638445048335534 25.954743577212952 7.078114970000001 14.209392681590602 19.420536201822383 37.804220472650705 16.47397067828223
1.0113146150316783 2256.9020641425673 0.0 1.0831280397773067 2469.791536302263 0.0 t_swap_r_k 100 667.293881893158 40.638445048335534 25.954743577212952 7.078114970000001 14.209392681590602 19.420536201822383 38.4661782679242 16.47397067828223
1.0113146150316783 2256.9020641425673 0.0 1.158898129420206 2677.153280810805 0.0 swap_t 100 673.5556137561798 40.638445048335534 25.954743577212952 7.078114970000001 14.209392681590602 20.24633083980416 38.4661782679242 16.47397067828223
1.0113146150316783 2256.9020641425673 0.0 1.1428463476891717 2646.8252746967128 0.0 swap_t 100 678.373615026474 40.638445048335534 25.954743577212952 7.078114970000001 14.209392681590602 21.043867531406118 38.4661782679242 16.47397067828223
1.0113146150316783 2256.9020641425673 0.0 1.1412898619072989 2642.211103492642 0.0 t_swap_r_k 100 682.1647810935974 40.638445048335534 25.954743577212952 7.078114970000001 14.209392681590602 21.043867531406118 39.12151648524496 16.47397067828223
1.0113146150316783 2256.9020641425673 0.0 1.1673316469044603 2719.4114581864833 0.0 t_move_k 100 685.3011944293976 41.31206059785218 25.954743577212952 7.078114970000001 14.209392681590602 21.043867531406118 39.12151648524496 16.47397067828223
1.0113146150316783 2256.9020641425673 0.0 1.2041391983301744 2862.0704745015905 0.0 move_t 100 687.8483505249023 41.31206059785218 26.76519614144082 7.078114970000001 14.209392681590602 21.043867531406118 39.12151648524496 16.47397067828223
1.0113146150316783 2256.9020641425673 0.0 1.2045048631514974 2829.610719861323 0.0 t_multiswap_k 100 690.7567672729492 41.31206059785218 26.76519614144082 7.078114970000001 14.209392681590602 21.043867531406118 39.12151648524496 17.43923097149941
1.0113146150316783 2256.9020641425673 0.0 1.1848817378735792 2771.438354494583 0.0 t_move_k 100 694.4072742462158 42.07893999187366 26.76519614144082 7.078114970000001 14.209392681590602 21.043867531406118 39.12151648524496 17.43923097149941
1.0113146150316783 2256.9020641425673 0.0 1.1704027756313518 2728.515758335352 0.0 t_move_k 100 698.0270621776581 42.718150591954924 26.76519614144082 7.078114970000001 14.209392681590602 21.043867531406118 39.12151648524496 17.43923097149941
1.0113146150316783 2256.9020641425673 0.0 1.1751252490320288 2729.0533203645296 0.0 move_t 100 701.313943862915 42.718150591954924 27.507544180026414 7.078114970000001 14.209392681590602 21.043867531406118 39.12151648524496 17.43923097149941
1.0113146150316783 2256.9020641425673 0.0 1.1731853627014368 2736.764682470179 0.0 t_swap_r_k 100 704.8371551036835 42.718150591954924 27.507544180026414 7.078114970000001 14.209392681590602 21.043867531406118 39.77030132039251 17.43923097149941
1.0113146150316783 2256.9020641425673 0.0 1.1731853627014368 2736.764682470179 0.0 t_swap_r_k 100 709.3645663261414 42.718150591954924 27.507544180026414 7.078114970000001 14.209392681590602 21.043867531406118 40.41259830718859 17.43923097149941
1.0113146150316783 2256.9020641425673 0.0 1.18977729849056 2785.951146766592 0.0 t_multiswap_k 100 712.9414463043213 42.718150591954924 27.507544180026414 7.078114970000001 14.209392681590602 21.043867531406118 40.41259830718859 18.374838661784416
1.0113146150316783 2256.9020641425673 0.0 1.1679829674301712 2721.3422849562203 0.0 t_move_k 100 717.0633313655853 43.390969086035376 27.507544180026414 7.078114970000001 14.209392681590602 21.043867531406118 40.41259830718859 18.374838661784416
1.0113146150316783 2256.9020641425673 0.0 1.1654404420297333 2713.8050188758307 0.0 swap_t 100 720.1478259563446 43.390969086035376 27.507544180026414 7.078114970000001 14.209392681590602 21.833428856092056 40.41259830718859 18.374838661784416
1.0113146150316783 2256.9020641425673 0.0 1.1654404420297333 2713.8050188758307 0.0 t_swap_r_k 100 724.5359206199646 43.390969086035376 27.507544180026414 7.078114970000001 14.209392681590602 21.833428856092056 41.0484723241167 18.374838661784416
1.0113146150316783 2256.9020641425673 0.0 1.1673440281719927 2719.448162208314 0.0 t_multiswap_k 100 727.8644242286682 43.390969086035376 27.507544180026414 7.078114970000001 14.209392681590602 21.833428856092056 41.0484723241167 19.20109027516657
1.0113146150316783 2256.9020641425673 0.0 1.1565621442575569 2687.485481364701 0.0 move_t 100 731.8792240619659 43.390969086035376 28.32246873822615 7.078114970000001 14.209392681590602 21.833428856092056 41.0484723241167 19.20109027516657
1.0113146150316783 2256.9020641425673 0.0 1.1549017070681684 2682.563148276489 0.0 t_swap_r_k 100 734.6075577735901 43.390969086035376 28.32246873822615 7.078114970000001 14.209392681590602 21.833428856092056 41.67798760087553 19.20109027516657
1.0113146150316783 2256.9020641425673 0.0 1.1549017070681684 2682.563148276489 0.0 t_swap_r_k 100 739.9068331718445 43.390969086035376 28.32246873822615 7.078114970000001 14.209392681590602 21.833428856092056 42.30120772486678 19.20109027516657
1.0113146150316783 2256.9020641425673 0.0 1.1503339111600455 2669.0220079777496 0.0 t_move_k 100 744.3758120536804 44.057059395175024 28.32246873822615 7.078114970000001 14.209392681590602 21.833428856092056 42.30120772486678 19.20109027516657
1.0113146150316783 2256.9020641425673 0.0 1.1528700243163665 2715.133613290397 0.0 move_t 100 749.4211847782135 44.057059395175024 29.109244050843888 7.078114970000001 14.209392681590602 21.833428856092056 42.30120772486678 19.20109027516657
1.0113146150316783 2256.9020641425673 0.0 1.1875304493324053 2779.290407037268 0.0 t_move_k 100 754.6515145301819 44.77648880122327 29.109244050843888 7.078114970000001 14.209392681590602 21.833428856092056 42.30120772486678 19.20109027516657
1.0113146150316783 2256.9020641425673 0.0 1.2350752347416247 2920.2359796174264 0.0 t_swap_k 100 760.2773711681366 44.77648880122327 29.109244050843888 8.1973338203 14.209392681590602 21.833428856092056 42.30120772486678 19.20109027516657
1.0113146150316783 2256.9020641425673 0.0 1.22082042753583 2877.9778866142155 0.0 t_move_k 100 764.158340215683 45.41872391321104 29.109244050843888 8.1973338203 14.209392681590602 21.833428856092056 42.30120772486678 19.20109027516657
1.0113146150316783 2256.9020641425673 0.0 1.216699036478993 2865.760104635963 0.0 t_swap_r_k 100 768.578232049942 45.41872391321104 29.109244050843888 8.1973338203 14.209392681590602 21.833428856092056 42.91819564761811 19.20109027516657
1.0113146150316783 2256.9020641425673 0.0 1.2210561898378527 2878.676799278673 0.0 t_multiswap_k 100 772.3807995319366 45.41872391321104 29.109244050843888 8.1973338203 14.209392681590602 21.833428856092056 42.91819564761811 20.049079372414905
1.0113146150316783 2256.9020641425673 0.0 1.2030153165270268 2840.0173892104713 0.02 t_move_k 100 776.4468252658844 46.14453667407893 29.109244050843888 8.1973338203 14.209392681590602 21.833428856092056 42.91819564761811 20.049079372414905
1.0113146150316783 2256.9020641425673 0.0 1.1990385300736657 2810.043097356774 0.0 swap_t 100 782.2923090457916 46.14453667407893 29.109244050843888 8.1973338203 14.209392681590602 22.645094567531135 42.91819564761811 20.049079372414905
1.0113146150316783 2256.9020641425673 0.0 1.1874150622298514 2778.9483442621845 0.0 t_swap_r_k 100 786.2875647544861 46.14453667407893 29.109244050843888 8.1973338203 14.209392681590602 22.645094567531135 43.529013691141934 20.049079372414905
1.0113146150316783 2256.9020641425673 0.0 1.239285880839765 2932.7183563939075 0.0 move_t 100 791.5156660079956 46.14453667407893 29.838151610335448 8.1973338203 14.209392681590602 22.645094567531135 43.529013691141934 20.049079372414905
1.0113146150316783 2256.9020641425673 0.0 1.2302322619403323 2905.8790828811566 0.0 t_swap_r_k 100 794.2367768287659 46.14453667407893 29.838151610335448 8.1973338203 14.209392681590602 22.645094567531135 44.133723554230514 20.049079372414905
1.0113146150316783 2256.9020641425673 0.0 1.2291659937545676 2902.7181520099134 0.0 swap_t 100 799.5046594142914 46.14453667407893 29.838151610335448 8.1973338203 14.209392681590602 23.418643621855825 44.133723554230514 20.049079372414905
1.0113146150316783 2256.9020641425673 0.0 1.2160436331655418 2863.8171745230134 0.0 move_t 100 803.2702713012695 46.14453667407893 30.599770094232092 8.1973338203 14.209392681590602 23.418643621855825 44.133723554230514 20.049079372414905
1.0113146150316783 2256.9020641425673 0.0 1.2134895028395236 2856.245505871099 0.0 t_swap_r_k 100 807.4992113113403 46.14453667407893 30.599770094232092 8.1973338203 14.209392681590602 23.418643621855825 44.73238631868821 20.049079372414905
1.0113146150316783 2256.9020641425673 0.0 1.2125638747013276 2853.5014996291643 0.0 t_swap_r_k 100 810.8797919750214 46.14453667407893 30.599770094232092 8.1973338203 14.209392681590602 23.418643621855825 45.325062455501325 20.049079372414905
1.0113146150316783 2256.9020641425673 0.0 1.2125638747013274 2853.501499629164 0.0 t_swap_r_k 100 815.7581403255463 46.14453667407893 30.599770094232092 8.1973338203 14.209392681590602 23.418643621855825 45.91181183094631 20.049079372414905
1.0113146150316783 2256.9020641425673 0.0 1.2125638747013274 2853.501499629164 0.0 swap_t 100 821.1230659484863 46.14453667407893 30.599770094232092 8.1973338203 14.209392681590602 24.184457185637267 45.91181183094631 20.049079372414905
1.0113146150316783 2256.9020641425673 0.0 1.2125638747013274 2853.501499629164 0.0 t_swap_r_k 100 824.8774478435516 46.14453667407893 30.599770094232092 8.1973338203 14.209392681590602 24.184457185637267 46.49269371263685 20.049079372414905
1.0113146150316783 2256.9020641425673 0.0 1.2004422070386003 2817.5670564584902 0.0 t_move_k 100 830.170492887497 46.803091307338136 30.599770094232092 8.1973338203 14.209392681590602 24.184457185637267 46.49269371263685 20.049079372414905
1.0113146150316783 2256.9020641425673 0.0 1.2000376064347333 2816.3676259996614 0.0 swap_t 100 834.3813991546631 46.803091307338136 30.599770094232092 8.1973338203 14.209392681590602 24.942612613780895 46.49269371263685 20.049079372414905
1.0113146150316783 2256.9020641425673 0.0 1.2000376064347333 2816.3676259996614 0.0 f_swap_t 100 839.3872213363647 46.803091307338136 30.599770094232092 8.1973338203 15.067298754774695 24.942612613780895 46.49269371263685 20.049079372414905
1.0113146150316783 2256.9020641425673 0.0 1.1999179090675764 2816.012785530721 0.0 t_move_k 100 842.8282794952393 47.36506039426475 30.599770094232092 8.1973338203 15.067298754774695 24.942612613780895 46.49269371263685 20.049079372414905
1.0113146150316783 2256.9020641425673 0.0 1.1972769546697137 2808.1837286412842 0.0 f_swap_t 100 848.2930188179016 47.36506039426475 30.599770094232092 8.1973338203 15.946625767226948 24.942612613780895 46.49269371263685 20.049079372414905
1.0113146150316783 2256.9020641425673 0.0 1.1972769546697137 2808.1837286412842 0.0 t_swap_r_k 100 852.4527702331543 47.36506039426475 30.599770094232092 8.1973338203 15.946625767226948 24.942612613780895 47.067766775510485 20.049079372414905
1.0113146150316783 2256.9020641425673 0.0 1.1943472317824633 2799.4986232971205 0.0 t_multiswap_k 100 854.6691410541534 47.36506039426475 30.599770094232092 8.1973338203 15.946625767226948 24.942612613780895 47.067766775510485 20.948588578690757
1.0113146150316783 2256.9020641425673 0.0 1.1922391354167718 2793.249213466807 0.0 t_swap_r_k 100 859.7315669059753 47.36506039426475 30.599770094232092 8.1973338203 15.946625767226948 24.942612613780895 47.63708910775538 20.948588578690757
1.0113146150316783 2256.9020641425673 0.0 1.1922391354167718 2793.249213466807 0.0 f_swap_t 100 866.7720911502838 47.36506039426475 30.599770094232092 8.1973338203 16.787159509554677 24.942612613780895 47.63708910775538 20.948588578690757
1.0113146150316783 2256.9020641425673 0.0 1.1922391354167718 2793.249213466807 0.0 t_swap_r_k 100 871.5052981376648 47.36506039426475 30.599770094232092 8.1973338203 16.787159509554677 24.942612613780895 48.20071821667783 20.948588578690757
1.0113146150316783 2256.9020641425673 0.0 1.2028637644443334 2810.4079274523065 0.0 swap_t 100 876.7541568279266 47.36506039426475 30.599770094232092 8.1973338203 16.787159509554677 25.703186487643087 48.20071821667783 20.948588578690757
1.0113146150316783 2256.9020641425673 0.0 1.1924150875945654 2793.77082020522 0.0 t_move_k 100 882.0028867721558 48.011409790322105 30.599770094232092 8.1973338203 16.787159509554677 25.703186487643087 48.20071821667783 20.948588578690757
1.0113146150316783 2256.9020641425673 0.0 1.1878145422939057 2780.1325949823818 0.0 swap_t 100 887.1260023117065 48.011409790322105 30.599770094232092 8.1973338203 16.787159509554677 26.446154622766656 48.20071821667783 20.948588578690757
1.0113146150316783 2256.9020641425673 0.0 1.1878145422939057 2780.1325949823818 0.0 t_swap_r_k 100 891.189838886261 48.011409790322105 30.599770094232092 8.1973338203 16.787159509554677 26.446154622766656 48.75871103451105 20.948588578690757
1.0113146150316783 2256.9020641425673 0.0 1.1786409643879878 2752.9377053760954 0.0 move_t 100 895.2669923305511 48.011409790322105 31.38377239328977 8.1973338203 16.787159509554677 26.446154622766656 48.75871103451105 20.948588578690757
1.0113146150316783 2256.9020641425673 0.0 1.175066917188709 2742.3425133987816 0.0 t_swap_r_k 100 898.6199114322662 48.011409790322105 31.38377239328977 8.1973338203 16.787159509554677 26.446154622766656 49.31112392416594 20.948588578690757
1.0113146150316783 2256.9020641425673 0.0 1.1750669171887087 2742.342513398781 0.0 swap_t 100 903.1530063152313 48.011409790322105 31.38377239328977 8.1973338203 16.787159509554677 27.181693076538988 49.31112392416594 20.948588578690757
1.0113146150316783 2256.9020641425673 0.0 1.1633512782347422 2707.611734275546 0.0 t_move_k 100 907.9064545631409 48.62129569241888 31.38377239328977 8.1973338203 16.787159509554677 27.181693076538988 49.31112392416594 20.948588578690757
1.0113146150316783 2256.9020641425673 0.0 1.1602796896162366 2698.5060707871157 0.0 t_swap_r_k 100 911.7815678119659 48.62129569241888 31.38377239328977 8.1973338203 16.787159509554677 27.181693076538988 49.85801268492428 20.948588578690757
1.0113146150316783 2256.9020641425673 0.0 1.1602796896162366 2698.5060707871157 0.0 t_swap_r_k 100 916.5041103363037 48.62129569241888 31.38377239328977 8.1973338203 16.787159509554677 27.181693076538988 50.39943255807504 20.948588578690757
1.0113146150316783 2256.9020641425673 0.0 1.1602796896162366 2698.5060707871157 0.0 t_swap_r_k 100 920.3443670272827 48.62129569241888 31.38377239328977 8.1973338203 16.787159509554677 27.181693076538988 50.93543823249429 20.948588578690757
1.0113146150316783 2256.9020641425673 0.0 1.1602796896162366 2698.5060707871157 0.0 swap_t 100 926.1865594387054 48.62129569241888 31.38377239328977 8.1973338203 16.787159509554677 27.909876145773598 50.93543823249429 20.948588578690757
1.0113146150316783 2256.9020641425673 0.0 1.1602796896162366 2698.5060707871157 0.0 t_multiswap_k 100 928.6091122627258 48.62129569241888 31.38377239328977 8.1973338203 16.787159509554677 27.909876145773598 50.93543823249429 21.73910269290385
1.0113146150316783 2256.9020641425673 0.0 1.1524122734222693 2675.1832716485565 0.0 t_multiswap_k 100 931.0426375865936 48.62129569241888 31.38377239328977 8.1973338203 16.787159509554677 27.909876145773598 50.93543823249429 22.64171166597481
1.0113146150316783 2256.9020641425673 0.0 1.1445058164762558 2651.744736975517 0.0 t_move_k 100 934.2781443595886 49.16508273549469 31.38377239328977 8.1973338203 16.787159509554677 27.909876145773598 50.93543823249429 22.64171166597481
1.0113146150316783 2256.9020641425673 0.0 1.1308308671360567 2611.205621104667 0.0 t_move_k 100 936.9463520050049 49.73343190813974 31.38377239328977 8.1973338203 16.787159509554677 27.909876145773598 50.93543823249429 22.64171166597481
1.0113146150316783 2256.9020641425673 0.0 1.1258981288309984 2596.5826163143306 0.0 t_swap_r_k 100 941.5678963661194 49.73343190813974 31.38377239328977 8.1973338203 16.787159509554677 27.909876145773598 51.46608385016935 22.64171166597481
1.0113146150316783 2256.9020641425673 0.0 1.1258981288309984 2596.5826163143306 0.0 t_swap_r_k 100 946.358377456665 49.73343190813974 31.38377239328977 8.1973338203 16.787159509554677 27.909876145773598 51.991423011667656 22.64171166597481
1.0113146150316783 2256.9020641425673 0.0 1.1258981288309984 2596.5826163143306 0.0 swap_t 100 951.9506845474243 49.73343190813974 31.38377239328977 8.1973338203 16.787159509554677 28.630777384315863 51.991423011667656 22.64171166597481
1.0113146150316783 2256.9020641425673 0.0 1.1350340905664438 2623.6659935299335 0.0 t_multiswap_k 100 954.0041420459747 49.73343190813974 31.38377239328977 8.1973338203 16.787159509554677 28.630777384315863 51.991423011667656 23.425294549315062
1.0113146150316783 2256.9020641425673 0.0 1.1664399073784093 2716.7679140625623 0.0 t_swap_k 100 959.7890863418579 49.73343190813974 31.38377239328977 9.165360482097 16.787159509554677 28.630777384315863 51.991423011667656 23.425294549315062
1.0113146150316783 2256.9020641425673 0.0 1.1526758864257414 2675.964747164623 0.0 t_swap_r_k 100 964.5694160461426 49.73343190813974 31.38377239328977 9.165360482097 16.787159509554677 28.630777384315863 52.51150878155098 23.425294549315062
1.0113146150316783 2256.9020641425673 0.0 1.1508480490093584 2670.546159426386 0.0 t_swap_r_k 100 968.8357453346252 49.73343190813974 31.38377239328977 9.165360482097 16.787159509554677 28.630777384315863 53.02639369373547 23.425294549315062
1.0113146150316783 2256.9020641425673 0.0 1.1500994973279548 2681.4065774227743 0.0 move_t 100 973.6822397708893 49.73343190813974 32.09993466935687 9.165360482097 16.787159509554677 28.630777384315863 53.02639369373547 23.425294549315062
1.0113146150316783 2256.9020641425673 0.0 1.148956008622391 2681.4065774227743 0.02222222222222222 t_swap_r_k 100 977.0989365577698 49.73343190813974 32.09993466935687 9.165360482097 16.787159509554677 28.630777384315863 53.56612975679812 23.425294549315062
1.0113146150316783 2256.9020641425673 0.0 1.148956008622391 2681.4065774227743 0.02222222222222222 f_swap_t 100 982.8093094825745 49.73343190813974 32.09993466935687 9.165360482097 17.61928791445913 28.630777384315863 53.56612975679812 23.425294549315062
1.0113146150316783 2256.9020641425673 0.0 1.148956008622391 2681.4065774227743 0.02222222222222222 t_swap_r_k 100 986.0886361598969 49.73343190813974 32.09993466935687 9.165360482097 17.61928791445913 28.630777384315863 54.070468459230135 23.425294549315062
1.0113146150316783 2256.9020641425673 0.0 1.148956008622391 2681.4065774227743 0.02222222222222222 move_t 100 988.9382662773132 49.73343190813974 32.7789353226633 9.165360482097 17.61928791445913 28.630777384315863 54.070468459230135 23.425294549315062
1.0113146150316783 2256.9020641425673 0.0 1.148956008622391 2681.4065774227743 0.02222222222222222 t_move_k 100 993.9314105510712 50.236097589058346 32.7789353226633 9.165360482097 17.61928791445913 28.630777384315863 54.070468459230135 23.425294549315062
1.0113146150316783 2256.9020641425673 0.0 1.148956008622391 2681.4065774227743 0.02222222222222222 t_multiswap_k 100 997.1452627182007 50.236097589058346 32.7789353226633 9.165360482097 17.61928791445913 28.630777384315863 54.070468459230135 24.191041603821912
1.0113146150316783 2256.9020641425673 0.0 1.1464589428717615 2674.004075571867 0.02222222222222222 move_t 100 1001.8298959732056 50.236097589058346 33.48114596943667 9.165360482097 17.61928791445913 28.630777384315863 54.070468459230135 24.191041603821912
1.0113146150316783 2256.9020641425673 0.0 1.1464589428717615 2674.004075571867 0.02222222222222222 f_swap_t 100 1006.9410483837128 50.236097589058346 33.48114596943667 9.165360482097 18.44309503531454 28.630777384315863 54.070468459230135 24.191041603821912
1.0113146150316783 2256.9020641425673 0.0 1.1464589428717615 2674.004075571867 0.02222222222222222 t_swap_r_k 100 1010.4021911621094 50.236097589058346 33.48114596943667 9.165360482097 18.44309503531454 28.630777384315863 54.569763774637835 24.191041603821912
1.0113146150316783 2256.9020641425673 0.0 1.1464589428717615 2674.004075571867 0.02222222222222222 f_swap_t 100 1015.3511242866516 50.236097589058346 33.48114596943667 9.165360482097 19.258664084961392 28.630777384315863 54.569763774637835 24.191041603821912
1.0113146150316783 2256.9020641425673 0.0 1.145758395135579 2671.927315713848 0.02222222222222222 t_multiswap_k 100 1018.4124693870544 50.236097589058346 33.48114596943667 9.165360482097 19.258664084961392 28.630777384315863 54.569763774637835 25.009131187783694
1.0113146150316783 2256.9020641425673 0.0 1.1879984990374413 2683.389771027614 0.02222222222222222 move_t 100 1022.5907618999481 50.236097589058346 34.1563345097423 9.165360482097 19.258664084961392 28.630777384315863 54.569763774637835 25.009131187783694
1.0113146150316783 2256.9020641425673 0.0 1.1918477828679734 2808.5583907707482 0.02222222222222222 t_multiswap_k 100 1025.8583614826202 50.236097589058346 34.1563345097423 9.165360482097 19.258664084961392 28.630777384315863 54.569763774637835 25.809039875905857
1.0113146150316783 2256.9020641425673 0.0 1.178656728037404 2769.453770568375 0.02222222222222222 t_swap_r_k 100 1029.405270576477 50.236097589058346 34.1563345097423 9.165360482097 19.258664084961392 28.630777384315863 55.064066136891455 25.809039875905857
1.0113146150316783 2256.9020641425673 0.0 1.178656728037404 2769.453770568375 0.02222222222222222 t_swap_r_k 100 1032.8372478485107 50.236097589058346 34.1563345097423 9.165360482097 19.258664084961392 28.630777384315863 55.55342547552254 25.809039875905857
1.0113146150316783 2256.9020641425673 0.0 1.2426095506197208 2942.571309481637 0.0 t_move_k 100 1036.8262827396393 50.833736613167765 34.1563345097423 9.165360482097 19.258664084961392 28.630777384315863 55.55342547552254 25.809039875905857
1.0113146150316783 2256.9020641425673 0.0 1.2261423559168254 2893.7546376592322 0.0 swap_t 100 1039.8800361156464 50.833736613167765 34.1563345097423 9.165360482097 19.258664084961392 29.344469610472704 55.55342547552254 25.809039875905857
1.0113146150316783 2256.9020641425673 0.0 1.2188216459669536 2872.052538329158 0.0 t_multiswap_k 100 1042.0144913196564 50.833736613167765 34.1563345097423 9.165360482097 19.258664084961392 29.344469610472704 55.55342547552254 26.610949477146796
1.0113146150316783 2256.9020641425673 0.0 1.2121004965036808 2870.6558250976173 0.025 move_t 100 1044.9215047359467 50.833736613167765 34.90477116464488 9.165360482097 19.258664084961392 29.344469610472704 55.55342547552254 26.610949477146796
1.0113146150316783 2256.9020641425673 0.0 1.2113232952345874 2868.3518273628597 0.025 t_move_k 100 1047.3231058120728 51.38539924703609 34.90477116464488 9.165360482097 19.258664084961392 29.344469610472704 55.55342547552254 26.610949477146796
1.0113146150316783 2256.9020641425673 0.0 1.2087292084373147 2860.6617085450484 0.025 f_swap_t 100 1053.207410812378 51.38539924703609 34.90477116464488 9.165360482097 20.096077444111778 29.344469610472704 55.55342547552254 26.610949477146796
1.0113146150316783 2256.9020641425673 0.0 1.206416367367177 2853.8053371025926 0.025 t_move_k 100 1055.39426779747 51.94154525456573 34.90477116464488 9.165360482097 20.096077444111778 29.344469610472704 55.55342547552254 26.610949477146796
1.0113146150316783 2256.9020641425673 0.0 1.256806725164707 2984.658551605892 0.0 t_move_k 100 1059.55402469635 52.58212980202008 34.90477116464488 9.165360482097 20.096077444111778 29.344469610472704 55.55342547552254 26.610949477146796
1.0113146150316783 2256.9020641425673 0.0 1.2421349481499542 2941.1643598808882 0.0 t_swap_r_k 100 1064.0112583637238 52.58212980202008 34.90477116464488 9.165360482097 20.096077444111778 29.344469610472704 56.037891220767314 26.610949477146796
1.0113146150316783 2256.9020641425673 0.0 1.2417192758816873 2939.9321076927185 0.0 t_swap_r_k 100 1067.7477037906647 52.58212980202008 34.90477116464488 9.165360482097 20.096077444111778 29.344469610472704 56.51751230855964 26.610949477146796
1.0113146150316783 2256.9020641425673 0.0 1.2417192758816873 2939.9321076927185 0.0 swap_t 100 1071.2035548686981 52.58212980202008 34.90477116464488 9.165360482097 20.096077444111778 30.051024914367975 56.51751230855964 26.610949477146796
1.0113146150316783 2256.9020641425673 0.0 1.2417192758816873 2939.9321076927185 0.0 move_t 100 1074.12438082695 52.58212980202008 35.55572345299843 9.165360482097 20.096077444111778 30.051024914367975 56.51751230855964 26.610949477146796
1.0113146150316783 2256.9020641425673 0.0 1.2275077050929868 2897.802188189739 0.0 t_move_k 100 1077.1708536148071 53.086308503999874 35.55572345299843 9.165360482097 20.096077444111778 30.051024914367975 56.51751230855964 26.610949477146796
1.0113146150316783 2256.9020641425673 0.0 1.224801327750699 2889.7791862802014 0.0 t_move_k 100 1081.8024306297302 53.58544541895988 35.55572345299843 9.165360482097 20.096077444111778 30.051024914367975 56.51751230855964 26.610949477146796
1.0113146150316783 2256.9020641425673 0.0 1.2234673054675969 2885.824503702329 0.0 swap_t 100 1086.5506281852722 53.58544541895988 35.55572345299843 9.165360482097 20.096077444111778 30.750514665224294 56.51751230855964 26.610949477146796
1.0113146150316783 2256.9020641425673 0.0 1.2165227294854586 2865.2374460533297 0.0 t_multiswap_k 100 1088.369840145111 53.58544541895988 35.55572345299843 9.165360482097 20.096077444111778 30.750514665224294 56.51751230855964 27.43483998237533
1.0113146150316783 2256.9020641425673 0.0 1.210519848336319 2847.4420240440836 0.0 move_t 100 1092.853458404541 53.58544541895988 36.23016621846845 9.165360482097 20.096077444111778 30.750514665224294 56.51751230855964 27.43483998237533
1.0113146150316783 2256.9020641425673 0.0 1.20360337476299 2826.9382754281655 0.0 move_t 100 1096.7322013378143 53.58544541895988 36.897864556283764 9.165360482097 20.096077444111778 30.750514665224294 56.51751230855964 27.43483998237533
1.0113146150316783 2256.9020641425673 0.0 1.202401360776097 2823.3749288240365 0.0 f_swap_t 100 1101.3329601287842 53.58544541895988 36.897864556283764 9.165360482097 20.89511666967066 30.750514665224294 56.51751230855964 27.43483998237533
1.0113146150316783 2256.9020641425673 0.0 1.2016890730930656 2821.2633661266227 0.0 f_swap_t 100 1107.0723433494568 53.58544541895988 36.897864556283764 9.165360482097 21.686165502973953 30.750514665224294 56.51751230855964 27.43483998237533
1.0113146150316783 2256.9020641425673 0.0 1.1917521190301414 2791.8054630559323 0.0 t_multiswap_k 100 1109.0651733875275 53.58544541895988 36.897864556283764 9.165360482097 21.686165502973953 30.750514665224294 56.51751230855964 28.250491582551575
1.0113146150316783 2256.9020641425673 0.0 1.2013033911048845 2820.120019528459 0.0 t_move_k 100 1113.177375793457 54.09959096477028 36.897864556283764 9.165360482097 21.686165502973953 30.750514665224294 56.51751230855964 28.250491582551575
1.0113146150316783 2256.9020641425673 0.0 1.1929620268419572 2795.3922107473513 0.0 t_move_k 100 1117.3717353343964 54.558595055122574 36.897864556283764 9.165360482097 21.686165502973953 30.750514665224294 56.51751230855964 28.250491582551575
1.0113146150316783 2256.9020641425673 0.0 1.1920072153559742 2792.561691050193 0.0 t_swap_r_k 100 1122.2481439113617 54.558595055122574 36.897864556283764 9.165360482097 21.686165502973953 30.750514665224294 56.99233718547404 28.250491582551575
1.0113146150316783 2256.9020641425673 0.0 1.1920072153559742 2792.561691050193 0.0 t_move_k 100 1127.005409002304 55.053009104571345 36.897864556283764 9.165360482097 21.686165502973953 30.750514665224294 56.99233718547404 28.250491582551575
1.0113146150316783 2256.9020641425673 0.0 1.1882330598273225 2781.3732819026104 0.0 t_multiswap_k 100 1130.177071094513 55.053009104571345 36.897864556283764 9.165360482097 21.686165502973953 30.750514665224294 56.99233718547404 29.027986666726058
1.0113146150316783 2256.9020641425673 0.0 1.1795368292296213 2755.5934789161734 0.0 move_t 100 1134.6017742156982 55.053009104571345 37.52888591072092 9.165360482097 21.686165502973953 30.750514665224294 56.99233718547404 29.027986666726058
1.0113146150316783 2256.9020641425673 0.0 1.192440471342575 2793.8460698223257 0.0 t_multiswap_k 100 1136.949062347412 55.053009104571345 37.52888591072092 9.165360482097 21.686165502973953 30.750514665224294 56.99233718547404 29.747706800058797
1.0113146150316783 2256.9020641425673 0.0 1.1826857904156332 2764.9285118451276 0.0 t_multiswap_k 100 1140.1072244644165 55.053009104571345 37.52888591072092 9.165360482097 21.686165502973953 30.750514665224294 56.99233718547404 30.51022973205821
1.0113146150316783 2256.9020641425673 0.0 1.1793819933464362 2755.134471013968 0.0 t_multiswap_k 100 1142.2863912582397 55.053009104571345 37.52888591072092 9.165360482097 21.686165502973953 30.750514665224294 56.99233718547404 31.235127434737628
1.0113146150316783 2256.9020641425673 0.0 1.2335746142642923 2927.27469611542 0.0 swap_t 100 1148.898928642273 55.053009104571345 37.52888591072092 9.165360482097 21.686165502973953 31.46300951857205 56.99233718547404 31.235127434737628
1.0113146150316783 2256.9020641425673 0.0 1.2167790861074879 2865.9974101706484 0.0 f_swap_t 100 1155.0559449195862 55.053009104571345 37.52888591072092 9.165360482097 22.469303847944214 31.46300951857205 56.99233718547404 31.235127434737628
1.0113146150316783 2256.9020641425673 0.0 1.2124136207005825 2853.056074626502 0.0 t_move_k 100 1157.770465373993 55.57247901352563 37.52888591072092 9.165360482097 22.469303847944214 31.46300951857205 56.99233718547404 31.235127434737628
1.0113146150316783 2256.9020641425673 0.0 1.2864437047402313 2865.4676420689275 0.0 swap_t 100 1163.4247658252716 55.57247901352563 37.52888591072092 9.165360482097 22.469303847944214 32.15837942338633 56.99233718547404 31.235127434737628
1.0113146150316783 2256.9020641425673 0.0 1.28035540666836 3054.468150481409 0.0 t_move_k 100 1167.2529923915863 56.146754223390374 37.52888591072092 9.165360482097 22.469303847944214 32.15837942338633 56.99233718547404 31.235127434737628
1.0113146150316783 2256.9020641425673 0.0 1.2657735298949013 3011.240466237199 0.0 move_t 100 1172.2512669563293 56.146754223390374 38.153597051613716 9.165360482097 22.469303847944214 32.15837942338633 56.99233718547404 31.235127434737628
1.0113146150316783 2256.9020641425673 0.0 1.2638848942745429 3005.6416434301227 0.0 t_swap_r_k 100 1176.6542160511017 56.146754223390374 38.153597051613716 9.165360482097 22.469303847944214 32.15837942338633 57.4624138136193 31.235127434737628
1.0113146150316783 2256.9020641425673 0.0 1.2622004948640166 3000.6482748129984 0.0 swap_t 100 1182.7019288539886 56.146754223390374 38.153597051613716 9.165360482097 22.469303847944214 32.83679562915246 57.4624138136193 31.235127434737628
1.0113146150316783 2256.9020641425673 0.0 1.2481935423444606 2959.124942107219 0.0 move_t 100 1186.3599927425385 56.146754223390374 38.86206108109758 9.165360482097 22.469303847944214 32.83679562915246 57.4624138136193 31.235127434737628
1.0113146150316783 2256.9020641425673 0.0 1.2591736802958025 3006.4977438577353 0.02 t_move_k 100 1189.0713739395142 56.72528668115647 38.86206108109758 9.165360482097 22.469303847944214 32.83679562915246 57.4624138136193 31.235127434737628
1.0113146150316783 2256.9020641425673 0.0 1.2410359035045837 2954.375598012251 0.02222222222222222 t_swap_r_k 100 1193.2858159542084 56.72528668115647 38.86206108109758 9.165360482097 22.469303847944214 32.83679562915246 57.957789675483106 31.235127434737628
1.0113146150316783 2256.9020641425673 0.0 1.270903751635077 3102.997194929004 0.0 swap_t 100 1198.0963551998138 56.72528668115647 38.86206108109758 9.165360482097 22.469303847944214 33.54842767286094 57.957789675483106 31.235127434737628
1.0113146150316783 2256.9020641425673 0.0 1.2531160149459202 2973.717514423011 0.0 t_move_k 100 1202.2452609539032 57.3080338143449 38.86206108109758 9.165360482097 22.469303847944214 33.54842767286094 57.957789675483106 31.235127434737628
1.0113146150316783 2256.9020641425673 0.0 1.2521232606114188 2970.774513904586 0.0 t_swap_r_k 100 1206.4051718711853 57.3080338143449 38.86206108109758 9.165360482097 22.469303847944214 33.54842767286094 58.41821177872828 31.235127434737628
1.0113146150316783 2256.9020641425673 0.0 1.2508991998913526 2967.145810197593 0.0 swap_t 100 1210.3172278404236 57.3080338143449 38.86206108109758 9.165360482097 22.469303847944214 34.21294339613233 58.41821177872828 31.235127434737628
1.0113146150316783 2256.9020641425673 0.0 1.2864037206420325 3072.3982571971396 0.0 f_swap_t 100 1216.2128615379333 57.3080338143449 38.86206108109758 9.165360482097 23.254610809464772 34.21294339613233 58.41821177872828 31.235127434737628
1.0113146150316783 2256.9020641425673 0.0 1.2781350661212176 3047.8859950032343 0.0 swap_t 100 1221.368194103241 57.3080338143449 38.86206108109758 9.165360482097 23.254610809464772 34.870813962171006 58.41821177872828 31.235127434737628
1.0113146150316783 2256.9020641425673 0.0 1.2781350661212176 3047.8859950032343 0.0 t_swap_r_k 100 1223.9991383552551 57.3080338143449 38.86206108109758 9.165360482097 23.254610809464772 34.870813962171006 58.874029660941 31.235127434737628
1.0113146150316783 2256.9020641425673 0.0 1.2781350661212176 3047.8859950032343 0.0 f_swap_t 100 1229.863421201706 57.3080338143449 38.86206108109758 9.165360482097 24.022064701370123 34.870813962171006 58.874029660941 31.235127434737628
1.0113146150316783 2256.9020641425673 0.0 1.2640451162933477 3006.116618424457 0.0 t_move_k 100 1233.9091074466705 57.85495347620145 38.86206108109758 9.165360482097 24.022064701370123 34.870813962171006 58.874029660941 31.235127434737628
1.0113146150316783 2256.9020641425673 0.0 1.2860035987150562 3071.2121036870517 0.0 t_multiswap_k 100 1236.9562854766846 57.85495347620145 38.86206108109758 9.165360482097 24.022064701370123 34.870813962171006 58.874029660941 32.002776160390255
1.0113146150316783 2256.9020641425673 0.0 1.2739959502353726 3035.6156681212265 0.0 t_multiswap_k 100 1239.9093251228333 57.85495347620145 38.86206108109758 9.165360482097 24.022064701370123 34.870813962171006 58.874029660941 32.772748398786355
1.0113146150316783 2256.9020641425673 0.0 1.291454488816567 3087.371159192642 0.0 move_t 100 1245.5592617988586 57.85495347620145 39.573440470286606 9.165360482097 24.022064701370123 34.870813962171006 58.874029660941 32.772748398786355
1.0113146150316783 2256.9020641425673 0.0 1.2681858423398513 3034.8610527622695 0.02222222222222222 t_swap_r_k 100 1249.0371432304382 57.85495347620145 39.573440470286606 9.165360482097 24.022064701370123 34.870813962171006 59.35528936433159 32.772748398786355
1.0113146150316783 2256.9020641425673 0.0 1.2814505525605497 3060.7465002379 0.0 move_t 100 1253.6711452007294 57.85495347620145 40.31770606558374 9.165360482097 24.022064701370123 34.870813962171006 59.35528936433159 32.772748398786355
1.0113146150316783 2256.9020641425673 0.0 1.2586743067262296 3008.722961010779 0.025 move_t 100 1260.2648684978485 57.85495347620145 40.9745290049279 9.165360482097 24.022064701370123 34.870813962171006 59.35528936433159 32.772748398786355
1.0113146150316783 2256.9020641425673 0.0 1.287940562606281 3062.8673195170286 0.0 move_t 100 1265.468135356903 57.85495347620145 41.64478371487862 9.165360482097 24.022064701370123 34.870813962171006 59.35528936433159 32.772748398786355
1.0113146150316783 2256.9020641425673 0.0 1.3355993020247403 3231.7934617869487 0.0 swap_t 100 1271.123693227768 57.85495347620145 41.64478371487862 9.165360482097 24.022064701370123 35.5621058225493 59.35528936433159 32.772748398786355
1.0113146150316783 2256.9020641425673 0.0 1.3018210667882864 3138.23069159202 0.025 move_t 100 1275.7576100826263 57.85495347620145 42.288335877729835 9.165360482097 24.022064701370123 35.5621058225493 59.35528936433159 32.772748398786355
1.0113146150316783 2256.9020641425673 0.0 1.2779250154213493 3065.7913048102932 0.025 t_multiswap_k 100 1278.604698419571 57.85495347620145 42.288335877729835 9.165360482097 24.022064701370123 35.5621058225493 59.35528936433159 33.56502091479849
1.0113146150316783 2256.9020641425673 0.0 1.2672248979489147 3032.012352190114 0.02222222222222222 t_multiswap_k 100 1280.7546463012695 57.85495347620145 42.288335877729835 9.165360482097 24.022064701370123 35.5621058225493 59.35528936433159 34.259370705650504
1.0113146150316783 2256.9020641425673 0.0 1.2560062990898293 2982.285704395399 0.0 t_move_k 100 1283.9802029132843 58.34640394143944 42.288335877729835 9.165360482097 24.022064701370123 35.5621058225493 59.35528936433159 34.259370705650504
1.0113146150316783 2256.9020641425673 0.0 1.2437744191315017 2964.5525399994403 0.025 t_swap_k 100 1289.6771807670593 58.34640394143944 42.288335877729835 10.17370687727603 24.022064701370123 35.5621058225493 59.35528936433159 34.259370705650504
1.0113146150316783 2256.9020641425673 0.0 1.2368217978361347 2943.9416321790745 0.025 t_move_k 100 1293.3071656227112 58.85293990202505 42.288335877729835 10.17370687727603 24.022064701370123 35.5621058225493 59.35528936433159 34.259370705650504
1.0113146150316783 2256.9020641425673 0.0 1.2296134309079172 2922.572571506682 0.025 t_move_k 100 1295.9847230911255 59.3244105030048 42.288335877729835 10.17370687727603 24.022064701370123 35.5621058225493 59.35528936433159 34.259370705650504
1.0113146150316783 2256.9020641425673 0.0 1.235863430907917 2922.572571506682 0.0 t_swap_r_k 100 1300.0998408794403 59.3244105030048 42.288335877729835 10.17370687727603 24.022064701370123 35.5621058225493 59.801736470688276 34.259370705650504
1.0113146150316783 2256.9020641425673 0.0 1.2873971653720273 3075.3433043793007 0.0 f_swap_t 100 1302.8947539329529 59.3244105030048 42.288335877729835 10.17370687727603 24.871844054356423 35.5621058225493 59.801736470688276 34.259370705650504
1.0113146150316783 2256.9020641425673 0.0 1.2503793562364185 2984.1327449387595 0.025 t_multiswap_k 100 1304.7032012939453 59.3244105030048 42.288335877729835 10.17370687727603 24.871844054356423 35.5621058225493 59.801736470688276 35.156776998594
1.0113146150316783 2256.9020641425673 0.0 1.2326797273550885 2931.6625464582416 0.025 t_swap_r_k 100 1308.371319770813 59.3244105030048 42.288335877729835 10.17370687727603 24.871844054356423 35.5621058225493 60.27371910598139 35.156776998594
1.0113146150316783 2256.9020641425673 0.0 1.228164060955346 2918.275943052324 0.025 move_t 100 1310.5861361026764 59.3244105030048 42.86545251895254 10.17370687727603 24.871844054356423 35.5621058225493 60.27371910598139 35.156776998594
1.0113146150316783 2256.9020641425673 0.0 1.222039927955121 2902.7679296141455 0.02857142857142857 t_move_k 100 1313.3194167613983 59.79116639797475 42.86545251895254 10.17370687727603 24.871844054356423 35.5621058225493 60.27371910598139 35.156776998594
1.0113146150316783 2256.9020641425673 0.0 1.220894579493055 2899.3725668335533 0.02857142857142857 t_move_k 100 1316.2522757053375 60.193254733995005 42.86545251895254 10.17370687727603 24.871844054356423 35.5621058225493 60.27371910598139 35.156776998594
1.0113146150316783 2256.9020641425673 0.0 1.2202523392064597 2897.4686582524314 0.02857142857142857 f_swap_t 100 1320.886710882187 60.193254733995005 42.86545251895254 10.17370687727603 25.62312561381286 35.5621058225493 60.27371910598139 35.156776998594
1.0113146150316783 2256.9020641425673 0.0 1.2186523762159036 2892.7255997262428 0.02857142857142857 f_swap_t 100 1325.8216605186462 60.193254733995005 42.86545251895254 10.17370687727603 26.396894357674732 35.5621058225493 60.27371910598139 35.156776998594
1.0113146150316783 2256.9020641425673 0.0 1.2163236214040114 2885.8220523122445 0.02857142857142857 move_t 100 1329.22589635849 60.193254733995005 43.436797993763015 10.17370687727603 26.396894357674732 35.5621058225493 60.27371910598139 35.156776998594
1.0113146150316783 2256.9020641425673 0.0 1.2163236214040114 2885.8220523122445 0.02857142857142857 t_multiswap_k 100 1331.916440486908 60.193254733995005 43.436797993763015 10.17370687727603 26.396894357674732 35.5621058225493 60.27371910598139 35.80520922860806
1.0113146150316783 2256.9020641425673 0.0 1.2110816620315537 2870.28236780565 0.02857142857142857 f_swap_t 100 1337.057957649231 60.193254733995005 43.436797993763015 10.17370687727603 27.162925414097984 35.5621058225493 60.27371910598139 35.80520922860806
1.0113146150316783 2256.9020641425673 0.0 1.2110816620315537 2870.28236780565 0.02857142857142857 move_t 100 1338.7283198833466 60.193254733995005 44.00243001382538 10.17370687727603 27.162925414097984 35.5621058225493 60.27371910598139 35.80520922860806
1.0113146150316783 2256.9020641425673 0.0 1.2110816620315537 2870.28236780565 0.02857142857142857 swap_t 100 1344.1664016246796 60.193254733995005 44.00243001382538 10.17370687727603 27.162925414097984 36.206484764323804 60.27371910598139 35.80520922860806
1.0113146150316783 2256.9020641425673 0.0 1.2110816620315537 2870.28236780565 0.02857142857142857 t_swap_r_k 100 1348.1943967342377 60.193254733995005 44.00243001382538 10.17370687727603 27.162925414097984 36.206484764323804 60.710981914921575 35.80520922860806
1.0113146150316783 2256.9020641425673 0.0 1.2110816620315537 2870.28236780565 0.02857142857142857 swap_t 100 1352.6860842704773 60.193254733995005 44.00243001382538 10.17370687727603 27.162925414097984 36.844419916680565 60.710981914921575 35.80520922860806
1.0113146150316783 2256.9020641425673 0.0 1.2000798162633985 2837.6676144129356 0.02857142857142857 t_multiswap_k 100 1355.4423122406006 60.193254733995005 44.00243001382538 10.17370687727603 27.162925414097984 36.844419916680565 60.710981914921575 36.47715713632198
1.0113146150316783 2256.9020641425673 0.0 1.199732792217391 2836.638868516985 0.02857142857142857 swap_t 100 1359.8239271640778 60.193254733995005 44.00243001382538 10.17370687727603 27.162925414097984 37.47597571751376 60.710981914921575 36.47715713632198
1.0113146150316783 2256.9020641425673 0.0 1.199732792217391 2836.638868516985 0.02857142857142857 t_swap_k 100 1363.6212270259857 60.193254733995005 44.00243001382538 11.07196980850327 27.162925414097984 37.47597571751376 60.710981914921575 36.47715713632198
1.0113146150316783 2256.9020641425673 0.0 1.2013200938046926 2836.638868516985 0.02222222222222222 t_swap_r_k 100 1367.5373706817627 60.193254733995005 44.00243001382538 11.07196980850327 27.162925414097984 37.47597571751376 61.14387209577236 36.47715713632198
1.0113146150316783 2256.9020641425673 0.0 1.1966005783991431 2824.7066255505733 0.025 t_move_k 100 1370.44620013237 60.62132218665506 44.00243001382538 11.07196980850327 27.162925414097984 37.47597571751376 61.14387209577236 36.47715713632198
1.0113146150316783 2256.9020641425673 0.0 1.1942292569038921 2817.6768900487073 0.025 t_move_k 100 1374.0958776474 61.0151089647885 44.00243001382538 11.07196980850327 27.162925414097984 37.47597571751376 61.14387209577236 36.47715713632198
1.0113146150316783 2256.9020641425673 0.0 1.1942292569038921 2817.6768900487073 0.025 f_swap_t 100 1378.125818014145 61.0151089647885 44.00243001382538 11.07196980850327 27.891296159957005 37.47597571751376 61.14387209577236 36.47715713632198
1.0113146150316783 2256.9020641425673 0.0 1.1942292569038921 2817.6768900487073 0.025 t_swap_r_k 100 1382.490361213684 61.0151089647885 44.00243001382538 11.07196980850327 27.891296159957005 37.47597571751376 61.572433374814636 36.47715713632198
1.0113146150316783 2256.9020641425673 0.0 1.1942292569038921 2817.6768900487073 0.025 t_multiswap_k 100 1383.9117012023926 61.0151089647885 44.00243001382538 11.07196980850327 27.891296159957005 37.47597571751376 61.572433374814636 37.11238556495876
1.0113146150316783 2256.9020641425673 0.0 1.1942292569038921 2817.6768900487073 0.025 t_multiswap_k 100 1385.9623308181763 61.0151089647885 44.00243001382538 11.07196980850327 27.891296159957005 37.47597571751376 61.572433374814636 37.74126170930917
1.0113146150316783 2256.9020641425673 0.0 1.1942292569038921 2817.6768900487073 0.025 t_swap_r_k 100 1389.769008398056 61.0151089647885 44.00243001382538 11.07196980850327 27.891296159957005 37.47597571751376 61.99670904106649 37.74126170930917
1.0113146150316783 2256.9020641425673 0.0 1.1942292569038921 2817.6768900487073 0.025 t_swap_r_k 100 1393.935758113861 61.0151089647885 44.00243001382538 11.07196980850327 27.891296159957005 37.47597571751376 62.416741950655826 37.74126170930917
1.0113146150316783 2256.9020641425673 0.0 1.2109926659867125 2867.371683520535 0.025 t_move_k 100 1397.1320490837097 61.44495787514062 44.00243001382538 11.07196980850327 27.891296159957005 37.47597571751376 62.416741950655826 37.74126170930917
1.0113146150316783 2256.9020641425673 0.0 1.208556057801619 2860.148406922574 0.025 move_t 100 1400.4233093261719 61.44495787514062 44.59240571368713 11.07196980850327 27.891296159957005 37.47597571751376 62.416741950655826 37.74126170930917
1.0113146150316783 2256.9020641425673 0.0 1.2068174331967387 2854.9942887931593 0.025 move_t 100 1402.888182401657 61.44495787514062 45.14648165655026 11.07196980850327 27.891296159957005 37.47597571751376 62.416741950655826 37.74126170930917
1.0113146150316783 2256.9020641425673 0.0 1.2172476851434568 2885.9145636483786 0.025 t_move_k 100 1405.571763753891 61.87050829638921 45.14648165655026 11.07196980850327 27.891296159957005 37.47597571751376 62.416741950655826 37.74126170930917
1.0113146150316783 2256.9020641425673 0.0 1.207898837628039 2858.2000907638367 0.025 t_move_k 100 1408.9333486557007 62.31180321342532 45.14648165655026 11.07196980850327 27.891296159957005 37.47597571751376 62.416741950655826 37.74126170930917
1.0113146150316783 2256.9020641425673 0.0 1.2045696023570294 2848.330638888353 0.025 t_move_k 100 1411.9845855236053 62.718685181291065 45.14648165655026 11.07196980850327 27.891296159957005 37.47597571751376 62.416741950655826 37.74126170930917
1.0113146150316783 2256.9020641425673 0.0 1.2027519591999007 2839.236671641857 0.02 t_multiswap_k 100 1414.0249853134155 62.718685181291065 45.14648165655026 11.07196980850327 27.891296159957005 37.47597571751376 62.416741950655826 38.39384909221608
1.0113146150316783 2256.9020641425673 0.0 1.2148394340822004 2878.7753511811425 0.025 t_move_k 100 1417.225260734558 63.16149832947816 45.14648165655026 11.07196980850327 27.891296159957005 37.47597571751376 62.416741950655826 38.39384909221608
1.0113146150316783 2256.9020641425673 0.0 1.2085273778237664 2860.0633856975287 0.025 swap_t 100 1421.7778973579407 63.16149832947816 45.14648165655026 11.07196980850327 27.891296159957005 38.10121596033863 62.416741950655826 38.39384909221608
1.0113146150316783 2256.9020641425673 0.0 1.1930574036799353 2814.20295442761 0.025 t_multiswap_k 100 1424.4426782131195 63.16149832947816 45.14648165655026 11.07196980850327 27.891296159957005 38.10121596033863 62.416741950655826 39.03991060129392
1.0113146150316783 2256.9020641425673 0.0 1.1862171502299124 2775.397157916956 0.0 t_move_k 100 1427.8037180900574 63.62988334618338 45.14648165655026 11.07196980850327 27.891296159957005 38.10121596033863 62.416741950655826 39.03991060129392
1.0113146150316783 2256.9020641425673 0.0 1.1791063481009947 2775.492184369486 0.02857142857142857 t_move_k 100 1431.0411441326141 64.00358451272155 45.14648165655026 11.07196980850327 27.891296159957005 38.10121596033863 62.416741950655826 39.03991060129392
1.0113146150316783 2256.9020641425673 0.0 1.205293582880558 2853.123722056075 0.02857142857142857 t_move_k 100 1433.4445123672485 64.41354866759433 45.14648165655026 11.07196980850327 27.891296159957005 38.10121596033863 62.416741950655826 39.03991060129392
1.0113146150316783 2256.9020641425673 0.0 1.203319461597552 2847.271478698973 0.02857142857142857 t_multiswap_k 100 1435.137377500534 64.41354866759433 45.14648165655026 11.07196980850327 27.891296159957005 38.10121596033863 62.416741950655826 39.64951149528098
1.0113146150316783 2256.9020641425673 0.0 1.1960487766743537 2825.717677567474 0.02857142857142857 f_swap_t 100 1438.8982329368591 64.41354866759433 45.14648165655026 11.07196980850327 28.642383198357436 38.10121596033863 62.416741950655826 39.64951149528098
1.0113146150316783 2256.9020641425673 0.0 1.204563493642686 2850.959387002698 0.02857142857142857 t_move_k 100 1441.2220134735107 64.80941318091838 45.14648165655026 11.07196980850327 28.642383198357436 38.10121596033863 62.416741950655826 39.64951149528098
1.0113146150316783 2256.9020641425673 0.0 1.2009374431761801 2840.210032371956 0.02857142857142857 move_t 100 1444.084443807602 64.80941318091838 45.76501683998475 11.07196980850327 28.642383198357436 38.10121596033863 62.416741950655826 39.64951149528098
1.0113146150316783 2256.9020641425673 0.0 1.185312741532378 2793.890914499719 0.02857142857142857 t_multiswap_k 100 1445.483686208725 64.80941318091838 45.76501683998475 11.07196980850327 28.642383198357436 38.10121596033863 62.416741950655826 40.31301638032817
1.0113146150316783 2256.9020641425673 0.0 1.185312741532378 2793.890914499719 0.02857142857142857 move_t 100 1447.3949069976807 64.80941318091838 46.30736667158491 11.07196980850327 28.642383198357436 38.10121596033863 62.416741950655826 40.31301638032817
1.0113146150316783 2256.9020641425673 0.0 1.1718881737864848 2747.7415924308884 0.02 t_move_k 100 1449.6462655067444 65.2513190491092 46.30736667158491 11.07196980850327 28.642383198357436 38.10121596033863 62.416741950655826 40.31301638032817
1.0113146150316783 2256.9020641425673 0.0 1.1580081457259408 2712.946982228614 0.02857142857142857 move_t 100 1452.0608348846436 65.2513190491092 46.87429300486906 11.07196980850327 28.642383198357436 38.10121596033863 62.416741950655826 40.31301638032817
1.0113146150316783 2256.9020641425673 0.0 1.1553369792138177 2705.0283621261638 0.02857142857142857 f_swap_t 100 1456.4367775917053 65.2513190491092 46.87429300486906 11.07196980850327 29.355959366373863 38.10121596033863 62.416741950655826 40.31301638032817
1.0113146150316783 2256.9020641425673 0.0 1.1553369792138177 2705.0283621261638 0.02857142857142857 t_multiswap_k 100 1458.9533927440643 65.2513190491092 46.87429300486906 11.07196980850327 29.355959366373863 38.10121596033863 62.416741950655826 40.90988621652489
1.0113146150316783 2256.9020641425673 0.0 1.1553369792138177 2705.0283621261638 0.02857142857142857 t_move_k 100 1461.551897764206 65.5988058586181 46.87429300486906 11.07196980850327 29.355959366373863 38.10121596033863 62.416741950655826 40.90988621652489
1.0113146150316783 2256.9020641425673 0.0 1.1553369792138177 2705.0283621261638 0.02857142857142857 t_swap_r_k 100 1465.8739907741547 65.5988058586181 46.87429300486906 11.07196980850327 29.355959366373863 38.10121596033863 62.83257453114927 40.90988621652489
1.0113146150316783 2256.9020641425673 0.0 1.1624798363566748 2705.0283621261638 0.0 t_swap_r_k 100 1470.1879737377167 65.5988058586181 46.87429300486906 11.07196980850327 29.355959366373863 38.10121596033863 63.244248785837776 40.90988621652489
1.0113146150316783 2256.9020641425673 0.0 1.156273779177611 2701.4530295591017 0.02 t_move_k 100 1473.0166096687317 65.97281780003192 46.87429300486906 11.07196980850327 29.355959366373863 38.10121596033863 63.244248785837776 40.90988621652489
1.0113146150316783 2256.9020641425673 0.0 1.156273779177611 2701.4530295591017 0.02 t_multiswap_k 100 1475.551017522812 65.97281780003192 46.87429300486906 11.07196980850327 29.355959366373863 38.10121596033863 63.244248785837776 41.50078735435964
1.0113146150316783 2256.9020641425673 0.0 1.156273779177611 2701.4530295591017 0.02 t_multiswap_k 100 1478.396398305893 65.97281780003192 46.87429300486906 11.07196980850327 29.355959366373863 38.10121596033863 63.244248785837776 42.08577948081604
1.0113146150316783 2256.9020641425673 0.0 1.1492870730467641 2680.7410779205406 0.02 t_multiswap_k 100 1481.0376172065735 65.97281780003192 46.87429300486906 11.07196980850327 29.355959366373863 38.10121596033863 63.244248785837776 42.69492168600788
1.0113146150316783 2256.9020641425673 0.0 1.1574202018469721 2704.8515768058965 0.02 move_t 100 1484.6611061096191 65.97281780003192 47.415550074820366 11.07196980850327 29.355959366373863 38.10121596033863 63.244248785837776 42.69492168600788
1.0113146150316783 2256.9020641425673 0.0 1.164325361883002 2732.524193721519 0.02 move_t 100 1488.3452751636505 65.97281780003192 47.95139457407216 11.07196980850327 29.355959366373863 38.10121596033863 63.244248785837776 42.69492168600788
1.0113146150316783 2256.9020641425673 0.0 1.1640852445722853 2728.315563851243 0.025 t_swap_r_k 100 1493.2792265415192 65.97281780003192 47.95139457407216 11.07196980850327 29.355959366373863 38.10121596033863 63.6518062979794 42.69492168600788
1.0113146150316783 2256.9020641425673 0.0 1.163680643968418 2727.1161333924133 0.025 t_multiswap_k 100 1495.6037983894348 65.97281780003192 47.95139457407216 11.07196980850327 29.355959366373863 38.10121596033863 63.6518062979794 43.2679724691478
1.0113146150316783 2256.9020641425673 0.0 1.163680643968418 2727.1161333924133 0.025 t_swap_r_k 100 1499.4639158248901 65.97281780003192 47.95139457407216 11.07196980850327 29.355959366373863 38.10121596033863 64.08528823499961 43.2679724691478
1.0113146150316783 2256.9020641425673 0.0 1.163680643968418 2727.1161333924133 0.025 swap_t 100 1503.924590587616 65.97281780003192 47.95139457407216 11.07196980850327 29.355959366373863 38.72020380073524 64.08528823499961 43.2679724691478
1.0113146150316783 2256.9020641425673 0.0 1.163680643968418 2727.1161333924133 0.025 swap_t 100 1507.961698293686 65.97281780003192 47.95139457407216 11.07196980850327 29.355959366373863 39.33300176272789 64.08528823499961 43.2679724691478
1.0113146150316783 2256.9020641425673 0.0 1.163680643968418 2727.1161333924133 0.025 t_multiswap_k 100 1511.4817621707916 65.97281780003192 47.95139457407216 11.07196980850327 29.355959366373863 39.33300176272789 64.08528823499961 43.835292744456325
1.0113146150316783 2256.9020641425673 0.0 1.1913297733708847 2811.728285946703 0.02857142857142857 move_t 100 1514.3923201560974 65.97281780003192 48.52188062833144 11.07196980850327 29.355959366373863 39.33300176272789 64.08528823499961 43.835292744456325
1.0113146150316783 2256.9020641425673 0.0 1.1814934534469712 2782.5687107835183 0.02857142857142857 swap_t 100 1520.75146651268 65.97281780003192 48.52188062833144 11.07196980850327 29.355959366373863 39.93967174510061 64.08528823499961 43.835292744456325
1.0113146150316783 2256.9020641425673 0.0 1.178133136240195 2772.607117126431 0.02857142857142857 move_t 100 1525.3486630916595 65.97281780003192 49.036661822048124 11.07196980850327 29.355959366373863 39.93967174510061 64.08528823499961 43.835292744456325
1.0113146150316783 2256.9020641425673 0.0 1.1771393928837746 2769.66118467216 0.02857142857142857 t_move_k 100 1529.611510515213 66.3730896220316 49.036661822048124 11.07196980850327 29.355959366373863 39.93967174510061 64.08528823499961 43.835292744456325
1.0113146150316783 2256.9020641425673 0.0 1.163935775677851 2730.5193235574125 0.02857142857142857 t_move_k 100 1533.2642407417297 66.77935872581128 49.036661822048124 11.07196980850327 29.355959366373863 39.93967174510061 64.08528823499961 43.835292744456325
1.0113146150316783 2256.9020641425673 0.0 1.1621198916890514 2725.13617151797 0.02857142857142857 t_swap_r_k 100 1537.1613018512726 66.77935872581128 49.036661822048124 11.07196980850327 29.355959366373863 39.93967174510061 64.48443535264961 43.835292744456325
1.0113146150316783 2256.9020641425673 0.0 1.1612973959940531 2749.6871556896895 0.02857142857142857 swap_t 100 1542.1129393577576 66.77935872581128 49.036661822048124 11.07196980850327 29.355959366373863 40.57027502764961 64.48443535264961 43.835292744456325
1.0113146150316783 2256.9020641425673 0.0 1.160332176577897 2719.8365255571534 0.02857142857142857 t_swap_r_k 100 1547.4138021469116 66.77935872581128 49.036661822048124 11.07196980850327 29.355959366373863 40.57027502764961 64.87959099912311 43.835292744456325
1.0113146150316783 2256.9020641425673 0.0 1.1572582507049287 2710.7239333242633 0.02857142857142857 t_move_k 100 1550.6515250205994 67.24156513855317 49.036661822048124 11.07196980850327 29.355959366373863 40.57027502764961 64.87959099912311 43.835292744456325
1.0113146150316783 2256.9020641425673 0.0 1.144941726592705 2674.211842076964 0.02857142857142857 move_t 100 1553.7284979820251 67.24156513855317 49.586295203827646 11.07196980850327 29.355959366373863 40.57027502764961 64.87959099912311 43.835292744456325
1.0113146150316783 2256.9020641425673 0.0 1.141640271799324 2664.424744875966 0.02857142857142857 move_t 100 1557.9903740882874 67.24156513855317 50.12043225178937 11.07196980850327 29.355959366373863 40.57027502764961 64.87959099912311 43.835292744456325
1.0113146150316783 2256.9020641425673 0.0 1.1375175120830183 2652.202905533887 0.02857142857142857 t_move_k 100 1561.8630995750427 67.66914948716764 50.12043225178937 11.07196980850327 29.355959366373863 40.57027502764961 64.87959099912311 43.835292744456325
1.0113146150316783 2256.9020641425673 0.0 1.1292629676932906 2627.732472543503 0.02857142857142857 t_move_k 100 1566.0601150989532 68.02245799229597 50.12043225178937 11.07196980850327 29.355959366373863 40.57027502764961 64.87959099912311 43.835292744456325
1.0113146150316783 2256.9020641425673 0.0 1.1337948327817162 2641.167096640477 0.02857142857142857 t_move_k 100 1570.8447630405426 68.41223341237301 50.12043225178937 11.07196980850327 29.355959366373863 40.57027502764961 64.87959099912311 43.835292744456325
1.0113146150316783 2256.9020641425673 0.0 1.1337948327817162 2641.167096640477 0.02857142857142857 f_swap_t 100 1576.7713522911072 68.41223341237301 50.12043225178937 11.07196980850327 30.062399772710126 40.57027502764961 64.87959099912311 43.835292744456325
1.0113146150316783 2256.9020641425673 0.0 1.126793605550214 2620.4120974872676 0.02857142857142857 t_multiswap_k 100 1578.6753203868866 68.41223341237301 50.12043225178937 11.07196980850327 30.062399772710126 40.57027502764961 64.87959099912311 44.426939817011764
1.0113146150316783 2256.9020641425673 0.0 1.1228385962281386 2608.6875508590333 0.02857142857142857 move_t 100 1582.1461839675903 68.41223341237301 50.649227929271476 11.07196980850327 30.062399772710126 40.57027502764961 64.87959099912311 44.426939817011764
1.0113146150316783 2256.9020641425673 0.0 1.1225949963788322 2607.9654039412294 0.02857142857142857 t_move_k 100 1585.4019939899445 68.75811107824929 50.649227929271476 11.07196980850327 30.062399772710126 40.57027502764961 64.87959099912311 44.426939817011764
1.0113146150316783 2256.9020641425673 0.0 1.1376184979086688 2631.327417795393 0.0 t_swap_k 100 1588.1616654396057 68.75811107824929 50.649227929271476 12.001250110418239 30.062399772710126 40.57027502764961 64.87959099912311 44.426939817011764
1.0113146150316783 2256.9020641425673 0.0 1.1273838656377277 2619.515054523263 0.025 t_move_k 100 1591.4211945533752 69.1005299674668 50.649227929271476 12.001250110418239 30.062399772710126 40.57027502764961 64.87959099912311 44.426939817011764
1.0113146150316783 2256.9020641425673 0.0 1.1403660651737069 2658.000527350608 0.025 f_swap_t 100 1595.163027048111 69.1005299674668 50.649227929271476 12.001250110418239 30.771775774983023 40.57027502764961 64.87959099912311 44.426939817011764
1.0113146150316783 2256.9020641425673 0.0 1.1433263993613603 2648.248378349875 0.0 t_swap_r_k 100 1599.0498261451721 69.1005299674668 50.649227929271476 12.001250110418239 30.771775774983023 40.57027502764961 65.27079508913188 44.426939817011764
1.0113146150316783 2256.9020641425673 0.0 1.1433263993613603 2648.248378349875 0.0 t_move_k 100 1601.5646805763245 69.40952466779213 50.649227929271476 12.001250110418239 30.771775774983023 40.57027502764961 65.27079508913188 44.426939817011764
1.0113146150316783 2256.9020641425673 0.0 1.1408793815481357 2657.4635767824443 0.02222222222222222 t_multiswap_k 100 1604.4359247684479 69.40952466779213 50.649227929271476 12.001250110418239 30.771775774983023 40.57027502764961 65.27079508913188 45.042670418841645
1.0113146150316783 2256.9020641425673 0.0 1.1358782557771452 2642.6378387068453 0.02222222222222222 t_move_k 100 1606.804496049881 69.71542942111421 50.649227929271476 12.001250110418239 30.771775774983023 40.57027502764961 65.27079508913188 45.042670418841645
1.0113146150316783 2256.9020641425673 0.0 1.1358782557771452 2642.6378387068453 0.02222222222222222 f_swap_t 100 1611.2551140785217 69.71542942111421 50.649227929271476 12.001250110418239 31.464058017233192 40.57027502764961 65.27079508913188 45.042670418841645
1.0113146150316783 2256.9020641425673 0.0 1.136740904489502 2645.1951436910235 0.02222222222222222 t_multiswap_k 100 1614.184758901596 69.71542942111421 50.649227929271476 12.001250110418239 31.464058017233192 40.57027502764961 65.27079508913188 45.60224371465323
1.0113146150316783 2256.9020641425673 0.0 1.1414338113327007 2642.6378387068453 0.0 t_swap_r_k 100 1618.739552974701 69.71542942111421 50.649227929271476 12.001250110418239 31.464058017233192 40.57027502764961 65.68808713824056 45.60224371465323
1.0113146150316783 2256.9020641425673 0.0 1.132829840249466 2635.6595381569955 0.025 move_t 100 1622.368407011032 69.71542942111421 51.232735649978764 12.001250110418239 31.464058017233192 40.57027502764961 65.68808713824056 45.60224371465323
1.0113146150316783 2256.9020641425673 0.0 1.1284915884020474 2620.7402098989455 0.02222222222222222 swap_t 100 1626.6244759559631 69.71542942111421 51.232735649978764 12.001250110418239 31.464058017233192 41.16457227737311 65.68808713824056 45.60224371465323
1.0113146150316783 2256.9020641425673 0.0 1.1284915884020474 2620.7402098989455 0.02222222222222222 swap_t 100 1630.2571432590485 69.71542942111421 51.232735649978764 12.001250110418239 31.464058017233192 41.75292655459938 65.68808713824056 45.60224371465323
1.0113146150316783 2256.9020641425673 0.0 1.1284915884020474 2620.7402098989455 0.02222222222222222 t_multiswap_k 100 1631.6358585357666 69.71542942111421 51.232735649978764 12.001250110418239 31.464058017233192 41.75292655459938 65.68808713824056 46.1462212775067
1.0113146150316783 2256.9020641425673 0.0 1.1284915884020474 2620.7402098989455 0.02222222222222222 move_t 100 1635.2550086975098 69.71542942111421 51.720408293478975 12.001250110418239 31.464058017233192 41.75292655459938 65.68808713824056 46.1462212775067
1.0113146150316783 2256.9020641425673 0.0 1.1284915884020474 2620.7402098989455 0.02222222222222222 swap_t 100 1641.3149564266205 69.71542942111421 51.720408293478975 12.001250110418239 31.464058017233192 42.33539728905338 65.68808713824056 46.1462212775067
1.0113146150316783 2256.9020641425673 0.0 1.1284915884020474 2620.7402098989455 0.02222222222222222 move_t 100 1645.7312240600586 69.71542942111421 52.203204210544186 12.001250110418239 31.464058017233192 42.33539728905338 65.68808713824056 46.1462212775067
1.0113146150316783 2256.9020641425673 0.0 1.1284915884020474 2620.7402098989455 0.02222222222222222 t_multiswap_k 100 1648.9494843482971 69.71542942111421 52.203204210544186 12.001250110418239 31.464058017233192 42.33539728905338 65.68808713824056 46.68475906473163
1.0113146150316783 2256.9020641425673 0.0 1.1284915884020474 2620.7402098989455 0.02222222222222222 t_swap_r_k 100 1653.37051486969 69.71542942111421 52.203204210544186 12.001250110418239 31.464058017233192 42.33539728905338 66.07120626685816 46.68475906473163
1.0113146150316783 2256.9020641425673 0.0 1.1284915884020474 2620.7402098989455 0.02222222222222222 t_multiswap_k 100 1655.1910836696625 69.71542942111421 52.203204210544186 12.001250110418239 31.464058017233192 42.33539728905338 66.07120626685816 47.21791147408431
1.0113146150316783 2256.9020641425673 0.0 1.1284915884020474 2620.7402098989455 0.02222222222222222 t_multiswap_k 100 1656.898466348648 69.71542942111421 52.203204210544186 12.001250110418239 31.464058017233192 42.33539728905338 66.07120626685816 47.74573235934347
1.0113146150316783 2256.9020641425673 0.0 1.1858507011349582 2774.31082684899 0.0 t_swap_k 100 1660.5862340927124 69.71542942111421 52.203204210544186 12.951237609314056 31.464058017233192 42.33539728905338 66.07120626685816 47.74573235934347
1.0113146150316783 2256.9020641425673 0.0 1.1768877839512966 2747.740436772211 0.0 t_move_k 100 1664.2466759681702 70.04827512690306 52.203204210544186 12.951237609314056 31.464058017233192 42.33539728905338 66.07120626685816 47.74573235934347
1.0113146150316783 2256.9020641425673 0.0 1.1705870666557412 2745.5314195854653 0.02222222222222222 t_swap_r_k 100 1667.6461923122406 70.04827512690306 52.203204210544186 12.951237609314056 31.464058017233192 42.33539728905338 66.48049420418957 47.74573235934347
1.0113146150316783 2256.9020641425673 0.0 1.1705870666557412 2745.5314195854653 0.02222222222222222 move_t 100 1670.1288814544678 70.04827512690306 52.68117216843874 12.951237609314056 31.464058017233192 42.33539728905338 66.48049420418957 47.74573235934347
1.0113146150316783 2256.9020641425673 0.0 1.1705870666557412 2745.5314195854653 0.02222222222222222 t_multiswap_k 100 1671.3599631786346 70.04827512690306 52.68117216843874 12.951237609314056 31.464058017233192 42.33539728905338 66.48049420418957 48.26827503575004
1.0113146150316783 2256.9020641425673 0.0 1.1705870666557412 2745.5314195854653 0.02222222222222222 t_swap_r_k 100 1675.5788435935974 70.04827512690306 52.68117216843874 12.951237609314056 31.464058017233192 42.33539728905338 66.85568926214768 48.26827503575004
1.0113146150316783 2256.9020641425673 0.0 1.1705639572447977 2745.462912195446 0.02222222222222222 t_move_k 100 1680.1726961135864 70.37779237563403 52.68117216843874 12.951237609314056 31.464058017233192 42.33539728905338 66.85568926214768 48.26827503575004
1.0113146150316783 2256.9020641425673 0.0 1.1691863700374148 2743.4377490351203 0.025 t_move_k 100 1683.448240995407 70.6740144518777 52.68117216843874 12.951237609314056 31.464058017233192 42.33539728905338 66.85568926214768 48.26827503575004
1.0113146150316783 2256.9020641425673 0.0 1.1630102336671455 2725.128715361956 0.025 swap_t 100 1688.8287043571472 70.6740144518777 52.68117216843874 12.951237609314056 31.464058017233192 42.942043316162845 66.85568926214768 48.26827503575004
1.0113146150316783 2256.9020641425673 0.0 1.176041452946159 2745.231505307177 0.0 t_move_k 100 1692.6752104759216 71.00727430735891 52.68117216843874 12.951237609314056 31.464058017233192 42.942043316162845 66.85568926214768 48.26827503575004
1.0113146150316783 2256.9020641425673 0.0 1.1750195027395252 2742.201954205355 0.0 f_swap_t 100 1698.4121553897858 71.00727430735891 52.68117216843874 12.951237609314056 32.14941743706086 42.942043316162845 66.85568926214768 48.26827503575004
1.0113146150316783 2256.9020641425673 0.0 1.168769502739525 2742.201954205355 0.025 swap_t 100 1703.8879265785217 71.00727430735891 52.68117216843874 12.951237609314056 32.14941743706086 43.512622883001214 66.85568926214768 48.26827503575004
1.0113146150316783 2256.9020641425673 0.0 1.168769502739525 2742.201954205355 0.025 t_swap_k 100 1709.0199236869812 71.00727430735891 52.68117216843874 13.821725233220915 32.14941743706086 43.512622883001214 66.85568926214768 48.26827503575004
1.0113146150316783 2256.9020641425673 0.0 1.1658523805288534 2733.554203316786 0.025 t_move_k 100 1711.6341853141785 71.38720156428532 52.68117216843874 13.821725233220915 32.14941743706086 43.512622883001214 66.85568926214768 48.26827503575004
1.0113146150316783 2256.9020641425673 0.0 1.1651258156985937 2731.400316299815 0.025 t_move_k 100 1714.8734521865845 71.70332954864247 52.68117216843874 13.821725233220915 32.14941743706086 43.512622883001214 66.85568926214768 48.26827503575004
1.0113146150316783 2256.9020641425673 0.0 1.16232200191791 2723.088466002769 0.025 t_swap_r_k 100 1719.2683260440826 71.70332954864247 52.68117216843874 13.821725233220915 32.14941743706086 43.512622883001214 67.2271323695262 48.26827503575004
1.0113146150316783 2256.9020641425673 0.0 1.1586865904935106 2712.311360998168 0.025 t_multiswap_k 100 1720.259382724762 71.70332954864247 52.68117216843874 13.821725233220915 32.14941743706086 43.512622883001214 67.2271323695262 48.81559228539253
1.0113146150316783 2256.9020641425673 0.0 1.1586865904935106 2712.311360998168 0.025 t_swap_r_k 100 1725.2770826816559 71.70332954864247 52.68117216843874 13.821725233220915 32.14941743706086 43.512622883001214 67.59486104583094 48.81559228539253
1.0113146150316783 2256.9020641425673 0.0 1.165891787731198 2733.6710251859017 0.025 t_move_k 100 1727.014167547226 72.02629625315605 52.68117216843874 13.821725233220915 32.14941743706086 43.512622883001214 67.59486104583094 48.81559228539253
1.0113146150316783 2256.9020641425673 0.0 1.169571819971443 2744.5804077133535 0.025 move_t 100 1731.4157390594482 72.02629625315605 53.254360446754355 13.821725233220915 32.14941743706086 43.512622883001214 67.59486104583094 48.81559228539253
1.0113146150316783 2256.9020641425673 0.0 1.2074308787206087 2840.114647766903 0.0 move_t 100 1735.4523420333862 72.02629625315605 53.79181684228681 13.821725233220915 32.14941743706086 43.512622883001214 67.59486104583094 48.81559228539253
1.0113146150316783 2256.9020641425673 0.0 1.1948015693489635 2800.8454979943963 0.0 swap_t 100 1740.5907809734344 72.02629625315605 53.79181684228681 13.821725233220915 32.14941743706086 44.0774966541712 67.59486104583094 48.81559228539253
1.0113146150316783 2256.9020641425673 0.0 1.1914924143532064 2791.035573696304 0.0 t_swap_r_k 100 1745.3298420906067 72.02629625315605 53.79181684228681 13.821725233220915 32.14941743706086 44.0774966541712 67.95891243537262 48.81559228539253
1.0113146150316783 2256.9020641425673 0.0 1.1874562939841096 2779.0705749792314 0.0 t_swap_k 100 1751.6122872829437 72.02629625315605 53.79181684228681 14.783507980888706 32.14941743706086 44.0774966541712 67.95891243537262 48.81559228539253
1.0113146150316783 2256.9020641425673 0.0 1.1794107201515187 2755.2196310574072 0.0 move_t 100 1754.8719925880432 72.02629625315605 54.313898673863946 14.783507980888706 32.14941743706086 44.0774966541712 67.95891243537262 48.81559228539253
1.0113146150316783 2256.9020641425673 0.0 1.1669697515582798 2734.8079607828586 0.02222222222222222 t_move_k 100 1758.0424075126648 72.42603329062449 54.313898673863946 14.783507980888706 32.14941743706086 44.0774966541712 67.95891243537262 48.81559228539253
1.0113146150316783 2256.9020641425673 0.0 1.1398899228045227 2654.5303459777906 0.02222222222222222 t_swap_k 100 1762.2189993858337 72.42603329062449 54.313898673863946 15.75567290107982 32.14941743706086 44.0774966541712 67.95891243537262 48.81559228539253
1.0113146150316783 2256.9020641425673 0.0 1.1386478636715662 2634.37895216656 0.0 t_swap_r_k 100 1765.6668395996094 72.42603329062449 54.313898673863946 15.75567290107982 32.14941743706086 44.0774966541712 68.3193233110189 48.81559228539253
1.0113146150316783 2256.9020641425673 0.0 1.170447378809854 2728.6479835726473 0.0 f_swap_t 100 1770.513816356659 72.42603329062449 54.313898673863946 15.75567290107982 32.83792326269025 44.0774966541712 68.3193233110189 48.81559228539253
1.0113146150316783 2256.9020641425673 0.0 1.1454498472789867 2659.226544484566 0.0 move_t 100 1774.347636461258 72.42603329062449 54.83075968712531 15.75567290107982 32.83792326269025 44.0774966541712 68.3193233110189 48.81559228539253
1.0113146150316783 2256.9020641425673 0.0 1.1430090548572318 2647.307616866685 0.0 t_swap_r_k 100 1778.4502193927765 72.42603329062449 54.83075968712531 15.75567290107982 32.83792326269025 44.0774966541712 68.67613007790871 48.81559228539253
1.0113146150316783 2256.9020641425673 0.0 1.1430090548572318 2647.307616866685 0.0 t_swap_r_k 100 1782.6606140136719 72.42603329062449 54.83075968712531 15.75567290107982 32.83792326269025 44.0774966541712 69.02936877712962 48.81559228539253
1.0113146150316783 2256.9020641425673 0.0 1.150824886234563 2681.596328230223 0.0 move_t 100 1786.8054459095001 72.42603329062449 55.422452090254055 15.75567290107982 32.83792326269025 44.0774966541712 69.02936877712962 48.81559228539253
1.0113146150316783 2256.9020641425673 0.0 1.168065142412594 2740.113891997742 0.025 t_move_k 100 1790.6078186035156 72.84177295771825 55.422452090254055 15.75567290107982 32.83792326269025 44.0774966541712 69.02936877712962 48.81559228539253
1.0113146150316783 2256.9020641425673 0.0 1.1646728647031657 2711.529551127655 0.0 t_multiswap_k 100 1792.7322051525116 72.84177295771825 55.422452090254055 15.75567290107982 32.83792326269025 44.0774966541712 69.02936877712962 49.38743636253861
1.0113146150316783 2256.9020641425673 0.0 1.1605296414742778 2699.247048108727 0.0 t_swap_r_k 100 1795.9870719909668 72.84177295771825 55.422452090254055 15.75567290107982 32.83792326269025 44.0774966541712 69.37907508935832 49.38743636253861
1.0113146150316783 2256.9020641425673 0.0 1.1605296414742778 2699.247048108727 0.0 t_swap_r_k 100 1799.641949415207 72.84177295771825 55.422452090254055 15.75567290107982 32.83792326269025 44.0774966541712 69.72528433846475 49.38743636253861
1.0113146150316783 2256.9020641425673 0.0 1.1502068773934673 2689.820277112416 0.02857142857142857 t_move_k 100 1802.7794299125671 73.17335522814106 55.422452090254055 15.75567290107982 32.83792326269025 44.0774966541712 69.72528433846475 49.38743636253861
1.0113146150316783 2256.9020641425673 0.0 1.1493877476550682 2687.391983262683 0.02857142857142857 f_swap_t 100 1806.4390950202942 73.17335522814106 55.422452090254055 15.75567290107982 33.50954403006335 44.0774966541712 69.72528433846475 49.38743636253861
1.0113146150316783 2256.9020641425673 0.0 1.1493877476550682 2687.391983262683 0.02857142857142857 swap_t 100 1810.2474973201752 73.17335522814106 55.422452090254055 15.75567290107982 33.50954403006335 44.63672168762949 69.72528433846475 49.38743636253861
1.0113146150316783 2256.9020641425673 0.0 1.164276047255046 2710.3531936795425 0.0 f_swap_t 100 1814.6514613628387 73.17335522814106 55.422452090254055 15.75567290107982 34.18444858976272 44.63672168762949 69.72528433846475 49.38743636253861
1.0113146150316783 2256.9020641425673 0.0 1.1475292603766876 2681.882534616954 0.02857142857142857 t_multiswap_k 100 1816.7570979595184 73.17335522814106 55.422452090254055 15.75567290107982 34.18444858976272 44.63672168762949 69.72528433846475 49.89356199891322
1.0113146150316783 2256.9020641425673 0.0 1.1454454210355336 2675.7050342543785 0.02857142857142857 t_move_k 100 1820.1838669776917 73.44162167585965 55.422452090254055 15.75567290107982 34.18444858976272 44.63672168762949 69.72528433846475 49.89356199891322
1.0113146150316783 2256.9020641425673 0.0 1.1791468961798783 2775.6123883444566 0.02857142857142857 t_swap_k 100 1825.47958278656 73.44162167585965 55.422452090254055 16.64811617206902 34.18444858976272 44.63672168762949 69.72528433846475 49.89356199891322
1.0113146150316783 2256.9020641425673 0.0 1.1834168205186246 2767.0956360744754 0.0 t_move_k 100 1829.5901997089386 73.74720545910105 55.422452090254055 16.64811617206902 34.18444858976272 44.63672168762949 69.72528433846475 49.89356199891322
1.0113146150316783 2256.9020641425673 0.0 1.187238239310788 2778.424156228562 0.0 t_move_k 100 1833.6377882957458 74.16973340451004 55.422452090254055 16.64811617206902 34.18444858976272 44.63672168762949 69.72528433846475 49.89356199891322
1.0113146150316783 2256.9020641425673 0.0 1.1703788281508765 2746.9727674421465 0.025 t_swap_r_k 100 1837.717197418213 74.16973340451004 55.422452090254055 16.64811617206902 34.18444858976272 44.63672168762949 70.06803149508009 49.89356199891322
1.0113146150316783 2256.9020641425673 0.0 1.156045721886797 2704.482558434889 0.025 t_move_k 100 1841.5919966697693 74.51803607046494 55.422452090254055 16.64811617206902 34.18444858976272 44.63672168762949 70.06803149508009 49.89356199891322
1.0113146150316783 2256.9020641425673 0.0 1.1490795944325678 2683.831611874674 0.025 f_swap_t 100 1845.5490674972534 74.51803607046494 55.422452090254055 16.64811617206902 34.84260410386509 44.63672168762949 70.06803149508009 49.89356199891322
1.0113146150316783 2256.9020641425673 0.0 1.1490795944325678 2683.831611874674 0.025 f_swap_t 100 1849.3725218772888 74.51803607046494 55.422452090254055 16.64811617206902 35.49417806282644 44.63672168762949 70.06803149508009 49.89356199891322
1.0113146150316783 2256.9020641425673 0.0 1.1490795944325678 2683.831611874674 0.025 t_swap_r_k 100 1852.8419041633606 74.51803607046494 55.422452090254055 16.64811617206902 35.49417806282644 44.63672168762949 70.4073511801293 49.89356199891322
1.0113146150316783 2256.9020641425673 0.0 1.1476378254833406 2679.557516443848 0.025 swap_t 100 1857.454022884369 74.51803607046494 55.422452090254055 16.64811617206902 35.49417806282644 45.22035447075319 70.4073511801293 49.89356199891322
1.0113146150316783 2256.9020641425673 0.0 1.1473476336309303 2678.6972484576954 0.025 move_t 100 1860.8794481754303 74.51803607046494 55.86822756935151 16.64811617206902 35.49417806282644 45.22035447075319 70.4073511801293 49.89356199891322
1.0113146150316783 2256.9020641425673 0.0 1.1527216840632772 2694.628514289319 0.025 move_t 100 1864.2192866802216 74.51803607046494 56.349545293658 16.64811617206902 35.49417806282644 45.22035447075319 70.4073511801293 49.89356199891322
1.0113146150316783 2256.9020641425673 0.0 1.1502659388966812 2687.348506489563 0.025 t_swap_r_k 100 1868.0787415504456 74.51803607046494 56.349545293658 16.64811617206902 35.49417806282644 45.22035447075319 70.743277668328 49.89356199891322
1.0113146150316783 2256.9020641425673 0.0 1.1484587899443894 2681.9912492924573 0.025 move_t 100 1870.910390138626 74.51803607046494 56.78604984072142 16.64811617206902 35.49417806282644 45.22035447075319 70.743277668328 49.89356199891322
1.0113146150316783 2256.9020641425673 0.0 1.1473476336309303 2678.6972484576954 0.025 swap_t 100 1875.0393946170807 74.51803607046494 56.78604984072142 16.64811617206902 35.49417806282644 45.768150926045664 70.743277668328 49.89356199891322
1.0113146150316783 2256.9020641425673 0.0 1.1565672767467443 2687.500696527017 0.0 t_move_k 100 1877.9818925857544 74.85285570976029 56.78604984072142 16.64811617206902 35.49417806282644 45.768150926045664 70.743277668328 49.89356199891322
1.0113146150316783 2256.9020641425673 0.0 1.1301732332045942 2630.430936582963 0.02857142857142857 t_multiswap_k 100 1880.10902261734 74.85285570976029 56.78604984072142 16.64811617206902 35.49417806282644 45.768150926045664 70.743277668328 50.45462637892409
1.0113146150316783 2256.9020641425673 0.0 1.1282194987935374 2624.639129703075 0.02857142857142857 t_swap_r_k 100 1883.3935008049011 74.85285570976029 56.78604984072142 16.64811617206902 35.49417806282644 45.768150926045664 71.07584489164472 50.45462637892409
1.0113146150316783 2256.9020641425673 0.0 1.1282194987935374 2624.639129703075 0.02857142857142857 t_swap_r_k 100 1887.2666401863098 74.85285570976029 56.78604984072142 16.64811617206902 35.49417806282644 45.768150926045664 71.40508644272828 50.45462637892409
1.0113146150316783 2256.9020641425673 0.0 1.1271901928638288 2621.587772706208 0.02857142857142857 t_move_k 100 1889.9688084125519 75.18432715266269 56.78604984072142 16.64811617206902 35.49417806282644 45.768150926045664 71.40508644272828 50.45462637892409
1.0113146150316783 2256.9020641425673 0.0 1.1262448612741267 2618.785355973398 0.02857142857142857 t_swap_k 100 1895.4193315505981 75.18432715266269 56.78604984072142 17.51163501034833 35.49417806282644 45.768150926045664 71.40508644272828 50.45462637892409
1.0113146150316783 2256.9020641425673 0.0 1.1398690819531248 2659.174087735082 0.02857142857142857 t_move_k 100 1898.528507232666 75.56248388113606 56.78604984072142 17.51163501034833 35.49417806282644 45.768150926045664 71.40508644272828 50.45462637892409
1.0113146150316783 2256.9020641425673 0.0 1.135940080766139 2642.82111765949 0.02222222222222222 t_swap_r_k 100 1902.286866903305 75.56248388113606 56.78604984072142 17.51163501034833 35.49417806282644 45.768150926045664 71.73103557830099 50.45462637892409
1.0113146150316783 2256.9020641425673 0.0 1.135940080766139 2642.82111765949 0.02222222222222222 t_swap_r_k 100 1905.8709700107574 75.56248388113606 56.78604984072142 17.51163501034833 35.49417806282644 45.768150926045664 72.05372522251798 50.45462637892409
1.0113146150316783 2256.9020641425673 0.0 1.12819223132087 2619.852771774043 0.02222222222222222 t_multiswap_k 100 1907.9519374370575 75.56248388113606 56.78604984072142 17.51163501034833 35.49417806282644 45.768150926045664 72.05372522251798 50.98008011513485
1.0113146150316783 2256.9020641425673 0.0 1.1228214107356722 2603.93108076018 0.02222222222222222 t_multiswap_k 100 1910.4533607959747 75.56248388113606 56.78604984072142 17.51163501034833 35.49417806282644 45.768150926045664 72.05372522251798 51.5002793139835
1.0113146150316783 2256.9020641425673 0.0 1.1219124094854427 2601.236364597578 0.02222222222222222 move_t 100 1914.1148173809052 75.56248388113606 57.218189342314204 17.51163501034833 35.49417806282644 45.768150926045664 72.05372522251798 51.5002793139835
1.0113146150316783 2256.9020641425673 0.0 1.1208375569941929 2610.097655279969 0.02222222222222222 move_t 100 1917.9157259464264 75.56248388113606 57.67600744889106 17.51163501034833 35.49417806282644 45.768150926045664 72.05372522251798 51.5002793139835
1.0113146150316783 2256.9020641425673 0.0 1.1179929475600878 2594.322721568874 0.02857142857142857 t_swap_r_k 100 1921.0656752586365 75.56248388113606 57.67600744889106 17.51163501034833 35.49417806282644 45.768150926045664 72.3731879702928 51.5002793139835
1.0113146150316783 2256.9020641425673 0.0 1.1491831183017955 2650.2628291905917 0.0 move_t 100 1925.3332588672638 75.56248388113606 58.13924737440215 17.51163501034833 35.49417806282644 45.768150926045664 72.3731879702928 51.5002793139835
1.0113146150316783 2256.9020641425673 0.0 1.1406605988358285 2661.520523822223 0.02857142857142857 t_swap_r_k 100 1929.0189049243927 75.56248388113606 58.13924737440215 17.51163501034833 35.49417806282644 45.768150926045664 72.68945609058987 51.5002793139835
1.0113146150316783 2256.9020641425673 0.0 1.1406605988358285 2661.520523822223 0.02857142857142857 move_t 100 1932.6523950099945 75.56248388113606 58.55785490065813 17.51163501034833 35.49417806282644 45.768150926045664 72.68945609058987 51.5002793139835
1.0113146150316783 2256.9020641425673 0.0 1.1406605988358285 2661.520523822223 0.02857142857142857 t_swap_r_k 100 1936.819534778595 75.56248388113606 58.55785490065813 17.51163501034833 35.49417806282644 45.768150926045664 73.00256152968397 51.5002793139835
1.0113146150316783 2256.9020641425673 0.0 1.1406605988358285 2661.520523822223 0.02857142857142857 f_swap_t 100 1942.8909666538239 75.56248388113606 58.55785490065813 17.51163501034833 36.139236282198176 45.768150926045664 73.00256152968397 51.5002793139835
1.0113146150316783 2256.9020641425673 0.0 1.1406605988358285 2661.520523822223 0.02857142857142857 t_move_k 100 1945.9133839607239 75.8068590423247 58.55785490065813 17.51163501034833 36.139236282198176 45.768150926045664 73.00256152968397 51.5002793139835
1.0113146150316783 2256.9020641425673 0.0 1.1406605988358285 2661.520523822223 0.02857142857142857 t_swap_r_k 100 1950.3994681835175 75.8068590423247 58.55785490065813 17.51163501034833 36.139236282198176 45.768150926045664 73.31253591438713 51.5002793139835
1.0113146150316783 2256.9020641425673 0.0 1.1406605988358285 2661.520523822223 0.02857142857142857 t_swap_r_k 100 1954.6571753025055 75.8068590423247 58.55785490065813 17.51163501034833 36.139236282198176 45.768150926045664 73.61941055524325 51.5002793139835
1.0113146150316783 2256.9020641425673 0.0 1.1406605988358285 2661.520523822223 0.02857142857142857 move_t 100 1959.0247342586517 75.8068590423247 58.972276351651544 17.51163501034833 36.139236282198176 45.768150926045664 73.61941055524325 51.5002793139835
1.0113146150316783 2256.9020641425673 0.0 1.1406605988358285 2661.520523822223 0.02857142857142857 f_swap_t 100 1964.9880630970001 75.8068590423247 58.972276351651544 17.51163501034833 36.777843919376195 45.768150926045664 73.61941055524325 51.5002793139835
1.0113146150316783 2256.9020641425673 0.0 1.134052272697452 2641.9302721604854 0.02857142857142857 t_multiswap_k 100 1968.0539045333862 75.8068590423247 58.972276351651544 17.51163501034833 36.777843919376195 45.768150926045664 73.61941055524325 52.01527652084366
1.0113146150316783 2256.9020641425673 0.0 1.1356395742847536 2641.9302721604854 0.02222222222222222 t_swap_r_k 100 1971.580998659134 75.8068590423247 58.972276351651544 17.51163501034833 36.777843919376195 45.768150926045664 73.92321644969081 52.01527652084366
1.0113146150316783 2256.9020641425673 0.0 1.1338831571547454 2638.7820752143234 0.025 t_multiswap_k 100 1974.6188004016876 75.8068590423247 58.972276351651544 17.51163501034833 36.777843919376195 45.768150926045664 73.92321644969081 52.55512375563523
1.0113146150316783 2256.9020641425673 0.0 1.1338684082219956 2638.7383522959535 0.025 t_swap_r_k 100 1978.9668850898743 75.8068590423247 58.972276351651544 17.51163501034833 36.777843919376195 45.768150926045664 74.22398428519391 52.55512375563523
1.0113146150316783 2256.9020641425673 0.0 1.1453340821173783 2650.383541374446 0.0 move_t 100 1982.836523771286 75.8068590423247 59.40255358813503 17.51163501034833 36.777843919376195 45.768150926045664 74.22398428519391 52.55512375563523
1.0113146150316783 2256.9020641425673 0.0 1.1326954339746311 2637.9079506999738 0.02857142857142857 t_swap_r_k 100 1986.2691805362701 75.8068590423247 59.40255358813503 17.51163501034833 36.777843919376195 45.768150926045664 74.52174444234197 52.55512375563523
1.0113146150316783 2256.9020641425673 0.0 1.1289555555388284 2626.8211553137403 0.02857142857142857 f_swap_t 100 1991.8651757240295 75.8068590423247 59.40255358813503 17.51163501034833 37.44006548018243 45.768150926045664 74.52174444234197 52.55512375563523
1.0113146150316783 2256.9020641425673 0.0 1.1243017571757528 2613.0250624444448 0.02857142857142857 t_swap_r_k 100 1995.3718359470367 75.8068590423247 59.40255358813503 17.51163501034833 37.44006548018243 45.768150926045664 74.84652699791855 52.55512375563523
1.0113146150316783 2256.9020641425673 0.0 1.1467494012581094 2658.395799526094 0.0 t_move_k 100 1999.5060589313507 76.08879045190146 59.40255358813503 17.51163501034833 37.44006548018243 45.768150926045664 74.84652699791855 52.55512375563523
1.0113146150316783 2256.9020641425673 0.0 1.1372760413524217 2651.4870703462348 0.02857142857142857 t_move_k 100 2003.4206380844116 76.32790254738245 59.40255358813503 17.51163501034833 37.44006548018243 45.768150926045664 74.84652699791855 52.55512375563523
1.0113146150316783 2256.9020641425673 0.0 1.136140637790035 2648.121189023336 0.02857142857142857 t_swap_r_k 100 2007.3285410404205 76.32790254738245 59.40255358813503 17.51163501034833 37.44006548018243 45.768150926045664 75.13806172793936 52.55512375563523
1.0113146150316783 2256.9020641425673 0.0 1.1547667428386656 2703.3379077112354 0.02857142857142857 f_swap_t 100 2012.3597385883331 76.32790254738245 59.40255358813503 17.51163501034833 38.16566482538061 45.768150926045664 75.13806172793936 52.55512375563523
1.0113146150316783 2256.9020641425673 0.0 1.1431420673714945 2666.229930762219 0.025 t_move_k 100 2016.4454364776611 76.60462352190862 59.40255358813503 17.51163501034833 38.16566482538061 45.768150926045664 75.13806172793936 52.55512375563523
1.0113146150316783 2256.9020641425673 0.0 1.135415089911271 2643.3234594621304 0.025 t_swap_k 100 2021.582867383957 76.60462352190862 59.40255358813503 18.426518660244845 38.16566482538061 45.768150926045664 75.13806172793936 52.55512375563523
1.0113146150316783 2256.9020641425673 0.0 1.1300698698883411 2627.4776608069383 0.025 t_multiswap_k 100 2023.4679429531097 76.60462352190862 59.40255358813503 18.426518660244845 38.16566482538061 45.768150926045664 75.13806172793936 53.05957251807887
1.0113146150316783 2256.9020641425673 0.0 1.120786874145098 2599.958404193849 0.025 t_move_k 100 2026.665233373642 76.89857728668953 59.40255358813503 18.426518660244845 38.16566482538061 45.768150926045664 75.13806172793936 53.05957251807887
1.0113146150316783 2256.9020641425673 0.0 1.119311343491777 2598.231080138166 0.02857142857142857 swap_t 100 2031.9927036762238 76.89857728668953 59.40255358813503 18.426518660244845 38.16566482538061 46.31046941678521 75.13806172793936 53.05957251807887
1.0113146150316783 2256.9020641425673 0.0 1.119311343491777 2598.231080138166 0.02857142857142857 swap_t 100 2036.824666261673 76.89857728668953 59.40255358813503 18.426518660244845 38.16566482538061 46.84736472261736 75.13806172793936 53.05957251807887
1.0113146150316783 2256.9020641425673 0.0 1.119311343491777 2598.231080138166 0.02857142857142857 t_swap_r_k 100 2040.6678438186646 76.89857728668953 59.40255358813503 18.426518660244845 38.16566482538061 46.84736472261736 75.42668111065997 53.05957251807887
1.0113146150316783 2256.9020641425673 0.0 1.119311343491777 2598.231080138166 0.02857142857142857 f_swap_t 100 2044.5241544246674 76.89857728668953 59.40255358813503 18.426518660244845 38.7840081771268 46.84736472261736 75.42668111065997 53.05957251807887
1.0113146150316783 2256.9020641425673 0.0 1.119211575859213 2597.935320971821 0.02857142857142857 t_multiswap_k 100 2046.80988240242 76.89857728668953 59.40255358813503 18.426518660244845 38.7840081771268 46.84736472261736 75.42668111065997 53.558976792898086
1.0113146150316783 2256.9020641425673 0.0 1.1119480092130043 2573.755764554402 0.025 t_move_k 100 2049.6887469291687 77.16959151382264 59.40255358813503 18.426518660244845 38.7840081771268 46.84736472261736 75.42668111065997 53.558976792898086
1.0113146150316783 2256.9020641425673 0.0 1.1091342637237813 2568.061329181294 0.02857142857142857 f_swap_t 100 2055.7627925872803 77.16959151382264 59.40255358813503 18.426518660244845 39.396168095355534 46.84736472261736 75.42668111065997 53.558976792898086
1.0113146150316783 2256.9020641425673 0.0 1.1085515902133174 2566.334005125611 0.02857142857142857 move_t 100 2059.556626558304 77.16959151382264 59.80852805225368 18.426518660244845 39.396168095355534 46.84736472261736 75.42668111065997 53.558976792898086
1.0113146150316783 2256.9020641425673 0.0 1.1063298072699126 2559.747573692348 0.02857142857142857 t_move_k 100 2062.5290994644165 77.48789559868442 59.80852805225368 18.426518660244845 39.396168095355534 46.84736472261736 75.42668111065997 53.558976792898086
1.0113146150316783 2256.9020641425673 0.0 1.1063298072699126 2559.747573692348 0.02857142857142857 swap_t 100 2067.7478919029236 77.48789559868442 59.80852805225368 18.426518660244845 39.396168095355534 47.37889107539118 75.42668111065997 53.558976792898086
1.0113146150316783 2256.9020641425673 0.0 1.1063298072699126 2559.747573692348 0.02857142857142857 swap_t 100 2070.9347302913666 77.48789559868442 59.80852805225368 18.426518660244845 39.396168095355534 47.90510216463727 75.42668111065997 53.558976792898086
1.0113146150316783 2256.9020641425673 0.0 1.1063298072699126 2559.747573692348 0.02857142857142857 t_swap_r_k 100 2075.1723968982697 77.48789559868442 59.80852805225368 18.426518660244845 39.396168095355534 47.90510216463727 75.71241429955337 53.558976792898086
1.0113146150316783 2256.9020641425673 0.0 1.1063298072699126 2559.747573692348 0.02857142857142857 f_swap_t 100 2080.640907764435 77.48789559868442 59.80852805225368 18.426518660244845 40.00220641440198 47.90510216463727 75.71241429955337 53.558976792898086
1.0113146150316783 2256.9020641425673 0.0 1.1722457313967947 2755.1540223333413 0.02857142857142857 f_swap_t 100 2085.500680208206 77.48789559868442 59.80852805225368 18.426518660244845 40.61218435025796 47.90510216463727 75.71241429955337 53.558976792898086
1.0113146150316783 2256.9020641425673 0.0 1.1987452862725663 2829.058069702486 0.02222222222222222 move_t 100 2089.708115339279 77.48789559868442 60.37044277173114 18.426518660244845 40.61218435025796 47.90510216463727 75.71241429955337 53.558976792898086
1.0113146150316783 2256.9020641425673 0.0 1.243210400733275 2944.352517716375 0.0 move_t 100 2093.5224001407623 77.48789559868442 60.95673834401383 18.426518660244845 40.61218435025796 47.90510216463727 75.71241429955337 53.558976792898086
1.0113146150316783 2256.9020641425673 0.0 1.2075793071029697 2859.8997061417176 0.02857142857142857 t_swap_k 100 2099.5959901809692 77.48789559868442 60.95673834401383 19.372253473642395 40.61218435025796 47.90510216463727 75.71241429955337 53.558976792898086
1.0113146150316783 2256.9020641425673 0.0 1.206184798960159 2855.7657144333853 0.02857142857142857 t_move_k 100 2103.731830596924 77.82301664269757 60.95673834401383 19.372253473642395 40.61218435025796 47.90510216463727 75.71241429955337 53.558976792898086
1.0113146150316783 2256.9020641425673 0.0 1.1938406613011119 2819.1717633746575 0.02857142857142857 t_swap_r_k 100 2108.074087381363 77.82301664269757 60.95673834401383 19.372253473642395 40.61218435025796 47.90510216463727 76.02529015655784 53.558976792898086
1.0113146150316783 2256.9020641425673 0.0 1.1915608867108116 2812.413416855309 0.02857142857142857 swap_t 100 2112.4725308418274 77.82301664269757 60.95673834401383 19.372253473642395 40.61218435025796 48.4260511429909 76.02529015655784 53.558976792898086
1.0113146150316783 2256.9020641425673 0.0 1.1915608867108116 2812.413416855309 0.02857142857142857 swap_t 100 2116.4246129989624 77.82301664269757 60.95673834401383 19.372253473642395 40.61218435025796 48.94179063156099 76.02529015655784 53.558976792898086
1.0113146150316783 2256.9020641425673 0.0 1.1915608867108116 2812.413416855309 0.02857142857142857 f_swap_t 100 2120.4389021396637 77.82301664269757 60.95673834401383 19.372253473642395 41.20606250675538 48.94179063156099 76.02529015655784 53.558976792898086
1.0113146150316783 2256.9020641425673 0.0 1.1670395067333863 2737.073415385631 0.025 t_move_k 100 2123.1700699329376 78.1947864762706 60.95673834401383 19.372253473642395 41.20606250675538 48.94179063156099 76.02529015655784 53.558976792898086
1.0113146150316783 2256.9020641425673 0.0 1.1637696003672693 2757.8912669392357 0.02857142857142857 swap_t 100 2127.965072631836 78.1947864762706 60.95673834401383 19.372253473642395 41.20606250675538 49.48237272524538 76.02529015655784 53.558976792898086
1.0113146150316783 2256.9020641425673 0.0 1.156390622600703 2705.505009754974 0.025 t_multiswap_k 100 2129.8673691749573 78.1947864762706 60.95673834401383 19.372253473642395 41.20606250675538 49.48237272524538 76.02529015655784 54.053387024969105
1.0113146150316783 2256.9020641425673 0.0 1.1494763808053494 2685.007877200563 0.025 t_multiswap_k 100 2132.146159172058 78.1947864762706 60.95673834401383 19.372253473642395 41.20606250675538 49.48237272524538 76.02529015655784 54.54285315471942
1.0113146150316783 2256.9020641425673 0.0 1.1399877017154822 2656.8788763892276 0.025 t_swap_r_k 100 2136.015812397003 78.1947864762706 60.95673834401383 19.372253473642395 41.20606250675538 49.48237272524538 76.30503725499227 54.54285315471942
1.0113146150316783 2256.9020641425673 0.0 1.1350661111705442 2662.110754989033 0.025 move_t 100 2138.757434606552 78.1947864762706 61.37717096057369 19.372253473642395 41.20606250675538 49.48237272524538 76.30503725499227 54.54285315471942
1.0113146150316783 2256.9020641425673 0.0 1.133322091035836 2637.1188058419953 0.025 move_t 100 2142.39905834198 78.1947864762706 61.79339925096796 19.372253473642395 41.20606250675538 49.48237272524538 76.30503725499227 54.54285315471942
1.0113146150316783 2256.9020641425673 0.0 1.1293474481590031 2625.33605593041 0.025 t_move_k 100 2145.078684568405 78.50283861150788 61.79339925096796 19.372253473642395 41.20606250675538 49.48237272524538 76.30503725499227 54.54285315471942
1.0113146150316783 2256.9020641425673 0.0 1.125837594261779 2617.5780209995564 0.02857142857142857 f_swap_t 100 2148.8190915584564 78.50283861150788 61.79339925096796 19.372253473642395 41.79400188168783 49.48237272524538 76.30503725499227 54.54285315471942
1.0113146150316783 2256.9020641425673 0.0 1.125837594261779 2617.5780209995564 0.02857142857142857 f_swap_t 100 2153.5984122753143 78.50283861150788 61.79339925096796 19.372253473642395 42.37606186287095 49.48237272524538 76.30503725499227 54.54285315471942
1.0113146150316783 2256.9020641425673 0.0 1.125837594261779 2617.5780209995564 0.02857142857142857 t_swap_k 100 2158.0911445617676 78.50283861150788 61.79339925096796 20.178530938905972 42.37606186287095 49.48237272524538 76.30503725499227 54.54285315471942
1.0113146150316783 2256.9020641425673 0.0 1.1246594480707888 2611.4385727258464 0.025 t_multiswap_k 100 2160.5720772743225 78.50283861150788 61.79339925096796 20.178530938905972 42.37606186287095 49.48237272524538 76.30503725499227 55.02742462317222
1.0113146150316783 2256.9020641425673 0.0 1.1203328271272117 2598.6123908221725 0.025 swap_t 100 2165.340922832489 78.50283861150788 61.79339925096796 20.178530938905972 42.37606186287095 49.98754899799293 76.30503725499227 55.02742462317222
1.0113146150316783 2256.9020641425673 0.0 1.137234118064973 2651.362789592772 0.02857142857142857 t_move_k 100 2168.456892967224 78.79781022539281 61.79339925096796 20.178530938905972 42.37606186287095 49.98754899799293 76.30503725499227 55.02742462317222
1.0113146150316783 2256.9020641425673 0.0 1.1299161515671372 2627.0219658950427 0.025 t_move_k 100 2171.1974234580994 79.00983212313888 61.79339925096796 20.178530938905972 42.37606186287095 49.98754899799293 76.30503725499227 55.02742462317222
1.0113146150316783 2256.9020641425673 0.0 1.1242412158190174 2610.1987315173938 0.025 t_move_k 100 2174.4838898181915 79.2497338019075 61.79339925096796 20.178530938905972 42.37606186287095 49.98754899799293 76.30503725499227 55.02742462317222
1.0113146150316783 2256.9020641425673 0.0 1.1544280377522094 2699.6869659289846 0.025 t_move_k 100 2178.3088867664337 79.57723646388843 61.79339925096796 20.178530938905972 42.37606186287095 49.98754899799293 76.30503725499227 55.02742462317222
1.0113146150316783 2256.9020641425673 0.0 1.136793888209467 2647.4108796479427 0.025 move_t 100 2181.943191051483 79.57723646388843 62.275465258458276 20.178530938905972 42.37606186287095 49.98754899799293 76.30503725499227 55.02742462317222
1.0113146150316783 2256.9020641425673 0.0 1.166634083685151 2725.7871854691207 0.02222222222222222 move_t 100 2184.958311319351 79.57723646388843 62.782710605873696 20.178530938905972 42.37606186287095 49.98754899799293 76.30503725499227 55.02742462317222
1.0113146150316783 2256.9020641425673 0.0 1.15221978131651 2693.140633559313 0.025 t_move_k 100 2187.210460424423 79.84146409924954 62.782710605873696 20.178530938905972 42.37606186287095 49.98754899799293 76.30503725499227 55.02742462317222
1.0113146150316783 2256.9020641425673 0.0 1.1505408171531704 2688.1633776245835 0.025 t_swap_r_k 100 2191.8229472637177 79.84146409924954 62.782710605873696 20.178530938905972 42.37606186287095 49.98754899799293 76.61198688244235 55.02742462317222
1.0113146150316783 2256.9020641425673 0.0 1.1695807828946407 2744.6069781212586 0.025 t_move_k 100 2194.8441894054413 80.06304945825704 62.782710605873696 20.178530938905972 42.37606186287095 49.98754899799293 76.61198688244235 55.02742462317222
1.0113146150316783 2256.9020641425673 0.0 1.1695807828946407 2744.6069781212586 0.025 t_swap_r_k 100 2198.2251834869385 80.06304945825704 62.782710605873696 20.178530938905972 42.37606186287095 49.98754899799293 76.88586701361793 55.02742462317222
1.0113146150316783 2256.9020641425673 0.0 1.1695807828946407 2744.6069781212586 0.025 t_swap_r_k 100 2201.9232428073883 80.06304945825704 62.782710605873696 20.178530938905972 42.37606186287095 49.98754899799293 77.15700834348175 55.02742462317222
1.0113146150316783 2256.9020641425673 0.0 1.1678616731269964 2742.1575686162173 0.02857142857142857 t_multiswap_k 100 2204.1484570503235 80.06304945825704 62.782710605873696 20.178530938905972 42.37606186287095 49.98754899799293 77.15700834348175 55.5071503769405
1.0113146150316783 2256.9020641425673 0.0 1.1607165530625045 2720.9760020158874 0.02857142857142857 f_swap_t 100 2208.490338087082 80.06304945825704 62.782710605873696 20.178530938905972 42.98230124424224 49.98754899799293 77.15700834348175 55.5071503769405
1.0113146150316783 2256.9020641425673 0.0 1.1562266064642215 2707.665644450857 0.02857142857142857 t_move_k 100 2211.492967605591 80.29241896367446 62.782710605873696 20.178530938905972 42.98230124424224 49.98754899799293 77.15700834348175 55.5071503769405
1.0113146150316783 2256.9020641425673 0.0 1.153101611361634 2698.4016585004865 0.02857142857142857 swap_t 100 2216.2721326351166 80.29241896367446 62.782710605873696 20.178530938905972 42.98230124424224 50.487673508013 77.15700834348175 55.5071503769405
1.0113146150316783 2256.9020641425673 0.0 1.1508494980918564 2691.72531341675 0.02857142857142857 f_swap_t 100 2221.084575176239 80.29241896367446 62.782710605873696 20.178530938905972 43.58247823179981 50.487673508013 77.15700834348175 55.5071503769405
1.0113146150316783 2256.9020641425673 0.0 1.1508494980918564 2691.72531341675 0.02857142857142857 f_swap_t 100 2226.6354808807373 80.29241896367446 62.782710605873696 20.178530938905972 44.14665344948181 50.487673508013 77.15700834348175 55.5071503769405
1.0113146150316783 2256.9020641425673 0.0 1.1579029728805303 2712.635199416079 0.02857142857142857 t_move_k 100 2230.46386051178 80.54949477403773 62.782710605873696 20.178530938905972 44.14665344948181 50.487673508013 77.15700834348175 55.5071503769405
1.0113146150316783 2256.9020641425673 0.0 1.1554042120171788 2705.2276724371545 0.02857142857142857 swap_t 100 2235.8502123355865 80.54949477403773 62.782710605873696 20.178530938905972 44.14665344948181 50.98279677293287 77.15700834348175 55.5071503769405
1.0113146150316783 2256.9020641425673 0.0 1.1840335696545263 2801.8626449783537 0.04444444444444444 t_swap_k 100 2241.9058310985565 80.54949477403773 62.782710605873696 21.176745629516912 44.14665344948181 50.98279677293287 77.15700834348175 55.5071503769405
1.0113146150316783 2256.9020641425673 0.0 1.1818359609572062 2783.584067498826 0.02857142857142857 t_swap_r_k 100 2245.8216626644135 80.54949477403773 62.782710605873696 21.176745629516912 44.14665344948181 50.98279677293287 77.42543826004693 55.5071503769405
1.0113146150316783 2256.9020641425673 0.0 1.1569520685969603 2709.816262542916 0.02857142857142857 t_swap_k 100 2250.245439529419 80.54949477403773 62.782710605873696 22.084978173221742 44.14665344948181 50.98279677293287 77.42543826004693 55.5071503769405
1.0113146150316783 2256.9020641425673 0.0 1.144160985421321 2683.6611604910568 0.04444444444444444 t_move_k 100 2254.0018055438995 80.89399982629735 62.782710605873696 22.084978173221742 44.14665344948181 50.98279677293287 77.42543826004693 55.5071503769405
1.0113146150316783 2256.9020641425673 0.0 1.1208387584064865 2632.0995272500304 0.02857142857142857 move_t 100 2258.65030670166 80.89399982629735 63.18488349981496 22.084978173221742 44.14665344948181 50.98279677293287 77.42543826004693 55.5071503769405
1.0113146150316783 2256.9020641425673 0.0 1.1203861849074759 2601.41742617937 0.02857142857142857 t_multiswap_k 100 2261.2411875724792 80.89399982629735 63.18488349981496 22.084978173221742 44.14665344948181 50.98279677293287 77.42543826004693 55.9520788731711
1.0113146150316783 2256.9020641425673 0.0 1.1201340347694364 2600.6699321003402 0.02857142857142857 move_t 100 2265.217012643814 80.89399982629735 63.553034664816806 22.084978173221742 44.14665344948181 50.98279677293287 77.42543826004693 55.9520788731711
1.0113146150316783 2256.9020641425673 0.0 1.119553908219773 2598.9501584593927 0.02857142857142857 t_move_k 100 2268.315858364105 81.11505982803438 63.553034664816806 22.084978173221742 44.14665344948181 50.98279677293287 77.42543826004693 55.9520788731711
1.0113146150316783 2256.9020641425673 0.0 1.12024296035979 2600.9928398507673 0.02857142857142857 t_move_k 100 2270.4846699237823 81.34390922975403 63.553034664816806 22.084978173221742 44.14665344948181 50.98279677293287 77.42543826004693 55.9520788731711
1.0113146150316783 2256.9020641425673 0.0 1.109580671531981 2569.3846962674925 0.02857142857142857 t_multiswap_k 100 2272.6573255062103 81.34390922975403 63.553034664816806 22.084978173221742 44.14665344948181 50.98279677293287 77.42543826004693 56.42255808443939
1.0113146150316783 2256.9020641425673 0.0 1.1610429709637833 2721.9436614048227 0.02857142857142857 move_t 100 2277.140326023102 81.34390922975403 63.967504318168636 22.084978173221742 44.14665344948181 50.98279677293287 77.42543826004693 56.42255808443939
1.0113146150316783 2256.9020641425673 0.0 1.1554943927855752 2684.3201533209112 0.0 t_multiswap_k 100 2279.771219730377 81.34390922975403 63.967504318168636 22.084978173221742 44.14665344948181 50.98279677293287 77.42543826004693 56.958332503594995
1.0113146150316783 2256.9020641425673 0.0 1.1301115916912658 2609.0733433262244 0.0 t_move_k 100 2283.1287252902985 81.6504701374565 63.967504318168636 22.084978173221742 44.14665344948181 50.98279677293287 77.42543826004693 56.958332503594995
1.0113146150316783 2256.9020641425673 0.0 1.1209496902117158 2581.9130682541277 0.0 move_t 100 2286.712298631668 81.6504701374565 64.35782927498695 22.084978173221742 44.14665344948181 50.98279677293287 77.42543826004693 56.958332503594995
1.0113146150316783 2256.9020641425673 0.0 1.120197823885868 2579.684175455723 0.0 t_swap_r_k 100 2291.5092647075653 81.6504701374565 64.35782927498695 22.084978173221742 44.14665344948181 50.98279677293287 77.69118387744646 56.958332503594995
1.0113146150316783 2256.9020641425673 0.0 1.1153323452371513 2580.0829613313485 0.02 f_swap_t 100 2295.2388405799866 81.6504701374565 64.35782927498695 22.084978173221742 44.76518691498699 50.98279677293287 77.69118387744646 56.958332503594995
1.0113146150316783 2256.9020641425673 0.0 1.1132724116112547 2575.6232624037743 0.02222222222222222 t_move_k 100 2299.281947374344 81.89396543608193 64.35782927498695 22.084978173221742 44.76518691498699 50.98279677293287 77.69118387744646 56.958332503594995
1.0113146150316783 2256.9020641425673 0.0 1.1132724116112547 2575.6232624037743 0.02222222222222222 move_t 100 2302.9872739315033 81.89396543608193 64.71425098223709 22.084978173221742 44.76518691498699 50.98279677293287 77.69118387744646 56.958332503594995
1.0113146150316783 2256.9020641425673 0.0 1.1132724116112547 2575.6232624037743 0.02222222222222222 t_move_k 100 2307.193690299988 82.07502578172111 64.71425098223709 22.084978173221742 44.76518691498699 50.98279677293287 77.69118387744646 56.958332503594995
1.0113146150316783 2256.9020641425673 0.0 1.1118752984441937 2571.481548152762 0.02222222222222222 move_t 100 2310.455054998398 82.07502578172111 65.09710847241472 22.084978173221742 44.76518691498699 50.98279677293287 77.69118387744646 56.958332503594995
1.0113146150316783 2256.9020641425673 0.0 1.1118752984441937 2571.481548152762 0.02222222222222222 t_swap_r_k 100 2314.384880065918 82.07502578172111 65.09710847241472 22.084978173221742 44.76518691498699 50.98279677293287 77.954272038672 56.958332503594995
1.0113146150316783 2256.9020641425673 0.0 1.1118752984441937 2571.481548152762 0.02222222222222222 move_t 100 2318.276864051819 82.07502578172111 65.44613738769057 22.084978173221742 44.76518691498699 50.98279677293287 77.954272038672 56.958332503594995
1.0113146150316783 2256.9020641425673 0.0 1.1227833782566643 2618.2842992726746 0.02222222222222222 move_t 100 2322.6423602104187 82.07502578172111 65.86167601381366 22.084978173221742 44.76518691498699 50.98279677293287 77.954272038672 56.958332503594995
1.0113146150316783 2256.9020641425673 0.0 1.162434338087165 2704.893483409344 0.0 t_swap_k 100 2326.3070936203003 82.07502578172111 65.86167601381366 22.934128391489526 44.76518691498699 50.98279677293287 77.954272038672 56.958332503594995
1.0113146150316783 2256.9020641425673 0.0 1.1560594434821612 2685.9952348946667 0.0 move_t 100 2330.3861083984375 82.07502578172111 66.20305925367553 22.934128391489526 44.76518691498699 50.98279677293287 77.954272038672 56.958332503594995
1.0113146150316783 2256.9020641425673 0.0 1.1527081894708893 2692.5298430672415 0.02222222222222222 t_multiswap_k 100 2332.323085308075 82.07502578172111 66.20305925367553 22.934128391489526 44.76518691498699 50.98279677293287 77.954272038672 57.50874917855904
1.0113146150316783 2256.9020641425673 0.0 1.1481202413764107 2678.9289620120717 0.02222222222222222 t_swap_r_k 100 2337.2021911144257 82.07502578172111 66.20305925367553 22.934128391489526 44.76518691498699 50.98279677293287 78.21472931828528 57.50874917855904
1.0113146150316783 2256.9020641425673 0.0 1.1481202413764107 2678.9289620120717 0.02222222222222222 swap_t 100 2343.0599188804626 82.07502578172111 66.20305925367553 22.934128391489526 44.76518691498699 51.47296880520354 78.21472931828528 57.50874917855904
1.0113146150316783 2256.9020641425673 0.0 1.1481202413764107 2678.9289620120717 0.02222222222222222 t_multiswap_k 100 2345.074693441391 82.07502578172111 66.20305925367553 22.934128391489526 44.76518691498699 51.47296880520354 78.21472931828528 57.933661686773455
1.0113146150316783 2256.9020641425673 0.0 1.1687648386260476 2740.1294607627215 0.02222222222222222 move_t 100 2350.178234577179 82.07502578172111 66.55102866113877 22.934128391489526 44.76518691498699 51.47296880520354 78.21472931828528 57.933661686773455
1.0113146150316783 2256.9020641425673 0.0 1.1819341912343222 2779.169745157892 0.02222222222222222 swap_t 100 2354.7681324481964 82.07502578172111 66.55102866113877 22.934128391489526 44.76518691498699 51.968239117151505 78.21472931828528 57.933661686773455
1.0113146150316783 2256.9020641425673 0.0 1.1792652747173322 2771.257795121351 0.02222222222222222 t_swap_r_k 100 2358.25186419487 82.07502578172111 66.55102866113877 22.934128391489526 44.76518691498699 51.968239117151505 78.47258202510243 57.933661686773455
1.0113146150316783 2256.9020641425673 0.0 1.1704678694051844 2745.178061702259 0.02222222222222222 t_swap_k 100 2363.82962846756 82.07502578172111 66.55102866113877 23.894787107574633 44.76518691498699 51.968239117151505 78.47258202510243 57.933661686773455
1.0113146150316783 2256.9020641425673 0.0 1.160121184638625 2714.505520093808 0.02222222222222222 f_swap_t 100 2368.628478050232 82.07502578172111 66.55102866113877 23.894787107574633 45.31753504583712 51.968239117151505 78.47258202510243 57.933661686773455
1.0113146150316783 2256.9020641425673 0.0 1.1976747140574042 2808.8075804969567 0.02222222222222222 swap_t 100 2375.127235174179 82.07502578172111 66.55102866113877 23.894787107574633 45.31753504583712 52.48855672597999 78.47258202510243 57.933661686773455
1.0113146150316783 2256.9020641425673 0.0 1.179897976026031 2760.8621190611548 0.02222222222222222 swap_t 100 2379.128927707672 82.07502578172111 66.55102866113877 23.894787107574633 45.31753504583712 53.02367115872019 78.47258202510243 57.933661686773455
1.0113146150316783 2256.9020641425673 0.0 1.1771972394979888 2765.127145764171 0.02222222222222222 f_swap_t 100 2384.2893719673157 82.07502578172111 66.55102866113877 23.894787107574633 45.904359695378744 53.02367115872019 78.47258202510243 57.933661686773455
1.0113146150316783 2256.9020641425673 0.0 1.1726124519206242 2750.221655511129 0.02222222222222222 move_t 100 2388.673007965088 82.07502578172111 66.91551837452738 23.894787107574633 45.904359695378744 53.02367115872019 78.47258202510243 57.933661686773455
1.0113146150316783 2256.9020641425673 0.0 1.1726124519206242 2750.221655511129 0.02222222222222222 t_swap_r_k 100 2392.8204674720764 82.07502578172111 66.91551837452738 23.894787107574633 45.904359695378744 53.02367115872019 78.7278562048514 57.933661686773455
1.0113146150316783 2256.9020641425673 0.0 1.1726124519206242 2750.221655511129 0.02222222222222222 t_swap_r_k 100 2396.163987159729 82.07502578172111 66.91551837452738 23.894787107574633 45.904359695378744 53.02367115872019 78.9805776428029 57.933661686773455
1.0113146150316783 2256.9020641425673 0.0 1.1726124519206242 2750.221655511129 0.02222222222222222 t_swap_r_k 100 2400.081225156784 82.07502578172111 66.91551837452738 23.894787107574633 45.904359695378744 53.02367115872019 79.23077186637487 57.933661686773455
1.0113146150316783 2256.9020641425673 0.0 1.173332333083 2753.669707415449 0.02222222222222222 t_move_k 100 2403.8146777153015 82.32427552390389 66.91551837452738 23.894787107574633 45.904359695378744 53.02367115872019 79.23077186637487 57.933661686773455
1.0113146150316783 2256.9020641425673 0.0 1.172961932713688 2752.5716628730834 0.02222222222222222 swap_t 100 2408.8540349006653 82.32427552390389 66.91551837452738 23.894787107574633 45.904359695378744 53.52343444713299 79.23077186637487 57.933661686773455
1.0113146150316783 2256.9020641425673 0.0 1.1839695288279524 2785.203463052694 0.02222222222222222 move_t 100 2413.056149482727 82.32427552390389 67.25636319078211 23.894787107574633 45.904359695378744 53.52343444713299 79.23077186637487 57.933661686773455
1.0113146150316783 2256.9020641425673 0.0 1.1833704619937473 2766.958207147695 0.0 t_swap_r_k 100 2417.207386493683 82.32427552390389 67.25636319078211 23.894787107574633 45.904359695378744 53.52343444713299 79.47846414771112 57.933661686773455
1.0113146150316783 2256.9020641425673 0.0 1.1757060103147328 2760.7064264513547 0.02222222222222222 f_swap_t 100 2421.5713827610016 82.32427552390389 67.25636319078211 23.894787107574633 46.475316098424955 53.52343444713299 79.47846414771112 57.933661686773455
1.0113146150316783 2256.9020641425673 0.0 1.1689497671881472 2740.677677814229 0.02222222222222222 t_move_k 100 2425.31756567955 82.53103276866486 67.25636319078211 23.894787107574633 46.475316098424955 53.52343444713299 79.47846414771112 57.933661686773455
1.0113146150316783 2256.9020641425673 0.0 1.1870193567700689 2794.2446174479182 0.02222222222222222 t_move_k 100 2429.407141685486 82.7557224409782 67.25636319078211 23.894787107574633 46.475316098424955 53.52343444713299 79.47846414771112 57.933661686773455
1.0113146150316783 2256.9020641425673 0.0 1.18399636723968 2768.8136908250235 0.0 t_swap_r_k 100 2433.581033706665 82.7557224409782 67.25636319078211 23.894787107574633 46.475316098424955 53.52343444713299 79.723679506234 57.933661686773455
1.0113146150316783 2256.9020641425673 0.0 1.1738961959077225 2738.871933400152 0.0 move_t 100 2439.6733446121216 82.7557224409782 67.6737995588743 23.894787107574633 46.475316098424955 53.52343444713299 79.723679506234 57.933661686773455
1.0113146150316783 2256.9020641425673 0.0 1.1668510342872365 2733.2626712781525 0.02222222222222222 move_t 100 2443.6207325458527 82.7557224409782 68.02706156328556 23.894787107574633 46.475316098424955 53.52343444713299 79.723679506234 57.933661686773455
1.0113146150316783 2256.9020641425673 0.0 1.1655857713865372 2730.705179035777 0.02222222222222222 t_move_k 100 2446.6544675827026 82.98816521656842 68.02706156328556 23.894787107574633 46.475316098424955 53.52343444713299 79.723679506234 57.933661686773455
1.0113146150316783 2256.9020641425673 0.0 1.1609873694320525 2700.603973553636 0.0 t_multiswap_k 100 2448.0717692375183 82.98816521656842 68.02706156328556 23.894787107574633 46.475316098424955 53.52343444713299 79.723679506234 58.38432506990572
1.0113146150316783 2256.9020641425673 0.0 1.1558750370911932 2685.4485658091144 0.0 t_swap_r_k 100 2451.768458843231 82.98816521656842 68.02706156328556 23.894787107574633 46.475316098424955 53.52343444713299 79.96644271117167 58.38432506990572
1.0113146150316783 2256.9020641425673 0.0 1.1487309757518114 2680.739471944851 0.02222222222222222 f_swap_t 100 2456.787981033325 82.98816521656842 68.02706156328556 23.894787107574633 47.0105629374407 53.52343444713299 79.96644271117167 58.38432506990572
1.0113146150316783 2256.9020641425673 0.0 1.271759350106185 3045.454645601325 0.02222222222222222 f_swap_t 100 2460.5142307281494 82.98816521656842 68.02706156328556 23.894787107574633 47.5504573080663 53.52343444713299 79.96644271117167 58.38432506990572
1.0113146150316783 2256.9020641425673 0.0 1.2343214060332175 2934.4706035413697 0.02222222222222222 move_t 100 2463.5949103832245 82.98816521656842 68.4167909476527 23.894787107574633 47.5504573080663 53.52343444713299 79.96644271117167 58.38432506990572
1.0113146150316783 2256.9020641425673 0.0 1.2202840852134011 2892.8572446122803 0.02222222222222222 t_multiswap_k 100 2466.14701962471 82.98816521656842 68.4167909476527 23.894787107574633 47.5504573080663 53.52343444713299 79.96644271117167 58.920481819206664
1.0113146150316783 2256.9020641425673 0.0 1.2020850973774022 2838.9067064229375 0.02222222222222222 move_t 100 2470.3141946792603 82.98816521656842 68.76262303817617 23.894787107574633 47.5504573080663 53.52343444713299 79.96644271117167 58.920481819206664
1.0113146150316783 2256.9020641425673 0.0 1.2020850973774022 2838.9067064229375 0.02222222222222222 t_swap_r_k 100 2474.4504396915436 82.98816521656842 68.76262303817617 23.894787107574633 47.5504573080663 53.52343444713299 80.20677828405995 58.920481819206664
1.0113146150316783 2256.9020641425673 0.0 1.2020850973774022 2838.9067064229375 0.02222222222222222 t_multiswap_k 100 2476.2653501033783 82.98816521656842 68.76262303817617 23.894787107574633 47.5504573080663 53.52343444713299 80.20677828405995 59.3312770010146
1.0113146150316783 2256.9020641425673 0.0 1.1997637158573307 2830.5334439363733 0.02222222222222222 swap_t 100 2479.456736803055 82.98816521656842 68.76262303817617 23.894787107574633 47.5504573080663 54.01820010266166 80.20677828405995 59.3312770010146
1.0113146150316783 2256.9020641425673 0.0 1.1924415855823158 2810.318707130414 0.02222222222222222 swap_t 100 2483.2759697437286 82.98816521656842 68.76262303817617 23.894787107574633 47.5504573080663 54.478018101635044 80.20677828405995 59.3312770010146
1.0113146150316783 2256.9020641425673 0.0 1.188203987305778 2797.756431156075 0.02222222222222222 t_swap_k 100 2487.1840953826904 82.98816521656842 68.76262303817617 24.685839236498886 47.5504573080663 54.478018101635044 80.20677828405995 59.3312770010146
1.0113146150316783 2256.9020641425673 0.0 1.1830486482134626 2782.473530750548 0.02222222222222222 t_move_k 100 2490.101938724518 83.18828356440274 68.76262303817617 24.685839236498886 47.5504573080663 54.478018101635044 80.20677828405995 59.3312770010146
1.0113146150316783 2256.9020641425673 0.0 1.17980231571647 2772.8498425030148 0.02222222222222222 t_multiswap_k 100 2492.8926298618317 83.18828356440274 68.76262303817617 24.685839236498886 47.5504573080663 54.478018101635044 80.20677828405995 59.79796423100445
1.0113146150316783 2256.9020641425673 0.0 1.17374974729696 2754.907123567049 0.02222222222222222 move_t 100 2496.1410059928894 83.18828356440274 69.0749968077944 24.685839236498886 47.5504573080663 54.478018101635044 80.20677828405995 59.79796423100445
1.0113146150316783 2256.9020641425673 0.0 1.1574103504315059 2706.469305896948 0.02222222222222222 t_multiswap_k 100 2498.1214537620544 83.18828356440274 69.0749968077944 24.685839236498886 47.5504573080663 54.478018101635044 80.20677828405995 60.22998458869441
1.0113146150316783 2256.9020641425673 0.0 1.153554241921281 2697.0966155330716 0.025 t_multiswap_k 100 2499.6626608371735 83.18828356440274 69.0749968077944 24.685839236498886 47.5504573080663 54.478018101635044 80.20677828405995 60.65768474280746
1.0113146150316783 2256.9020641425673 0.0 1.147902714052461 2678.284106578147 0.02222222222222222 move_t 100 2503.3380081653595 83.18828356440274 69.42424683971646 24.685839236498886 47.5504573080663 54.478018101635044 80.20677828405995 60.65768474280746
1.0113146150316783 2256.9020641425673 0.0 1.144253504278325 2669.524763410461 0.025 t_move_k 100 2506.5469121932983 83.38640072875872 69.42424683971646 24.685839236498886 47.5504573080663 54.478018101635044 80.20677828405995 60.65768474280746
1.0113146150316783 2256.9020641425673 0.0 1.144253504278325 2669.524763410461 0.025 f_swap_t 100 2510.852592945099 83.38640072875872 69.42424683971646 24.685839236498886 48.07495273498564 54.478018101635044 80.20677828405995 60.65768474280746
1.0113146150316783 2256.9020641425673 0.0 1.144253504278325 2669.524763410461 0.025 t_swap_r_k 100 2515.236935853958 83.38640072875872 69.42424683971646 24.685839236498886 48.07495273498564 54.478018101635044 80.44471050121935 60.65768474280746
1.0113146150316783 2256.9020641425673 0.0 1.1514974288144388 2690.999233905643 0.025 t_move_k 100 2517.902773618698 83.68253672147112 69.42424683971646 24.685839236498886 48.07495273498564 54.478018101635044 80.44471050121935 60.65768474280746
1.0113146150316783 2256.9020641425673 0.0 1.1511983633319642 2688.0539934484937 0.02222222222222222 t_multiswap_k 100 2520.9752831459045 83.68253672147112 69.42424683971646 24.685839236498886 48.07495273498564 54.478018101635044 80.44471050121935 61.08110789537939
1.0113146150316783 2256.9020641425673 0.0 1.1511983633319642 2688.0539934484937 0.02222222222222222 t_move_k 100 2524.100113630295 83.84571135425641 69.42424683971646 24.685839236498886 48.07495273498564 54.478018101635044 80.44471050121935 61.08110789537939
1.0113146150316783 2256.9020641425673 0.0 1.1511983633319642 2688.0539934484937 0.02222222222222222 t_move_k 100 2527.00435090065 84.00725424071385 69.42424683971646 24.685839236498886 48.07495273498564 54.478018101635044 80.44471050121935 61.08110789537939
1.0113146150316783 2256.9020641425673 0.0 1.1501350405462845 2684.9017941573366 0.02222222222222222 move_t 100 2530.1225049495697 84.00725424071385 69.7600043713193 24.685839236498886 48.07495273498564 54.478018101635044 80.44471050121935 61.08110789537939
1.0113146150316783 2256.9020641425673 0.0 1.1491876916656418 2682.0933972055764 0.02222222222222222 t_move_k 100 2533.693158864975 84.19718169830671 69.7600043713193 24.685839236498886 48.07495273498564 54.478018101635044 80.44471050121935 61.08110789537939
1.0113146150316783 2256.9020641425673 0.0 1.1484932472211973 2682.0933972055764 0.025 t_swap_r_k 100 2538.1975095272064 84.19718169830671 69.7600043713193 24.685839236498886 48.07495273498564 54.478018101635044 80.71026339620715 61.08110789537939
1.0113146150316783 2256.9020641425673 0.0 1.154288474890712 2699.2732345964027 0.025 f_swap_t 100 2544.1639211177826 84.19718169830671 69.7600043713193 24.685839236498886 48.66420320763578 54.478018101635044 80.71026339620715 61.08110789537939
1.0113146150316783 2256.9020641425673 0.0 1.1502807171415617 2673.0773858551984 0.0 move_t 100 2546.4526121616364 84.19718169830671 70.0924043276061 24.685839236498886 48.66420320763578 54.478018101635044 80.71026339620715 61.08110789537939
1.0113146150316783 2256.9020641425673 0.0 1.1587271291265187 2688.911981683988 0.0 swap_t 100 2552.159867286682 84.19718169830671 70.0924043276061 24.685839236498886 48.66420320763578 54.94323792061869 80.71026339620715 61.08110789537939
1.0113146150316783 2256.9020641425673 0.0 1.1552703251482859 2683.6559092579173 0.0 t_swap_r_k 100 2556.6132261753082 84.19718169830671 70.0924043276061 24.685839236498886 48.66420320763578 54.94323792061869 80.94316076224509 61.08110789537939
1.0113146150316783 2256.9020641425673 0.0 1.154930781021796 2682.6493374348993 0.0 t_swap_k 100 2562.4752197265625 84.19718169830671 70.0924043276061 25.438980844133898 48.66420320763578 54.94323792061869 80.94316076224509 61.08110789537939
1.0113146150316783 2256.9020641425673 0.0 1.154930781021796 2682.6493374348993 0.0 f_swap_t 100 2568.766239643097 84.19718169830671 70.0924043276061 25.438980844133898 49.17756117555942 54.94323792061869 80.94316076224509 61.08110789537939
1.0113146150316783 2256.9020641425673 0.0 1.154930781021796 2682.6493374348993 0.0 swap_t 100 2573.709244966507 84.19718169830671 70.0924043276061 25.438980844133898 49.17756117555942 55.393805541412505 80.94316076224509 61.08110789537939
1.0113146150316783 2256.9020641425673 0.0 1.154930781021796 2682.6493374348993 0.0 f_swap_t 100 2579.0665397644043 84.19718169830671 70.0924043276061 25.438980844133898 49.685785563803826 55.393805541412505 80.94316076224509 61.08110789537939
1.0113146150316783 2256.9020641425673 0.0 1.154930781021796 2682.6493374348993 0.0 f_swap_t 100 2584.9225940704346 84.19718169830671 70.0924043276061 25.438980844133898 50.188927708165785 55.393805541412505 80.94316076224509 61.08110789537939
1.0113146150316783 2256.9020641425673 0.0 1.154930781021796 2682.6493374348993 0.0 swap_t 100 2588.830721139908 84.19718169830671 70.0924043276061 25.438980844133898 50.188927708165785 55.83986748599838 80.94316076224509 61.08110789537939
1.0113146150316783 2256.9020641425673 0.0 1.154930781021796 2682.6493374348993 0.0 f_swap_t 100 2594.1358654499054 84.19718169830671 70.0924043276061 25.438980844133898 50.687038431084126 55.83986748599838 80.94316076224509 61.08110789537939
1.0113146150316783 2256.9020641425673 0.0 1.1540000443158065 2679.8901869451456 0.0 t_multiswap_k 100 2596.6428396701813 84.19718169830671 70.0924043276061 25.438980844133898 50.687038431084126 55.83986748599838 80.94316076224509 61.500296816425596
1.0113146150316783 2256.9020641425673 0.0 1.1490938773781896 2665.345952446147 0.0 t_multiswap_k 100 2599.3634691238403 84.19718169830671 70.0924043276061 25.438980844133898 50.687038431084126 55.83986748599838 80.94316076224509 61.95529384826134
1.0113146150316783 2256.9020641425673 0.0 1.1428942197187055 2657.092926844235 0.0 move_t 100 2601.386380672455 84.19718169830671 70.42148028433004 25.438980844133898 50.687038431084126 55.83986748599838 80.94316076224509 61.95529384826134
1.0113146150316783 2256.9020641425673 0.0 1.139440409120735 2636.7284374185692 0.0 t_swap_k 100 2605.8726530075073 84.19718169830671 70.42148028433004 26.21459103569256 50.687038431084126 55.83986748599838 80.94316076224509 61.95529384826134
1.0113146150316783 2256.9020641425673 0.0 1.139440409120735 2636.7284374185692 0.0 t_swap_r_k 100 2610.2588970661163 84.19718169830671 70.42148028433004 26.21459103569256 50.687038431084126 55.83986748599838 81.17372915462263 61.95529384826134
1.0113146150316783 2256.9020641425673 0.0 1.1465762983370198 2657.8826393526215 0.0 t_move_k 100 2613.3359792232513 84.39520988132364 70.42148028433004 26.21459103569256 50.687038431084126 55.83986748599838 81.17372915462263 61.95529384826134
1.0113146150316783 2256.9020641425673 0.0 1.191355688574598 2790.63025283963 0.0 t_swap_k 100 2616.8855199813843 84.39520988132364 70.42148028433004 26.982445125335634 50.687038431084126 55.83986748599838 81.17372915462263 61.95529384826134
1.0113146150316783 2256.9020641425673 0.0 1.1764999169999526 2746.590612894123 0.0 f_swap_t 100 2620.817923307419 84.39520988132364 70.42148028433004 26.982445125335634 51.18016804677328 55.83986748599838 81.17372915462263 61.95529384826134
1.0113146150316783 2256.9020641425673 0.0 1.171973962538666 2733.173510733976 0.0 t_move_k 100 2624.115996360779 84.6112577825104 70.42148028433004 26.982445125335634 51.18016804677328 55.83986748599838 81.17372915462263 61.95529384826134
1.0113146150316783 2256.9020641425673 0.0 1.1846266816129418 2741.029586891815 0.0 move_t 100 2626.9261662960052 84.6112577825104 70.73726548148674 26.982445125335634 51.18016804677328 55.83986748599838 81.17372915462263 61.95529384826134
1.0113146150316783 2256.9020641425673 0.0 1.1743846539691662 2740.319957627394 0.0 t_move_k 100 2629.4915719032288 84.8251452046853 70.73726548148674 26.982445125335634 51.18016804677328 55.83986748599838 81.17372915462263 61.95529384826134
1.0113146150316783 2256.9020641425673 0.0 1.1734775323057396 2737.6308134625583 0.0 t_multiswap_k 100 2631.6067519187927 84.8251452046853 70.73726548148674 26.982445125335634 51.18016804677328 55.83986748599838 81.17372915462263 62.33574090977873
1.0113146150316783 2256.9020641425673 0.0 1.168042847794048 2721.519799106306 0.0 f_swap_t 100 2636.65469956398 84.8251452046853 70.73726548148674 26.982445125335634 51.69836636630555 55.83986748599838 81.17372915462263 62.33574090977873
1.0113146150316783 2256.9020641425673 0.0 1.19106165563512 2789.7585980271106 0.0 f_swap_t 100 2641.433102607727 84.8251452046853 70.73726548148674 26.982445125335634 52.19138270264249 55.83986748599838 81.17372915462263 62.33574090977873
1.0113146150316783 2256.9020641425673 0.0 1.19106165563512 2789.7585980271106 0.0 t_swap_r_k 100 2646.525820016861 84.8251452046853 70.73726548148674 26.982445125335634 52.19138270264249 55.83986748599838 81.4019918630764 62.33574090977873
1.0113146150316783 2256.9020641425673 0.0 1.19106165563512 2789.7585980271106 0.0 t_multiswap_k 100 2648.3106994628906 84.8251452046853 70.73726548148674 26.982445125335634 52.19138270264249 55.83986748599838 81.4019918630764 62.71238350068094
1.0113146150316783 2256.9020641425673 0.0 1.1883055934151072 2781.588306283804 0.0 move_t 100 2652.564885854721 84.8251452046853 71.05989282667187 26.982445125335634 52.19138270264249 55.83986748599838 81.4019918630764 62.71238350068094
1.0113146150316783 2256.9020641425673 0.0 1.1876123867863164 2779.5333089929263 0.0 t_move_k 100 2656.0911581516266 84.97689375263845 71.05989282667187 26.982445125335634 52.19138270264249 55.83986748599838 81.4019918630764 62.71238350068094
1.0113146150316783 2256.9020641425673 0.0 1.1819878336629204 2762.8594329061743 0.0 t_multiswap_k 100 2657.1465380191803 84.97689375263845 71.05989282667187 26.982445125335634 52.19138270264249 55.83986748599838 81.4019918630764 63.11525966567413
1.0113146150316783 2256.9020641425673 0.0 1.1774345594493683 2749.3613418827335 0.0 swap_t 100 2660.436814546585 84.97689375263845 71.05989282667187 26.982445125335634 52.19138270264249 56.281468811138396 81.4019918630764 63.11525966567413
1.0113146150316783 2256.9020641425673 0.0 1.1896347686456117 2785.5286198704644 0.0 t_move_k 100 2664.821799516678 85.25712481511206 71.05989282667187 26.982445125335634 52.19138270264249 56.281468811138396 81.4019918630764 63.11525966567413
1.0113146150316783 2256.9020641425673 0.0 1.1823857309131494 2764.038991406205 0.0 t_swap_r_k 100 2668.9261436462402 85.25712481511206 71.05989282667187 26.982445125335634 52.19138270264249 56.281468811138396 81.62797194444563 63.11525966567413
1.0113146150316783 2256.9020641425673 0.0 1.1888272190479114 2783.1346551179668 0.0 t_swap_k 100 2674.13698887825 85.25712481511206 71.05989282667187 27.842620674082276 52.19138270264249 56.281468811138396 81.62797194444563 63.11525966567413
1.0113146150316783 2256.9020641425673 0.0 1.184520001039949 2770.365992831774 0.0 f_swap_t 100 2679.66450881958 85.25712481511206 71.05989282667187 27.842620674082276 52.66946887561607 56.281468811138396 81.62797194444563 63.11525966567413
1.0113146150316783 2256.9020641425673 0.0 1.165318244819177 2713.4427676707546 0.0 t_move_k 100 2682.4335792064667 85.55455356696095 71.05989282667187 27.842620674082276 52.66946887561607 56.281468811138396 81.62797194444563 63.11525966567413
1.0113146150316783 2256.9020641425673 0.0 1.1594727269638319 2696.113846022296 0.0 t_multiswap_k 100 2684.0291862487793 85.55455356696095 71.05989282667187 27.842620674082276 52.66946887561607 56.281468811138396 81.62797194444563 63.48410706901739
1.0113146150316783 2256.9020641425673 0.0 1.1592848352633602 2695.5568448059043 0.0 swap_t 100 2688.3670675754547 85.55455356696095 71.05989282667187 27.842620674082276 52.66946887561607 56.718654123027015 81.62797194444563 63.48410706901739
1.0113146150316783 2256.9020641425673 0.0 1.1878927117017244 2798.892327577501 0.025 t_swap_k 100 2694.540482521057 85.55455356696095 71.05989282667187 28.624194467341454 52.66946887561607 56.718654123027015 81.62797194444563 63.48410706901739
1.0113146150316783 2256.9020641425673 0.0 1.178236113133801 2768.2068660358623 0.02222222222222222 move_t 100 2699.20441532135 85.55455356696095 71.46929389840516 28.624194467341454 52.66946887561607 56.718654123027015 81.62797194444563 63.48410706901739
1.0113146150316783 2256.9020641425673 0.0 1.1706139343828503 2729.1417342626614 0.0 t_swap_r_k 100 2703.115827322006 85.55455356696095 71.46929389840516 28.624194467341454 52.66946887561607 56.718654123027015 81.85169222500117 63.48410706901739
1.0113146150316783 2256.9020641425673 0.0 1.1639676356539557 2709.438913610091 0.0 t_move_k 100 2706.9877660274506 85.75900803129134 71.46929389840516 28.624194467341454 52.66946887561607 56.718654123027015 81.85169222500117 63.48410706901739
1.0113146150316783 2256.9020641425673 0.0 1.1646397074202148 2729.9592579578252 0.025 t_multiswap_k 100 2708.4346992969513 85.75900803129134 71.46929389840516 28.624194467341454 52.66946887561607 56.718654123027015 81.85169222500117 63.88926599832722
1.0113146150316783 2256.9020641425673 0.0 1.1622120976484709 2704.234656040315 0.0 f_swap_t 100 2711.4116485118866 85.75900803129134 71.46929389840516 28.624194467341454 53.14277418685991 56.718654123027015 81.85169222500117 63.88926599832722
1.0113146150316783 2256.9020641425673 0.0 1.1511113266641488 2692.5014990220056 0.02857142857142857 t_move_k 100 2714.9900557994843 85.96141795097843 71.46929389840516 28.624194467341454 53.14277418685991 56.718654123027015 81.85169222500117 63.88926599832722
1.0113146150316783 2256.9020641425673 0.0 1.171465546136307 2752.841178615327 0.02857142857142857 move_t 100 2718.172442674637 85.96141795097843 71.7646009594211 28.624194467341454 53.14277418685991 56.718654123027015 81.85169222500117 63.88926599832722
1.0113146150316783 2256.9020641425673 0.0 1.171465546136307 2752.841178615327 0.02857142857142857 t_swap_r_k 100 2721.443925142288 85.96141795097843 71.7646009594211 28.624194467341454 53.14277418685991 56.718654123027015 82.07317530275117 63.88926599832722
1.0113146150316783 2256.9020641425673 0.0 1.157031510208796 2713.580908659961 0.03333333333333333 t_move_k 100 2723.3086318969727 86.16180377146864 71.7646009594211 28.624194467341454 53.14277418685991 56.718654123027015 82.07317530275117 63.88926599832722
1.0113146150316783 2256.9020641425673 0.0 1.1559784330076026 2706.9299391649615 0.02857142857142857 f_swap_t 100 2727.905301809311 86.16180377146864 71.7646009594211 28.624194467341454 53.61134644499131 56.718654123027015 82.07317530275117 63.88926599832722
1.0113146150316783 2256.9020641425673 0.0 1.1571466201936533 2713.922149925134 0.03333333333333333 t_move_k 100 2731.4932222366333 86.40018573375396 71.7646009594211 28.624194467341454 53.61134644499131 56.718654123027015 82.07317530275117 63.88926599832722
1.0113146150316783 2256.9020641425673 0.0 1.1571466201936533 2713.922149925134 0.03333333333333333 swap_t 100 2734.1815872192383 86.40018573375396 71.7646009594211 28.624194467341454 53.61134644499131 57.151467581796744 82.07317530275117 63.88926599832722
1.0113146150316783 2256.9020641425673 0.0 1.1571466201936533 2713.922149925134 0.03333333333333333 t_swap_r_k 100 2736.706778526306 86.40018573375396 71.7646009594211 28.624194467341454 53.61134644499131 57.151467581796744 82.29244354972366 63.88926599832722
1.0113146150316783 2256.9020641425673 0.0 1.1571466201936533 2713.922149925134 0.03333333333333333 t_swap_r_k 100 2740.71039891243 86.40018573375396 71.7646009594211 28.624194467341454 53.61134644499131 57.151467581796744 82.50951911422642 63.88926599832722
1.0113146150316783 2256.9020641425673 0.0 1.1571466201936533 2713.922149925134 0.03333333333333333 t_multiswap_k 100 2742.678690671921 86.40018573375396 71.7646009594211 28.624194467341454 53.61134644499131 57.151467581796744 82.50951911422642 64.25037333834395
1.0113146150316783 2256.9020641425673 0.0 1.1566298955505423 2712.3903299776316 0.03333333333333333 move_t 100 2746.48557639122 86.40018573375396 72.07695494982688 28.624194467341454 53.61134644499131 57.151467581796744 82.50951911422642 64.25037333834395
1.0113146150316783 2256.9020641425673 0.0 1.153915349090373 2700.8139678446146 0.02857142857142857 move_t 100 2749.551811695099 86.40018573375396 72.35618540032861 28.624194467341454 53.61134644499131 57.151467581796744 82.50951911422642 64.25037333834395
1.0113146150316783 2256.9020641425673 0.0 1.1491080893228975 2686.5629416881893 0.02857142857142857 t_swap_k 100 2754.0411534309387 86.40018573375396 72.35618540032861 29.39795252266804 53.61134644499131 57.151467581796744 82.50951911422642 64.25037333834395
1.0113146150316783 2256.9020641425673 0.0 1.149040184143427 2686.361638131569 0.02857142857142857 swap_t 100 2756.574523448944 86.40018573375396 72.35618540032861 29.39795252266804 53.61134644499131 57.57995290597878 82.50951911422642 64.25037333834395
1.0113146150316783 2256.9020641425673 0.0 1.1754491522611676 2801.6357068410175 0.02 swap_t 100 2760.0471062660217 86.40018573375396 72.35618540032861 29.39795252266804 53.61134644499131 58.04415337691899 82.50951911422642 64.25037333834395
1.0113146150316783 2256.9020641425673 0.0 1.155657463026734 2705.9784300279402 0.02857142857142857 f_swap_t 100 2764.4050698280334 86.40018573375396 72.35618540032861 29.39795252266804 54.0752329805414 58.04415337691899 82.50951911422642 64.25037333834395
1.0113146150316783 2256.9020641425673 0.0 1.1597985185787505 2718.2545070118117 0.02857142857142857 t_move_k 100 2767.970054626465 86.57618387641642 72.35618540032861 29.39795252266804 54.0752329805414 58.04415337691899 82.50951911422642 64.25037333834395
1.0113146150316783 2256.9020641425673 0.0 1.1447208415499304 2673.5570327522337 0.02857142857142857 t_multiswap_k 100 2769.2392377853394 86.57618387641642 72.35618540032861 29.39795252266804 54.0752329805414 58.04415337691899 82.50951911422642 64.63786960496051
1.0113146150316783 2256.9020641425673 0.0 1.141246840786362 2663.2584264476586 0.02857142857142857 t_swap_r_k 100 2771.4917652606964 86.57618387641642 72.35618540032861 29.39795252266804 54.0752329805414 58.04415337691899 82.72442392308416 64.63786960496051
1.0113146150316783 2256.9020641425673 0.0 1.141246840786362 2663.2584264476586 0.02857142857142857 t_swap_k 100 2776.105076789856 86.57618387641642 72.35618540032861 30.103972997441357 54.0752329805414 58.04415337691899 82.72442392308416 64.63786960496051
1.0113146150316783 2256.9020641425673 0.0 1.141246840786362 2663.2584264476586 0.02857142857142857 t_move_k 100 2779.203357219696 86.71042203765226 72.35618540032861 30.103972997441357 54.0752329805414 58.04415337691899 82.72442392308416 64.63786960496051
1.0113146150316783 2256.9020641425673 0.0 1.141246840786362 2663.2584264476586 0.02857142857142857 move_t 100 2781.7129321098328 86.71042203765226 72.63262354632532 30.103972997441357 54.0752329805414 58.04415337691899 82.72442392308416 64.63786960496051
1.0113146150316783 2256.9020641425673 0.0 1.141246840786362 2663.2584264476586 0.02857142857142857 swap_t 100 2786.722100496292 86.71042203765226 72.63262354632532 30.103972997441357 54.0752329805414 58.4637118431498 82.72442392308416 64.63786960496051
1.0113146150316783 2256.9020641425673 0.0 1.1687425205003787 2723.0778992247124 0.0 move_t 100 2788.9255735874176 86.71042203765226 72.94629731086206 30.103972997441357 54.0752329805414 58.4637118431498 82.72442392308416 64.63786960496051
1.0113146150316783 2256.9020641425673 0.0 1.1572794696559714 2710.786836483432 0.02857142857142857 t_multiswap_k 100 2790.870273590088 86.71042203765226 72.94629731086206 30.103972997441357 54.0752329805414 58.4637118431498 82.72442392308416 65.0214909089109
1.0113146150316783 2256.9020641425673 0.0 1.1537733910693462 2700.3931361091513 0.02857142857142857 f_swap_t 100 2796.2577435970306 86.71042203765226 72.94629731086206 30.103972997441357 54.56448065073599 58.4637118431498 82.72442392308416 65.0214909089109
1.0113146150316783 2256.9020641425673 0.0 1.1537733910693462 2700.3931361091513 0.02857142857142857 f_swap_t 100 2801.36274600029 86.71042203765226 72.94629731086206 30.103972997441357 55.018835844228626 58.4637118431498 82.72442392308416 65.0214909089109
1.0113146150316783 2256.9020641425673 0.0 1.1709521223580237 2751.3191440160845 0.02857142857142857 t_move_k 100 2804.014494895935 86.88331781727574 72.94629731086206 30.103972997441357 55.018835844228626 58.4637118431498 82.72442392308416 65.0214909089109
1.0113146150316783 2256.9020641425673 0.0 1.1709521223580237 2751.3191440160845 0.02857142857142857 t_swap_r_k 100 2807.8604362010956 86.88331781727574 72.94629731086206 30.103972997441357 55.018835844228626 58.4637118431498 82.93717968385332 65.0214909089109
1.0113146150316783 2256.9020641425673 0.0 1.1676101214204213 2741.4118485753847 0.02857142857142857 move_t 100 2810.8627750873566 86.88331781727574 73.24683433775344 30.103972997441357 55.018835844228626 58.4637118431498 82.93717968385332 65.0214909089109
1.0113146150316783 2256.9020641425673 0.0 1.1676101214204213 2741.4118485753847 0.02857142857142857 swap_t 100 2815.477200269699 86.88331781727574 73.24683433775344 30.103972997441357 55.018835844228626 58.87907472471831 82.93717968385332 65.0214909089109
1.0113146150316783 2256.9020641425673 0.0 1.2148722352186607 2878.8725894990753 0.025 t_swap_k 100 2818.6481635570526 86.88331781727574 73.24683433775344 30.872933267466944 55.018835844228626 58.87907472471831 82.93717968385332 65.0214909089109
1.0113146150316783 2256.9020641425673 0.0 1.2119739316939473 2851.7526252941725 0.0 f_swap_t 100 2823.7103707790375 86.88331781727574 73.24683433775344 30.872933267466944 55.46864748578634 58.87907472471831 82.93717968385332 65.0214909089109
1.0113146150316783 2256.9020641425673 0.0 1.211882909275494 2851.482791141465 0.0 f_swap_t 100 2827.876911878586 86.88331781727574 73.24683433775344 30.872933267466944 55.943961010928476 58.87907472471831 82.93717968385332 65.0214909089109
1.0113146150316783 2256.9020641425673 0.0 1.1908741144910617 2789.2026360282475 0.0 t_move_k 100 2830.223575592041 87.07448463910298 73.24683433775344 30.872933267466944 55.943961010928476 58.87907472471831 82.93717968385332 65.0214909089109
1.0113146150316783 2256.9020641425673 0.0 1.188838590518173 2783.1683656158334 0.0 t_swap_r_k 100 2834.5712809562683 87.07448463910298 73.24683433775344 30.872933267466944 55.943961010928476 58.87907472471831 83.14780788701478 65.0214909089109
1.0113146150316783 2256.9020641425673 0.0 1.1881329218176861 2781.076424760786 0.0 f_swap_t 100 2840.5744576454163 87.07448463910298 73.24683433775344 30.872933267466944 56.41452140081919 58.87907472471831 83.14780788701478 65.0214909089109
1.0113146150316783 2256.9020641425673 0.0 1.1834530589941104 2767.2030643157177 0.0 t_multiswap_k 100 2842.7218837738037 87.07448463910298 73.24683433775344 30.872933267466944 56.41452140081919 58.87907472471831 83.14780788701478 65.40127599982179
1.0113146150316783 2256.9020641425673 0.0 1.1834530589941104 2767.2030643157177 0.0 t_swap_r_k 100 2847.0603489875793 87.07448463910298 73.24683433775344 30.872933267466944 56.41452140081919 58.87907472471831 83.35632980814464 65.40127599982179
1.0113146150316783 2256.9020641425673 0.0 1.1646387278699455 2711.428353163191 0.0 t_move_k 100 2849.0372035503387 87.29373979271195 73.24683433775344 30.872933267466944 56.41452140081919 58.87907472471831 83.35632980814464 65.40127599982179
1.0113146150316783 2256.9020641425673 0.0 1.1604583332018639 2699.0356561506273 0.0 t_swap_r_k 100 2852.4438858032227 87.29373979271195 73.24683433775344 30.872933267466944 56.41452140081919 58.87907472471831 83.56276651006318 65.40127599982179
1.0113146150316783 2256.9020641425673 0.0 1.1604583332018639 2699.0356561506273 0.0 swap_t 100 2854.838718652725 87.29373979271195 73.24683433775344 30.872933267466944 56.41452140081919 59.29028397747113 83.56276651006318 65.40127599982179
1.0113146150316783 2256.9020641425673 0.0 1.1604583332018639 2699.0356561506273 0.0 f_swap_t 100 2860.097110271454 87.29373979271195 73.24683433775344 30.872933267466944 56.850376186811 59.29028397747113 83.56276651006318 65.40127599982179
1.0113146150316783 2256.9020641425673 0.0 1.1604583332018639 2699.0356561506273 0.0 swap_t 100 2863.685198068619 87.29373979271195 73.24683433775344 30.872933267466944 56.850376186811 59.69738113769642 83.56276651006318 65.40127599982179
1.0113146150316783 2256.9020641425673 0.0 1.1604583332018639 2699.0356561506273 0.0 t_swap_r_k 100 2867.936097383499 87.29373979271195 73.24683433775344 30.872933267466944 56.850376186811 59.69738113769642 83.76713884496256 65.40127599982179
1.0113146150316783 2256.9020641425673 0.0 1.1604583332018639 2699.0356561506273 0.0 t_swap_r_k 100 2871.279269695282 87.29373979271195 73.24683433775344 30.872933267466944 56.850376186811 59.69738113769642 83.96946745651293 65.40127599982179
1.0113146150316783 2256.9020641425673 0.0 1.1452179189599827 2653.8557506532684 0.0 t_multiswap_k 100 2873.3844079971313 87.29373979271195 73.24683433775344 30.872933267466944 56.850376186811 59.69738113769642 83.96946745651293 65.83726323982357
1.0113146150316783 2256.9020641425673 0.0 1.1452179189599827 2653.8557506532684 0.0 t_swap_r_k 100 2877.6299393177032 87.29373979271195 73.24683433775344 30.872933267466944 56.850376186811 59.69738113769642 84.1697727819478 65.83726323982357
1.0113146150316783 2256.9020641425673 0.0 1.1452179189599827 2653.8557506532684 0.0 move_t 100 2880.9084792137146 87.29373979271195 73.51436599437591 30.872933267466944 56.850376186811 59.69738113769642 84.1697727819478 65.83726323982357
1.0113146150316783 2256.9020641425673 0.0 1.1452179189599827 2653.8557506532684 0.0 t_swap_r_k 100 2885.182499885559 87.29373979271195 73.51436599437591 30.872933267466944 56.850376186811 59.69738113769642 84.36807505412833 65.83726323982357
1.0113146150316783 2256.9020641425673 0.0 1.1326850424246662 2616.7022869423126 0.0 t_swap_k 100 2890.1671946048737 87.29373979271195 73.51436599437591 31.624203934792273 56.850376186811 59.69738113769642 84.36807505412833 65.83726323982357
1.0113146150316783 2256.9020641425673 0.0 1.1326850424246662 2616.7022869423126 0.0 t_swap_r_k 100 2893.8505761623383 87.29373979271195 73.51436599437591 31.624203934792273 56.850376186811 59.69738113769642 84.56439430358704 65.83726323982357
1.0113146150316783 2256.9020641425673 0.0 1.1326850424246662 2616.7022869423126 0.0 t_move_k 100 2896.420525074005 87.42080239478483 73.51436599437591 31.624203934792273 56.850376186811 59.69738113769642 84.56439430358704 65.83726323982357
1.0113146150316783 2256.9020641425673 0.0 1.1326850424246662 2616.7022869423126 0.0 swap_t 100 2899.5506451129913 87.42080239478483 73.51436599437591 31.624203934792273 56.850376186811 60.100407326319456 84.56439430358704 65.83726323982357
1.0113146150316783 2256.9020641425673 0.0 1.2085347237601494 2841.557161642813 0.0 move_t 100 2901.11536860466 87.42080239478483 73.85922233443215 31.624203934792273 56.850376186811 60.100407326319456 84.56439430358704 65.83726323982357
1.0113146150316783 2256.9020641425673 0.0 1.178304944832079 2751.941582072603 0.0 move_t 100 2905.873082637787 87.42080239478483 74.33063011108783 31.624203934792273 56.850376186811 60.100407326319456 84.56439430358704 65.83726323982357
1.0113146150316783 2256.9020641425673 0.0 1.1704318194280239 2728.601858094066 0.0 t_swap_r_k 100 2909.68683052063 87.42080239478483 74.33063011108783 31.624203934792273 56.850376186811 60.100407326319456 84.75875036055116 65.83726323982357
1.0113146150316783 2256.9020641425673 0.0 1.20295512466978 2872.539017558732 0.0 move_t 100 2914.1281213760376 87.42080239478483 74.65732380997694 31.624203934792273 56.850376186811 60.100407326319456 84.75875036055116 65.83726323982357
1.0113146150316783 2256.9020641425673 0.0 1.18265016359359 2764.8228968383737 0.0 t_move_k 100 2917.515068769455 87.63659437083697 74.65732380997694 31.624203934792273 56.850376186811 60.100407326319456 84.75875036055116 65.83726323982357
1.0113146150316783 2256.9020641425673 0.0 1.18265016359359 2764.8228968383737 0.0 move_t 100 2920.697675228119 87.63659437083697 74.91075057187717 31.624203934792273 56.850376186811 60.100407326319456 84.75875036055116 65.83726323982357
1.0113146150316783 2256.9020641425673 0.0 1.1651148536495242 2712.83981858564 0.0 t_swap_k 100 2926.0772862434387 87.63659437083697 74.91075057187717 32.48796189544435 56.850376186811 60.100407326319456 84.75875036055116 65.83726323982357
1.0113146150316783 2256.9020641425673 0.0 1.2063399815476799 2858.7313129681825 0.0 swap_t 100 2930.4050555229187 87.63659437083697 74.91075057187717 32.48796189544435 56.850376186811 60.62940325305626 84.75875036055116 65.83726323982357
1.0113146150316783 2256.9020641425673 0.0 1.2005879747195904 2827.9820012353607 0.0 move_t 100 2932.8607676029205 87.63659437083697 75.1716430661584 32.48796189544435 56.850376186811 60.62940325305626 84.75875036055116 65.83726323982357
1.0113146150316783 2256.9020641425673 0.0 1.1978446450522817 2809.866635511735 0.0 move_t 100 2937.5665867328644 87.63659437083697 75.42992663549681 32.48796189544435 56.850376186811 60.62940325305626 84.75875036055116 65.83726323982357
1.0113146150316783 2256.9020641425673 0.0 1.194042415569525 2798.5950016844768 0.0 t_swap_r_k 100 2941.56250667572 87.63659437083697 75.42992663549681 32.48796189544435 56.850376186811 60.62940325305626 84.95116285694564 65.83726323982357
1.0113146150316783 2256.9020641425673 0.0 1.1898820287003835 2786.261617394716 0.0 t_move_k 100 2946.5004971027374 87.8502284271286 75.42992663549681 32.48796189544435 56.850376186811 60.62940325305626 84.95116285694564 65.83726323982357
1.0113146150316783 2256.9020641425673 0.0 1.1825159012482032 2764.4248787805864 0.0 t_swap_k 100 2952.270981311798 87.8502284271286 75.42992663549681 33.16308227648991 56.850376186811 60.62940325305626 84.95116285694564 65.83726323982357
1.0113146150316783 2256.9020641425673 0.0 1.1825159012482032 2764.4248787805864 0.0 f_swap_t 100 2958.0591700077057 87.8502284271286 75.42992663549681 33.16308227648991 57.28187242494289 60.62940325305626 84.95116285694564 65.83726323982357
1.0113146150316783 2256.9020641425673 0.0 1.1547556996003052 2682.1303120362613 0.0 t_swap_k 100 2963.9876070022583 87.8502284271286 75.42992663549681 33.92145145372501 57.28187242494289 60.62940325305626 84.95116285694564 65.83726323982357
1.0113146150316783 2256.9020641425673 0.0 1.1506756619610152 2670.0351214434604 0.0 f_swap_t 100 2968.175647497177 87.8502284271286 75.42992663549681 33.92145145372501 57.70905370069346 60.62940325305626 84.95116285694564 65.83726323982357
1.0113146150316783 2256.9020641425673 0.0 1.16995460785278 2727.1871738519208 0.0 move_t 100 2972.514611005783 87.8502284271286 75.74562736914184 33.92145145372501 57.70905370069346 60.62940325305626 84.95116285694564 65.83726323982357
1.0113146150316783 2256.9020641425673 0.0 1.1640444099064413 2709.666509357613 0.0 t_swap_r_k 100 2976.411463022232 87.8502284271286 75.74562736914184 33.92145145372501 57.70905370069346 60.62940325305626 85.14165122837619 65.83726323982357
1.0113146150316783 2256.9020641425673 0.0 1.1640444099064413 2709.666509357613 0.0 swap_t 100 2981.1523747444153 87.8502284271286 75.74562736914184 33.92145145372501 57.70905370069346 61.0231092205257 85.14165122837619 65.83726323982357
1.0113146150316783 2256.9020641425673 0.0 1.1640444099064413 2709.666509357613 0.0 move_t 100 2985.563870191574 87.8502284271286 75.98817109545043 33.92145145372501 57.70905370069346 61.0231092205257 85.14165122837619 65.83726323982357
1.0113146150316783 2256.9020641425673 0.0 1.1640444099064413 2709.666509357613 0.0 swap_t 100 2989.680085659027 87.8502284271286 75.98817109545043 33.92145145372501 57.70905370069346 61.41287812832044 85.14165122837619 65.83726323982357
1.0113146150316783 2256.9020641425673 0.0 1.1584778497206578 2709.6338863497444 0.02222222222222222 move_t 100 2993.3661897182465 87.8502284271286 76.25828938449592 33.92145145372501 57.70905370069346 61.41287812832044 85.14165122837619 65.83726323982357
1.0113146150316783 2256.9020641425673 0.0 1.1584778497206578 2709.6338863497444 0.02222222222222222 t_swap_r_k 100 2997.1600801944733 87.8502284271286 76.25828938449592 33.92145145372501 57.70905370069346 61.41287812832044 85.33023471609243 65.83726323982357
1.0113146150316783 2256.9020641425673 0.0 1.1561727914914244 2702.8005869846593 0.02222222222222222 t_move_k 100 3001.054490327835 88.06172614285731 76.25828938449592 33.92145145372501 57.70905370069346 61.41287812832044 85.33023471609243 65.83726323982357
1.0113146150316783 2256.9020641425673 0.0 1.1576604386455822 2707.2106874433184 0.02222222222222222 move_t 100 3004.3991973400116 88.06172614285731 76.53570649065097 33.92145145372501 57.70905370069346 61.41287812832044 85.33023471609243 65.83726323982357
1.0113146150316783 2256.9020641425673 0.0 1.1496582008724987 2667.018878243188 0.0 t_swap_k 100 3009.136640548706 88.06172614285731 76.53570649065097 34.67223693918776 57.70905370069346 61.41287812832044 85.33023471609243 65.83726323982357
1.0113146150316783 2256.9020641425673 0.0 1.1446317354537734 2652.1180212848717 0.0 t_swap_r_k 100 3013.4007387161255 88.06172614285731 76.53570649065097 34.67223693918776 57.70905370069346 61.41287812832044 85.5169323689315 65.83726323982357
1.0113146150316783 2256.9020641425673 0.0 1.1422358805566968 2645.0155570002826 0.0 f_swap_t 100 3018.5613334178925 88.06172614285731 76.53570649065097 34.67223693918776 58.13196316368653 61.41287812832044 85.5169323689315 65.83726323982357
1.0113146150316783 2256.9020641425673 0.0 1.138902393747337 2635.133501523753 0.0 move_t 100 3022.654800891876 88.06172614285731 76.83034942574446 34.67223693918776 58.13196316368653 61.41287812832044 85.5169323689315 65.83726323982357
1.0113146150316783 2256.9020641425673 0.0 1.1673726238816595 2719.5329336219957 0.0 t_swap_k 100 3026.8072669506073 88.06172614285731 76.83034942574446 35.40551456979588 58.13196316368653 61.41287812832044 85.5169323689315 65.83726323982357
1.0113146150316783 2256.9020641425673 0.0 1.159973189666387 2697.5974577698203 0.0 t_swap_r_k 100 3031.1428577899933 88.06172614285731 76.83034942574446 35.40551456979588 58.13196316368653 61.41287812832044 85.70176304524219 65.83726323982357
1.0113146150316783 2256.9020641425673 0.0 1.1596070960177598 2696.5121804154355 0.0 f_swap_t 100 3035.1119599342346 88.06172614285731 76.83034942574446 35.40551456979588 58.55064353204966 61.41287812832044 85.70176304524219 65.83726323982357
1.0113146150316783 2256.9020641425673 0.0 1.1596070960177598 2696.5121804154355 0.0 t_swap_r_k 100 3038.770206451416 88.06172614285731 76.83034942574446 35.40551456979588 58.55064353204966 61.41287812832044 85.88474541478976 65.83726323982357
1.0113146150316783 2256.9020641425673 0.0 1.1596070960177598 2696.5121804154355 0.0 f_swap_t 100 3043.0400347709656 88.06172614285731 76.83034942574446 35.40551456979588 58.965137096729165 61.41287812832044 85.88474541478976 65.83726323982357
1.0113146150316783 2256.9020641425673 0.0 1.169680600741575 2726.374885209803 0.0 t_swap_k 100 3047.409249305725 88.06172614285731 76.83034942574446 36.12145942409793 58.965137096729165 61.41287812832044 85.88474541478976 65.83726323982357
1.0113146150316783 2256.9020641425673 0.0 1.166616113913115 2717.290274836992 0.0 f_swap_t 100 3052.3897478580475 88.06172614285731 76.83034942574446 36.12145942409793 59.37548572576188 61.41287812832044 85.88474541478976 65.83726323982357
1.0113146150316783 2256.9020641425673 0.0 1.1833809167925744 2766.9892001912895 0.0 t_swap_k 100 3057.811721086502 88.06172614285731 76.83034942574446 36.83024482985695 59.37548572576188 61.41287812832044 85.88474541478976 65.83726323982357
1.0113146150316783 2256.9020641425673 0.0 1.1687272538830034 2723.5487073715317 0.0 move_t 100 3061.818374633789 88.06172614285731 77.12204593148701 36.83024482985695 59.37548572576188 61.41287812832044 85.88474541478976 65.83726323982357
1.0113146150316783 2256.9020641425673 0.0 1.16321566422438 2707.20970923377 0.0 t_swap_r_k 100 3065.430341720581 88.06172614285731 77.12204593148701 36.83024482985695 59.37548572576188 61.41287812832044 86.06589796064186 65.83726323982357
1.0113146150316783 2256.9020641425673 0.0 1.161627158440554 2702.5006153695067 0.0 t_swap_r_k 100 3069.4991312026978 88.06172614285731 77.12204593148701 36.83024482985695 59.37548572576188 61.41287812832044 86.24523898103544 65.83726323982357
1.0113146150316783 2256.9020641425673 0.0 1.1581894871316052 2692.3097070120107 0.0 swap_t 100 3074.386833667755 88.06172614285731 77.12204593148701 36.83024482985695 59.37548572576188 61.82874934703724 86.24523898103544 65.83726323982357
1.0113146150316783 2256.9020641425673 0.0 1.1562379619260128 2686.5244492778684 0.0 f_swap_t 100 3079.1256778240204 88.06172614285731 77.12204593148701 36.83024482985695 59.811730868504256 61.82874934703724 86.24523898103544 65.83726323982357
1.0113146150316783 2256.9020641425673 0.0 1.1552458700689692 2683.583412660717 0.0 f_swap_t 100 3083.224344730377 88.06172614285731 77.12204593148701 36.83024482985695 60.213613559819215 61.82874934703724 86.24523898103544 65.83726323982357
1.0113146150316783 2256.9020641425673 0.0 1.1552458700689692 2683.583412660717 0.0 t_swap_r_k 100 3085.824860572815 88.06172614285731 77.12204593148701 36.83024482985695 60.213613559819215 61.82874934703724 86.42278659122509 65.83726323982357
1.0113146150316783 2256.9020641425673 0.0 1.1552458700689692 2683.583412660717 0.0 t_swap_r_k 100 3089.4050443172455 88.06172614285731 77.12204593148701 36.83024482985695 60.213613559819215 61.82874934703724 86.59855872531284 65.83726323982357
1.0113146150316783 2256.9020641425673 0.0 1.1385449244769419 2634.0737909674426 0.0 t_move_k 100 3092.637992620468 88.27110888142873 77.12204593148701 36.83024482985695 60.213613559819215 61.82874934703724 86.59855872531284 65.83726323982357
1.0113146150316783 2256.9020641425673 0.0 1.1374479267101856 2630.821762863333 0.0 swap_t 100 3096.6516540050507 88.27110888142873 77.12204593148701 36.83024482985695 60.213613559819215 62.21046185356687 86.59855872531284 65.83726323982357
1.0113146150316783 2256.9020641425673 0.0 1.1374479267101856 2630.821762863333 0.0 t_swap_r_k 100 3100.1294915676117 88.27110888142873 77.12204593148701 36.83024482985695 60.213613559819215 62.21046185356687 86.77257313805971 65.83726323982357
1.0113146150316783 2256.9020641425673 0.0 1.1374479267101856 2630.821762863333 0.0 t_swap_r_k 100 3103.3746094703674 88.27110888142873 77.12204593148701 36.83024482985695 60.213613559819215 62.21046185356687 86.94484740667912 65.83726323982357
1.0113146150316783 2256.9020641425673 0.0 1.1798222995443948 2756.439749997725 0.0 t_multiswap_k 100 3105.7065806388855 88.27110888142873 77.12204593148701 36.83024482985695 60.213613559819215 62.21046185356687 86.94484740667912 66.22889060742534
1.0113146150316783 2256.9020641425673 0.0 1.191840921957875 2792.068717572457 0.0 t_move_k 100 3107.905326604843 88.42839779261445 77.12204593148701 36.83024482985695 60.213613559819215 62.21046185356687 86.94484740667912 66.22889060742534
1.0113146150316783 2256.9020641425673 0.0 1.1832309748844212 2766.5447003809213 0.0 f_swap_t 100 3112.190901994705 88.42839779261445 77.12204593148701 36.83024482985695 60.61147742422102 62.21046185356687 86.94484740667912 66.22889060742534
1.0113146150316783 2256.9020641425673 0.0 1.1832309748844212 2766.5447003809213 0.0 move_t 100 3116.308871269226 88.42839779261445 77.35082547217213 36.83024482985695 60.61147742422102 62.21046185356687 86.94484740667912 66.22889060742534
1.0113146150316783 2256.9020641425673 0.0 1.1832309748844212 2766.5447003809213 0.0 swap_t 100 3121.273421525955 88.42839779261445 77.35082547217213 36.83024482985695 60.61147742422102 62.588357235031204 86.94484740667912 66.22889060742534
1.0113146150316783 2256.9020641425673 0.0 1.180469091907654 2758.3571531197576 0.0 t_move_k 100 3124.2556710243225 88.6041138146883 77.35082547217213 36.83024482985695 60.61147742422102 62.588357235031204 86.94484740667912 66.22889060742534
1.0113146150316783 2256.9020641425673 0.0 1.1740320444264591 2739.274653637349 0.0 f_swap_t 100 3130.036891937256 88.6041138146883 77.35082547217213 36.83024482985695 61.005362649978814 62.588357235031204 86.94484740667912 66.22889060742534
1.0113146150316783 2256.9020641425673 0.0 1.1896488119158608 2785.570250866359 0.0 t_move_k 100 3132.6627316474915 88.79807267654142 77.35082547217213 36.83024482985695 61.005362649978814 62.588357235031204 86.94484740667912 66.22889060742534
1.0113146150316783 2256.9020641425673 0.0 1.184354658538974 2769.875838269687 0.0 t_multiswap_k 100 3135.2105610370636 88.79807267654142 77.35082547217213 36.83024482985695 61.005362649978814 62.588357235031204 86.94484740667912 66.59660170135109
1.0113146150316783 2256.9020641425673 0.0 1.179098693277767 2754.2946335839133 0.0 t_move_k 100 3139.7096495628357 88.940091949776 77.35082547217213 36.83024482985695 61.005362649978814 62.588357235031204 86.94484740667912 66.59660170135109
1.0113146150316783 2256.9020641425673 0.0 1.179098693277767 2754.2946335839133 0.0 swap_t 100 3143.707643032074 88.940091949776 77.35082547217213 36.83024482985695 61.005362649978814 62.96247366268089 86.94484740667912 66.59660170135109
1.0113146150316783 2256.9020641425673 0.0 1.2170322595956655 2866.7479379508495 0.0 t_move_k 100 3146.9165031909943 89.15069103027824 77.35082547217213 36.83024482985695 61.005362649978814 62.96247366268089 86.94484740667912 66.59660170135109
1.0113146150316783 2256.9020641425673 0.0 1.219018688806211 2872.63666791483 0.0 t_multiswap_k 100 3148.0669372081757 89.15069103027824 77.35082547217213 36.83024482985695 61.005362649978814 62.96247366268089 86.94484740667912 67.00063568433758
1.0113146150316783 2256.9020641425673 0.0 1.2014550598235803 2820.569638434404 0.0 t_move_k 100 3150.807285785675 89.34918411997546 77.35082547217213 36.83024482985695 61.005362649978814 62.96247366268089 86.94484740667912 67.00063568433758
1.0113146150316783 2256.9020641425673 0.0 1.2011114521943582 2804.7966979876232 0.0 swap_t 100 3156.0487065315247 89.34918411997546 77.35082547217213 36.83024482985695 61.005362649978814 63.362848926054085 86.94484740667912 67.00063568433758
1.0113146150316783 2256.9020641425673 0.0 1.180392785895732 2758.130945462092 0.0 t_multiswap_k 100 3158.248373746872 89.34918411997546 77.35082547217213 36.83024482985695 61.005362649978814 63.362848926054085 86.94484740667912 67.36062932749421
1.0113146150316783 2256.9020641425673 0.0 1.170528042009252 2728.887108026096 0.0 move_t 100 3161.791360616684 89.34918411997546 77.63731721745042 36.83024482985695 61.005362649978814 63.362848926054085 86.94484740667912 67.36062932749421
1.0113146150316783 2256.9020641425673 0.0 1.1673083478278619 2719.3423885363945 0.0 t_move_k 100 3164.010501384735 89.55569227877571 77.63731721745042 36.83024482985695 61.005362649978814 63.362848926054085 86.94484740667912 67.36062932749421
1.0113146150316783 2256.9020641425673 0.0 1.1593597055165006 2695.778796185162 0.0 t_move_k 100 3168.128935813904 89.75013535598795 77.63731721745042 36.83024482985695 61.005362649978814 63.362848926054085 86.94484740667912 67.36062932749421
1.0113146150316783 2256.9020641425673 0.0 1.155990469817499 2713.1307677827517 0.0 move_t 100 3171.756922483444 89.75013535598795 77.92094404527592 36.83024482985695 61.005362649978814 63.362848926054085 86.94484740667912 67.36062932749421
1.0113146150316783 2256.9020641425673 0.0 1.1456189526710459 2655.0446071291835 0.0 swap_t 100 3177.5073454380035 89.75013535598795 77.92094404527592 36.83024482985695 61.005362649978814 63.72922043679355 86.94484740667912 67.36062932749421
1.0113146150316783 2256.9020641425673 0.0 1.1439745319674968 2650.1697545953148 0.0 t_move_k 100 3181.807393312454 89.85263400242808 77.92094404527592 36.83024482985695 61.005362649978814 63.72922043679355 86.94484740667912 67.36062932749421
1.0113146150316783 2256.9020641425673 0.0 1.1439745319674968 2650.1697545953148 0.0 swap_t 100 3185.7744421958923 89.85263400242808 77.92094404527592 36.83024482985695 61.005362649978814 64.09192823242562 86.94484740667912 67.36062932749421
1.0113146150316783 2256.9020641425673 0.0 1.1439745319674968 2650.1697545953148 0.0 t_swap_r_k 100 3191.062490463257 89.85263400242808 77.92094404527592 36.83024482985695 61.005362649978814 64.09192823242562 87.11539893261232 67.36062932749421
1.0113146150316783 2256.9020641425673 0.0 1.1439745319674968 2650.1697545953148 0.0 swap_t 100 3194.1111500263214 89.85263400242808 77.92094404527592 36.83024482985695 61.005362649978814 64.45100895010135 87.11539893261232 67.36062932749421
1.0113146150316783 2256.9020641425673 0.0 1.1439745319674968 2650.1697545953148 0.0 t_swap_r_k 100 3196.5147483348846 89.85263400242808 77.92094404527592 36.83024482985695 61.005362649978814 64.45100895010135 87.2842449432862 67.36062932749421
1.0113146150316783 2256.9020641425673 0.0 1.1439745319674968 2650.1697545953148 0.0 t_multiswap_k 100 3198.518246412277 89.85263400242808 77.92094404527592 36.83024482985695 61.005362649978814 64.45100895010135 87.2842449432862 67.68702303421927
1.0113146150316783 2256.9020641425673 0.0 1.140516257472198 2639.9177685008576 0.0 t_swap_k 100 3202.944350719452 89.85263400242808 77.92094404527592 37.49194238155838 61.005362649978814 64.45100895010135 87.2842449432862 67.68702303421927
1.0113146150316783 2256.9020641425673 0.0 1.1394893014338145 2636.8733777101793 0.0 t_swap_r_k 100 3206.421855688095 89.85263400242808 77.92094404527592 37.49194238155838 61.005362649978814 64.45100895010135 87.45140249385334 67.68702303421927
1.0113146150316783 2256.9020641425673 0.0 1.1394893014338145 2636.8733777101793 0.0 swap_t 100 3210.9152357578278 89.85263400242808 77.92094404527592 37.49194238155838 61.005362649978814 64.80649886060034 87.45140249385334 67.68702303421927
1.0113146150316783 2256.9020641425673 0.0 1.1394893014338145 2636.8733777101793 0.0 t_swap_r_k 100 3215.0879492759705 89.85263400242808 77.92094404527592 37.49194238155838 61.005362649978814 64.80649886060034 87.61688846891481 67.68702303421927
1.0113146150316783 2256.9020641425673 0.0 1.136754661749597 2628.7665926489994 0.0 t_move_k 100 3217.903053045273 89.9841076624038 77.92094404527592 37.49194238155838 61.005362649978814 64.80649886060034 87.61688846891481 67.68702303421927
1.0113146150316783 2256.9020641425673 0.0 1.1320981975360056 2614.9625969187673 0.0 t_move_k 100 3220.7774283885956 90.14426658577976 77.92094404527592 37.49194238155838 61.005362649978814 64.80649886060034 87.61688846891481 67.68702303421927
1.0113146150316783 2256.9020641425673 0.0 1.130917128596256 2611.4613414911355 0.0 t_move_k 100 3224.2677919864655 90.24282391992196 77.92094404527592 37.49194238155838 61.005362649978814 64.80649886060034 87.61688846891481 67.68702303421927
1.0113146150316783 2256.9020641425673 0.0 1.130917128596256 2611.4613414911355 0.0 t_swap_r_k 100 3228.5524933338165 90.24282391992196 77.92094404527592 37.49194238155838 61.005362649978814 64.80649886060034 87.78071958422566 67.68702303421927
1.0113146150316783 2256.9020641425673 0.0 1.130917128596256 2611.4613414911355 0.0 f_swap_t 100 3231.8641908168793 90.24282391992196 77.92094404527592 37.49194238155838 61.39530902347902 64.80649886060034 87.78071958422566 67.68702303421927
1.0113146150316783 2256.9020641425673 0.0 1.130917128596256 2611.4613414911355 0.0 t_multiswap_k 100 3234.181442260742 90.24282391992196 77.92094404527592 37.49194238155838 61.39530902347902 64.80649886060034 87.78071958422566 68.01015280387708
1.0113146150316783 2256.9020641425673 0.0 1.130917128596256 2611.4613414911355 0.0 swap_t 100 3238.489589691162 90.24282391992196 77.92094404527592 37.49194238155838 61.39530902347902 65.15843387199433 87.78071958422566 68.01015280387708
1.0113146150316783 2256.9020641425673 0.0 1.130917128596256 2611.4613414911355 0.0 t_swap_r_k 100 3242.5008602142334 90.24282391992196 77.92094404527592 37.49194238155838 61.39530902347902 65.15843387199433 87.9429123883834 68.01015280387708
1.0113146150316783 2256.9020641425673 0.0 1.130917128596256 2611.4613414911355 0.0 swap_t 100 3246.0344524383545 90.24282391992196 77.92094404527592 37.49194238155838 61.39530902347902 65.50684953327439 87.9429123883834 68.01015280387708
1.0113146150316783 2256.9020641425673 0.0 1.130917128596256 2611.4613414911355 0.0 f_swap_t 100 3250.2710041999817 90.24282391992196 77.92094404527592 37.49194238155838 61.781355933244235 65.50684953327439 87.9429123883834 68.01015280387708
1.0113146150316783 2256.9020641425673 0.0 1.130917128596256 2611.4613414911355 0.0 move_t 100 3253.65700006485 90.24282391992196 78.14173460482316 37.49194238155838 61.781355933244235 65.50684953327439 87.9429123883834 68.01015280387708
1.0113146150316783 2256.9020641425673 0.0 1.130917128596256 2611.4613414911355 0.0 swap_t 100 3258.1431193351746 90.24282391992196 78.14173460482316 37.49194238155838 61.781355933244235 65.85178103794165 87.9429123883834 68.01015280387708
1.0113146150316783 2256.9020641425673 0.0 1.130917128596256 2611.4613414911355 0.0 f_swap_t 100 3261.780483484268 90.24282391992196 78.14173460482316 37.49194238155838 62.163542373911795 65.85178103794165 87.9429123883834 68.01015280387708
1.0113146150316783 2256.9020641425673 0.0 1.1436622864806065 2649.2441090475113 0.0 move_t 100 3266.3031640052795 90.24282391992196 78.43031725877492 37.49194238155838 62.163542373911795 65.85178103794165 87.9429123883834 68.01015280387708
1.0113146150316783 2256.9020641425673 0.0 1.142566591553798 2645.995943186565 0.0 swap_t 100 3270.67835855484 90.24282391992196 78.43031725877492 37.49194238155838 62.163542373911795 66.19326322756223 87.9429123883834 68.01015280387708
1.0113146150316783 2256.9020641425673 0.0 1.1516199876114435 2657.7811018064785 0.0 move_t 100 3274.041928052902 90.24282391992196 78.65601408618717 37.49194238155838 62.163542373911795 66.19326322756223 87.9429123883834 68.01015280387708
1.0113146150316783 2256.9020641425673 0.0 1.1448892957243586 2652.8815535944423 0.0 swap_t 100 3279.1977622509003 90.24282391992196 78.65601408618717 37.49194238155838 62.163542373911795 66.5313305952866 87.9429123883834 68.01015280387708
1.0113146150316783 2256.9020641425673 0.0 1.1444863606691749 2651.6870606216235 0.0 f_swap_t 100 3283.0734210014343 90.24282391992196 78.65601408618717 37.49194238155838 62.541906950172674 66.5313305952866 87.9429123883834 68.01015280387708
1.0113146150316783 2256.9020641425673 0.0 1.1444863606691749 2651.6870606216235 0.0 f_swap_t 100 3284.6384930610657 90.24282391992196 78.65601408618717 37.49194238155838 62.91648788067095 66.5313305952866 87.9429123883834 68.01015280387708
1.0113146150316783 2256.9020641425673 0.0 1.1444863606691749 2651.6870606216235 0.0 swap_t 100 3288.801333665848 90.24282391992196 78.65601408618717 37.49194238155838 62.91648788067095 66.86601728933374 87.9429123883834 68.01015280387708
1.0113146150316783 2256.9020641425673 0.0 1.1444863606691749 2651.6870606216235 0.0 f_swap_t 100 3292.4611461162567 90.24282391992196 78.65601408618717 37.49194238155838 63.28732300186424 66.86601728933374 87.9429123883834 68.01015280387708
1.0113146150316783 2256.9020641425673 0.0 1.1444863606691749 2651.6870606216235 0.0 t_swap_r_k 100 3296.2361500263214 90.24282391992196 78.65601408618717 37.49194238155838 63.28732300186424 66.86601728933374 88.10348326449957 68.01015280387708
1.0113146150316783 2256.9020641425673 0.0 1.1444863606691749 2651.6870606216235 0.0 t_multiswap_k 100 3297.9129767417908 90.24282391992196 78.65601408618717 37.49194238155838 63.28732300186424 66.86601728933374 88.10348326449957 68.3300512758383
1.0113146150316783 2256.9020641425673 0.0 1.1625823527523595 2675.0700140231497 0.0 move_t 100 3302.139757156372 90.24282391992196 78.8794539453253 37.49194238155838 63.28732300186424 66.86601728933374 88.10348326449957 68.3300512758383
1.0113146150316783 2256.9020641425673 0.0 1.1533355426312608 2677.9202848916893 0.0 swap_t 100 3306.049474477768 90.24282391992196 78.8794539453253 37.49194238155838 63.28732300186424 67.1973571164404 88.10348326449957 68.3300512758383
1.0113146150316783 2256.9020641425673 0.0 1.1530685803781653 2677.1288805915965 0.0 t_swap_r_k 100 3310.2203781604767 90.24282391992196 78.8794539453253 37.49194238155838 63.28732300186424 67.1973571164404 88.26244843185458 68.3300512758383
1.0113146150316783 2256.9020641425673 0.0 1.1523082595237688 2691.344258677625 0.02222222222222222 t_swap_k 100 3314.5802631378174 90.24282391992196 78.8794539453253 38.1470229577428 63.28732300186424 67.1973571164404 88.26244843185458 68.3300512758383
1.0113146150316783 2256.9020641425673 0.0 1.1523082595237688 2691.344258677625 0.02222222222222222 t_swap_r_k 100 3318.923467874527 90.24282391992196 78.8794539453253 38.1470229577428 63.28732300186424 67.1973571164404 88.41982394753603 68.3300512758383
1.0113146150316783 2256.9020641425673 0.0 1.188616292341256 2782.5093670829883 0.0 t_multiswap_k 100 3320.7016916275024 90.24282391992196 78.8794539453253 38.1470229577428 63.28732300186424 67.1973571164404 88.41982394753603 68.71675076307992
1.0113146150316783 2256.9020641425673 0.0 1.16811417952557 2721.7312606084665 0.0 t_multiswap_k 100 3323.273697376251 90.24282391992196 78.8794539453253 38.1470229577428 63.28732300186424 67.1973571164404 88.41982394753603 69.05958325544911
1.0113146150316783 2256.9020641425673 0.0 1.1667409296524958 2717.66028861879 0.0 f_swap_t 100 3327.296837091446 90.24282391992196 78.8794539453253 38.1470229577428 63.65444977184559 67.1973571164404 88.41982394753603 69.05958325544911
1.0113146150316783 2256.9020641425673 0.0 1.159924230214513 2697.4523184465866 0.0 t_multiswap_k 100 3328.6846318244934 90.24282391992196 78.8794539453253 38.1470229577428 63.65444977184559 67.1973571164404 88.41982394753603 69.42898742289462
1.0113146150316783 2256.9020641425673 0.0 1.1506695424622837 2670.016980310943 0.0 move_t 100 3331.820372581482 90.24282391992196 79.15065940587205 38.1470229577428 63.65444977184559 67.1973571164404 88.41982394753603 69.42898742289462
1.0113146150316783 2256.9020641425673 0.0 1.1670506248637074 2718.5783739249673 0.0 t_multiswap_k 100 3332.754331111908 90.24282391992196 79.15065940587205 38.1470229577428 63.65444977184559 67.1973571164404 88.41982394753603 69.74469754866567
1.0113146150316783 2256.9020641425673 0.0 1.1657509383380493 2714.725479018472 0.0 f_swap_t 100 3338.398418903351 90.24282391992196 79.15065940587205 38.1470229577428 64.01790527412713 67.1973571164404 88.41982394753603 69.74469754866567
1.0113146150316783 2256.9020641425673 0.0 1.1657509383380493 2714.725479018472 0.0 t_multiswap_k 100 3340.986047267914 90.24282391992196 79.15065940587205 38.1470229577428 64.01790527412713 67.1973571164404 88.41982394753603 70.04725057317901
1.0113146150316783 2256.9020641425673 0.0 1.1573260335148583 2706.219350071239 0.02222222222222222 t_multiswap_k 100 3343.798332929611 90.24282391992196 79.15065940587205 38.1470229577428 64.01790527412713 67.1973571164404 88.41982394753603 70.50677806744723
1.0113146150316783 2256.9020641425673 0.0 1.1456742833369202 2671.6779679563456 0.02222222222222222 f_swap_t 100 3348.331216096878 90.24282391992196 79.15065940587205 38.1470229577428 64.37772622138586 67.1973571164404 88.41982394753603 70.50677806744723
1.0113146150316783 2256.9020641425673 0.0 1.1454073210838245 2670.8865636562527 0.02222222222222222 f_swap_t 100 3352.8902118206024 90.24282391992196 79.15065940587205 38.1470229577428 64.733948959172 67.1973571164404 88.41982394753603 70.50677806744723
1.0113146150316783 2256.9020641425673 0.0 1.1454073210838245 2670.8865636562527 0.02222222222222222 t_multiswap_k 100 3354.2905147075653 90.24282391992196 79.15065940587205 38.1470229577428 64.733948959172 67.1973571164404 88.41982394753603 70.80171028677276
1.0113146150316783 2256.9020641425673 0.0 1.1416890174422296 2659.863726319188 0.02222222222222222 move_t 100 3358.59073138237 90.24282391992196 79.38915281181333 38.1470229577428 64.733948959172 67.1973571164404 88.41982394753603 70.80171028677276
1.0113146150316783 2256.9020641425673 0.0 1.1385637041256191 2650.598797029663 0.02222222222222222 t_multiswap_k 100 3360.6791548728943 90.24282391992196 79.38915281181333 38.1470229577428 64.733948959172 67.1973571164404 88.41982394753603 71.12369318390503
1.0113146150316783 2256.9020641425673 0.0 1.1551221343264706 2683.216600508238 0.0 f_swap_t 100 3366.0856676101685 90.24282391992196 79.38915281181333 38.1470229577428 65.09660946958027 67.1973571164404 88.41982394753603 71.12369318390503
1.0113146150316783 2256.9020641425673 0.0 1.1538566161179977 2679.4649968997965 0.0 t_swap_r_k 100 3369.30402469635 90.24282391992196 79.38915281181333 38.1470229577428 65.09660946958027 67.1973571164404 88.57562570806067 71.12369318390503
1.0113146150316783 2256.9020641425673 0.0 1.151083022043668 2671.2427323223746 0.0 move_t 100 3373.0329687595367 90.24282391992196 79.6552612836952 38.1470229577428 65.09660946958027 67.1973571164404 88.57562570806067 71.12369318390503
1.0113146150316783 2256.9020641425673 0.0 1.139659622858304 2638.4711140216928 0.0 swap_t 100 3377.022872686386 90.24282391992196 79.6552612836952 38.1470229577428 65.09660946958027 67.555383545276 88.57562570806067 71.12369318390503
1.0113146150316783 2256.9020641425673 0.0 1.1392320925363475 2636.110887039243 0.0 swap_t 100 3382.0226199626923 90.24282391992196 79.6552612836952 38.1470229577428 65.09660946958027 67.87982970982324 88.57562570806067 71.12369318390503
1.0113146150316783 2256.9020641425673 0.0 1.1392320925363475 2636.110887039243 0.0 t_multiswap_k 100 3383.578273296356 90.24282391992196 79.6552612836952 38.1470229577428 65.09660946958027 67.87982970982324 88.57562570806067 71.41245625206598
1.0113146150316783 2256.9020641425673 0.0 1.1392320925363475 2636.110887039243 0.0 t_multiswap_k 100 3385.3911776542664 90.24282391992196 79.6552612836952 38.1470229577428 65.09660946958027 67.87982970982324 88.57562570806067 71.69833168954531
1.0113146150316783 2256.9020641425673 0.0 1.1983856971051692 2811.4705735826196 0.0 t_swap_k 100 3389.8004744052887 90.24282391992196 79.6552612836952 38.95555272816537 65.09660946958027 67.87982970982324 88.57562570806067 71.69833168954531
1.0113146150316783 2256.9020641425673 0.0 1.1713925599484298 2743.670270772208 0.02222222222222222 move_t 100 3395.2534124851227 90.24282391992196 79.97870867085824 38.95555272816537 65.09660946958027 67.87982970982324 88.57562570806067 71.69833168954531
1.0113146150316783 2256.9020641425673 0.0 1.170585835305546 2729.058435105761 0.0 t_swap_r_k 100 3399.558371782303 90.24282391992196 79.97870867085824 38.95555272816537 65.09660946958027 67.87982970982324 88.72986945098006 71.69833168954531
1.0113146150316783 2256.9020641425673 0.0 1.1765360781552745 2763.1671460877683 0.02222222222222222 t_move_k 100 3402.738983154297 90.41039568072274 79.97870867085824 38.95555272816537 65.09660946958027 67.87982970982324 88.72986945098006 71.69833168954531
1.0113146150316783 2256.9020641425673 0.0 1.2203728998787178 2893.1205339246376 0.02222222222222222 move_t 100 3408.9891526699066 90.41039568072274 80.27892158414966 38.95555272816537 65.09660946958027 67.87982970982324 88.72986945098006 71.69833168954531
1.0113146150316783 2256.9020641425673 0.0 1.2370886052774435 2942.6739107718868 0.02222222222222222 f_swap_t 100 3413.4801013469696 90.41039568072274 80.27892158414966 38.95555272816537 65.45564337488447 67.87982970982324 88.72986945098006 71.69833168954531
1.0113146150316783 2256.9020641425673 0.0 1.2252061335936033 2907.4485593325758 0.02222222222222222 move_t 100 3419.527998447418 90.41039568072274 80.59613236830816 38.95555272816537 65.45564337488447 67.87982970982324 88.72986945098006 71.69833168954531
1.0113146150316783 2256.9020641425673 0.0 1.2252061335936033 2907.4485593325758 0.02222222222222222 t_swap_r_k 100 3424.132000684738 90.41039568072274 80.59613236830816 38.95555272816537 65.45564337488447 67.87982970982324 88.88257075647026 71.69833168954531
1.0113146150316783 2256.9020641425673 0.0 1.2252061335936033 2907.4485593325758 0.02222222222222222 f_swap_t 100 3429.7781059741974 90.41039568072274 80.59613236830816 38.95555272816537 65.80108694113562 67.87982970982324 88.88257075647026 71.69833168954531
1.0113146150316783 2256.9020641425673 0.0 1.2252061335936033 2907.4485593325758 0.02222222222222222 swap_t 100 3435.7370405197144 90.41039568072274 80.59613236830816 38.95555272816537 65.80108694113562 68.20103141272502 88.88257075647026 71.69833168954531
1.0113146150316783 2256.9020641425673 0.0 1.2252061335936033 2907.4485593325758 0.02222222222222222 t_swap_r_k 100 3440.32004570961 90.41039568072274 80.59613236830816 38.95555272816537 65.80108694113562 68.20103141272502 89.03374504890556 71.69833168954531
1.0113146150316783 2256.9020641425673 0.0 1.2252061335936033 2907.4485593325758 0.02222222222222222 t_swap_r_k 100 3443.78883767128 90.41039568072274 80.59613236830816 38.95555272816537 65.80108694113562 68.20103141272502 89.18340759841651 71.69833168954531
1.0113146150316783 2256.9020641425673 0.0 1.2252061335936033 2907.4485593325758 0.02222222222222222 t_swap_r_k 100 3448.4246802330017 90.41039568072274 80.59613236830816 38.95555272816537 65.80108694113562 68.20103141272502 89.33157352243234 71.69833168954531
1.0113146150316783 2256.9020641425673 0.0 1.2252061335936033 2907.4485593325758 0.02222222222222222 swap_t 100 3454.143843650818 90.41039568072274 80.59613236830816 38.95555272816537 65.80108694113562 68.51902109859776 89.33157352243234 71.69833168954531
1.0113146150316783 2256.9020641425673 0.0 1.2565399286245826 2963.9849829573027 0.02222222222222222 swap_t 100 3459.88303565979 90.41039568072274 80.59613236830816 38.95555272816537 65.80108694113562 68.85383088761178 89.33157352243234 71.69833168954531
1.0113146150316783 2256.9020641425673 0.0 1.2404804350116674 2952.728922691068 0.02222222222222222 f_swap_t 100 3466.414535999298 90.41039568072274 80.59613236830816 38.95555272816537 66.17307607172427 68.85383088761178 89.33157352243234 71.69833168954531
1.0113146150316783 2256.9020641425673 0.0 1.2475022193453937 2973.5448629657612 0.02222222222222222 move_t 100 3471.044075012207 90.41039568072274 80.83017104462508 38.95555272816537 66.17307607172427 68.85383088761178 89.33157352243234 71.69833168954531
1.0113146150316783 2256.9020641425673 0.0 1.2313653526405268 2925.707441936491 0.02222222222222222 move_t 100 3475.87477850914 90.41039568072274 81.08186933417882 38.95555272816537 66.17307607172427 68.85383088761178 89.33157352243234 71.69833168954531
1.0113146150316783 2256.9020641425673 0.0 1.2285574234104197 2917.383391471321 0.02222222222222222 t_swap_r_k 100 3479.4053766727448 90.41039568072274 81.08186933417882 38.95555272816537 66.17307607172427 68.85383088761178 89.47825778720801 71.69833168954531
1.0113146150316783 2256.9020641425673 0.0 1.2285574234104197 2917.383391471321 0.02222222222222222 t_swap_r_k 100 3482.543801307678 90.41039568072274 81.08186933417882 38.95555272816537 66.17307607172427 68.85383088761178 89.62347520933592 71.69833168954531
1.0113146150316783 2256.9020641425673 0.0 1.212305166326367 2869.2038979534564 0.02222222222222222 t_swap_k 100 3486.8220674991608 90.41039568072274 81.08186933417882 39.68599720088372 66.17307607172427 68.85383088761178 89.62347520933592 71.69833168954531
1.0113146150316783 2256.9020641425673 0.0 1.2098169695554357 2869.6741270323205 0.02222222222222222 move_t 100 3491.7277393341064 90.41039568072274 81.30105064083703 39.68599720088372 66.17307607172427 68.85383088761178 89.62347520933592 71.69833168954531
1.0113146150316783 2256.9020641425673 0.0 1.2311552225690336 2908.615181344144 0.0 t_move_k 100 3494.65207195282 90.61629172391551 81.30105064083703 39.68599720088372 66.17307607172427 68.85383088761178 89.62347520933592 71.69833168954531
1.0113146150316783 2256.9020641425673 0.0 1.2178950430402151 2878.5234916896493 0.0 move_t 100 3497.6661052703857 90.61629172391551 81.54804013442866 39.68599720088372 66.17307607172427 68.85383088761178 89.62347520933592 71.69833168954531
1.0113146150316783 2256.9020641425673 0.0 1.2148093282208579 2860.1581020154895 0.0 t_swap_r_k 100 3500.70680308342 90.61629172391551 81.54804013442866 39.68599720088372 66.17307607172427 68.85383088761178 89.76724045724256 71.69833168954531
1.0113146150316783 2256.9020641425673 0.0 1.2148093282208579 2860.1581020154895 0.0 f_swap_t 100 3506.5935113430023 90.61629172391551 81.54804013442866 39.68599720088372 66.51134531100702 68.85383088761178 89.76724045724256 71.69833168954531
1.0113146150316783 2256.9020641425673 0.0 1.1992352208208652 2813.9889697747285 0.0 t_move_k 100 3508.851372241974 90.89012880667636 81.54804013442866 39.68599720088372 66.51134531100702 68.85383088761178 89.76724045724256 71.69833168954531
1.0113146150316783 2256.9020641425673 0.0 1.183589966163408 2767.608922901489 0.0 t_multiswap_k 100 3511.2437875270844 90.89012880667636 81.54804013442866 39.68599720088372 66.51134531100702 68.85383088761178 89.76724045724256 72.13134837264985
1.0113146150316783 2256.9020641425673 0.0 1.1740288523824873 2739.265190886357 0.0 move_t 100 3514.772574901581 90.89012880667636 81.76255973308437 39.68599720088372 66.51134531100702 68.85383088761178 89.76724045724256 72.13134837264985
1.0113146150316783 2256.9020641425673 0.0 1.1701468394018277 2727.75704046327 0.0 swap_t 100 3519.7133660316467 90.89012880667636 81.76255973308437 39.68599720088372 66.51134531100702 69.19529257873566 89.76724045724256 72.13134837264985
1.0113146150316783 2256.9020641425673 0.0 1.1701468394018277 2727.75704046327 0.0 swap_t 100 3523.7884867191315 90.89012880667636 81.76255973308437 39.68599720088372 66.51134531100702 69.5033396529483 89.76724045724256 72.13134837264985
1.0113146150316783 2256.9020641425673 0.0 1.2375710897566694 2921.084797069015 0.0 move_t 100 3528.655510902405 90.89012880667636 82.08493413575353 39.68599720088372 66.51134531100702 69.5033396529483 89.76724045724256 72.13134837264985
1.0113146150316783 2256.9020641425673 0.0 1.220199897393561 2876.138337325002 0.0 f_swap_t 100 3535.1680560112 90.89012880667636 82.08493413575353 39.68599720088372 66.84623185789695 69.5033396529483 89.76724045724256 72.13134837264985
1.0113146150316783 2256.9020641425673 0.0 1.213730693478631 2856.9605107330913 0.0 f_swap_t 100 3541.8565306663513 90.89012880667636 82.08493413575353 39.68599720088372 67.17776953931798 69.5033396529483 89.76724045724256 72.13134837264985
1.0113146150316783 2256.9020641425673 0.0 1.2073529535614802 2838.053827347034 0.0 swap_t 100 3546.8872408866882 90.89012880667636 82.08493413575353 39.68599720088372 67.17776953931798 69.83830625641882 89.76724045724256 72.13134837264985
1.0113146150316783 2256.9020641425673 0.0 1.2029132630433095 2824.8924529339124 0.0 t_swap_r_k 100 3551.4633350372314 90.89012880667636 82.08493413575353 39.68599720088372 67.17776953931798 69.83830625641882 89.90956805267014 72.13134837264985
1.0113146150316783 2256.9020641425673 0.0 1.19109371824028 2789.8536469836645 0.0 t_multiswap_k 100 3553.6815202236176 90.89012880667636 82.08493413575353 39.68599720088372 67.17776953931798 69.83830625641882 89.90956805267014 72.50003488892335
1.0113146150316783 2256.9020641425673 0.0 1.1887302746844115 2782.8472654767197 0.0 t_swap_r_k 100 3556.575517177582 90.89012880667636 82.08493413575353 39.68599720088372 67.17776953931798 69.83830625641882 90.05047237214343 72.50003488892335
1.0113146150316783 2256.9020641425673 0.0 1.1867386816471075 2776.943227450816 0.0 move_t 100 3559.0709607601166 90.89012880667636 82.264084794396 39.68599720088372 67.17776953931798 69.83830625641882 90.05047237214343 72.50003488892335
1.0113146150316783 2256.9020641425673 0.0 1.1867386816471075 2776.943227450816 0.0 t_swap_r_k 100 3562.368156671524 90.89012880667636 82.264084794396 39.68599720088372 67.17776953931798 69.83830625641882 90.189967648422 72.50003488892335
1.0113146150316783 2256.9020641425673 0.0 1.1867386816471075 2776.943227450816 0.0 t_swap_r_k 100 3566.9408490657806 90.89012880667636 82.264084794396 39.68599720088372 67.17776953931798 69.83830625641882 90.32806797193778 72.50003488892335
1.0113146150316783 2256.9020641425673 0.0 1.1867386816471075 2776.943227450816 0.0 move_t 100 3569.1260464191437 90.89012880667636 82.44144394645204 39.68599720088372 67.17776953931798 69.83830625641882 90.32806797193778 72.50003488892335
1.0113146150316783 2256.9020641425673 0.0 1.1642676195810542 2710.3282100072834 0.0 t_move_k 100 3572.1010615825653 91.13122751860959 82.44144394645204 39.68599720088372 67.17776953931798 69.83830625641882 90.32806797193778 72.50003488892335
1.0113146150316783 2256.9020641425673 0.0 1.1622466881608324 2704.337198927588 0.0 move_t 100 3575.907989025116 91.13122751860959 82.64702950698752 39.68599720088372 67.17776953931798 69.83830625641882 90.32806797193778 72.50003488892335
1.0113146150316783 2256.9020641425673 0.0 1.1624055508975797 2704.808144357245 0.0 t_swap_k 100 3579.791603565216 91.13122751860959 82.64702950698752 40.38913722887488 67.17776953931798 69.83830625641882 90.32806797193778 72.50003488892335
1.0113146150316783 2256.9020641425673 0.0 1.1590753214032543 2694.6255853908215 0.0 move_t 100 3583.8877663612366 91.13122751860959 82.85055921191764 40.38913722887488 67.17776953931798 69.83830625641882 90.32806797193778 72.50003488892335
1.0113146150316783 2256.9020641425673 0.0 1.158434622256838 2693.0364052248233 0.0 f_swap_t 100 3589.364466905594 91.13122751860959 82.85055921191764 40.38913722887488 67.5059918439248 69.83830625641882 90.32806797193778 72.50003488892335
1.0113146150316783 2256.9020641425673 0.0 1.156606465287181 2704.0862043437414 0.02222222222222222 f_swap_t 100 3596.997594833374 91.13122751860959 82.85055921191764 40.38913722887488 67.86093192548556 69.83830625641882 90.32806797193778 72.50003488892335
1.0113146150316783 2256.9020641425673 0.0 1.1518419777392086 2689.961975583004 0.02222222222222222 move_t 100 3601.6029295921326 91.13122751860959 83.08205361979846 40.38913722887488 67.86093192548556 69.83830625641882 90.32806797193778 72.50003488892335