17
4 40 4 20

Solution history:
B_obj   B_dis   B_sim   C_obj   C_dis   C_sim   neighbor   iterations   time   scores
1.0112456599988162 1680.635936575278 0.0 1.0112456599988162 1680.635936575278 0.0 0 0 0 3.0 3.0 3.0 3.0 3.0 3.0 3.0
1.0112456599988162 1680.635936575278 0.0 1.0112456599988162 1680.635936575278 0.0 t_move_k 100 0.7638907432556152 3.9699999999999998 3.0 3.0 3.0 3.0 3.0 3.0
1.0111083228255078 1680.1844632290004 0.0 1.02337331916895 1720.503619418612 0.0 t_move_k 100 1.9322762489318848 4.9703 3.0 3.0 3.0 3.0 3.0 3.0
1.0111083228255078 1680.1844632290004 0.0 1.0232361401385424 1720.0526659410834 0.0 t_swap_r_k 100 4.102270603179932 4.9703 3.0 3.0 3.0 3.0 4.01 3.0
1.0111083228255078 1680.1844632290004 0.0 1.0232361401385424 1720.0526659410834 0.0 t_move_k 100 4.927614450454712 5.960597 3.0 3.0 3.0 3.0 4.01 3.0
1.0111083228255078 1680.1844632290004 0.0 1.0628817348373751 1850.3810313259576 0.0 move_t 100 5.9904091358184814 5.960597 4.05 3.0 3.0 3.0 4.01 3.0
1.0111083228255078 1680.1844632290004 0.0 1.08403085026039 1919.905266322455 0.0 f_swap_t 100 7.055236577987671 5.960597 4.05 3.0 3.98 3.0 4.01 3.0
1.0111083228255078 1680.1844632290004 0.0 1.0708388983305825 1876.538896255158 0.0 swap_t 100 7.811647891998291 5.960597 4.05 3.0 3.98 3.9699999999999998 4.01 3.0
1.0111083228255078 1680.1844632290004 0.0 1.0670667627373933 1864.1386215309421 0.0 t_move_k 100 8.714688777923584 7.03099103 4.05 3.0 3.98 3.9699999999999998 4.01 3.0
1.0111083228255078 1680.1844632290004 0.0 1.0980960902778816 1931.823715925916 0.0 move_t 100 9.707337379455566 7.03099103 5.0295 3.0 3.98 3.9699999999999998 4.01 3.0
1.0111083228255078 1680.1844632290004 0.0 1.0682369324934904 1867.9853619492274 0.0 t_swap_r_k 100 11.840323686599731 7.03099103 5.0295 3.0 3.98 3.9699999999999998 5.0099 3.0
1.0111083228255078 1680.1844632290004 0.0 1.0551526731679015 1824.973013587961 0.0 t_move_k 100 12.758935689926147 8.0806811197 5.0295 3.0 3.98 3.9699999999999998 5.0099 3.0
1.0111083228255078 1680.1844632290004 0.0 1.0541008611357179 1821.5153547008142 0.0 move_t 100 13.348621368408203 8.0806811197 5.979204999999999 3.0 3.98 3.9699999999999998 5.0099 3.0
1.0111083228255078 1680.1844632290004 0.0 1.0510794613747474 1811.5830004250658 0.0 t_swap_r_k 100 15.485582113265991 8.0806811197 5.979204999999999 3.0 3.98 3.9699999999999998 5.999801 3.0
1.0111083228255078 1680.1844632290004 0.0 1.1032887799374356 1983.2125395408864 0.0 t_move_k 100 16.286633491516113 9.119874308503 5.979204999999999 3.0 3.98 3.9699999999999998 5.999801 3.0
1.0111083228255078 1680.1844632290004 0.0 1.0698135679212526 1873.1682913432508 0.0 t_swap_r_k 100 18.686134099960327 9.119874308503 5.979204999999999 3.0 3.98 3.9699999999999998 6.97980299 3.0
1.0111083228255078 1680.1844632290004 0.0 1.1282884993034807 2065.3950010427993 0.0 t_move_k 100 19.805110454559326 10.15867556541797 5.979204999999999 3.0 3.98 3.9699999999999998 6.97980299 3.0
1.0111083228255078 1680.1844632290004 0.0 1.101867182883695 1974.2940164272004 0.0 swap_t 100 20.707701921463013 10.15867556541797 5.979204999999999 3.0 3.98 4.9603 6.97980299 3.0
1.0111083228255078 1680.1844632290004 0.0 1.09346997932546 1950.934849080704 0.0 t_swap_k 100 22.29924774169922 10.15867556541797 5.979204999999999 4.11 3.98 4.9603 6.97980299 3.0
1.0111083228255078 1680.1844632290004 0.0 1.0729718394229115 1883.5505889321673 0.0 t_move_k 100 23.496897220611572 11.187088809763791 5.979204999999999 4.11 3.98 4.9603 6.97980299 3.0
1.0111083228255078 1680.1844632290004 0.0 1.0611588497892401 1844.7173303832626 0.0 t_move_k 100 24.440540075302124 12.075217921666153 5.979204999999999 4.11 3.98 4.9603 6.97980299 3.0
1.0111083228255078 1680.1844632290004 0.0 1.0611588497892401 1844.7173303832626 0.0 swap_t 100 25.193944931030273 12.075217921666153 5.979204999999999 4.11 3.98 5.910697 6.97980299 3.0
1.0111083228255078 1680.1844632290004 0.0 1.0611588497892401 1844.7173303832626 0.0 t_move_k 100 26.486236095428467 12.954465742449493 5.979204999999999 4.11 3.98 5.910697 6.97980299 3.0
1.0111083228255078 1680.1844632290004 0.0 1.0937780838190228 1951.9476918774592 0.0 t_move_k 100 27.33296036720276 13.864921085024998 5.979204999999999 4.11 3.98 5.910697 6.97980299 3.0
1.0111083228255078 1680.1844632290004 0.0 1.1169304284773047 2028.0572131764277 0.0 t_move_k 100 28.36801505088806 14.846271874174747 5.979204999999999 4.11 3.98 5.910697 6.97980299 3.0
1.0111083228255078 1680.1844632290004 0.0 1.0941775924745931 1953.2610108081776 0.0 t_swap_r_k 100 30.008201360702515 14.846271874174747 5.979204999999999 4.11 3.98 5.910697 7.950004960099999 3.0
1.0111083228255078 1680.1844632290004 0.0 1.0939657044601958 1952.5644638457522 0.0 t_swap_k 100 31.113399505615234 14.846271874174747 5.979204999999999 5.0989 3.98 5.910697 7.950004960099999 3.0
1.0111083228255078 1680.1844632290004 0.0 1.0634534042294759 1852.2603003337508 0.0 t_swap_k 100 32.19685959815979 14.846271874174747 5.979204999999999 6.1079110000000005 3.98 5.910697 7.950004960099999 3.0
1.0111083228255078 1680.1844632290004 0.0 1.062401592197292 1848.802641446604 0.0 t_move_k 100 33.190279722213745 15.697809155433 5.979204999999999 6.1079110000000005 3.98 5.910697 7.950004960099999 3.0
1.0111083228255078 1680.1844632290004 0.0 1.0616736764417793 1846.4097382432456 0.0 t_move_k 100 34.275848627090454 16.58083106387867 5.979204999999999 6.1079110000000005 3.98 5.910697 7.950004960099999 3.0
1.0111083228255078 1680.1844632290004 0.0 1.0685785741736984 1869.1084527255696 0.0 t_move_k 100 35.606263637542725 17.455022753239884 5.979204999999999 6.1079110000000005 3.98 5.910697 7.950004960099999 3.0
1.0111083228255078 1680.1844632290004 0.0 1.0658312496563611 1860.0770756899535 0.0 t_swap_r_k 100 38.05420446395874 17.455022753239884 5.979204999999999 6.1079110000000005 3.98 5.910697 8.910504910499 3.0
1.0111083228255078 1680.1844632290004 0.0 1.0658312496563611 1860.0770756899535 0.0 move_t 100 39.25529336929321 17.455022753239884 6.91941295 6.1079110000000005 3.98 5.910697 8.910504910499 3.0
1.0111083228255078 1680.1844632290004 0.0 1.0658312496563611 1860.0770756899535 0.0 t_multiswap_k 100 39.69294095039368 17.455022753239884 6.91941295 6.1079110000000005 3.98 5.910697 8.910504910499 3.9699999999999998
1.0111083228255078 1680.1844632290004 0.0 1.0658312496563611 1860.0770756899535 0.0 t_swap_r_k 100 41.716503381729126 17.455022753239884 6.91941295 6.1079110000000005 3.98 5.910697 9.86139986139401 3.9699999999999998
1.0111083228255078 1680.1844632290004 0.0 1.100470149413659 1936.022679640045 0.0 move_t 100 42.7692015171051 17.455022753239884 7.8602188205 6.1079110000000005 3.98 5.910697 9.86139986139401 3.9699999999999998
1.0111083228255078 1680.1844632290004 0.0 1.090036010783669 1939.6462428626758 0.0 t_swap_r_k 100 45.04786992073059 17.455022753239884 7.8602188205 6.1079110000000005 3.98 5.910697 10.802785862780071 3.9699999999999998
1.0111083228255078 1680.1844632290004 0.0 1.0870146110226986 1929.7138885869274 0.0 swap_t 100 45.84970164299011 17.455022753239884 7.8602188205 6.1079110000000005 3.98 6.85159003 10.802785862780071 3.9699999999999998
1.0111083228255078 1680.1844632290004 0.0 1.0854529727971414 1924.580260026037 0.0 swap_t 100 46.806142807006836 17.455022753239884 7.8602188205 6.1079110000000005 3.98 7.783074129699999 10.802785862780071 3.9699999999999998
1.0111083228255078 1680.1844632290004 0.0 1.0854529727971414 1924.580260026037 0.0 f_swap_t 100 47.88754677772522 17.455022753239884 7.8602188205 6.1079110000000005 4.9402 7.783074129699999 10.802785862780071 3.9699999999999998
1.0111083228255078 1680.1844632290004 0.0 1.0789174681337133 1903.0958644400905 0.0 t_multiswap_k 100 48.53461027145386 17.455022753239884 7.8602188205 6.1079110000000005 4.9402 7.783074129699999 10.802785862780071 5.1203
1.0111083228255078 1680.1844632290004 0.0 1.0628510400473141 1850.2801272571735 0.0 t_move_k 100 49.55530261993408 18.340472525707487 7.8602188205 6.1079110000000005 4.9402 7.783074129699999 10.802785862780071 5.1203
1.0111083228255078 1680.1844632290004 0.0 1.0597761352176054 1840.171883876937 0.0 t_multiswap_k 100 50.23217177391052 18.340472525707487 7.8602188205 6.1079110000000005 4.9402 7.783074129699999 10.802785862780071 6.069097
1.0111083228255078 1680.1844632290004 0.0 1.055106970205185 1824.822772622493 0.0 t_multiswap_k 100 50.908880949020386 18.340472525707487 7.8602188205 6.1079110000000005 4.9402 7.783074129699999 10.802785862780071 7.03840603
1.0111083228255078 1680.1844632290004 0.0 1.0539901965362541 1821.15156304972 0.0 t_swap_r_k 100 52.72809839248657 18.340472525707487 7.8602188205 6.1079110000000005 4.9402 7.783074129699999 11.73475800415227 7.03840603
1.0111083228255078 1680.1844632290004 0.0 1.0539901965362541 1821.15156304972 0.0 move_t 100 53.555301666259766 18.340472525707487 8.781616632295 6.1079110000000005 4.9402 7.783074129699999 11.73475800415227 7.03840603
1.0111083228255078 1680.1844632290004 0.0 1.0553710834235686 1825.6910013447493 0.0 t_multiswap_k 100 54.46868109703064 18.340472525707487 8.781616632295 6.1079110000000005 4.9402 7.783074129699999 11.73475800415227 8.0080219697
1.0111083228255078 1680.1844632290004 0.0 1.054053663630242 1821.3602006720837 0.0 t_swap_r_k 100 56.41907787322998 18.340472525707487 8.781616632295 6.1079110000000005 4.9402 7.783074129699999 12.657410424110749 8.0080219697
1.0111083228255078 1680.1844632290004 0.0 1.0534541347521171 1819.3893481907278 0.0 t_move_k 100 57.299052238464355 19.18706780045041 8.781616632295 6.1079110000000005 4.9402 7.783074129699999 12.657410424110749 8.0080219697
1.0111083228255078 1680.1844632290004 0.0 1.052337361083186 1815.7181386179548 0.0 move_t 100 58.165218353271484 19.18706780045041 9.69380046597205 6.1079110000000005 4.9402 7.783074129699999 12.657410424110749 8.0080219697
1.0111083228255078 1680.1844632290004 0.0 1.050534079058592 1809.7901458515805 0.0 move_t 100 58.982534408569336 19.18706780045041 10.596862461312329 6.1079110000000005 4.9402 7.783074129699999 12.657410424110749 8.0080219697
1.0111083228255078 1680.1844632290004 0.0 1.050534079058592 1809.7901458515805 0.0 t_swap_r_k 100 60.77493715286255 19.18706780045041 10.596862461312329 6.1079110000000005 4.9402 7.783074129699999 13.570836319869642 8.0080219697
1.0111083228255078 1680.1844632290004 0.0 1.050534079058592 1809.7901458515805 0.0 t_swap_r_k 100 62.489845514297485 19.18706780045041 10.596862461312329 6.1079110000000005 4.9402 7.783074129699999 14.475127956670946 8.0080219697
1.0111083228255078 1680.1844632290004 0.0 1.050534079058592 1809.7901458515805 0.0 swap_t 100 62.86152172088623 19.18706780045041 10.596862461312329 6.1079110000000005 4.9402 8.705243388403 14.475127956670946 8.0080219697
1.0111083228255078 1680.1844632290004 0.0 1.050534079058592 1809.7901458515805 0.0 t_swap_r_k 100 64.64434289932251 19.18706780045041 10.596862461312329 6.1079110000000005 4.9402 8.705243388403 15.370376677104236 8.0080219697
1.0111083228255078 1680.1844632290004 0.0 1.07927094784224 1904.2578707855362 0.0 t_swap_k 100 66.3652675151825 19.18706780045041 10.596862461312329 7.086831890000001 4.9402 8.705243388403 15.370376677104236 8.0080219697
1.0111083228255078 1680.1844632290004 0.0 1.0870092225153059 1929.6961747560288 0.0 f_swap_t 100 67.34212684631348 19.18706780045041 10.596862461312329 7.086831890000001 5.900798 8.705243388403 15.370376677104236 8.0080219697
1.0111083228255078 1680.1844632290004 0.0 1.152284207228616 2144.276940231564 0.0 f_swap_t 100 68.49789667129517 19.18706780045041 10.596862461312329 7.086831890000001 6.95179002 8.705243388403 15.370376677104236 8.0080219697
1.0111083228255078 1680.1844632290004 0.0 1.126393512354797 2059.1655434366326 0.0 t_swap_r_k 100 70.68566751480103 19.18706780045041 10.596862461312329 7.086831890000001 6.95179002 8.705243388403 16.256672910333194 8.0080219697
1.0111083228255078 1680.1844632290004 0.0 1.1342914456572941 2043.5353310214555 0.0 move_t 100 71.43008089065552 19.18706780045041 11.530893836699205 7.086831890000001 6.95179002 8.705243388403 16.256672910333194 8.0080219697
1.0111083228255078 1680.1844632290004 0.0 1.1576880694407685 2105.64505333849 0.0 swap_t 100 72.73766922950745 19.18706780045041 11.530893836699205 7.086831890000001 6.95179002 9.62819095451897 16.256672910333194 8.0080219697
1.0111083228255078 1680.1844632290004 0.0 1.117565094944149 2030.1435746957022 0.0 t_move_k 100 73.79455876350403 20.145197122445907 11.530893836699205 7.086831890000001 6.95179002 9.62819095451897 16.256672910333194 8.0080219697
1.0111083228255078 1680.1844632290004 0.0 1.1099890130332186 2005.2384527275733 0.0 swap_t 100 74.51983118057251 20.145197122445907 11.530893836699205 7.086831890000001 6.95179002 10.53190904497378 16.256672910333194 8.0080219697
1.0111083228255078 1680.1844632290004 0.0 1.1099890130332186 2005.2384527275733 0.0 f_swap_t 100 75.8206901550293 20.145197122445907 11.530893836699205 7.086831890000001 7.8822721198 10.53190904497378 16.256672910333194 8.0080219697
1.0111083228255078 1680.1844632290004 0.0 1.0947453571926458 1955.1274438428975 0.0 t_multiswap_k 100 76.69299554824829 20.145197122445907 11.530893836699205 7.086831890000001 7.8822721198 10.53190904497378 16.256672910333194 8.987941750003
1.0111083228255078 1680.1844632290004 0.0 1.0818959755857382 1912.8872173119028 0.0 t_move_k 100 78.13638067245483 21.113745151221448 11.530893836699205 7.086831890000001 7.8822721198 10.53190904497378 16.256672910333194 8.987941750003
1.0111083228255078 1680.1844632290004 0.0 1.0784202055018621 1901.4611954064076 0.0 t_move_k 100 79.05204463005066 21.902607699709232 11.530893836699205 7.086831890000001 7.8822721198 10.53190904497378 16.256672910333194 8.987941750003
1.0111083228255078 1680.1844632290004 0.0 1.1203823712396899 2039.4049066854134 0.0 f_swap_t 100 80.67587637901306 21.902607699709232 11.530893836699205 7.086831890000001 8.843449398601999 10.53190904497378 16.256672910333194 8.987941750003
1.0111083228255078 1680.1844632290004 0.0 1.1096037320749097 2003.9719050091753 0.0 t_swap_r_k 100 82.96258759498596 21.902607699709232 11.530893836699205 7.086831890000001 8.843449398601999 10.53190904497378 17.13410618122986 8.987941750003
1.0111083228255078 1680.1844632290004 0.0 1.1096037320749097 2003.9719050091753 0.0 t_swap_r_k 100 85.07290244102478 21.902607699709232 11.530893836699205 7.086831890000001 8.843449398601999 10.53190904497378 18.00276511941756 8.987941750003
1.0111083228255078 1680.1844632290004 0.0 1.1007213806405198 1974.7726370448054 0.0 t_multiswap_k 100 86.2894287109375 21.902607699709232 11.530893836699205 7.086831890000001 8.843449398601999 10.53190904497378 18.00276511941756 9.95806233250297
1.0111083228255078 1680.1844632290004 0.0 1.0891306866871369 1936.6701389464422 0.0 t_move_k 100 87.50362253189087 22.71358162271214 11.530893836699205 7.086831890000001 8.843449398601999 10.53190904497378 18.00276511941756 9.95806233250297
1.0111083228255078 1680.1844632290004 0.0 1.0859150388925083 1926.0992262407306 0.0 t_swap_k 100 89.56788229942322 22.71358162271214 11.530893836699205 8.0159635711 8.843449398601999 10.53190904497378 18.00276511941756 9.95806233250297
1.0111083228255078 1680.1844632290004 0.0 1.0859150388925083 1926.0992262407306 0.0 t_swap_r_k 100 91.08137011528015 22.71358162271214 11.530893836699205 8.0159635711 8.843449398601999 10.53190904497378 18.862737468223386 9.95806233250297
1.0111083228255078 1680.1844632290004 0.0 1.0859150388925083 1926.0992262407306 0.0 f_swap_t 100 92.77874064445496 22.71358162271214 11.530893836699205 8.0159635711 9.75501490461598 10.53190904497378 18.862737468223386 9.95806233250297
1.0111083228255078 1680.1844632290004 0.0 1.0859150388925083 1926.0992262407306 0.0 swap_t 100 93.3662040233612 22.71358162271214 11.530893836699205 8.0159635711 9.75501490461598 11.426589954524042 18.862737468223386 9.95806233250297
1.0111083228255078 1680.1844632290004 0.0 1.0859150388925083 1926.0992262407306 0.0 t_swap_r_k 100 94.87869048118591 22.71358162271214 11.530893836699205 8.0159635711 9.75501490461598 11.426589954524042 19.71411009354115 9.95806233250297
1.0111083228255078 1680.1844632290004 0.0 1.0859150388925083 1926.0992262407306 0.0 t_move_k 100 95.85701012611389 23.48644580648502 11.530893836699205 8.0159635711 9.75501490461598 11.426589954524042 19.71411009354115 9.95806233250297
1.0111083228255078 1680.1844632290004 0.0 1.0859150388925083 1926.0992262407306 0.0 t_swap_r_k 100 98.05592799186707 23.48644580648502 11.530893836699205 8.0159635711 9.75501490461598 11.426589954524042 20.55696899260574 9.95806233250297
1.0111083228255078 1680.1844632290004 0.0 1.0859150388925083 1926.0992262407306 0.0 move_t 100 99.27478289604187 23.48644580648502 12.415584898332213 8.0159635711 9.75501490461598 11.426589954524042 20.55696899260574 9.95806233250297
1.0111083228255078 1680.1844632290004 0.0 1.0859150388925083 1926.0992262407306 0.0 t_swap_r_k 100 100.80527448654175 23.48644580648502 12.415584898332213 8.0159635711 9.75501490461598 11.426589954524042 21.39139930267968 9.95806233250297
1.0111083228255078 1680.1844632290004 0.0 1.0859150388925083 1926.0992262407306 0.0 t_swap_r_k 100 102.678786277771 23.48644580648502 12.415584898332213 8.0159635711 9.75501490461598 11.426589954524042 22.217485309652883 9.95806233250297
1.0111083228255078 1680.1844632290004 0.0 1.0966190893887044 1961.2870299491576 0.0 t_multiswap_k 100 103.45814251899719 23.48644580648502 12.415584898332213 8.0159635711 9.75501490461598 11.426589954524042 22.217485309652883 10.868481709177939
1.0111083228255078 1680.1844632290004 0.0 1.1236291393406805 2050.078122274693 0.0 f_swap_t 100 105.22921442985535 23.48644580648502 12.415584898332213 8.0159635711 10.69746475556982 11.426589954524042 22.217485309652883 10.868481709177939
1.0111083228255078 1680.1844632290004 0.0 1.169343403464938 2200.3562392595863 0.0 t_multiswap_k 100 106.5367021560669 23.48644580648502 12.415584898332213 8.0159635711 10.69746475556982 11.426589954524042 22.217485309652883 11.879796892086159
1.0111083228255078 1680.1844632290004 0.0 1.1364349815452068 2092.175220188618 0.0 t_move_k 100 107.32941937446594 24.341581348420167 12.415584898332213 8.0159635711 10.69746475556982 11.426589954524042 22.217485309652883 11.879796892086159
1.0111083228255078 1680.1844632290004 0.0 1.1308014812048635 2073.656015310259 0.0 f_swap_t 100 108.16596126556396 24.341581348420167 12.415584898332213 8.0159635711 11.590490108014121 11.426589954524042 22.217485309652883 11.879796892086159
1.0111083228255078 1680.1844632290004 0.0 1.1111454140915233 2009.0399308187225 0.0 t_move_k 100 108.64048743247986 25.228165534935965 12.415584898332213 8.0159635711 11.590490108014121 11.426589954524042 22.217485309652883 11.879796892086159
1.0111083228255078 1680.1844632290004 0.0 1.106244988284336 1992.9305877758902 0.0 t_swap_k 100 109.89449167251587 25.228165534935965 12.415584898332213 8.995803935389 11.590490108014121 11.426589954524042 22.217485309652883 11.879796892086159
1.0111083228255078 1680.1844632290004 0.0 1.1381579860597928 2179.9329636451757 0.0 move_t 100 110.91206383705139 25.228165534935965 13.331429049348891 8.995803935389 11.590490108014121 11.426589954524042 22.217485309652883 11.879796892086159
1.0111083228255078 1680.1844632290004 0.0 1.1479674865439242 2161.921732430637 0.0 swap_t 100 111.53681445121765 25.228165534935965 13.331429049348891 8.995803935389 11.590490108014121 12.3823240549788 22.217485309652883 11.879796892086159
1.0111083228255078 1680.1844632290004 0.0 1.1333486312689858 2082.0293517873324 0.0 t_move_k 100 112.46941137313843 26.035883879586606 13.331429049348891 8.995803935389 11.590490108014121 12.3823240549788 22.217485309652883 11.879796892086159
1.0111083228255078 1680.1844632290004 0.0 1.1242799183158647 2052.2174510123973 0.0 t_move_k 100 113.35214400291443 26.77552504079074 13.331429049348891 8.995803935389 11.590490108014121 12.3823240549788 22.217485309652883 11.879796892086159
1.0111083228255078 1680.1844632290004 0.0 1.1423269568616237 2111.5441189959106 0.0 t_swap_k 100 114.77330112457275 26.77552504079074 13.331429049348891 10.01584589603511 11.590490108014121 12.3823240549788 22.217485309652883 11.879796892086159
1.0111083228255078 1680.1844632290004 0.0 1.1487316860960526 2132.5986118896803 0.0 t_move_k 100 116.08995795249939 27.627769790382832 13.331429049348891 10.01584589603511 11.590490108014121 12.3823240549788 22.217485309652883 11.879796892086159
1.0111083228255078 1680.1844632290004 0.0 1.1363591113022704 2091.9258092561204 0.0 f_swap_t 100 117.53629493713379 27.627769790382832 13.331429049348891 10.01584589603511 12.50458520693398 12.3823240549788 22.217485309652883 11.879796892086159
1.0111083228255078 1680.1844632290004 0.0 1.1281585241049696 2064.9677289766037 0.0 swap_t 100 118.56363010406494 27.627769790382832 13.331429049348891 10.01584589603511 12.50458520693398 13.258500814429013 22.217485309652883 11.879796892086159
1.0111083228255078 1680.1844632290004 0.0 1.1216251326141937 2043.4902800978418 0.0 move_t 100 119.53988766670227 27.627769790382832 14.228114758855403 10.01584589603511 12.50458520693398 13.258500814429013 22.217485309652883 11.879796892086159
1.0111083228255078 1680.1844632290004 0.0 1.1118429218377244 2011.3328726977938 0.0 t_multiswap_k 100 120.21331357955933 27.627769790382832 14.228114758855403 10.01584589603511 12.50458520693398 13.258500814429013 22.217485309652883 12.790998923165297
1.0111083228255078 1680.1844632290004 0.0 1.1074596734330575 1996.9236652184848 0.0 t_move_k 100 121.10353660583496 28.441492092479002 14.228114758855403 10.01584589603511 12.50458520693398 13.258500814429013 22.217485309652883 12.790998923165297
1.0111083228255078 1680.1844632290004 0.0 1.098367080812945 1967.0332639698256 0.0 move_t 100 121.72769045829773 28.441492092479002 15.115833611266849 10.01584589603511 12.50458520693398 13.258500814429013 22.217485309652883 12.790998923165297
1.0111083228255078 1680.1844632290004 0.0 1.0964559523620565 1960.7507438326722 0.0 t_swap_r_k 100 123.54566860198975 28.441492092479002 15.115833611266849 10.01584589603511 12.50458520693398 13.258500814429013 23.035310456556353 12.790998923165297
1.0111083228255078 1680.1844632290004 0.0 1.093117496007082 1949.7761182038284 0.0 t_move_k 100 124.67638111114502 29.247077171554213 15.115833611266849 10.01584589603511 12.50458520693398 13.258500814429013 23.035310456556353 12.790998923165297
1.0111083228255078 1680.1844632290004 0.0 1.0816252750126893 1911.9973337457145 0.0 move_t 100 125.57111597061157 29.247077171554213 15.96467527515418 10.01584589603511 12.50458520693398 13.258500814429013 23.035310456556353 12.790998923165297
1.0111083228255078 1680.1844632290004 0.0 1.0816252750126893 1911.9973337457145 0.0 swap_t 100 126.34794640541077 29.247077171554213 15.96467527515418 10.01584589603511 12.50458520693398 14.125915806284723 23.035310456556353 12.790998923165297
1.0111083228255078 1680.1844632290004 0.0 1.113645835021895 2052.046159290903 0.0 move_t 100 126.90553021430969 29.247077171554213 16.84502852240264 10.01584589603511 12.50458520693398 14.125915806284723 23.035310456556353 12.790998923165297
1.0111083228255078 1680.1844632290004 0.0 1.0906351774020218 1941.6159044746726 0.0 swap_t 100 127.79587602615356 29.247077171554213 16.84502852240264 10.01584589603511 12.50458520693398 14.984656648221875 23.035310456556353 12.790998923165297
1.0111083228255078 1680.1844632290004 0.0 1.0858883631109182 1926.0115340006107 0.0 swap_t 100 128.11028504371643 29.247077171554213 16.84502852240264 10.01584589603511 12.50458520693398 15.834810081739656 23.035310456556353 12.790998923165297
1.0111083228255078 1680.1844632290004 0.0 1.0857343681514142 1925.5053009247267 0.0 t_move_k 100 128.97058248519897 29.984606399838672 16.84502852240264 10.01584589603511 12.50458520693398 15.834810081739656 23.035310456556353 12.790998923165297
1.0111083228255078 1680.1844632290004 0.0 1.0835689526130876 1918.386853853041 0.0 move_t 100 129.51347279548645 29.984606399838672 17.676578237178614 10.01584589603511 12.50458520693398 15.834810081739656 23.035310456556353 12.790998923165297
1.0111083228255078 1680.1844632290004 0.0 1.0835689526130876 1918.386853853041 0.0 move_t 100 130.139741897583 29.984606399838672 18.49981245480683 10.01584589603511 12.50458520693398 15.834810081739656 23.035310456556353 12.790998923165297
1.0111083228255078 1680.1844632290004 0.0 1.0835689526130876 1918.386853853041 0.0 t_swap_k 100 131.4734296798706 29.984606399838672 18.49981245480683 10.915687437074759 12.50458520693398 15.834810081739656 23.035310456556353 12.790998923165297
1.0111083228255078 1680.1844632290004 0.0 1.0835689526130876 1918.386853853041 0.0 t_swap_r_k 100 133.32761430740356 29.984606399838672 18.49981245480683 10.915687437074759 12.50458520693398 15.834810081739656 23.84495735199079 12.790998923165297
1.0111083228255078 1680.1844632290004 0.0 1.154773841298911 2152.461202348272 0.0 move_t 100 134.06883072853088 29.984606399838672 19.36481433025876 10.915687437074759 12.50458520693398 15.834810081739656 23.84495735199079 12.790998923165297
1.0111083228255078 1680.1844632290004 0.0 1.1343965616818803 2085.47425049013 0.0 swap_t 100 134.77665519714355 29.984606399838672 19.36481433025876 10.915687437074759 12.50458520693398 16.67646198092226 23.84495735199079 12.790998923165297
1.0111083228255078 1680.1844632290004 0.0 1.1623503051479576 2177.367579875077 0.0 f_swap_t 100 135.96166849136353 29.984606399838672 19.36481433025876 10.915687437074759 13.38953935486464 16.67646198092226 23.84495735199079 12.790998923165297
1.0111083228255078 1680.1844632290004 0.0 1.1378043072415274 2096.6766529716715 0.0 t_move_k 100 136.76171493530273 30.804760335840285 19.36481433025876 10.915687437074759 13.38953935486464 16.67646198092226 23.84495735199079 12.790998923165297
1.0111083228255078 1680.1844632290004 0.0 1.1278216882280996 2063.860436487515 0.0 t_move_k 100 137.5302414894104 31.596712732481883 19.36481433025876 10.915687437074759 13.38953935486464 16.67646198092226 23.84495735199079 12.790998923165297
1.0111083228255078 1680.1844632290004 0.0 1.1202328110992559 2038.9132523470792 0.0 t_swap_r_k 100 139.46739292144775 31.596712732481883 19.36481433025876 10.915687437074759 13.38953935486464 16.67646198092226 24.64650777847088 12.790998923165297
1.0111083228255078 1680.1844632290004 0.0 1.121851306058666 2044.2337880597086 0.0 t_move_k 100 140.2609519958496 32.44074560515706 19.36481433025876 10.915687437074759 13.38953935486464 16.67646198092226 24.64650777847088 12.790998923165297
1.0111083228255078 1680.1844632290004 0.0 1.1157902270223092 2024.3089886140808 0.0 f_swap_t 100 140.8331458568573 32.44074560515706 19.36481433025876 10.915687437074759 14.285643961315994 16.67646198092226 24.64650777847088 12.790998923165297
1.0111083228255078 1680.1844632290004 0.0 1.154886200380575 2152.8305643306226 0.0 t_move_k 100 141.89560461044312 33.14633814910549 19.36481433025876 10.915687437074759 14.285643961315994 16.67646198092226 24.64650777847088 12.790998923165297
1.0111083228255078 1680.1844632290004 0.0 1.1362258354475974 2091.4876868262068 0.0 swap_t 100 142.56155943870544 33.14633814910549 19.36481433025876 10.915687437074759 14.285643961315994 17.539697361113035 24.64650777847088 12.790998923165297
1.0111083228255078 1680.1844632290004 0.0 1.1205571389217126 2039.9794266665906 0.0 t_swap_k 100 143.93594598770142 33.14633814910549 19.36481433025876 11.86653056270401 14.285643961315994 17.539697361113035 24.64650777847088 12.790998923165297
1.0111083228255078 1680.1844632290004 0.0 1.1299571343797503 2070.880364134615 0.0 t_move_k 100 145.04338145256042 33.884874767614434 19.36481433025876 11.86653056270401 14.285643961315994 17.539697361113035 24.64650777847088 12.790998923165297
1.0111083228255078 1680.1844632290004 0.0 1.1113914159495453 2009.8486214256154 0.0 t_multiswap_k 100 145.5532410144806 33.884874767614434 19.36481433025876 11.86653056270401 14.285643961315994 17.539697361113035 24.64650777847088 13.753088933933645
1.0111083228255078 1680.1844632290004 0.0 1.10856071710007 2000.543164999713 0.0 move_t 100 146.1675431728363 33.884874767614434 20.17116618695617 11.86653056270401 14.285643961315994 17.539697361113035 24.64650777847088 13.753088933933645
1.0111083228255078 1680.1844632290004 0.0 1.10856071710007 2000.543164999713 0.0 t_swap_r_k 100 147.03910756111145 33.884874767614434 20.17116618695617 11.86653056270401 14.285643961315994 17.539697361113035 25.44004270068617 13.753088933933645
1.0111083228255078 1680.1844632290004 0.0 1.10856071710007 2000.543164999713 0.0 move_t 100 147.370374917984 33.884874767614434 20.969454525086608 11.86653056270401 14.285643961315994 17.539697361113035 25.44004270068617 13.753088933933645
1.0111083228255078 1680.1844632290004 0.0 1.1096915580571896 2004.260618466391 0.0 t_move_k 100 148.09200525283813 34.64602601993829 20.969454525086608 11.86653056270401 14.285643961315994 17.539697361113035 25.44004270068617 13.753088933933645
1.0111083228255078 1680.1844632290004 0.0 1.1020977479672096 1979.297218028375 0.0 t_move_k 100 148.6193289756775 35.299565759738904 20.969454525086608 11.86653056270401 14.285643961315994 17.539697361113035 25.44004270068617 13.753088933933645
1.0111083228255078 1680.1844632290004 0.0 1.1020977479672096 1979.297218028375 0.0 swap_t 100 149.3294553756714 35.299565759738904 20.969454525086608 11.86653056270401 14.285643961315994 18.364300387501906 25.44004270068617 13.753088933933645
1.0111083228255078 1680.1844632290004 0.0 1.093349581186538 1983.8320404671606 0.0 swap_t 100 150.2098262310028 35.299565759738904 20.969454525086608 11.86653056270401 14.285643961315994 19.210657383626888 25.44004270068617 13.753088933933645
1.0111083228255078 1680.1844632290004 0.0 1.0898307817985204 1938.9715863625725 0.0 t_swap_r_k 100 151.85799384117126 35.299565759738904 20.969454525086608 11.86653056270401 14.285643961315994 19.210657383626888 26.22564227367931 13.753088933933645
1.0111083228255078 1680.1844632290004 0.0 1.0898307817985204 1938.9715863625725 0.0 swap_t 100 152.57098150253296 35.299565759738904 20.969454525086608 11.86653056270401 14.285643961315994 20.018550809790618 26.22564227367931 13.753088933933645
1.0111083228255078 1680.1844632290004 0.0 1.0898307817985204 1938.9715863625725 0.0 swap_t 100 153.27781796455383 35.299565759738904 20.969454525086608 11.86653056270401 14.285643961315994 20.81836530169271 26.22564227367931 13.753088933933645
1.0111083228255078 1680.1844632290004 0.0 1.115300963246796 2022.70061450369 0.0 t_multiswap_k 100 153.59849977493286 35.299565759738904 20.969454525086608 11.86653056270401 14.285643961315994 20.81836530169271 26.22564227367931 14.66555804459431
1.0111083228255078 1680.1844632290004 0.0 1.1305378216022275 2072.78927777509 0.0 t_move_k 100 154.40697169303894 35.95657010214151 20.969454525086608 11.86653056270401 14.285643961315994 20.81836530169271 26.22564227367931 14.66555804459431
1.0111083228255078 1680.1844632290004 0.0 1.108545313050141 2000.49252672167 0.0 t_move_k 100 155.51204013824463 36.6270044011201 20.969454525086608 11.86653056270401 14.285643961315994 20.81836530169271 26.22564227367931 14.66555804459431
1.0111083228255078 1680.1844632290004 0.0 1.1069347189917047 1995.1979639201998 0.0 t_move_k 100 156.1993134021759 37.260734357108895 20.969454525086608 11.86653056270401 14.285643961315994 20.81836530169271 26.22564227367931 14.66555804459431
1.0111083228255078 1680.1844632290004 0.0 1.1068056053182223 1994.7735239756962 0.0 t_move_k 100 157.02531576156616 37.918127013537806 20.969454525086608 11.86653056270401 14.285643961315994 20.81836530169271 26.22564227367931 14.66555804459431
1.0111083228255078 1680.1844632290004 0.0 1.1068056053182223 1994.7735239756962 0.0 move_t 100 157.56012868881226 37.918127013537806 21.759759979835742 11.86653056270401 14.285643961315994 20.81836530169271 26.22564227367931 14.66555804459431
1.0111083228255078 1680.1844632290004 0.0 1.1309783337941552 2010.7938588456286 0.0 swap_t 100 158.2510437965393 37.918127013537806 21.759759979835742 11.86653056270401 14.285643961315994 21.620181648675786 26.22564227367931 14.66555804459431
1.0111083228255078 1680.1844632290004 0.0 1.1158358864724034 2024.4590865389664 0.0 swap_t 100 158.8945872783661 37.918127013537806 21.759759979835742 11.86653056270401 14.285643961315994 22.403979832189027 26.22564227367931 14.66555804459431
1.0111083228255078 1680.1844632290004 0.0 1.1094410095142189 2003.4369813812873 0.0 t_move_k 100 160.00910592079163 38.668945743402425 21.759759979835742 11.86653056270401 14.285643961315994 22.403979832189027 26.22564227367931 14.66555804459431
1.0111083228255078 1680.1844632290004 0.0 1.101847199424239 1978.4735809432714 0.0 swap_t 100 160.62553524971008 38.668945743402425 21.759759979835742 11.86653056270401 14.285643961315994 23.179940033867137 26.22564227367931 14.66555804459431
1.0111083228255078 1680.1844632290004 0.0 1.101847199424239 1978.4735809432714 0.0 swap_t 100 161.67077922821045 38.668945743402425 21.759759979835742 11.86653056270401 14.285643961315994 23.948140633528464 26.22564227367931 14.66555804459431
1.0111083228255078 1680.1844632290004 0.0 1.1015314278095627 1977.4355337481588 0.0 t_move_k 100 162.9067726135254 39.3122562859684 21.759759979835742 11.86653056270401 14.285643961315994 23.948140633528464 26.22564227367931 14.66555804459431
1.0111083228255078 1680.1844632290004 0.0 1.099237943804105 1969.8960826757689 0.0 t_swap_r_k 100 165.0455915927887 39.3122562859684 21.759759979835742 11.86653056270401 14.285643961315994 23.948140633528464 27.003385850942514 14.66555804459431
1.0111083228255078 1680.1844632290004 0.0 1.0903347770485552 1940.628387770087 0.0 t_move_k 100 166.0098259449005 39.949133723108716 21.759759979835742 11.86653056270401 14.285643961315994 23.948140633528464 27.003385850942514 14.66555804459431
1.0111083228255078 1680.1844632290004 0.0 1.0903347770485552 1940.628387770087 0.0 t_swap_r_k 100 167.72907519340515 39.949133723108716 21.759759979835742 11.86653056270401 14.285643961315994 23.948140633528464 27.77335199243309 14.66555804459431
1.0111083228255078 1680.1844632290004 0.0 1.0888682356033206 1935.807374217925 0.0 t_move_k 100 168.6983938217163 40.57964238587763 21.759759979835742 11.86653056270401 14.285643961315994 23.948140633528464 27.77335199243309 14.66555804459431
1.0111083228255078 1680.1844632290004 0.0 1.082191081255456 1906.3811058518604 0.0 swap_t 100 169.3522229194641 40.57964238587763 21.759759979835742 11.86653056270401 14.285643961315994 24.73865922719318 27.77335199243309 14.66555804459431
1.0111083228255078 1680.1844632290004 0.0 1.0700878652441346 1874.0699986323511 0.0 t_move_k 100 170.03730940818787 41.20384596201885 21.759759979835742 11.86653056270401 14.285643961315994 24.73865922719318 27.77335199243309 14.66555804459431
1.0111083228255078 1680.1844632290004 0.0 1.066938810206369 1863.7179986511014 0.0 t_swap_r_k 100 171.1383137702942 41.20384596201885 21.759759979835742 11.86653056270401 14.285643961315994 24.73865922719318 28.53561847250876 14.66555804459431
1.0111083228255078 1680.1844632290004 0.0 1.066938810206369 1863.7179986511014 0.0 t_swap_r_k 100 173.1203556060791 41.20384596201885 21.759759979835742 11.86653056270401 14.285643961315994 24.73865922719318 29.290262287783673 14.66555804459431
1.0111083228255078 1680.1844632290004 0.0 1.066938810206369 1863.7179986511014 0.0 t_swap_r_k 100 174.16015005111694 41.20384596201885 21.759759979835742 11.86653056270401 14.285643961315994 24.73865922719318 30.037359664905836 14.66555804459431
1.0111083228255078 1680.1844632290004 0.0 1.066938810206369 1863.7179986511014 0.0 t_swap_r_k 100 175.7789752483368 41.20384596201885 21.759759979835742 11.86653056270401 14.285643961315994 24.73865922719318 30.77698606825678 14.66555804459431
1.0111083228255078 1680.1844632290004 0.0 1.0904851350868792 1941.1226650663687 0.0 t_move_k 100 176.86408305168152 41.90180750239867 21.759759979835742 11.86653056270401 14.285643961315994 24.73865922719318 30.77698606825678 14.66555804459431
1.0111083228255078 1680.1844632290004 0.0 1.0807781106903371 1909.2124205117664 0.0 t_move_k 100 177.8616166114807 42.512789427374685 21.759759979835742 11.86653056270401 14.285643961315994 24.73865922719318 30.77698606825678 14.66555804459431
1.0111083228255078 1680.1844632290004 0.0 1.0670679238798515 1864.142438595605 0.0 t_multiswap_k 100 178.28830885887146 42.512789427374685 21.759759979835742 11.86653056270401 14.285643961315994 24.73865922719318 30.77698606825678 15.518902464148367
1.0111083228255078 1680.1844632290004 0.0 1.0927992375973425 1948.7298960793669 0.0 t_move_k 100 178.94995546340942 43.12766153310094 21.759759979835742 11.86653056270401 14.285643961315994 24.73865922719318 30.77698606825678 15.518902464148367
1.0111083228255078 1680.1844632290004 0.0 1.0856257820197688 1925.1483418943892 0.0 swap_t 100 179.6958203315735 43.12766153310094 21.759759979835742 11.86653056270401 14.285643961315994 25.491272634921245 30.77698606825678 15.518902464148367
1.0111083228255078 1680.1844632290004 0.0 1.0842765070323672 1920.7128225157905 0.0 swap_t 100 180.47191643714905 43.12766153310094 21.759759979835742 11.86653056270401 14.285643961315994 26.236359908572034 30.77698606825678 15.518902464148367
1.0111083228255078 1680.1844632290004 0.0 1.0842765070323672 1920.7128225157905 0.0 f_swap_t 100 181.20591807365417 43.12766153310094 21.759759979835742 11.86653056270401 15.142787521702834 26.236359908572034 30.77698606825678 15.518902464148367
1.0111083228255078 1680.1844632290004 0.0 1.0842765070323672 1920.7128225157905 0.0 t_multiswap_k 100 181.40537190437317 43.12766153310094 21.759759979835742 11.86653056270401 15.142787521702834 26.236359908572034 30.77698606825678 16.36371343950688
1.0111083228255078 1680.1844632290004 0.0 1.0842765070323672 1920.7128225157905 0.0 t_swap_r_k 100 183.14802289009094 43.12766153310094 21.759759979835742 11.86653056270401 15.142787521702834 26.236359908572034 31.509216207574212 16.36371343950688
1.0111083228255078 1680.1844632290004 0.0 1.0842765070323672 1920.7128225157905 0.0 swap_t 100 183.88719773292542 43.12766153310094 21.759759979835742 11.86653056270401 15.142787521702834 26.973996309486314 31.509216207574212 16.36371343950688
1.0111083228255078 1680.1844632290004 0.0 1.0842765070323672 1920.7128225157905 0.0 t_swap_r_k 100 185.74844217300415 43.12766153310094 21.759759979835742 11.86653056270401 15.142787521702834 26.973996309486314 32.23412404549847 16.36371343950688
1.0111083228255078 1680.1844632290004 0.0 1.0842765070323672 1920.7128225157905 0.0 swap_t 100 186.37497234344482 43.12766153310094 21.759759979835742 11.86653056270401 15.142787521702834 27.70425634639145 32.23412404549847 16.36371343950688
1.0111083228255078 1680.1844632290004 0.0 1.1038924238401935 1985.1969194882329 0.0 t_swap_k 100 187.38321590423584 43.12766153310094 21.759759979835742 12.81786525707697 15.142787521702834 27.70425634639145 32.23412404549847 16.36371343950688
1.0111083228255078 1680.1844632290004 0.0 1.0803924122780924 1907.944500482284 0.0 t_multiswap_k 100 187.7174093723297 43.12766153310094 21.759759979835742 12.81786525707697 15.142787521702834 27.70425634639145 32.23412404549847 17.23007630511181
1.0111083228255078 1680.1844632290004 0.0 1.0767011818680317 1895.8101882275025 0.0 t_move_k 100 188.72111320495605 43.726384917769934 21.759759979835742 12.81786525707697 15.142787521702834 27.70425634639145 32.23412404549847 17.23007630511181
1.0111083228255078 1680.1844632290004 0.0 1.0678572743426353 1866.7372982846043 0.0 t_move_k 100 189.76383352279663 44.35912106859224 21.759759979835742 12.81786525707697 15.142787521702834 27.70425634639145 32.23412404549847 17.23007630511181
1.0111083228255078 1680.1844632290004 0.0 1.0595780883369095 1839.5208373627727 0.0 t_move_k 100 190.65309405326843 44.915529857906314 21.759759979835742 12.81786525707697 15.142787521702834 27.70425634639145 32.23412404549847 17.23007630511181
1.0111083228255078 1680.1844632290004 0.0 1.0595780883369095 1839.5208373627727 0.0 move_t 100 191.58218622207642 44.915529857906314 22.542162380037386 12.81786525707697 15.142787521702834 27.70425634639145 32.23412404549847 17.23007630511181
1.0111083228255078 1680.1844632290004 0.0 1.0595780883369095 1839.5208373627727 0.0 t_swap_r_k 100 193.56232595443726 44.915529857906314 22.542162380037386 12.81786525707697 15.142787521702834 27.70425634639145 32.951782805043486 17.23007630511181
1.0111083228255078 1680.1844632290004 0.0 1.0876202025624837 1931.7046710703446 0.0 t_swap_k 100 194.4624273777008 44.915529857906314 22.542162380037386 13.699686604506201 15.142787521702834 27.70425634639145 32.951782805043486 17.23007630511181
1.0111083228255078 1680.1844632290004 0.0 1.1002893475231423 1973.3523993006709 0.0 move_t 100 195.2243251800537 44.915529857906314 23.356740756237013 13.699686604506201 15.142787521702834 27.70425634639145 32.951782805043486 17.23007630511181
1.0111083228255078 1680.1844632290004 0.0 1.0923724745065329 1947.3269826799253 0.0 t_multiswap_k 100 195.67915225028992 44.915529857906314 23.356740756237013 13.699686604506201 15.142787521702834 27.70425634639145 32.951782805043486 18.057775542060693
1.0111083228255078 1680.1844632290004 0.0 1.0910231995191313 1942.8914633013267 0.0 t_swap_r_k 100 197.8536775112152 44.915529857906314 23.356740756237013 13.699686604506201 15.142787521702834 27.70425634639145 33.66226497699305 18.057775542060693
1.0111083228255078 1680.1844632290004 0.0 1.0910231995191313 1942.8914633013267 0.0 t_multiswap_k 100 198.1014494895935 44.915529857906314 23.356740756237013 13.699686604506201 15.142787521702834 27.70425634639145 33.66226497699305 18.877197786640085
1.0111083228255078 1680.1844632290004 0.0 1.1301564354657696 2071.53553364229 0.0 t_move_k 100 198.90260982513428 45.62637455932725 23.356740756237013 13.699686604506201 15.142787521702834 27.70425634639145 33.66226497699305 18.877197786640085
1.0111083228255078 1680.1844632290004 0.0 1.116356275528192 2026.169779883846 0.0 t_swap_r_k 100 200.72722005844116 45.62637455932725 23.356740756237013 13.699686604506201 15.142787521702834 27.70425634639145 34.36564232722312 18.877197786640085
1.0111083228255078 1680.1844632290004 0.0 1.1043257670069417 1986.6214638039896 0.0 t_swap_k 100 201.73462104797363 45.62637455932725 23.356740756237013 14.622689738461139 15.142787521702834 27.70425634639145 34.36564232722312 18.877197786640085
1.0111083228255078 1680.1844632290004 0.0 1.1333399682458536 2002.2861592493205 0.0 move_t 100 202.81536555290222 45.62637455932725 24.133173348674642 14.622689738461139 15.142787521702834 27.70425634639145 34.36564232722312 18.877197786640085
1.0111083228255078 1680.1844632290004 0.0 1.1234004297203672 2049.3262770523006 0.0 move_t 100 203.84750080108643 45.62637455932725 24.891841615187897 14.622689738461139 15.142787521702834 27.70425634639145 34.36564232722312 18.877197786640085
1.0111083228255078 1680.1844632290004 0.0 1.1033511553761939 1983.4175885264117 0.0 t_move_k 100 204.41633105278015 46.20011081373398 24.891841615187897 14.622689738461139 15.142787521702834 27.70425634639145 34.36564232722312 18.877197786640085
1.0111083228255078 1680.1844632290004 0.0 1.09608454590111 1959.5298062400784 0.0 t_move_k 100 205.37662553787231 46.768109705596636 24.891841615187897 14.622689738461139 15.142787521702834 27.70425634639145 34.36564232722312 18.877197786640085
1.0111083228255078 1680.1844632290004 0.0 1.0917288232025242 1945.211084987722 0.0 swap_t 100 206.14591336250305 46.768109705596636 24.891841615187897 14.622689738461139 15.142787521702834 28.427213782927534 34.36564232722312 18.877197786640085
1.0111083228255078 1680.1844632290004 0.0 1.1396368361210687 2102.7007899585287 0.0 t_swap_k 100 207.03493189811707 46.768109705596636 24.891841615187897 15.556462841076527 15.142787521702834 28.427213782927534 34.36564232722312 18.877197786640085
1.0111083228255078 1680.1844632290004 0.0 1.128449646742998 2065.924746719155 0.0 f_swap_t 100 208.49542331695557 46.768109705596636 24.891841615187897 15.556462841076527 15.991359646485806 28.427213782927534 34.36564232722312 18.877197786640085
1.0111083228255078 1680.1844632290004 0.0 1.1267163667850832 2060.2268742219603 0.0 f_swap_t 100 209.42950105667114 46.768109705596636 24.891841615187897 15.556462841076527 16.831446050020947 28.427213782927534 34.36564232722312 18.877197786640085
1.0111083228255078 1680.1844632290004 0.0 1.1382510913078185 2098.1453820317865 0.0 t_move_k 100 210.5056130886078 47.43042860854067 24.891841615187897 15.556462841076527 16.831446050020947 28.427213782927534 34.36564232722312 18.877197786640085
1.0111083228255078 1680.1844632290004 0.0 1.129812914661537 2070.406265555093 0.0 t_swap_r_k 100 212.38653182983398 47.43042860854067 24.891841615187897 15.556462841076527 16.831446050020947 28.427213782927534 35.06198590395089 18.877197786640085
1.0111083228255078 1680.1844632290004 0.0 1.129812914661537 2070.406265555093 0.0 move_t 100 213.33907318115234 47.43042860854067 25.642923199036016 15.556462841076527 16.831446050020947 28.427213782927534 35.06198590395089 18.877197786640085
1.0111083228255078 1680.1844632290004 0.0 1.1287216044876343 2066.818763029956 0.0 move_t 100 214.13534450531006 47.43042860854067 26.416493967045657 15.556462841076527 16.831446050020947 28.427213782927534 35.06198590395089 18.877197786640085
1.0111083228255078 1680.1844632290004 0.0 1.109558606954641 2003.8235636056195 0.0 t_move_k 100 214.96340107917786 48.04612432245526 26.416493967045657 15.556462841076527 16.831446050020947 28.427213782927534 35.06198590395089 18.877197786640085
1.0111083228255078 1680.1844632290004 0.0 1.1062764177473832 1993.033906961161 0.0 swap_t 100 215.5701937675476 48.04612432245526 26.416493967045657 15.556462841076527 16.831446050020947 29.142941645098258 35.06198590395089 18.877197786640085
1.0111083228255078 1680.1844632290004 0.0 1.1062764177473832 1993.033906961161 0.0 t_move_k 100 216.38607120513916 48.56566307923071 26.416493967045657 15.556462841076527 16.831446050020947 29.142941645098258 35.06198590395089 18.877197786640085
1.0111083228255078 1680.1844632290004 0.0 1.1062764177473832 1993.033906961161 0.0 t_swap_k 100 217.72336530685425 48.56566307923071 26.416493967045657 16.400898212665762 16.831446050020947 29.142941645098258 35.06198590395089 18.877197786640085
1.0111083228255078 1680.1844632290004 0.0 1.1043663863275806 1986.7549931330893 0.0 t_multiswap_k 100 218.19999051094055 48.56566307923071 26.416493967045657 16.400898212665762 16.831446050020947 29.142941645098258 35.06198590395089 19.718425808773684
1.0111083228255078 1680.1844632290004 0.0 1.0985726283666084 1967.7089677114718 0.0 swap_t 100 218.67503094673157 48.56566307923071 26.416493967045657 16.400898212665762 16.831446050020947 29.851512228647277 35.06198590395089 19.718425808773684
1.0111083228255078 1680.1844632290004 0.0 1.0985726283666084 1967.7089677114718 0.0 t_move_k 100 219.27354526519775 49.080006448438404 26.416493967045657 16.400898212665762 16.831446050020947 29.851512228647277 35.06198590395089 19.718425808773684
1.0111083228255078 1680.1844632290004 0.0 1.0985726283666084 1967.7089677114718 0.0 t_swap_r_k 100 221.070570230484 49.080006448438404 26.416493967045657 16.400898212665762 16.831446050020947 29.851512228647277 35.75136604491138 19.718425808773684
1.0111083228255078 1680.1844632290004 0.0 1.0985726283666084 1967.7089677114718 0.0 t_move_k 100 222.08580422401428 49.58920638395402 26.416493967045657 16.400898212665762 16.831446050020947 29.851512228647277 35.75136604491138 19.718425808773684
1.0111083228255078 1680.1844632290004 0.0 1.0979292378698897 1965.5939273802956 0.0 t_move_k 100 222.90363788604736 50.12331432011448 26.416493967045657 16.400898212665762 16.831446050020947 29.851512228647277 35.75136604491138 19.718425808773684
1.0111083228255078 1680.1844632290004 0.0 1.12438326880563 2052.557198732042 0.0 t_swap_k 100 223.95711588859558 50.12331432011448 26.416493967045657 17.316889230539104 16.831446050020947 29.851512228647277 35.75136604491138 19.718425808773684
1.0111083228255078 1680.1844632290004 0.0 1.0960551711072342 1959.4332414414312 0.0 t_swap_k 100 225.00817894935608 50.12331432011448 26.416493967045657 18.233720338233713 16.831446050020947 29.851512228647277 35.75136604491138 19.718425808773684
1.0111083228255078 1680.1844632290004 0.0 1.0867802384608516 1928.9434273765808 0.0 t_move_k 100 225.9655885696411 50.792081176913335 26.416493967045657 18.233720338233713 16.831446050020947 29.851512228647277 35.75136604491138 19.718425808773684
1.0111083228255078 1680.1844632290004 0.0 1.1071989222585013 1996.0664886617888 0.0 f_swap_t 100 227.19040942192078 50.792081176913335 26.416493967045657 18.233720338233713 17.673131589520736 29.851512228647277 35.75136604491138 19.718425808773684
1.0111083228255078 1680.1844632290004 0.0 1.10095059179444 1975.526130976359 0.0 t_swap_r_k 100 229.11159563064575 50.792081176913335 26.416493967045657 18.233720338233713 17.673131589520736 29.851512228647277 36.43385238446226 19.718425808773684
1.0111083228255078 1680.1844632290004 0.0 1.10095059179444 1975.526130976359 0.0 t_swap_k 100 230.08894729614258 50.792081176913335 26.416493967045657 19.051383134851378 17.673131589520736 29.851512228647277 36.43385238446226 19.718425808773684
1.0111083228255078 1680.1844632290004 0.0 1.10095059179444 1975.526130976359 0.0 t_multiswap_k 100 230.64073491096497 50.792081176913335 26.416493967045657 19.051383134851378 17.673131589520736 29.851512228647277 36.43385238446226 20.521241550685946
1.0111083228255078 1680.1844632290004 0.0 1.10095059179444 1975.526130976359 0.0 t_swap_r_k 100 232.63143491744995 50.792081176913335 26.416493967045657 19.051383134851378 17.673131589520736 29.851512228647277 37.10951386061764 20.521241550685946
1.0111083228255078 1680.1844632290004 0.0 1.10095059179444 1975.526130976359 0.0 t_swap_r_k 100 234.61431407928467 50.792081176913335 26.416493967045657 19.051383134851378 17.673131589520736 29.851512228647277 37.778418722011466 20.521241550685946
1.0111083228255078 1680.1844632290004 0.0 1.0982327816279565 1995.8405855232252 0.0 swap_t 100 235.49295020103455 50.792081176913335 26.416493967045657 19.051383134851378 17.673131589520736 30.612997106360805 37.778418722011466 20.521241550685946
1.0111083228255078 1680.1844632290004 0.0 1.0870828470593021 1929.9382033229892 0.0 t_swap_r_k 100 237.36617350578308 50.792081176913335 26.416493967045657 19.051383134851378 17.673131589520736 30.612997106360805 38.44063453479135 20.521241550685946
1.0111083228255078 1680.1844632290004 0.0 1.0868823486440315 1929.2790977925263 0.0 t_move_k 100 238.55899906158447 51.2841603651442 26.416493967045657 19.051383134851378 17.673131589520736 30.612997106360805 38.44063453479135 20.521241550685946
1.0111083228255078 1680.1844632290004 0.0 1.0808125300180111 1909.3255683847508 0.0 t_multiswap_k 100 238.9205572605133 51.2841603651442 26.416493967045657 19.051383134851378 17.673131589520736 30.612997106360805 38.44063453479135 21.346029135179087
1.0111083228255078 1680.1844632290004 0.0 1.0768861400962892 1896.4182079516713 0.0 t_swap_r_k 100 240.86921191215515 51.2841603651442 26.416493967045657 19.051383134851378 17.673131589520736 30.612997106360805 39.09622818944344 21.346029135179087
1.0111083228255078 1680.1844632290004 0.0 1.089455855757139 1942.0198950701035 0.0 move_t 100 242.08002591133118 51.2841603651442 27.2523290273752 19.051383134851378 17.673131589520736 30.612997106360805 39.09622818944344 21.346029135179087
1.0111083228255078 1680.1844632290004 0.0 1.1690908995592189 2199.526174241376 0.0 t_swap_k 100 243.36106204986572 51.2841603651442 27.2523290273752 19.960869303502864 17.673131589520736 30.612997106360805 39.09622818944344 21.346029135179087
1.0111083228255078 1680.1844632290004 0.0 1.150859862670344 2139.594641998063 0.0 swap_t 100 244.16191601753235 51.2841603651442 27.2523290273752 19.960869303502864 17.673131589520736 31.306867135297196 39.09622818944344 21.346029135179087
1.0111083228255078 1680.1844632290004 0.0 1.150859862670344 2139.594641998063 0.0 swap_t 100 244.843985080719 51.2841603651442 27.2523290273752 19.960869303502864 17.673131589520736 31.993798463944223 39.09622818944344 21.346029135179087
1.0111083228255078 1680.1844632290004 0.0 1.1679694305937143 2183.7557717425643 0.0 move_t 100 246.05339002609253 51.2841603651442 27.98980573710145 19.960869303502864 17.673131589520736 31.993798463944223 39.09622818944344 21.346029135179087
1.0111083228255078 1680.1844632290004 0.0 1.1853028950360895 2252.820440254485 0.0 f_swap_t 100 247.49744987487793 51.2841603651442 27.98980573710145 19.960869303502864 18.65640027362553 31.993798463944223 39.09622818944344 21.346029135179087
1.0111083228255078 1680.1844632290004 0.0 1.1663259813183333 2190.4369607361978 0.0 t_swap_r_k 100 249.5291233062744 51.2841603651442 27.98980573710145 19.960869303502864 18.65640027362553 31.993798463944223 39.745265907549005 21.346029135179087
1.0111083228255078 1680.1844632290004 0.0 1.129040759950112 2067.867934067605 0.0 t_move_k 100 250.79598569869995 51.991318761492764 27.98980573710145 19.960869303502864 18.65640027362553 31.993798463944223 39.745265907549005 21.346029135179087
1.0111083228255078 1680.1844632290004 0.0 1.1102031818251534 2005.94249737065 0.0 t_swap_k 100 251.78587555885315 51.991318761492764 27.98980573710145 20.821260610467835 18.65640027362553 31.993798463944223 39.745265907549005 21.346029135179087
1.0111083228255078 1680.1844632290004 0.0 1.106838367943224 1994.8812257114034 0.0 move_t 100 252.89005708694458 51.991318761492764 28.709907679730435 20.821260610467835 18.65640027362553 31.993798463944223 39.745265907549005 21.346029135179087
1.0111083228255078 1680.1844632290004 0.0 1.106838367943224 1994.8812257114034 0.0 f_swap_t 100 254.02482795715332 51.991318761492764 28.709907679730435 20.821260610467835 19.469836270889274 31.993798463944223 39.745265907549005 21.346029135179087
1.0111083228255078 1680.1844632290004 0.0 1.106838367943224 1994.8812257114034 0.0 move_t 100 254.69614577293396 51.991318761492764 29.42280860293313 20.821260610467835 19.469836270889274 31.993798463944223 39.745265907549005 21.346029135179087
1.0111083228255078 1680.1844632290004 0.0 1.106838367943224 1994.8812257114034 0.0 t_swap_r_k 100 255.8725516796112 51.991318761492764 29.42280860293313 20.821260610467835 19.469836270889274 31.993798463944223 40.38781324847351 21.346029135179087
1.0111083228255078 1680.1844632290004 0.0 1.1592217979265076 2185.290207710707 0.0 swap_t 100 256.55295991897583 51.991318761492764 29.42280860293313 20.821260610467835 19.469836270889274 32.72386047930478 40.38781324847351 21.346029135179087
1.0111083228255078 1680.1844632290004 0.0 1.1224290796147884 2046.1331235017437 0.0 t_move_k 100 257.5158734321594 52.561405573877835 29.42280860293313 20.821260610467835 19.469836270889274 32.72386047930478 40.38781324847351 21.346029135179087
1.0111083228255078 1680.1844632290004 0.0 1.095904902783337 1958.9392590665568 0.0 t_move_k 100 258.4315733909607 53.06579151813906 29.42280860293313 20.821260610467835 19.469836270889274 32.72386047930478 40.38781324847351 21.346029135179087
1.0111083228255078 1680.1844632290004 0.0 1.0954764696779933 1957.5308557692829 0.0 f_swap_t 100 259.4752473831177 53.06579151813906 29.42280860293313 20.821260610467835 20.315137908180382 32.72386047930478 40.38781324847351 21.346029135179087
1.0111083228255078 1680.1844632290004 0.0 1.1164238325668898 2019.61924749714 0.0 move_t 100 260.4717233181 53.06579151813906 30.1685805169038 20.821260610467835 20.315137908180382 32.72386047930478 40.38781324847351 21.346029135179087
1.0111083228255078 1680.1844632290004 0.0 1.0957949505881015 1958.5778093270742 0.0 swap_t 100 261.1037766933441 53.06579151813906 30.1685805169038 20.821260610467835 20.315137908180382 33.39662187451174 40.38781324847351 21.346029135179087
1.0111083228255078 1680.1844632290004 0.0 1.082727432267308 1915.6204942628594 0.0 t_move_k 100 262.4294352531433 53.605133602957665 30.1685805169038 20.821260610467835 20.315137908180382 33.39662187451174 40.38781324847351 21.346029135179087
1.0111083228255078 1680.1844632290004 0.0 1.0741773246514226 1887.5134231517302 0.0 t_swap_r_k 100 264.1248664855957 53.605133602957665 30.1685805169038 20.821260610467835 20.315137908180382 33.39662187451174 41.02393511598878 21.346029135179087
1.0111083228255078 1680.1844632290004 0.0 1.112173661450488 2019.142586742324 0.0 swap_t 100 264.4363968372345 53.605133602957665 30.1685805169038 20.821260610467835 20.315137908180382 34.14265565576662 41.02393511598878 21.346029135179087
1.0111083228255078 1680.1844632290004 0.0 1.0932052741481448 1950.0646743909197 0.0 t_swap_r_k 100 266.41060853004456 53.605133602957665 30.1685805169038 20.821260610467835 20.315137908180382 34.14265565576662 41.65369576482889 21.346029135179087
1.0111083228255078 1680.1844632290004 0.0 1.090614780070432 1941.5488516052555 0.0 t_multiswap_k 100 266.7767882347107 53.605133602957665 30.1685805169038 20.821260610467835 20.315137908180382 34.14265565576662 41.65369576482889 22.132568843827297
1.0111083228255078 1680.1844632290004 0.0 1.1603123861193425 2315.3967253942274 0.0 swap_t 100 267.7333209514618 53.605133602957665 30.1685805169038 20.821260610467835 20.315137908180382 34.89122909920895 41.65369576482889 22.132568843827297
1.0111083228255078 1680.1844632290004 0.0 1.1389230168976072 2100.354226783458 0.0 f_swap_t 100 269.6396083831787 53.605133602957665 30.1685805169038 20.821260610467835 21.17198652909858 34.89122909920895 41.65369576482889 22.132568843827297
1.0111083228255078 1680.1844632290004 0.0 1.1277892870834159 2063.75392305884 0.0 t_swap_r_k 100 271.4399049282074 53.605133602957665 30.1685805169038 20.821260610467835 21.17198652909858 34.89122909920895 42.2771588071806 22.132568843827297
1.0111083228255078 1680.1844632290004 0.0 1.1083691300631107 1999.9133541582935 0.0 t_move_k 100 272.6065695285797 54.15908226692809 30.1685805169038 20.821260610467835 21.17198652909858 34.89122909920895 42.2771588071806 22.132568843827297
1.0111083228255078 1680.1844632290004 0.0 1.1096041425325105 2003.973254320961 0.0 f_swap_t 100 274.12314009666443 54.15908226692809 30.1685805169038 20.821260610467835 22.000266663807594 34.89122909920895 42.2771588071806 22.132568843827297
1.0111083228255078 1680.1844632290004 0.0 1.1273197090740688 2062.2102626636865 0.0 t_swap_k 100 275.6642520427704 54.15908226692809 30.1685805169038 21.773048004363158 22.000266663807594 34.89122909920895 42.2771588071806 22.132568843827297
1.0111083228255078 1680.1844632290004 0.0 1.1168970643726044 2027.9475341752384 0.0 swap_t 100 276.55157375335693 54.15908226692809 30.1685805169038 21.773048004363158 22.000266663807594 35.54231680821686 42.2771588071806 22.132568843827297
1.0111083228255078 1680.1844632290004 0.0 1.1121817776069274 2012.446805250375 0.0 move_t 100 277.62872982025146 54.15908226692809 30.89689471173476 21.773048004363158 22.000266663807594 35.54231680821686 42.2771588071806 22.132568843827297
1.0111083228255078 1680.1844632290004 0.0 1.1114840077233907 2010.1530016379695 0.0 t_move_k 100 278.48335456848145 54.72749144425881 30.89689471173476 21.773048004363158 22.000266663807594 35.54231680821686 42.2771588071806 22.132568843827297
1.0111083228255078 1680.1844632290004 0.0 1.1051179309348989 1989.2255722965413 0.0 t_swap_r_k 100 280.71337151527405 54.72749144425881 30.89689471173476 21.773048004363158 22.000266663807594 35.54231680821686 42.89438721910879 22.132568843827297
1.0111083228255078 1680.1844632290004 0.0 1.0891543740218659 1936.748007159519 0.0 t_move_k 100 282.0282185077667 55.33021652981622 30.89689471173476 21.773048004363158 22.000266663807594 35.54231680821686 42.89438721910879 22.132568843827297
1.0111083228255078 1680.1844632290004 0.0 1.0870746398118212 1929.911223348123 0.0 swap_t 100 282.9337019920349 55.33021652981622 30.89689471173476 21.773048004363158 22.000266663807594 36.22689364013469 42.89438721910879 22.132568843827297
1.0111083228255078 1680.1844632290004 0.0 1.086286247390285 1927.319513061995 0.0 t_multiswap_k 100 283.95010709762573 55.33021652981622 30.89689471173476 21.773048004363158 22.000266663807594 36.22689364013469 42.89438721910879 22.911243155389023
1.0111083228255078 1680.1844632290004 0.0 1.085725548607899 1925.4763081274552 0.0 f_swap_t 100 284.9534821510315 55.33021652981622 30.89689471173476 21.773048004363158 22.810263997169518 36.22689364013469 42.89438721910879 22.911243155389023
1.0111083228255078 1680.1844632290004 0.0 1.0999589330931931 1949.3060317641446 0.0 swap_t 100 285.853440284729 55.33021652981622 30.89689471173476 21.773048004363158 22.810263997169518 36.90462470373335 42.89438721910879 22.911243155389023
1.0111083228255078 1680.1844632290004 0.0 1.0879599914405125 1932.8216710645652 0.0 t_move_k 100 286.74756598472595 55.80691436451806 30.89689471173476 21.773048004363158 22.810263997169518 36.90462470373335 42.89438721910879 22.911243155389023
1.0111083228255078 1680.1844632290004 0.0 1.0879599914405125 1932.8216710645652 0.0 t_swap_r_k 100 288.475950717926 55.80691436451806 30.89689471173476 21.773048004363158 22.810263997169518 36.90462470373335 43.50544334691771 22.911243155389023
1.0111083228255078 1680.1844632290004 0.0 1.0879599914405125 1932.8216710645652 0.0 t_move_k 100 289.571191072464 56.24884522087288 30.89689471173476 21.773048004363158 22.810263997169518 36.90462470373335 43.50544334691771 22.911243155389023
1.0111083228255078 1680.1844632290004 0.0 1.0879599914405125 1932.8216710645652 0.0 t_multiswap_k 100 290.1812813282013 56.24884522087288 30.89689471173476 21.773048004363158 22.810263997169518 36.90462470373335 43.50544334691771 23.682130723835133
1.0111083228255078 1680.1844632290004 0.0 1.0879599914405125 1932.8216710645652 0.0 swap_t 100 291.07323932647705 56.24884522087288 30.89689471173476 21.773048004363158 22.810263997169518 37.535578456696015 43.50544334691771 23.682130723835133
1.0111083228255078 1680.1844632290004 0.0 1.0879599914405125 1932.8216710645652 0.0 t_multiswap_k 100 291.90019607543945 56.24884522087288 30.89689471173476 21.773048004363158 22.810263997169518 37.535578456696015 43.50544334691771 24.445309416596782
1.0111083228255078 1680.1844632290004 0.0 1.1080398772098863 1998.830989610984 0.0 t_swap_k 100 292.9804050922394 56.24884522087288 30.89689471173476 22.655317524319525 22.810263997169518 37.535578456696015 43.50544334691771 24.445309416596782
1.0111083228255078 1680.1844632290004 0.0 1.0967334854311632 1961.6630881047588 0.0 t_multiswap_k 100 293.63707518577576 56.24884522087288 30.89689471173476 22.655317524319525 22.810263997169518 37.535578456696015 43.50544334691771 25.230856322430814
1.0111083228255078 1680.1844632290004 0.0 1.0975581287682346 1964.3739673074153 0.0 t_move_k 100 294.9056432247162 56.77635676866415 30.89689471173476 22.655317524319525 22.810263997169518 37.535578456696015 43.50544334691771 25.230856322430814
1.0111083228255078 1680.1844632290004 0.0 1.0881542017460393 1933.460105469509 0.0 t_move_k 100 295.9156997203827 57.23859320097751 30.89689471173476 22.655317524319525 22.810263997169518 37.535578456696015 43.50544334691771 25.230856322430814
1.0111083228255078 1680.1844632290004 0.0 1.08534430000151 1924.2230161021143 0.0 t_swap_k 100 296.99167561531067 57.23859320097751 30.89689471173476 23.428764349076328 22.810263997169518 37.535578456696015 43.50544334691771 25.230856322430814
1.0111083228255078 1680.1844632290004 0.0 1.08534430000151 1924.2230161021143 0.0 f_swap_t 100 298.25009417533875 57.23859320097751 30.89689471173476 23.428764349076328 23.582161357197823 37.535578456696015 43.50544334691771 25.230856322430814
1.0111083228255078 1680.1844632290004 0.0 1.08534430000151 1924.2230161021143 0.0 t_swap_r_k 100 300.26565504074097 57.23859320097751 30.89689471173476 23.428764349076328 23.582161357197823 37.535578456696015 44.11038891344853 25.230856322430814
1.0111083228255078 1680.1844632290004 0.0 1.08534430000151 1924.2230161021143 0.0 t_swap_r_k 100 302.4436972141266 57.23859320097751 30.89689471173476 23.428764349076328 23.582161357197823 37.535578456696015 44.70928502431405 25.230856322430814
1.0111083228255078 1680.1844632290004 0.0 1.0823034913346765 1914.2268582437928 0.0 move_t 100 303.022269487381 57.23859320097751 31.627925764617412 23.428764349076328 23.582161357197823 37.535578456696015 44.70928502431405 25.230856322430814
1.0111083228255078 1680.1844632290004 0.0 1.06497717617838 1857.2694497443874 0.0 t_swap_k 100 303.9857807159424 57.23859320097751 31.627925764617412 24.224476705585566 23.582161357197823 37.535578456696015 44.70928502431405 25.230856322430814
1.0111083228255078 1680.1844632290004 0.0 1.0647763719110839 1856.609338775746 0.0 swap_t 100 304.63856530189514 57.23859320097751 31.627925764617412 24.224476705585566 23.582161357197823 38.16022267212905 44.70928502431405 25.230856322430814
1.0111083228255078 1680.1844632290004 0.0 1.1131201286134493 2021.8494770021507 0.0 move_t 100 305.60210609436035 57.23859320097751 32.39164650697124 24.224476705585566 23.582161357197823 38.16022267212905 44.70928502431405 25.230856322430814
1.0111083228255078 1680.1844632290004 0.0 1.1522388354134234 2144.1277878590618 0.0 t_move_k 100 306.58128476142883 57.76620726896774 32.39164650697124 24.224476705585566 23.582161357197823 38.16022267212905 44.70928502431405 25.230856322430814
1.0111083228255078 1680.1844632290004 0.0 1.1003727050503358 1973.626423447469 0.0 t_move_k 100 308.15130972862244 58.43854519627806 32.39164650697124 24.224476705585566 23.582161357197823 38.16022267212905 44.70928502431405 25.230856322430814
1.0111083228255078 1680.1844632290004 0.0 1.1420692300535857 1910.2861971126595 0.0 swap_t 100 309.19204235076904 58.43854519627806 32.39164650697124 24.224476705585566 23.582161357197823 38.78862044540776 44.70928502431405 25.230856322430814
1.0111083228255078 1680.1844632290004 0.0 1.1344639834573256 2085.6958884766927 0.0 t_multiswap_k 100 310.3270010948181 58.43854519627806 32.39164650697124 24.224476705585566 23.582161357197823 38.78862044540776 44.70928502431405 26.008547759206504
1.0111083228255078 1680.1844632290004 0.0 1.1302097921106662 2071.7109348278345 0.0 t_swap_r_k 100 312.35712933540344 58.43854519627806 32.39164650697124 24.224476705585566 23.582161357197823 38.78862044540776 45.30219217407091 26.008547759206504
1.0111083228255078 1680.1844632290004 0.0 1.129158208472394 2068.2540267480695 0.0 t_multiswap_k 100 313.4396369457245 58.43854519627806 32.39164650697124 24.224476705585566 23.582161357197823 38.78862044540776 45.30219217407091 26.85846228161444
1.0111083228255078 1680.1844632290004 0.0 1.1219709114438732 2044.6269710719375 0.0 t_move_k 100 314.71957302093506 58.954159744315284 32.39164650697124 24.224476705585566 23.582161357197823 38.78862044540776 45.30219217407091 26.85846228161444
1.0111083228255078 1680.1844632290004 0.0 1.1170262266175777 2028.3721337905222 0.0 swap_t 100 315.706463098526 58.954159744315284 32.39164650697124 24.224476705585566 23.582161357197823 39.40073424095368 45.30219217407091 26.85846228161444
1.0111083228255078 1680.1844632290004 0.0 1.1152982924489745 2022.691834695567 0.0 swap_t 100 316.5792510509491 58.954159744315284 32.39164650697124 24.224476705585566 23.582161357197823 40.006726898544144 45.30219217407091 26.85846228161444
1.0111083228255078 1680.1844632290004 0.0 1.115017859654361 2021.769958053284 0.0 t_swap_r_k 100 318.66632866859436 58.954159744315284 32.39164650697124 24.224476705585566 23.582161357197823 40.006726898544144 45.8891702523302 26.85846228161444
1.0111083228255078 1680.1844632290004 0.0 1.115017859654361 2021.769958053284 0.0 swap_t 100 319.46182322502136 58.954159744315284 32.39164650697124 24.224476705585566 23.582161357197823 40.606659629558706 45.8891702523302 26.85846228161444
1.0111083228255078 1680.1844632290004 0.0 1.115017859654361 2021.769958053284 0.0 f_swap_t 100 320.6438899040222 58.954159744315284 32.39164650697124 24.224476705585566 24.346339743625844 40.606659629558706 45.8891702523302 26.85846228161444
1.0111083228255078 1680.1844632290004 0.0 1.115017859654361 2021.769958053284 0.0 f_swap_t 100 321.8040611743927 58.954159744315284 32.39164650697124 24.224476705585566 25.102876346189586 40.606659629558706 45.8891702523302 26.85846228161444
1.0111083228255078 1680.1844632290004 0.0 1.1085844900471329 2000.6213146492425 0.0 move_t 100 322.87304759025574 58.954159744315284 33.09773004190153 24.224476705585566 25.102876346189586 40.606659629558706 45.8891702523302 26.85846228161444
1.0111083228255078 1680.1844632290004 0.0 1.1085844900471329 2000.6213146492425 0.0 f_swap_t 100 324.14092206954956 58.954159744315284 33.09773004190153 24.224476705585566 25.85184758272769 40.606659629558706 45.8891702523302 26.85846228161444
1.0111083228255078 1680.1844632290004 0.0 1.1085844900471329 2000.6213146492425 0.0 swap_t 100 325.0125570297241 58.954159744315284 33.09773004190153 24.224476705585566 25.85184758272769 41.20059303326312 45.8891702523302 26.85846228161444
1.0111083228255078 1680.1844632290004 0.0 1.1085844900471329 2000.6213146492425 0.0 move_t 100 325.98595356941223 58.954159744315284 33.76675274148251 24.224476705585566 25.85184758272769 41.20059303326312 45.8891702523302 26.85846228161444
1.0111083228255078 1680.1844632290004 0.0 1.1085844900471329 2000.6213146492425 0.0 swap_t 100 326.8331878185272 58.954159744315284 33.76675274148251 24.224476705585566 25.85184758272769 41.788587102930485 45.8891702523302 26.85846228161444
1.0111083228255078 1680.1844632290004 0.0 1.1585296563989846 2164.807826138351 0.0 t_swap_k 100 328.271413564682 58.954159744315284 33.76675274148251 25.16223193852971 25.85184758272769 41.788587102930485 45.8891702523302 26.85846228161444
1.0111083228255078 1680.1844632290004 0.0 1.1393295442852283 2101.690618640241 0.0 f_swap_t 100 329.71951627731323 58.954159744315284 33.76675274148251 25.16223193852971 26.623329106900414 41.788587102930485 45.8891702523302 26.85846228161444
1.0111083228255078 1680.1844632290004 0.0 1.1368203701554922 2093.442121795164 0.0 f_swap_t 100 331.28110551834106 58.954159744315284 33.76675274148251 25.16223193852971 27.387095815831408 41.788587102930485 45.8891702523302 26.85846228161444
1.0111083228255078 1680.1844632290004 0.0 1.136714838242436 2093.095203005598 0.0 swap_t 100 332.0491442680359 58.954159744315284 33.76675274148251 25.16223193852971 27.387095815831408 42.37070123190118 45.8891702523302 26.85846228161444
1.0111083228255078 1680.1844632290004 0.0 1.1073944531699023 1996.7092643411222 0.0 t_move_k 100 333.00396752357483 59.54461814687213 33.76675274148251 25.16223193852971 27.387095815831408 42.37070123190118 45.8891702523302 26.85846228161444
1.0111083228255078 1680.1844632290004 0.0 1.1183277940968028 2032.650822590479 0.0 t_swap_k 100 333.89774084091187 59.54461814687213 33.76675274148251 26.050609619144414 27.387095815831408 42.37070123190118 45.8891702523302 26.85846228161444
1.0111083228255078 1680.1844632290004 0.0 1.1133631884296165 2016.3304988243694 0.0 t_swap_r_k 100 336.0058078765869 59.54461814687213 33.76675274148251 26.050609619144414 27.387095815831408 42.37070123190118 46.4702785498069 26.85846228161444
1.0111083228255078 1680.1844632290004 0.0 1.1061843913384086 1992.7313852927387 0.0 t_move_k 100 337.09780979156494 60.00917196540341 33.76675274148251 26.050609619144414 27.387095815831408 42.37070123190118 46.4702785498069 26.85846228161444
1.0111083228255078 1680.1844632290004 0.0 1.099017110123298 1969.1701283078205 0.0 t_multiswap_k 100 338.1159164905548 60.00917196540341 33.76675274148251 26.050609619144414 27.387095815831408 42.37070123190118 46.4702785498069 27.619877658798295
1.0111083228255078 1680.1844632290004 0.0 1.0899581198127941 1939.3901891197688 0.0 t_move_k 100 339.24314522743225 60.469080245749375 33.76675274148251 26.050609619144414 27.387095815831408 42.37070123190118 46.4702785498069 27.619877658798295
1.0111083228255078 1680.1844632290004 0.0 1.1010443711374405 1975.834415126791 0.0 t_swap_k 100 339.7256181240082 60.469080245749375 33.76675274148251 26.96010352295297 27.387095815831408 42.37070123190118 46.4702785498069 27.619877658798295
1.0111083228255078 1680.1844632290004 0.0 1.0946809410683485 1954.9156864396384 0.0 t_swap_r_k 100 341.41785860061646 60.469080245749375 33.76675274148251 26.96010352295297 27.387095815831408 42.37070123190118 47.04557576430883 27.619877658798295
1.0111083228255078 1680.1844632290004 0.0 1.0945059984747825 1954.3405914655598 0.0 t_swap_r_k 100 343.5321042537689 60.469080245749375 33.76675274148251 26.96010352295297 27.387095815831408 42.37070123190118 47.61512000666574 27.619877658798295
1.0111083228255078 1680.1844632290004 0.0 1.0797315882548921 1905.772150303027 0.0 t_swap_k 100 344.48473358154297 60.469080245749375 33.76675274148251 27.76050248772344 27.387095815831408 42.37070123190118 47.61512000666574 27.619877658798295
1.0111083228255078 1680.1844632290004 0.0 1.113013374268896 2015.1805423638468 0.0 t_swap_k 100 345.65010952949524 60.469080245749375 33.76675274148251 28.532897462846204 27.387095815831408 42.37070123190118 47.61512000666574 27.619877658798295
1.0111083228255078 1680.1844632290004 0.0 1.1014367185505525 1977.1241926519444 0.0 swap_t 100 346.1449065208435 60.469080245749375 33.76675274148251 28.532897462846204 27.387095815831408 42.946994219582166 47.61512000666574 27.619877658798295
1.0111083228255078 1680.1844632290004 0.0 1.0976572522930823 1964.699819575813 0.0 move_t 100 347.11761474609375 60.469080245749375 34.459085214067684 28.532897462846204 27.387095815831408 42.946994219582166 47.61512000666574 27.619877658798295
1.0111083228255078 1680.1844632290004 0.0 1.096244603475575 1960.0559691645085 0.0 t_move_k 100 348.3337743282318 60.99438944329188 34.459085214067684 28.532897462846204 27.387095815831408 42.946994219582166 47.61512000666574 27.619877658798295
1.0111083228255078 1680.1844632290004 0.0 1.1067168554734952 1979.6022762235546 0.0 move_t 100 349.09886169433594 60.99438944329188 35.15449436192701 28.532897462846204 27.387095815831408 42.946994219582166 47.61512000666574 27.619877658798295
1.0111083228255078 1680.1844632290004 0.0 1.1366550260843171 2037.8197270916216 0.0 swap_t 100 350.02255272865295 60.99438944329188 35.15449436192701 28.532897462846204 27.387095815831408 43.537524277386346 47.61512000666574 27.619877658798295
1.0111083228255078 1680.1844632290004 0.0 1.1250910438874833 2054.883892786672 0.0 t_move_k 100 350.9871938228607 61.414445548858964 35.15449436192701 28.532897462846204 27.387095815831408 43.537524277386346 47.61512000666574 27.619877658798295
1.0111083228255078 1680.1844632290004 0.0 1.1183612597495878 2032.7608354142774 0.0 t_swap_r_k 100 352.80108284950256 61.414445548858964 35.15449436192701 28.532897462846204 27.387095815831408 43.537524277386346 48.17896880659908 27.619877658798295
1.0111083228255078 1680.1844632290004 0.0 1.1132056967208621 2015.8127707610238 0.0 t_swap_k 100 353.9967362880707 61.414445548858964 35.15449436192701 29.33756848821774 27.387095815831408 43.537524277386346 48.17896880659908 27.619877658798295
1.0111083228255078 1680.1844632290004 0.0 1.172883671129771 2211.9942863436972 0.0 t_multiswap_k 100 354.73814034461975 61.414445548858964 35.15449436192701 29.33756848821774 27.387095815831408 43.537524277386346 48.17896880659908 28.433678882210312
1.0111083228255078 1680.1844632290004 0.0 1.1672961540608466 2193.6262438995154 0.0 f_swap_t 100 355.7833926677704 61.414445548858964 35.15449436192701 29.33756848821774 28.113224857673096 43.537524277386346 48.17896880659908 28.433678882210312
1.0111083228255078 1680.1844632290004 0.0 1.142361807600386 2111.658685061822 0.0 t_multiswap_k 100 356.65857219696045 61.414445548858964 35.15449436192701 29.33756848821774 28.113224857673096 43.537524277386346 48.17896880659908 29.23934209338821
1.0111083228255078 1680.1844632290004 0.0 1.12576428109179 2057.0970492551296 0.0 t_move_k 100 357.61159586906433 61.860301093370374 35.15449436192701 29.33756848821774 28.113224857673096 43.537524277386346 48.17896880659908 29.23934209338821
1.0111083228255078 1680.1844632290004 0.0 1.1242750402157713 2052.201415061463 0.0 swap_t 100 358.5960302352905 61.860301093370374 35.15449436192701 29.33756848821774 28.113224857673096 44.10214903461248 48.17896880659908 29.23934209338821
1.0111083228255078 1680.1844632290004 0.0 1.1242750402157713 2052.201415061463 0.0 swap_t 100 359.25406789779663 61.860301093370374 35.15449436192701 29.33756848821774 28.113224857673096 44.66112754426636 48.17896880659908 29.23934209338821
1.0111083228255078 1680.1844632290004 0.0 1.1155881423457905 2023.6446685109247 0.0 t_swap_k 100 360.5971202850342 61.860301093370374 35.15449436192701 30.074192803335563 28.113224857673096 44.66112754426636 48.17896880659908 29.23934209338821
1.0111083228255078 1680.1844632290004 0.0 1.1715255407732768 2207.529656397141 0.0 t_multiswap_k 100 361.54170179367065 61.860301093370374 35.15449436192701 30.074192803335563 28.113224857673096 44.66112754426636 48.17896880659908 30.096948672454328
1.0111083228255078 1680.1844632290004 0.0 1.155732079975383 2155.611254234285 0.0 t_swap_r_k 100 362.8815824985504 61.860301093370374 35.15449436192701 30.074192803335563 28.113224857673096 44.66112754426636 48.73717911853309 30.096948672454328
1.0111083228255078 1680.1844632290004 0.0 1.2135051296106831 2345.5306432475 0.0 t_swap_k 100 364.08933901786804 61.860301093370374 35.15449436192701 30.933450875302206 28.113224857673096 44.66112754426636 48.73717911853309 30.096948672454328
1.0111083228255078 1680.1844632290004 0.0 1.2037194434108662 2313.3618109653844 0.0 t_swap_r_k 100 366.20899510383606 61.860301093370374 35.15449436192701 30.933450875302206 28.113224857673096 44.66112754426636 49.28980732734776 30.096948672454328
1.0111083228255078 1680.1844632290004 0.0 1.2036626478042303 2313.1751047593075 0.0 swap_t 100 367.0762288570404 61.860301093370374 35.15449436192701 30.933450875302206 28.113224857673096 45.214516268823694 49.28980732734776 30.096948672454328
1.0111083228255078 1680.1844632290004 0.0 1.179311195588419 2233.1237147841184 0.0 t_swap_k 100 368.2572605609894 61.860301093370374 35.15449436192701 31.744116366549186 28.113224857673096 45.214516268823694 49.28980732734776 30.096948672454328
1.0111083228255078 1680.1844632290004 0.0 1.1791494024255003 2232.5918463983917 0.0 move_t 100 369.25184988975525 61.860301093370374 35.942949418307734 31.744116366549186 28.113224857673096 45.214516268823694 49.28980732734776 30.096948672454328
1.0111083228255078 1680.1844632290004 0.0 1.1700408316269206 2202.648919518643 0.0 t_swap_r_k 100 371.38359236717224 61.860301093370374 35.942949418307734 31.744116366549186 28.113224857673096 45.214516268823694 49.83690925407428 30.096948672454328
1.0111083228255078 1680.1844632290004 0.0 1.1694920632431418 2200.844933805322 0.0 t_move_k 100 372.72436785697937 62.43169808243667 35.942949418307734 31.744116366549186 28.113224857673096 45.214516268823694 49.83690925407428 30.096948672454328
1.0111083228255078 1680.1844632290004 0.0 1.1366206470994928 2092.7855651306522 0.0 t_swap_k 100 373.62645173072815 62.43169808243667 35.942949418307734 32.57667520288369 28.113224857673096 45.214516268823694 49.83690925407428 30.096948672454328
1.0111083228255078 1680.1844632290004 0.0 1.129717899091302 2070.0939175111575 0.0 t_swap_r_k 100 375.2048726081848 62.43169808243667 35.942949418307734 32.57667520288369 28.113224857673096 45.214516268823694 50.378540161533536 30.096948672454328
1.0111083228255078 1680.1844632290004 0.0 1.1296005769848083 2069.708240401784 0.0 f_swap_t 100 376.2959997653961 62.43169808243667 35.942949418307734 32.57667520288369 28.832092609096364 45.214516268823694 50.378540161533536 30.096948672454328
1.0111083228255078 1680.1844632290004 0.0 1.1296005769848083 2069.708240401784 0.0 swap_t 100 377.15861225128174 62.43169808243667 35.942949418307734 32.57667520288369 28.832092609096364 45.762371106135454 50.378540161533536 30.096948672454328
1.0111083228255078 1680.1844632290004 0.0 1.1485477925061716 2131.9940919888936 0.0 t_move_k 100 378.527312040329 62.9573811016123 35.942949418307734 32.57667520288369 28.832092609096364 45.762371106135454 50.378540161533536 30.096948672454328
1.0111083228255078 1680.1844632290004 0.0 1.1402645175106532 2104.764189186323 0.0 move_t 100 379.1226894855499 62.9573811016123 36.58351992412466 32.57667520288369 28.832092609096364 45.762371106135454 50.378540161533536 30.096948672454328
1.0111083228255078 1680.1844632290004 0.0 1.1401471954041593 2104.3785120769494 0.0 move_t 100 379.96425437927246 62.9573811016123 37.21768472488341 32.57667520288369 28.832092609096364 45.762371106135454 50.378540161533536 30.096948672454328
1.0111083228255078 1680.1844632290004 0.0 1.1401471954041593 2104.3785120769494 0.0 move_t 100 380.8716731071472 62.9573811016123 37.84550787763458 32.57667520288369 28.832092609096364 45.762371106135454 50.378540161533536 30.096948672454328
1.0111083228255078 1680.1844632290004 0.0 1.1385706284148274 2099.1958076629976 0.0 t_swap_k 100 382.0274488925934 62.9573811016123 37.84550787763458 33.28090845085485 28.832092609096364 45.762371106135454 50.378540161533536 30.096948672454328
1.0111083228255078 1680.1844632290004 0.0 1.159606690704345 2168.348399096011 0.0 f_swap_t 100 383.32803654670715 62.9573811016123 37.84550787763458 33.28090845085485 29.6137716830054 45.762371106135454 50.378540161533536 30.096948672454328
1.0111083228255078 1680.1844632290004 0.0 1.1379127193106182 2097.033039800017 0.0 t_multiswap_k 100 383.86703968048096 62.9573811016123 37.84550787763458 33.28090845085485 29.6137716830054 45.762371106135454 50.378540161533536 30.855979185729783
1.0111083228255078 1680.1844632290004 0.0 1.1296852709705714 2069.986657936098 0.0 f_swap_t 100 385.17459893226624 62.9573811016123 37.84550787763458 33.28090845085485 30.317633966175347 45.762371106135454 50.378540161533536 30.855979185729783
1.0111083228255078 1680.1844632290004 0.0 1.124258013353041 2052.145442053513 0.0 t_multiswap_k 100 385.6579430103302 62.9573811016123 37.84550787763458 33.28090845085485 30.317633966175347 45.762371106135454 50.378540161533536 31.637419393872484
1.0111083228255078 1680.1844632290004 0.0 1.1102559388417503 2001.4808880674198 0.0 move_t 100 386.5015814304352 62.9573811016123 38.497052798858235 33.28090845085485 30.317633966175347 45.762371106135454 50.378540161533536 31.637419393872484
1.0111083228255078 1680.1844632290004 0.0 1.141318273983749 2108.228240102839 0.0 f_swap_t 100 387.6595320701599 62.9573811016123 38.497052798858235 33.28090845085485 31.114457626513595 45.762371106135454 50.378540161533536 31.637419393872484
1.0111083228255078 1680.1844632290004 0.0 1.1322357239300098 2078.3708521377407 0.0 swap_t 100 388.6403830051422 62.9573811016123 38.497052798858235 33.28090845085485 31.114457626513595 46.3047473950741 50.378540161533536 31.637419393872484
1.0111083228255078 1680.1844632290004 0.0 1.1313947810252425 2075.606390789818 0.0 move_t 100 389.3160216808319 62.9573811016123 39.11208227086965 33.28090845085485 31.114457626513595 46.3047473950741 50.378540161533536 31.637419393872484
1.0111083228255078 1680.1844632290004 0.0 1.1392895866855697 2105.2142780142253 0.0 move_t 100 390.08430576324463 62.9573811016123 39.760961448160955 33.28090845085485 31.114457626513595 46.3047473950741 50.378540161533536 31.637419393872484
1.0111083228255078 1680.1844632290004 0.0 1.1249263100748523 2054.34235749916 0.0 t_swap_r_k 100 391.8599216938019 62.9573811016123 39.760961448160955 33.28090845085485 31.114457626513595 46.3047473950741 50.9147547599182 31.637419393872484
1.0111083228255078 1680.1844632290004 0.0 1.1249121076716602 2054.2956694369273 0.0 t_swap_r_k 100 393.8870711326599 62.9573811016123 39.760961448160955 33.28090845085485 31.114457626513595 46.3047473950741 51.44560721231902 31.637419393872484
1.0111083228255078 1680.1844632290004 0.0 1.1249121076716602 2054.2956694369273 0.0 swap_t 100 395.08948278427124 62.9573811016123 39.760961448160955 33.28090845085485 31.114457626513595 46.841699921123364 51.44560721231902 31.637419393872484
1.0111083228255078 1680.1844632290004 0.0 1.1249121076716602 2054.2956694369273 0.0 swap_t 100 395.73572540283203 62.9573811016123 39.760961448160955 33.28090845085485 31.114457626513595 47.37328292191213 51.44560721231902 31.637419393872484
1.0111083228255078 1680.1844632290004 0.0 1.1228885009534337 2047.6433955141433 0.0 t_swap_k 100 396.45918917655945 62.9573811016123 39.760961448160955 33.97809936634631 31.114457626513595 47.37328292191213 51.44560721231902 31.637419393872484
1.0111083228255078 1680.1844632290004 0.0 1.1142967570653128 2019.399452012969 0.0 t_move_k 100 397.0675690174103 63.35780729059618 39.760961448160955 33.97809936634631 31.114457626513595 47.37328292191213 51.44560721231902 31.637419393872484
1.0111083228255078 1680.1844632290004 0.0 1.114159578034905 2018.9484985354402 0.0 swap_t 100 397.71060967445374 63.35780729059618 39.760961448160955 33.97809936634631 31.114457626513595 47.899550092693005 51.44560721231902 31.637419393872484
1.0111083228255078 1680.1844632290004 0.0 1.1114741884534252 2010.1207224045877 0.0 t_move_k 100 398.69601464271545 63.75422921769022 39.760961448160955 33.97809936634631 31.114457626513595 47.899550092693005 51.44560721231902 31.637419393872484
1.0111083228255078 1680.1844632290004 0.0 1.111345074779943 2009.696282460084 0.0 t_swap_r_k 100 400.5723133087158 63.75422921769022 39.760961448160955 33.97809936634631 31.114457626513595 47.899550092693005 51.97115114019583 31.637419393872484
1.0111083228255078 1680.1844632290004 0.0 1.111345074779943 2009.696282460084 0.0 move_t 100 401.1806118488312 63.75422921769022 40.363351833679346 33.97809936634631 31.114457626513595 47.899550092693005 51.97115114019583 31.637419393872484
1.0111083228255078 1680.1844632290004 0.0 1.111345074779943 2009.696282460084 0.0 t_multiswap_k 100 401.5436396598816 63.75422921769022 40.363351833679346 33.97809936634631 31.114457626513595 47.899550092693005 51.97115114019583 32.32104519993376
1.0111083228255078 1680.1844632290004 0.0 1.111345074779943 2009.696282460084 0.0 t_swap_r_k 100 403.7279531955719 63.75422921769022 40.363351833679346 33.97809936634631 31.114457626513595 47.899550092693005 52.49143962879387 32.32104519993376
1.0111083228255078 1680.1844632290004 0.0 1.121553393325807 2043.2544489983134 0.0 move_t 100 404.36031460762024 63.75422921769022 41.039718315342554 33.97809936634631 31.114457626513595 47.899550092693005 52.49143962879387 32.32104519993376
1.0111083228255078 1680.1844632290004 0.0 1.1114741884534252 2010.1207224045877 0.0 t_move_k 100 405.35719418525696 64.18668692551331 41.039718315342554 33.97809936634631 31.114457626513595 47.899550092693005 52.49143962879387 32.32104519993376
1.0111083228255078 1680.1844632290004 0.0 1.111345074779943 2009.696282460084 0.0 t_swap_k 100 406.3178527355194 64.18668692551331 41.039718315342554 34.638318372682846 31.114457626513595 47.899550092693005 52.49143962879387 32.32104519993376
1.0111083228255078 1680.1844632290004 0.0 1.1301490937481198 2071.5113989542456 0.0 f_swap_t 100 407.3268871307373 64.18668692551331 41.039718315342554 34.638318372682846 31.813313050248457 47.899550092693005 52.49143962879387 32.32104519993376
1.0111083228255078 1680.1844632290004 0.0 1.1327993402843484 2080.2236481097298 0.0 t_multiswap_k 100 407.64368081092834 64.18668692551331 41.039718315342554 34.638318372682846 31.813313050248457 47.899550092693005 52.49143962879387 33.03783474793442
1.0111083228255078 1680.1844632290004 0.0 1.1256246278495712 2056.6379622136224 0.0 t_swap_k 100 408.79230070114136 64.18668692551331 41.039718315342554 35.29193518895602 31.813313050248457 47.899550092693005 52.49143962879387 33.03783474793442
1.0111083228255078 1680.1844632290004 0.0 1.1256246278495712 2056.6379622136224 0.0 t_swap_r_k 100 410.3037898540497 64.18668692551331 41.039718315342554 35.29193518895602 31.813313050248457 47.899550092693005 53.00652523250593 33.03783474793442
1.0111083228255078 1680.1844632290004 0.0 1.1256246278495712 2056.6379622136224 0.0 f_swap_t 100 410.8693370819092 64.18668692551331 41.039718315342554 35.29193518895602 32.49517991974597 47.899550092693005 53.00652523250593 33.03783474793442
1.0111083228255078 1680.1844632290004 0.0 1.1256246278495712 2056.6379622136224 0.0 t_swap_k 100 411.6545059680939 64.18668692551331 41.039718315342554 35.93901583706646 32.49517991974597 47.899550092693005 53.00652523250593 33.03783474793442
1.0111083228255078 1680.1844632290004 0.0 1.1175066617836182 2029.9514853008 0.0 t_multiswap_k 100 411.92798256874084 64.18668692551331 41.039718315342554 35.93901583706646 32.49517991974597 47.899550092693005 53.00652523250593 33.73745640045507
1.0111083228255078 1680.1844632290004 0.0 1.1194239378307538 2036.254214648485 0.0 t_move_k 100 412.5500822067261 64.61482005625818 41.039718315342554 35.93901583706646 32.49517991974597 47.899550092693005 53.00652523250593 33.73745640045507
1.0111083228255078 1680.1844632290004 0.0 1.115129951602728 2022.1384418789005 0.0 t_move_k 100 413.3427231311798 64.9686718556956 41.039718315342554 35.93901583706646 32.49517991974597 47.899550092693005 53.00652523250593 33.73745640045507
1.0111083228255078 1680.1844632290004 0.0 1.1192328650611758 2035.626094376414 0.0 t_swap_k 100 414.39322900772095 64.9686718556956 41.039718315342554 36.61962567869579 32.49517991974597 47.899550092693005 53.00652523250593 33.73745640045507
1.0111083228255078 1680.1844632290004 0.0 1.1149503688797027 2021.5480932431685 0.0 t_move_k 100 415.2888009548187 65.35898513713865 41.039718315342554 36.61962567869579 32.49517991974597 47.899550092693005 53.00652523250593 33.73745640045507
1.0111083228255078 1680.1844632290004 0.0 1.1215838978007988 2043.3547274376401 0.0 f_swap_t 100 416.1612491607666 65.35898513713865 41.039718315342554 36.61962567869579 33.18022812054851 47.899550092693005 53.00652523250593 33.73745640045507
1.0111083228255078 1680.1844632290004 0.0 1.1183856963912993 2032.8411668506947 0.0 t_swap_r_k 100 417.9239149093628 65.35898513713865 41.039718315342554 36.61962567869579 33.18022812054851 47.899550092693005 53.51645998018087 33.73745640045507
1.0111083228255078 1680.1844632290004 0.0 1.1182879892273725 2032.5199706356368 0.0 t_swap_r_k 100 419.34157061576843 65.35898513713865 41.039718315342554 36.61962567869579 33.18022812054851 47.899550092693005 54.02129538037906 33.73745640045507
1.0111083228255078 1680.1844632290004 0.0 1.1182879892273725 2032.5199706356368 0.0 swap_t 100 420.17672419548035 65.35898513713865 41.039718315342554 36.61962567869579 33.18022812054851 48.42055459176608 54.02129538037906 33.73745640045507
1.0111083228255078 1680.1844632290004 0.0 1.1388069381678967 2099.972637070552 0.0 f_swap_t 100 421.0310130119324 65.35898513713865 41.039718315342554 36.61962567869579 33.94842583934303 48.42055459176608 54.02129538037906 33.73745640045507
1.0111083228255078 1680.1844632290004 0.0 1.1255600696898669 2056.4257378923476 0.0 t_swap_k 100 422.3791003227234 65.35898513713865 41.039718315342554 37.283429421908835 33.94842583934303 48.42055459176608 54.02129538037906 33.73745640045507
1.0111083228255078 1680.1844632290004 0.0 1.1195719090827638 2036.7406457777163 0.0 t_swap_k 100 423.506472826004 65.35898513713865 41.039718315342554 37.910595127689746 33.94842583934303 48.42055459176608 54.02129538037906 33.73745640045507
1.0111083228255078 1680.1844632290004 0.0 1.1195719090827638 2036.7406457777163 0.0 t_swap_r_k 100 425.4534363746643 65.35898513713865 41.039718315342554 37.910595127689746 33.94842583934303 48.42055459176608 54.52108242657527 33.73745640045507
1.0111083228255078 1680.1844632290004 0.0 1.1195719090827638 2036.7406457777163 0.0 t_swap_k 100 426.41691160202026 65.35898513713865 41.039718315342554 38.53148917641285 33.94842583934303 48.42055459176608 54.52108242657527 33.73745640045507
1.0111083228255078 1680.1844632290004 0.0 1.1195719090827638 2036.7406457777163 0.0 move_t 100 427.2814769744873 65.35898513713865 41.629321132189126 38.53148917641285 33.94842583934303 48.42055459176608 54.52108242657527 33.73745640045507
1.0111083228255078 1680.1844632290004 0.0 1.1195719090827638 2036.7406457777163 0.0 t_swap_r_k 100 428.85203766822815 65.35898513713865 41.629321132189126 38.53148917641285 33.94842583934303 48.42055459176608 55.01587160230952 33.73745640045507
1.0111083228255078 1680.1844632290004 0.0 1.1846348737060097 2250.6244301138154 0.0 move_t 100 429.78832268714905 65.35898513713865 42.40302792086724 38.53148917641285 33.94842583934303 48.42055459176608 55.01587160230952 33.73745640045507
1.0111083228255078 1680.1844632290004 0.0 1.1659809631593496 2189.302770341779 0.0 swap_t 100 430.67830753326416 65.35898513713865 42.40302792086724 38.53148917641285 33.94842583934303 48.93634904584842 55.01587160230952 33.73745640045507
1.0111083228255078 1680.1844632290004 0.0 1.1649609338620175 2185.9495919627975 0.0 t_move_k 100 431.8867349624634 65.91539528576726 42.40302792086724 38.53148917641285 33.94842583934303 48.93634904584842 55.01587160230952 33.73745640045507
1.0111083228255078 1680.1844632290004 0.0 1.157571228310518 2161.6571515915894 0.0 move_t 100 432.8416543006897 65.91539528576726 43.128997641658565 38.53148917641285 33.94842583934303 48.93634904584842 55.01587160230952 33.73745640045507
1.0111083228255078 1680.1844632290004 0.0 1.1426111463188187 2112.47834504794 0.0 move_t 100 433.94498801231384 65.91539528576726 43.72770766524198 38.53148917641285 33.94842583934303 48.93634904584842 55.01587160230952 33.73745640045507
1.0111083228255078 1680.1844632290004 0.0 1.1424820326453364 2112.053905103436 0.0 t_swap_r_k 100 435.45930075645447 65.91539528576726 43.72770766524198 38.53148917641285 33.94842583934303 48.93634904584842 55.505712886286425 33.73745640045507
1.0111083228255078 1680.1844632290004 0.0 1.1481350672950494 2130.6373258077506 0.0 f_swap_t 100 436.3680214881897 65.91539528576726 43.72770766524198 38.53148917641285 34.648941580949604 48.93634904584842 55.505712886286425 33.73745640045507
1.0111083228255078 1680.1844632290004 0.0 1.1424820326453364 2112.053905103436 0.0 swap_t 100 437.04972529411316 65.91539528576726 43.72770766524198 38.53148917641285 34.648941580949604 49.44698555538993 55.505712886286425 33.73745640045507
1.0111083228255078 1680.1844632290004 0.0 1.122306792639265 2045.7311252028433 0.0 t_move_k 100 437.8652651309967 66.38624133290959 43.72770766524198 38.53148917641285 34.648941580949604 49.44698555538993 55.505712886286425 33.73745640045507
1.0111083228255078 1680.1844632290004 0.0 1.1110161255222382 2008.6149159330614 0.0 t_multiswap_k 100 438.3840265274048 66.38624133290959 43.72770766524198 38.53148917641285 34.648941580949604 49.44698555538993 55.505712886286425 34.430081836450526
1.0111083228255078 1680.1844632290004 0.0 1.1119751015962058 2011.7673918919372 0.0 t_multiswap_k 100 438.80909395217896 66.38624133290959 43.72770766524198 38.53148917641285 34.648941580949604 49.44698555538993 55.505712886286425 35.12578101808602
1.0111083228255078 1680.1844632290004 0.0 1.1095902491729053 2003.9275821886392 0.0 swap_t 100 439.41896533966064 66.38624133290959 43.72770766524198 38.53148917641285 34.648941580949604 49.95251569983603 55.505712886286425 35.12578101808602
1.0111083228255078 1680.1844632290004 0.0 1.1095902491729053 2003.9275821886392 0.0 t_multiswap_k 100 439.86822485923767 66.38624133290959 43.72770766524198 38.53148917641285 34.648941580949604 49.95251569983603 55.505712886286425 35.77452320790516
1.0111083228255078 1680.1844632290004 0.0 1.1344826821261624 2096.682573092921 0.0 swap_t 100 440.45832443237305 66.38624133290959 43.72770766524198 38.53148917641285 34.648941580949604 50.462990542837666 55.505712886286425 35.77452320790516
1.0111083228255078 1680.1844632290004 0.0 1.1118284708604016 2011.2853674890312 0.0 move_t 100 441.5181758403778 66.38624133290959 44.35043058858956 38.53148917641285 34.648941580949604 50.462990542837666 55.505712886286425 35.77452320790516
1.0111083228255078 1680.1844632290004 0.0 1.12866424860215 2066.6302149994085 0.0 move_t 100 442.352725982666 66.38624133290959 44.91692628270366 38.53148917641285 34.648941580949604 50.462990542837666 55.505712886286425 35.77452320790516
1.0111083228255078 1680.1844632290004 0.0 1.1241057457187775 2051.644887274972 0.0 f_swap_t 100 443.26571917533875 66.38624133290959 44.91692628270366 38.53148917641285 35.30245216514011 50.462990542837666 55.505712886286425 35.77452320790516
1.0111083228255078 1680.1844632290004 0.0 1.180941956125706 2238.484571564632 0.0 t_swap_k 100 444.4809322357178 66.38624133290959 44.91692628270366 39.27617428464872 35.30245216514011 50.462990542837666 55.505712886286425 35.77452320790516
1.0111083228255078 1680.1844632290004 0.0 1.1615158672756078 2172.710813463866 0.0 swap_t 100 445.41676783561707 66.38624133290959 44.91692628270366 39.27617428464872 35.30245216514011 50.988360637409286 55.505712886286425 35.77452320790516
1.0111083228255078 1680.1844632290004 0.0 1.1595721896752096 2168.2349826429227 0.0 t_swap_r_k 100 447.41704177856445 66.38624133290959 44.91692628270366 39.27617428464872 35.30245216514011 50.988360637409286 55.99065575742356 35.77452320790516
1.0111083228255078 1680.1844632290004 0.0 1.1472130615714096 2127.606383788838 0.0 t_move_k 100 448.3971469402313 66.8423789195805 44.91692628270366 39.27617428464872 35.30245216514011 50.988360637409286 55.99065575742356 35.77452320790516
1.0111083228255078 1680.1844632290004 0.0 1.138820894143855 2111.0955806320203 0.0 move_t 100 449.20918250083923 66.8423789195805 45.49775701987663 39.27617428464872 35.30245216514011 50.988360637409286 55.99065575742356 35.77452320790516
1.0111083228255078 1680.1844632290004 0.0 1.1305050567751942 2072.6815688005668 0.0 t_swap_k 100 450.6020987033844 66.8423789195805 45.49775701987663 39.98341254180223 35.30245216514011 50.988360637409286 55.99065575742356 35.77452320790516
1.0111083228255078 1680.1844632290004 0.0 1.1099443778448945 2005.0917218946236 0.0 t_multiswap_k 100 451.3285493850708 66.8423789195805 45.49775701987663 39.98341254180223 35.30245216514011 50.988360637409286 55.99065575742356 36.50677797582611
1.0111083228255078 1680.1844632290004 0.0 1.1026022511397011 1980.9556891473424 0.0 f_swap_t 100 452.6002240180969 66.8423789195805 45.49775701987663 39.98341254180223 35.94942764348871 50.988360637409286 55.99065575742356 36.50677797582611
1.0111083228255078 1680.1844632290004 0.0 1.1026022511397011 1980.9556891473424 0.0 swap_t 100 453.41271352767944 66.8423789195805 45.49775701987663 39.98341254180223 35.94942764348871 51.47847703103519 55.99065575742356 36.50677797582611
1.0111083228255078 1680.1844632290004 0.0 1.1026022511397011 1980.9556891473424 0.0 move_t 100 454.1600902080536 66.8423789195805 46.042779449677866 39.98341254180223 35.94942764348871 51.47847703103519 55.99065575742356 36.50677797582611
1.0111083228255078 1680.1844632290004 0.0 1.1026022511397011 1980.9556891473424 0.0 swap_t 100 455.04737520217896 66.8423789195805 46.042779449677866 39.98341254180223 35.94942764348871 51.96369226072484 55.99065575742356 36.50677797582611
1.0111083228255078 1680.1844632290004 0.0 1.1185751278987923 2033.4638917438758 0.0 t_multiswap_k 100 455.7402000427246 66.8423789195805 46.042779449677866 39.98341254180223 35.94942764348871 51.96369226072484 55.99065575742356 37.18171019606785
1.0111083228255078 1680.1844632290004 0.0 1.1196670836121076 2037.6278574224125 0.0 move_t 100 456.63406801223755 66.8423789195805 46.68235165518109 39.98341254180223 35.94942764348871 51.96369226072484 55.99065575742356 37.18171019606785
1.0111083228255078 1680.1844632290004 0.0 1.0962045946839352 1959.924446848976 0.0 t_move_k 100 457.92694425582886 67.29395513038469 46.68235165518109 39.98341254180223 35.94942764348871 51.96369226072484 55.99065575742356 37.18171019606785
1.0111083228255078 1680.1844632290004 0.0 1.0903660130396517 1940.731070948173 0.0 t_move_k 100 458.98626255989075 67.62101557908085 46.68235165518109 39.98341254180223 35.94942764348871 51.96369226072484 55.99065575742356 37.18171019606785
1.0111083228255078 1680.1844632290004 0.0 1.0903660130396517 1940.731070948173 0.0 move_t 100 459.64300322532654 67.62101557908085 47.215528138629274 39.98341254180223 35.94942764348871 51.96369226072484 55.99065575742356 37.18171019606785
1.0111083228255078 1680.1844632290004 0.0 1.0903660130396517 1940.731070948173 0.0 f_swap_t 100 460.1178777217865 67.62101557908085 47.215528138629274 39.98341254180223 36.589933367053824 51.96369226072484 55.99065575742356 37.18171019606785
1.0111083228255078 1680.1844632290004 0.0 1.118910801384997 2034.567363065027 0.0 t_swap_k 100 461.13124084472656 67.62101557908085 47.215528138629274 40.59357841638421 36.589933367053824 51.96369226072484 55.99065575742356 37.18171019606785
1.0111083228255078 1680.1844632290004 0.0 1.1072192883374892 1996.133438793423 0.0 move_t 100 462.1662895679474 67.62101557908085 47.74337285724298 40.59357841638421 36.589933367053824 51.96369226072484 55.99065575742356 37.18171019606785
1.0111083228255078 1680.1844632290004 0.0 1.1054373392109391 1990.2755744171538 0.0 move_t 100 462.80577301979065 67.62101557908085 48.26593912867055 40.59357841638421 36.589933367053824 51.96369226072484 55.99065575742356 37.18171019606785
1.0111083228255078 1680.1844632290004 0.0 1.0968006537013717 1961.883892734592 0.0 move_t 100 463.144314289093 67.62101557908085 48.843279737383845 40.59357841638421 36.589933367053824 51.96369226072484 55.99065575742356 37.18171019606785
1.0111083228255078 1680.1844632290004 0.0 1.0968006537013717 1961.883892734592 0.0 t_swap_r_k 100 465.0006718635559 67.62101557908085 48.843279737383845 40.59357841638421 36.589933367053824 51.96369226072484 56.47074919984932 37.18171019606785
1.0111083228255078 1680.1844632290004 0.0 1.108583031566821 2000.6165201353385 0.0 t_multiswap_k 100 465.63714122772217 67.62101557908085 48.843279737383845 40.59357841638421 36.589933367053824 51.96369226072484 56.47074919984932 37.849893094107166
1.0111083228255078 1680.1844632290004 0.0 1.119667372793499 2037.054467009765 0.0 t_swap_k 100 467.1290829181671 67.62101557908085 48.843279737383845 41.29764263222037 36.589933367053824 51.96369226072484 56.47074919984932 37.849893094107166
1.0111083228255078 1680.1844632290004 0.0 1.1052158196956983 1989.5473654814198 0.0 f_swap_t 100 468.401709318161 67.62101557908085 48.843279737383845 41.29764263222037 37.254034033383284 51.96369226072484 56.47074919984932 37.849893094107166
1.0111083228255078 1680.1844632290004 0.0 1.1080901282838136 2005.1289563223222 0.0 move_t 100 469.1950304508209 67.62101557908085 49.464846940010005 41.29764263222037 37.254034033383284 51.96369226072484 56.47074919984932 37.849893094107166
1.0111083228255078 1680.1844632290004 0.0 1.1171898820638386 2028.9101241261333 0.0 t_swap_k 100 470.5954375267029 67.62101557908085 49.464846940010005 41.89466620589816 37.254034033383284 51.96369226072484 56.47074919984932 37.849893094107166
1.0111083228255078 1680.1844632290004 0.0 1.112469178271517 2013.3915876180263 0.0 t_swap_r_k 100 472.4626655578613 67.62101557908085 49.464846940010005 41.89466620589816 37.254034033383284 51.96369226072484 56.94604170785083 37.849893094107166
1.0111083228255078 1680.1844632290004 0.0 1.112469178271517 2013.3915876180263 0.0 t_multiswap_k 100 472.81135869026184 67.62101557908085 49.464846940010005 41.89466620589816 37.254034033383284 51.96369226072484 56.94604170785083 38.471394163166096
1.0111083228255078 1680.1844632290004 0.0 1.112469178271517 2013.3915876180263 0.0 t_swap_r_k 100 474.69282484054565 67.62101557908085 49.464846940010005 41.89466620589816 37.254034033383284 51.96369226072484 57.41658129077232 38.471394163166096
1.0111083228255078 1680.1844632290004 0.0 1.112469178271517 2013.3915876180263 0.0 f_swap_t 100 475.8373284339905 67.62101557908085 49.464846940010005 41.89466620589816 37.88149369304945 51.96369226072484 57.41658129077232 38.471394163166096
1.0111083228255078 1680.1844632290004 0.0 1.112469178271517 2013.3915876180263 0.0 t_swap_r_k 100 477.3739364147186 67.62101557908085 49.464846940010005 41.89466620589816 37.88149369304945 51.96369226072484 57.8824154778646 38.471394163166096
1.0111083228255078 1680.1844632290004 0.0 1.112469178271517 2013.3915876180263 0.0 t_swap_r_k 100 478.85221004486084 67.62101557908085 49.464846940010005 41.89466620589816 37.88149369304945 51.96369226072484 58.34359132308595 38.471394163166096
1.0111083228255078 1680.1844632290004 0.0 1.1113476175000183 2009.7046412337022 0.0 t_move_k 100 479.87233328819275 67.97480542329004 49.464846940010005 41.89466620589816 37.88149369304945 51.96369226072484 58.34359132308595 38.471394163166096
1.0111083228255078 1680.1844632290004 0.0 1.1082060901732882 1999.3773873631303 0.0 f_swap_t 100 481.02387499809265 67.97480542329004 49.464846940010005 41.89466620589816 38.502678756118954 51.96369226072484 58.34359132308595 38.471394163166096
1.0111083228255078 1680.1844632290004 0.0 1.1065530178296814 1993.9431841927194 0.0 t_swap_k 100 482.1814341545105 67.97480542329004 49.464846940010005 42.55571954383918 38.502678756118954 51.96369226072484 58.34359132308595 38.471394163166096
1.0111083228255078 1680.1844632290004 0.0 1.0985868758901867 1967.755804099546 0.0 swap_t 100 482.7619025707245 67.97480542329004 49.464846940010005 42.55571954383918 38.502678756118954 52.44405533811759 58.34359132308595 38.471394163166096
1.0111083228255078 1680.1844632290004 0.0 1.095724378873499 1958.3458164341328 0.0 t_move_k 100 483.7808578014374 68.39505736905714 49.464846940010005 42.55571954383918 38.502678756118954 52.44405533811759 58.34359132308595 38.471394163166096
1.0111083228255078 1680.1844632290004 0.0 1.1095206426351343 1950.6572122073103 0.0 move_t 100 484.64097356796265 68.39505736905714 49.980198470609906 42.55571954383918 38.502678756118954 52.44405533811759 58.34359132308595 38.471394163166096
1.0111083228255078 1680.1844632290004 0.0 1.098073492307026 1966.06814009256 0.0 swap_t 100 485.62532901763916 68.39505736905714 49.980198470609906 42.55571954383918 38.502678756118954 52.91961478473642 58.34359132308595 38.471394163166096
1.0111083228255078 1680.1844632290004 0.0 1.0952830354979288 1956.8949727490162 0.0 swap_t 100 486.341591835022 68.39505736905714 49.980198470609906 42.55571954383918 38.502678756118954 53.39041863688905 58.34359132308595 38.471394163166096
1.0111083228255078 1680.1844632290004 0.0 1.094910122972471 1941.1888645924187 0.0 move_t 100 487.08296632766724 68.39505736905714 50.540396485903806 42.55571954383918 38.502678756118954 53.39041863688905 58.34359132308595 38.471394163166096
1.0111083228255078 1680.1844632290004 0.0 1.084760525237992 1922.3039526787957 0.0 t_move_k 100 487.9410171508789 68.77110679536656 50.540396485903806 42.55571954383918 38.502678756118954 53.39041863688905 58.34359132308595 38.471394163166096
1.0111083228255078 1680.1844632290004 0.0 1.0814013989115856 1911.2613779219405 0.0 t_move_k 100 488.9418840408325 69.1433957274129 50.540396485903806 42.55571954383918 38.502678756118954 53.39041863688905 58.34359132308595 38.471394163166096
1.0111083228255078 1680.1844632290004 0.0 1.0794182376686314 1904.7420618402357 0.0 move_t 100 489.7758791446686 69.1433957274129 51.03499252104477 42.55571954383918 38.502678756118954 53.39041863688905 58.34359132308595 38.471394163166096
1.0111083228255078 1680.1844632290004 0.0 1.0760643871477642 1893.7168304254906 0.0 t_swap_k 100 490.8242383003235 69.1433957274129 51.03499252104477 43.16016234840079 38.502678756118954 53.39041863688905 58.34359132308595 38.471394163166096
1.0111083228255078 1680.1844632290004 0.0 1.0741838852592998 1887.534990069999 0.0 t_multiswap_k 100 491.0671088695526 69.1433957274129 51.03499252104477 43.16016234840079 38.502678756118954 53.39041863688905 58.34359132308595 39.086680221534436
1.0111083228255078 1680.1844632290004 0.0 1.0882860385678403 1933.8934973157757 0.0 t_swap_k 100 492.0510084629059 69.1433957274129 51.03499252104477 43.87856072491678 38.502678756118954 53.39041863688905 58.34359132308595 39.086680221534436
1.0111083228255078 1680.1844632290004 0.0 1.0841685536346117 1920.3579434939452 0.0 t_multiswap_k 100 492.30385637283325 69.1433957274129 51.03499252104477 43.87856072491678 38.502678756118954 53.39041863688905 58.34359132308595 39.695813419319094
1.0111083228255078 1680.1844632290004 0.0 1.0840312164613035 1919.9064701476675 0.0 t_swap_k 100 493.0289559364319 69.1433957274129 51.03499252104477 44.469775117667616 38.502678756118954 53.39041863688905 58.34359132308595 39.695813419319094
1.0111083228255078 1680.1844632290004 0.0 1.0800671940102309 1906.8753989701065 0.0 t_swap_r_k 100 494.95260739326477 69.1433957274129 51.03499252104477 44.469775117667616 38.502678756118954 53.39041863688905 58.800155409855094 39.695813419319094
1.0111083228255078 1680.1844632290004 0.0 1.0800671940102309 1906.8753989701065 0.0 t_swap_r_k 100 496.7528429031372 69.1433957274129 51.03499252104477 44.469775117667616 38.502678756118954 53.39041863688905 59.252153855756546 39.695813419319094
1.0111083228255078 1680.1844632290004 0.0 1.1731873768474976 2175.4285139301246 0.0 move_t 100 497.61808919906616 69.1433957274129 51.584642595834325 44.469775117667616 38.502678756118954 53.39041863688905 59.252153855756546 39.695813419319094
1.0111083228255078 1680.1844632290004 0.0 1.1424220753105883 2111.8568052367314 0.0 f_swap_t 100 498.86924743652344 69.1433957274129 51.584642595834325 44.469775117667616 39.187651968557766 53.39041863688905 59.252153855756546 39.695813419319094
1.0111083228255078 1680.1844632290004 0.0 1.1181817095626603 2032.1705937356103 0.0 t_swap_r_k 100 500.4712641239166 69.1433957274129 51.584642595834325 44.469775117667616 39.187651968557766 53.39041863688905 59.69963231719898 39.695813419319094
1.0111083228255078 1680.1844632290004 0.0 1.1168903120074893 2027.9253368866218 0.0 f_swap_t 100 502.0315637588501 69.1433957274129 51.584642595834325 44.469775117667616 39.79577544887219 53.39041863688905 59.69963231719898 39.695813419319094
1.0111083228255078 1680.1844632290004 0.0 1.1168903120074893 2027.9253368866218 0.0 swap_t 100 503.32085967063904 69.1433957274129 51.584642595834325 44.469775117667616 39.79577544887219 53.85651445052016 59.69963231719898 39.695813419319094
1.0111083228255078 1680.1844632290004 0.0 1.1168903120074893 2027.9253368866218 0.0 t_swap_r_k 100 505.0756287574768 69.1433957274129 51.584642595834325 44.469775117667616 39.79577544887219 53.85651445052016 60.142635994026996 39.695813419319094
1.0111083228255078 1680.1844632290004 0.0 1.1168903120074893 2027.9253368866218 0.0 move_t 100 505.8946907520294 69.1433957274129 52.06879616987598 44.469775117667616 39.79577544887219 53.85651445052016 60.142635994026996 39.695813419319094
1.0111083228255078 1680.1844632290004 0.0 1.1195816164991421 2036.7725573108467 0.0 t_multiswap_k 100 506.31594347953796 69.1433957274129 52.06879616987598 44.469775117667616 39.79577544887219 53.85651445052016 60.142635994026996 40.3388552851259
1.0111083228255078 1680.1844632290004 0.0 1.1257516084858539 2057.0553901495127 0.0 t_move_k 100 507.1880691051483 69.61196177013876 52.06879616987598 44.469775117667616 39.79577544887219 53.85651445052016 60.142635994026996 40.3388552851259
1.0111083228255078 1680.1844632290004 0.0 1.126339173470424 2058.9869133005236 0.0 t_move_k 100 508.18176794052124 70.09584215243737 52.06879616987598 44.469775117667616 39.79577544887219 53.85651445052016 60.142635994026996 40.3388552851259
1.0111083228255078 1680.1844632290004 0.0 1.119086815155342 2035.1459793564084 0.0 t_move_k 100 508.9366056919098 70.404883730913 52.06879616987598 44.469775117667616 39.79577544887219 53.85651445052016 60.142635994026996 40.3388552851259
1.0111083228255078 1680.1844632290004 0.0 1.1133787084076123 2016.3815181968469 0.0 f_swap_t 100 509.8008613586426 70.404883730913 52.06879616987598 44.469775117667616 40.39781769438347 53.85651445052016 60.142635994026996 40.3388552851259
1.0111083228255078 1680.1844632290004 0.0 1.1133787084076123 2016.3815181968469 0.0 swap_t 100 510.219260931015 70.404883730913 52.06879616987598 44.469775117667616 40.39781769438347 54.31794930601496 60.142635994026996 40.3388552851259
1.0111083228255078 1680.1844632290004 0.0 1.1100925076187544 2005.5786741383386 0.0 t_move_k 100 511.010347366333 70.73083489360387 52.06879616987598 44.469775117667616 40.39781769438347 54.31794930601496 60.142635994026996 40.3388552851259
1.0111083228255078 1680.1844632290004 0.0 1.128483087730936 2068.3862907953976 0.0 move_t 100 512.158239364624 70.73083489360387 52.61810820817722 44.469775117667616 40.39781769438347 54.31794930601496 60.142635994026996 40.3388552851259
1.0111083228255078 1680.1844632290004 0.0 1.115121775725458 2022.111565028438 0.0 t_swap_r_k 100 514.0264554023743 70.73083489360387 52.61810820817722 44.469775117667616 40.39781769438347 54.31794930601496 60.581209634086726 40.3388552851259
1.0111083228255078 1680.1844632290004 0.0 1.184498823839483 2118.2787568124972 0.0 swap_t 100 514.9185338020325 70.73083489360387 52.61810820817722 44.469775117667616 40.39781769438347 54.78476981295481 60.581209634086726 40.3388552851259
1.0111083228255078 1680.1844632290004 0.0 1.1379578467307625 2097.181388764034 0.0 t_move_k 100 515.9534387588501 71.27352654466783 52.61810820817722 44.469775117667616 40.39781769438347 54.78476981295481 60.581209634086726 40.3388552851259
1.0111083228255078 1680.1844632290004 0.0 1.125708411732888 2056.9133879359815 0.0 t_swap_r_k 100 517.8618364334106 71.27352654466783 52.61810820817722 44.469775117667616 40.39781769438347 54.78476981295481 61.015397537745855 40.3388552851259
1.0111083228255078 1680.1844632290004 0.0 1.1315623313072751 2076.1571847567884 0.0 t_move_k 100 518.8620710372925 71.63079127922116 52.61810820817722 44.469775117667616 40.39781769438347 54.78476981295481 61.015397537745855 40.3388552851259
1.0111083228255078 1680.1844632290004 0.0 1.110180046879634 2005.8664450461551 0.0 t_swap_k 100 520.2752983570099 71.63079127922116 52.61810820817722 45.05507736649094 40.39781769438347 54.78476981295481 61.015397537745855 40.3388552851259
1.0111083228255078 1680.1844632290004 0.0 1.0915124400212357 1944.499760904219 0.0 t_swap_k 100 521.3659479618073 71.63079127922116 52.61810820817722 45.634526592826035 40.39781769438347 54.78476981295481 61.015397537745855 40.3388552851259
1.0111083228255078 1680.1844632290004 0.0 1.0857917482112338 1925.693928424422 0.0 t_move_k 100 522.0498886108398 71.91448336642894 52.61810820817722 45.634526592826035 40.39781769438347 54.78476981295481 61.015397537745855 40.3388552851259
1.0111083228255078 1680.1844632290004 0.0 1.0897557590040594 1938.7249612774146 0.0 t_move_k 100 522.6278548240662 72.23533853276464 52.61810820817722 45.634526592826035 40.39781769438347 54.78476981295481 61.015397537745855 40.3388552851259
1.0111083228255078 1680.1844632290004 0.0 1.0857917365529868 1925.6938900998537 0.0 swap_t 100 523.3261060714722 72.23533853276464 52.61810820817722 45.634526592826035 40.39781769438347 55.23692211482526 61.015397537745855 40.3388552851259
1.0111083228255078 1680.1844632290004 0.0 1.0857917365529868 1925.6938900998537 0.0 swap_t 100 523.9503965377808 72.23533853276464 52.61810820817722 45.634526592826035 40.39781769438347 55.68455289367701 61.015397537745855 40.3388552851259
1.0111083228255078 1680.1844632290004 0.0 1.0857917365529868 1925.6938900998537 0.0 swap_t 100 524.7406158447266 72.23533853276464 52.61810820817722 45.634526592826035 40.39781769438347 56.12770736474024 61.015397537745855 40.3388552851259
1.0111083228255078 1680.1844632290004 0.0 1.0857917365529868 1925.6938900998537 0.0 t_swap_r_k 100 526.4369788169861 72.23533853276464 52.61810820817722 45.634526592826035 40.39781769438347 56.12770736474024 61.4452435623684 40.3388552851259
1.0111083228255078 1680.1844632290004 0.0 1.0857917365529868 1925.6938900998537 0.0 t_swap_r_k 100 528.3761539459229 72.23533853276464 52.61810820817722 45.634526592826035 40.39781769438347 56.12770736474024 61.87079112674471 40.3388552851259
1.0111083228255078 1680.1844632290004 0.0 1.0857917365529868 1925.6938900998537 0.0 t_move_k 100 529.3533647060394 72.51298514743699 52.61810820817722 45.634526592826035 40.39781769438347 56.12770736474024 61.87079112674471 40.3388552851259
1.0111083228255078 1680.1844632290004 0.0 1.0857917365529868 1925.6938900998537 0.0 move_t 100 529.7998049259186 72.51298514743699 53.09192712609545 45.634526592826035 40.39781769438347 56.12770736474024 61.87079112674471 40.3388552851259
1.0111083228255078 1680.1844632290004 0.0 1.0857917365529868 1925.6938900998537 0.0 f_swap_t 100 530.718391418457 72.51298514743699 53.09192712609545 45.634526592826035 40.99383951743963 56.12770736474024 61.87079112674471 40.3388552851259
1.0111083228255078 1680.1844632290004 0.0 1.0857917365529868 1925.6938900998537 0.0 t_swap_r_k 100 532.6842563152313 72.51298514743699 53.09192712609545 45.634526592826035 40.99383951743963 56.12770736474024 62.29208321547726 40.3388552851259
1.0111083228255078 1680.1844632290004 0.0 1.0857917365529868 1925.6938900998537 0.0 t_multiswap_k 100 533.0499367713928 72.51298514743699 53.09192712609545 45.634526592826035 40.99383951743963 56.12770736474024 62.29208321547726 40.93546673227464
1.0111083228255078 1680.1844632290004 0.0 1.0857917365529868 1925.6938900998537 0.0 f_swap_t 100 534.0678808689117 72.51298514743699 53.09192712609545 45.634526592826035 41.58390112226524 56.12770736474024 62.29208321547726 40.93546673227464
1.0111083228255078 1680.1844632290004 0.0 1.0857917365529868 1925.6938900998537 0.0 t_swap_r_k 100 535.9360194206238 72.51298514743699 53.09192712609545 45.634526592826035 41.58390112226524 56.12770736474024 62.70916238332249 40.93546673227464
1.0111083228255078 1680.1844632290004 0.0 1.0857917365529868 1925.6938900998537 0.0 t_swap_k 100 536.9564573764801 72.51298514743699 53.09192712609545 46.17818132689777 41.58390112226524 56.12770736474024 62.70916238332249 40.93546673227464
1.0111083228255078 1680.1844632290004 0.0 1.0857917365529868 1925.6938900998537 0.0 move_t 100 537.5660970211029 72.51298514743699 53.56100785483449 46.17818132689777 41.58390112226524 56.12770736474024 62.70916238332249 40.93546673227464
1.0111083228255078 1680.1844632290004 0.0 1.0857917365529868 1925.6938900998537 0.0 t_multiswap_k 100 538.0263986587524 72.51298514743699 53.56100785483449 46.17818132689777 41.58390112226524 56.12770736474024 62.70916238332249 41.526112064951896
1.0111083228255078 1680.1844632290004 0.0 1.0857917365529868 1925.6938900998537 0.0 swap_t 100 538.7442724704742 72.51298514743699 53.56100785483449 46.17818132689777 41.58390112226524 56.566430291092836 62.70916238332249 41.526112064951896
1.0111083228255078 1680.1844632290004 0.0 1.0857917365529868 1925.6938900998537 0.0 t_swap_r_k 100 540.842798948288 72.51298514743699 53.56100785483449 46.17818132689777 41.58390112226524 56.566430291092836 63.12207075948927 41.526112064951896
1.0111083228255078 1680.1844632290004 0.0 1.0857917365529868 1925.6938900998537 0.0 t_swap_r_k 100 542.7476253509521 72.51298514743699 53.56100785483449 46.17818132689777 41.58390112226524 56.566430291092836 63.530850051894376 41.526112064951896
1.0111083228255078 1680.1844632290004 0.0 1.1231770119256685 2048.5918278353784 0.0 t_swap_k 100 544.1295766830444 72.51298514743699 53.56100785483449 46.76639951362879 41.58390112226524 56.566430291092836 63.530850051894376 41.526112064951896
1.0111083228255078 1680.1844632290004 0.0 1.1134370707677537 2016.5733748471262 0.0 move_t 100 544.8836677074432 72.51298514743699 54.05539777628615 46.76639951362879 41.58390112226524 56.566430291092836 63.530850051894376 41.526112064951896
1.0111083228255078 1680.1844632290004 0.0 1.0996316590751278 1971.1903568086018 0.0 t_multiswap_k 100 545.3615524768829 72.51298514743699 54.05539777628615 46.76639951362879 41.58390112226524 56.566430291092836 63.530850051894376 42.11085094430238
1.0111083228255078 1680.1844632290004 0.0 1.0996316590751278 1971.1903568086018 0.0 move_t 100 546.1964559555054 72.51298514743699 54.51484379852329 46.76639951362879 41.58390112226524 56.566430291092836 63.530850051894376 42.11085094430238
1.0111083228255078 1680.1844632290004 0.0 1.0996316590751278 1971.1903568086018 0.0 t_multiswap_k 100 546.7626860141754 72.51298514743699 54.51484379852329 46.76639951362879 41.58390112226524 56.566430291092836 63.530850051894376 42.689742434859355
1.0111083228255078 1680.1844632290004 0.0 1.0996316590751278 1971.1903568086018 0.0 swap_t 100 547.5544826984406 72.51298514743699 54.51484379852329 46.76639951362879 41.58390112226524 57.000765988181904 63.530850051894376 42.689742434859355
1.0111083228255078 1680.1844632290004 0.0 1.096817155820166 1961.9381407332455 0.0 t_swap_k 100 548.535445690155 72.51298514743699 54.51484379852329 47.3287355184925 41.58390112226524 57.000765988181904 63.530850051894376 42.689742434859355
1.0111083228255078 1680.1844632290004 0.0 1.1331093867924373 2081.242874959509 0.0 move_t 100 549.278703212738 72.51298514743699 54.98969536053806 47.3287355184925 41.58390112226524 57.000765988181904 63.530850051894376 42.689742434859355
1.0111083228255078 1680.1844632290004 0.0 1.1191298074880907 2035.2873095721307 0.0 move_t 100 549.9771912097931 72.51298514743699 55.439798406932674 47.3287355184925 41.58390112226524 57.000765988181904 63.530850051894376 42.689742434859355
1.0111083228255078 1680.1844632290004 0.0 1.1140233719930268 2018.5007435975115 0.0 f_swap_t 100 551.3531608581543 72.51298514743699 55.439798406932674 47.3287355184925 42.16806211104259 57.000765988181904 63.530850051894376 42.689742434859355
1.0111083228255078 1680.1844632290004 0.0 1.1473420196279427 2128.030312168242 0.0 t_swap_k 100 552.6453237533569 72.51298514743699 55.439798406932674 48.045448163307576 42.16806211104259 57.000765988181904 63.530850051894376 42.689742434859355
1.0111083228255078 1680.1844632290004 0.0 1.1317870320033925 2076.8958513009093 0.0 t_move_k 100 553.7364339828491 72.89785529596263 55.439798406932674 48.045448163307576 42.16806211104259 57.000765988181904 63.530850051894376 42.689742434859355
1.0111083228255078 1680.1844632290004 0.0 1.1135402304626147 2016.9124953599337 0.0 swap_t 100 554.1701710224152 72.89785529596263 55.439798406932674 48.045448163307576 42.16806211104259 57.43075832830009 63.530850051894376 42.689742434859355
1.0111083228255078 1680.1844632290004 0.0 1.1195966045800692 2036.8218281592804 0.0 t_move_k 100 555.1995756626129 73.268876743003 55.439798406932674 48.045448163307576 42.16806211104259 57.43075832830009 63.530850051894376 42.689742434859355
1.0111083228255078 1680.1844632290004 0.0 1.1087223724179056 2001.0745802424235 0.0 swap_t 100 556.1350889205933 73.268876743003 55.439798406932674 48.045448163307576 42.16806211104259 57.856450745017085 63.530850051894376 42.689742434859355
1.0111083228255078 1680.1844632290004 0.0 1.114081230674592 2018.6909444873954 0.0 t_move_k 100 557.2997810840607 73.68618797557298 55.439798406932674 48.045448163307576 42.16806211104259 57.856450745017085 63.530850051894376 42.689742434859355
1.0111083228255078 1680.1844632290004 0.0 1.105036759753847 1988.9587354027283 0.0 t_multiswap_k 100 557.5647366046906 73.68618797557298 55.439798406932674 48.045448163307576 42.16806211104259 57.856450745017085 63.530850051894376 43.26284501051076
1.0111083228255078 1680.1844632290004 0.0 1.1024865232196546 1980.5752526634487 0.0 t_move_k 100 558.5539891719818 74.00932609581724 55.439798406932674 48.045448163307576 42.16806211104259 57.856450745017085 63.530850051894376 43.26284501051076
1.0111083228255078 1680.1844632290004 0.0 1.1117082564386758 2010.8901823695185 0.0 t_move_k 100 559.8610148429871 74.30923283485907 55.439798406932674 48.045448163307576 42.16806211104259 57.856450745017085 63.530850051894376 43.26284501051076
1.0111083228255078 1680.1844632290004 0.0 1.100859748648379 1975.227499089954 0.0 t_multiswap_k 100 560.207558631897 74.30923283485907 55.439798406932674 48.045448163307576 42.16806211104259 57.856450745017085 63.530850051894376 43.83021656040565
1.0111083228255078 1680.1844632290004 0.0 1.110471523086415 2006.8246250877698 0.0 t_move_k 100 561.4773316383362 74.57614050651048 55.439798406932674 48.045448163307576 42.16806211104259 57.856450745017085 63.530850051894376 43.83021656040565
1.0111083228255078 1680.1844632290004 0.0 1.1029113116039082 1981.9716745402 0.0 move_t 100 562.4745857715607 74.57614050651048 55.88540042286335 48.045448163307576 42.16806211104259 57.856450745017085 63.530850051894376 43.83021656040565
1.0111083228255078 1680.1844632290004 0.0 1.1078875403243815 1998.3302071803896 0.0 t_swap_k 100 563.6000804901123 74.57614050651048 55.88540042286335 48.6049936816745 42.16806211104259 57.856450745017085 63.530850051894376 43.83021656040565
1.0111083228255078 1680.1844632290004 0.0 1.1029113116039082 1981.9716745402 0.0 t_swap_r_k 100 565.722528219223 74.57614050651048 55.88540042286335 48.6049936816745 42.16806211104259 57.856450745017085 63.93554155137543 43.83021656040565
1.0111083228255078 1680.1844632290004 0.0 1.1029113116039082 1981.9716745402 0.0 swap_t 100 566.3558564186096 74.57614050651048 55.88540042286335 48.6049936816745 42.16806211104259 58.27788623756692 63.93554155137543 43.83021656040565
1.0111083228255078 1680.1844632290004 0.0 1.1029113116039082 1981.9716745402 0.0 f_swap_t 100 567.4199435710907 74.57614050651048 55.88540042286335 48.6049936816745 42.74638148993216 58.27788623756692 63.93554155137543 43.83021656040565
1.0111083228255078 1680.1844632290004 0.0 1.1029113116039082 1981.9716745402 0.0 swap_t 100 567.7660896778107 74.57614050651048 55.88540042286335 48.6049936816745 42.74638148993216 58.69510737519125 63.93554155137543 43.83021656040565
1.0111083228255078 1680.1844632290004 0.0 1.1029113116039082 1981.9716745402 0.0 t_swap_r_k 100 569.7372281551361 74.57614050651048 55.88540042286335 48.6049936816745 42.74638148993216 58.69510737519125 64.33618613586168 43.83021656040565
1.0111083228255078 1680.1844632290004 0.0 1.1029113116039082 1981.9716745402 0.0 f_swap_t 100 570.6288435459137 74.57614050651048 55.88540042286335 48.6049936816745 43.31891767503284 58.69510737519125 64.33618613586168 43.83021656040565
1.0111083228255078 1680.1844632290004 0.0 1.1167682774922048 2027.5241685091917 0.0 f_swap_t 100 571.6355955600739 74.57614050651048 55.88540042286335 48.6049936816745 43.92572849828252 58.69510737519125 64.33618613586168 43.83021656040565
1.0111083228255078 1680.1844632290004 0.0 1.1029113116039082 1981.9716745402 0.0 swap_t 100 572.4761266708374 74.57614050651048 55.88540042286335 48.6049936816745 43.92572849828252 59.10815630143934 64.33618613586168 43.83021656040565
1.0111083228255078 1680.1844632290004 0.0 1.1270221391952622 2061.2320506785404 0.0 swap_t 100 573.134119272232 74.57614050651048 55.88540042286335 48.6049936816745 43.92572849828252 59.52707473842494 64.33618613586168 43.83021656040565
1.0111083228255078 1680.1844632290004 0.0 1.1696393129036406 2201.328992821263 0.0 move_t 100 574.0915126800537 74.57614050651048 56.50654641863471 48.6049936816745 43.92572849828252 59.52707473842494 64.33618613586168 43.83021656040565
1.0111083228255078 1680.1844632290004 0.0 1.1487352063707243 2132.6101842130915 0.0 t_swap_r_k 100 575.8037786483765 74.57614050651048 56.50654641863471 48.6049936816745 43.92572849828252 59.52707473842494 64.73282427450306 43.83021656040565
1.0111083228255078 1680.1844632290004 0.0 1.1336669454886268 2083.0757573776564 0.0 t_move_k 100 576.7639384269714 74.92037910144538 56.50654641863471 48.6049936816745 43.92572849828252 59.52707473842494 64.73282427450306 43.83021656040565
1.0111083228255078 1680.1844632290004 0.0 1.1249232828128513 2054.332405873735 0.0 t_multiswap_k 100 577.3808219432831 74.92037910144538 56.50654641863471 48.6049936816745 43.92572849828252 59.52707473842494 64.73282427450306 44.4519143948016
1.0111083228255078 1680.1844632290004 0.0 1.1121337876976558 2012.2890463246267 0.0 t_multiswap_k 100 577.9132745265961 74.92037910144538 56.50654641863471 48.6049936816745 43.92572849828252 59.52707473842494 64.73282427450306 45.06739525085358
1.0111083228255078 1680.1844632290004 0.0 1.1065033406177878 1993.779878537396 0.0 swap_t 100 578.8123342990875 74.92037910144538 56.50654641863471 48.6049936816745 43.92572849828252 59.931803991040695 64.73282427450306 45.06739525085358
1.0111083228255078 1680.1844632290004 0.0 1.1065033406177878 1993.779878537396 0.0 t_swap_k 100 579.9862194061279 74.92037910144538 56.50654641863471 49.11894374485775 43.92572849828252 59.931803991040695 64.73282427450306 45.06739525085358
1.0111083228255078 1680.1844632290004 0.0 1.117261223071084 2029.1446459419826 0.0 t_multiswap_k 100 580.5028417110443 74.92037910144538 56.50654641863471 49.11894374485775 43.92572849828252 59.931803991040695 64.73282427450306 45.65672129834504
1.0111083228255078 1680.1844632290004 0.0 1.1165960957896428 2026.9581495097407 0.0 t_swap_r_k 100 582.3620240688324 74.92037910144538 56.50654641863471 49.11894374485775 43.92572849828252 59.931803991040695 65.12549603175803 45.65672129834504
1.0111083228255078 1680.1844632290004 0.0 1.1165960957896428 2026.9581495097407 0.0 t_multiswap_k 100 582.9398665428162 74.92037910144538 56.50654641863471 49.11894374485775 43.92572849828252 59.931803991040695 65.12549603175803 46.20015408536159
1.0111083228255078 1680.1844632290004 0.0 1.1156058317452802 2023.7028194993927 0.0 move_t 100 583.592346906662 74.92037910144538 56.97148095444837 49.11894374485775 43.92572849828252 59.931803991040695 65.12549603175803 46.20015408536159
1.0111083228255078 1680.1844632290004 0.0 1.1649553936428692 2185.93137940448 0.0 f_swap_t 100 584.6098504066467 74.92037910144538 56.97148095444837 49.11894374485775 44.50647121329969 59.931803991040695 65.12549603175803 46.20015408536159
1.0111083228255078 1680.1844632290004 0.0 1.1867622127061672 2257.61770683513 0.0 f_swap_t 100 585.5940341949463 74.92037910144538 56.97148095444837 49.11894374485775 45.131406501166694 59.931803991040695 65.12549603175803 46.20015408536159
1.0111083228255078 1680.1844632290004 0.0 1.1773857558364003 2226.7941486006894 0.0 move_t 100 586.1960091590881 74.92037910144538 57.40176614490388 49.11894374485775 45.131406501166694 59.931803991040695 65.12549603175803 46.20015408536159
1.0111083228255078 1680.1844632290004 0.0 1.1574277948035012 2161.1856375519365 0.0 t_swap_k 100 587.7046990394592 74.92037910144538 57.40176614490388 49.68775430740917 45.131406501166694 59.931803991040695 65.12549603175803 46.20015408536159
1.0111083228255078 1680.1844632290004 0.0 1.1381640418501462 2125.52463110487 0.0 move_t 100 588.4734263420105 74.92037910144538 57.88774848345484 49.68775430740917 45.131406501166694 59.931803991040695 65.12549603175803 46.20015408536159
1.0111083228255078 1680.1844632290004 0.0 1.1357171097353875 2089.815334803108 0.0 t_move_k 100 589.4214260578156 75.21117531043092 57.88774848345484 49.68775430740917 45.131406501166694 59.931803991040695 65.12549603175803 46.20015408536159
1.0111083228255078 1680.1844632290004 0.0 1.1531481921232851 2132.0580361600155 0.0 move_t 100 590.1927175521851 75.21117531043092 58.38887099862029 49.68775430740917 45.131406501166694 59.931803991040695 65.12549603175803 46.20015408536159
1.0111083228255078 1680.1844632290004 0.0 1.1324975227931104 2079.231472798036 0.0 t_multiswap_k 100 590.5949141979218 75.21117531043092 58.38887099862029 49.68775430740917 45.131406501166694 59.931803991040695 65.12549603175803 46.76815254450797
1.0111083228255078 1680.1844632290004 0.0 1.1155386069168793 2023.4818289438128 0.0 t_move_k 100 591.750063419342 75.4890635573266 58.38887099862029 49.68775430740917 45.131406501166694 59.931803991040695 65.12549603175803 46.76815254450797
1.0111083228255078 1680.1844632290004 0.0 1.1155386069168793 2023.4818289438128 0.0 swap_t 100 592.6565840244293 75.4890635573266 58.38887099862029 49.68775430740917 45.131406501166694 60.33248595113029 65.12549603175803 46.76815254450797
1.0111083228255078 1680.1844632290004 0.0 1.1254227079924561 2055.97418392712 0.0 t_move_k 100 593.9056305885315 75.82417292175333 58.38887099862029 49.68775430740917 45.131406501166694 60.33248595113029 65.12549603175803 46.76815254450797
1.0111083228255078 1680.1844632290004 0.0 1.1134685712976022 2016.676927652806 0.0 t_multiswap_k 100 594.5256671905518 75.82417292175333 58.38887099862029 49.68775430740917 45.131406501166694 60.33248595113029 65.12549603175803 47.36047101906289
1.0111083228255078 1680.1844632290004 0.0 1.0958330822834461 1958.7031609975777 0.0 t_swap_r_k 100 596.2354316711426 75.82417292175333 58.38887099862029 49.68775430740917 45.131406501166694 60.33248595113029 65.51424107144045 47.36047101906289
1.0111083228255078 1680.1844632290004 0.0 1.0930097338709377 1949.4218679230398 0.0 f_swap_t 100 597.5561873912811 75.82417292175333 58.38887099862029 49.68775430740917 45.68009243615503 60.33248595113029 65.51424107144045 47.36047101906289
1.0111083228255078 1680.1844632290004 0.0 1.0912277847443872 1943.564003546771 0.0 t_move_k 100 598.2741816043854 76.0959311925358 58.38887099862029 49.68775430740917 45.68009243615503 60.33248595113029 65.51424107144045 47.36047101906289
1.0111083228255078 1680.1844632290004 0.0 1.0912277847443872 1943.564003546771 0.0 move_t 100 598.9914209842682 76.0959311925358 58.804982288634086 49.68775430740917 45.68009243615503 60.33248595113029 65.51424107144045 47.36047101906289
1.0111083228255078 1680.1844632290004 0.0 1.0976397802069022 1964.6423829690725 0.0 t_swap_k 100 600.0353479385376 76.0959311925358 58.804982288634086 50.20087676433508 45.68009243615503 60.33248595113029 65.51424107144045 47.36047101906289
1.0111083228255078 1680.1844632290004 0.0 1.0932085306948751 1950.0753797521425 0.0 f_swap_t 100 600.6624038219452 76.0959311925358 58.804982288634086 50.20087676433508 46.22329151179348 60.33248595113029 65.51424107144045 47.36047101906289
1.0111083228255078 1680.1844632290004 0.0 1.0932085306948751 1950.0753797521425 0.0 t_swap_r_k 100 602.697674036026 76.0959311925358 58.804982288634086 50.20087676433508 46.22329151179348 60.33248595113029 65.89909866072605 47.36047101906289
1.0111083228255078 1680.1844632290004 0.0 1.0932085306948751 1950.0753797521425 0.0 swap_t 100 603.5745875835419 76.0959311925358 58.804982288634086 50.20087676433508 46.22329151179348 60.729161091618984 65.89909866072605 47.36047101906289
1.0111083228255078 1680.1844632290004 0.0 1.09102444833933 1942.8955685921273 0.0 f_swap_t 100 605.0552122592926 76.0959311925358 58.804982288634086 50.20087676433508 46.79105859667554 60.729161091618984 65.89909866072605 47.36047101906289
1.0111083228255078 1680.1844632290004 0.0 1.1173755446768512 2029.520459399215 0.0 t_swap_k 100 606.321916103363 76.0959311925358 58.804982288634086 50.74886799669173 46.79105859667554 60.729161091618984 65.89909866072605 47.36047101906289
1.0111083228255078 1680.1844632290004 0.0 1.1004577739602093 1973.906073483068 0.0 swap_t 100 607.0711011886597 76.0959311925358 58.804982288634086 50.74886799669173 46.79105859667554 61.12186948070279 65.89909866072605 47.36047101906289
1.0111083228255078 1680.1844632290004 0.0 1.0991531424865664 1969.6173123059145 0.0 move_t 100 607.9408571720123 76.0959311925358 59.216932465747746 50.74886799669173 46.79105859667554 61.12186948070279 65.89909866072605 47.36047101906289
1.0111083228255078 1680.1844632290004 0.0 1.0991531424865664 1969.6173123059145 0.0 t_swap_r_k 100 609.8059616088867 76.0959311925358 59.216932465747746 50.74886799669173 46.79105859667554 61.12186948070279 66.2801076741188 47.36047101906289
1.0111083228255078 1680.1844632290004 0.0 1.0991531424865664 1969.6173123059145 0.0 t_swap_r_k 100 611.886656999588 76.0959311925358 59.216932465747746 50.74886799669173 46.79105859667554 61.12186948070279 66.65730659737761 47.36047101906289
1.0111083228255078 1680.1844632290004 0.0 1.0991531424865664 1969.6173123059145 0.0 f_swap_t 100 612.9209396839142 76.0959311925358 59.216932465747746 50.74886799669173 47.323148010708785 61.12186948070279 66.65730659737761 47.36047101906289
1.0111083228255078 1680.1844632290004 0.0 1.0991531424865664 1969.6173123059145 0.0 t_swap_r_k 100 614.8168292045593 76.0959311925358 59.216932465747746 50.74886799669173 47.323148010708785 61.12186948070279 67.03073353140384 47.36047101906289
1.0111083228255078 1680.1844632290004 0.0 1.0989893615117299 1969.0789093157778 0.0 t_move_k 100 615.7536022663116 76.40497188061045 59.216932465747746 50.74886799669173 47.323148010708785 61.12186948070279 67.03073353140384 47.36047101906289
1.0111083228255078 1680.1844632290004 0.0 1.0885070913635517 1934.6201719878964 0.0 t_move_k 100 616.6876168251038 76.71092216180435 59.216932465747746 50.74886799669173 47.323148010708785 61.12186948070279 67.03073353140384 47.36047101906289
1.0111083228255078 1680.1844632290004 0.0 1.080045538091217 1906.8042087017443 0.0 t_swap_r_k 100 618.7274134159088 76.71092216180435 59.216932465747746 50.74886799669173 47.323148010708785 61.12186948070279 67.4004261960898 47.36047101906289
1.0111083228255078 1680.1844632290004 0.0 1.0800455264329698 1906.8041703771755 0.0 t_multiswap_k 100 619.4284372329712 76.71092216180435 59.216932465747746 50.74886799669173 47.323148010708785 61.12186948070279 67.4004261960898 47.886866308872264
1.0111083228255078 1680.1844632290004 0.0 1.0800455264329698 1906.8041703771755 0.0 swap_t 100 620.3342776298523 76.71092216180435 59.216932465747746 50.74886799669173 47.323148010708785 61.51065078589576 67.4004261960898 47.886866308872264
1.0111083228255078 1680.1844632290004 0.0 1.0800455264329698 1906.8041703771755 0.0 t_multiswap_k 100 620.9102973937988 76.71092216180435 59.216932465747746 50.74886799669173 47.323148010708785 61.51065078589576 67.4004261960898 48.40799764578354
1.0111083228255078 1680.1844632290004 0.0 1.0800455264329698 1906.8041703771755 0.0 swap_t 100 621.6598453521729 76.71092216180435 59.216932465747746 50.74886799669173 47.323148010708785 61.8955442780368 67.4004261960898 48.40799764578354
1.0111083228255078 1680.1844632290004 0.0 1.0800455264329698 1906.8041703771755 0.0 t_swap_r_k 100 623.6484472751617 76.71092216180435 59.216932465747746 50.74886799669173 47.323148010708785 61.8955442780368 67.7664219341289 48.40799764578354
1.0111083228255078 1680.1844632290004 0.0 1.0800455264329698 1906.8041703771755 0.0 t_swap_r_k 100 625.7752339839935 76.71092216180435 59.216932465747746 50.74886799669173 47.323148010708785 61.8955442780368 68.12875771478761 48.40799764578354
1.0111083228255078 1680.1844632290004 0.0 1.0800455264329698 1906.8041703771755 0.0 t_swap_k 100 627.0719101428986 76.71092216180435 59.216932465747746 51.24137931672481 47.323148010708785 61.8955442780368 68.12875771478761 48.40799764578354
1.0111083228255078 1680.1844632290004 0.0 1.0800455264329698 1906.8041703771755 0.0 t_swap_r_k 100 628.7638683319092 76.71092216180435 59.216932465747746 51.24137931672481 47.323148010708785 61.8955442780368 68.48747013763973 48.40799764578354
1.0111083228255078 1680.1844632290004 0.0 1.1015066439352674 1977.3540608417907 0.0 t_move_k 100 629.8092637062073 77.0438129401863 59.216932465747746 51.24137931672481 47.323148010708785 61.8955442780368 68.48747013763973 48.40799764578354
1.0111083228255078 1680.1844632290004 0.0 1.0904005724623582 1940.8446793605126 0.0 t_swap_r_k 100 631.0529606342316 77.0438129401863 59.216932465747746 51.24137931672481 47.323148010708785 61.8955442780368 68.84259543626334 48.40799764578354
1.0111083228255078 1680.1844632290004 0.0 1.0904005724623582 1940.8446793605126 0.0 f_swap_t 100 632.3424046039581 77.0438129401863 59.216932465747746 51.24137931672481 47.849916530601696 61.8955442780368 68.84259543626334 48.40799764578354
1.0111083228255078 1680.1844632290004 0.0 1.0829424417493259 1916.327302536175 0.0 move_t 100 633.1783633232117 77.0438129401863 59.68476314109027 51.24137931672481 47.849916530601696 61.8955442780368 68.84259543626334 48.40799764578354
1.0111083228255078 1680.1844632290004 0.0 1.0875061105340267 1931.3296123107216 0.0 t_move_k 100 634.5155327320099 77.31337481078444 59.68476314109027 51.24137931672481 47.849916530601696 61.8955442780368 68.84259543626334 48.40799764578354
1.0111083228255078 1680.1844632290004 0.0 1.070975979686045 1876.989528642385 0.0 t_move_k 100 635.423876285553 77.57024106267659 59.68476314109027 51.24137931672481 47.849916530601696 61.8955442780368 68.84259543626334 48.40799764578354
1.0111083228255078 1680.1844632290004 0.0 1.0678670971000441 1866.7695889823833 0.0 t_move_k 100 636.5707056522369 77.82453865204982 59.68476314109027 51.24137931672481 47.849916530601696 61.8955442780368 68.84259543626334 48.40799764578354
1.0111083228255078 1680.1844632290004 0.0 1.0656334734069306 1859.4269188315177 0.0 t_swap_k 100 637.648585319519 77.82453865204982 59.68476314109027 51.72896552355756 47.849916530601696 61.8955442780368 68.84259543626334 48.40799764578354
1.0111083228255078 1680.1844632290004 0.0 1.0656334734069306 1859.4269188315177 0.0 t_multiswap_k 100 638.1753127574921 77.82453865204982 59.68476314109027 51.72896552355756 47.849916530601696 61.8955442780368 68.84259543626334 48.923917669325704
1.0111083228255078 1680.1844632290004 0.0 1.0656334734069306 1859.4269188315177 0.0 t_swap_k 100 639.5632572174072 77.82453865204982 59.68476314109027 52.21167586832199 47.849916530601696 61.8955442780368 68.84259543626334 48.923917669325704
1.0111083228255078 1680.1844632290004 0.0 1.0824448009052015 1914.6913901919113 0.0 t_move_k 100 640.9406180381775 78.08629326552932 59.68476314109027 52.21167586832199 47.849916530601696 61.8955442780368 68.84259543626334 48.923917669325704
1.0111083228255078 1680.1844632290004 0.0 1.0838106033849733 1919.1812409806178 0.0 t_swap_k 100 641.9427404403687 78.08629326552932 59.68476314109027 52.75955910963877 47.849916530601696 61.8955442780368 68.84259543626334 48.923917669325704
1.0111083228255078 1680.1844632290004 0.0 1.1223503695861479 2045.8743772412818 0.0 move_t 100 642.9377858638763 78.08629326552932 60.15791550967937 52.75955910963877 47.849916530601696 61.8955442780368 68.84259543626334 48.923917669325704
1.0111083228255078 1680.1844632290004 0.0 1.1273329500345022 2062.2537901411406 0.0 t_swap_k 100 644.0114192962646 78.08629326552932 60.15791550967937 53.36196351854238 47.849916530601696 61.8955442780368 68.84259543626334 48.923917669325704
1.0111083228255078 1680.1844632290004 0.0 1.1256049945027709 2056.57342081842 0.0 t_swap_k 100 645.0277876853943 78.08629326552932 60.15791550967937 53.95834388335696 47.849916530601696 61.8955442780368 68.84259543626334 48.923917669325704
1.0111083228255078 1680.1844632290004 0.0 1.1159227650393704 2024.744685524322 0.0 f_swap_t 100 646.2440006732941 78.08629326552932 60.15791550967937 53.95834388335696 48.37141736529568 61.8955442780368 68.84259543626334 48.923917669325704
1.0111083228255078 1680.1844632290004 0.0 1.1397813653616162 2103.175906041765 0.0 t_move_k 100 647.374059677124 78.52543033287402 60.15791550967937 53.95834388335696 48.37141736529568 61.8955442780368 68.84259543626334 48.923917669325704
1.0111083228255078 1680.1844632290004 0.0 1.1092915602672693 2002.945691587026 0.0 t_swap_k 100 648.3803181648254 78.52543033287402 60.15791550967937 54.50876044452339 48.37141736529568 61.8955442780368 68.84259543626334 48.923917669325704
1.0111083228255078 1680.1844632290004 0.0 1.0961308482085887 1959.6820174527768 0.0 t_multiswap_k 100 649.0396764278412 78.52543033287402 60.15791550967937 54.50876044452339 48.37141736529568 61.8955442780368 68.84259543626334 49.43467849263244
1.0111083228255078 1680.1844632290004 0.0 1.1222792143861238 2045.6404662360815 0.0 t_move_k 100 650.2003090381622 78.84017602954529 60.15791550967937 54.50876044452339 48.37141736529568 61.8955442780368 68.84259543626334 49.43467849263244
1.0111083228255078 1680.1844632290004 0.0 1.085729985446468 1925.490893503777 0.0 t_move_k 100 651.0531618595123 79.14177426924984 60.15791550967937 54.50876044452339 48.37141736529568 61.8955442780368 68.84259543626334 49.43467849263244
1.0111083228255078 1680.1844632290004 0.0 1.0728650541954055 1883.1995500776907 0.0 t_swap_r_k 100 653.0808393955231 79.14177426924984 60.15791550967937 54.50876044452339 48.37141736529568 61.8955442780368 69.1941694819007 49.43467849263244
1.0111083228255078 1680.1844632290004 0.0 1.0930670273928693 1949.610210943676 0.0 f_swap_t 100 654.4468243122101 79.14177426924984 60.15791550967937 54.50876044452339 48.89770319164272 61.8955442780368 69.1941694819007 49.43467849263244
1.0111083228255078 1680.1844632290004 0.0 1.075108720933811 1890.5752350864823 0.0 move_t 100 655.2515103816986 79.14177426924984 60.58633635458258 54.50876044452339 48.89770319164272 61.8955442780368 69.1941694819007 49.43467849263244
1.0111083228255078 1680.1844632290004 0.0 1.0664901909430702 1862.2432366829662 0.0 swap_t 100 656.1470577716827 79.14177426924984 60.58633635458258 54.50876044452339 48.89770319164272 62.27658883525643 69.1941694819007 49.43467849263244
1.0111083228255078 1680.1844632290004 0.0 1.0616283806510771 1846.2608357887393 0.0 move_t 100 657.1035392284393 79.14177426924984 61.01047299103675 54.50876044452339 48.89770319164272 62.27658883525643 69.1941694819007 49.43467849263244
1.0111083228255078 1680.1844632290004 0.0 1.0616283806510771 1846.2608357887393 0.0 t_swap_r_k 100 658.929443359375 79.14177426924984 61.01047299103675 54.50876044452339 48.89770319164272 62.27658883525643 69.5422277870817 49.43467849263244
1.0111083228255078 1680.1844632290004 0.0 1.059846431524527 1840.4029714124704 0.0 t_move_k 100 659.9191951751709 79.38035652655734 61.01047299103675 54.50876044452339 48.89770319164272 62.27658883525643 69.5422277870817 49.43467849263244
1.0111083228255078 1680.1844632290004 0.0 1.059846431524527 1840.4029714124704 0.0 t_move_k 100 660.6066219806671 79.58655296129176 61.01047299103675 54.50876044452339 48.89770319164272 62.27658883525643 69.5422277870817 49.43467849263244
1.0111083228255078 1680.1844632290004 0.0 1.1600466708376536 2169.794761346635 0.0 f_swap_t 100 661.3410339355469 79.58655296129176 61.01047299103675 54.50876044452339 49.45872615972629 62.27658883525643 69.5422277870817 49.43467849263244
1.0111083228255078 1680.1844632290004 0.0 1.128536167101028 2066.209168151604 0.0 t_swap_k 100 662.4962239265442 79.58655296129176 61.01047299103675 54.993672840078155 49.45872615972629 62.27658883525643 69.5422277870817 49.43467849263244
1.0111083228255078 1680.1844632290004 0.0 1.1123896764148207 2013.1302383531956 0.0 t_swap_k 100 663.699565410614 79.58655296129176 61.01047299103675 55.48373611167737 49.45872615972629 62.27658883525643 69.5422277870817 49.43467849263244
1.0111083228255078 1680.1844632290004 0.0 1.1095468861840692 2003.7850335020535 0.0 t_swap_r_k 100 665.5409789085388 79.58655296129176 61.01047299103675 55.48373611167737 49.45872615972629 62.27658883525643 69.88680550921089 49.43467849263244
1.0111083228255078 1680.1844632290004 0.0 1.1039681694337773 1985.4459206565061 0.0 move_t 100 666.5684838294983 79.58655296129176 61.43036826112638 55.48373611167737 49.45872615972629 62.27658883525643 69.88680550921089 49.43467849263244
1.0111083228255078 1680.1844632290004 0.0 1.0989906657239814 1969.0831966988317 0.0 t_multiswap_k 100 667.1658058166504 79.58655296129176 61.43036826112638 55.48373611167737 49.45872615972629 62.27658883525643 69.88680550921089 49.94033170770612
1.0111083228255078 1680.1844632290004 0.0 1.0989906657239814 1969.0831966988317 0.0 t_swap_r_k 100 669.0637350082397 79.58655296129176 61.43036826112638 55.48373611167737 49.45872615972629 62.27658883525643 70.22793745411877 49.94033170770612
1.0111083228255078 1680.1844632290004 0.0 1.0989906657239814 1969.0831966988317 0.0 t_swap_r_k 100 670.8259561061859 79.58655296129176 61.43036826112638 55.48373611167737 49.45872615972629 62.27658883525643 70.56565807957759 49.94033170770612
1.0111083228255078 1680.1844632290004 0.0 1.0989906657239814 1969.0831966988317 0.0 swap_t 100 671.5602600574493 79.58655296129176 61.43036826112638 55.48373611167737 49.45872615972629 62.653822946903865 70.56565807957759 49.94033170770612
1.0111083228255078 1680.1844632290004 0.0 1.0890896590827475 1936.5352674517312 0.0 t_move_k 100 672.3178987503052 79.82068743167883 61.43036826112638 55.48373611167737 49.45872615972629 62.653822946903865 70.56565807957759 49.94033170770612
1.0111083228255078 1680.1844632290004 0.0 1.084000729898725 1919.80625059245 0.0 t_move_k 100 673.3097052574158 80.02248055736204 61.43036826112638 55.48373611167737 49.45872615972629 62.653822946903865 70.56565807957759 49.94033170770612
1.0111083228255078 1680.1844632290004 0.0 1.084000729898725 1919.80625059245 0.0 move_t 100 674.2936787605286 80.02248055736204 61.81606457851512 55.48373611167737 49.45872615972629 62.653822946903865 70.56565807957759 49.94033170770612
1.0111083228255078 1680.1844632290004 0.0 1.084000729898725 1919.80625059245 0.0 swap_t 100 675.1630487442017 80.02248055736204 61.81606457851512 55.48373611167737 49.45872615972629 63.027284717434824 70.56565807957759 49.94033170770612
1.0111083228255078 1680.1844632290004 0.0 1.1121549211724042 2012.3585191434809 0.0 t_swap_k 100 676.094975233078 80.02248055736204 61.81606457851512 56.0688987505606 49.45872615972629 63.027284717434824 70.56565807957759 49.94033170770612
1.0111083228255078 1680.1844632290004 0.0 1.1209232306248205 2041.1828928678024 0.0 t_multiswap_k 100 676.7684426307678 80.02248055736204 61.81606457851512 56.0688987505606 49.45872615972629 63.027284717434824 70.56565807957759 50.48092839062906
1.0111083228255078 1680.1844632290004 0.0 1.118073503626091 2031.814884533991 0.0 t_move_k 100 677.455484867096 80.22225575178842 61.81606457851512 56.0688987505606 49.45872615972629 63.027284717434824 70.56565807957759 50.48092839062906
1.0111083228255078 1680.1844632290004 0.0 1.118073503626091 2031.814884533991 0.0 t_swap_r_k 100 679.4177761077881 80.22225575178842 61.81606457851512 56.0688987505606 49.45872615972629 63.027284717434824 70.90000149878182 50.48092839062906
1.0111083228255078 1680.1844632290004 0.0 1.1115063327354058 2010.2263914394148 0.0 t_multiswap_k 100 679.9722468852997 80.22225575178842 61.81606457851512 56.0688987505606 49.45872615972629 63.027284717434824 70.90000149878182 51.07611910672277
1.0111083228255078 1680.1844632290004 0.0 1.1186172489955037 2033.6023579145644 0.0 t_swap_k 100 681.1307845115662 80.22225575178842 61.81606457851512 56.61820976305499 49.45872615972629 63.027284717434824 70.90000149878182 51.07611910672277
1.0111083228255078 1680.1844632290004 0.0 1.1006627131660949 1966.6782393602984 0.0 move_t 100 681.9630446434021 80.22225575178842 62.25790393272997 56.61820976305499 49.45872615972629 63.027284717434824 70.90000149878182 51.07611910672277
1.0111083228255078 1680.1844632290004 0.0 1.0999335018947174 1972.1826153830807 0.0 t_swap_k 100 683.2955341339111 80.22225575178842 62.25790393272997 57.09202766542444 49.45872615972629 63.027284717434824 70.90000149878182 51.07611910672277
1.0111083228255078 1680.1844632290004 0.0 1.0952698348265488 1956.8515777151924 0.0 t_swap_r_k 100 685.0479216575623 80.22225575178842 62.25790393272997 57.09202766542444 49.45872615972629 63.027284717434824 71.231001483794 51.07611910672277
1.0111083228255078 1680.1844632290004 0.0 1.0923505998615433 1947.2550733859293 0.0 swap_t 100 685.7242925167084 80.22225575178842 62.25790393272997 57.09202766542444 49.45872615972629 63.39701187026048 71.231001483794 51.07611910672277
1.0111083228255078 1680.1844632290004 0.0 1.0923505998615433 1947.2550733859293 0.0 t_multiswap_k 100 686.6391344070435 80.22225575178842 62.25790393272997 57.09202766542444 49.45872615972629 63.39701187026048 71.231001483794 51.56535791565555
1.0111083228255078 1680.1844632290004 0.0 1.090324827090969 1940.5956789226666 0.0 t_multiswap_k 100 687.4486734867096 80.22225575178842 62.25790393272997 57.09202766542444 49.45872615972629 63.39701187026048 71.231001483794 52.07970433649899
1.0111083228255078 1680.1844632290004 0.0 1.0943520780401803 1953.8346033780203 0.0 t_swap_k 100 688.925359249115 80.22225575178842 62.25790393272997 57.601107388770195 49.45872615972629 63.39701187026048 71.231001483794 52.07970433649899
1.0111083228255078 1680.1844632290004 0.0 1.0816844371675276 1912.1918195893832 0.0 move_t 100 689.713226556778 80.22225575178842 62.66532489340267 57.601107388770195 49.45872615972629 63.39701187026048 71.231001483794 52.07970433649899
1.0111083228255078 1680.1844632290004 0.0 1.0798811551429335 1906.263826823009 0.0 t_swap_r_k 100 691.731262922287 80.22225575178842 62.66532489340267 57.601107388770195 49.45872615972629 63.39701187026048 71.55869146895607 52.07970433649899
1.0111083228255078 1680.1844632290004 0.0 1.0798811551429335 1906.263826823009 0.0 move_t 100 692.4504280090332 80.22225575178842 63.03867164446864 57.601107388770195 49.45872615972629 63.39701187026048 71.55869146895607 52.07970433649899
1.0111083228255078 1680.1844632290004 0.0 1.0798811551429335 1906.263826823009 0.0 t_swap_r_k 100 694.1933469772339 80.22225575178842 63.03867164446864 57.601107388770195 49.45872615972629 63.39701187026048 71.88310455426651 52.07970433649899
1.0111083228255078 1680.1844632290004 0.0 1.0737902515530666 1886.2409840679834 0.0 t_move_k 100 694.962379693985 80.48003319427053 63.03867164446864 57.601107388770195 49.45872615972629 63.39701187026048 71.88310455426651 52.07970433649899
1.0111083228255078 1680.1844632290004 0.0 1.0984293291041223 1967.2378949786112 0.0 t_swap_k 100 695.9997100830078 80.48003319427053 63.03867164446864 58.035096314882495 49.45872615972629 63.39701187026048 71.88310455426651 52.07970433649899
1.0111083228255078 1680.1844632290004 0.0 1.1402358966735062 2104.6701028962916 0.0 f_swap_t 100 697.3176939487457 80.48003319427053 63.03867164446864 58.035096314882495 50.00413889812903 63.39701187026048 71.88310455426651 52.07970433649899
1.0111083228255078 1680.1844632290004 0.0 1.1436082057649601 2102.138786699481 0.0 swap_t 100 698.1847157478333 80.48003319427053 63.03867164446864 58.035096314882495 50.00413889812903 63.77304175155788 71.88310455426651 52.07970433649899
1.0111083228255078 1680.1844632290004 0.0 1.1118569464849013 2011.3789764163926 0.0 t_swap_k 100 699.2982351779938 80.48003319427053 63.03867164446864 58.48474535173367 50.00413889812903 63.77304175155788 71.88310455426651 52.07970433649899
1.0111083228255078 1680.1844632290004 0.0 1.10878464563823 2021.6467419582218 0.0 swap_t 100 699.8516652584076 80.48003319427053 63.03867164446864 58.48474535173367 50.00413889812903 64.1653113340423 71.88310455426651 52.07970433649899
1.0111083228255078 1680.1844632290004 0.0 1.100322404333634 1973.4610681227414 0.0 swap_t 100 700.696471452713 80.48003319427053 63.03867164446864 58.48474535173367 50.00413889812903 64.52365822070188 71.88310455426651 52.07970433649899
1.0111083228255078 1680.1844632290004 0.0 1.099462243079569 1970.6334296155815 0.0 f_swap_t 100 701.661630153656 80.48003319427053 63.03867164446864 58.48474535173367 50.50409750914774 64.52365822070188 71.88310455426651 52.07970433649899
1.0111083228255078 1680.1844632290004 0.0 1.078128931899003 1900.5036813918305 0.0 t_move_k 100 702.8207824230194 80.82523286232782 63.03867164446864 58.48474535173367 50.50409750914774 64.52365822070188 71.88310455426651 52.07970433649899
1.0111083228255078 1680.1844632290004 0.0 1.0615488159077175 1845.9992797943564 0.0 swap_t 100 703.1615285873413 80.82523286232782 63.03867164446864 58.48474535173367 50.50409750914774 64.87842163849486 71.88310455426651 52.07970433649899
1.0111083228255078 1680.1844632290004 0.0 1.0604627181272792 1842.4289121545744 0.0 t_move_k 100 704.1160995960236 81.04698053370454 63.03867164446864 58.48474535173367 50.50409750914774 64.87842163849486 71.88310455426651 52.07970433649899
1.0111083228255078 1680.1844632290004 0.0 1.055931681394669 1827.5338748787858 0.0 t_multiswap_k 100 704.7092044353485 81.04698053370454 63.03867164446864 58.48474535173367 50.50409750914774 64.87842163849486 71.88310455426651 52.558907293134
1.0111083228255078 1680.1844632290004 0.0 1.055931681394669 1827.5338748787858 0.0 t_swap_k 100 705.9329514503479 81.04698053370454 63.03867164446864 58.89989789821634 50.50409750914774 64.87842163849486 71.88310455426651 52.558907293134
1.0111083228255078 1680.1844632290004 0.0 1.055931681394669 1827.5338748787858 0.0 t_swap_r_k 100 707.6357424259186 81.04698053370454 63.03867164446864 58.89989789821634 50.50409750914774 64.87842163849486 72.20427350872384 52.558907293134
1.0111083228255078 1680.1844632290004 0.0 1.055931681394669 1827.5338748787858 0.0 t_swap_r_k 100 710.0241105556488 81.04698053370454 63.03867164446864 58.89989789821634 50.50409750914774 64.87842163849486 72.52223077363661 52.558907293134
1.0111083228255078 1680.1844632290004 0.0 1.055931681394669 1827.5338748787858 0.0 t_move_k 100 710.9217779636383 81.23651072836749 63.03867164446864 58.89989789821634 50.50409750914774 64.87842163849486 72.52223077363661 52.558907293134
1.0111083228255078 1680.1844632290004 0.0 1.055931681394669 1827.5338748787858 0.0 t_swap_k 100 712.0030527114868 81.23651072836749 63.03867164446864 59.31089891923418 50.50409750914774 64.87842163849486 72.52223077363661 52.558907293134
1.0111083228255078 1680.1844632290004 0.0 1.055931681394669 1827.5338748787858 0.0 f_swap_t 100 713.1500768661499 81.23651072836749 63.03867164446864 59.31089891923418 50.999056534056265 64.87842163849486 72.52223077363661 52.558907293134
1.0111083228255078 1680.1844632290004 0.0 1.0971531035385442 1963.042513547517 0.0 t_multiswap_k 100 713.6021595001221 81.23651072836749 63.03867164446864 59.31089891923418 50.999056534056265 64.87842163849486 72.52223077363661 53.083318220202656
1.0111083228255078 1680.1844632290004 0.0 1.1060904237812959 1960.9179550766926 0.0 swap_t 100 714.6301810741425 81.23651072836749 63.03867164446864 59.31089891923418 50.999056534056265 65.24963742210991 72.52223077363661 53.083318220202656
1.0111083228255078 1680.1844632290004 0.0 1.0811554256168425 1910.4527812121241 0.0 t_multiswap_k 100 715.1538710594177 81.23651072836749 63.03867164446864 59.31089891923418 50.999056534056265 65.24963742210991 72.52223077363661 53.58248503800063
1.0111083228255078 1680.1844632290004 0.0 1.0704798985237316 1875.3587434952924 0.0 t_move_k 100 716.3003880977631 81.45414562108381 63.03867164446864 59.31089891923418 50.999056534056265 65.24963742210991 72.52223077363661 53.58248503800063
1.0111083228255078 1680.1844632290004 0.0 1.0682895913634725 1868.1584693146215 0.0 t_move_k 100 717.0530881881714 81.63960416487298 63.03867164446864 59.31089891923418 50.999056534056265 65.24963742210991 72.52223077363661 53.58248503800063
1.0111083228255078 1680.1844632290004 0.0 1.0682895913634725 1868.1584693146215 0.0 t_move_k 100 718.0399558544159 81.82320812322425 63.03867164446864 59.31089891923418 50.999056534056265 65.24963742210991 72.52223077363661 53.58248503800063
1.0111083228255078 1680.1844632290004 0.0 1.0682895913634725 1868.1584693146215 0.0 t_swap_r_k 100 719.8655183315277 81.82320812322425 63.03867164446864 59.31089891923418 50.999056534056265 65.24963742210991 72.83700846590024 53.58248503800063
1.0111083228255078 1680.1844632290004 0.0 1.0682895913634725 1868.1584693146215 0.0 move_t 100 720.6209814548492 81.82320812322425 63.40828492802395 59.31089891923418 50.999056534056265 65.24963742210991 72.83700846590024 53.58248503800063
1.0111083228255078 1680.1844632290004 0.0 1.0682895913634725 1868.1584693146215 0.0 t_move_k 100 721.8942596912384 82.00497604199201 63.40828492802395 59.31089891923418 50.999056534056265 65.24963742210991 72.83700846590024 53.58248503800063
1.0111083228255078 1680.1844632290004 0.0 1.0682895913634725 1868.1584693146215 0.0 t_multiswap_k 100 722.6076791286469 82.00497604199201 63.40828492802395 59.31089891923418 50.999056534056265 65.24963742210991 72.83700846590024 54.04666018762062
1.0111083228255078 1680.1844632290004 0.0 1.1083339936570398 1999.7978490081382 0.0 t_move_k 100 723.6325719356537 82.21492628157209 63.40828492802395 59.31089891923418 50.999056534056265 65.24963742210991 72.83700846590024 54.04666018762062
1.0111083228255078 1680.1844632290004 0.0 1.0993824861474284 1970.371241832223 0.0 f_swap_t 100 724.5430722236633 82.21492628157209 63.40828492802395 59.31089891923418 51.5190659687157 65.24963742210991 72.83700846590024 54.04666018762062
1.0111083228255078 1680.1844632290004 0.0 1.1184460240877452 2033.0394842205046 0.0 t_move_k 100 725.6675922870636 82.47277701875637 63.40828492802395 59.31089891923418 51.5190659687157 65.24963742210991 72.83700846590024 54.04666018762062
1.0111083228255078 1680.1844632290004 0.0 1.1028405676772448 1981.7391155284618 0.0 swap_t 100 726.2928981781006 82.47277701875637 63.40828492802395 59.31089891923418 51.5190659687157 65.59714104788881 72.83700846590024 54.04666018762062
1.0111083228255078 1680.1844632290004 0.0 1.1357552549271894 2089.940730840993 0.0 t_swap_k 100 727.4476838111877 82.47277701875637 63.40828492802395 59.877789930041835 51.5190659687157 65.59714104788881 72.83700846590024 54.04666018762062
1.0111083228255078 1680.1844632290004 0.0 1.1064179246199088 1993.499087507123 0.0 move_t 100 728.4049351215363 82.47277701875637 63.89420207874371 59.877789930041835 51.5190659687157 65.59714104788881 72.83700846590024 54.04666018762062
1.0111083228255078 1680.1844632290004 0.0 1.0928116035069722 1948.770546971371 0.0 t_move_k 100 729.3971428871155 82.70804924856881 63.89420207874371 59.877789930041835 51.5190659687157 65.59714104788881 72.83700846590024 54.04666018762062
1.0111083228255078 1680.1844632290004 0.0 1.0995164869833887 1970.8117475187587 0.0 t_move_k 100 730.47412276268 82.98096875608313 63.89420207874371 59.877789930041835 51.5190659687157 65.59714104788881 72.83700846590024 54.04666018762062
1.0111083228255078 1680.1844632290004 0.0 1.1661037292389733 2109.581539453674 0.0 move_t 100 731.2458431720734 82.98096875608313 64.27526005795627 59.877789930041835 51.5190659687157 65.59714104788881 72.83700846590024 54.04666018762062
1.0111083228255078 1680.1844632290004 0.0 1.1479330652199107 2129.973277243032 0.0 f_swap_t 100 732.2277724742889 82.98096875608313 64.27526005795627 59.877789930041835 52.003875309028544 65.59714104788881 72.83700846590024 54.04666018762062
1.0111083228255078 1680.1844632290004 0.0 1.13851995289617 2099.0292202385485 0.0 t_multiswap_k 100 732.6649265289307 82.98096875608313 64.27526005795627 59.877789930041835 52.003875309028544 65.59714104788881 72.83700846590024 54.56619358574441
1.0111083228255078 1680.1844632290004 0.0 1.1302478600430592 2071.8360768881325 0.0 t_swap_r_k 100 734.9397640228271 82.98096875608313 64.27526005795627 59.877789930041835 52.003875309028544 65.59714104788881 73.14863838124124 54.56619358574441
1.0111083228255078 1680.1844632290004 0.0 1.1148237174266322 2021.1317474428927 0.0 t_multiswap_k 100 735.5910365581512 82.98096875608313 64.27526005795627 59.877789930041835 52.003875309028544 65.59714104788881 73.14863838124124 55.05053164988696
1.0111083228255078 1680.1844632290004 0.0 1.1751924654287003 2237.871874535381 0.0 swap_t 100 736.4882049560547 82.98096875608313 64.27526005795627 59.877789930041835 52.003875309028544 66.02116963740993 73.14863838124124 55.05053164988696
1.0111083228255078 1680.1844632290004 0.0 1.1510193368654265 2140.118887158819 0.0 swap_t 100 737.410943031311 82.98096875608313 64.27526005795627 59.877789930041835 52.003875309028544 66.36095794103582 73.14863838124124 55.05053164988696
1.0111083228255078 1680.1844632290004 0.0 1.145373349851624 2127.111606320262 0.0 move_t 100 738.1936819553375 82.98096875608313 64.6625074573767 59.877789930041835 52.003875309028544 66.36095794103582 73.14863838124124 55.05053164988696
1.0111083228255078 1680.1844632290004 0.0 1.1437627557931878 2116.264071595779 0.0 swap_t 100 739.002200126648 82.98096875608313 64.6625074573767 59.877789930041835 52.003875309028544 66.69734836162546 73.14863838124124 55.05053164988696
1.0111083228255078 1680.1844632290004 0.0 1.1407647834944394 2106.408731245026 0.0 f_swap_t 100 739.6823213100433 82.98096875608313 64.6625074573767 59.877789930041835 52.48383655593826 66.69734836162546 73.14863838124124 55.05053164988696
1.0111083228255078 1680.1844632290004 0.0 1.131939744300979 2077.3978678369167 0.0 t_swap_k 100 740.9176640510559 82.98096875608313 64.6625074573767 60.339012030741415 52.48383655593826 66.69734836162546 73.14863838124124 55.05053164988696
1.0111083228255078 1680.1844632290004 0.0 1.1196625314615392 2037.0385519280164 0.0 t_move_k 100 741.9342710971832 83.2811590685223 64.6625074573767 60.339012030741415 52.48383655593826 66.69734836162546 73.14863838124124 55.05053164988696
1.0111083228255078 1680.1844632290004 0.0 1.1134163160120338 2016.505147004727 0.0 t_move_k 100 743.0875155925751 83.44834747783707 64.6625074573767 60.339012030741415 52.48383655593826 66.69734836162546 73.14863838124124 55.05053164988696
1.0111083228255078 1680.1844632290004 0.0 1.112451693217344 2013.3341083811433 0.0 t_swap_k 100 744.1141729354858 83.44834747783707 64.6625074573767 60.775621910434 52.48383655593826 66.69734836162546 73.14863838124124 55.05053164988696
1.0111083228255078 1680.1844632290004 0.0 1.137704270683691 2096.3477992576436 0.0 t_multiswap_k 100 744.8453288078308 83.44834747783707 64.6625074573767 60.775621910434 52.48383655593826 66.69734836162546 73.14863838124124 55.54002633338809
1.0111083228255078 1680.1844632290004 0.0 1.1122042621409802 2012.5207194542559 0.0 t_swap_r_k 100 746.6913964748383 83.44834747783707 64.6625074573767 60.775621910434 52.48383655593826 66.69734836162546 73.45715199742882 55.54002633338809
1.0111083228255078 1680.1844632290004 0.0 1.110429292165572 2006.6857978883304 0.0 move_t 100 747.2879459857941 83.44834747783707 65.01588238280294 60.775621910434 52.48383655593826 66.69734836162546 73.45715199742882 55.54002633338809
1.0111083228255078 1680.1844632290004 0.0 1.1352643062700392 2088.326817959616 0.0 swap_t 100 747.755761384964 83.44834747783707 65.01588238280294 60.775621910434 52.48383655593826 67.0403748780092 73.45715199742882 55.54002633338809
1.0111083228255078 1680.1844632290004 0.0 1.1159404922662466 2024.802960864095 0.0 swap_t 100 748.5144612789154 83.44834747783707 65.01588238280294 60.775621910434 52.48383655593826 67.36997112922911 73.45715199742882 55.54002633338809
1.0111083228255078 1680.1844632290004 0.0 1.1276391285892062 2063.2603017309816 0.0 t_move_k 100 749.3431868553162 83.7138640030587 65.01588238280294 60.775621910434 52.48383655593826 67.36997112922911 73.45715199742882 55.54002633338809
1.0111083228255078 1680.1844632290004 0.0 1.1244341341684883 2052.7244102380455 0.0 swap_t 100 750.093603849411 83.7138640030587 65.01588238280294 60.775621910434 52.48383655593826 67.69627141793683 73.45715199742882 55.54002633338809
1.0111083228255078 1680.1844632290004 0.0 1.1384456157572151 2098.7848491329823 0.0 t_multiswap_k 100 750.6293580532074 83.7138640030587 65.01588238280294 60.775621910434 52.48383655593826 67.69627141793683 73.45715199742882 55.99462607005421
1.0111083228255078 1680.1844632290004 0.0 1.1261753483140582 2058.448365070884 0.0 t_swap_k 100 751.665130853653 83.7138640030587 65.01588238280294 61.227865691329654 52.48383655593826 67.69627141793683 73.45715199742882 55.99462607005421
1.0111083228255078 1680.1844632290004 0.0 1.1249164722320708 2054.310017210703 0.0 move_t 100 752.5256109237671 83.7138640030587 65.3657235589749 61.227865691329654 52.48383655593826 67.69627141793683 73.45715199742882 55.99462607005421
1.0111083228255078 1680.1844632290004 0.0 1.1249164722320708 2054.310017210703 0.0 f_swap_t 100 753.6060128211975 83.7138640030587 65.3657235589749 61.227865691329654 52.95899819037888 67.69627141793683 73.45715199742882 55.99462607005421
1.0111083228255078 1680.1844632290004 0.0 1.1231345231055205 2048.4521528344335 0.0 t_move_k 100 754.5459079742432 83.90672536302812 65.3657235589749 61.227865691329654 52.95899819037888 67.69627141793683 73.45715199742882 55.99462607005421
1.0111083228255078 1680.1844632290004 0.0 1.1209209019767463 2048.5126024947685 0.0 swap_t 100 755.5051734447479 83.90672536302812 65.3657235589749 61.227865691329654 52.95899819037888 68.04930870375746 73.45715199742882 55.99462607005421
1.0111083228255078 1680.1844632290004 0.0 1.1155968701027597 2023.6733595750366 0.0 swap_t 100 756.0817322731018 83.90672536302812 65.3657235589749 61.227865691329654 52.95899819037888 68.36881561671989 73.45715199742882 55.99462607005421
1.0111083228255078 1680.1844632290004 0.0 1.1247760913446911 2053.8485381555274 0.0 t_swap_k 100 757.0168771743774 83.90672536302812 65.3657235589749 61.71558703441636 52.95899819037888 68.36881561671989 73.45715199742882 55.99462607005421
1.0111083228255078 1680.1844632290004 0.0 1.1180974929653251 2031.8937455371574 0.0 t_multiswap_k 100 757.5420053005219 83.90672536302812 65.3657235589749 61.71558703441636 52.95899819037888 68.36881561671989 73.45715199742882 56.46467980935367
1.0111083228255078 1680.1844632290004 0.0 1.1339230355517471 2083.9176112979044 0.0 t_multiswap_k 100 757.8211936950684 83.90672536302812 65.3657235589749 61.71558703441636 52.95899819037888 68.36881561671989 73.45715199742882 56.940033011260134
1.0111083228255078 1680.1844632290004 0.0 1.1283312830843601 2065.535645678586 0.0 t_multiswap_k 100 758.2515561580658 83.90672536302812 65.3657235589749 61.71558703441636 52.95899819037888 68.36881561671989 73.45715199742882 57.49063268114753
1.0111083228255078 1680.1844632290004 0.0 1.1112333402642616 2009.328973635574 0.0 t_swap_r_k 100 759.7717921733856 83.90672536302812 65.3657235589749 61.71558703441636 52.95899819037888 68.36881561671989 73.76258047745453 57.49063268114753
1.0111083228255078 1680.1844632290004 0.0 1.1244767364370614 2052.86445818201 0.0 t_move_k 100 760.6290559768677 84.19765810939784 65.3657235589749 61.71558703441636 52.95899819037888 68.36881561671989 73.76258047745453 57.49063268114753
1.0111083228255078 1680.1844632290004 0.0 1.0984414514501313 1967.277745195312 0.0 t_swap_r_k 100 762.6518769264221 84.19765810939784 65.3657235589749 61.71558703441636 52.95899819037888 68.36881561671989 74.06495467267999 57.49063268114753
1.0111083228255078 1680.1844632290004 0.0 1.106856563313694 1994.9410399961657 0.0 t_multiswap_k 100 763.0109305381775 84.19765810939784 65.3657235589749 61.71558703441636 52.95899819037888 68.36881561671989 74.06495467267999 57.92572635433606
1.0111083228255078 1680.1844632290004 0.0 1.0998339793891632 1971.8554515312985 0.0 t_swap_r_k 100 764.75040102005 84.19765810939784 65.3657235589749 61.71558703441636 52.95899819037888 68.36881561671989 74.3643051259532 57.92572635433606
1.0111083228255078 1680.1844632290004 0.0 1.0998339793891632 1971.8554515312985 0.0 f_swap_t 100 765.9222540855408 84.19765810939784 65.3657235589749 61.71558703441636 53.42940820847509 68.36881561671989 74.3643051259532 57.92572635433606
1.0111083228255078 1680.1844632290004 0.0 1.0998339793891632 1971.8554515312985 0.0 t_swap_r_k 100 767.9087898731232 84.19765810939784 65.3657235589749 61.71558703441636 53.42940820847509 68.36881561671989 74.66066207469366 57.92572635433606
1.0111083228255078 1680.1844632290004 0.0 1.1157580569244807 2020.3705508143576 0.0 swap_t 100 768.6747004985809 84.19765810939784 65.3657235589749 61.71558703441636 53.42940820847509 68.72512746055268 74.66066207469366 57.92572635433606
1.0111083228255078 1680.1844632290004 0.0 1.1056494146038975 1990.9727373557503 0.0 t_swap_r_k 100 770.7503092288971 84.19765810939784 65.3657235589749 61.71558703441636 53.42940820847509 68.72512746055268 74.95405545394672 57.92572635433606
1.0111083228255078 1680.1844632290004 0.0 1.1056494146038975 1990.9727373557503 0.0 move_t 100 771.8979108333588 84.19765810939784 65.71206632338516 61.71558703441636 53.42940820847509 68.72512746055268 74.95405545394672 57.92572635433606
1.0111083228255078 1680.1844632290004 0.0 1.1056494146038975 1990.9727373557503 0.0 t_multiswap_k 100 772.4584355354309 84.19765810939784 65.71206632338516 61.71558703441636 53.42940820847509 68.72512746055268 74.95405545394672 58.346469090792695
1.0111083228255078 1680.1844632290004 0.0 1.1060802174579778 1992.3889308118435 0.0 t_multiswap_k 100 772.863137960434 84.19765810939784 65.71206632338516 61.71558703441636 53.42940820847509 68.72512746055268 74.95405545394672 58.80300439988477
1.0111083228255078 1680.1844632290004 0.0 1.1097790868019828 2004.548354804305 0.0 t_move_k 100 774.1592073440552 84.59568152830386 65.71206632338516 61.71558703441636 53.42940820847509 68.72512746055268 74.95405545394672 58.80300439988477
1.0111083228255078 1680.1844632290004 0.0 1.0693489003844676 1871.6407733181936 0.0 t_move_k 100 775.1941483020782 84.80972471302081 65.71206632338516 61.71558703441636 53.42940820847509 68.72512746055268 74.95405545394672 58.80300439988477
1.0111083228255078 1680.1844632290004 0.0 1.0606950888796525 1843.1927927458507 0.0 t_move_k 100 776.4686431884766 84.9616274658906 65.71206632338516 61.71558703441636 53.42940820847509 68.72512746055268 74.95405545394672 58.80300439988477
1.0111083228255078 1680.1844632290004 0.0 1.0606950888796525 1843.1927927458507 0.0 swap_t 100 777.3776888847351 84.9616274658906 65.71206632338516 61.71558703441636 53.42940820847509 69.03787618594716 74.95405545394672 58.80300439988477
1.0111083228255078 1680.1844632290004 0.0 1.0585359035353206 1836.0948264111942 0.0 t_swap_k 100 778.5112478733063 84.9616274658906 65.71206632338516 62.1284311640722 53.42940820847509 69.03787618594716 74.95405545394672 58.80300439988477
1.0111083228255078 1680.1844632290004 0.0 1.0579738631615285 1834.247211215784 0.0 t_move_k 100 779.6908047199249 85.1120111912317 65.71206632338516 62.1284311640722 53.42940820847509 69.03787618594716 74.95405545394672 58.80300439988477
1.0111083228255078 1680.1844632290004 0.0 1.0579738631615285 1834.247211215784 0.0 t_swap_r_k 100 781.7414984703064 85.1120111912317 65.71206632338516 62.1284311640722 53.42940820847509 69.03787618594716 75.24451489940725 58.80300439988477
1.0111083228255078 1680.1844632290004 0.0 1.0847630400676898 1902.7354921974431 0.0 swap_t 100 782.6762046813965 85.1120111912317 65.71206632338516 62.1284311640722 53.42940820847509 69.35749742408768 75.24451489940725 58.80300439988477
1.0111083228255078 1680.1844632290004 0.0 1.082177158087568 1913.8115584932284 0.0 t_multiswap_k 100 783.0989236831665 85.1120111912317 65.71206632338516 62.1284311640722 53.42940820847509 69.35749742408768 75.24451489940725 59.21497435588592
1.0111083228255078 1680.1844632290004 0.0 1.1309644615280234 2074.1917862898263 0.0 move_t 100 784.1758308410645 85.1120111912317 66.1649456601513 62.1284311640722 53.42940820847509 69.35749742408768 75.24451489940725 59.21497435588592
1.0111083228255078 1680.1844632290004 0.0 1.1047622352834265 1988.056281403492 0.0 t_swap_r_k 100 786.1218466758728 85.1120111912317 66.1649456601513 62.1284311640722 53.42940820847509 69.35749742408768 75.53206975041317 59.21497435588592
1.0111083228255078 1680.1844632290004 0.0 1.1044818024888134 1987.134404761209 0.0 t_swap_r_k 100 787.9933190345764 85.1120111912317 66.1649456601513 62.1284311640722 53.42940820847509 69.35749742408768 75.81674905290905 59.21497435588592
1.0111083228255078 1680.1844632290004 0.0 1.105994972075627 1992.1087006520297 0.0 t_multiswap_k 100 788.8880927562714 85.1120111912317 66.1649456601513 62.1284311640722 53.42940820847509 69.35749742408768 75.81674905290905 59.72282461232706
1.0111083228255078 1680.1844632290004 0.0 1.0831464237111132 1931.8094326529967 0.0 swap_t 100 789.8341047763824 85.1120111912317 66.1649456601513 62.1284311640722 53.42940820847509 69.72392244984681 75.81674905290905 59.72282461232706
1.0111083228255078 1680.1844632290004 0.0 1.1020172663353103 1979.0326479138728 0.0 t_move_k 100 790.973623752594 85.34089107931939 66.1649456601513 62.1284311640722 53.42940820847509 69.72392244984681 75.81674905290905 59.72282461232706
1.0111083228255078 1680.1844632290004 0.0 1.097219281876698 1963.2600639387013 0.0 t_swap_r_k 100 792.9315369129181 85.34089107931939 66.1649456601513 62.1284311640722 53.42940820847509 69.72392244984681 76.09858156237996 59.72282461232706
1.0111083228255078 1680.1844632290004 0.0 1.0980663746527712 1966.044741976037 0.0 t_swap_k 100 794.4201986789703 85.34089107931939 66.1649456601513 62.577146852431476 53.42940820847509 69.72392244984681 76.09858156237996 59.72282461232706
1.0111083228255078 1680.1844632290004 0.0 1.089989214341101 1939.492407262224 0.0 f_swap_t 100 795.6982505321503 85.34089107931939 66.1649456601513 62.577146852431476 53.89511412639034 69.72392244984681 76.09858156237996 59.72282461232706
1.0111083228255078 1680.1844632290004 0.0 1.1467857106422765 2185.1826408849724 0.0 swap_t 100 796.7735304832458 85.34089107931939 66.1649456601513 62.577146852431476 53.89511412639034 70.10668322534835 76.09858156237996 59.72282461232706
1.0111083228255078 1680.1844632290004 0.0 1.099743925161878 1971.5594130854831 0.0 f_swap_t 100 797.978022813797 85.34089107931939 66.1649456601513 62.577146852431476 54.416162985126434 70.10668322534835 76.09858156237996 59.72282461232706
1.0111083228255078 1680.1844632290004 0.0 1.1201035133903527 2038.4882074164295 0.0 t_swap_k 100 798.8603708744049 85.34089107931939 66.1649456601513 63.07137538390716 54.416162985126434 70.10668322534835 76.09858156237996 59.72282461232706
1.0111083228255078 1680.1844632290004 0.0 1.1031442924539594 1982.7375607271476 0.0 t_multiswap_k 100 799.4153838157654 85.34089107931939 66.1649456601513 63.07137538390716 54.416162985126434 70.10668322534835 76.09858156237996 60.18559636620379
1.0111083228255078 1680.1844632290004 0.0 1.1031442924539594 1982.7375607271476 0.0 t_swap_r_k 100 801.5443253517151 85.34089107931939 66.1649456601513 63.07137538390716 54.416162985126434 70.10668322534835 76.37759574675616 60.18559636620379
1.0111083228255078 1680.1844632290004 0.0 1.0977024941257896 1964.8485446522955 0.0 t_swap_k 100 802.7652649879456 85.34089107931939 66.1649456601513 63.50066163006809 54.416162985126434 70.10668322534835 76.37759574675616 60.18559636620379
1.0111083228255078 1680.1844632290004 0.0 1.111875859934945 2011.4411512695306 0.0 t_swap_k 100 804.1856989860535 85.34089107931939 66.1649456601513 63.985655013767406 54.416162985126434 70.10668322534835 76.37759574675616 60.18559636620379
1.0111083228255078 1680.1844632290004 0.0 1.1089092796115159 2001.6890068693147 0.0 t_multiswap_k 100 804.818253993988 85.34089107931939 66.1649456601513 63.985655013767406 54.416162985126434 70.10668322534835 76.37759574675616 60.61374040254175
1.0111083228255078 1680.1844632290004 0.0 1.1063240340188143 1993.1904376140237 0.0 move_t 100 806.1549518108368 85.34089107931939 66.51329620354979 63.985655013767406 54.416162985126434 70.10668322534835 76.37759574675616 60.61374040254175
1.0111083228255078 1680.1844632290004 0.0 1.103174978981049 1982.838437632774 0.0 t_swap_r_k 100 808.0566782951355 85.34089107931939 66.51329620354979 63.985655013767406 54.416162985126434 70.10668322534835 76.65381978928859 60.61374040254175
1.0111083228255078 1680.1844632290004 0.0 1.103174978981049 1982.838437632774 0.0 f_swap_t 100 809.3590695858002 85.34089107931939 66.51329620354979 63.985655013767406 54.87200135527517 70.10668322534835 76.65381978928859 60.61374040254175
1.0111083228255078 1680.1844632290004 0.0 1.1139622733701584 2018.2998919340112 0.0 f_swap_t 100 811.1291851997375 85.34089107931939 66.51329620354979 63.985655013767406 55.48328134172242 70.10668322534835 76.65381978928859 60.61374040254175
1.0111083228255078 1680.1844632290004 0.0 1.0951268226533024 1956.3814487409404 0.0 move_t 100 811.9682977199554 85.34089107931939 66.87816324151429 63.985655013767406 55.48328134172242 70.10668322534835 76.65381978928859 60.61374040254175
1.0111083228255078 1680.1844632290004 0.0 1.092249583195644 1946.9229977280088 0.0 f_swap_t 100 813.4191074371338 85.34089107931939 66.87816324151429 63.985655013767406 55.95844852830519 70.10668322534835 76.65381978928859 60.61374040254175
1.0111083228255078 1680.1844632290004 0.0 1.0786550635625092 1902.233252614128 0.0 swap_t 100 814.4749753475189 85.34089107931939 66.87816324151429 63.985655013767406 55.95844852830519 70.40561639309486 76.65381978928859 60.61374040254175
1.0111083228255078 1680.1844632290004 0.0 1.0830615091173952 1916.7187169056406 0.0 t_move_k 100 815.9786446094513 85.6174821685262 66.87816324151429 63.985655013767406 55.95844852830519 70.40561639309486 76.65381978928859 60.61374040254175
1.0111083228255078 1680.1844632290004 0.0 1.0665218049218383 1862.3471624332924 0.0 t_multiswap_k 100 816.7359223365784 85.6174821685262 66.87816324151429 63.985655013767406 55.95844852830519 70.40561639309486 76.65381978928859 61.037602998516334
1.0111083228255078 1680.1844632290004 0.0 1.0835134782889382 1918.2044911456042 0.0 t_swap_k 100 818.3240728378296 85.6174821685262 66.87816324151429 64.38579846362973 55.95844852830519 70.40561639309486 76.65381978928859 61.037602998516334
1.0111083228255078 1680.1844632290004 0.0 1.0786272346419135 1902.1417696193785 0.0 t_swap_r_k 100 820.1676428318024 85.6174821685262 66.87816324151429 64.38579846362973 55.95844852830519 70.40561639309486 76.9272815913957 61.037602998516334
1.0111083228255078 1680.1844632290004 0.0 1.0786272346419132 1902.141769619378 0.0 t_swap_k 100 821.9733436107635 85.6174821685262 66.87816324151429 64.74194047899343 55.95844852830519 70.40561639309486 76.9272815913957 61.037602998516334
1.0111083228255078 1680.1844632290004 0.0 1.0786272346419132 1902.141769619378 0.0 move_t 100 823.0886468887329 85.6174821685262 67.20938160909914 64.74194047899343 55.95844852830519 70.40561639309486 76.9272815913957 61.037602998516334
1.0111083228255078 1680.1844632290004 0.0 1.0786272346419132 1902.141769619378 0.0 t_swap_r_k 100 824.8527336120605 85.6174821685262 67.20938160909914 64.74194047899343 55.95844852830519 70.40561639309486 77.19800877548174 61.037602998516334
1.0111083228255078 1680.1844632290004 0.0 1.0786272346419132 1902.141769619378 0.0 swap_t 100 825.596667766571 85.6174821685262 67.20938160909914 64.74194047899343 55.95844852830519 70.70156022916392 77.19800877548174 61.037602998516334
1.0111083228255078 1680.1844632290004 0.0 1.0971831798086766 1963.1413843338678 0.0 f_swap_t 100 826.9228603839874 85.6174821685262 67.20938160909914 64.74194047899343 56.49886404302214 70.70156022916392 77.19800877548174 61.037602998516334
1.0111083228255078 1680.1844632290004 0.0 1.0915037410599049 1944.471164501027 0.0 t_swap_k 100 828.002857208252 85.6174821685262 67.20938160909914 65.0945210742035 56.49886404302214 70.70156022916392 77.19800877548174 61.037602998516334
1.0111083228255078 1680.1844632290004 0.0 1.0960955919309847 1944.471164501027 0.0 move_t 100 829.0986835956573 85.6174821685262 67.54728779300815 65.0945210742035 56.49886404302214 70.70156022916392 77.19800877548174 61.037602998516334
1.0111083228255078 1680.1844632290004 0.0 1.0932856901864552 1950.329028877296 0.0 t_swap_r_k 100 830.4816093444824 85.6174821685262 67.54728779300815 65.0945210742035 56.49886404302214 70.70156022916392 77.46602868772692 61.037602998516334
1.0111083228255078 1680.1844632290004 0.0 1.0932856901864552 1950.329028877296 0.0 t_swap_k 100 831.3428275585175 85.6174821685262 67.54728779300815 65.44357586346146 56.49886404302214 70.70156022916392 77.46602868772692 61.037602998516334
1.0111083228255078 1680.1844632290004 0.0 1.163757184703743 2181.992464788313 0.0 t_multiswap_k 100 831.9969027042389 85.6174821685262 67.54728779300815 65.44357586346146 56.49886404302214 70.70156022916392 77.46602868772692 61.46722696853117
1.0111083228255078 1680.1844632290004 0.0 1.1425343052437364 2112.2257426645992 0.0 t_move_k 100 833.2903113365173 85.85130734684093 67.54728779300815 65.44357586346146 56.49886404302214 70.70156022916392 77.46602868772692 61.46722696853117
1.0111083228255078 1680.1844632290004 0.0 1.2175944375835415 2358.973569951122 0.0 t_multiswap_k 100 833.8308391571045 85.85130734684093 67.54728779300815 65.44357586346146 56.49886404302214 70.70156022916392 77.46602868772692 62.00255469884586
1.0111083228255078 1680.1844632290004 0.0 1.2012885765131096 2305.370736253062 0.0 move_t 100 834.5730261802673 85.85130734684093 67.91181491507807 65.44357586346146 56.49886404302214 70.70156022916392 77.46602868772692 62.00255469884586
1.0111083228255078 1680.1844632290004 0.0 1.182124966830816 2242.3735244886843 0.0 f_swap_t 100 835.6455540657043 85.85130734684093 67.91181491507807 65.44357586346146 56.99387540259192 70.70156022916392 77.46602868772692 62.00255469884586
1.0111083228255078 1680.1844632290004 0.0 1.2634051507482629 2260.1603534013934 0.0 swap_t 100 836.580258846283 85.85130734684093 67.91181491507807 65.44357586346146 56.99387540259192 71.00454462687227 77.46602868772692 62.00255469884586
1.0111083228255078 1680.1844632290004 0.0 1.238494986028061 2427.680681929488 0.0 t_swap_r_k 100 837.7723867893219 85.85130734684093 67.91181491507807 65.44357586346146 56.99387540259192 71.00454462687227 77.73136840084965 62.00255469884586
1.0111083228255078 1680.1844632290004 0.0 1.2494247976555637 2463.610638188133 0.0 t_move_k 100 839.0333728790283 86.18279427337252 67.91181491507807 65.44357586346146 56.99387540259192 71.00454462687227 77.73136840084965 62.00255469884586
1.0111083228255078 1680.1844632290004 0.0 1.2184047688298538 2361.637400511729 0.0 t_move_k 100 840.0230338573456 86.5209663306388 67.91181491507807 65.44357586346146 56.99387540259192 71.00454462687227 77.73136840084965 62.00255469884586
1.0111083228255078 1680.1844632290004 0.0 1.1928690219438662 2277.6928367887226 0.0 move_t 100 841.0324485301971 86.5209663306388 68.26269676592729 65.44357586346146 56.99387540259192 71.00454462687227 77.73136840084965 62.00255469884586
1.0111083228255078 1680.1844632290004 0.0 1.1807082142330838 2237.7161835755296 0.0 t_move_k 100 842.0377736091614 86.7257566673324 68.26269676592729 65.44357586346146 56.99387540259192 71.00454462687227 77.73136840084965 62.00255469884586
1.0111083228255078 1680.1844632290004 0.0 1.1670510609078284 2192.820540510714 0.0 t_multiswap_k 100 842.6441764831543 86.7257566673324 68.26269676592729 65.44357586346146 56.99387540259192 71.00454462687227 77.73136840084965 62.412529151857406
1.0111083228255078 1680.1844632290004 0.0 1.1662243204062528 2190.102767225024 0.0 t_swap_r_k 100 844.3115117549896 86.7257566673324 68.26269676592729 65.44357586346146 56.99387540259192 71.00454462687227 77.99405471684115 62.412529151857406
1.0111083228255078 1680.1844632290004 0.0 1.1662243204062528 2190.102767225024 0.0 t_swap_r_k 100 846.3695182800293 86.7257566673324 68.26269676592729 65.44357586346146 56.99387540259192 71.00454462687227 78.25411416967273 62.412529151857406
1.0111083228255078 1680.1844632290004 0.0 1.1633740099785892 2180.732840964646 0.0 move_t 100 847.4760317802429 86.7257566673324 68.61006979826801 65.44357586346146 56.99387540259192 71.00454462687227 78.25411416967273 62.412529151857406
1.0111083228255078 1680.1844632290004 0.0 1.1544203478807793 2151.299150934757 0.0 t_move_k 100 848.5753502845764 86.94849910065908 68.61006979826801 65.44357586346146 56.99387540259192 71.00454462687227 78.25411416967273 62.412529151857406
1.0111083228255078 1680.1844632290004 0.0 1.1429907608261742 2113.7262652417435 0.0 t_swap_k 100 849.8134665489197 86.94849910065908 68.61006979826801 65.78914010482684 56.99387540259192 71.00454462687227 78.25411416967273 62.412529151857406
1.0111083228255078 1680.1844632290004 0.0 1.1410355665983136 2107.298886117714 0.0 swap_t 100 850.6052689552307 86.94849910065908 68.61006979826801 65.78914010482684 56.99387540259192 71.29449918060355 78.25411416967273 62.412529151857406
1.0111083228255078 1680.1844632290004 0.0 1.1555544191043272 2155.027223370492 0.0 t_move_k 100 851.506551027298 87.17901410965248 68.61006979826801 65.78914010482684 56.99387540259192 71.29449918060355 78.25411416967273 62.412529151857406
1.0111083228255078 1680.1844632290004 0.0 1.1496880230117612 2135.7424120502865 0.0 t_move_k 100 852.432697057724 87.30722396855596 68.61006979826801 65.78914010482684 56.99387540259192 71.29449918060355 78.25411416967273 62.412529151857406
1.0111083228255078 1680.1844632290004 0.0 1.1420856573794629 2110.7508866754692 0.0 t_swap_k 100 853.605696439743 87.30722396855596 68.61006979826801 66.19124870377857 56.99387540259192 71.29449918060355 78.25411416967273 62.412529151857406
1.0111083228255078 1680.1844632290004 0.0 1.1363834300828688 2092.005753243532 0.0 t_swap_k 100 854.5538358688354 87.30722396855596 68.61006979826801 66.52933621674079 56.99387540259192 71.29449918060355 78.25411416967273 62.412529151857406
1.0111083228255078 1680.1844632290004 0.0 1.136319962988881 2091.797115621168 0.0 t_multiswap_k 100 854.7530589103699 87.30722396855596 68.61006979826801 66.52933621674079 56.99387540259192 71.29449918060355 78.25411416967273 62.78840386033883
1.0111083228255078 1680.1844632290004 0.0 1.136319962988881 2091.797115621168 0.0 f_swap_t 100 855.6829378604889 87.30722396855596 68.61006979826801 66.52933621674079 57.423936648566 71.29449918060355 78.25411416967273 62.78840386033883
1.0111083228255078 1680.1844632290004 0.0 1.136319962988881 2091.797115621168 0.0 move_t 100 856.6563200950623 87.30722396855596 68.92396910028533 66.52933621674079 57.423936648566 71.29449918060355 78.25411416967273 62.78840386033883
1.0111083228255078 1680.1844632290004 0.0 1.136319962988881 2091.797115621168 0.0 f_swap_t 100 857.5828084945679 87.30722396855596 68.92396910028533 66.52933621674079 57.84969728208034 71.29449918060355 78.25411416967273 62.78840386033883
1.0111083228255078 1680.1844632290004 0.0 1.1339218139802942 2083.913595582871 0.0 f_swap_t 100 858.9115445613861 87.30722396855596 68.92396910028533 66.52933621674079 58.331200309259536 71.29449918060355 78.25411416967273 62.78840386033883
1.0111083228255078 1680.1844632290004 0.0 1.1247765078561338 2053.849907368322 0.0 t_swap_r_k 100 861.1095163822174 87.30722396855596 68.92396910028533 66.52933621674079 58.331200309259536 71.29449918060355 78.511573027976 62.78840386033883
1.0111083228255078 1680.1844632290004 0.0 1.122678790989744 2046.9540085348272 0.0 t_swap_k 100 862.4026794433594 87.30722396855596 68.92396910028533 66.86404285457338 58.331200309259536 71.29449918060355 78.511573027976 62.78840386033883
1.0111083228255078 1680.1844632290004 0.0 1.122678790989744 2046.9540085348272 0.0 swap_t 100 863.2168989181519 87.30722396855596 68.92396910028533 66.86404285457338 58.331200309259536 71.58155418879751 78.511573027976 62.78840386033883
1.0111083228255078 1680.1844632290004 0.0 1.1199755439021797 2038.067528792753 0.0 t_swap_k 100 864.2754185199738 87.30722396855596 68.92396910028533 67.25540242602764 58.331200309259536 71.58155418879751 78.511573027976 62.78840386033883
1.0111083228255078 1680.1844632290004 0.0 1.115402728141999 2023.0351498422588 0.0 t_swap_r_k 100 866.440714597702 87.30722396855596 68.92396910028533 67.25540242602764 58.331200309259536 71.58155418879751 78.76645729769623 62.78840386033883
1.0111083228255078 1680.1844632290004 0.0 1.104702166698854 1987.8588158213056 0.0 t_multiswap_k 100 866.9706790447235 87.30722396855596 68.92396910028533 67.25540242602764 58.331200309259536 71.58155418879751 78.76645729769623 63.19051982173544
1.0111083228255078 1680.1844632290004 0.0 1.1008893884219386 1975.3249349656858 0.0 swap_t 100 867.2718796730042 87.30722396855596 68.92396910028533 67.25540242602764 58.331200309259536 71.86573864690953 78.76645729769623 63.19051982173544
1.0111083228255078 1680.1844632290004 0.0 1.1709551394064626 2205.6545558137113 0.0 t_swap_k 100 868.6880247592926 87.30722396855596 68.92396910028533 67.64284840176737 58.331200309259536 71.86573864690953 78.76645729769623 63.19051982173544
1.0111083228255078 1680.1844632290004 0.0 1.1455062476504696 2121.995514030872 0.0 t_swap_k 100 869.7589209079742 87.30722396855596 68.92396910028533 67.99641991774969 58.331200309259536 71.86573864690953 78.76645729769623 63.19051982173544
1.0111083228255078 1680.1844632290004 0.0 1.1270557021666487 2061.34238342122 0.0 t_multiswap_k 100 870.5440282821655 87.30722396855596 68.92396910028533 67.99641991774969 58.331200309259536 71.86573864690953 78.76645729769623 63.648614623518085
1.0111083228255078 1680.1844632290004 0.0 1.1210649843318057 2041.648884841412 0.0 t_swap_r_k 100 872.5853536128998 87.30722396855596 68.92396910028533 67.99641991774969 58.331200309259536 71.86573864690953 79.01879272471928 63.648614623518085
1.0111083228255078 1680.1844632290004 0.0 1.1183935749394456 2032.8670662806142 0.0 t_swap_r_k 100 874.5025639533997 87.30722396855596 68.92396910028533 67.99641991774969 58.331200309259536 71.86573864690953 79.26860479747208 63.648614623518085
1.0111083228255078 1680.1844632290004 0.0 1.1183935749394456 2032.8670662806142 0.0 swap_t 100 875.0540130138397 87.30722396855596 68.92396910028533 67.99641991774969 58.331200309259536 72.14708126044044 79.26860479747208 63.648614623518085
1.0111083228255078 1680.1844632290004 0.0 1.1053718566953972 1990.0603114282471 0.0 f_swap_t 100 875.9592640399933 87.30722396855596 68.92396910028533 67.99641991774969 58.77788830616694 72.14708126044044 79.26860479747208 63.648614623518085
1.0111083228255078 1680.1844632290004 0.0 1.0939310654451693 1952.4505937867648 0.0 t_move_k 100 876.8824942111969 87.4641517288704 68.92396910028533 67.99641991774969 58.77788830616694 72.14708126044044 79.26860479747208 63.648614623518085
1.0111083228255078 1680.1844632290004 0.0 1.0896769048888517 1938.4657413560858 0.0 t_multiswap_k 100 877.3797740936279 87.4641517288704 68.92396910028533 67.99641991774969 58.77788830616694 72.14708126044044 79.26860479747208 64.0421284772829
1.0111083228255078 1680.1844632290004 0.0 1.1139989051486463 2018.4203128747924 0.0 f_swap_t 100 878.6508433818817 87.4641517288704 68.92396910028533 67.99641991774969 59.240109423105274 72.14708126044044 79.26860479747208 64.0421284772829
1.0111083228255078 1680.1844632290004 0.0 1.100829539809177 1975.1281925046123 0.0 swap_t 100 879.4724609851837 87.4641517288704 68.92396910028533 67.99641991774969 59.240109423105274 72.42561044783604 79.26860479747208 64.0421284772829
1.0111083228255078 1680.1844632290004 0.0 1.0977394014151638 1964.9698712897557 0.0 t_swap_r_k 100 881.9629306793213 87.4641517288704 68.92396910028533 67.99641991774969 59.240109423105274 72.42561044783604 79.51591874949736 64.0421284772829
1.0111083228255078 1680.1844632290004 0.0 1.0977394014151638 1964.9698712897557 0.0 move_t 100 883.1206769943237 87.4641517288704 69.23472940928248 67.99641991774969 59.240109423105274 72.42561044783604 79.51591874949736 64.0421284772829
1.0111083228255078 1680.1844632290004 0.0 1.0977394014151638 1964.9698712897557 0.0 t_swap_r_k 100 885.0345439910889 87.4641517288704 69.23472940928248 67.99641991774969 59.240109423105274 72.42561044783604 79.76075956200239 64.0421284772829
1.0111083228255078 1680.1844632290004 0.0 1.0987206213853895 1968.1954703953804 0.0 t_swap_k 100 886.2989513874054 87.4641517288704 69.23472940928248 68.35645571857219 59.240109423105274 72.42561044783604 79.76075956200239 64.0421284772829
1.0111083228255078 1680.1844632290004 0.0 1.09591071964086 1958.9583810279853 0.0 t_multiswap_k 100 886.736355304718 87.4641517288704 69.23472940928248 68.35645571857219 59.240109423105274 72.42561044783604 79.76075956200239 64.40170719251007
1.0111083228255078 1680.1844632290004 0.0 1.09591071964086 1958.9583810279853 0.0 t_swap_r_k 100 888.5299277305603 87.4641517288704 69.23472940928248 68.35645571857219 59.240109423105274 72.42561044783604 80.00315196638236 64.40170719251007
1.0111083228255078 1680.1844632290004 0.0 1.09591071964086 1958.9583810279853 0.0 t_swap_r_k 100 890.0257322788239 87.4641517288704 69.23472940928248 68.35645571857219 59.240109423105274 72.42561044783604 80.24312044671854 64.40170719251007
1.0111083228255078 1680.1844632290004 0.0 1.09591071964086 1958.9583810279853 0.0 t_swap_r_k 100 891.6254122257233 87.4641517288704 69.23472940928248 68.35645571857219 59.240109423105274 72.42561044783604 80.48068924225134 64.40170719251007
1.0111083228255078 1680.1844632290004 0.0 1.09591071964086 1958.9583810279853 0.0 swap_t 100 892.7542386054993 87.4641517288704 69.23472940928248 68.35645571857219 59.240109423105274 72.70135434335768 80.48068924225134 64.40170719251007
1.0111083228255078 1680.1844632290004 0.0 1.09591071964086 1958.9583810279853 0.0 swap_t 100 894.0555758476257 87.4641517288704 69.23472940928248 68.35645571857219 59.240109423105274 72.97434079992411 80.48068924225134 64.40170719251007
1.0111083228255078 1680.1844632290004 0.0 1.09591071964086 1958.9583810279853 0.0 t_swap_k 100 895.38281416893 87.4641517288704 69.23472940928248 68.67289116138647 59.240109423105274 72.97434079992411 80.48068924225134 64.40170719251007
1.0111083228255078 1680.1844632290004 0.0 1.09591071964086 1958.9583810279853 0.0 t_move_k 100 896.4021747112274 87.5895102115817 69.23472940928248 68.67289116138647 59.240109423105274 72.97434079992411 80.48068924225134 64.40170719251007
1.0111083228255078 1680.1844632290004 0.0 1.09591071964086 1958.9583810279853 0.0 swap_t 100 897.3390698432922 87.5895102115817 69.23472940928248 68.67289116138647 59.240109423105274 73.24459739192487 80.48068924225134 64.40170719251007
1.0111083228255078 1680.1844632290004 0.0 1.0923518443337539 1947.259164383434 0.0 t_multiswap_k 100 897.8819668292999 87.5895102115817 69.23472940928248 68.67289116138647 59.240109423105274 73.24459739192487 80.48068924225134 64.78769012058497
1.0111083228255078 1680.1844632290004 0.0 1.0853626207777527 1924.283242637709 0.0 t_move_k 100 898.8615350723267 87.71361510946588 69.23472940928248 68.67289116138647 59.240109423105274 73.24459739192487 80.48068924225134 64.78769012058497
1.0111083228255078 1680.1844632290004 0.0 1.0820159679355328 1913.2816724065024 0.0 move_t 100 899.7563109397888 87.71361510946588 69.57238211518965 68.67289116138647 59.240109423105274 73.24459739192487 80.48068924225134 64.78769012058497
1.0111083228255078 1680.1844632290004 0.0 1.077243931036263 1897.5943867607043 0.0 t_move_k 100 901.0896000862122 87.86647895837122 69.57238211518965 68.67289116138647 59.240109423105274 73.24459739192487 80.48068924225134 64.78769012058497
1.0111083228255078 1680.1844632290004 0.0 1.0751351321057678 1890.6620574659973 0.0 t_multiswap_k 100 901.6158692836761 87.86647895837122 69.57238211518965 68.67289116138647 59.240109423105274 73.24459739192487 80.48068924225134 65.13981321937912
1.0111083228255078 1680.1844632290004 0.0 1.0750536810795883 1890.394300627399 0.0 t_move_k 100 902.2470767498016 88.01781416878751 69.57238211518965 68.67289116138647 59.240109423105274 73.24459739192487 80.48068924225134 65.13981321937912
1.0111083228255078 1680.1844632290004 0.0 1.1284137448304488 2065.8067250924823 0.0 f_swap_t 100 903.455078125 88.01781416878751 69.57238211518965 68.67289116138647 59.65770832887422 73.24459739192487 80.48068924225134 65.13981321937912
1.0111083228255078 1680.1844632290004 0.0 1.1079264142231933 1998.4579987225961 0.0 t_swap_r_k 100 905.4679443836212 88.01781416878751 69.57238211518965 68.67289116138647 59.65770832887422 73.24459739192487 80.71588234982883 65.13981321937912
1.0111083228255078 1680.1844632290004 0.0 1.1079264142231933 1998.4579987225961 0.0 move_t 100 906.3217310905457 88.01781416878751 69.87665829403775 68.67289116138647 59.65770832887422 73.24459739192487 80.71588234982883 65.13981321937912
1.0111083228255078 1680.1844632290004 0.0 1.1079264142231933 1998.4579987225961 0.0 f_swap_t 100 907.5294890403748 88.01781416878751 69.87665829403775 68.67289116138647 60.06113124558548 73.24459739192487 80.71588234982883 65.13981321937912
1.0111083228255078 1680.1844632290004 0.0 1.1079264142231933 1998.4579987225961 0.0 t_swap_r_k 100 909.351003408432 88.01781416878751 69.87665829403775 68.67289116138647 60.06113124558548 73.24459739192487 80.94872352633054 65.13981321937912
1.0111083228255078 1680.1844632290004 0.0 1.0815627107430466 1911.7916640097455 0.0 f_swap_t 100 910.5962886810303 88.01781416878751 69.87665829403775 68.67289116138647 60.490519933129626 73.24459739192487 80.94872352633054 65.13981321937912
1.0111083228255078 1680.1844632290004 0.0 1.0768569631041824 1896.3222933937732 0.0 t_swap_r_k 100 912.519907951355 88.01781416878751 69.87665829403775 68.67289116138647 60.490519933129626 73.24459739192487 81.17923629106724 65.13981321937912
1.0111083228255078 1680.1844632290004 0.0 1.0750536810795883 1890.394300627399 0.0 swap_t 100 913.8838412761688 88.01781416878751 69.87665829403775 68.67289116138647 60.490519933129626 73.51215141800562 81.17923629106724 65.13981321937912
1.0111083228255078 1680.1844632290004 0.0 1.071648065318249 1879.1988995071486 0.0 t_move_k 100 914.9424877166748 88.19763602709963 69.87665829403775 68.67289116138647 60.490519933129626 73.51215141800562 81.17923629106724 65.13981321937912
1.0111083228255078 1680.1844632290004 0.0 1.064523126307346 1855.7768355474107 0.0 t_swap_r_k 100 916.8849909305573 88.19763602709963 69.87665829403775 68.67289116138647 60.490519933129626 73.51215141800562 81.40744392815657 65.13981321937912
1.0111083228255078 1680.1844632290004 0.0 1.125391632645143 2023.9519856616882 0.0 swap_t 100 917.9634552001953 88.19763602709963 69.87665829403775 68.67289116138647 60.490519933129626 73.85702990382556 81.40744392815657 65.13981321937912
1.0111083228255078 1680.1844632290004 0.0 1.1315486221239284 2076.112118073594 0.0 t_swap_k 100 919.0884113311768 88.19763602709963 69.87665829403775 69.10616224977261 60.490519933129626 73.85702990382556 81.40744392815657 65.13981321937912
1.0111083228255078 1680.1844632290004 0.0 1.1192025646280448 2035.52648669111 0.0 t_swap_k 100 920.4025430679321 88.19763602709963 69.87665829403775 69.57510062727488 60.490519933129626 73.85702990382556 81.40744392815657 65.13981321937912
1.0111083228255078 1680.1844632290004 0.0 1.1094220900711493 1971.0051115443437 0.0 swap_t 100 921.4989137649536 88.19763602709963 69.87665829403775 69.57510062727488 60.490519933129626 74.1484596047873 81.40744392815657 65.13981321937912
1.0111083228255078 1680.1844632290004 0.0 1.1726602190086335 2177.8908816792227 0.0 swap_t 100 922.5828740596771 88.19763602709963 69.87665829403775 69.57510062727488 60.490519933129626 74.45697500873943 81.40744392815657 65.13981321937912
1.0111083228255078 1680.1844632290004 0.0 1.103624821072339 1984.3172194466042 0.0 t_move_k 100 923.394035577774 88.59565966682864 69.87665829403775 69.57510062727488 60.490519933129626 74.45697500873943 81.40744392815657 65.13981321937912
1.0111083228255078 1680.1844632290004 0.0 1.0889649914141788 1936.1254430163985 0.0 f_swap_t 100 924.8935816287994 88.59565966682864 69.87665829403775 69.57510062727488 60.91561473379833 74.45697500873943 81.40744392815657 65.13981321937912
1.0111083228255078 1680.1844632290004 0.0 1.0871617093895845 1930.1974502500243 0.0 f_swap_t 100 926.2253172397614 88.59565966682864 69.87665829403775 69.57510062727488 61.306458586460344 74.45697500873943 81.40744392815657 65.13981321937912
1.0111083228255078 1680.1844632290004 0.0 1.0871617093895845 1930.1974502500243 0.0 t_swap_r_k 100 928.0666749477386 88.59565966682864 69.87665829403775 69.57510062727488 61.306458586460344 74.45697500873943 81.633369488875 65.13981321937912
1.0111083228255078 1680.1844632290004 0.0 1.0850925240108944 1923.3953439849638 0.0 t_move_k 100 929.0900287628174 88.83970307016035 69.87665829403775 69.57510062727488 61.306458586460344 74.45697500873943 81.633369488875 65.13981321937912
1.0111083228255078 1680.1844632290004 0.0 1.0791154239103524 1903.7466114646688 0.0 t_swap_r_k 100 930.9860889911652 88.83970307016035 69.87665829403775 69.57510062727488 61.306458586460344 74.45697500873943 81.85703579398626 65.13981321937912
1.0111083228255078 1680.1844632290004 0.0 1.0771228632164669 1897.1963962355373 0.0 t_move_k 100 931.7502880096436 88.98130603945874 69.87665829403775 69.57510062727488 61.306458586460344 74.45697500873943 81.85703579398626 65.13981321937912
1.0111083228255078 1680.1844632290004 0.0 1.0771781754540015 1897.378226109914 0.0 t_move_k 100 932.7699472904205 89.19149297906415 69.87665829403775 69.57510062727488 61.306458586460344 74.45697500873943 81.85703579398626 65.13981321937912
1.0111083228255078 1680.1844632290004 0.0 1.0970182786782512 1962.5992990166537 0.0 swap_t 100 933.568879365921 89.19149297906415 69.87665829403775 69.57510062727488 61.306458586460344 74.75240525865203 81.85703579398626 65.13981321937912
1.0111083228255078 1680.1844632290004 0.0 1.0900167807703305 1939.5830273598237 0.0 t_swap_k 100 934.7371037006378 89.19149297906415 69.87665829403775 69.94934962100213 61.306458586460344 74.75240525865203 81.85703579398626 65.13981321937912
1.0111083228255078 1680.1844632290004 0.0 1.087384143471637 1930.928665673579 0.0 f_swap_t 100 936.0851233005524 89.19149297906415 69.87665829403775 69.94934962100213 61.69339400059574 74.75240525865203 81.85703579398626 65.13981321937912
1.0111083228255078 1680.1844632290004 0.0 1.1084476865323063 2000.1715956173625 0.0 t_multiswap_k 100 937.022586107254 89.19149297906415 69.87665829403775 69.94934962100213 61.69339400059574 74.75240525865203 81.85703579398626 65.52841508718534
1.0111083228255078 1680.1844632290004 0.0 1.0967839151887973 1961.8288676303055 0.0 t_move_k 100 938.4877481460571 89.41957804927351 69.87665829403775 69.94934962100213 61.69339400059574 74.75240525865203 81.85703579398626 65.52841508718534
1.0111083228255078 1680.1844632290004 0.0 1.1054658493459812 1990.3692967922423 0.0 f_swap_t 100 939.5213265419006 89.41957804927351 69.87665829403775 69.94934962100213 62.11646006058978 74.75240525865203 81.85703579398626 65.52841508718534
1.0111083228255078 1680.1844632290004 0.0 1.093787304709722 1951.97800403752 0.0 t_swap_r_k 100 941.4882726669312 89.41957804927351 69.87665829403775 69.94934962100213 62.11646006058978 74.75240525865203 82.0784654360464 65.52841508718534
1.0111083228255078 1680.1844632290004 0.0 1.0937871172189695 1951.9773876925387 0.0 f_swap_t 100 942.9222137928009 89.41957804927351 69.87665829403775 69.94934962100213 62.52529545998388 74.75240525865203 82.0784654360464 65.52841508718534
1.0111083228255078 1680.1844632290004 0.0 1.0937871172189695 1951.9773876925387 0.0 t_swap_r_k 100 944.915943145752 89.41957804927351 69.87665829403775 69.94934962100213 62.52529545998388 74.75240525865203 82.29768078168594 65.52841508718534
1.0111083228255078 1680.1844632290004 0.0 1.0937871172189695 1951.9773876925387 0.0 t_multiswap_k 100 945.8075742721558 89.41957804927351 69.87665829403775 69.94934962100213 62.52529545998388 74.75240525865203 82.29768078168594 65.87313093631349
1.0111083228255078 1680.1844632290004 0.0 1.0937871172189695 1951.9773876925387 0.0 f_swap_t 100 947.0087721347809 89.41957804927351 69.87665829403775 69.94934962100213 62.90004250538404 74.75240525865203 82.29768078168594 65.87313093631349
1.0111083228255078 1680.1844632290004 0.0 1.0937871172189695 1951.9773876925387 0.0 t_move_k 100 948.3036758899689 89.52538226878077 69.87665829403775 69.94934962100213 62.90004250538404 74.75240525865203 82.29768078168594 65.87313093631349
1.0111083228255078 1680.1844632290004 0.0 1.107790045283164 1998.009708283815 0.0 t_multiswap_k 100 949.0082445144653 89.52538226878077 69.87665829403775 69.94934962100213 62.90004250538404 74.75240525865203 82.29768078168594 66.35439962695035
1.0111083228255078 1680.1844632290004 0.0 1.1214565545510942 2053.266711505861 0.0 move_t 100 949.9415442943573 89.52538226878077 70.27789171109738 69.94934962100213 62.90004250538404 74.75240525865203 82.29768078168594 66.35439962695035
1.0111083228255078 1680.1844632290004 0.0 1.1104508084113918 2006.7565290040613 0.0 t_multiswap_k 100 950.6181230545044 89.52538226878077 70.27789171109738 69.94934962100213 62.90004250538404 74.75240525865203 82.29768078168594 66.72085563068084
1.0111083228255078 1680.1844632290004 0.0 1.1163706501129091 2026.2170339644954 0.0 t_move_k 100 951.8735234737396 89.79012844609296 70.27789171109738 69.94934962100213 62.90004250538404 74.75240525865203 82.29768078168594 66.72085563068084
1.0111083228255078 1680.1844632290004 0.0 1.1062720812462028 1993.0196514274849 0.0 t_move_k 100 953.0131061077118 90.09222716163204 70.27789171109738 69.94934962100213 62.90004250538404 74.75240525865203 82.29768078168594 66.72085563068084
1.0111083228255078 1680.1844632290004 0.0 1.0985621524546167 1977.3776994284212 0.0 move_t 100 953.6951215267181 90.09222716163204 70.60511279398641 69.94934962100213 62.90004250538404 74.75240525865203 82.29768078168594 66.72085563068084
1.0111083228255078 1680.1844632290004 0.0 1.0984986853606287 1967.4658922531726 0.0 move_t 100 954.749005317688 90.09222716163204 70.89906166604655 69.94934962100213 62.90004250538404 74.75240525865203 82.29768078168594 66.72085563068084
1.0111083228255078 1680.1844632290004 0.0 1.0972171308979846 1963.2529929503144 0.0 t_swap_k 100 956.0124802589417 90.09222716163204 70.89906166604655 70.2798561247921 62.90004250538404 74.75240525865203 82.29768078168594 66.72085563068084
1.0111083228255078 1680.1844632290004 0.0 1.096258317713109 1960.1010524625115 0.0 f_swap_t 100 957.7582845687866 90.09222716163204 70.89906166604655 70.2798561247921 63.271042080330204 74.75240525865203 82.29768078168594 66.72085563068084
1.0111083228255078 1680.1844632290004 0.0 1.096258317713109 1960.1010524625115 0.0 f_swap_t 100 959.084477186203 90.09222716163204 70.89906166604655 70.2798561247921 63.638331659526905 74.75240525865203 82.29768078168594 66.72085563068084
1.0111083228255078 1680.1844632290004 0.0 1.096258317713109 1960.1010524625115 0.0 f_swap_t 100 960.7108957767487 90.09222716163204 70.89906166604655 70.2798561247921 64.00194834293164 74.75240525865203 82.29768078168594 66.72085563068084
1.0111083228255078 1680.1844632290004 0.0 1.1565678053143937 2068.1881858933884 0.0 swap_t 100 961.5902361869812 90.09222716163204 70.89906166604655 70.2798561247921 64.00194834293164 75.01488120606551 82.29768078168594 66.72085563068084
1.0111083228255078 1680.1844632290004 0.0 1.1459668445427962 2123.509650482457 0.0 swap_t 100 962.6256363391876 90.09222716163204 70.89906166604655 70.2798561247921 64.00194834293164 75.26473239400485 82.29768078168594 66.72085563068084
1.0111083228255078 1680.1844632290004 0.0 1.1372223071768348 2092.4118574004924 0.0 move_t 100 963.5968098640442 90.09222716163204 71.31007104938608 70.2798561247921 64.00194834293164 75.26473239400485 82.29768078168594 66.72085563068084
1.0111083228255078 1680.1844632290004 0.0 1.1604705622669351 2171.188234631589 0.0 t_swap_k 100 964.7818005084991 90.09222716163204 71.31007104938608 70.61705756354418 64.00194834293164 75.26473239400485 82.29768078168594 66.72085563068084
1.0111083228255078 1680.1844632290004 0.0 1.153028132287801 2146.7224713849982 0.0 t_swap_k 100 965.660108089447 90.09222716163204 71.31007104938608 70.97088698790874 64.00194834293164 75.26473239400485 82.29768078168594 66.72085563068084
1.0111083228255078 1680.1844632290004 0.0 1.1121877893513021 2012.4665678702431 0.0 t_move_k 100 966.7165095806122 90.46130489001573 71.31007104938608 70.97088698790874 64.00194834293164 75.26473239400485 82.29768078168594 66.72085563068084
1.0111083228255078 1680.1844632290004 0.0 1.1102569189307232 1986.9556115768437 0.0 move_t 100 967.5494673252106 90.46130489001573 71.63697033889223 70.97088698790874 64.00194834293164 75.26473239400485 82.29768078168594 66.72085563068084
1.0111083228255078 1680.1844632290004 0.0 1.093058377057972 1949.5817743918794 0.0 t_move_k 100 968.6828677654266 90.85669184111556 71.63697033889223 70.97088698790874 64.00194834293164 75.26473239400485 82.29768078168594 66.72085563068084
1.0111083228255078 1680.1844632290004 0.0 1.0886824843297673 1935.1967474879125 0.0 swap_t 100 969.4180274009705 90.85669184111556 71.63697033889223 70.97088698790874 64.00194834293164 75.5120850700648 82.29768078168594 66.72085563068084
1.0111083228255078 1680.1844632290004 0.0 1.0886824843297673 1935.1967474879125 0.0 move_t 100 970.2990531921387 90.85669184111556 71.9206006355033 70.97088698790874 64.00194834293164 75.5120850700648 82.29768078168594 66.72085563068084
1.0111083228255078 1680.1844632290004 0.0 1.0996176879907094 1971.1444291687526 0.0 t_swap_k 100 971.3616931438446 90.85669184111556 71.9206006355033 71.33117811802965 64.00194834293164 75.5120850700648 82.29768078168594 66.72085563068084
1.0111083228255078 1680.1844632290004 0.0 1.097414423010959 1963.9015582898592 0.0 t_swap_r_k 100 973.0822772979736 90.85669184111556 71.9206006355033 71.33117811802965 64.00194834293164 75.5120850700648 82.51470397386908 66.72085563068084
1.0111083228255078 1680.1844632290004 0.0 1.097414423010959 1963.9015582898592 0.0 t_swap_r_k 100 974.7626223564148 90.85669184111556 71.9206006355033 71.33117811802965 64.00194834293164 75.5120850700648 82.72955693413039 66.72085563068084
1.0111083228255078 1680.1844632290004 0.0 1.089446184984414 1937.707287655604 0.0 swap_t 100 975.844232082367 90.85669184111556 71.9206006355033 71.33117811802965 64.00194834293164 75.78696421936415 82.72955693413039 66.72085563068084
1.0111083228255078 1680.1844632290004 0.0 1.088593204534825 1934.9032548609223 0.0 t_move_k 100 977.4134376049042 91.0181249227044 71.9206006355033 71.33117811802965 64.00194834293164 75.78696421936415 82.72955693413039 66.72085563068084
1.0111083228255078 1680.1844632290004 0.0 1.0785854872357592 1902.004531894873 0.0 t_move_k 100 978.2270114421844 91.16794367347735 71.9206006355033 71.33117811802965 64.00194834293164 75.78696421936415 82.72955693413039 66.72085563068084
1.0111083228255078 1680.1844632290004 0.0 1.1104921068338012 2006.892290768426 0.0 t_swap_k 100 979.3662235736847 91.16794367347735 71.9206006355033 71.69786633684936 64.00194834293164 75.78696421936415 82.72955693413039 66.72085563068084
1.0111083228255078 1680.1844632290004 0.0 1.096468743218256 1960.7927916665624 0.0 t_multiswap_k 100 979.7817163467407 91.16794367347735 71.9206006355033 71.69786633684936 64.00194834293164 75.78696421936415 82.72955693413039 67.11364707437404
1.0111083228255078 1680.1844632290004 0.0 1.0911618955653608 1943.3474037186104 0.0 t_multiswap_k 100 980.4120903015137 91.16794367347735 71.9206006355033 71.69786633684936 64.00194834293164 75.78696421936415 82.72955693413039 67.4425106036303
1.0111083228255078 1680.1844632290004 0.0 1.0881820245664475 1933.323582107622 0.0 move_t 100 981.3884110450745 91.16794367347735 72.26139462914827 71.69786633684936 64.00194834293164 75.78696421936415 82.72955693413039 67.4425106036303
1.0111083228255078 1680.1844632290004 0.0 1.0871302125342637 1930.0939095237488 0.0 t_swap_r_k 100 983.4321842193604 91.16794367347735 72.26139462914827 71.69786633684936 64.00194834293164 75.78696421936415 82.94226136478908 67.4425106036303
1.0111083228255078 1680.1844632290004 0.0 1.082106259085274 1913.5784896958855 0.0 t_move_k 100 984.4403467178345 91.38626423674258 72.26139462914827 71.69786633684936 64.00194834293164 75.78696421936415 82.94226136478908 67.4425106036303
1.0111083228255078 1680.1844632290004 0.0 1.0738326221912677 1895.9762531856861 0.0 move_t 100 985.2389388084412 91.38626423674258 72.56878068285678 71.69786633684936 64.00194834293164 75.78696421936415 82.94226136478908 67.4425106036303
1.0111083228255078 1680.1844632290004 0.0 1.072780810159084 1882.9226116780883 0.0 t_swap_k 100 986.2276918888092 91.38626423674258 72.56878068285678 71.98088767348086 64.00194834293164 75.78696421936415 82.94226136478908 67.4425106036303
1.0111083228255078 1680.1844632290004 0.0 1.072780810159084 1882.9226116780883 0.0 swap_t 100 987.0792608261108 91.38626423674258 72.56878068285678 71.98088767348086 64.00194834293164 76.02909457717051 82.94226136478908 67.4425106036303
1.0111083228255078 1680.1844632290004 0.0 1.072780810159084 1882.9226116780883 0.0 t_swap_k 100 988.4483625888824 91.38626423674258 72.56878068285678 72.26107879674606 64.00194834293164 76.02909457717051 82.94226136478908 67.4425106036303
1.0111083228255078 1680.1844632290004 0.0 1.072780810159084 1882.9226116780883 0.0 t_swap_k 100 989.406819820404 91.38626423674258 72.56878068285678 72.53846800877861 64.00194834293164 76.02909457717051 82.94226136478908 67.4425106036303
1.0111083228255078 1680.1844632290004 0.0 1.072780810159084 1882.9226116780883 0.0 move_t 100 990.4067649841309 91.38626423674258 72.84309287602821 72.53846800877861 64.00194834293164 76.02909457717051 82.94226136478908 67.4425106036303
1.0111083228255078 1680.1844632290004 0.0 1.0888907432607766 1935.8813644361865 0.0 move_t 100 991.4199509620667 91.38626423674258 73.19466194726793 72.53846800877861 64.00194834293164 76.02909457717051 82.94226136478908 67.4425106036303
1.0111083228255078 1680.1844632290004 0.0 1.0867018431569193 1928.685715721781 0.0 f_swap_t 100 992.4903521537781 91.38626423674258 73.19466194726793 72.53846800877861 64.36192885950233 76.02909457717051 82.94226136478908 67.4425106036303
1.0111083228255078 1680.1844632290004 0.0 1.0867018431569193 1928.685715721781 0.0 t_multiswap_k 100 993.0776212215424 91.38626423674258 73.19466194726793 72.53846800877861 64.36192885950233 76.02909457717051 82.94226136478908 67.76808549759399
1.0111083228255078 1680.1844632290004 0.0 1.085762856967467 1925.598953217147 0.0 t_swap_k 100 994.331650018692 91.38626423674258 73.19466194726793 72.84308332869082 64.36192885950233 76.02909457717051 82.94226136478908 67.76808549759399
1.0111083228255078 1680.1844632290004 0.0 1.1634555433393579 2181.0008684646514 0.0 t_swap_k 100 995.702677488327 91.38626423674258 73.19466194726793 73.33465249540392 64.36192885950233 76.02909457717051 82.94226136478908 67.76808549759399
1.0111083228255078 1680.1844632290004 0.0 1.1461623628486115 2124.1523847230033 0.0 t_move_k 100 996.676997423172 91.73240159437515 73.19466194726793 73.33465249540392 64.36192885950233 76.02909457717051 82.94226136478908 67.76808549759399
1.0111083228255078 1680.1844632290004 0.0 1.1381677181187837 2116.862288069233 0.0 swap_t 100 997.0988149642944 91.73240159437515 73.19466194726793 73.33465249540392 64.36192885950233 76.32880363139881 82.94226136478908 67.76808549759399
1.0111083228255078 1680.1844632290004 0.0 1.131815655937264 2076.989947770914 0.0 t_move_k 100 997.7391500473022 91.8150775784314 73.19466194726793 73.33465249540392 64.36192885950233 76.32880363139881 82.94226136478908 67.76808549759399
1.0111083228255078 1680.1844632290004 0.0 1.1316539274634159 2076.458292039856 0.0 t_swap_r_k 100 999.4288728237152 91.8150775784314 73.19466194726793 73.33465249540392 64.36192885950233 76.32880363139881 83.15283875114119 67.76808549759399
1.0111083228255078 1680.1844632290004 0.0 1.1254713470232156 2056.1340767328898 0.0 t_swap_k 100 1000.6104691028595 91.8150775784314 73.19466194726793 73.69130597044987 64.36192885950233 76.32880363139881 83.15283875114119 67.76808549759399
1.0111083228255078 1680.1844632290004 0.0 1.1212427312007138 2042.2331984089865 0.0 move_t 100 1001.2742896080017 91.8150775784314 73.46271532779525 73.69130597044987 64.36192885950233 76.32880363139881 83.15283875114119 67.76808549759399
1.0111083228255078 1680.1844632290004 0.0 1.156894088616065 2146.8157427374194 0.0 move_t 100 1002.3351984024048 91.8150775784314 73.7780881745173 73.69130597044987 64.36192885950233 76.32880363139881 83.15283875114119 67.76808549759399
1.0111083228255078 1680.1844632290004 0.0 1.1383197277895443 2098.3710131652592 0.0 t_move_k 100 1002.9103496074677 91.92692680264709 73.7780881745173 73.69130597044987 64.36192885950233 76.32880363139881 83.15283875114119 67.76808549759399
1.0111083228255078 1680.1844632290004 0.0 1.1343186239163647 2085.218042917548 0.0 t_swap_r_k 100 1004.5281097888947 91.92692680264709 73.7780881745173 73.69130597044987 64.36192885950233 76.32880363139881 83.36131036362978 67.76808549759399
1.0111083228255078 1680.1844632290004 0.0 1.1268777965345196 2060.7575479456955 0.0 t_swap_k 100 1005.6294825077057 91.92692680264709 73.7780881745173 74.01439291074537 64.36192885950233 76.32880363139881 83.36131036362978 67.76808549759399
1.0111083228255078 1680.1844632290004 0.0 1.1268777965345196 2060.7575479456955 0.0 t_swap_r_k 100 1007.2328305244446 91.92692680264709 73.7780881745173 74.01439291074537 64.36192885950233 76.32880363139881 83.56769725999348 67.76808549759399
1.0111083228255078 1680.1844632290004 0.0 1.1268777965345196 2060.7575479456955 0.0 swap_t 100 1007.9070012569427 91.92692680264709 73.7780881745173 74.01439291074537 64.36192885950233 76.56551559508482 83.56769725999348 67.76808549759399
1.0111083228255078 1680.1844632290004 0.0 1.1434571317679563 2163.087027796122 0.0 move_t 100 1008.8600552082062 91.92692680264709 74.21030729277211 74.01439291074537 64.36192885950233 76.56551559508482 83.56769725999348 67.76808549759399
1.0111083228255078 1680.1844632290004 0.0 1.1335121371981063 2082.566850609961 0.0 t_multiswap_k 100 1009.4942862987518 91.92692680264709 74.21030729277211 74.01439291074537 64.36192885950233 76.56551559508482 83.56769725999348 68.09040464261804
1.0111083228255078 1680.1844632290004 0.0 1.1322322590430507 2078.359461892316 0.0 f_swap_t 100 1010.999623298645 91.92692680264709 74.21030729277211 74.01439291074537 64.71830957090731 76.56551559508482 83.56769725999348 68.09040464261804
1.0111083228255078 1680.1844632290004 0.0 1.117427644214221 2029.6917280507337 0.0 t_move_k 100 1011.8656506538391 92.22765753462062 74.21030729277211 74.01439291074537 64.71830957090731 76.56551559508482 83.56769725999348 68.09040464261804
1.0111083228255078 1680.1844632290004 0.0 1.1101456813522197 2005.7534740326666 0.0 move_t 100 1013.0330455303192 92.22765753462062 74.4982042198444 74.01439291074537 64.71830957090731 76.56551559508482 83.56769725999348 68.09040464261804
1.0111083228255078 1680.1844632290004 0.0 1.197579436835612 2293.1775502301352 0.0 t_swap_k 100 1014.0613038539886 92.22765753462062 74.4982042198444 74.36424898163791 64.71830957090731 76.56551559508482 83.56769725999348 68.09040464261804
1.0111083228255078 1680.1844632290004 0.0 1.2164265042683355 2355.134181464063 0.0 t_swap_k 100 1015.1385507583618 92.22765753462062 74.4982042198444 74.69060649182154 64.71830957090731 76.56551559508482 83.56769725999348 68.09040464261804
1.0111083228255078 1680.1844632290004 0.0 1.1719149580732213 2208.8098016576646 0.0 t_multiswap_k 100 1015.7856423854828 92.22765753462062 74.4982042198444 74.69060649182154 64.71830957090731 76.56551559508482 83.56769725999348 68.46950059619186
1.0111083228255078 1680.1844632290004 0.0 1.1496603514050279 2135.6514461989595 0.0 t_move_k 100 1016.9786193370819 92.45538095927441 74.4982042198444 74.69060649182154 64.71830957090731 76.56551559508482 83.56769725999348 68.46950059619186
1.0111083228255078 1680.1844632290004 0.0 1.1407207774275392 2106.2640685451806 0.0 move_t 100 1018.3577754497528 92.45538095927441 74.75322217764595 74.69060649182154 64.71830957090731 76.56551559508482 83.56769725999348 68.46950059619186
1.0111083228255078 1680.1844632290004 0.0 1.1407207774275392 2106.2640685451806 0.0 f_swap_t 100 1019.5795872211456 92.45538095927441 74.75322217764595 74.69060649182154 65.07112647519824 76.56551559508482 83.56769725999348 68.46950059619186
1.0111083228255078 1680.1844632290004 0.0 1.1407207774275392 2106.2640685451806 0.0 f_swap_t 100 1020.7962605953217 92.45538095927441 74.75322217764595 74.69060649182154 65.42041521044627 76.56551559508482 83.56769725999348 68.46950059619186
1.0111083228255078 1680.1844632290004 0.0 1.1816202525412303 2240.714359357027 0.0 t_swap_k 100 1021.944028377533 92.45538095927441 74.75322217764595 75.13370042690333 65.42041521044627 76.56551559508482 83.56769725999348 68.46950059619186
1.0111083228255078 1680.1844632290004 0.0 1.151449005638582 2141.5313525105857 0.0 t_multiswap_k 100 1022.416731595993 92.45538095927441 74.75322217764595 75.13370042690333 65.42041521044627 76.56551559508482 83.56769725999348 68.78480559022995
1.0111083228255078 1680.1844632290004 0.0 1.1337838577834827 2083.460087298742 0.0 t_move_k 100 1023.3935098648071 92.65082714968166 74.75322217764595 75.13370042690333 65.42041521044627 76.56551559508482 83.56769725999348 68.78480559022995
1.0111083228255078 1680.1844632290004 0.0 1.1538327033719318 2128.229441274444 0.0 swap_t 100 1023.8959493637085 92.65082714968166 74.75322217764595 75.13370042690333 65.42041521044627 76.83986043913397 83.56769725999348 68.78480559022995
1.0111083228255078 1680.1844632290004 0.0 1.1372204158748849 2094.7572062347786 0.0 t_swap_k 100 1024.748967885971 92.65082714968166 74.75322217764595 75.4123634226343 65.42041521044627 76.83986043913397 83.56769725999348 68.78480559022995
1.0111083228255078 1680.1844632290004 0.0 1.1359839209897062 2090.6924328743007 0.0 move_t 100 1025.2824790477753 92.65082714968166 75.0056899558695 75.4123634226343 65.42041521044627 76.83986043913397 83.56769725999348 68.78480559022995
1.0111083228255078 1680.1844632290004 0.0 1.1359839209897062 2090.6924328743007 0.0 t_multiswap_k 100 1025.6222982406616 92.65082714968166 75.0056899558695 75.4123634226343 65.42041521044627 76.83986043913397 83.56769725999348 69.09695753432766
1.0111083228255078 1680.1844632290004 0.0 1.1359839209897062 2090.6924328743007 0.0 swap_t 100 1026.3247854709625 92.65082714968166 75.0056899558695 75.4123634226343 65.42041521044627 77.07146183474264 83.56769725999348 69.09695753432766
1.0111083228255078 1680.1844632290004 0.0 1.1434664556990657 2115.2900338187283 0.0 move_t 100 1027.4400084018707 92.65082714968166 75.2956330563108 75.4123634226343 65.42041521044627 77.07146183474264 83.56769725999348 69.09695753432766
1.0111083228255078 1680.1844632290004 0.0 1.1430696828879823 2113.985708526335 0.0 t_swap_r_k 100 1029.3954820632935 92.65082714968166 75.2956330563108 75.4123634226343 65.42041521044627 77.07146183474264 83.77202028739354 69.09695753432766
1.0111083228255078 1680.1844632290004 0.0 1.1311610387334126 2074.8380014883855 0.0 t_move_k 100 1030.1199004650116 92.78431887818485 75.2956330563108 75.4123634226343 65.42041521044627 77.07146183474264 83.77202028739354 69.09695753432766
1.0111083228255078 1680.1844632290004 0.0 1.1571611705109497 2160.309154086772 0.0 t_move_k 100 1031.1708827018738 92.926475689403 75.2956330563108 75.4123634226343 65.42041521044627 77.07146183474264 83.77202028739354 69.09695753432766
1.0111083228255078 1680.1844632290004 0.0 1.168052707315658 2196.113288166986 0.0 t_swap_k 100 1032.5526759624481 92.926475689403 75.2956330563108 75.82823978840796 65.42041521044627 77.07146183474264 83.77202028739354 69.09695753432766
1.0111083228255078 1680.1844632290004 0.0 1.2565555804282493 2486.1007839801373 0.0 swap_t 100 1033.4629876613617 92.926475689403 75.2956330563108 75.82823978840796 65.42041521044627 77.4307472163952 83.77202028739354 69.09695753432766
1.0111083228255078 1680.1844632290004 0.0 1.1688238232558141 2198.6482048649495 0.0 t_move_k 100 1034.599401473999 93.35721093250898 75.2956330563108 75.82823978840796 65.42041521044627 77.4307472163952 83.77202028739354 69.09695753432766
1.0111083228255078 1680.1844632290004 0.0 1.1472657567028839 2117.392643742622 0.0 swap_t 100 1035.450487613678 93.35721093250898 75.2956330563108 75.82823978840796 65.42041521044627 77.68643974423125 83.77202028739354 69.09695753432766
1.0111083228255078 1680.1844632290004 0.0 1.1384640544273856 2098.8454632254543 0.0 t_swap_k 100 1036.6250920295715 93.35721093250898 75.2956330563108 76.12995739052387 65.42041521044627 77.68643974423125 83.77202028739354 69.09695753432766
1.0111083228255078 1680.1844632290004 0.0 1.1365835525389212 2092.6636228699626 0.0 t_swap_r_k 100 1038.7979896068573 93.35721093250898 75.2956330563108 76.12995739052387 65.42041521044627 77.68643974423125 83.97430008451961 69.09695753432766
1.0111083228255078 1680.1844632290004 0.0 1.1354176587441103 2088.8309389704177 0.0 t_swap_r_k 100 1040.7428228855133 93.35721093250898 75.2956330563108 76.12995739052387 65.42041521044627 77.68643974423125 84.17455708367442 69.09695753432766
1.0111083228255078 1680.1844632290004 0.0 1.1254647338952857 2056.112337163595 0.0 t_move_k 100 1041.6683082580566 93.51363882318388 75.2956330563108 76.12995739052387 65.42041521044627 77.68643974423125 84.17455708367442 69.09695753432766
1.0111083228255078 1680.1844632290004 0.0 1.1111394194741713 2009.0202245011212 0.0 t_multiswap_k 100 1042.1801455020905 93.51363882318388 75.2956330563108 76.12995739052387 65.42041521044627 77.68643974423125 84.17455708367442 69.43598795898438
1.0111083228255078 1680.1844632290004 0.0 1.1068244706415948 1994.8355406203266 0.0 f_swap_t 100 1043.1733422279358 93.51363882318388 75.2956330563108 76.12995739052387 65.7662110583418 77.68643974423125 84.17455708367442 69.43598795898438
1.0111083228255078 1680.1844632290004 0.0 1.1320593492834805 2083.016738933348 0.0 move_t 100 1044.229990720749 93.51363882318388 75.6226767257477 76.12995739052387 65.7662110583418 77.68643974423125 84.17455708367442 69.43598795898438
1.0111083228255078 1680.1844632290004 0.0 1.1097012986123942 2075.2969846414853 0.0 swap_t 100 1045.1696860790253 93.51363882318388 75.6226767257477 76.12995739052387 65.7662110583418 77.93957534678894 84.17455708367442 69.43598795898438
1.0111083228255078 1680.1844632290004 0.0 1.1030141380142078 1982.309699434884 0.0 swap_t 100 1045.8932929039001 93.51363882318388 75.6226767257477 76.12995739052387 65.7662110583418 78.16017959332105 84.17455708367442 69.43598795898438
1.0111083228255078 1680.1844632290004 0.0 1.1290191315892772 2067.7968343922194 0.0 t_swap_k 100 1047.1948146820068 93.51363882318388 75.6226767257477 76.47865781661864 65.7662110583418 78.16017959332105 84.17455708367442 69.43598795898438
1.0111083228255078 1680.1844632290004 0.0 1.1211681181402833 2041.9879202569957 0.0 t_multiswap_k 100 1047.771428346634 93.51363882318388 75.6226767257477 76.47865781661864 65.7662110583418 78.16017959332105 84.17455708367442 69.75162807939454
1.0111083228255078 1680.1844632290004 0.0 1.1203660928860635 2039.351394277908 0.0 f_swap_t 100 1049.2558946609497 93.51363882318388 75.6226767257477 76.47865781661864 66.10854894775838 78.16017959332105 84.17455708367442 69.75162807939454
1.0111083228255078 1680.1844632290004 0.0 1.1190521730980763 2003.8518985830533 0.0 swap_t 100 1050.0183997154236 93.51363882318388 75.6226767257477 76.47865781661864 66.10854894775838 78.40857779738784 84.17455708367442 69.75162807939454
1.0111083228255078 1680.1844632290004 0.0 1.1147516371461952 2020.8947953881384 0.0 swap_t 100 1050.9961922168732 93.51363882318388 75.6226767257477 76.47865781661864 66.10854894775838 78.62449201941396 84.17455708367442 69.75162807939454
1.0111083228255078 1680.1844632290004 0.0 1.113910694241428 2018.130334040216 0.0 t_multiswap_k 100 1051.4916832447052 93.51363882318388 75.6226767257477 76.47865781661864 66.10854894775838 78.62449201941396 84.17455708367442 70.05411179860059
1.0111083228255078 1680.1844632290004 0.0 1.113910694241428 2018.130334040216 0.0 t_swap_r_k 100 1053.5929431915283 93.51363882318388 75.6226767257477 76.47865781661864 66.10854894775838 78.62449201941396 84.37281151283767 70.05411179860059
1.0111083228255078 1680.1844632290004 0.0 1.113910694241428 2018.130334040216 0.0 t_multiswap_k 100 1053.9922034740448 93.51363882318388 75.6226767257477 76.47865781661864 66.10854894775838 78.62449201941396 84.37281151283767 70.35357068061458
1.0111083228255078 1680.1844632290004 0.0 1.123558473808153 2049.8458209707696 0.0 t_multiswap_k 100 1054.6967101097107 93.51363882318388 75.6226767257477 76.47865781661864 66.10854894775838 78.62449201941396 84.37281151283767 70.72003497380844
1.0111083228255078 1680.1844632290004 0.0 1.1112756205660421 2009.4679631667157 0.0 t_multiswap_k 100 1055.3136019706726 93.51363882318388 75.6226767257477 76.47865781661864 66.10854894775838 78.62449201941396 84.37281151283767 71.04283462407035
1.0111083228255078 1680.1844632290004 0.0 1.1100689514519877 2005.5012371183423 0.0 t_multiswap_k 100 1055.7444789409637 93.51363882318388 75.6226767257477 76.47865781661864 66.10854894775838 78.62449201941396 84.37281151283767 71.33240627782965
1.0111083228255078 1680.1844632290004 0.0 1.108892241115461 2001.632995618725 0.0 t_multiswap_k 100 1056.35928273201 93.51363882318388 75.6226767257477 76.47865781661864 66.10854894775838 78.62449201941396 84.37281151283767 71.61908221505135
1.0111083228255078 1680.1844632290004 0.0 1.108892241115461 2001.632995618725 0.0 f_swap_t 100 1058.0828714370728 93.51363882318388 75.6226767257477 76.47865781661864 66.4474634582808 78.62449201941396 84.37281151283767 71.61908221505135
1.0111083228255078 1680.1844632290004 0.0 1.108892241115461 2001.632995618725 0.0 t_move_k 100 1059.4272167682648 93.57850243495204 75.6226767257477 76.47865781661864 66.4474634582808 78.62449201941396 84.37281151283767 71.61908221505135
1.0111083228255078 1680.1844632290004 0.0 1.108892241115461 2001.632995618725 0.0 move_t 100 1060.2691676616669 93.57850243495204 75.86644995849022 76.47865781661864 66.4474634582808 78.62449201941396 84.37281151283767 71.61908221505135
1.0111083228255078 1680.1844632290004 0.0 1.1073109381133062 1996.4347223423486 0.0 t_move_k 100 1061.2686944007874 93.67271741060252 75.86644995849022 76.47865781661864 66.4474634582808 78.62449201941396 84.37281151283767 71.61908221505135
1.0111083228255078 1680.1844632290004 0.0 1.0995709959437778 1963.8570493554826 0.0 swap_t 100 1062.1080627441406 93.67271741060252 75.86644995849022 76.47865781661864 66.4474634582808 78.89824709921983 84.37281151283767 71.61908221505135
1.0111083228255078 1680.1844632290004 0.0 1.102738062819607 1981.4021476852142 0.0 t_swap_k 100 1063.5050828456879 93.67271741060252 75.86644995849022 76.72387123845245 66.4474634582808 78.89824709921983 84.37281151283767 71.61908221505135
1.0111083228255078 1680.1844632290004 0.0 1.1018971199148397 1978.6376863372916 0.0 f_swap_t 100 1065.141355752945 93.67271741060252 75.86644995849022 76.72387123845245 66.78298882369799 78.89824709921983 84.37281151283767 71.61908221505135
1.0111083228255078 1680.1844632290004 0.0 1.1018971199148397 1978.6376863372916 0.0 swap_t 100 1066.0890262126923 93.67271741060252 75.86644995849022 76.72387123845245 66.78298882369799 79.10926462822763 84.37281151283767 71.61908221505135
1.0111083228255078 1680.1844632290004 0.0 1.1018971199148397 1978.6376863372916 0.0 swap_t 100 1066.9673337936401 93.67271741060252 75.86644995849022 76.72387123845245 66.78298882369799 79.31817198194535 84.37281151283767 71.61908221505135
1.0111083228255078 1680.1844632290004 0.0 1.1009802210964859 1975.623532428714 0.0 move_t 100 1067.8135089874268 93.67271741060252 76.13778545890531 76.72387123845245 66.78298882369799 79.31817198194535 84.37281151283767 71.61908221505135
1.0111083228255078 1680.1844632290004 0.0 1.1150610944361077 2021.9120852801705 0.0 move_t 100 1068.506204366684 93.67271741060252 76.45640760431625 76.72387123845245 66.78298882369799 79.31817198194535 84.37281151283767 71.61908221505135
1.0111083228255078 1680.1844632290004 0.0 1.1011337097629665 1976.128101149639 0.0 t_swap_k 100 1069.7095909118652 93.67271741060252 76.45640760431625 76.98663252606792 66.78298882369799 79.31817198194535 84.37281151283767 71.61908221505135
1.0111083228255078 1680.1844632290004 0.0 1.1187090752164839 2033.9042214979145 0.0 t_multiswap_k 100 1070.5432376861572 93.67271741060252 76.45640760431625 76.98663252606792 66.78298882369799 79.31817198194535 84.37281151283767 71.91289139290083
1.0111083228255078 1680.1844632290004 0.0 1.151449127284371 2141.5317524010893 0.0 t_swap_k 100 1071.7313194274902 93.67271741060252 76.45640760431625 77.30676620080725 66.78298882369799 79.31817198194535 84.37281151283767 71.91289139290083
1.0111083228255078 1680.1844632290004 0.0 1.1360145451459904 2090.7931047461725 0.0 t_swap_r_k 100 1073.552371263504 93.67271741060252 76.45640760431625 77.30676620080725 66.78298882369799 79.31817198194535 84.56908339770929 71.91289139290083
1.0111083228255078 1680.1844632290004 0.0 1.1423308979563185 2111.557074695864 0.0 t_swap_k 100 1074.694561958313 93.67271741060252 76.45640760431625 77.70369853879917 66.78298882369799 79.31817198194535 84.56908339770929 71.91289139290083
1.0111083228255078 1680.1844632290004 0.0 1.1275985740429324 2063.1269853369417 0.0 t_move_k 100 1075.5913863182068 93.8559902364965 76.45640760431625 77.70369853879917 66.78298882369799 79.31817198194535 84.56908339770929 71.91289139290083
1.0111083228255078 1680.1844632290004 0.0 1.1163580155837283 2026.175500029942 0.0 t_move_k 100 1076.4302973747253 94.03743033413153 76.45640760431625 77.70369853879917 66.78298882369799 79.31817198194535 84.56908339770929 71.91289139290083
1.0111083228255078 1680.1844632290004 0.0 1.1269457238994975 2060.980847974607 0.0 t_multiswap_k 100 1077.0153908729553 94.03743033413153 76.45640760431625 77.70369853879917 66.78298882369799 79.31817198194535 84.56908339770929 72.21376247897183
1.0111083228255078 1680.1844632290004 0.0 1.116225038996825 2025.7383613935501 0.0 t_multiswap_k 100 1077.5386111736298 94.03743033413153 76.45640760431625 77.70369853879917 66.78298882369799 79.31817198194535 84.56908339770929 72.4916248541821
1.0111083228255078 1680.1844632290004 0.0 1.1254665626308942 2056.118348830828 0.0 t_move_k 100 1078.2876234054565 94.17705603079021 76.45640760431625 77.70369853879917 66.78298882369799 79.31817198194535 84.56908339770929 72.4916248541821
1.0111083228255078 1680.1844632290004 0.0 1.1598585377002983 2169.17630463152 0.0 t_swap_k 100 1079.5886726379395 94.17705603079021 76.45640760431625 77.97666155341118 66.78298882369799 79.31817198194535 84.56908339770929 72.4916248541821
1.0111083228255078 1680.1844632290004 0.0 1.1488331306359774 2132.932094113015 0.0 t_multiswap_k 100 1080.2335803508759 94.17705603079021 76.45640760431625 77.97666155341118 66.78298882369799 79.31817198194535 84.56908339770929 72.79670860564029
1.0111083228255078 1680.1844632290004 0.0 1.138531132968159 2099.065972884543 0.0 move_t 100 1080.582370519638 94.17705603079021 76.6918435282731 77.97666155341118 66.78298882369799 79.31817198194535 84.56908339770929 72.79670860564029
1.0111083228255078 1680.1844632290004 0.0 1.138531132968159 2099.065972884543 0.0 t_swap_k 100 1081.8869075775146 94.17705603079021 76.6918435282731 78.19689493787706 66.78298882369799 79.31817198194535 84.56908339770929 72.79670860564029
1.0111083228255078 1680.1844632290004 0.0 1.1403130820947092 2104.923837260812 0.0 t_swap_k 100 1083.028887271881 94.17705603079021 76.6918435282731 78.42492598849829 66.78298882369799 79.31817198194535 84.56908339770929 72.79670860564029
1.0111083228255078 1680.1844632290004 0.0 1.1313488216890804 2075.455307038856 0.0 t_move_k 100 1083.9279308319092 94.32528547048231 76.6918435282731 78.42492598849829 66.78298882369799 79.31817198194535 84.56908339770929 72.79670860564029
1.0111083228255078 1680.1844632290004 0.0 1.1241140129978964 2051.672064593964 0.0 f_swap_t 100 1084.4184126853943 94.32528547048231 76.6918435282731 78.42492598849829 67.11515893546101 79.31817198194535 84.56908339770929 72.79670860564029
1.0111083228255078 1680.1844632290004 0.0 1.1241140129978964 2051.672064593964 0.0 f_swap_t 100 1085.4295127391815 94.32528547048231 76.6918435282731 78.42492598849829 67.4440073461064 79.31817198194535 84.56908339770929 72.79670860564029
1.0111083228255078 1680.1844632290004 0.0 1.1241140129978964 2051.672064593964 0.0 move_t 100 1085.9445888996124 94.32528547048231 76.92492509299036 78.42492598849829 67.4440073461064 79.31817198194535 84.56908339770929 72.79670860564029
1.0111083228255078 1680.1844632290004 0.0 1.1245983772491823 2053.264332325108 0.0 move_t 100 1086.839143037796 94.32528547048231 77.25567584206046 78.42492598849829 67.4440073461064 79.31817198194535 84.56908339770929 72.79670860564029
1.0111083228255078 1680.1844632290004 0.0 1.1194943462461862 2036.4856707222893 0.0 t_move_k 100 1087.769231557846 94.38203261577749 77.25567584206046 78.42492598849829 67.4440073461064 79.31817198194535 84.56908339770929 72.79670860564029
1.0111083228255078 1680.1844632290004 0.0 1.1194943462461862 2036.4856707222893 0.0 t_swap_r_k 100 1089.6195950508118 94.38203261577749 77.25567584206046 78.42492598849829 67.4440073461064 79.31817198194535 84.7633925637322 72.79670860564029
1.0111083228255078 1680.1844632290004 0.0 1.1194943462461862 2036.4856707222893 0.0 t_swap_k 100 1090.6805157661438 94.38203261577749 77.25567584206046 78.6406767286133 67.4440073461064 79.31817198194535 84.7633925637322 72.79670860564029
1.0111083228255078 1680.1844632290004 0.0 1.1194943462461862 2036.4856707222893 0.0 f_swap_t 100 1091.903858423233 94.38203261577749 77.25567584206046 78.6406767286133 67.76956727264533 79.31817198194535 84.7633925637322 72.79670860564029
1.0111083228255078 1680.1844632290004 0.0 1.126740099013175 2055.5913561157035 0.0 swap_t 100 1092.7390172481537 94.38203261577749 77.25567584206046 78.6406767286133 67.76956727264533 79.5649902621259 84.7633925637322 72.79670860564029
1.0111083228255078 1680.1844632290004 0.0 1.1201936543101247 2038.784530849522 0.0 t_move_k 100 1093.563775062561 94.49821228961972 77.25567584206046 78.6406767286133 67.76956727264533 79.5649902621259 84.7633925637322 72.79670860564029
1.0111083228255078 1680.1844632290004 0.0 1.1137503815718233 2017.603332532513 0.0 t_swap_r_k 100 1096.0315816402435 94.49821228961972 77.25567584206046 78.6406767286133 67.76956727264533 79.5649902621259 84.95575863809488 72.79670860564029
1.0111083228255078 1680.1844632290004 0.0 1.1137503815718233 2017.603332532513 0.0 move_t 100 1096.9677362442017 94.49821228961972 77.48311908363985 78.6406767286133 67.76956727264533 79.5649902621259 84.95575863809488 72.79670860564029
1.0111083228255078 1680.1844632290004 0.0 1.123759432152273 2050.5064384416028 0.0 t_swap_k 100 1098.1289772987366 94.49821228961972 77.48311908363985 78.94426996132717 67.76956727264533 79.5649902621259 84.95575863809488 72.79670860564029
1.0111083228255078 1680.1844632290004 0.0 1.1074830541475755 1997.000525468099 0.0 t_move_k 100 1099.2675640583038 94.61323016672353 77.48311908363985 78.94426996132717 67.76956727264533 79.5649902621259 84.95575863809488 72.79670860564029
1.0111083228255078 1680.1844632290004 0.0 1.10620317599252 1992.7931367504543 0.0 t_swap_r_k 100 1100.8095469474792 94.61323016672353 77.48311908363985 78.94426996132717 67.76956727264533 79.5649902621259 85.14620105171393 72.79670860564029
1.0111083228255078 1680.1844632290004 0.0 1.1382099116807158 2098.0100107874346 0.0 f_swap_t 100 1101.8138127326965 94.61323016672353 77.48311908363985 78.94426996132717 68.13187159991888 79.5649902621259 85.14620105171393 72.79670860564029
1.0111083228255078 1680.1844632290004 0.0 1.1241644529652877 2051.837877682407 0.0 t_multiswap_k 100 1102.4400794506073 94.61323016672353 77.48311908363985 78.94426996132717 68.13187159991888 79.5649902621259 85.14620105171393 73.06874151958388
1.0111083228255078 1680.1844632290004 0.0 1.1241644529652877 2051.837877682407 0.0 move_t 100 1103.287490606308 94.61323016672353 77.70828789280345 78.94426996132717 68.13187159991888 79.5649902621259 85.14620105171393 73.06874151958388
1.0111083228255078 1680.1844632290004 0.0 1.1241644529652877 2051.837877682407 0.0 t_move_k 100 1104.3462507724762 94.66709786505629 77.70828789280345 78.94426996132717 68.13187159991888 79.5649902621259 85.14620105171393 73.06874151958388
1.0111083228255078 1680.1844632290004 0.0 1.1238720364851806 2050.876606647038 0.0 move_t 100 1105.0188772678375 94.66709786505629 77.96120501387541 78.94426996132717 68.13187159991888 79.5649902621259 85.14620105171393 73.06874151958388
1.0111083228255078 1680.1844632290004 0.0 1.1237741553145852 2050.554838413706 0.0 f_swap_t 100 1105.9348998069763 94.66709786505629 77.96120501387541 78.94426996132717 68.48055288391969 79.5649902621259 85.14620105171393 73.06874151958388
1.0111083228255078 1680.1844632290004 0.0 1.1205282290684329 2039.8843902836047 0.0 t_swap_r_k 100 1107.3273360729218 94.66709786505629 77.96120501387541 78.94426996132717 68.48055288391969 79.5649902621259 85.3347390411968 73.06874151958388
1.0111083228255078 1680.1844632290004 0.0 1.1205282290684329 2039.8843902836047 0.0 t_swap_r_k 100 1109.6573247909546 94.66709786505629 77.96120501387541 78.94426996132717 68.48055288391969 79.5649902621259 85.52139165078484 73.06874151958388
1.0111083228255078 1680.1844632290004 0.0 1.1205282290684329 2039.8843902836047 0.0 t_swap_r_k 100 1111.8542368412018 94.66709786505629 77.96120501387541 78.94426996132717 68.48055288391969 79.5649902621259 85.70617773427699 73.06874151958388
1.0111083228255078 1680.1844632290004 0.0 1.1280428783982595 2064.5875627555183 0.0 t_multiswap_k 100 1112.452935218811 94.66709786505629 77.96120501387541 78.94426996132717 68.48055288391969 79.5649902621259 85.70617773427699 73.37805410438804
1.0111083228255078 1680.1844632290004 0.0 1.127525701521746 2062.887428921157 0.0 f_swap_t 100 1113.742824792862 94.66709786505629 77.96120501387541 78.94426996132717 68.7957473550805 79.5649902621259 85.70617773427699 73.37805410438804
1.0111083228255078 1680.1844632290004 0.0 1.127525701521746 2062.887428921157 0.0 move_t 100 1114.5367302894592 94.66709786505629 78.18159296373666 78.94426996132717 68.7957473550805 79.5649902621259 85.70617773427699 73.37805410438804
1.0111083228255078 1680.1844632290004 0.0 1.1200879168273654 2046.14983690716 0.0 swap_t 100 1115.206509590149 94.66709786505629 78.18159296373666 78.94426996132717 68.7957473550805 79.82934035950464 85.70617773427699 73.37805410438804
1.0111083228255078 1680.1844632290004 0.0 1.1166804907672598 2027.2355841040012 0.0 swap_t 100 1115.8795728683472 94.66709786505629 78.18159296373666 78.94426996132717 68.7957473550805 80.0310469559096 85.70617773427699 73.37805410438804
1.0111083228255078 1680.1844632290004 0.0 1.115393634397841 2023.0052556555192 0.0 move_t 100 1116.8194618225098 94.66709786505629 78.4297770340993 78.94426996132717 68.7957473550805 80.0310469559096 85.70617773427699 73.37805410438804
1.0111083228255078 1680.1844632290004 0.0 1.115393634397841 2023.0052556555192 0.0 t_swap_k 100 1117.7118508815765 94.66709786505629 78.4297770340993 79.15482726171389 68.7957473550805 80.0310469559096 85.70617773427699 73.37805410438804
1.0111083228255078 1680.1844632290004 0.0 1.115393634397841 2023.0052556555192 0.0 t_swap_r_k 100 1119.4149980545044 94.66709786505629 78.4297770340993 79.15482726171389 68.7957473550805 80.0310469559096 85.88911595693422 73.37805410438804
1.0111083228255078 1680.1844632290004 0.0 1.1178801499428137 2031.1792661336603 0.0 t_multiswap_k 100 1119.8934020996094 94.66709786505629 78.4297770340993 79.15482726171389 68.7957473550805 80.0310469559096 85.88911595693422 73.74427356334417
1.0111083228255078 1680.1844632290004 0.0 1.1113148928918055 2009.5970644719296 0.0 t_swap_k 100 1121.1129267215729 94.66709786505629 78.4297770340993 79.37327898909675 68.7957473550805 80.0310469559096 85.88911595693422 73.74427356334417
1.0111083228255078 1680.1844632290004 0.0 1.1095399229163974 2003.7621429060036 0.0 t_multiswap_k 100 1121.4775550365448 94.66709786505629 78.4297770340993 79.37327898909675 68.7957473550805 80.0310469559096 85.88911595693422 74.00683082771073
1.0111083228255078 1680.1844632290004 0.0 1.1095399229163974 2003.7621429060036 0.0 t_swap_r_k 100 1123.7163887023926 94.66709786505629 78.4297770340993 79.37327898909675 68.7957473550805 80.0310469559096 86.07022479736487 74.00683082771073
1.0111083228255078 1680.1844632290004 0.0 1.1095399229163974 2003.7621429060036 0.0 t_swap_k 100 1124.683692932129 94.66709786505629 78.4297770340993 79.57954619920578 68.7957473550805 80.0310469559096 86.07022479736487 74.00683082771073
1.0111083228255078 1680.1844632290004 0.0 1.0994250667978833 1970.5112187101831 0.0 t_move_k 100 1125.4734570980072 95.14042688640573 78.4297770340993 79.57954619920578 68.7957473550805 80.0310469559096 86.07022479736487 74.00683082771073
1.0111083228255078 1680.1844632290004 0.0 1.0861025394954478 1926.7156036030929 0.0 swap_t 100 1126.399228811264 95.14042688640573 78.4297770340993 79.57954619920578 68.7957473550805 80.23073648635051 86.07022479736487 74.00683082771073
1.0111083228255078 1680.1844632290004 0.0 1.0831768050384665 1917.0977332640264 0.0 t_swap_r_k 100 1128.6022038459778 95.14042688640573 78.4297770340993 79.57954619920578 68.7957473550805 80.23073648635051 86.24952254939123 74.00683082771073
1.0111083228255078 1680.1844632290004 0.0 1.0831768050384665 1917.0977332640264 0.0 swap_t 100 1129.0617907047272 95.14042688640573 78.4297770340993 79.57954619920578 68.7957473550805 80.428429121487 86.24952254939123 74.00683082771073
1.0111083228255078 1680.1844632290004 0.0 1.0831768050384665 1917.0977332640264 0.0 f_swap_t 100 1130.0995256900787 95.14042688640573 78.4297770340993 79.57954619920578 69.14778988152969 80.428429121487 86.24952254939123 74.00683082771073
1.0111083228255078 1680.1844632290004 0.0 1.0831768050384665 1917.0977332640264 0.0 swap_t 100 1130.9894425868988 95.14042688640573 78.4297770340993 79.57954619920578 69.14778988152969 80.62414483027213 86.24952254939123 74.00683082771073
1.0111083228255078 1680.1844632290004 0.0 1.0831768050384665 1917.0977332640264 0.0 f_swap_t 100 1132.131765127182 95.14042688640573 78.4297770340993 79.57954619920578 69.4563119827144 80.62414483027213 86.24952254939123 74.00683082771073
1.0111083228255078 1680.1844632290004 0.0 1.0831768050384665 1917.0977332640264 0.0 t_multiswap_k 100 1132.6629846096039 95.14042688640573 78.4297770340993 79.57954619920578 69.4563119827144 80.62414483027213 86.24952254939123 74.26676251943363
1.0111083228255078 1680.1844632290004 0.0 1.126985587804541 2075.2525119208694 0.0 swap_t 100 1133.4205329418182 95.14042688640573 78.4297770340993 79.57954619920578 69.4563119827144 80.85790338196941 86.24952254939123 74.26676251943363
1.0111083228255078 1680.1844632290004 0.0 1.111748147269498 2011.021316908284 0.0 t_move_k 100 1134.4850223064423 95.21902261754168 78.4297770340993 79.57954619920578 69.4563119827144 80.85790338196941 86.24952254939123 74.26676251943363
1.0111083228255078 1680.1844632290004 0.0 1.0933226115292198 1950.4504017129639 0.0 t_multiswap_k 100 1135.0736854076385 95.21902261754168 78.4297770340993 79.57954619920578 69.4563119827144 80.85790338196941 86.24952254939123 74.55409489423928
1.0111083228255078 1680.1844632290004 0.0 1.0746624270228298 1889.10811733125 0.0 t_multiswap_k 100 1135.4493007659912 95.21902261754168 78.4297770340993 79.57954619920578 69.4563119827144 80.85790338196941 86.24952254939123 74.8985539452969
1.0111083228255078 1680.1844632290004 0.0 1.0893114922557876 1937.264507485841 0.0 t_multiswap_k 100 1135.977722644806 95.21902261754168 78.4297770340993 79.57954619920578 69.4563119827144 80.85790338196941 86.24952254939123 75.24956840584393
1.0111083228255078 1680.1844632290004 0.0 1.0858636672107642 1925.9303502947478 0.0 t_swap_r_k 100 1137.6842815876007 95.21902261754168 78.4297770340993 79.57954619920578 69.4563119827144 80.85790338196941 86.42702732389732 75.24956840584393
1.0111083228255078 1680.1844632290004 0.0 1.1374029742049008 2095.3573366885926 0.0 t_swap_k 100 1138.6673192977905 95.21902261754168 78.4297770340993 79.89375073721372 69.4563119827144 80.85790338196941 86.42702732389732 75.24956840584393
1.0111083228255078 1680.1844632290004 0.0 1.1325310860572035 2079.3418065029396 0.0 t_swap_k 100 1139.8374416828156 95.21902261754168 78.4297770340993 80.09481322984159 69.4563119827144 80.85790338196941 86.42702732389732 75.24956840584393
1.0111083228255078 1680.1844632290004 0.0 1.1604333018892883 2171.065747274564 0.0 t_swap_k 100 1141.0236446857452 95.21902261754168 78.4297770340993 80.44386509754318 69.4563119827144 80.85790338196941 86.42702732389732 75.24956840584393
1.0111083228255078 1680.1844632290004 0.0 1.1423031023062071 2111.4657010723545 0.0 t_swap_r_k 100 1142.9419503211975 95.21902261754168 78.4297770340993 80.44386509754318 69.4563119827144 80.85790338196941 86.60275705065834 75.24956840584393
1.0111083228255078 1680.1844632290004 0.0 1.1417410619324149 2109.6180858769444 0.0 swap_t 100 1143.8865089416504 95.21902261754168 78.4297770340993 80.44386509754318 69.4563119827144 81.04932434814971 86.60275705065834 75.24956840584393
1.0111083228255078 1680.1844632290004 0.0 1.2443100849196815 2405.597887686822 0.0 swap_t 100 1144.7289202213287 95.21902261754168 78.4297770340993 80.44386509754318 69.4563119827144 81.29883110466821 86.60275705065834 75.24956840584393
1.0111083228255078 1680.1844632290004 0.0 1.2253784953492461 2384.562378301009 0.0 t_swap_r_k 100 1146.2045757770538 95.21902261754168 78.4297770340993 80.44386509754318 69.4563119827144 81.29883110466821 86.77672948015176 75.24956840584393
1.0111083228255078 1680.1844632290004 0.0 1.2226079866020325 2375.45478692669 0.0 t_swap_r_k 100 1147.9992542266846 95.21902261754168 78.4297770340993 80.44386509754318 69.4563119827144 81.29883110466821 86.94896218535024 75.24956840584393
1.0111083228255078 1680.1844632290004 0.0 1.2327827810441874 2408.9027484933304 0.0 t_swap_k 100 1148.8357479572296 95.21902261754168 78.4297770340993 80.69942644656776 69.4563119827144 81.29883110466821 86.94896218535024 75.24956840584393
1.0111083228255078 1680.1844632290004 0.0 1.2301393856075165 2400.2130211996873 0.0 t_move_k 100 1149.8620767593384 95.33683239136627 78.4297770340993 80.69942644656776 69.4563119827144 81.29883110466821 86.94896218535024 75.24956840584393
1.0111083228255078 1680.1844632290004 0.0 1.2457132635626096 2451.409580918605 0.0 f_swap_t 100 1151.1874058246613 95.33683239136627 78.4297770340993 80.69942644656776 69.80174886288725 81.29883110466821 86.94896218535024 75.24956840584393
1.0111083228255078 1680.1844632290004 0.0 1.2262728204722275 2387.5023249025476 0.0 f_swap_t 100 1152.3090040683746 95.33683239136627 78.4297770340993 80.69942644656776 70.13373137425837 81.29883110466821 86.94896218535024 75.24956840584393
1.0111083228255078 1680.1844632290004 0.0 1.2253042991961096 2384.3184706631096 0.0 t_swap_k 100 1153.7621927261353 95.33683239136627 78.4297770340993 80.99243218210208 70.13373137425837 81.29883110466821 86.94896218535024 75.24956840584393
1.0111083228255078 1680.1844632290004 0.0 1.203546581288761 2312.7935551987075 0.0 t_swap_k 100 1154.988144159317 95.33683239136627 78.4297770340993 81.34250786028106 70.13373137425837 81.29883110466821 86.94896218535024 75.24956840584393
1.0111083228255078 1680.1844632290004 0.0 1.1728554651149343 2211.9015637137154 0.0 t_move_k 100 1156.1478669643402 95.5734640674526 78.4297770340993 81.34250786028106 70.13373137425837 81.29883110466821 86.94896218535024 75.24956840584393
1.0111083228255078 1680.1844632290004 0.0 1.1681610084055059 2196.469310169342 0.0 t_swap_k 100 1157.430720090866 95.5734640674526 78.4297770340993 81.55908278167826 70.13373137425837 81.29883110466821 86.94896218535024 75.24956840584393
1.0111083228255078 1680.1844632290004 0.0 1.1634051908663476 2180.835342999581 0.0 f_swap_t 100 1158.2622337341309 95.5734640674526 78.4297770340993 81.55908278167826 70.43239406051579 81.29883110466821 86.94896218535024 75.24956840584393
1.0111083228255078 1680.1844632290004 0.0 1.1568393556290084 2159.2512406454794 0.0 t_multiswap_k 100 1158.880155801773 95.5734640674526 78.4297770340993 81.55908278167826 70.43239406051579 81.29883110466821 86.94896218535024 75.58707272178549
1.0111083228255078 1680.1844632290004 0.0 1.1685784397615144 2197.8415470269865 0.0 t_swap_k 100 1160.1314833164215 95.5734640674526 78.4297770340993 81.90349195386148 70.43239406051579 81.29883110466821 86.94896218535024 75.58707272178549
1.0111083228255078 1680.1844632290004 0.0 1.1461629358794736 2124.154268467619 0.0 t_move_k 100 1161.040646314621 95.70772942677807 78.4297770340993 81.90349195386148 70.43239406051579 81.29883110466821 86.94896218535024 75.58707272178549
1.0111083228255078 1680.1844632290004 0.0 1.1434806248856246 2115.3366126867486 0.0 t_move_k 100 1162.181918144226 95.7806521325103 78.4297770340993 81.90349195386148 70.43239406051579 81.29883110466821 86.94896218535024 75.58707272178549
1.0111083228255078 1680.1844632290004 0.0 1.1356505131568704 2089.5964095155878 0.0 t_multiswap_k 100 1162.650417804718 95.7806521325103 78.4297770340993 81.90349195386148 70.43239406051579 81.29883110466821 86.94896218535024 75.86120199456764
1.0111083228255078 1680.1844632290004 0.0 1.1349145991543161 2087.1772133918994 0.0 move_t 100 1163.4651625156403 95.7806521325103 78.6754792637583 81.90349195386148 70.43239406051579 81.29883110466821 86.94896218535024 75.86120199456764
1.0111083228255078 1680.1844632290004 0.0 1.1349145991543161 2087.1772133918994 0.0 swap_t 100 1164.239494562149 95.7806521325103 78.6754792637583 81.90349195386148 70.43239406051579 81.48584279362153 86.94896218535024 75.86120199456764
1.0111083228255078 1680.1844632290004 0.0 1.1349145991543161 2087.1772133918994 0.0 t_swap_r_k 100 1166.5395503044128 95.7806521325103 78.6754792637583 81.90349195386148 70.43239406051579 81.48584279362153 87.11947256349674 75.86120199456764
1.0111083228255078 1680.1844632290004 0.0 1.1349145991543161 2087.1772133918994 0.0 t_multiswap_k 100 1166.9725859165192 95.7806521325103 78.6754792637583 81.90349195386148 70.43239406051579 81.48584279362153 87.11947256349674 76.10258997462196
1.0111083228255078 1680.1844632290004 0.0 1.1349145991543161 2087.1772133918994 0.0 t_multiswap_k 100 1167.5641462802887 95.7806521325103 78.6754792637583 81.90349195386148 70.43239406051579 81.48584279362153 87.11947256349674 76.34156407487575
1.0111083228255078 1680.1844632290004 0.0 1.1349145991543161 2087.1772133918994 0.0 swap_t 100 1168.498691558838 95.7806521325103 78.6754792637583 81.90349195386148 70.43239406051579 81.67098436568531 87.11947256349674 76.34156407487575
1.0111083228255078 1680.1844632290004 0.0 1.1643768563110184 2184.029533175485 0.0 f_swap_t 100 1169.0267746448517 95.7806521325103 78.6754792637583 81.90349195386148 70.76807011991063 81.67098436568531 87.11947256349674 76.34156407487575
1.0111083228255078 1680.1844632290004 0.0 1.1487072516590808 2132.518287700982 0.0 t_swap_r_k 100 1170.9089872837067 95.7806521325103 78.6754792637583 81.90349195386148 70.76807011991063 81.67098436568531 87.28827783786177 76.34156407487575
1.0111083228255078 1680.1844632290004 0.0 1.1362263372714403 2091.4893364894715 0.0 t_move_k 100 1172.1415574550629 95.85284561118519 78.6754792637583 81.90349195386148 70.76807011991063 81.67098436568531 87.28827783786177 76.34156407487575
1.0111083228255078 1680.1844632290004 0.0 1.1344230552468462 2085.5613437230973 0.0 swap_t 100 1173.1212723255157 95.85284561118519 78.6754792637583 81.90349195386148 70.76807011991063 81.85427452202846 87.28827783786177 76.34156407487575
1.0111083228255078 1680.1844632290004 0.0 1.1344230552468462 2085.5613437230973 0.0 t_move_k 100 1174.1264719963074 95.89431715507334 78.6754792637583 81.90349195386148 70.76807011991063 81.85427452202846 87.28827783786177 76.34156407487575
1.0111083228255078 1680.1844632290004 0.0 1.132792920572005 2080.202544362333 0.0 t_move_k 100 1175.146691083908 96.04537398352261 78.6754792637583 81.90349195386148 70.76807011991063 81.85427452202846 87.28827783786177 76.34156407487575
1.0111083228255078 1680.1844632290004 0.0 1.133714807687715 2083.233096477203 0.0 t_swap_k 100 1176.3716123104095 96.04537398352261 78.6754792637583 82.12445703432286 70.76807011991063 81.85427452202846 87.28827783786177 76.34156407487575
1.0111083228255078 1680.1844632290004 0.0 1.1418169274625734 2109.86748131696 0.0 t_multiswap_k 100 1177.14284491539 96.04537398352261 78.6754792637583 82.12445703432286 70.76807011991063 81.85427452202846 87.28827783786177 76.68814843412699
1.0111083228255078 1680.1844632290004 0.0 1.13619840955383 2091.3975287158023 0.0 f_swap_t 100 1178.3868939876556 96.04537398352261 78.6754792637583 82.12445703432286 71.06038941871152 81.85427452202846 87.28827783786177 76.68814843412699
1.0111083228255078 1680.1844632290004 0.0 1.13619840955383 2091.3975287158023 0.0 swap_t 100 1179.0336236953735 96.04537398352261 78.6754792637583 82.12445703432286 71.06038941871152 82.03573177680818 87.28827783786177 76.68814843412699
1.0111083228255078 1680.1844632290004 0.0 1.1470134150135778 2126.9500785994574 0.0 t_swap_k 100 1180.1509580612183 96.04537398352261 78.6754792637583 82.38321246397963 71.06038941871152 82.03573177680818 87.28827783786177 76.68814843412699
1.0111083228255078 1680.1844632290004 0.0 1.1337487156242165 2083.344563235903 0.0 t_swap_k 100 1180.9727034568787 96.04537398352261 78.6754792637583 82.65938033933983 71.06038941871152 82.03573177680818 87.28827783786177 76.68814843412699
1.0111083228255078 1680.1844632290004 0.0 1.1333987838184332 2082.194220036605 0.0 t_swap_r_k 100 1182.7182025909424 96.04537398352261 78.6754792637583 82.65938033933983 71.06038941871152 82.03573177680818 87.45539505948315 76.68814843412699
1.0111083228255078 1680.1844632290004 0.0 1.13306594378761 2081.2078039592666 0.0 swap_t 100 1183.4516341686249 96.04537398352261 78.6754792637583 82.65938033933983 71.06038941871152 82.2453744590401 87.45539505948315 76.68814843412699
1.0111083228255078 1680.1844632290004 0.0 1.1103260569061675 2006.3464289695255 0.0 t_move_k 100 1184.4042582511902 96.29492024368739 78.6754792637583 82.65938033933983 71.06038941871152 82.2453744590401 87.45539505948315 76.68814843412699
1.0111083228255078 1680.1844632290004 0.0 1.1054331438187994 1990.2617827562178 0.0 move_t 100 1185.14040184021 96.29492024368739 78.88872447112072 82.65938033933983 71.06038941871152 82.2453744590401 87.45539505948315 76.68814843412699
1.0111083228255078 1680.1844632290004 0.0 1.1041064289150544 1985.9004259383837 0.0 move_t 100 1186.1625821590424 96.29492024368739 79.22983722640951 82.65938033933983 71.06038941871152 82.2453744590401 87.45539505948315 76.68814843412699
1.0111083228255078 1680.1844632290004 0.0 1.09426577704352 1953.5509030599583 0.0 t_swap_k 100 1187.0561764240265 96.29492024368739 79.22983722640951 82.83278653594644 71.06038941871152 82.2453744590401 87.45539505948315 76.68814843412699
1.0111083228255078 1680.1844632290004 0.0 1.091475320234423 1944.377735716414 0.0 t_move_k 100 1187.8344128131866 96.33197104125051 79.22983722640951 82.83278653594644 71.06038941871152 82.2453744590401 87.45539505948315 76.68814843412699
1.0111083228255078 1680.1844632290004 0.0 1.091475320234423 1944.377735716414 0.0 swap_t 100 1188.2589673995972 96.33197104125051 79.22983722640951 82.83278653594644 71.06038941871152 82.42292071444969 87.45539505948315 76.68814843412699
1.0111083228255078 1680.1844632290004 0.0 1.091475320234423 1944.377735716414 0.0 t_move_k 100 1189.1995141506195 96.368651330838 79.22983722640951 82.83278653594644 71.06038941871152 82.42292071444969 87.45539505948315 76.68814843412699
1.0111083228255078 1680.1844632290004 0.0 1.091475320234423 1944.377735716414 0.0 t_move_k 100 1190.1022322177887 96.40496481752963 79.22983722640951 82.83278653594644 71.06038941871152 82.42292071444969 87.45539505948315 76.68814843412699
1.0111083228255078 1680.1844632290004 0.0 1.091475320234423 1944.377735716414 0.0 t_swap_r_k 100 1191.9952039718628 96.40496481752963 79.22983722640951 82.83278653594644 71.06038941871152 82.42292071444969 87.62084110888831 76.68814843412699
1.0111083228255078 1680.1844632290004 0.0 1.091475320234423 1944.377735716414 0.0 t_multiswap_k 100 1192.3410699367523 96.40496481752963 79.22983722640951 82.83278653594644 71.06038941871152 82.42292071444969 87.62084110888831 76.92126694978572
1.0111083228255078 1680.1844632290004 0.0 1.091475320234423 1944.377735716414 0.0 t_multiswap_k 100 1192.8173921108246 96.40496481752963 79.22983722640951 82.83278653594644 71.06038941871152 82.42292071444969 87.62084110888831 77.15205428028786
1.0111083228255078 1680.1844632290004 0.0 1.091475320234423 1944.377735716414 0.0 t_swap_r_k 100 1194.9489707946777 96.40496481752963 79.22983722640951 82.83278653594644 71.06038941871152 82.42292071444969 87.78463269779942 77.15205428028786
1.0111083228255078 1680.1844632290004 0.0 1.1636569833588664 2088.247032387264 0.0 swap_t 100 1195.5010800361633 96.40496481752963 79.22983722640951 82.83278653594644 71.06038941871152 82.6086915073052 87.78463269779942 77.15205428028786
1.0111083228255078 1680.1844632290004 0.0 1.1326936109009773 2079.8760801690146 0.0 t_swap_k 100 1196.6681056022644 96.40496481752963 79.22983722640951 83.12445867058698 71.06038941871152 82.6086915073052 87.78463269779942 77.15205428028786
1.0111083228255078 1680.1844632290004 0.0 1.1291506338351611 2068.2291263752427 0.0 f_swap_t 100 1197.5174751281738 96.40496481752963 79.22983722640951 83.12445867058698 71.37978552452441 82.6086915073052 87.78463269779942 77.15205428028786
1.0111083228255078 1680.1844632290004 0.0 1.1461405695830915 2124.0807429506144 0.0 t_swap_k 100 1198.548465013504 96.40496481752963 79.22983722640951 83.4632140838811 71.37978552452441 82.6086915073052 87.78463269779942 77.15205428028786
1.0111083228255078 1680.1844632290004 0.0 1.1639618365006794 2169.9892937450536 0.0 move_t 100 1199.3953943252563 96.40496481752963 79.44753885414542 83.4632140838811 71.37978552452441 82.6086915073052 87.78463269779942 77.15205428028786
1.0111083228255078 1680.1844632290004 0.0 1.164474535393284 2184.350637076705 0.0 t_swap_k 100 1201.024219751358 96.40496481752963 79.44753885414542 83.70858194304229 71.37978552452441 82.6086915073052 87.78463269779942 77.15205428028786
1.0111083228255078 1680.1844632290004 0.0 1.1554537411270427 2154.6962610956307 0.0 f_swap_t 100 1202.3303608894348 96.40496481752963 79.44753885414542 83.70858194304229 71.66598766927916 82.6086915073052 87.78463269779942 77.15205428028786
1.0111083228255078 1680.1844632290004 0.0 1.1422283898552612 2111.2200961904086 0.0 t_multiswap_k 100 1203.1252846717834 96.40496481752963 79.44753885414542 83.70858194304229 71.66598766927916 82.6086915073052 87.78463269779942 77.50053373748497
1.0111083228255078 1680.1844632290004 0.0 1.1362517133229146 2091.57275608082 0.0 t_swap_r_k 100 1205.2109832763672 96.40496481752963 79.44753885414542 83.70858194304229 71.66598766927916 82.6086915073052 87.94678637082143 77.50053373748497
1.0111083228255078 1680.1844632290004 0.0 1.1277896987845577 2063.7552764585625 0.0 move_t 100 1206.2440121173859 96.40496481752963 79.71306346560397 83.70858194304229 71.66598766927916 82.6086915073052 87.94678637082143 77.50053373748497
1.0111083228255078 1680.1844632290004 0.0 1.121994833345973 2044.7056103866275 0.0 t_swap_k 100 1207.2048103809357 96.40496481752963 79.71306346560397 83.90149612361186 71.66598766927916 82.6086915073052 87.94678637082143 77.50053373748497
1.0111083228255078 1680.1844632290004 0.0 1.1187174252492482 2033.9316708558908 0.0 t_multiswap_k 100 1207.7415699958801 96.40496481752963 79.71306346560397 83.90149612361186 71.66598766927916 82.6086915073052 87.94678637082143 77.72552840011012
1.0111083228255078 1680.1844632290004 0.0 1.117311224499657 2029.3090174062602 0.0 t_move_k 100 1208.6876261234283 96.47091516935434 79.71306346560397 83.90149612361186 71.66598766927916 82.6086915073052 87.94678637082143 77.72552840011012
1.0111083228255078 1680.1844632290004 0.0 1.114705323845451 2020.7425480368895 0.0 t_move_k 100 1209.5730249881744 96.6162060176608 79.71306346560397 83.90149612361186 71.66598766927916 82.6086915073052 87.94678637082143 77.72552840011012
1.0111083228255078 1680.1844632290004 0.0 1.1028307366313808 1981.706797583751 0.0 t_move_k 100 1210.9262552261353 96.65004395748419 79.71306346560397 83.90149612361186 71.66598766927916 82.6086915073052 87.94678637082143 77.72552840011012
1.0111083228255078 1680.1844632290004 0.0 1.1028307366313808 1981.706797583751 0.0 swap_t 100 1211.705040693283 96.65004395748419 79.71306346560397 83.90149612361186 71.66598766927916 82.78260459223215 87.94678637082143 77.72552840011012
1.0111083228255078 1680.1844632290004 0.0 1.1028307366313808 1981.706797583751 0.0 t_swap_r_k 100 1213.3128571510315 96.65004395748419 79.71306346560397 83.90149612361186 71.66598766927916 82.78260459223215 88.10731850711322 77.72552840011012
1.0111083228255078 1680.1844632290004 0.0 1.113128717590032 2015.5597145421418 0.0 t_multiswap_k 100 1213.7415766716003 96.65004395748419 79.71306346560397 83.90149612361186 71.66598766927916 82.78260459223215 88.10731850711322 77.98827311610901
1.0111083228255078 1680.1844632290004 0.0 1.155214683837506 2153.91039961429 0.0 t_swap_k 100 1214.8399648666382 96.65004395748419 79.71306346560397 84.13248116237574 71.66598766927916 82.78260459223215 88.10731850711322 77.98827311610901
1.0111083228255078 1680.1844632290004 0.0 1.1423603604047325 2111.653927644375 0.0 t_swap_k 100 1216.0284106731415 96.65004395748419 79.71306346560397 84.29115635075198 71.66598766927916 82.78260459223215 88.10731850711322 77.98827311610901
1.0111083228255078 1680.1844632290004 0.0 1.1423603604047325 2111.653927644375 0.0 f_swap_t 100 1217.0568294525146 96.65004395748419 79.71306346560397 84.29115635075198 71.94932779258637 82.78260459223215 88.10731850711322 77.98827311610901
1.0111083228255078 1680.1844632290004 0.0 1.1429800792084883 2113.6911511822054 0.0 t_move_k 100 1218.2066054344177 96.69354351790935 79.71306346560397 84.29115635075198 71.94932779258637 82.78260459223215 88.10731850711322 77.98827311610901
1.0111083228255078 1680.1844632290004 0.0 1.1379681586330213 2097.2152874449753 0.0 t_multiswap_k 100 1218.7389430999756 96.69354351790935 79.71306346560397 84.29115635075198 71.94932779258637 82.78260459223215 88.10731850711322 78.20839038494792
1.0111083228255078 1680.1844632290004 0.0 1.116156703092784 2025.51371835973 0.0 t_swap_k 100 1219.7366886138916 96.69354351790935 79.71306346560397 84.49824478724446 71.94932779258637 82.78260459223215 88.10731850711322 78.20839038494792
1.0111083228255078 1680.1844632290004 0.0 1.1142550472597206 2019.2623378941205 0.0 move_t 100 1220.6549286842346 96.69354351790935 79.91593283094792 84.49824478724446 71.94932779258637 82.78260459223215 88.10731850711322 78.20839038494792
1.0111083228255078 1680.1844632290004 0.0 1.1124730981331703 2013.4044735178513 0.0 t_move_k 100 1221.9969742298126 96.75660808273025 79.91593283094792 84.49824478724446 71.94932779258637 82.78260459223215 88.10731850711322 78.20839038494792
1.0111083228255078 1680.1844632290004 0.0 1.1124730981331703 2013.4044735178513 0.0 t_swap_r_k 100 1224.0816407203674 96.75660808273025 79.91593283094792 84.49824478724446 71.94932779258637 82.78260459223215 88.26624532204208 78.20839038494792
1.0111083228255078 1680.1844632290004 0.0 1.1124730981331703 2013.4044735178513 0.0 t_swap_r_k 100 1225.7563304901123 96.75660808273025 79.91593283094792 84.49824478724446 71.94932779258637 82.78260459223215 88.42358286882165 78.20839038494792
1.0111083228255078 1680.1844632290004 0.0 1.1124730981331703 2013.4044735178513 0.0 swap_t 100 1226.341979265213 96.75660808273025 79.91593283094792 84.49824478724446 71.94932779258637 82.95477854630983 88.42358286882165 78.20839038494792
1.0111083228255078 1680.1844632290004 0.0 1.0971731689789757 1963.1084753793932 0.0 t_move_k 100 1227.135733127594 96.81904200190294 79.91593283094792 84.49824478724446 71.94932779258637 82.95477854630983 88.42358286882165 78.20839038494792
1.0111083228255078 1680.1844632290004 0.0 1.1059633256071988 1992.004668097296 0.0 t_move_k 100 1228.6153604984283 96.99085158188392 79.91593283094792 84.49824478724446 71.94932779258637 82.95477854630983 88.42358286882165 78.20839038494792
1.0111083228255078 1680.1844632290004 0.0 1.1003645954024175 1973.5997643150968 0.0 t_swap_k 100 1229.7818863391876 96.99085158188392 79.91593283094792 84.65326233937202 71.94932779258637 82.95477854630983 88.42358286882165 78.20839038494792
1.0111083228255078 1680.1844632290004 0.0 1.1003645954024175 1973.5997643150968 0.0 move_t 100 1230.764258146286 96.99085158188392 80.11677350263844 84.65326233937202 71.94932779258637 82.95477854630983 88.42358286882165 78.20839038494792
1.0111083228255078 1680.1844632290004 0.0 1.0941127063306442 1953.0477082926968 0.0 t_move_k 100 1232.1715726852417 97.12094306606508 80.11677350263844 84.65326233937202 71.94932779258637 82.95477854630983 88.42358286882165 78.20839038494792
1.0111083228255078 1680.1844632290004 0.0 1.0794913260897787 1904.982327991597 0.0 t_multiswap_k 100 1232.5944170951843 97.12094306606508 80.11677350263844 84.65326233937202 71.94932779258637 82.95477854630983 88.42358286882165 78.42630648109844
1.0111083228255078 1680.1844632290004 0.0 1.0794913260897787 1904.982327991597 0.0 f_swap_t 100 1233.8037004470825 97.12094306606508 80.11677350263844 84.65326233937202 72.22983451466051 82.95477854630983 88.42358286882165 78.42630648109844
1.0111083228255078 1680.1844632290004 0.0 1.0794913260897787 1904.982327991597 0.0 t_multiswap_k 100 1234.4602880477905 97.12094306606508 80.11677350263844 84.65326233937202 72.22983451466051 82.95477854630983 88.42358286882165 78.64204341628745
1.0111083228255078 1680.1844632290004 0.0 1.1206452731714993 2064.563241853203 0.0 swap_t 100 1235.533635377884 97.12094306606508 80.11677350263844 84.65326233937202 72.22983451466051 83.20523076084673 88.42358286882165 78.64204341628745
1.0111083228255078 1680.1844632290004 0.0 1.0985204075693153 1967.5373004379198 0.0 f_swap_t 100 1236.7009868621826 97.12094306606508 80.11677350263844 84.65326233937202 72.5075361695139 83.20523076084673 88.42358286882165 78.64204341628745
1.0111083228255078 1680.1844632290004 0.0 1.0914723278992167 1944.3678989070766 0.0 move_t 100 1237.3889973163605 97.12094306606508 80.31560576761206 84.65326233937202 72.5075361695139 83.20523076084673 88.42358286882165 78.64204341628745
1.0111083228255078 1680.1844632290004 0.0 1.079073698014811 1903.6094444527616 0.0 t_swap_k 100 1238.3179519176483 97.12094306606508 80.31560576761206 84.8667297159783 72.5075361695139 83.20523076084673 88.42358286882165 78.64204341628745
1.0111083228255078 1680.1844632290004 0.0 1.0645886794745945 1849.150379468038 0.0 move_t 100 1239.2584879398346 97.12094306606508 80.57244970993594 84.8667297159783 72.5075361695139 83.20523076084673 88.42358286882165 78.64204341628745
1.0111083228255078 1680.1844632290004 0.0 1.0575242527971473 1832.769191166015 0.0 t_swap_k 100 1240.3486258983612 97.12094306606508 80.57244970993594 85.01806241881852 72.5075361695139 83.20523076084673 88.42358286882165 78.64204341628745
1.0111083228255078 1680.1844632290004 0.0 1.0575242527971473 1832.769191166015 0.0 t_multiswap_k 100 1240.8729944229126 97.12094306606508 80.57244970993594 85.01806241881852 72.5075361695139 83.20523076084673 88.42358286882165 78.85562298212457
1.0111083228255078 1680.1844632290004 0.0 1.0932615197474036 1950.2495725382964 0.0 t_move_k 100 1241.867247581482 97.19973363540443 80.57244970993594 85.01806241881852 72.5075361695139 83.20523076084673 88.42358286882165 78.85562298212457
1.0111083228255078 1680.1844632290004 0.0 1.0772615026585661 1897.652150576062 0.0 t_swap_r_k 100 1243.6376128196716 97.19973363540443 80.57244970993594 85.01806241881852 72.5075361695139 83.20523076084673 88.57934704013344 78.85562298212457
1.0111083228255078 1680.1844632290004 0.0 1.0772615026585661 1897.652150576062 0.0 t_multiswap_k 100 1244.4992780685425 97.19973363540443 80.57244970993594 85.01806241881852 72.5075361695139 83.20523076084673 88.57934704013344 79.06706675230333
1.0111083228255078 1680.1844632290004 0.0 1.0772615026585661 1897.652150576062 0.0 t_swap_r_k 100 1246.5114572048187 97.19973363540443 80.57244970993594 85.01806241881852 72.5075361695139 83.20523076084673 88.73355356973211 79.06706675230333
1.0111083228255078 1680.1844632290004 0.0 1.0715529237617536 1878.886137304124 0.0 t_move_k 100 1247.8002417087555 97.35773629905039 80.57244970993594 85.01806241881852 72.5075361695139 83.20523076084673 88.73355356973211 79.06706675230333
1.0111083228255078 1680.1844632290004 0.0 1.061445779357478 1845.660564099218 0.0 t_move_k 100 1248.9824516773224 97.41415893605988 80.57244970993594 85.01806241881852 72.5075361695139 83.20523076084673 88.73355356973211 79.06706675230333
1.0111083228255078 1680.1844632290004 0.0 1.054630881489261 1862.7578878077927 0.0 move_t 100 1250.3308713436127 97.41415893605988 80.79672521283658 85.01806241881852 72.5075361695139 83.20523076084673 88.73355356973211 79.06706675230333
1.0111083228255078 1680.1844632290004 0.0 1.052750379600797 1817.07586899589 0.0 t_swap_r_k 100 1252.9532401561737 97.41415893605988 80.79672521283658 85.01806241881852 72.5075361695139 83.20523076084673 88.88621803403478 79.06706675230333
1.0111083228255078 1680.1844632290004 0.0 1.074604096368567 1888.916364908827 0.0 t_move_k 100 1253.609902381897 97.61001734669928 80.79672521283658 85.01806241881852 72.5075361695139 83.20523076084673 88.88621803403478 79.06706675230333
1.0111083228255078 1680.1844632290004 0.0 1.0853471003385526 1924.2322217490998 0.0 t_multiswap_k 100 1254.1375985145569 97.61001734669928 80.79672521283658 85.01806241881852 72.5075361695139 83.20523076084673 88.88621803403478 79.3163960847803
1.0111083228255078 1680.1844632290004 0.0 1.0828214256769875 1915.9294821222556 0.0 t_swap_r_k 100 1256.1027026176453 97.61001734669928 80.79672521283658 85.01806241881852 72.5075361695139 83.20523076084673 89.03735585369444 79.3163960847803
1.0111083228255078 1680.1844632290004 0.0 1.0828214256769875 1915.9294821222556 0.0 swap_t 100 1256.8309164047241 97.61001734669928 80.79672521283658 85.01806241881852 72.5075361695139 83.37317845323827 89.03735585369444 79.3163960847803
1.0111083228255078 1680.1844632290004 0.0 1.086179378868771 1926.9682003921812 0.0 t_move_k 100 1257.8600964546204 97.71391717323229 80.79672521283658 85.01806241881852 72.5075361695139 83.37317845323827 89.03735585369444 79.3163960847803
1.0111083228255078 1680.1844632290004 0.0 1.1941199207295767 2297.2400141113885 0.0 move_t 100 1258.849347114563 97.71391717323229 81.1387579607082 85.01806241881852 72.5075361695139 83.37317845323827 89.03735585369444 79.3163960847803
1.0111083228255078 1680.1844632290004 0.0 1.148790782735388 2132.7928823619186 0.0 t_swap_k 100 1260.5024828910828 97.71391717323229 81.1387579607082 85.38788179463033 72.5075361695139 83.37317845323827 89.03735585369444 79.3163960847803
1.0111083228255078 1680.1844632290004 0.0 1.1375166360328095 2095.7309812347403 0.0 t_multiswap_k 100 1261.0805704593658 97.71391717323229 81.1387579607082 85.38788179463033 72.5075361695139 83.37317845323827 89.03735585369444 79.52323212393249
1.0111083228255078 1680.1844632290004 0.0 1.1293942621823128 2069.030014455921 0.0 t_swap_k 100 1262.2755165100098 97.71391717323229 81.1387579607082 85.53400297668402 72.5075361695139 83.37317845323827 89.03735585369444 79.52323212393249
1.0111083228255078 1680.1844632290004 0.0 1.1628596148648485 2179.0418517174157 0.0 move_t 100 1263.476320028305 97.71391717323229 81.39737038110113 85.53400297668402 72.5075361695139 83.37317845323827 89.03735585369444 79.52323212393249
1.0111083228255078 1680.1844632290004 0.0 1.1231655891086727 2111.9297384349916 0.0 swap_t 100 1264.3858020305634 97.71391717323229 81.39737038110113 85.53400297668402 72.5075361695139 83.62944666870588 89.03735585369444 79.52323212393249
1.0111083228255078 1680.1844632290004 0.0 1.116436084919136 2026.4321401168836 0.0 t_swap_r_k 100 1266.8286969661713 97.71391717323229 81.39737038110113 85.53400297668402 72.5075361695139 83.62944666870588 89.18698229515749 79.52323212393249
1.0111083228255078 1680.1844632290004 0.0 1.116436084919136 2026.4321401168836 0.0 t_swap_r_k 100 1268.7662119865417 97.71391717323229 81.39737038110113 85.53400297668402 72.5075361695139 83.62944666870588 89.33511247220592 79.52323212393249
1.0111083228255078 1680.1844632290004 0.0 1.116436084919136 2026.4321401168836 0.0 f_swap_t 100 1269.8951692581177 97.71391717323229 81.39737038110113 85.53400297668402 72.78246080781877 83.62944666870588 89.33511247220592 79.52323212393249
1.0111083228255078 1680.1844632290004 0.0 1.119584981814001 2036.7836202293845 0.0 f_swap_t 100 1271.6162011623383 97.71391717323229 81.39737038110113 85.53400297668402 73.12463619974058 83.62944666870588 89.33511247220592 79.52323212393249
1.0111083228255078 1680.1844632290004 0.0 1.1129950748268556 2015.120385960931 0.0 t_move_k 100 1272.6861126422882 97.79677800149997 81.39737038110113 85.53400297668402 73.12463619974058 83.62944666870588 89.33511247220592 79.52323212393249
1.0111083228255078 1680.1844632290004 0.0 1.0902120350381108 1940.2248936188003 0.0 t_move_k 100 1273.550845861435 97.96881022148497 81.39737038110113 85.53400297668402 73.12463619974058 83.62944666870588 89.33511247220592 79.52323212393249
1.0111083228255078 1680.1844632290004 0.0 1.1074135721447245 1996.7721148231326 0.0 t_move_k 100 1274.814424753189 98.06912211927012 81.39737038110113 85.53400297668402 73.12463619974058 83.62944666870588 89.33511247220592 79.52323212393249
1.0111083228255078 1680.1844632290004 0.0 1.1510879857957939 2140.3445592151515 0.0 t_swap_k 100 1276.1530785560608 98.06912211927012 81.39737038110113 85.72866294691718 73.12463619974058 83.62944666870588 89.33511247220592 79.52323212393249
1.0111083228255078 1680.1844632290004 0.0 1.1291355814848372 2068.1796442517475 0.0 t_move_k 100 1277.0605878829956 98.17843089807742 81.39737038110113 85.72866294691718 73.12463619974058 83.62944666870588 89.33511247220592 79.52323212393249
1.0111083228255078 1680.1844632290004 0.0 1.1244092213151784 2052.6425133344014 0.0 swap_t 100 1277.8929138183594 98.17843089807742 81.39737038110113 85.72866294691718 73.12463619974058 83.79315220201882 89.33511247220592 79.52323212393249
1.0111083228255078 1680.1844632290004 0.0 1.1236384805789346 2008.3439345472848 0.0 swap_t 100 1278.7066748142242 98.17843089807742 81.39737038110113 85.72866294691718 73.12463619974058 83.98522067999863 89.33511247220592 79.52323212393249
1.0111083228255078 1680.1844632290004 0.0 1.1763318113631631 2223.329479664661 0.0 t_swap_k 100 1280.035083770752 98.17843089807742 81.39737038110113 86.03137631744801 73.12463619974058 83.98522067999863 89.33511247220592 79.52323212393249
1.0111083228255078 1680.1844632290004 0.0 1.164440029365461 2184.2372041912545 0.0 t_swap_r_k 100 1281.8124554157257 98.17843089807742 81.39737038110113 86.03137631744801 73.12463619974058 83.98522067999863 89.48176134748387 79.52323212393249
1.0111083228255078 1680.1844632290004 0.0 1.2505921131612996 2423.7177842001233 0.0 move_t 100 1282.5618605613708 98.17843089807742 81.71339667729012 86.03137631744801 73.12463619974058 83.98522067999863 89.48176134748387 79.52323212393249
1.0111083228255078 1680.1844632290004 0.0 1.1571293735851453 2160.2046269281855 0.0 t_multiswap_k 100 1283.2131578922272 98.17843089807742 81.71339667729012 86.03137631744801 73.12463619974058 83.98522067999863 89.48176134748387 79.94799980269316
1.0111083228255078 1680.1844632290004 0.0 1.1380572929149095 2148.759093274062 0.0 swap_t 100 1284.199199438095 98.17843089807742 81.71339667729012 86.03137631744801 73.12463619974058 84.17536847319865 89.48176134748387 79.94799980269316
1.0111083228255078 1680.1844632290004 0.0 1.1217685779206001 2043.9618329260466 0.0 t_multiswap_k 100 1284.8981063365936 98.17843089807742 81.71339667729012 86.03137631744801 73.12463619974058 84.17536847319865 89.48176134748387 80.20851980466622
1.0111083228255078 1680.1844632290004 0.0 1.1502657856189606 2137.6417114995397 0.0 f_swap_t 100 1286.0245130062103 98.17843089807742 81.71339667729012 86.03137631744801 73.44338983774317 84.17536847319865 89.48176134748387 80.20851980466622
1.0111083228255078 1680.1844632290004 0.0 1.130224991391983 2071.7608999627787 0.0 t_swap_r_k 100 1288.1930756568909 98.17843089807742 81.71339667729012 86.03137631744801 73.44338983774317 84.17536847319865 89.62694373400903 80.20851980466622
1.0111083228255078 1680.1844632290004 0.0 1.1229593522782506 2047.8763075796296 0.0 t_move_k 100 1289.6141781806946 98.25664658909665 81.71339667729012 86.03137631744801 73.44338983774317 84.17536847319865 89.62694373400903 80.20851980466622
1.0111083228255078 1680.1844632290004 0.0 1.1259582450741044 2057.7346739130676 0.0 t_move_k 100 1290.5869054794312 98.34408012320569 81.71339667729012 86.03137631744801 73.44338983774317 84.17536847319865 89.62694373400903 80.20851980466622
1.0111083228255078 1680.1844632290004 0.0 1.131921878489444 2077.3391369228934 0.0 move_t 100 1291.5167217254639 98.34408012320569 81.93626271051721 86.03137631744801 73.44338983774317 84.17536847319865 89.62694373400903 80.20851980466622
1.0111083228255078 1680.1844632290004 0.0 1.1227192082198094 2047.0868735244394 0.0 swap_t 100 1292.1405265331268 98.34408012320569 81.93626271051721 86.03137631744801 73.44338983774317 84.33361478846666 89.62694373400903 80.20851980466622
1.0111083228255078 1680.1844632290004 0.0 1.1214323518503906 2042.8565450759568 0.0 swap_t 100 1292.9079251289368 98.34408012320569 81.93626271051721 86.03137631744801 73.44338983774317 84.49027864058199 89.62694373400903 80.20851980466622
1.0111083228255078 1680.1844632290004 0.0 1.1214323518503906 2042.8565450759568 0.0 f_swap_t 100 1294.0129046440125 98.34408012320569 81.93626271051721 86.03137631744801 73.70895593936574 84.49027864058199 89.62694373400903 80.20851980466622
1.0111083228255078 1680.1844632290004 0.0 1.1233912151382843 2049.295985630777 0.0 t_swap_k 100 1295.646443605423 98.34408012320569 81.93626271051721 86.25106255427353 73.70895593936574 84.49027864058199 89.62694373400903 80.20851980466622
1.0111083228255078 1680.1844632290004 0.0 1.114075027027801 2018.6705510199288 0.0 move_t 100 1296.561017036438 98.34408012320569 82.11690008341203 86.25106255427353 73.70895593936574 84.49027864058199 89.62694373400903 80.20851980466622
1.0111083228255078 1680.1844632290004 0.0 1.1089323442589958 2001.7648281005786 0.0 t_move_k 100 1297.5603322982788 98.43063932197363 82.11690008341203 86.25106255427353 73.70895593936574 84.49027864058199 89.62694373400903 80.20851980466622
1.0111083228255078 1680.1844632290004 0.0 1.1049904095030354 1988.8063665842155 0.0 t_swap_k 100 1298.8582491874695 98.43063932197363 82.11690008341203 86.4885519287308 73.70895593936574 84.49027864058199 89.62694373400903 80.20851980466622
1.0111083228255078 1680.1844632290004 0.0 1.0946440793816832 1954.794509713576 0.0 t_swap_r_k 100 1301.2492179870605 98.43063932197363 82.11690008341203 86.4885519287308 73.70895593936574 84.49027864058199 89.77067429666894 80.20851980466622
1.0111083228255078 1680.1844632290004 0.0 1.0901276530702415 1939.9475017919424 0.0 t_move_k 100 1302.4991846084595 98.5763329287539 82.11690008341203 86.4885519287308 73.70895593936574 84.49027864058199 89.77067429666894 80.20851980466622
1.0111083228255078 1680.1844632290004 0.0 1.1508963759789514 2139.7146734886173 0.0 f_swap_t 100 1303.586116552353 98.5763329287539 82.11690008341203 86.4885519287308 74.01186637997208 84.49027864058199 89.77067429666894 80.20851980466622
1.0111083228255078 1680.1844632290004 0.0 1.127964970378052 2064.3314529657387 0.0 swap_t 100 1304.2733290195465 98.5763329287539 82.11690008341203 86.4885519287308 74.01186637997208 84.64537585417617 89.77067429666894 80.20851980466622
1.0111083228255078 1680.1844632290004 0.0 1.1274411222176566 2062.609388383965 0.0 t_swap_r_k 100 1306.1866614818573 98.5763329287539 82.11690008341203 86.4885519287308 74.01186637997208 84.64537585417617 89.91296755370226 80.20851980466622
1.0111083228255078 1680.1844632290004 0.0 1.1274411222176566 2062.609388383965 0.0 swap_t 100 1307.1213641166687 98.5763329287539 82.11690008341203 86.4885519287308 74.01186637997208 84.79892209563441 89.91296755370226 80.20851980466622
1.0111083228255078 1680.1844632290004 0.0 1.1289089432489545 2067.434608364642 0.0 t_swap_k 100 1308.6825625896454 98.5763329287539 82.11690008341203 86.6636664094435 74.01186637997208 84.79892209563441 89.91296755370226 80.20851980466622
1.0111083228255078 1680.1844632290004 0.0 1.1139855022071383 2018.3762529112244 0.0 t_move_k 100 1309.8402078151703 98.59056959946636 82.11690008341203 86.6636664094435 74.01186637997208 84.79892209563441 89.91296755370226 80.20851980466622
1.0111083228255078 1680.1844632290004 0.0 1.1097479984760967 2004.4461570512874 0.0 t_swap_k 100 1311.0128033161163 98.59056959946636 82.11690008341203 86.85702974534905 74.01186637997208 84.79892209563441 89.91296755370226 80.20851980466622
1.0111083228255078 1680.1844632290004 0.0 1.1063196374551434 1993.1759846347989 0.0 t_move_k 100 1312.185344696045 98.6846639034717 82.11690008341203 86.85702974534905 74.01186637997208 84.79892209563441 89.91296755370226 80.20851980466622
1.0111083228255078 1680.1844632290004 0.0 1.1021658046384648 1979.520943130384 0.0 t_move_k 100 1313.235857963562 98.73781726443698 82.11690008341203 86.85702974534905 74.01186637997208 84.79892209563441 89.91296755370226 80.20851980466622
1.0111083228255078 1680.1844632290004 0.0 1.1250214016916824 2054.6549555337565 0.0 t_swap_k 100 1314.441246509552 98.73781726443698 82.11690008341203 86.99845944789556 74.01186637997208 84.79892209563441 89.91296755370226 80.20851980466622
1.0111083228255078 1680.1844632290004 0.0 1.1856457187587082 2253.9474168006427 0.0 t_swap_k 100 1315.7440023422241 98.73781726443698 82.11690008341203 87.2484748534166 74.01186637997208 84.79892209563441 89.91296755370226 80.20851980466622
1.0111083228255078 1680.1844632290004 0.0 1.1574364204852658 2161.2139930606195 0.0 t_swap_k 100 1316.862876176834 98.73781726443698 82.11690008341203 87.47599010488243 74.01186637997208 84.79892209563441 89.91296755370226 80.20851980466622
1.0111083228255078 1680.1844632290004 0.0 1.1698986611745532 2165.588492536002 0.0 move_t 100 1317.8714203834534 98.73781726443698 82.36573108257791 87.47599010488243 74.01186637997208 84.79892209563441 89.91296755370226 80.20851980466622
1.0111083228255078 1680.1844632290004 0.0 1.1520668347112233 2143.5623638685 0.0 t_move_k 100 1318.8773317337036 98.81043909179262 82.36573108257791 87.47599010488243 74.01186637997208 84.79892209563441 89.91296755370226 80.20851980466622
1.0111083228255078 1680.1844632290004 0.0 1.1442041295972722 2117.7150153096272 0.0 t_move_k 100 1319.919332742691 98.82233470087469 82.36573108257791 87.47599010488243 74.01186637997208 84.79892209563441 89.91296755370226 80.20851980466622
1.0111083228255078 1680.1844632290004 0.0 1.1442041295972722 2117.7150153096272 0.0 swap_t 100 1320.726334810257 98.82233470087469 82.36573108257791 87.47599010488243 74.01186637997208 84.95093287467806 89.91296755370226 80.20851980466622
1.0111083228255078 1680.1844632290004 0.0 1.1442041295972722 2117.7150153096272 0.0 move_t 100 1321.3637795448303 98.82233470087469 82.54207377175213 87.47599010488243 74.01186637997208 84.95093287467806 89.91296755370226 80.20851980466622
1.0111083228255078 1680.1844632290004 0.0 1.1442041295972722 2117.7150153096272 0.0 f_swap_t 100 1322.6506261825562 98.82233470087469 82.54207377175213 87.47599010488243 74.27174771617236 84.95093287467806 89.91296755370226 80.20851980466622
1.0111083228255078 1680.1844632290004 0.0 1.1486463474882465 2132.3180752665303 0.0 f_swap_t 100 1323.675458431244 98.82233470087469 82.54207377175213 87.47599010488243 74.63903023901064 84.95093287467806 89.91296755370226 80.20851980466622
1.0111083228255078 1680.1844632290004 0.0 1.1403838385461849 2105.1564374458085 0.0 t_move_k 100 1324.409832239151 98.83411135386595 82.54207377175213 87.47599010488243 74.63903023901064 84.95093287467806 89.91296755370226 80.20851980466622
1.0111083228255078 1680.1844632290004 0.0 1.1376243551805625 2096.0850901982694 0.0 f_swap_t 100 1325.590829372406 98.83411135386595 82.54207377175213 87.47599010488243 74.89263993662053 84.95093287467806 89.91296755370226 80.20851980466622
1.0111083228255078 1680.1844632290004 0.0 1.1376243551805625 2096.0850901982694 0.0 t_swap_r_k 100 1327.1135652065277 98.83411135386595 82.54207377175213 87.47599010488243 74.89263993662053 84.95093287467806 90.05383787816524 80.20851980466622
1.0111083228255078 1680.1844632290004 0.0 1.1376243551805623 2096.085090198269 0.0 t_multiswap_k 100 1327.3701374530792 98.83411135386595 82.54207377175213 87.47599010488243 74.89263993662053 84.95093287467806 90.05383787816524 80.40643460661956
1.0111083228255078 1680.1844632290004 0.0 1.1373162202319929 2095.072147285694 0.0 t_multiswap_k 100 1327.745418548584 98.83411135386595 82.54207377175213 87.47599010488243 74.89263993662053 84.95093287467806 90.05383787816524 80.63237026055336
1.0111083228255078 1680.1844632290004 0.0 1.1269267395625664 2060.918440092497 0.0 move_t 100 1328.6987235546112 98.83411135386595 82.71665303403461 87.47599010488243 74.89263993662053 84.95093287467806 90.05383787816524 80.63237026055336
1.0111083228255078 1680.1844632290004 0.0 1.1258632760259029 2057.422478802657 0.0 t_move_k 100 1329.5586371421814 98.87577024032728 82.71665303403461 87.47599010488243 74.89263993662053 84.95093287467806 90.05383787816524 80.63237026055336
1.0111083228255078 1680.1844632290004 0.0 1.184576631063802 2227.4905742331525 0.0 swap_t 100 1330.3380990028381 98.87577024032728 82.71665303403461 87.47599010488243 74.89263993662053 85.13142354593128 90.05383787816524 80.63237026055336
1.0111083228255078 1680.1844632290004 0.0 1.1657282926648271 2188.4721576903034 0.0 t_move_k 100 1331.4976131916046 99.11701253792401 82.71665303403461 87.47599010488243 74.89263993662053 85.13142354593128 90.05383787816524 80.63237026055336
1.0111083228255078 1680.1844632290004 0.0 1.1397777929764725 2103.1641624137565 0.0 t_swap_k 100 1332.5934913158417 99.11701253792401 82.71665303403461 87.63123020383361 74.89263993662053 85.13142354593128 90.05383787816524 80.63237026055336
1.0111083228255078 1680.1844632290004 0.0 1.1280236729429571 2064.5244279831677 0.0 t_swap_k 100 1333.9002947807312 99.11701253792401 82.71665303403461 87.78491790179527 74.89263993662053 85.13142354593128 90.05383787816524 80.63237026055336
1.0111083228255078 1680.1844632290004 0.0 1.1163068658634905 2026.007353745869 0.0 t_swap_r_k 100 1336.38911318779 99.11701253792401 82.71665303403461 87.78491790179527 74.89263993662053 85.13142354593128 90.19329949938358 80.63237026055336
1.0111083228255078 1680.1844632290004 0.0 1.1163068658634905 2026.007353745869 0.0 t_move_k 100 1337.3427259922028 99.12584241254477 82.71665303403461 87.78491790179527 74.89263993662053 85.13142354593128 90.19329949938358 80.63237026055336
1.0111083228255078 1680.1844632290004 0.0 1.1163068658634905 2026.007353745869 0.0 t_move_k 100 1338.2474534511566 99.13458398841932 82.71665303403461 87.78491790179527 74.89263993662053 85.13142354593128 90.19329949938358 80.63237026055336
1.0111083228255078 1680.1844632290004 0.0 1.1163068658634905 2026.007353745869 0.0 move_t 100 1338.7780809402466 99.13458398841932 82.88948650369426 87.78491790179527 74.89263993662053 85.13142354593128 90.19329949938358 80.63237026055336
1.0111083228255078 1680.1844632290004 0.0 1.110302186054898 2006.267957476037 0.0 t_multiswap_k 100 1339.178742647171 99.13458398841932 82.88948650369426 87.78491790179527 74.89263993662053 85.13142354593128 90.19329949938358 80.85604655794782
1.0111083228255078 1680.1844632290004 0.0 1.1075548615375608 1997.236580440421 0.0 t_swap_r_k 100 1340.7525413036346 99.13458398841932 82.88948650369426 87.78491790179527 74.89263993662053 85.13142354593128 90.33136650438975 80.85604655794782
1.0111083228255078 1680.1844632290004 0.0 1.1075548615375608 1997.236580440421 0.0 t_swap_r_k 100 1342.44771194458 99.13458398841932 82.88948650369426 87.78491790179527 74.89263993662053 85.13142354593128 90.46805283934584 80.85604655794782
1.0111083228255078 1680.1844632290004 0.0 1.1075548615375608 1997.236580440421 0.0 t_swap_r_k 100 1344.202317237854 99.13458398841932 82.88948650369426 87.78491790179527 74.89263993662053 85.13142354593128 90.60337231095238 80.85604655794782
1.0111083228255078 1680.1844632290004 0.0 1.1075548615375608 1997.236580440421 0.0 t_multiswap_k 100 1344.726945400238 99.13458398841932 82.88948650369426 87.78491790179527 74.89263993662053 85.13142354593128 90.60337231095238 81.04748609236835
1.0111083228255078 1680.1844632290004 0.0 1.1205568222294344 2039.978385592865 0.0 t_swap_k 100 1345.7731802463531 99.13458398841932 82.88948650369426 87.97706872277732 74.89263993662053 85.13142354593128 90.60337231095238 81.04748609236835
1.0111083228255078 1680.1844632290004 0.0 1.1173037633386094 2029.2844900677105 0.0 t_move_k 100 1346.3063905239105 99.17323814853513 82.88948650369426 87.97706872277732 74.89263993662053 85.13142354593128 90.60337231095238 81.04748609236835
1.0111083228255078 1680.1844632290004 0.0 1.1131892984811662 2015.7588642478036 0.0 swap_t 100 1346.995317697525 99.17323814853513 82.88948650369426 87.97706872277732 74.89263993662053 85.28010931047197 90.60337231095238 81.04748609236835
1.0111083228255078 1680.1844632290004 0.0 1.1110826798245355 2008.833702244469 0.0 move_t 100 1347.8362126350403 99.17323814853513 83.06059163865731 87.97706872277732 74.89263993662053 85.28010931047197 90.60337231095238 81.04748609236835
1.0111083228255078 1680.1844632290004 0.0 1.113727296172026 2017.5274430814225 0.0 t_move_k 100 1348.9070131778717 99.25150576704978 83.06059163865731 87.97706872277732 74.89263993662053 85.28010931047197 90.60337231095238 81.04748609236835
1.0111083228255078 1680.1844632290004 0.0 1.1854339001215353 2254.08705043761 0.0 swap_t 100 1349.7065382003784 99.25150576704978 83.06059163865731 87.97706872277732 74.89263993662053 85.50730821736725 90.60337231095238 81.04748609236835
1.0111083228255078 1680.1844632290004 0.0 1.1517071865422466 2142.3800797248905 0.0 t_multiswap_k 100 1350.2545766830444 99.25150576704978 83.06059163865731 87.97706872277732 74.89263993662053 85.50730821736725 90.60337231095238 81.26701123144466
1.0111083228255078 1680.1844632290004 0.0 1.2024201191111374 2327.1851633072424 0.0 move_t 100 1350.6566915512085 99.25150576704978 83.27998572227074 87.97706872277732 74.89263993662053 85.50730821736725 90.60337231095238 81.26701123144466
1.0111083228255078 1680.1844632290004 0.0 1.1768536593184094 2225.0449689013167 0.0 move_t 100 1351.5139796733856 99.25150576704978 83.44718586504803 87.97706872277732 74.89263993662053 85.50730821736725 90.60337231095238 81.26701123144466
1.0111083228255078 1680.1844632290004 0.0 1.1598415598139404 2169.1204926253304 0.0 f_swap_t 100 1352.86070728302 99.25150576704978 83.44718586504803 87.97706872277732 75.26371353725432 85.50730821736725 90.60337231095238 81.26701123144466
1.0111083228255078 1680.1844632290004 0.0 1.1507613091906492 2139.270663659254 0.0 swap_t 100 1353.636834859848 99.25150576704978 83.44718586504803 87.97706872277732 75.26371353725432 85.65223513519358 90.60337231095238 81.26701123144466
1.0111083228255078 1680.1844632290004 0.0 1.1537381874385728 2149.056660790812 0.0 t_swap_k 100 1355.111083984375 99.25150576704978 83.44718586504803 88.16729803554955 75.26371353725432 85.65223513519358 90.60337231095238 81.26701123144466
1.0111083228255078 1680.1844632290004 0.0 1.1537381874385728 2149.056660790812 0.0 t_swap_r_k 100 1357.0970985889435 99.25150576704978 83.44718586504803 88.16729803554955 75.26371353725432 85.65223513519358 90.73733858784286 81.26701123144466
1.0111083228255078 1680.1844632290004 0.0 1.1537381874385728 2149.056660790812 0.0 f_swap_t 100 1358.4697093963623 99.25150576704978 83.44718586504803 88.16729803554955 75.51107640188178 85.65223513519358 90.73733858784286 81.26701123144466
1.0111083228255078 1680.1844632290004 0.0 1.1537381874385728 2149.056660790812 0.0 swap_t 100 1359.607481956482 99.25150576704978 83.44718586504803 88.16729803554955 75.51107640188178 85.79571278384164 90.73733858784286 81.26701123144466
1.0111083228255078 1680.1844632290004 0.0 1.1722357295824422 2209.864285182918 0.0 t_move_k 100 1360.0977764129639 99.42899070937928 83.44718586504803 88.16729803554955 75.51107640188178 85.79571278384164 90.73733858784286 81.26701123144466
1.0111083228255078 1680.1844632290004 0.0 1.1434415347987708 2115.2081104619465 0.0 t_swap_k 100 1361.0967302322388 99.42899070937928 83.44718586504803 88.31562505519405 75.51107640188178 85.79571278384164 90.73733858784286 81.26701123144466
1.0111083228255078 1680.1844632290004 0.0 1.1360310573504857 2090.8473858999077 0.0 t_swap_k 100 1362.0744049549103 99.42899070937928 83.44718586504803 88.4624688046421 75.51107640188178 85.79571278384164 90.73733858784286 81.26701123144466
1.0111083228255078 1680.1844632290004 0.0 1.1347424625988625 2086.6113428061335 0.0 t_move_k 100 1363.3944971561432 99.43470080228549 83.44718586504803 88.4624688046421 75.51107640188178 85.79571278384164 90.73733858784286 81.26701123144466
1.0111083228255078 1680.1844632290004 0.0 1.1347424625988625 2086.6113428061335 0.0 f_swap_t 100 1364.6247084140778 99.43470080228549 83.44718586504803 88.4624688046421 75.75596563786296 85.79571278384164 90.73733858784286 81.26701123144466
1.0111083228255078 1680.1844632290004 0.0 1.1347424625988625 2086.6113428061335 0.0 swap_t 100 1365.436015844345 99.43470080228549 83.44718586504803 88.4624688046421 75.75596563786296 85.93775565600322 90.73733858784286 81.26701123144466
1.0111083228255078 1680.1844632290004 0.0 1.1347424625988625 2086.6113428061335 0.0 move_t 100 1366.237031698227 99.43470080228549 83.61271400639755 88.4624688046421 75.75596563786296 85.93775565600322 90.73733858784286 81.26701123144466
1.0111083228255078 1680.1844632290004 0.0 1.1347424625988625 2086.6113428061335 0.0 t_swap_r_k 100 1368.8024654388428 99.43470080228549 83.61271400639755 88.4624688046421 75.75596563786296 85.93775565600322 90.86996520196443 81.26701123144466
1.0111083228255078 1680.1844632290004 0.0 1.1347156528361537 2086.523210125145 0.0 t_multiswap_k 100 1369.351684331894 99.43470080228549 83.61271400639755 88.4624688046421 75.75596563786296 85.93775565600322 90.86996520196443 81.4843411191302
1.0111083228255078 1680.1844632290004 0.0 1.1347156528361537 2086.523210125145 0.0 t_swap_k 100 1370.2210280895233 99.43470080228549 83.61271400639755 88.57784411659568 75.75596563786296 85.93775565600322 90.86996520196443 81.4843411191302
1.0111083228255078 1680.1844632290004 0.0 1.1347156528361537 2086.523210125145 0.0 t_swap_r_k 100 1372.517407655716 99.43470080228549 83.61271400639755 88.57784411659568 75.75596563786296 85.93775565600322 91.00126554994479 81.4843411191302
1.0111083228255078 1680.1844632290004 0.0 1.1347156528361537 2086.523210125145 0.0 swap_t 100 1373.00341463089 99.43470080228549 83.61271400639755 88.57784411659568 75.75596563786296 86.07837809944319 91.00126554994479 81.4843411191302
1.0111083228255078 1680.1844632290004 0.0 1.1393472379033422 2101.7487834967415 0.0 t_move_k 100 1374.0196888446808 99.48035379426264 83.61271400639755 88.57784411659568 75.75596563786296 86.07837809944319 91.00126554994479 81.4843411191302
1.0111083228255078 1680.1844632290004 0.0 1.1374045006271993 2095.3623545505916 0.0 t_multiswap_k 100 1374.4578001499176 99.48035379426264 83.61271400639755 88.57784411659568 75.75596563786296 86.07837809944319 91.00126554994479 81.6694977079389
1.0111083228255078 1680.1844632290004 0.0 1.1903496471250985 2270.334927289297 0.0 swap_t 100 1375.4586236476898 99.48035379426264 83.61271400639755 88.57784411659568 75.75596563786296 86.34759431844876 91.00126554994479 81.6694977079389
1.0111083228255078 1680.1844632290004 0.0 1.1765439318453457 2224.026790826658 0.0 t_multiswap_k 100 1376.5311086177826 99.48035379426264 83.61271400639755 88.57784411659568 75.75596563786296 86.34759431844876 91.00126554994479 81.9328027308595
1.0111083228255078 1680.1844632290004 0.0 1.1893709010546254 2266.1933402903933 0.0 t_multiswap_k 100 1377.8604395389557 99.48035379426264 83.61271400639755 88.57784411659568 75.75596563786296 86.34759431844876 91.00126554994479 82.28347470355091
1.0111083228255078 1680.1844632290004 0.0 1.1780261834672057 2228.8994489979773 0.0 swap_t 100 1378.2525990009308 99.48035379426264 83.61271400639755 88.57784411659568 75.75596563786296 86.48411837526427 91.00126554994479 82.28347470355091
1.0111083228255078 1680.1844632290004 0.0 1.167494922714818 2194.279663124492 0.0 t_multiswap_k 100 1379.1180918216705 99.48035379426264 83.61271400639755 88.57784411659568 75.75596563786296 86.48411837526427 91.00126554994479 82.4906399565154
1.0111083228255078 1680.1844632290004 0.0 1.1772132371522508 2226.2270218297494 0.0 f_swap_t 100 1380.743840456009 99.48035379426264 83.61271400639755 88.57784411659568 76.06840598148433 86.48411837526427 91.00126554994479 82.4906399565154
1.0111083228255078 1680.1844632290004 0.0 1.163354764488087 2180.6695745831676 0.0 t_multiswap_k 100 1381.4803500175476 99.48035379426264 83.61271400639755 88.57784411659568 76.06840598148433 86.48411837526427 91.00126554994479 82.66573355695024
1.0111083228255078 1680.1844632290004 0.0 1.1613769490308719 2174.1678318919576 0.0 t_multiswap_k 100 1382.511239528656 99.48035379426264 83.61271400639755 88.57784411659568 76.06840598148433 86.48411837526427 91.00126554994479 82.93907622138074
1.0111083228255078 1680.1844632290004 0.0 1.1600247584668877 2169.72272803536 0.0 t_move_k 100 1383.6961541175842 99.65555025632001 83.61271400639755 88.57784411659568 76.06840598148433 86.48411837526427 91.00126554994479 82.93907622138074
1.0111083228255078 1680.1844632290004 0.0 1.1589079847979569 2166.0515184625874 0.0 swap_t 100 1384.713309288025 99.65555025632001 83.61271400639755 88.57784411659568 76.06840598148433 86.61927719151163 91.00126554994479 82.93907622138074
1.0111083228255078 1680.1844632290004 0.0 1.1556640322217748 2155.3875584475722 0.0 f_swap_t 100 1386.4822735786438 99.65555025632001 83.61271400639755 88.57784411659568 76.33772192166948 86.61927719151163 91.00126554994479 82.93907622138074
1.0111083228255078 1680.1844632290004 0.0 1.154133700356987 2150.356844393481 0.0 f_swap_t 100 1387.8577835559845 99.65555025632001 83.61271400639755 88.57784411659568 76.57434470245279 86.61927719151163 91.00126554994479 82.93907622138074
1.0111083228255078 1680.1844632290004 0.0 1.154133700356987 2150.356844393481 0.0 t_swap_r_k 100 1389.8310370445251 99.65555025632001 83.61271400639755 88.57784411659568 76.57434470245279 86.61927719151163 91.13125289444534 82.93907622138074
1.0111083228255078 1680.1844632290004 0.0 1.1493511420400884 2134.6349713194586 0.0 t_move_k 100 1391.0862247943878 99.81899475375681 83.61271400639755 88.57784411659568 76.57434470245279 86.61927719151163 91.13125289444534 82.93907622138074
1.0111083228255078 1680.1844632290004 0.0 1.171892734143356 2208.736744147145 0.0 t_swap_k 100 1392.392482995987 99.81899475375681 83.61271400639755 88.85206567542973 76.57434470245279 86.61927719151163 91.13125289444534 82.93907622138074
1.0111083228255078 1680.1844632290004 0.0 1.161460946796677 2174.4439607177846 0.0 t_multiswap_k 100 1393.264811515808 99.81899475375681 83.61271400639755 88.85206567542973 76.57434470245279 86.61927719151163 91.13125289444534 83.13968545916694
1.0111083228255078 1680.1844632290004 0.0 1.1591674627912196 2166.9045096453947 0.0 f_swap_t 100 1394.7737355232239 99.81899475375681 83.61271400639755 88.85206567542973 76.80860125542826 86.61927719151163 91.13125289444534 83.13968545916694
1.0111083228255078 1680.1844632290004 0.0 1.1587895374043171 2165.662142156987 0.0 t_multiswap_k 100 1395.457060098648 99.81899475375681 83.61271400639755 88.85206567542973 76.80860125542826 86.61927719151163 91.13125289444534 83.33828860457527
1.0111083228255078 1680.1844632290004 0.0 1.178220365361171 2229.5377900045905 0.0 t_multiswap_k 100 1396.2619626522064 99.81899475375681 83.61271400639755 88.85206567542973 76.80860125542826 86.61927719151163 91.13125289444534 83.79490571852952
1.0111083228255078 1680.1844632290004 0.0 1.1582952032290637 2164.037099942232 0.0 swap_t 100 1397.439007282257 99.81899475375681 83.61271400639755 88.85206567542973 76.80860125542826 86.75308441959652 91.13125289444534 83.79490571852952
1.0111083228255078 1680.1844632290004 0.0 1.1582952032290637 2164.037099942232 0.0 swap_t 100 1398.5552983283997 99.81899475375681 83.61271400639755 88.85206567542973 76.80860125542826 86.88555357540055 91.13125289444534 83.79490571852952
1.0111083228255078 1680.1844632290004 0.0 1.1377566353488602 2096.5199394731526 0.0 t_multiswap_k 100 1399.8289277553558 99.81899475375681 83.61271400639755 88.85206567542973 76.80860125542826 86.88555357540055 91.13125289444534 84.01695666134422
1.0111083228255078 1680.1844632290004 0.0 1.1306783743293736 2073.2513217252053 0.0 t_swap_r_k 100 1401.9164130687714 99.81899475375681 83.61271400639755 88.85206567542973 76.80860125542826 86.88555357540055 91.25994036550088 84.01695666134422
1.0111083228255078 1680.1844632290004 0.0 1.1306783743293736 2073.2513217252053 0.0 f_swap_t 100 1403.601889371872 99.81899475375681 83.61271400639755 88.85206567542973 77.04051524287398 86.88555357540055 91.25994036550088 84.01695666134422
1.0111083228255078 1680.1844632290004 0.0 1.1327240839398303 2079.976255267211 0.0 t_swap_k 100 1404.9111211299896 99.81899475375681 83.61271400639755 89.07354501867543 77.04051524287398 86.88555357540055 91.25994036550088 84.01695666134422
1.0111083228255078 1680.1844632290004 0.0 1.1256745264784815 2056.8019957409347 0.0 t_multiswap_k 100 1405.825391292572 99.81899475375681 83.61271400639755 89.07354501867543 77.04051524287398 86.88555357540055 91.25994036550088 84.21678709473078
1.0111083228255078 1680.1844632290004 0.0 1.1293583103915399 2068.9118288628 0.0 f_swap_t 100 1407.143893480301 99.81899475375681 83.61271400639755 89.07354501867543 77.31011009044524 86.88555357540055 91.25994036550088 84.21678709473078
1.0111083228255078 1680.1844632290004 0.0 1.168087240290975 2196.2268096378866 0.0 t_move_k 100 1408.2802298069 99.98080480621924 83.61271400639755 89.07354501867543 77.31011009044524 86.88555357540055 91.25994036550088 84.21678709473078
1.0111083228255078 1680.1844632290004 0.0 1.1459187167695026 2123.351438351435 0.0 swap_t 100 1409.3156485557556 99.98080480621924 83.61271400639755 89.07354501867543 77.31011009044524 87.01669803964654 91.25994036550088 84.21678709473078
1.0111083228255078 1680.1844632290004 0.0 1.1447412985894496 2119.4808699327637 0.0 swap_t 100 1410.4009981155396 99.98080480621924 83.61271400639755 89.07354501867543 77.31011009044524 87.14653105925008 91.25994036550088 84.21678709473078
1.0111083228255078 1680.1844632290004 0.0 1.1447412985894496 2119.4808699327637 0.0 t_swap_r_k 100 1412.0611567497253 99.98080480621924 83.61271400639755 89.07354501867543 77.31011009044524 87.14653105925008 91.38734096184588 84.21678709473078
1.0111083228255078 1680.1844632290004 0.0 1.1447412985894496 2119.4808699327637 0.0 move_t 100 1413.142620563507 99.98080480621924 83.77658686633357 89.07354501867543 77.31011009044524 87.14653105925008 91.38734096184588 84.21678709473078
1.0111083228255078 1680.1844632290004 0.0 1.2464996551176009 2515.2860517736844 0.0 move_t 100 1414.1869106292725 99.98080480621924 84.05882099767024 89.07354501867543 77.31011009044524 87.14653105925008 91.38734096184588 84.21678709473078
1.0111083228255078 1680.1844632290004 0.0 1.2099995936446823 2334.0067709051273 0.0 t_swap_r_k 100 1416.0308027267456 99.98080480621924 84.05882099767024 89.07354501867543 77.31011009044524 87.14653105925008 91.51346755222743 84.21678709473078
1.0111083228255078 1680.1844632290004 0.0 1.1662294205374013 2190.1195330664973 0.0 f_swap_t 100 1417.718908071518 99.98080480621924 84.05882099767024 89.07354501867543 77.62700898954078 87.14653105925008 91.51346755222743 84.21678709473078
1.0111083228255078 1680.1844632290004 0.0 1.1511595623803936 2140.5798554527682 0.0 t_swap_r_k 100 1419.5393834114075 99.98080480621924 84.05882099767024 89.07354501867543 77.62700898954078 87.14653105925008 91.63833287670515 84.21678709473078
1.0111083228255078 1680.1844632290004 0.0 1.1534461168582273 2148.0965268439604 0.0 f_swap_t 100 1421.0251603126526 99.98080480621924 84.05882099767024 89.07354501867543 77.89073889964537 87.14653105925008 91.63833287670515 84.21678709473078
1.0111083228255078 1680.1844632290004 0.0 1.141671111573427 2109.3881355882877 0.0 t_swap_r_k 100 1422.9733226299286 99.98080480621924 84.05882099767024 89.07354501867543 77.89073889964537 87.14653105925008 91.7619495479381 84.21678709473078
1.0111083228255078 1680.1844632290004 0.0 1.141671111573427 2109.3881355882877 0.0 t_swap_r_k 100 1425.1038055419922 99.98080480621924 84.05882099767024 89.07354501867543 77.89073889964537 87.14653105925008 91.88433005245872 84.21678709473078
1.0111083228255078 1680.1844632290004 0.0 1.146982802599803 2122.1353494465907 0.0 move_t 100 1425.8196637630463 99.98080480621924 84.23823278769353 89.07354501867543 77.89073889964537 87.14653105925008 91.88433005245872 84.21678709473078
1.0111083228255078 1680.1844632290004 0.0 1.2107175498309442 2336.366933664301 0.0 t_multiswap_k 100 1426.560986995697 99.98080480621924 84.23823278769353 89.07354501867543 77.89073889964537 87.14653105925008 91.88433005245872 84.59461922378347
1.0111083228255078 1680.1844632290004 0.0 1.1565846967888902 2158.4140916352167 0.0 t_multiswap_k 100 1427.1641809940338 99.98080480621924 84.23823278769353 89.07354501867543 77.89073889964537 87.14653105925008 91.88433005245872 84.80867303154564
1.0111083228255078 1680.1844632290004 0.0 1.143722352587972 2132.6200377682335 0.0 swap_t 100 1427.9521148204803 99.98080480621924 84.23823278769353 89.07354501867543 77.89073889964537 87.30506574865758 91.88433005245872 84.80867303154564
1.0111083228255078 1680.1844632290004 0.0 1.2099159343892247 2333.731754876337 0.0 t_swap_k 100 1428.9220125675201 99.98080480621924 84.23823278769353 89.31280956848867 77.89073889964537 87.30506574865758 91.88433005245872 84.80867303154564
1.0111083228255078 1680.1844632290004 0.0 1.1738485560192036 2224.418402635952 0.0 move_t 100 1429.6671266555786 99.98080480621924 84.4558504598166 89.31280956848867 77.89073889964537 87.30506574865758 91.88433005245872 84.80867303154564
1.0111083228255078 1680.1844632290004 0.0 1.1467255205280666 2126.0036728768287 0.0 t_multiswap_k 100 1430.0595099925995 99.98080480621924 84.4558504598166 89.31280956848867 77.89073889964537 87.30506574865758 91.88433005245872 85.05058630123018
1.0111083228255078 1680.1844632290004 0.0 1.1137327208443049 2017.54527579843 0.0 t_move_k 100 1431.487382888794 100.07099675815705 84.4558504598166 89.31280956848867 77.89073889964537 87.30506574865758 91.88433005245872 85.05058630123018
1.0111083228255078 1680.1844632290004 0.0 1.177175576770496 2074.677604878103 0.0 swap_t 100 1432.7181100845337 100.07099675815705 84.4558504598166 89.31280956848867 77.89073889964537 87.442015091171 91.88433005245872 85.05058630123018
1.0111083228255078 1680.1844632290004 0.0 1.1573797779887536 2161.027790178866 0.0 t_swap_r_k 100 1434.7536261081696 100.07099675815705 84.4558504598166 89.31280956848867 77.89073889964537 87.442015091171 92.00548675193413 85.05058630123018
1.0111083228255078 1680.1844632290004 0.0 1.1516760168823794 2132.189421775049 0.0 move_t 100 1435.6684482097626 100.07099675815705 84.64129195521843 89.31280956848867 77.89073889964537 87.442015091171 92.00548675193413 85.05058630123018
1.0111083228255078 1680.1844632290004 0.0 1.1749186991637524 2217.251845300411 0.0 move_t 100 1436.8970291614532 100.07099675815705 84.83487903566625 89.31280956848867 77.89073889964537 87.442015091171 92.00548675193413 85.05058630123018
1.0111083228255078 1680.1844632290004 0.0 1.1618406134935912 2175.6920524761695 0.0 t_swap_r_k 100 1438.8396883010864 100.07099675815705 84.83487903566625 89.31280956848867 77.89073889964537 87.442015091171 92.12543188441478 85.05058630123018
1.0111083228255078 1680.1844632290004 0.0 1.1601664451424791 2170.1884996542985 0.0 swap_t 100 1439.8027982711792 100.07099675815705 84.83487903566625 89.31280956848867 77.89073889964537 87.5675949402593 92.12543188441478 85.05058630123018
1.0111083228255078 1680.1844632290004 0.0 1.184075666144604 2248.786127322735 0.0 t_multiswap_k 100 1440.2432434558868 100.07099675815705 84.83487903566625 89.31280956848867 77.89073889964537 87.5675949402593 92.12543188441478 85.34008043821788
1.0111083228255078 1680.1844632290004 0.0 1.1711891970298902 2206.423981715856 0.0 swap_t 100 1441.2506816387177 100.07099675815705 84.83487903566625 89.31280956848867 77.89073889964537 87.6919189908567 92.12543188441478 85.34008043821788
1.0111083228255078 1680.1844632290004 0.0 1.1667105103917446 2191.7010367567827 0.0 t_swap_k 100 1442.3087816238403 100.07099675815705 84.83487903566625 89.41968147280379 77.89073889964537 87.6919189908567 92.12543188441478 85.34008043821788
1.0111083228255078 1680.1844632290004 0.0 1.1792318264778863 2232.862801900445 0.0 t_swap_k 100 1443.886391401291 100.07099675815705 84.83487903566625 89.59548465807575 77.89073889964537 87.6919189908567 92.12543188441478 85.34008043821788
1.0111083228255078 1680.1844632290004 0.0 1.1910868622169484 2271.834280098418 0.0 t_swap_k 100 1445.3171079158783 100.07099675815705 84.83487903566625 89.73952981149499 77.89073889964537 87.6919189908567 92.12543188441478 85.34008043821788
1.0111083228255078 1680.1844632290004 0.0 1.1836693178508084 2254.8336214719793 0.0 move_t 100 1446.1178958415985 100.07099675815705 85.01653024530958 89.73952981149499 77.89073889964537 87.6919189908567 92.12543188441478 85.34008043821788
1.0111083228255078 1680.1844632290004 0.0 1.1622712092571117 2177.107565156143 0.0 t_multiswap_k 100 1446.935133934021 100.07099675815705 85.01653024530958 89.73952981149499 77.89073889964537 87.6919189908567 92.12543188441478 85.6066796338357
1.0111083228255078 1680.1844632290004 0.0 1.2203537837469631 2382.933224065475 0.0 swap_t 100 1447.8817298412323 100.07099675815705 85.01653024530958 89.73952981149499 77.89073889964537 87.93499980094813 92.12543188441478 85.6066796338357
1.0111083228255078 1680.1844632290004 0.0 1.1896731651854222 2267.1869838561024 0.0 t_swap_r_k 100 1449.631989955902 100.07099675815705 85.01653024530958 89.73952981149499 77.89073889964537 87.93499980094813 92.24417756557064 85.6066796338357
1.0111083228255078 1680.1844632290004 0.0 1.184208036548306 2249.221273231654 0.0 t_swap_r_k 100 1451.2816314697266 100.07099675815705 85.01653024530958 89.73952981149499 77.89073889964537 87.93499980094813 92.36173578991493 85.6066796338357
1.0111083228255078 1680.1844632290004 0.0 1.184208036548306 2249.221273231654 0.0 t_swap_r_k 100 1452.8623220920563 100.07099675815705 85.01653024530958 89.73952981149499 77.89073889964537 87.93499980094813 92.47811843201578 85.6066796338357
1.0111083228255078 1680.1844632290004 0.0 1.184208036548306 2249.221273231654 0.0 f_swap_t 100 1453.8446815013885 100.07099675815705 85.01653024530958 89.73952981149499 78.11183151064891 87.93499980094813 92.47811843201578 85.6066796338357
1.0111083228255078 1680.1844632290004 0.0 1.184208036548306 2249.221273231654 0.0 move_t 100 1454.6608395576477 100.07099675815705 85.16636494285649 89.73952981149499 78.11183151064891 87.93499980094813 92.47811843201578 85.6066796338357
1.0111083228255078 1680.1844632290004 0.0 1.1741437883192325 2216.1367141403666 0.0 t_move_k 100 1455.758568763733 100.29028679057548 85.16636494285649 89.73952981149499 78.11183151064891 87.93499980094813 92.47811843201578 85.6066796338357
1.0111083228255078 1680.1844632290004 0.0 1.1627435696381125 2178.6603721400224 0.0 f_swap_t 100 1457.1320056915283 100.29028679057548 85.16636494285649 89.73952981149499 78.33071319554243 87.93499980094813 92.47811843201578 85.6066796338357
1.0111083228255078 1680.1844632290004 0.0 1.1627435696381125 2178.6603721400224 0.0 t_swap_r_k 100 1459.0434460639954 100.29028679057548 85.16636494285649 89.73952981149499 78.33071319554243 87.93499980094813 92.59333724769562 85.6066796338357
1.0111083228255078 1680.1844632290004 0.0 1.1627435696381125 2178.6603721400224 0.0 f_swap_t 100 1460.605427980423 100.29028679057548 85.16636494285649 89.73952981149499 78.547406063587 87.93499980094813 92.59333724769562 85.6066796338357
1.0111083228255078 1680.1844632290004 0.0 1.1624328614665487 2177.6389701805047 0.0 move_t 100 1461.4924511909485 100.29028679057548 85.34470129342793 89.73952981149499 78.547406063587 87.93499980094813 92.59333724769562 85.6066796338357
1.0111083228255078 1680.1844632290004 0.0 1.1375772834011886 2095.9303494734004 0.0 t_move_k 100 1462.6730341911316 100.50738392266972 85.34470129342793 89.73952981149499 78.547406063587 87.93499980094813 92.59333724769562 85.6066796338357
1.0111083228255078 1680.1844632290004 0.0 1.1341827365988388 2084.7713357334524 0.0 t_swap_r_k 100 1464.2241694927216 100.50738392266972 85.34470129342793 89.73952981149499 78.547406063587 87.93499980094813 92.70740387521866 85.6066796338357
1.0111083228255078 1680.1844632290004 0.0 1.137165447803115 2094.576507748691 0.0 t_move_k 100 1465.1082453727722 100.57231008344301 85.34470129342793 89.73952981149499 78.547406063587 87.93499980094813 92.70740387521866 85.6066796338357
1.0111083228255078 1680.1844632290004 0.0 1.1341481242423164 2084.657553309908 0.0 t_swap_r_k 100 1466.8504769802094 100.57231008344301 85.34470129342793 89.73952981149499 78.547406063587 87.93499980094813 92.82032983646647 85.6066796338357
1.0111083228255078 1680.1844632290004 0.0 1.1330078439582163 2080.909069609858 0.0 t_move_k 100 1467.8970365524292 100.59658698260859 85.34470129342793 89.73952981149499 78.547406063587 87.93499980094813 92.82032983646647 85.6066796338357
1.0111083228255078 1680.1844632290004 0.0 1.1507623480038678 2139.2740785866818 0.0 t_move_k 100 1468.856549501419 100.7506211127825 85.34470129342793 89.73952981149499 78.547406063587 87.93499980094813 92.82032983646647 85.6066796338357
1.0111083228255078 1680.1844632290004 0.0 1.1352161389207756 2088.1684757291073 0.0 t_swap_r_k 100 1470.5087041854858 100.7506211127825 85.34470129342793 89.73952981149499 78.547406063587 87.93499980094813 92.93212653810181 85.6066796338357
1.0111083228255078 1680.1844632290004 0.0 1.1330259093703594 2080.9684566780174 0.0 swap_t 100 1471.343786239624 100.7506211127825 85.34470129342793 89.73952981149499 78.547406063587 88.05564980293865 92.93212653810181 85.6066796338357
1.0111083228255078 1680.1844632290004 0.0 1.1466119124619003 2102.3935522682095 0.0 swap_t 100 1472.6376934051514 100.7506211127825 85.34470129342793 89.73952981149499 78.547406063587 88.18509330490926 92.93212653810181 85.6066796338357
1.0111083228255078 1680.1844632290004 0.0 1.1319919562515217 2077.5695060282324 0.0 f_swap_t 100 1473.8240220546722 100.7506211127825 85.34470129342793 89.73952981149499 78.79193200295113 88.18509330490926 92.93212653810181 85.6066796338357
1.0111083228255078 1680.1844632290004 0.0 1.1225164259167308 2046.420260088824 0.0 t_multiswap_k 100 1474.6774926185608 100.7506211127825 85.34470129342793 89.73952981149499 78.79193200295113 88.18509330490926 92.93212653810181 85.81061283749735
1.0111083228255078 1680.1844632290004 0.0 1.163805283017385 2182.150580075582 0.0 f_swap_t 100 1475.8489804267883 100.7506211127825 85.34470129342793 89.73952981149499 79.05401268292162 88.18509330490926 92.93212653810181 85.81061283749735
1.0111083228255078 1680.1844632290004 0.0 1.149339483133047 2134.5966445820636 0.0 t_swap_r_k 100 1477.6366183757782 100.7506211127825 85.34470129342793 89.73952981149499 79.05401268292162 88.18509330490926 93.0428052727208 85.81061283749735
1.0111083228255078 1680.1844632290004 0.0 1.1390236516246004 2100.685046880107 0.0 t_swap_k 100 1478.9586040973663 100.7506211127825 85.34470129342793 89.93213451338003 79.05401268292162 88.18509330490926 93.0428052727208 85.81061283749735
1.0111083228255078 1680.1844632290004 0.0 1.18261593477239 2243.987500764429 0.0 move_t 100 1480.143405675888 100.7506211127825 85.71125428049365 89.93213451338003 79.05401268292162 88.18509330490926 93.0428052727208 85.81061283749735
1.0111083228255078 1680.1844632290004 0.0 1.1636182803834427 2181.535839704312 0.0 t_swap_k 100 1481.4358994960785 100.7506211127825 85.71125428049365 90.06281316824624 79.05401268292162 88.18509330490926 93.0428052727208 85.81061283749735
1.0111083228255078 1680.1844632290004 0.0 1.1582453942923903 2163.8733612633823 0.0 move_t 100 1482.5966742038727 100.7506211127825 85.8541417376887 90.06281316824624 79.05401268292162 88.18509330490926 93.0428052727208 85.81061283749735
1.0111083228255078 1680.1844632290004 0.0 1.176308740099823 2212.4725390863614 0.0 swap_t 100 1483.7069492340088 100.7506211127825 85.8541417376887 90.06281316824624 79.05401268292162 88.40324237186016 93.0428052727208 85.81061283749735
1.0111083228255078 1680.1844632290004 0.0 1.14962817410373 2164.9816642955752 0.0 swap_t 100 1484.377238035202 100.7506211127825 85.8541417376887 90.06281316824624 79.05401268292162 88.54920994814155 93.0428052727208 85.81061283749735
1.0111083228255078 1680.1844632290004 0.0 1.1433300798254087 2114.8417205867877 0.0 t_swap_r_k 100 1486.17484664917 100.7506211127825 85.8541417376887 90.06281316824624 79.05401268292162 88.54920994814155 93.1523772199936 85.81061283749735
1.0111083228255078 1680.1844632290004 0.0 1.14136034072739 2108.366527596758 0.0 t_swap_r_k 100 1487.8840165138245 100.7506211127825 85.8541417376887 90.06281316824624 79.05401268292162 88.54920994814155 93.26085344779366 85.81061283749735
1.0111083228255078 1680.1844632290004 0.0 1.1288979672163288 2067.398526464461 0.0 t_move_k 100 1489.1782977581024 100.83311490165467 85.8541417376887 90.06281316824624 79.05401268292162 88.54920994814155 93.26085344779366 85.81061283749735
1.0111083228255078 1680.1844632290004 0.0 1.1256821461943138 2056.827044302236 0.0 t_multiswap_k 100 1490.5242874622345 100.83311490165467 85.8541417376887 90.06281316824624 79.05401268292162 88.54920994814155 93.26085344779366 86.04250670912238
1.0111083228255078 1680.1844632290004 0.0 1.1258460802122223 2051.5117152319763 0.0 move_t 100 1491.7172660827637 100.83311490165467 86.03560032031181 90.06281316824624 79.05401268292162 88.54920994814155 93.26085344779366 86.04250670912238
1.0111083228255078 1680.1844632290004 0.0 1.121285717026713 2042.3745072348402 0.0 swap_t 100 1492.6191217899323 100.83311490165467 86.03560032031181 90.06281316824624 79.05401268292162 88.66371784866014 93.26085344779366 86.04250670912238
1.0111083228255078 1680.1844632290004 0.0 1.121285717026713 2042.3745072348402 0.0 move_t 100 1493.5770728588104 100.83311490165467 86.17524431710869 90.06281316824624 79.05401268292162 88.66371784866014 93.26085344779366 86.04250670912238
1.0111083228255078 1680.1844632290004 0.0 1.121285717026713 2042.3745072348402 0.0 t_multiswap_k 100 1494.4668924808502 100.83311490165467 86.17524431710869 90.06281316824624 79.05401268292162 88.66371784866014 93.26085344779366 86.18208164203115
1.0111083228255078 1680.1844632290004 0.0 1.121285717026713 2042.3745072348402 0.0 f_swap_t 100 1496.031310558319 100.83311490165467 86.17524431710869 90.06281316824624 79.26347255609241 88.66371784866014 93.26085344779366 86.18208164203115
1.0111083228255078 1680.1844632290004 0.0 1.1193252952465826 2035.9299433933802 0.0 t_multiswap_k 100 1496.7953488826752 100.83311490165467 86.17524431710869 90.06281316824624 79.26347255609241 88.66371784866014 93.26085344779366 86.35026082561083
1.0111083228255078 1680.1844632290004 0.0 1.1402246361643484 2104.633085826348 0.0 t_move_k 100 1497.8658347129822 100.96478375263813 86.17524431710869 90.06281316824624 79.26347255609241 88.66371784866014 93.26085344779366 86.35026082561083
1.0111083228255078 1680.1844632290004 0.0 1.117211691962862 2028.9818205784254 0.0 move_t 100 1498.6408236026764 100.96478375263813 86.34349187393761 90.06281316824624 79.26347255609241 88.66371784866014 93.26085344779366 86.35026082561083
1.0111083228255078 1680.1844632290004 0.0 1.1154519250882946 2023.196876703499 0.0 move_t 100 1499.4369611740112 100.96478375263813 86.48005695519824 90.06281316824624 79.26347255609241 88.66371784866014 93.26085344779366 86.35026082561083
1.0111083228255078 1680.1844632290004 0.0 1.1154519250882946 2023.196876703499 0.0 t_swap_r_k 100 1501.3221597671509 100.96478375263813 86.48005695519824 90.06281316824624 79.26347255609241 88.66371784866014 93.36824491331572 86.35026082561083
1.0111083228255078 1680.1844632290004 0.0 1.1154519250882946 2023.196876703499 0.0 t_multiswap_k 100 1501.9674320220947 100.96478375263813 86.48005695519824 90.06281316824624 79.26347255609241 88.66371784866014 93.36824491331572 86.48675821735472
1.0111083228255078 1680.1844632290004 0.0 1.1154519250882946 2023.196876703499 0.0 f_swap_t 100 1502.9601159095764 100.96478375263813 86.48005695519824 90.06281316824624 79.47083783053148 88.66371784866014 93.36824491331572 86.48675821735472
1.0111083228255078 1680.1844632290004 0.0 1.1151645378192883 2022.2521383716223 0.0 t_swap_k 100 1503.756229877472 100.96478375263813 86.48005695519824 90.19218503656377 79.47083783053148 88.66371784866014 93.36824491331572 86.48675821735472
1.0111083228255078 1680.1844632290004 0.0 1.1133431050501823 2016.2644780209753 0.0 f_swap_t 100 1504.9375758171082 100.96478375263813 86.48005695519824 90.19218503656377 79.67612945222616 88.66371784866014 93.36824491331572 86.48675821735472
1.0111083228255078 1680.1844632290004 0.0 1.1133431050501823 2016.2644780209753 0.0 swap_t 100 1505.5049197673798 100.96478375263813 86.48005695519824 90.19218503656377 79.67612945222616 88.77708067017355 93.36824491331572 86.48675821735472
1.0111083228255078 1680.1844632290004 0.0 1.1133431050501823 2016.2644780209753 0.0 swap_t 100 1505.9766855239868 100.96478375263813 86.48005695519824 90.19218503656377 79.67612945222616 88.88930986347181 93.36824491331572 86.48675821735472
1.0111083228255078 1680.1844632290004 0.0 1.1121093575474972 2051.0271184858047 0.0 swap_t 100 1506.7406322956085 100.96478375263813 86.48005695519824 90.19218503656377 79.67612945222616 89.03041676483708 93.36824491331572 86.48675821735472
1.0111083228255078 1680.1844632290004 0.0 1.1263097928210437 2058.8903292528694 0.0 t_multiswap_k 100 1507.24449300766 100.96478375263813 86.48005695519824 90.19218503656377 79.67612945222616 89.03041676483708 93.36824491331572 86.72189063518117
1.0111083228255078 1680.1844632290004 0.0 1.1528974165079844 2146.2927647796887 0.0 f_swap_t 100 1508.5244073867798 100.96478375263813 86.48005695519824 90.19218503656377 79.9593681577039 89.03041676483708 93.36824491331572 86.72189063518117
1.0111083228255078 1680.1844632290004 0.0 1.1352786794581995 2088.374067449314 0.0 f_swap_t 100 1509.6713004112244 100.96478375263813 86.48005695519824 90.19218503656377 80.15977447612687 89.03041676483708 93.36824491331572 86.72189063518117
1.0111083228255078 1680.1844632290004 0.0 1.1352786794581995 2088.374067449314 0.0 move_t 100 1510.4437279701233 100.96478375263813 86.61525638564625 90.19218503656377 80.15977447612687 89.03041676483708 93.36824491331572 86.72189063518117
1.0111083228255078 1680.1844632290004 0.0 1.1352786794581995 2088.374067449314 0.0 t_swap_r_k 100 1512.2271168231964 100.96478375263813 86.61525638564625 90.19218503656377 80.15977447612687 89.03041676483708 93.47456246418257 86.72189063518117
1.0111083228255078 1680.1844632290004 0.0 1.1440297476929349 2117.1417635090775 0.0 t_multiswap_k 100 1512.8426554203033 100.96478375263813 86.61525638564625 90.19218503656377 80.15977447612687 89.03041676483708 93.47456246418257 87.07467172882936
1.0111083228255078 1680.1844632290004 0.0 1.1324233803672565 2078.987741779732 0.0 t_move_k 100 1513.8497431278229 100.95513591511174 86.61525638564625 90.19218503656377 80.15977447612687 89.03041676483708 93.47456246418257 87.07467172882936
1.0111083228255078 1680.1844632290004 0.0 1.1224124353352893 2046.078408173178 0.0 t_swap_k 100 1514.8674290180206 100.95513591511174 86.61525638564625 90.32026318619813 80.15977447612687 89.03041676483708 93.47456246418257 87.07467172882936
1.0111083228255078 1680.1844632290004 0.0 1.1212956616663585 2042.4071986004053 0.0 t_multiswap_k 100 1515.5174882411957 100.95513591511174 86.61525638564625 90.32026318619813 80.15977447612687 89.03041676483708 93.47456246418257 87.20392501154106
1.0111083228255078 1680.1844632290004 0.0 1.1212956616663585 2042.4071986004053 0.0 swap_t 100 1516.1645452976227 100.95513591511174 86.61525638564625 90.32026318619813 80.15977447612687 89.14011259718872 93.47456246418257 87.20392501154106
1.0111083228255078 1680.1844632290004 0.0 1.1235077505687936 2049.679076672369 0.0 f_swap_t 100 1517.1721031665802 100.95513591511174 86.61525638564625 90.32026318619813 80.4681767313656 89.14011259718872 93.47456246418257 87.20392501154106
1.0111083228255078 1680.1844632290004 0.0 1.1099961705589827 2005.261981915119 0.0 f_swap_t 100 1518.4906504154205 100.95513591511174 86.61525638564625 90.32026318619813 80.69349496405195 89.14011259718872 93.47456246418257 87.20392501154106
1.0111083228255078 1680.1844632290004 0.0 1.107164691821648 1995.953961736278 0.0 f_swap_t 100 1519.6476213932037 100.95513591511174 86.61525638564625 90.32026318619813 80.88656001441143 89.14011259718872 93.47456246418257 87.20392501154106
1.0111083228255078 1680.1844632290004 0.0 1.107164691821648 1995.953961736278 0.0 t_swap_r_k 100 1521.5566101074219 100.95513591511174 86.61525638564625 90.32026318619813 80.88656001441143 89.14011259718872 93.57981683954074 87.20392501154106
1.0111083228255078 1680.1844632290004 0.0 1.1102363782942408 2006.0516252973614 0.0 t_move_k 100 1522.4652619361877 101.01558455596063 86.61525638564625 90.32026318619813 80.88656001441143 89.14011259718872 93.57981683954074 87.20392501154106
1.0111083228255078 1680.1844632290004 0.0 1.0996092076928332 1971.1165515856671 0.0 swap_t 100 1523.1769468784332 101.01558455596063 86.61525638564625 90.32026318619813 80.88656001441143 89.24871147121684 93.57981683954074 87.20392501154106
1.0111083228255078 1680.1844632290004 0.0 1.0996092076928332 1971.1165515856671 0.0 t_swap_r_k 100 1525.1932566165924 101.01558455596063 86.61525638564625 90.32026318619813 80.88656001441143 89.24871147121684 93.68401867114534 87.20392501154106
1.0111083228255078 1680.1844632290004 0.0 1.0996092076928332 1971.1165515856671 0.0 swap_t 100 1526.1183156967163 101.01558455596063 86.61525638564625 90.32026318619813 80.88656001441143 89.35622435650467 93.68401867114534 87.20392501154106
1.0111083228255078 1680.1844632290004 0.0 1.1096311192179824 2004.061935733051 0.0 move_t 100 1527.0018818378448 101.01558455596063 86.78910382178978 90.32026318619813 80.88656001441143 89.35622435650467 93.68401867114534 87.20392501154106
1.0111083228255078 1680.1844632290004 0.0 1.1005533608482736 1974.2202996403066 0.0 t_swap_r_k 100 1528.8611979484558 101.01558455596063 86.78910382178978 90.32026318619813 80.88656001441143 89.35622435650467 93.78717848443388 87.20392501154106
1.0111083228255078 1680.1844632290004 0.0 1.103458556777666 1983.7706529513557 0.0 t_move_k 100 1529.7718291282654 101.07542871040103 86.78910382178978 90.32026318619813 80.88656001441143 89.35622435650467 93.78717848443388 87.20392501154106
1.0111083228255078 1680.1844632290004 0.0 1.1290165045951341 2067.788198581479 0.0 t_swap_k 100 1531.2117085456848 101.07542871040103 86.78910382178978 90.42706055433615 80.88656001441143 89.35622435650467 93.78717848443388 87.20392501154106
1.0111083228255078 1680.1844632290004 0.0 1.1325538695492234 2079.4167034819175 0.0 t_swap_k 100 1532.4491102695465 101.07542871040103 86.78910382178978 90.60278994879279 80.88656001441143 89.35622435650467 93.78717848443388 87.20392501154106
1.0111083228255078 1680.1844632290004 0.0 1.125474735906606 2056.1452171290957 0.0 t_swap_k 100 1533.9591946601868 101.07542871040103 86.78910382178978 90.72676204930487 80.88656001441143 89.35622435650467 93.78717848443388 87.20392501154106
1.0111083228255078 1680.1844632290004 0.0 1.1705635016217129 2204.3671110749674 0.0 t_swap_k 100 1535.155058145523 101.07542871040103 86.78910382178978 91.00949442881182 80.88656001441143 89.35622435650467 93.78717848443388 87.20392501154106
1.0111083228255078 1680.1844632290004 0.0 1.207157957737635 2317.86332928054 0.0 swap_t 100 1536.2434825897217 101.07542871040103 86.78910382178978 91.00949442881182 80.88656001441143 89.53266211293962 93.78717848443388 87.20392501154106
1.0111083228255078 1680.1844632290004 0.0 1.1983684069808906 2295.771159687951 0.0 t_move_k 100 1536.986902475357 101.22467442329702 86.78910382178978 91.00949442881182 80.88656001441143 89.53266211293962 93.78717848443388 87.20392501154106
1.0111083228255078 1680.1844632290004 0.0 1.1713656884219035 2207.0041681098373 0.0 t_move_k 100 1537.928673505783 101.30242767906405 86.78910382178978 91.00949442881182 80.88656001441143 89.53266211293962 93.78717848443388 87.20392501154106
1.0111083228255078 1680.1844632290004 0.0 1.1629067748638526 2179.196882449795 0.0 t_move_k 100 1539.0072469711304 101.41940340227342 86.78910382178978 91.00949442881182 80.88656001441143 89.53266211293962 93.78717848443388 87.20392501154106
1.0111083228255078 1680.1844632290004 0.0 1.1418628272319653 2110.0183692519713 0.0 t_move_k 100 1540.3643906116486 101.49520936825068 86.78910382178978 91.00949442881182 80.88656001441143 89.53266211293962 93.78717848443388 87.20392501154106
1.0111083228255078 1680.1844632290004 0.0 1.1273421764566285 2062.284120484858 0.0 swap_t 100 1541.0989639759064 101.49520936825068 86.78910382178978 91.00949442881182 80.88656001441143 89.63733549181022 93.78717848443388 87.20392501154106
1.0111083228255078 1680.1844632290004 0.0 1.1660550863621642 2189.5464381675056 0.0 f_swap_t 100 1542.134149312973 101.49520936825068 86.78910382178978 91.00949442881182 81.09769441426731 89.63733549181022 93.78717848443388 87.20392501154106
1.0111083228255078 1680.1844632290004 0.0 1.13433547929413 2085.2734521969082 0.0 t_swap_k 100 1543.6028475761414 101.49520936825068 86.78910382178978 91.3093994845237 81.09769441426731 89.63733549181022 93.78717848443388 87.20392501154106
1.0111083228255078 1680.1844632290004 0.0 1.1262328052713317 2058.6372453582985 0.0 t_move_k 100 1544.330575466156 101.58025727456818 86.78910382178978 91.3093994845237 81.09769441426731 89.63733549181022 93.78717848443388 87.20392501154106
1.0111083228255078 1680.1844632290004 0.0 1.140334108067657 2104.992956685195 0.0 t_multiswap_k 100 1544.8287105560303 101.58025727456818 86.78910382178978 91.3093994845237 81.09769441426731 89.63733549181022 93.78717848443388 87.41188576142565
1.0111083228255078 1680.1844632290004 0.0 1.1299195626377065 2070.7568532183977 0.0 t_multiswap_k 100 1545.460349559784 101.58025727456818 86.78910382178978 91.3093994845237 81.09769441426731 89.63733549181022 93.78717848443388 87.59776690381139
1.0111083228255078 1680.1844632290004 0.0 1.128960749452831 2067.6049127305946 0.0 t_swap_r_k 100 1547.2466168403625 101.58025727456818 86.78910382178978 91.3093994845237 81.09769441426731 89.63733549181022 93.88930669958954 87.59776690381139
1.0111083228255078 1680.1844632290004 0.0 1.1411547545053655 2107.6906967392397 0.0 t_swap_k 100 1548.534000635147 101.58025727456818 86.78910382178978 91.43630548967846 81.09769441426731 89.63733549181022 93.88930669958954 87.59776690381139
1.0111083228255078 1680.1844632290004 0.0 1.1475465685356272 2128.7027330256483 0.0 t_swap_k 100 1549.807605266571 101.58025727456818 86.78910382178978 91.63194243478168 81.09769441426731 89.63733549181022 93.88930669958954 87.59776690381139
1.0111083228255078 1680.1844632290004 0.0 1.1434654843248604 2115.286840585954 0.0 f_swap_t 100 1550.8589217662811 101.58025727456818 86.78910382178978 91.63194243478168 81.28671747012464 89.63733549181022 93.88930669958954 87.59776690381139
1.0111083228255078 1680.1844632290004 0.0 1.1544954807998038 2151.5461380362863 0.0 t_move_k 100 1552.0420274734497 101.7044547018225 86.78910382178978 91.63194243478168 81.28671747012464 89.63733549181022 93.88930669958954 87.59776690381139
1.0111083228255078 1680.1844632290004 0.0 1.135895198600739 2090.4007726276845 0.0 f_swap_t 100 1553.2027463912964 101.7044547018225 86.78910382178978 91.63194243478168 81.5438502954234 89.63733549181022 93.88930669958954 87.59776690381139
1.0111083228255078 1680.1844632290004 0.0 1.1635009777470873 2181.1502265998124 0.0 t_move_k 100 1554.1726343631744 101.78741015480428 86.78910382178978 91.63194243478168 81.5438502954234 89.63733549181022 93.88930669958954 87.59776690381139
1.0111083228255078 1680.1844632290004 0.0 1.1478565338604843 2129.721692998919 0.0 t_multiswap_k 100 1554.44384431839 101.78741015480428 86.78910382178978 91.63194243478168 81.5438502954234 89.63733549181022 93.88930669958954 87.75178923477327
1.0111083228255078 1680.1844632290004 0.0 1.1417081876772963 2109.5100171756067 0.0 t_move_k 100 1555.483071088791 101.86953605325624 86.78910382178978 91.63194243478168 81.5438502954234 89.63733549181022 93.88930669958954 87.75178923477327
1.0111083228255078 1680.1844632290004 0.0 1.1370309029538612 2094.1342137080183 0.0 swap_t 100 1556.39288687706 101.86953605325624 86.78910382178978 91.63194243478168 81.5438502954234 89.74096213689212 93.88930669958954 87.75178923477327
1.0111083228255078 1680.1844632290004 0.0 1.1674432004856885 2194.109634811695 0.0 f_swap_t 100 1557.2246735095978 101.86953605325624 86.78910382178978 91.63194243478168 81.77841179246916 89.74096213689212 93.88930669958954 87.75178923477327
1.0111083228255078 1680.1844632290004 0.0 1.1439624943264801 2116.920679139344 0.0 t_move_k 100 1557.900072336197 101.85084069272368 86.78910382178978 91.63194243478168 81.77841179246916 89.74096213689212 93.88930669958954 87.75178923477327
1.0111083228255078 1680.1844632290004 0.0 1.1392796861193863 2101.526718128605 0.0 t_move_k 100 1558.838012456894 101.99233228579644 86.78910382178978 91.63194243478168 81.77841179246916 89.74096213689212 93.88930669958954 87.75178923477327
1.0111083228255078 1680.1844632290004 0.0 1.139777656375919 2103.163713361926 0.0 t_multiswap_k 100 1559.592687368393 101.99233228579644 86.78910382178978 91.63194243478168 81.77841179246916 89.74096213689212 93.88930669958954 87.95427134242554
1.0111083228255078 1680.1844632290004 0.0 1.135223165596031 2088.191574767149 0.0 t_swap_r_k 100 1561.5301826000214 101.99233228579644 86.78910382178978 91.63194243478168 81.77841179246916 89.74096213689212 93.99041363259364 87.95427134242554
1.0111083228255078 1680.1844632290004 0.0 1.135223165596031 2088.191574767149 0.0 t_swap_k 100 1562.8337259292603 101.99233228579644 86.78910382178978 91.71562301043386 81.77841179246916 89.74096213689212 93.99041363259364 87.95427134242554
1.0111083228255078 1680.1844632290004 0.0 1.1471217613918459 2127.306249480038 0.0 f_swap_t 100 1563.6552979946136 101.99233228579644 86.78910382178978 91.71562301043386 81.97062767454446 89.74096213689212 93.99041363259364 87.95427134242554
1.0111083228255078 1680.1844632290004 0.0 1.1453983730902046 2121.6408941742966 0.0 f_swap_t 100 1565.0892887115479 101.99233228579644 86.78910382178978 91.71562301043386 82.15092139779901 89.74096213689212 93.99041363259364 87.95427134242554
1.0111083228255078 1680.1844632290004 0.0 1.1623176449117754 2177.2602147257576 0.0 t_move_k 100 1566.026665687561 102.14240896293848 86.78910382178978 91.71562301043386 82.15092139779901 89.74096213689212 93.99041363259364 87.95427134242554
1.0111083228255078 1680.1844632290004 0.0 1.138248447194404 2098.1366899442587 0.0 t_swap_r_k 100 1567.8061654567719 102.14240896293848 86.78910382178978 91.71562301043386 82.15092139779901 89.74096213689212 94.09050949626771 87.95427134242554
1.0111083228255078 1680.1844632290004 0.0 1.132606964920991 2079.5912457750665 0.0 t_swap_k 100 1568.743206501007 102.14240896293848 86.78910382178978 91.86846678032953 82.15092139779901 89.74096213689212 94.09050949626771 87.95427134242554
1.0111083228255078 1680.1844632290004 0.0 1.1248356268894393 2054.04425145705 0.0 move_t 100 1569.6728932857513 102.14240896293848 86.92121278357189 91.86846678032953 82.15092139779901 89.74096213689212 94.09050949626771 87.95427134242554
1.0111083228255078 1680.1844632290004 0.0 1.1248356268894393 2054.04425145705 0.0 move_t 100 1570.4547834396362 102.14240896293848 87.05200065573617 91.86846678032953 82.15092139779901 89.74096213689212 94.09050949626771 87.95427134242554
1.0111083228255078 1680.1844632290004 0.0 1.1421436760328547 2110.9416134463963 0.0 t_move_k 100 1571.1405010223389 102.2509848733091 87.05200065573617 91.86846678032953 82.15092139779901 89.74096213689212 94.09050949626771 87.95427134242554
1.0111083228255078 1680.1844632290004 0.0 1.1335384946667284 2082.6534964486045 0.0 t_swap_r_k 100 1573.1689739227295 102.2509848733091 87.05200065573617 91.86846678032953 82.15092139779901 89.74096213689212 94.18960440130503 87.95427134242554
1.0111083228255078 1680.1844632290004 0.0 1.1244053514156767 2052.6297916769236 0.0 t_swap_k 100 1574.2470703125 102.2509848733091 87.05200065573617 92.00978211252624 82.15092139779901 89.74096213689212 94.18960440130503 87.95427134242554
1.0111083228255078 1680.1844632290004 0.0 1.123446538230801 2049.47785118912 0.0 t_swap_r_k 100 1576.6300451755524 102.2509848733091 87.05200065573617 92.00978211252624 82.15092139779901 89.74096213689212 94.28770835729198 87.95427134242554
1.0111083228255078 1680.1844632290004 0.0 1.1323701663982253 2078.812809617605 0.0 t_swap_k 100 1577.5800936222076 102.2509848733091 87.05200065573617 92.13968429140098 82.15092139779901 89.74096213689212 94.28770835729198 87.95427134242554
1.0111083228255078 1680.1844632290004 0.0 1.129423085623288 2069.1247667726816 0.0 t_multiswap_k 100 1578.2512619495392 102.2509848733091 87.05200065573617 92.13968429140098 82.15092139779901 89.74096213689212 94.28770835729198 88.07472862900129
1.0111083228255078 1680.1844632290004 0.0 1.1311218813836454 2074.709278147829 0.0 t_swap_k 100 1579.503357410431 102.2509848733091 87.05200065573617 92.22828744848697 82.15092139779901 89.74096213689212 94.28770835729198 88.07472862900129
1.0111083228255078 1680.1844632290004 0.0 1.1184575791735303 2033.0774696626127 0.0 f_swap_t 100 1580.6626765727997 102.2509848733091 87.05200065573617 92.22828744848697 82.41941218382102 89.74096213689212 94.28770835729198 88.07472862900129
1.0111083228255078 1680.1844632290004 0.0 1.1125520321034745 2013.6639559496634 0.0 move_t 100 1581.7581219673157 102.2509848733091 87.18148064917881 92.22828744848697 82.41941218382102 89.74096213689212 94.28770835729198 88.07472862900129
1.0111083228255078 1680.1844632290004 0.0 1.098895901483769 1968.7716748609664 0.0 t_multiswap_k 100 1582.321499824524 102.2509848733091 87.18148064917881 92.22828744848697 82.41941218382102 89.74096213689212 94.28770835729198 88.25398134271127
1.0111083228255078 1680.1844632290004 0.0 1.0944985980818358 1954.3162638921362 0.0 t_swap_r_k 100 1584.336481809616 102.2509848733091 87.18148064917881 92.22828744848697 82.41941218382102 89.74096213689212 94.38483127371906 88.25398134271127
1.0111083228255078 1680.1844632290004 0.0 1.0880852695382073 1933.23350218515 0.0 t_move_k 100 1585.452285528183 102.318475024576 87.18148064917881 92.22828744848697 82.41941218382102 89.74096213689212 94.38483127371906 88.25398134271127
1.0111083228255078 1680.1844632290004 0.0 1.0848873123782847 1922.7207445284753 0.0 move_t 100 1586.0819544792175 102.318475024576 87.33966584268703 92.22828744848697 82.41941218382102 89.74096213689212 94.38483127371906 88.25398134271127
1.0111083228255078 1680.1844632290004 0.0 1.0847817804652284 1922.3738257389095 0.0 swap_t 100 1586.9761345386505 102.318475024576 87.33966584268703 92.22828744848697 82.41941218382102 89.8435525155232 94.38483127371906 88.25398134271127
1.0111083228255078 1680.1844632290004 0.0 1.08425837659569 1920.65322169018 0.0 t_move_k 100 1587.926258802414 102.29529027433024 87.33966584268703 92.22828744848697 82.41941218382102 89.8435525155232 94.38483127371906 88.25398134271127
1.0111083228255078 1680.1844632290004 0.0 1.08425837659569 1920.65322169018 0.0 t_multiswap_k 100 1588.6598551273346 102.29529027433024 87.33966584268703 92.22828744848697 82.41941218382102 89.8435525155232 94.38483127371906 88.37144152928416
1.0111083228255078 1680.1844632290004 0.0 1.08425837659569 1920.65322169018 0.0 t_swap_r_k 100 1590.8656210899353 102.29529027433024 87.33966584268703 92.22828744848697 82.41941218382102 89.8435525155232 94.48098296098186 88.37144152928416
1.0111083228255078 1680.1844632290004 0.0 1.0853316534550783 1924.1814426628277 0.0 t_move_k 100 1592.1766195297241 102.50233737158693 87.33966584268703 92.22828744848697 82.41941218382102 89.8435525155232 94.48098296098186 88.37144152928416
1.0111083228255078 1680.1844632290004 0.0 1.0828118101928328 1915.8978728011757 0.0 t_swap_k 100 1593.6161341667175 102.50233737158693 87.33966584268703 92.3060045740021 82.41941218382102 89.8435525155232 94.48098296098186 88.37144152928416
1.0111083228255078 1680.1844632290004 0.0 1.0828118101928328 1915.8978728011757 0.0 t_swap_r_k 100 1595.1878564357758 102.50233737158693 87.33966584268703 92.3060045740021 82.41941218382102 89.8435525155232 94.57617313137204 88.37144152928416
1.0111083228255078 1680.1844632290004 0.0 1.0828118101928328 1915.8978728011757 0.0 f_swap_t 100 1596.2232801914215 102.50233737158693 87.33966584268703 92.3060045740021 82.59521806198282 89.8435525155232 94.57617313137204 88.37144152928416
1.0111083228255078 1680.1844632290004 0.0 1.112713161172132 2075.0907666743174 0.0 swap_t 100 1597.0626447200775 102.50233737158693 87.33966584268703 92.3060045740021 82.59521806198282 89.98511699036797 94.57617313137204 88.37144152928416
1.0111083228255078 1680.1844632290004 0.0 1.0955485973028258 1957.7679634609426 0.0 t_move_k 100 1598.0513112545013 102.50731399787107 87.33966584268703 92.3060045740021 82.59521806198282 89.98511699036797 94.57617313137204 88.37144152928416
1.0111083228255078 1680.1844632290004 0.0 1.0928078349914 1948.7581585968703 0.0 t_multiswap_k 100 1598.4121279716492 102.50731399787107 87.33966584268703 92.3060045740021 82.59521806198282 89.98511699036797 94.57617313137204 88.48772711399131
1.0111083228255078 1680.1844632290004 0.0 1.0823284539037867 1914.3089185799456 0.0 t_move_k 100 1599.5287899971008 102.54224085789235 87.33966584268703 92.3060045740021 82.59521806198282 89.98511699036797 94.57617313137204 88.48772711399131
1.0111083228255078 1680.1844632290004 0.0 1.11648968383221 2026.608337719175 0.0 f_swap_t 100 1600.3420808315277 102.54224085789235 87.33966584268703 92.3060045740021 82.77926588136299 89.98511699036797 94.57617313137204 88.48772711399131
1.0111083228255078 1680.1844632290004 0.0 1.101201391468232 1976.350593612691 0.0 move_t 100 1601.0443556308746 102.54224085789235 87.52626918426016 92.3060045740021 82.77926588136299 89.98511699036797 94.57617313137204 88.48772711399131
1.0111083228255078 1680.1844632290004 0.0 1.0982092354283297 1966.5143732553151 0.0 t_multiswap_k 100 1601.3730583190918 102.54224085789235 87.52626918426016 92.3060045740021 82.77926588136299 89.98511699036797 94.57617313137204 88.6028498428514
1.0111083228255078 1680.1844632290004 0.0 1.0979274758852 1965.588135145718 0.0 t_multiswap_k 100 1601.7104902267456 102.54224085789235 87.52626918426016 92.3060045740021 82.77926588136299 89.98511699036797 94.57617313137204 88.74682134442288
1.0111083228255078 1680.1844632290004 0.0 1.1108850963294667 2008.1841790342628 0.0 t_move_k 100 1602.5103840827942 102.68681844931344 87.52626918426016 92.3060045740021 82.77926588136299 89.98511699036797 94.57617313137204 88.74682134442288
1.0111083228255078 1680.1844632290004 0.0 1.102613388424372 1980.992301137073 0.0 move_t 100 1603.3427383899689 102.68681844931344 87.65100649241755 92.3060045740021 82.77926588136299 89.98511699036797 94.57617313137204 88.74682134442288
1.0111083228255078 1680.1844632290004 0.0 1.1197338931064238 2037.2731415867074 0.0 t_move_k 100 1604.2698514461517 102.7499502648203 87.65100649241755 92.3060045740021 82.77926588136299 89.98511699036797 94.57617313137204 88.74682134442288
1.0111083228255078 1680.1844632290004 0.0 1.1076506311409917 1997.5514072443457 0.0 move_t 100 1605.1199333667755 102.7499502648203 87.80449642749338 92.3060045740021 82.77926588136299 89.98511699036797 94.57617313137204 88.74682134442288
1.0111083228255078 1680.1844632290004 0.0 1.1074499850165962 1996.8918161444533 0.0 t_swap_k 100 1606.5360865592957 102.7499502648203 87.80449642749338 92.38294452826209 82.77926588136299 89.98511699036797 94.57617313137204 88.74682134442288
1.0111083228255078 1680.1844632290004 0.0 1.1074499850165962 1996.8918161444533 0.0 f_swap_t 100 1607.647428035736 102.7499502648203 87.80449642749338 92.38294452826209 82.95147322254935 89.98511699036797 94.57617313137204 88.74682134442288
1.0111083228255078 1680.1844632290004 0.0 1.0978719695952015 1965.4056673558157 0.0 t_swap_k 100 1608.6597337722778 102.7499502648203 87.80449642749338 92.51911508297947 82.95147322254935 89.98511699036797 94.57617313137204 88.74682134442288
1.0111083228255078 1680.1844632290004 0.0 1.0900936496560654 1939.8357211661066 0.0 t_swap_k 100 1609.914186000824 102.7499502648203 87.80449642749338 92.68392393214967 82.95147322254935 89.98511699036797 94.57617313137204 88.74682134442288
1.0111083228255078 1680.1844632290004 0.0 1.139268773452386 2101.4908445324854 0.0 t_swap_k 100 1611.359424829483 102.7499502648203 87.80449642749338 92.78708469282817 82.95147322254935 89.98511699036797 94.57617313137204 88.74682134442288
1.0111083228255078 1680.1844632290004 0.0 1.0988350351653802 1968.5715868601974 0.0 t_move_k 100 1612.473562002182 102.81245076217209 87.80449642749338 92.78708469282817 82.95147322254935 89.98511699036797 94.57617313137204 88.74682134442288
1.0111083228255078 1680.1844632290004 0.0 1.0928191836655199 1948.7954654946116 0.0 t_swap_r_k 100 1614.5722315311432 102.81245076217209 87.80449642749338 92.78708469282817 82.95147322254935 89.98511699036797 94.67041140005833 88.74682134442288
1.0111083228255078 1680.1844632290004 0.0 1.0928191836655199 1948.7954654946116 0.0 t_multiswap_k 100 1614.989602804184 102.81245076217209 87.80449642749338 92.78708469282817 82.95147322254935 89.98511699036797 94.67041140005833 88.85935313097866
1.0111083228255078 1680.1844632290004 0.0 1.0992888629881734 1970.0634711101397 0.0 f_swap_t 100 1616.0349702835083 102.81245076217209 87.80449642749338 92.78708469282817 83.16195849032385 89.98511699036797 94.67041140005833 88.85935313097866
1.0111083228255078 1680.1844632290004 0.0 1.1418969371525705 2110.130500000158 0.0 t_move_k 100 1616.9494483470917 102.84432625455037 87.80449642749338 92.78708469282817 83.16195849032385 89.98511699036797 94.67041140005833 88.85935313097866
1.0111083228255078 1680.1844632290004 0.0 1.1310803179411897 2074.5726451736946 0.0 t_multiswap_k 100 1617.611979007721 102.84432625455037 87.80449642749338 92.78708469282817 83.16195849032385 89.98511699036797 94.67041140005833 89.00075959966887
1.0111083228255078 1680.1844632290004 0.0 1.1277754535446103 2063.7084475775487 0.0 t_multiswap_k 100 1618.3060519695282 102.84432625455037 87.80449642749338 92.78708469282817 83.16195849032385 89.98511699036797 94.67041140005833 89.11075200367218
1.0111083228255078 1680.1844632290004 0.0 1.1268413126749808 2060.6376132641058 0.0 t_swap_k 100 1619.8905129432678 102.84432625455037 87.80449642749338 92.91921384589989 83.16195849032385 89.98511699036797 94.67041140005833 89.11075200367218
1.0111083228255078 1680.1844632290004 0.0 1.1395814866878593 2102.518837809495 0.0 t_swap_k 100 1621.3823583126068 102.84432625455037 87.80449642749338 93.0000217074409 83.16195849032385 89.98511699036797 94.67041140005833 89.11075200367218
1.0111083228255078 1680.1844632290004 0.0 1.1764660356451997 2223.770719893384 0.0 f_swap_t 100 1622.3212487697601 102.84432625455037 87.80449642749338 93.0000217074409 83.42033890542062 89.98511699036797 94.67041140005833 89.11075200367218
1.0111083228255078 1680.1844632290004 0.0 1.1418372609808052 2109.9343244104693 0.0 t_multiswap_k 100 1622.779735326767 102.84432625455037 87.80449642749338 93.0000217074409 83.42033890542062 89.98511699036797 94.67041140005833 89.22964448363545
1.0111083228255078 1680.1844632290004 0.0 1.1296064665827577 2069.727601485389 0.0 t_swap_r_k 100 1624.7594938278198 102.84432625455037 87.80449642749338 93.0000217074409 83.42033890542062 89.98511699036797 94.76370728605774 89.22964448363545
1.0111083228255078 1680.1844632290004 0.0 1.1296064665827577 2069.727601485389 0.0 f_swap_t 100 1625.9954030513763 102.84432625455037 87.80449642749338 93.0000217074409 83.58613551636641 89.98511699036797 94.76370728605774 89.22964448363545
1.0111083228255078 1680.1844632290004 0.0 1.1205727412607644 2040.030716787479 0.0 t_multiswap_k 100 1626.2998995780945 102.84432625455037 87.80449642749338 93.0000217074409 83.58613551636641 89.98511699036797 94.76370728605774 89.3673480387991
1.0111083228255078 1680.1844632290004 0.0 1.1890247563298935 2199.940793112535 0.0 swap_t 100 1627.0172009468079 102.84432625455037 87.80449642749338 93.0000217074409 83.58613551636641 90.1052658204643 94.76370728605774 89.3673480387991
1.0111083228255078 1680.1844632290004 0.0 1.1593777721189533 2167.5958669353276 0.0 f_swap_t 100 1628.2156414985657 102.84432625455037 87.80449642749338 93.0000217074409 83.75027416120275 90.1052658204643 94.76370728605774 89.3673480387991
1.0111083228255078 1680.1844632290004 0.0 1.1739615628984432 2215.5376780708248 0.0 f_swap_t 100 1629.6023292541504 102.84432625455037 87.80449642749338 93.0000217074409 83.92277141959073 90.1052658204643 94.76370728605774 89.3673480387991
1.0111083228255078 1680.1844632290004 0.0 1.143562938360732 2115.607204684204 0.0 t_move_k 100 1630.5463516712189 102.90588299200486 87.80449642749338 93.0000217074409 83.92277141959073 90.1052658204643 94.76370728605774 89.3673480387991
1.0111083228255078 1680.1844632290004 0.0 1.1405117665968998 2105.576979850664 0.0 move_t 100 1631.349261522293 102.90588299200486 87.92645146321844 93.0000217074409 83.92277141959073 90.1052658204643 94.76370728605774 89.3673480387991
1.0111083228255078 1680.1844632290004 0.0 1.1405117665968998 2105.576979850664 0.0 swap_t 100 1632.1321876049042 102.90588299200486 87.92645146321844 93.0000217074409 83.92277141959073 90.20421316225965 94.76370728605774 89.3673480387991
1.0111083228255078 1680.1844632290004 0.0 1.1402850858933773 2096.632762185901 0.0 move_t 100 1632.7450139522552 102.90588299200486 88.07718694858626 93.0000217074409 83.92277141959073 90.20421316225965 94.76370728605774 89.3673480387991
1.0111083228255078 1680.1844632290004 0.0 1.1258378704045249 2057.3389620051184 0.0 t_multiswap_k 100 1633.1752371788025 102.90588299200486 88.07718694858626 93.0000217074409 83.92277141959073 90.20421316225965 94.76370728605774 89.53367455841111
1.0111083228255078 1680.1844632290004 0.0 1.1609886781230538 2172.8914552068104 0.0 t_multiswap_k 100 1633.596281528473 102.90588299200486 88.07718694858626 93.0000217074409 83.92277141959073 90.20421316225965 94.76370728605774 89.74833781282699
1.0111083228255078 1680.1844632290004 0.0 1.1477721438381066 2129.4442746941904 0.0 t_swap_k 100 1634.8282723426819 102.90588299200486 88.07718694858626 93.18002149036649 83.92277141959073 90.20421316225965 94.76370728605774 89.74833781282699
1.0111083228255078 1680.1844632290004 0.0 1.1813833671014025 2149.293504668242 0.0 swap_t 100 1635.7409698963165 102.90588299200486 88.07718694858626 93.18002149036649 83.92277141959073 90.31217103063705 94.76370728605774 89.74833781282699
1.0111083228255078 1680.1844632290004 0.0 1.1569909823346727 2159.749688476771 0.0 t_move_k 100 1636.6343746185303 102.87682416208482 88.07718694858626 93.18002149036649 83.92277141959073 90.31217103063705 94.76370728605774 89.74833781282699
1.0111083228255078 1680.1844632290004 0.0 1.1464485377965246 2098.2485732569567 0.0 swap_t 100 1637.4695756435394 102.87682416208482 88.07718694858626 93.18002149036649 83.92277141959073 90.43904932033068 94.76370728605774 89.74833781282699
1.0111083228255078 1680.1844632290004 0.0 1.1464764336463955 2125.184840762602 0.0 t_swap_k 100 1638.8818259239197 102.87682416208482 88.07718694858626 93.40822127546282 83.92277141959073 90.43904932033068 94.76370728605774 89.74833781282699
1.0111083228255078 1680.1844632290004 0.0 1.1375385594555167 2095.8030508774527 0.0 t_swap_r_k 100 1640.7253196239471 102.87682416208482 88.07718694858626 93.40822127546282 83.92277141959073 90.43904932033068 94.85607021319716 89.74833781282699
1.0111083228255078 1680.1844632290004 0.0 1.1372330957176224 2094.7988891301884 0.0 swap_t 100 1641.6670157909393 102.87682416208482 88.07718694858626 93.40822127546282 83.92277141959073 90.53465882712737 94.85607021319716 89.74833781282699
1.0111083228255078 1680.1844632290004 0.0 1.1372330957176224 2094.7988891301884 0.0 swap_t 100 1642.2424626350403 102.87682416208482 88.07718694858626 93.40822127546282 83.92277141959073 90.6293122388561 94.85607021319716 89.74833781282699
1.0111083228255078 1680.1844632290004 0.0 1.1372330957176224 2094.7988891301884 0.0 swap_t 100 1643.0362808704376 102.87682416208482 88.07718694858626 93.40822127546282 83.92277141959073 90.72301911646754 94.85607021319716 89.74833781282699
1.0111083228255078 1680.1844632290004 0.0 1.1372330957176224 2094.7988891301884 0.0 t_swap_r_k 100 1645.0611505508423 102.87682416208482 88.07718694858626 93.40822127546282 83.92277141959073 90.72301911646754 94.94750951106519 89.74833781282699
1.0111083228255078 1680.1844632290004 0.0 1.1410720277863884 2107.418746270598 0.0 swap_t 100 1646.412484407425 102.87682416208482 88.07718694858626 93.40822127546282 83.92277141959073 90.82578892530286 94.94750951106519 89.74833781282699
1.0111083228255078 1680.1844632290004 0.0 1.1516617161537104 2142.2306033087502 0.0 t_swap_k 100 1648.0963492393494 102.87682416208482 88.07718694858626 93.6241390627082 83.92277141959073 90.82578892530286 94.94750951106519 89.74833781282699
1.0111083228255078 1680.1844632290004 0.0 1.152437426779712 2144.7806242799693 0.0 t_swap_k 100 1649.7138595581055 102.87682416208482 88.07718694858626 93.85789767208111 83.92277141959073 90.82578892530286 94.94750951106519 89.74833781282699
1.0111083228255078 1680.1844632290004 0.0 1.1424121880386653 2111.82430245811 0.0 f_swap_t 100 1651.5939218997955 102.87682416208482 88.07718694858626 93.85789767208111 84.08354370539482 90.82578892530286 94.94750951106519 89.74833781282699
1.0111083228255078 1680.1844632290004 0.0 1.1424121880386653 2111.82430245811 0.0 f_swap_t 100 1653.3753142356873 102.87682416208482 88.07718694858626 93.85789767208111 84.24270826834086 90.82578892530286 94.94750951106519 89.74833781282699
1.0111083228255078 1680.1844632290004 0.0 1.1424121880386653 2111.82430245811 0.0 t_swap_r_k 100 1655.502998828888 102.87682416208482 88.07718694858626 93.85789767208111 84.24270826834086 90.82578892530286 95.03803441595454 89.74833781282699
1.0111083228255078 1680.1844632290004 0.0 1.1223409504530073 2045.843413391833 0.0 t_multiswap_k 100 1656.4805352687836 102.87682416208482 88.07718694858626 93.85789767208111 84.24270826834086 90.82578892530286 95.03803441595454 89.94085443469872
1.0111083228255078 1680.1844632290004 0.0 1.1178274183589205 2031.0059197332548 0.0 move_t 100 1657.4223651885986 102.87682416208482 88.19641507910039 93.85789767208111 84.24270826834086 90.82578892530286 95.03803441595454 89.94085443469872
1.0111083228255078 1680.1844632290004 0.0 1.1823724319515179 2311.25256677461 0.0 move_t 100 1658.1412460803986 102.87682416208482 88.41445092830939 93.85789767208111 84.24270826834086 90.82578892530286 95.03803441595454 89.94085443469872
1.0111083228255078 1680.1844632290004 0.0 1.149615988395595 2135.5056101093046 0.0 swap_t 100 1658.8410382270813 102.87682416208482 88.41445092830939 93.85789767208111 84.24270826834086 90.91753103604984 95.03803441595454 89.94085443469872
1.0111083228255078 1680.1844632290004 0.0 1.1531539499791177 2147.1360763307775 0.0 t_swap_k 100 1660.5487742424011 102.87682416208482 88.41445092830939 94.0193186953603 84.24270826834086 90.91753103604984 95.03803441595454 89.94085443469872
1.0111083228255078 1680.1844632290004 0.0 1.150745744840924 2139.2194984220223 0.0 t_swap_r_k 100 1662.5226056575775 102.87682416208482 88.41445092830939 94.0193186953603 84.24270826834086 90.91753103604984 95.12765407179499 89.94085443469872
1.0111083228255078 1680.1844632290004 0.0 1.1457971803213292 2146.0208952704606 0.0 swap_t 100 1663.2901537418365 102.87682416208482 88.41445092830939 94.0193186953603 84.24270826834086 91.03835572568934 95.12765407179499 89.94085443469872
1.0111083228255078 1680.1844632290004 0.0 1.1368793986383139 2093.636168214085 0.0 t_swap_r_k 100 1665.2284576892853 102.87682416208482 88.41445092830939 94.0193186953603 84.24270826834086 91.03835572568934 95.21637753107704 89.94085443469872
1.0111083228255078 1680.1844632290004 0.0 1.1654996125966728 2187.7204096157684 0.0 t_multiswap_k 100 1665.9116671085358 102.87682416208482 88.41445092830939 94.0193186953603 84.24270826834086 91.03835572568934 95.21637753107704 90.08144589035173
1.0111083228255078 1680.1844632290004 0.0 1.1742770637937654 2216.574835320632 0.0 t_swap_k 100 1667.1715376377106 102.87682416208482 88.41445092830939 94.35912550840669 84.24270826834086 91.03835572568934 95.21637753107704 90.08144589035173
1.0111083228255078 1680.1844632290004 0.0 1.1648292162272071 2185.51659192414 0.0 t_swap_k 100 1668.5062775611877 102.87682416208482 88.41445092830939 94.47553425332262 84.24270826834086 91.03835572568934 95.21637753107704 90.08144589035173
1.0111083228255078 1680.1844632290004 0.0 1.177561658062582 2227.372398208999 0.0 t_swap_k 100 1669.7172310352325 102.87682416208482 88.41445092830939 94.6407789107894 84.24270826834086 91.03835572568934 95.21637753107704 90.08144589035173
1.0111083228255078 1680.1844632290004 0.0 1.1641865958580333 2183.4040832604746 0.0 t_multiswap_k 100 1670.2445378303528 102.87682416208482 88.41445092830939 94.6407789107894 84.24270826834086 91.03835572568934 95.21637753107704 90.18063143144822
1.0111083228255078 1680.1844632290004 0.0 1.1641865958580333 2183.4040832604746 0.0 f_swap_t 100 1671.6551096439362 102.87682416208482 88.41445092830939 94.6407789107894 84.40028118565745 91.03835572568934 95.21637753107704 90.18063143144822
1.0111083228255078 1680.1844632290004 0.0 1.1641865958580333 2183.4040832604746 0.0 move_t 100 1672.5787732601166 102.87682416208482 88.5303064190263 94.6407789107894 84.40028118565745 91.03835572568934 95.21637753107704 90.18063143144822
1.0111083228255078 1680.1844632290004 0.0 1.2006921466828402 2253.8706159156673 0.0 swap_t 100 1673.3200721740723 102.87682416208482 88.5303064190263 94.6407789107894 84.40028118565745 91.13797216843246 95.21637753107704 90.18063143144822
1.0111083228255078 1680.1844632290004 0.0 1.1850330125057242 2251.9332458689387 0.0 swap_t 100 1674.0792367458344 102.87682416208482 88.5303064190263 94.6407789107894 84.40028118565745 91.22659244674813 95.21637753107704 90.18063143144822
1.0111083228255078 1680.1844632290004 0.0 1.1902885441449569 2270.862686345694 0.0 swap_t 100 1674.958663225174 102.87682416208482 88.5303064190263 94.6407789107894 84.40028118565745 91.32432652228064 95.21637753107704 90.18063143144822
1.0111083228255078 1680.1844632290004 0.0 1.186056738163087 2255.2985754229585 0.0 t_move_k 100 1676.0601954460144 103.04805592046397 88.5303064190263 94.6407789107894 84.40028118565745 91.32432652228064 95.21637753107704 90.18063143144822
1.0111083228255078 1680.1844632290004 0.0 1.163799226372939 2182.130669854122 0.0 t_multiswap_k 100 1676.4974603652954 103.04805592046397 88.5303064190263 94.6407789107894 84.40028118565745 91.32432652228064 95.21637753107704 90.27882511713374
1.0111083228255078 1680.1844632290004 0.0 1.159361363097589 2167.5419249791466 0.0 t_swap_k 100 1677.840723991394 103.04805592046397 88.5303064190263 94.6943711216815 84.40028118565745 91.32432652228064 95.21637753107704 90.27882511713374
1.0111083228255078 1680.1844632290004 0.0 1.159361363097589 2167.5419249791466 0.0 t_swap_r_k 100 1679.8954496383667 103.04805592046397 88.5303064190263 94.6943711216815 84.40028118565745 91.32432652228064 95.30421375576627 90.27882511713374
1.0111083228255078 1680.1844632290004 0.0 1.159038248686961 2166.479739551249 0.0 t_move_k 100 1680.9092693328857 103.04757536125932 88.5303064190263 94.6943711216815 84.40028118565745 91.32432652228064 95.30421375576627 90.27882511713374
1.0111083228255078 1680.1844632290004 0.0 1.1490344003554422 2133.5937351790303 0.0 t_multiswap_k 100 1681.4053938388824 103.04757536125932 88.5303064190263 94.6943711216815 84.40028118565745 91.32432652228064 95.30421375576627 90.4360368659624
1.0111083228255078 1680.1844632290004 0.0 1.147775524273455 2129.4553873188493 0.0 t_swap_r_k 100 1683.4726119041443 103.04757536125932 88.5303064190263 94.6943711216815 84.40028118565745 91.32432652228064 95.3911716182086 90.4360368659624
1.0111083228255078 1680.1844632290004 0.0 1.2131720948789178 2344.435846397128 0.0 t_swap_k 100 1684.5802381038666 103.04757536125932 88.5303064190263 94.83742741046468 84.40028118565745 91.32432652228064 95.3911716182086 90.4360368659624
1.0111083228255078 1680.1844632290004 0.0 1.2050859716509097 2327.3075662143315 0.0 move_t 100 1685.5704936981201 103.04757536125932 88.68500335483604 94.83742741046468 84.40028118565745 91.32432652228064 95.3911716182086 90.4360368659624
1.0111083228255078 1680.1844632290004 0.0 1.1872490338511197 2259.218051199703 0.0 t_multiswap_k 100 1686.4469997882843 103.04757536125932 88.68500335483604 94.83742741046468 84.40028118565745 91.32432652228064 95.3911716182086 90.59167649730277
1.0111083228255078 1680.1844632290004 0.0 1.1955044136844322 2286.3562532491364 0.0 t_swap_k 100 1687.904248714447 103.04757536125932 88.68500335483604 94.99905313636003 84.40028118565745 91.32432652228064 95.3911716182086 90.59167649730277
1.0111083228255078 1680.1844632290004 0.0 1.1460417985863183 2123.7560495602224 0.0 t_move_k 100 1689.0340325832367 103.16709960764673 88.68500335483604 94.99905313636003 84.40028118565745 91.32432652228064 95.3911716182086 90.59167649730277
1.0111083228255078 1680.1844632290004 0.0 1.1365911327436233 2092.688541544928 0.0 t_multiswap_k 100 1689.5665535926819 103.16709960764673 88.68500335483604 94.99905313636003 84.40028118565745 91.32432652228064 95.3911716182086 90.68575973232974
1.0111083228255078 1680.1844632290004 0.0 1.1365911327436233 2092.688541544928 0.0 f_swap_t 100 1690.134892463684 103.16709960764673 88.68500335483604 94.99905313636003 84.55627837380088 91.32432652228064 95.3911716182086 90.68575973232974
1.0111083228255078 1680.1844632290004 0.0 1.15033101815835 2137.8561527330003 0.0 swap_t 100 1691.0110540390015 103.16709960764673 88.68500335483604 94.99905313636003 84.55627837380088 91.45108325705783 95.3911716182086 90.68575973232974
1.0111083228255078 1680.1844632290004 0.0 1.1554158773174241 2154.571790055347 0.0 t_multiswap_k 100 1691.655527830124 103.16709960764673 88.68500335483604 94.99905313636003 84.55627837380088 91.45108325705783 95.3911716182086 90.84890213500644
1.0111083228255078 1680.1844632290004 0.0 1.1491122818600223 2133.8497578030506 0.0 t_swap_r_k 100 1693.4373474121094 103.16709960764673 88.68500335483604 94.99905313636003 84.55627837380088 91.45108325705783 95.47725990202652 90.84890213500644
1.0111083228255078 1680.1844632290004 0.0 1.1457918164518954 2122.9342744499672 0.0 swap_t 100 1693.9611027240753 103.16709960764673 88.68500335483604 94.99905313636003 84.55627837380088 91.53657242448725 95.47725990202652 90.84890213500644
1.0111083228255078 1680.1844632290004 0.0 1.1421346648104795 2110.911990536431 0.0 swap_t 100 1694.5919072628021 103.16709960764673 88.68500335483604 94.99905313636003 84.55627837380088 91.65120670024237 95.47725990202652 90.84890213500644
1.0111083228255078 1680.1844632290004 0.0 1.1381693876748122 2097.8767947898345 0.0 swap_t 100 1695.3816225528717 103.16709960764673 88.68500335483604 94.99905313636003 84.55627837380088 91.73469463323994 95.47725990202652 90.84890213500644
1.0111083228255078 1680.1844632290004 0.0 1.164116171226428 2183.1725738786718 0.0 t_swap_k 100 1696.697776556015 103.16709960764673 88.68500335483604 95.29906260499644 84.55627837380088 91.73469463323994 95.47725990202652 90.84890213500644
1.0111083228255078 1680.1844632290004 0.0 1.137970784242159 2097.2239187027394 0.0 swap_t 100 1697.6830205917358 103.16709960764673 88.68500335483604 95.29906260499644 84.55627837380088 91.81734768690754 95.47725990202652 90.84890213500644
1.0111083228255078 1680.1844632290004 0.0 1.122925161404193 2086.0030302332 0.0 move_t 100 1698.3726620674133 103.16709960764673 88.86815332128768 95.29906260499644 84.55627837380088 91.81734768690754 95.47725990202652 90.84890213500644
1.0111083228255078 1680.1844632290004 0.0 1.1185341568830696 2033.3292062750907 0.0 swap_t 100 1699.214457988739 103.16709960764673 88.86815332128768 95.29906260499644 84.55627837380088 91.89917421003847 95.47725990202652 90.84890213500644
1.0111083228255078 1680.1844632290004 0.0 1.1185341568830696 2033.3292062750907 0.0 f_swap_t 100 1700.4844148159027 103.16709960764673 88.86815332128768 95.29906260499644 84.71071559006288 91.89917421003847 95.47725990202652 90.84890213500644
1.0111083228255078 1680.1844632290004 0.0 1.1384385356118405 2098.761574320727 0.0 t_swap_k 100 1701.9458541870117 103.16709960764673 88.86815332128768 95.38607197894648 84.71071559006288 91.89917421003847 95.47725990202652 90.84890213500644
1.0111083228255078 1680.1844632290004 0.0 1.171407197257696 2207.140621573557 0.0 t_swap_k 100 1703.6266825199127 103.16709960764673 88.86815332128768 95.62221125915701 84.71071559006288 91.89917421003847 95.47725990202652 90.84890213500644
1.0111083228255078 1680.1844632290004 0.0 1.1490028948577906 2133.4901660425153 0.0 t_swap_k 100 1704.9796528816223 103.16709960764673 88.86815332128768 95.72598914656544 84.71071559006288 91.89917421003847 95.47725990202652 90.84890213500644
1.0111083228255078 1680.1844632290004 0.0 1.1427852092259947 2113.050548197841 0.0 t_swap_k 100 1706.4590718746185 103.16709960764673 88.86815332128768 95.79872925509979 84.71071559006288 91.89917421003847 95.47725990202652 90.84890213500644
1.0111083228255078 1680.1844632290004 0.0 1.1307793811497477 2073.583365017583 0.0 move_t 100 1707.3634395599365 103.16709960764673 89.0394717880748 95.79872925509979 84.71071559006288 91.89917421003847 95.47725990202652 90.84890213500644
1.0111083228255078 1680.1844632290004 0.0 1.1393717758157744 2101.8294478439802 0.0 t_swap_k 100 1708.4810795783997 103.16709960764673 89.0394717880748 95.88074196254878 84.71071559006288 91.89917421003847 95.47725990202652 90.84890213500644
1.0111083228255078 1680.1844632290004 0.0 1.1237201270222053 2050.377229297638 0.0 t_move_k 100 1709.618818283081 103.22542861157027 89.0394717880748 95.88074196254878 84.71071559006288 91.89917421003847 95.47725990202652 90.84890213500644
1.0111083228255078 1680.1844632290004 0.0 1.1154332023267262 2023.1353287073287 0.0 t_multiswap_k 100 1710.2513217926025 103.22542861157027 89.0394717880748 95.88074196254878 84.71071559006288 91.89917421003847 95.47725990202652 90.94041311365638
1.0111083228255078 1680.1844632290004 0.0 1.1154332023267262 2023.1353287073287 0.0 f_swap_t 100 1711.5741391181946 103.22542861157027 89.0394717880748 95.88074196254878 84.86360843416224 91.89917421003847 95.47725990202652 90.94041311365638
1.0111083228255078 1680.1844632290004 0.0 1.1154332023267262 2023.1353287073287 0.0 t_swap_r_k 100 1713.6358637809753 103.22542861157027 89.0394717880748 95.88074196254878 84.86360843416224 91.89917421003847 95.56248730300625 90.94041311365638
1.0111083228255078 1680.1844632290004 0.0 1.1154332023267262 2023.1353287073287 0.0 t_swap_r_k 100 1715.2129199504852 103.22542861157027 89.0394717880748 95.88074196254878 84.86360843416224 91.89917421003847 95.64686242997618 90.94041311365638
1.0111083228255078 1680.1844632290004 0.0 1.1154332023267262 2023.1353287073287 0.0 t_swap_r_k 100 1716.9824967384338 103.22542861157027 89.0394717880748 95.88074196254878 84.86360843416224 91.89917421003847 95.73039380567641 90.94041311365638
1.0111083228255078 1680.1844632290004 0.0 1.1068176874943387 1994.8132421404882 0.0 t_multiswap_k 100 1717.5751054286957 103.22542861157027 89.0394717880748 95.88074196254878 84.86360843416224 91.89917421003847 95.73039380567641 91.09100898251981
1.0111083228255078 1680.1844632290004 0.0 1.098828246827852 1968.549271318194 0.0 t_move_k 100 1718.44140625 103.25317432545457 89.0394717880748 95.88074196254878 84.86360843416224 91.89917421003847 95.73039380567641 91.09100898251981
1.0111083228255078 1680.1844632290004 0.0 1.1193748252951319 2036.0927652734376 0.0 t_move_k 100 1719.7003610134125 103.40064258220002 89.0394717880748 95.88074196254878 84.86360843416224 91.89917421003847 95.73039380567641 91.09100898251981
1.0111083228255078 1680.1844632290004 0.0 1.1059609361225076 1991.9968130597742 0.0 t_move_k 100 1720.8224186897278 103.36663615637802 89.0394717880748 95.88074196254878 84.86360843416224 91.89917421003847 95.73039380567641 91.09100898251981
1.0111083228255078 1680.1844632290004 0.0 1.1299318011376296 2070.7970852719677 0.0 move_t 100 1721.8264150619507 103.36663615637802 89.22907707019405 95.88074196254878 84.86360843416224 91.89917421003847 95.73039380567641 91.09100898251981
1.0111083228255078 1680.1844632290004 0.0 1.1247664425546868 2053.8168193469496 0.0 t_swap_r_k 100 1723.5586986541748 103.36663615637802 89.22907707019405 95.88074196254878 84.86360843416224 91.89917421003847 95.81308986761965 91.09100898251981
1.0111083228255078 1680.1844632290004 0.0 1.1247664425546868 2053.8168193469496 0.0 t_swap_r_k 100 1725.6241204738617 103.36663615637802 89.22907707019405 95.88074196254878 84.86360843416224 91.89917421003847 95.89495896894346 91.09100898251981
1.0111083228255078 1680.1844632290004 0.0 1.1247664425546868 2053.8168193469496 0.0 f_swap_t 100 1727.119951725006 103.36663615637802 89.22907707019405 95.88074196254878 85.01497234982062 91.89917421003847 95.89495896894346 91.09100898251981
1.0111083228255078 1680.1844632290004 0.0 1.2401343102294593 2380.8208642530153 0.0 swap_t 100 1728.1714606285095 103.36663615637802 89.22907707019405 95.88074196254878 85.01497234982062 92.04018246793808 95.89495896894346 91.09100898251981
1.0111083228255078 1680.1844632290004 0.0 1.2413460883497245 2416.625034630985 0.0 move_t 100 1729.1216759681702 103.36663615637802 89.68678629949211 95.88074196254878 85.01497234982062 92.04018246793808 95.89495896894346 91.09100898251981
1.0111083228255078 1680.1844632290004 0.0 1.2275518578882871 2375.7780867417523 0.0 move_t 100 1730.193398475647 103.36663615637802 90.00991843649719 95.88074196254878 85.01497234982062 92.04018246793808 95.89495896894346 91.09100898251981
1.0111083228255078 1680.1844632290004 0.0 1.154945791254637 2153.0264595181548 0.0 t_swap_k 100 1731.5022547245026 103.36663615637802 90.00991843649719 96.13193454292329 85.01497234982062 92.04018246793808 95.89495896894346 91.09100898251981
1.0111083228255078 1680.1844632290004 0.0 1.1540084484400464 2149.9450993378155 0.0 t_multiswap_k 100 1732.3047947883606 103.36663615637802 90.00991843649719 96.13193454292329 85.01497234982062 92.04018246793808 95.89495896894346 91.34009889269461
1.0111083228255078 1680.1844632290004 0.0 1.2232073450205112 2377.4250790500237 0.0 f_swap_t 100 1732.888014793396 103.36663615637802 90.00991843649719 96.13193454292329 85.24482262632242 92.04018246793808 95.89495896894346 91.34009889269461
1.0111083228255078 1680.1844632290004 0.0 1.2000020635754005 2301.141536779784 0.0 t_multiswap_k 100 1733.4471333026886 103.36663615637802 90.00991843649719 96.13193454292329 85.24482262632242 92.04018246793808 95.89495896894346 91.55669790376767
1.0111083228255078 1680.1844632290004 0.0 1.156106882350806 2156.843355336622 0.0 t_multiswap_k 100 1733.9521102905273 103.36663615637802 90.00991843649719 96.13193454292329 85.24482262632242 92.04018246793808 95.89495896894346 91.82113092473
1.0111083228255078 1680.1844632290004 0.0 1.1479113675774313 2129.9019498156463 0.0 t_multiswap_k 100 1734.377926826477 103.36663615637802 90.00991843649719 96.13193454292329 85.24482262632242 92.04018246793808 95.89495896894346 91.9029196154827
1.0111083228255078 1680.1844632290004 0.0 1.142245523404462 2111.2764199125663 0.0 f_swap_t 100 1735.9837248325348 103.36663615637802 90.00991843649719 96.13193454292329 85.4223744000592 92.04018246793808 95.89495896894346 91.9029196154827
1.0111083228255078 1680.1844632290004 0.0 1.1340834039514407 2084.4447960090993 0.0 t_swap_r_k 100 1738.1273920536041 103.36663615637802 90.00991843649719 96.13193454292329 85.4223744000592 92.04018246793808 95.97600937925402 91.9029196154827
1.0111083228255078 1680.1844632290004 0.0 1.140275431184004 2074.356603184348 0.0 move_t 100 1739.1301004886627 103.36663615637802 90.11981925213222 96.13193454292329 85.4223744000592 92.04018246793808 95.97600937925402 91.9029196154827
1.0111083228255078 1680.1844632290004 0.0 1.126392280668631 2059.1614944711455 0.0 t_swap_k 100 1740.6238203048706 103.36663615637802 90.11981925213222 96.20061519749406 85.4223744000592 92.04018246793808 95.97600937925402 91.9029196154827
1.0111083228255078 1680.1844632290004 0.0 1.124511778780167 2052.9796541156543 0.0 t_swap_k 100 1741.6852912902832 103.36663615637802 90.11981925213222 96.23860904551911 85.4223744000592 92.04018246793808 95.97600937925402 91.9029196154827
1.0111083228255078 1680.1844632290004 0.0 1.124511778780167 2052.9796541156543 0.0 f_swap_t 100 1743.2777497768402 103.36663615637802 90.11981925213222 96.23860904551911 85.5681506560586 92.04018246793808 95.97600937925402 91.9029196154827
1.0111083228255078 1680.1844632290004 0.0 1.124511778780167 2052.9796541156543 0.0 t_move_k 100 1744.4459800720215 103.37296979481424 90.11981925213222 96.23860904551911 85.5681506560586 92.04018246793808 95.97600937925402 91.9029196154827
1.0111083228255078 1680.1844632290004 0.0 1.1207387247152671 2033.430607593183 0.0 move_t 100 1745.4679067134857 103.37296979481424 90.2486210596109 96.23860904551911 85.5681506560586 92.04018246793808 95.97600937925402 91.9029196154827
1.0111083228255078 1680.1844632290004 0.0 1.1376900346877536 2096.3010007647913 0.0 move_t 100 1746.5261361598969 103.37296979481424 90.3561348490148 96.23860904551911 85.5681506560586 92.04018246793808 95.97600937925402 91.9029196154827
1.0111083228255078 1680.1844632290004 0.0 1.1293680863689954 2068.943965779184 0.0 t_multiswap_k 100 1747.5823073387146 103.37296979481424 90.3561348490148 96.23860904551911 85.5681506560586 92.04018246793808 95.97600937925402 92.02389041932787
1.0111083228255078 1680.1844632290004 0.0 1.1385509762539834 2099.1312044197234 0.0 t_swap_k 100 1748.569126367569 103.37296979481424 90.3561348490148 96.28622295506392 85.5681506560586 92.04018246793808 95.97600937925402 92.02389041932787
1.0111083228255078 1680.1844632290004 0.0 1.1359411811605364 2090.5519327225225 0.0 t_swap_r_k 100 1750.1959218978882 103.37296979481424 90.3561348490148 96.28622295506392 85.5681506560586 92.04018246793808 96.05624928546148 92.02389041932787
1.0111083228255078 1680.1844632290004 0.0 1.1310188759507627 2074.370664745878 0.0 t_multiswap_k 100 1750.9075016975403 103.37296979481424 90.3561348490148 96.28622295506392 85.5681506560586 92.04018246793808 96.05624928546148 92.16365151513459
1.0111083228255078 1680.1844632290004 0.0 1.1168572787601678 2027.8167455245932 0.0 move_t 100 1751.748461008072 103.37296979481424 90.61257350052465 96.28622295506392 85.5681506560586 92.04018246793808 96.05624928546148 92.16365151513459
1.0111083228255078 1680.1844632290004 0.0 1.1030898037218995 1982.558437991439 0.0 t_move_k 100 1753.0654628276825 103.33924009686609 90.61257350052465 96.28622295506392 85.5681506560586 92.04018246793808 96.05624928546148 92.16365151513459
1.0111083228255078 1680.1844632290004 0.0 1.1028806906106383 1981.8710130662175 0.0 t_move_k 100 1754.299738407135 103.33584769589743 90.61257350052465 96.28622295506392 85.5681506560586 92.04018246793808 96.05624928546148 92.16365151513459
1.0111083228255078 1680.1844632290004 0.0 1.0984057305217414 1967.1603185242675 0.0 t_swap_r_k 100 1756.2078642845154 103.33584769589743 90.61257350052465 96.28622295506392 85.5681506560586 92.04018246793808 96.13568679260686 92.16365151513459
1.0111083228255078 1680.1844632290004 0.0 1.096449227835568 1960.7286380589571 0.0 t_multiswap_k 100 1756.950947523117 103.33584769589743 90.61257350052465 96.28622295506392 85.5681506560586 92.04018246793808 96.13568679260686 92.27201499998324
1.0111083228255078 1680.1844632290004 0.0 1.1040565907388786 1985.7365911394836 0.0 t_move_k 100 1758.0265417099 103.34248921893845 90.61257350052465 96.28622295506392 85.5681506560586 92.04018246793808 96.13568679260686 92.27201499998324
1.0111083228255078 1680.1844632290004 0.0 1.0953663478920825 1957.168848528377 0.0 t_multiswap_k 100 1758.8473634719849 103.34248921893845 90.61257350052465 96.28622295506392 85.5681506560586 92.04018246793808 96.13568679260686 92.40929484998341
1.0111083228255078 1680.1844632290004 0.0 1.0952372342186003 1956.7444085838733 0.0 t_swap_r_k 100 1760.4998404979706 103.34248921893845 90.61257350052465 96.28622295506392 85.5681506560586 92.04018246793808 96.2143299246808 92.40929484998341
1.0111083228255078 1680.1844632290004 0.0 1.1038572315328548 1985.0812305718623 0.0 t_swap_k 100 1761.6929576396942 103.34248921893845 90.61257350052465 96.40336072551328 85.5681506560586 92.04018246793808 96.2143299246808 92.40929484998341
1.0111083228255078 1680.1844632290004 0.0 1.1188220217166167 2062.997388092129 0.0 move_t 100 1762.7176985740662 103.34248921893845 90.7764477655194 96.40336072551328 85.5681506560586 92.04018246793808 96.2143299246808 92.40929484998341
1.0111083228255078 1680.1844632290004 0.0 1.1109108684403322 2008.2689006056528 0.0 f_swap_t 100 1764.3528928756714 103.34248921893845 90.7764477655194 96.40336072551328 85.71246914949802 92.04018246793808 96.2143299246808 92.40929484998341
1.0111083228255078 1680.1844632290004 0.0 1.1051092269199425 1989.1969592803873 0.0 t_multiswap_k 100 1765.3618910312653 103.34248921893845 90.7764477655194 96.40336072551328 85.71246914949802 92.04018246793808 96.2143299246808 92.57520190148358
1.0111083228255078 1680.1844632290004 0.0 1.1049720478895346 1988.7460058028587 0.0 t_swap_r_k 100 1767.1606600284576 103.34248921893845 90.7764477655194 96.40336072551328 85.71246914949802 92.04018246793808 96.29218662543398 92.57520190148358
1.0111083228255078 1680.1844632290004 0.0 1.1040172043151038 2005.1676587743034 0.0 swap_t 100 1767.930549621582 103.34248921893845 90.7764477655194 96.40336072551328 85.71246914949802 92.1497806432587 96.29218662543398 92.57520190148358
1.0111083228255078 1680.1844632290004 0.0 1.1040769763243146 1985.803605395354 0.0 t_multiswap_k 100 1768.4476985931396 103.34248921893845 90.7764477655194 96.40336072551328 85.71246914949802 92.1497806432587 96.29218662543398 92.74944988246874
1.0111083228255078 1680.1844632290004 0.0 1.0971320988136528 1962.9734639726207 0.0 t_move_k 100 1769.1804542541504 103.31906432674907 90.7764477655194 96.40336072551328 85.71246914949802 92.1497806432587 96.29218662543398 92.74944988246874
1.0111083228255078 1680.1844632290004 0.0 1.107413827631573 1996.7729546940843 0.0 t_multiswap_k 100 1770.017192363739 103.31906432674907 90.7764477655194 96.40336072551328 85.71246914949802 92.1497806432587 96.29218662543398 92.89195538364405
1.0111083228255078 1680.1844632290004 0.0 1.127712175359993 2063.500430963639 0.0 t_move_k 100 1771.355892419815 103.50587368348158 90.7764477655194 96.40336072551328 85.71246914949802 92.1497806432587 96.29218662543398 92.89195538364405
1.0111083228255078 1680.1844632290004 0.0 1.1130524641196844 2015.3090438126235 0.0 t_swap_k 100 1772.4328832626343 103.50587368348158 90.7764477655194 96.56932711825814 85.71246914949802 92.1497806432587 96.29218662543398 92.89195538364405
1.0111083228255078 1680.1844632290004 0.0 1.1049474575180795 1988.66516900522 0.0 t_multiswap_k 100 1773.3363862037659 103.50587368348158 90.7764477655194 96.56932711825814 85.71246914949802 92.1497806432587 96.29218662543398 92.99303582980761
1.0111083228255078 1680.1844632290004 0.0 1.1415553729835985 2109.0076640292436 0.0 t_move_k 100 1774.0779328346252 103.53081494664677 90.7764477655194 96.56932711825814 85.71246914949802 92.1497806432587 96.29218662543398 92.99303582980761
1.0111083228255078 1680.1844632290004 0.0 1.1261310401503675 2058.3027092775765 0.0 t_swap_r_k 100 1776.0343868732452 103.53081494664677 90.7764477655194 96.56932711825814 85.71246914949802 92.1497806432587 96.36926475917964 92.99303582980761
1.0111083228255078 1680.1844632290004 0.0 1.1055156294991013 1990.532940849899 0.0 t_move_k 100 1776.9540946483612 103.62550679718031 90.7764477655194 96.56932711825814 85.71246914949802 92.1497806432587 96.36926475917964 92.99303582980761
1.0111083228255078 1680.1844632290004 0.0 1.0890084811187069 1936.268408259959 0.0 t_move_k 100 1777.8593883514404 103.6592517292085 90.7764477655194 96.56932711825814 85.71246914949802 92.1497806432587 96.36926475917964 92.99303582980761
1.0111083228255078 1680.1844632290004 0.0 1.1317218449571627 2150.5728977235185 0.0 swap_t 100 1778.599925994873 103.6592517292085 90.7764477655194 96.56932711825814 85.71246914949802 92.2982828368261 96.36926475917964 92.99303582980761
1.0111083228255078 1680.1844632290004 0.0 1.1136012758403508 2017.1131719888274 0.0 swap_t 100 1779.2469277381897 103.6592517292085 90.7764477655194 96.56932711825814 85.71246914949802 92.37530000845784 96.36926475917964 92.99303582980761
1.0111083228255078 1680.1844632290004 0.0 1.1109947507771123 2008.5446499775637 0.0 f_swap_t 100 1780.4788162708282 103.6592517292085 90.7764477655194 96.56932711825814 85.85534445800305 92.37530000845784 96.36926475917964 92.99303582980761
1.0111083228255078 1680.1844632290004 0.0 1.1109947507771123 2008.5446499775637 0.0 t_swap_r_k 100 1782.2747311592102 103.6592517292085 90.7764477655194 96.56932711825814 85.85534445800305 92.37530000845784 96.44557211158785 92.99303582980761
1.0111083228255078 1680.1844632290004 0.0 1.1109947507771123 2008.5446499775637 0.0 t_swap_r_k 100 1784.0402841567993 103.6592517292085 90.7764477655194 96.56932711825814 85.85534445800305 92.37530000845784 96.52111639047197 92.99303582980761
1.0111083228255078 1680.1844632290004 0.0 1.1109947507771123 2008.5446499775637 0.0 swap_t 100 1784.6513271331787 103.6592517292085 90.7764477655194 96.56932711825814 85.85534445800305 92.45154700837327 96.52111639047197 92.99303582980761
1.0111083228255078 1680.1844632290004 0.0 1.1380741977306945 2097.563873520468 0.0 t_move_k 100 1786.1116569042206 103.74265921191642 90.7764477655194 96.56932711825814 85.85534445800305 92.45154700837327 96.52111639047197 92.99303582980761
1.0111083228255078 1680.1844632290004 0.0 1.118768197298051 2039.9085115992661 0.0 move_t 100 1787.3051254749298 103.74265921191642 91.05868328786421 96.56932711825814 85.85534445800305 92.45154700837327 96.52111639047197 92.99303582980761
1.0111083228255078 1680.1844632290004 0.0 1.0905338283337933 1941.2827360988208 0.0 t_multiswap_k 100 1787.8071870803833 103.74265921191642 91.05868328786421 96.56932711825814 85.85534445800305 92.45154700837327 96.52111639047197 93.12310547150953
1.0111083228255078 1680.1844632290004 0.0 1.0870337864210917 1929.776924552138 0.0 t_swap_r_k 100 1788.8835716247559 103.74265921191642 91.05868328786421 96.56932711825814 85.85534445800305 92.45154700837327 96.59590522656725 93.12310547150953
1.0111083228255078 1680.1844632290004 0.0 1.0863346763488138 1927.4787152898916 0.0 t_move_k 100 1789.8985557556152 103.73523261979726 91.05868328786421 96.56932711825814 85.85534445800305 92.45154700837327 96.59590522656725 93.12310547150953
1.0111083228255078 1680.1844632290004 0.0 1.0832247482067972 1917.2553385366264 0.0 t_multiswap_k 100 1790.48251414299 103.73523261979726 91.05868328786421 96.56932711825814 85.85534445800305 92.45154700837327 96.59590522656725 93.22187441679444
1.0111083228255078 1680.1844632290004 0.0 1.0772670455590982 1897.6703719489865 0.0 t_multiswap_k 100 1791.1262292861938 103.73523261979726 91.05868328786421 96.56932711825814 85.85534445800305 92.45154700837327 96.59590522656725 93.3196556726265
1.0111083228255078 1680.1844632290004 0.0 1.145321296079691 2121.3875161920696 0.0 t_swap_k 100 1791.9853930473328 103.73523261979726 91.05868328786421 96.69363384707556 85.85534445800305 92.45154700837327 96.59590522656725 93.3196556726265
1.0111083228255078 1680.1844632290004 0.0 1.1237391835268804 2050.439874419326 0.0 t_multiswap_k 100 1792.275000333786 103.73523261979726 91.05868328786421 96.69363384707556 85.85534445800305 92.45154700837327 96.59590522656725 93.41645911590022
1.0111083228255078 1680.1844632290004 0.0 1.1163976323038662 2026.3057334749624 0.0 t_multiswap_k 100 1792.4584288597107 103.73523261979726 91.05868328786421 96.69363384707556 85.85534445800305 92.45154700837327 96.59590522656725 93.48229452474122
1.0111083228255078 1680.1844632290004 0.0 1.1162359038300183 2025.7740777439046 0.0 f_swap_t 100 1793.3816187381744 103.73523261979726 91.05868328786421 96.69363384707556 85.99679101342302 92.45154700837327 96.59590522656725 93.48229452474122
1.0111083228255078 1680.1844632290004 0.0 1.1161665509109526 2025.5460914406306 0.0 f_swap_t 100 1795.0367736816406 103.73523261979726 91.05868328786421 96.69363384707556 86.13682310328879 92.45154700837327 96.59590522656725 93.48229452474122
1.0111083228255078 1680.1844632290004 0.0 1.11571654456464 2024.066769665456 0.0 f_swap_t 100 1796.360535144806 103.73523261979726 91.05868328786421 96.69363384707556 86.30545487225591 92.45154700837327 96.59590522656725 93.48229452474122
1.0111083228255078 1680.1844632290004 0.0 1.1136317693174371 2017.213414274351 0.0 t_swap_r_k 100 1798.3664093017578 103.73523261979726 91.05868328786421 96.69363384707556 86.30545487225591 92.45154700837327 96.66994617430159 93.48229452474122
1.0111083228255078 1680.1844632290004 0.0 1.1136317693174371 2017.213414274351 0.0 move_t 100 1799.181251525879 103.73523261979726 91.14809645498558 96.69363384707556 86.30545487225591 92.45154700837327 96.66994617430159 93.48229452474122
1.0111083228255078 1680.1844632290004 0.0 1.1136317693174371 2017.213414274351 0.0 swap_t 100 1799.8270716667175 103.73523261979726 91.14809645498558 96.69363384707556 86.30545487225591 92.52703153828953 96.66994617430159 93.48229452474122
1.0111083228255078 1680.1844632290004 0.0 1.122815234024662 2047.402542548356 0.0 f_swap_t 100 1800.6518762111664 103.73523261979726 91.14809645498558 96.69363384707556 86.48240032353335 92.52703153828953 96.66994617430159 93.48229452474122
1.0111083228255078 1680.1844632290004 0.0 1.1383062037876543 2098.326555235616 0.0 t_multiswap_k 100 1800.9987967014313 103.73523261979726 91.14809645498558 96.69363384707556 86.48240032353335 92.52703153828953 96.66994617430159 93.58747157949381
1.0111083228255078 1680.1844632290004 0.0 1.1365242546611043 2092.468690859347 0.0 swap_t 100 1801.737637758255 103.73523261979726 91.14809645498558 96.69363384707556 86.48240032353335 92.60176122290665 96.66994617430159 93.58747157949381
1.0111083228255078 1680.1844632290004 0.0 1.1361274818500209 2091.164365566954 0.0 move_t 100 1802.7033104896545 103.73523261979726 91.23661549043572 96.69363384707556 86.48240032353335 92.60176122290665 96.66994617430159 93.58747157949381
1.0111083228255078 1680.1844632290004 0.0 1.1875673575972345 2260.2644881067417 0.0 t_move_k 100 1803.936487197876 103.85788029359928 91.23661549043572 96.69363384707556 86.48240032353335 92.60176122290665 96.66994617430159 93.58747157949381
1.0111083228255078 1680.1844632290004 0.0 1.1822921651023948 2242.9231612792423 0.0 move_t 100 1805.1407234668732 103.85788029359928 91.52424933553137 96.69363384707556 86.48240032353335 92.60176122290665 96.66994617430159 93.58747157949381
1.0111083228255078 1680.1844632290004 0.0 1.1698485366819726 2202.01678154626 0.0 move_t 100 1806.1364343166351 103.85788029359928 91.64900684217605 96.69363384707556 86.48240032353335 92.60176122290665 96.66994617430159 93.58747157949381
1.0111083228255078 1680.1844632290004 0.0 1.1422979020771105 2111.4486061753564 0.0 t_multiswap_k 100 1806.6490242481232 103.85788029359928 91.64900684217605 96.69363384707556 86.48240032353335 92.60176122290665 96.66994617430159 93.68159686369887
1.0111083228255078 1680.1844632290004 0.0 1.1411681941088487 2107.734877223016 0.0 move_t 100 1807.8516039848328 103.85788029359928 91.76251677375429 96.69363384707556 86.48240032353335 92.60176122290665 96.66994617430159 93.68159686369887
1.0111083228255078 1680.1844632290004 0.0 1.1507218998597621 2139.141111972252 0.0 t_swap_k 100 1808.702978849411 103.85788029359928 91.76251677375429 96.8066975086048 86.48240032353335 92.60176122290665 96.66994617430159 93.68159686369887
1.0111083228255078 1680.1844632290004 0.0 1.14878643419517 2132.778587251888 0.0 swap_t 100 1809.2876515388489 103.85788029359928 91.76251677375429 96.8066975086048 86.48240032353335 92.67574361067759 96.66994617430159 93.68159686369887
1.0111083228255078 1680.1844632290004 0.0 1.1309684458873508 2074.204884215136 0.0 t_move_k 100 1810.058091878891 103.87930149066328 91.76251677375429 96.8066975086048 86.48240032353335 92.67574361067759 96.66994617430159 93.68159686369887
1.0111083228255078 1680.1844632290004 0.0 1.1291121953305137 2068.1027661196686 0.0 f_swap_t 100 1810.9881632328033 103.87930149066328 91.76251677375429 96.8066975086048 86.61757632029803 92.67574361067759 96.66994617430159 93.68159686369887
1.0111083228255078 1680.1844632290004 0.0 1.1291121953305137 2068.1027661196686 0.0 swap_t 100 1811.7684769630432 103.87930149066328 91.76251677375429 96.8066975086048 86.61757632029803 92.7489861745708 96.66994617430159 93.68159686369887
1.0111083228255078 1680.1844632290004 0.0 1.1433509426440747 2068.1027661196686 0.0 swap_t 100 1812.6201984882355 103.87930149066328 91.76251677375429 96.8066975086048 86.61757632029803 92.8314963128251 96.66994617430159 93.68159686369887
1.0111083228255078 1680.1844632290004 0.0 1.1336084121618721 2081.2558027749983 0.0 move_t 100 1813.5198242664337 103.87930149066328 91.93489160601675 96.8066975086048 86.61757632029803 92.8314963128251 96.66994617430159 93.68159686369887
1.0111083228255078 1680.1844632290004 0.0 1.1262034285707199 2058.5406742915707 0.0 t_swap_k 100 1814.2877314090729 103.87930149066328 91.93489160601675 96.83863053351875 86.61757632029803 92.8314963128251 96.66994617430159 93.68159686369887
1.0111083228255078 1680.1844632290004 0.0 1.1244001465461257 2052.6126815251964 0.0 move_t 100 1815.3260614871979 103.87930149066328 92.01554268995658 96.83863053351875 86.61757632029803 92.8314963128251 96.66994617430159 93.68159686369887
1.0111083228255078 1680.1844632290004 0.0 1.1563006115984409 2157.480208342947 0.0 t_swap_k 100 1816.1325874328613 103.87930149066328 92.01554268995658 96.98024422818357 86.61757632029803 92.8314963128251 96.66994617430159 93.68159686369887
1.0111083228255078 1680.1844632290004 0.0 1.118885843836959 2034.485319234822 0.0 t_multiswap_k 100 1816.5316383838654 103.87930149066328 92.01554268995658 96.98024422818357 86.61757632029803 92.8314963128251 96.66994617430159 93.77478089506188
1.0111083228255078 1680.1844632290004 0.0 1.110578583294658 2007.1765678961463 0.0 t_move_k 100 1817.767991065979 103.97050847575665 92.01554268995658 96.98024422818357 86.61757632029803 92.8314963128251 96.66994617430159 93.77478089506188
1.0111083228255078 1680.1844632290004 0.0 1.0985252855605914 1967.5533360311351 0.0 t_multiswap_k 100 1818.1437730789185 103.97050847575665 92.01554268995658 96.98024422818357 86.61757632029803 92.8314963128251 96.66994617430159 93.83703308611126
1.0111083228255078 1680.1844632290004 0.0 1.1063015772013798 1993.1166145239622 0.0 t_move_k 100 1818.9537267684937 103.97080339099908 92.01554268995658 96.98024422818357 86.61757632029803 92.8314963128251 96.66994617430159 93.83703308611126
1.0111083228255078 1680.1844632290004 0.0 1.155039517383874 2153.3345687371007 0.0 f_swap_t 100 1819.8285908699036 103.97080339099908 92.01554268995658 96.98024422818357 86.79140055709505 92.8314963128251 96.66994617430159 93.83703308611126
1.0111083228255078 1680.1844632290004 0.0 1.139348970131067 2101.7544779101954 0.0 move_t 100 1820.9359982013702 103.97080339099908 92.095387263057 96.98024422818357 86.79140055709505 92.8314963128251 96.66994617430159 93.83703308611126
1.0111083228255078 1680.1844632290004 0.0 1.1327455881406936 2080.046946787132 0.0 f_swap_t 100 1822.0470292568207 103.97080339099908 92.095387263057 96.98024422818357 87.0434865515241 92.8314963128251 96.66994617430159 93.83703308611126
1.0111083228255078 1680.1844632290004 0.0 1.138823142052214 2320.811882107996 0.0 move_t 100 1823.1601927280426 103.97080339099908 92.25443339042644 96.98024422818357 87.0434865515241 92.8314963128251 96.66994617430159 93.83703308611126
1.0111083228255078 1680.1844632290004 0.0 1.1261480417136873 2058.3585991178797 0.0 swap_t 100 1823.7752554416656 103.97080339099908 92.25443339042644 96.98024422818357 87.0434865515241 92.90318134969685 96.66994617430159 93.83703308611126
1.0111083228255078 1680.1844632290004 0.0 1.1261480417136873 2058.3585991178797 0.0 f_swap_t 100 1825.2467331886292 103.97080339099908 92.25443339042644 96.98024422818357 87.17305168600886 92.90318134969685 96.66994617430159 93.83703308611126
1.0111083228255078 1680.1844632290004 0.0 1.1261480417136873 2058.3585991178797 0.0 swap_t 100 1826.117377281189 103.97080339099908 92.25443339042644 96.98024422818357 87.17305168600886 92.97414953619989 96.66994617430159 93.83703308611126
1.0111083228255078 1680.1844632290004 0.0 1.1261480417136873 2058.3585991178797 0.0 t_multiswap_k 100 1826.5854034423828 103.97080339099908 92.25443339042644 96.98024422818357 87.17305168600886 92.97414953619989 96.66994617430159 93.89866275525014
1.0111083228255078 1680.1844632290004 0.0 1.1261480417136873 2058.3585991178797 0.0 swap_t 100 1827.3966097831726 103.97080339099908 92.25443339042644 96.98024422818357 87.17305168600886 93.0444080408379 96.66994617430159 93.89866275525014
1.0111083228255078 1680.1844632290004 0.0 1.1261480417136873 2058.3585991178797 0.0 t_swap_k 100 1828.2123210430145 103.97080339099908 92.25443339042644 97.01044178590173 87.17305168600886 93.0444080408379 96.66994617430159 93.89866275525014
1.0111083228255078 1680.1844632290004 0.0 1.1261480417136873 2058.3585991178797 0.0 swap_t 100 1829.0018610954285 103.97080339099908 92.25443339042644 97.01044178590173 87.17305168600886 93.11396396042952 96.66994617430159 93.89866275525014
1.0111083228255078 1680.1844632290004 0.0 1.1555004152442658 2154.8496945716497 0.0 t_move_k 100 1830.421736240387 104.00109535708908 92.25443339042644 97.01044178590173 87.17305168600886 93.11396396042952 96.66994617430159 93.89866275525014
1.0111083228255078 1680.1844632290004 0.0 1.1458573842877438 2123.149817915335 0.0 swap_t 100 1831.5241677761078 104.00109535708908 92.25443339042644 97.01044178590173 87.17305168600886 93.18282432082522 96.66994617430159 93.89866275525014
1.0111083228255078 1680.1844632290004 0.0 1.1436087733370928 2107.200669677313 0.0 move_t 100 1832.7806289196014 104.00109535708908 92.36188905652217 97.01044178590173 87.17305168600886 93.18282432082522 96.66994617430159 93.89866275525014
1.0111083228255078 1680.1844632290004 0.0 1.1359164495201273 2090.4706315264552 0.0 swap_t 100 1833.8213441371918 104.00109535708908 92.36188905652217 97.01044178590173 87.17305168600886 93.25099607761696 96.66994617430159 93.89866275525014
1.0111083228255078 1680.1844632290004 0.0 1.1352902398892337 2088.4120704630486 0.0 t_swap_r_k 100 1835.7475719451904 104.00109535708908 92.36188905652217 97.01044178590173 87.17305168600886 93.25099607761696 96.74324671255857 93.89866275525014
1.0111083228255078 1680.1844632290004 0.0 1.1352902398892337 2088.4120704630486 0.0 t_move_k 100 1836.5144438743591 103.9610844035182 92.36188905652217 97.01044178590173 87.17305168600886 93.25099607761696 96.74324671255857 93.89866275525014
1.0111083228255078 1680.1844632290004 0.0 1.1346631123182793 2074.5050859947064 0.0 move_t 100 1837.3433697223663 103.9610844035182 92.46827016595695 97.01044178590173 87.17305168600886 93.25099607761696 96.74324671255857 93.89866275525014
1.0111083228255078 1680.1844632290004 0.0 1.1567707091519916 2159.025576654133 0.0 t_swap_k 100 1838.1574501991272 103.9610844035182 92.46827016595695 97.15033736804271 87.17305168600886 93.25099607761696 96.74324671255857 93.89866275525014
1.0111083228255078 1680.1844632290004 0.0 1.1477557439262391 2129.390362683982 0.0 t_swap_r_k 100 1840.1923370361328 103.9610844035182 92.46827016595695 97.15033736804271 87.17305168600886 93.25099607761696 96.81581424543299 93.89866275525014
1.0111083228255078 1680.1844632290004 0.0 1.1677994828777223 2195.28085451774 0.0 t_swap_k 100 1841.142925977707 103.9610844035182 92.46827016595695 97.28883399436229 87.17305168600886 93.25099607761696 96.81581424543299 93.89866275525014
1.0111083228255078 1680.1844632290004 0.0 1.155368202517011 2154.4150669980922 0.0 f_swap_t 100 1842.048644542694 103.9610844035182 92.46827016595695 97.28883399436229 87.33132116914878 93.25099607761696 96.81581424543299 93.89866275525014
1.0111083228255078 1680.1844632290004 0.0 1.1511969505406316 2141.6816092397157 0.0 move_t 100 1842.8489305973053 103.9610844035182 92.57358746429738 97.28883399436229 87.33132116914878 93.25099607761696 96.81581424543299 93.89866275525014
1.0111083228255078 1680.1844632290004 0.0 1.1479252807433644 2129.9476870580097 0.0 t_swap_r_k 100 1844.486964225769 103.9610844035182 92.57358746429738 97.28883399436229 87.33132116914878 93.25099607761696 96.88765610297865 93.89866275525014
1.0111083228255078 1680.1844632290004 0.0 1.147151023752091 2127.402444671636 0.0 t_swap_r_k 100 1846.2646033763885 103.9610844035182 92.57358746429738 97.28883399436229 87.33132116914878 93.25099607761696 96.95877954194887 93.89866275525014
1.0111083228255078 1680.1844632290004 0.0 1.147151023752091 2127.402444671636 0.0 move_t 100 1847.2053453922272 103.9610844035182 92.64785158965441 97.28883399436229 87.33132116914878 93.25099607761696 96.95877954194887 93.89866275525014
1.0111083228255078 1680.1844632290004 0.0 1.147151023752091 2127.402444671636 0.0 t_swap_r_k 100 1848.6149246692657 103.9610844035182 92.64785158965441 97.28883399436229 87.33132116914878 93.25099607761696 97.02919174652938 93.89866275525014
1.0111083228255078 1680.1844632290004 0.0 1.1435598965301765 2115.597205167056 0.0 f_swap_t 100 1849.936526298523 103.9610844035182 92.64785158965441 97.28883399436229 87.48800795745728 93.25099607761696 97.02919174652938 93.89866275525014
1.0111083228255078 1680.1844632290004 0.0 1.1346609926622713 2086.3435238026705 0.0 t_swap_r_k 100 1851.8143918514252 103.9610844035182 92.64785158965441 97.28883399436229 87.48800795745728 93.25099607761696 97.09889982906408 93.89866275525014
1.0111083228255078 1680.1844632290004 0.0 1.1265457937986825 2059.6661436120316 0.0 t_swap_k 100 1852.6425619125366 103.9610844035182 92.64785158965441 97.34594565441867 87.48800795745728 93.25099607761696 97.09889982906408 93.89866275525014
1.0111083228255078 1680.1844632290004 0.0 1.1255635227236023 2056.43708917225 0.0 t_multiswap_k 100 1853.168062210083 103.9610844035182 92.64785158965441 97.34594565441867 87.48800795745728 93.25099607761696 97.09889982906408 93.98967612769763
1.0111083228255078 1680.1844632290004 0.0 1.118896812513543 2028.6635125769576 0.0 move_t 100 1854.3792324066162 103.9610844035182 92.75137307375786 97.34594565441867 87.48800795745728 93.25099607761696 97.09889982906408 93.98967612769763
1.0111083228255078 1680.1844632290004 0.0 1.118558829215839 2033.4103125070565 0.0 t_swap_k 100 1855.2638919353485 103.9610844035182 92.75137307375786 97.37248619787448 87.48800795745728 93.25099607761696 97.09889982906408 93.98967612769763
1.0111083228255078 1680.1844632290004 0.0 1.118558829215839 2033.4103125070565 0.0 t_swap_r_k 100 1856.6750395298004 103.9610844035182 92.75137307375786 97.37248619787448 87.48800795745728 93.25099607761696 97.16791083077344 93.98967612769763
1.0111083228255078 1680.1844632290004 0.0 1.118558829215839 2033.4103125070565 0.0 t_swap_k 100 1857.548455953598 103.9610844035182 92.75137307375786 97.39876133589574 87.48800795745728 93.25099607761696 97.16791083077344 93.98967612769763
1.0111083228255078 1680.1844632290004 0.0 1.116951822682855 2028.127543104866 0.0 t_move_k 100 1858.6897947788239 103.95147355948302 92.75137307375786 97.39876133589574 87.48800795745728 93.25099607761696 97.16791083077344 93.98967612769763
1.0111083228255078 1680.1844632290004 0.0 1.116951822682855 2028.127543104866 0.0 t_multiswap_k 100 1859.246933221817 103.95147355948302 92.75137307375786 97.39876133589574 87.48800795745728 93.25099607761696 97.16791083077344 94.04977936642067
1.0111083228255078 1680.1844632290004 0.0 1.116951822682855 2028.127543104866 0.0 swap_t 100 1860.205270767212 103.95147355948302 92.75137307375786 97.39876133589574 87.48800795745728 93.31848611684079 97.16791083077344 94.04977936642067
1.0111083228255078 1680.1844632290004 0.0 1.116951822682855 2028.127543104866 0.0 f_swap_t 100 1861.439376592636 103.95147355948302 92.75137307375786 97.39876133589574 87.61312787788272 93.31848611684079 97.16791083077344 94.04977936642067
1.0111083228255078 1680.1844632290004 0.0 1.1670753633305826 2192.9004307244068 0.0 move_t 100 1862.653504371643 103.95147355948302 92.99385934302028 97.39876133589574 87.61312787788272 93.31848611684079 97.16791083077344 94.04977936642067
1.0111083228255078 1680.1844632290004 0.0 1.1434325640142584 2115.1786204847976 0.0 swap_t 100 1863.7229747772217 103.95147355948302 92.99385934302028 97.39876133589574 87.61312787788272 93.41530125567238 97.16791083077344 94.04977936642067
1.0111083228255078 1680.1844632290004 0.0 1.1684926860870655 2197.559645940584 0.0 f_swap_t 100 1865.2169122695923 103.95147355948302 92.99385934302028 97.39876133589574 87.7469965991039 93.41530125567238 97.16791083077344 94.04977936642067
1.0111083228255078 1680.1844632290004 0.0 1.1534374092231698 2148.0679019273207 0.0 t_swap_r_k 100 1867.2772362232208 103.95147355948302 92.99385934302028 97.39876133589574 87.7469965991039 93.41530125567238 97.2362317224657 94.04977936642067
1.0111083228255078 1680.1844632290004 0.0 1.1534374092231698 2148.0679019273207 0.0 t_swap_r_k 100 1868.7596018314362 103.95147355948302 92.99385934302028 97.39876133589574 87.7469965991039 93.41530125567238 97.30386940524104 94.04977936642067
1.0111083228255078 1680.1844632290004 0.0 1.1504448842233008 2138.230468674799 0.0 t_move_k 100 1869.9169051647186 103.99195882388818 92.99385934302028 97.39876133589574 87.7469965991039 93.41530125567238 97.30386940524104 94.04977936642067
1.0111083228255078 1680.1844632290004 0.0 1.134794554797148 2086.7825873316206 0.0 t_multiswap_k 100 1870.6063349246979 103.99195882388818 92.99385934302028 97.39876133589574 87.7469965991039 93.41530125567238 97.30386940524104 94.19928157275646
1.0111083228255078 1680.1844632290004 0.0 1.1495531143772502 2135.298922125474 0.0 t_swap_k 100 1871.539187669754 103.99195882388818 92.99385934302028 97.52477372253678 87.7469965991039 93.41530125567238 97.30386940524104 94.19928157275646
1.0111083228255078 1680.1844632290004 0.0 1.1338371563096121 2083.635297428408 0.0 move_t 100 1872.3770282268524 103.99195882388818 93.09392074959007 97.52477372253678 87.7469965991039 93.41530125567238 97.30386940524104 94.19928157275646
1.0111083228255078 1680.1844632290004 0.0 1.1334154536891297 2082.249019492019 0.0 f_swap_t 100 1873.5725321769714 103.99195882388818 93.09392074959007 97.52477372253678 87.86952663311286 93.41530125567238 97.30386940524104 94.19928157275646
1.0111083228255078 1680.1844632290004 0.0 1.130473438120306 2072.5776276782667 0.0 t_multiswap_k 100 1874.0303480625153 103.99195882388818 93.09392074959007 97.52477372253678 87.86952663311286 93.41530125567238 97.30386940524104 94.31728875702889
1.0111083228255078 1680.1844632290004 0.0 1.1114028362948458 2009.8861639305637 0.0 t_swap_k 100 1875.1719694137573 103.99195882388818 93.09392074959007 97.60952598531141 87.86952663311286 93.41530125567238 97.30386940524104 94.31728875702889
1.0111083228255078 1680.1844632290004 0.0 1.1105344703945765 2007.0315539998064 0.0 f_swap_t 100 1876.1029965877533 103.99195882388818 93.09392074959007 97.60952598531141 87.99083136678172 93.41530125567238 97.30386940524104 94.31728875702889
1.0111083228255078 1680.1844632290004 0.0 1.101409552206888 1977.0348877697713 0.0 t_move_k 100 1877.3093736171722 104.0420392356493 93.09392074959007 97.60952598531141 87.99083136678172 93.41530125567238 97.30386940524104 94.31728875702889
1.0111083228255078 1680.1844632290004 0.0 1.0972206736372359 1963.2646391223323 0.0 t_swap_r_k 100 1879.1871972084045 104.0420392356493 93.09392074959007 97.60952598531141 87.99083136678172 93.41530125567238 97.37083071118863 94.31728875702889
1.0111083228255078 1680.1844632290004 0.0 1.0933298925947534 1950.474337017162 0.0 t_multiswap_k 100 1879.7540652751923 104.0420392356493 93.09392074959007 97.60952598531141 87.99083136678172 93.41530125567238 97.37083071118863 94.43411586945861
1.0111083228255078 1680.1844632290004 0.0 1.0933298925947534 1950.474337017162 0.0 t_swap_r_k 100 1881.9014310836792 104.0420392356493 93.09392074959007 97.60952598531141 87.99083136678172 93.41530125567238 97.43712240407675 94.43411586945861
1.0111083228255078 1680.1844632290004 0.0 1.0985717277033957 1980.667550131471 0.0 swap_t 100 1882.918737411499 104.0420392356493 93.09392074959007 97.60952598531141 87.99083136678172 93.49114824311565 97.43712240407675 94.43411586945861
1.0111083228255078 1680.1844632290004 0.0 1.0892580222607506 1937.0887336803714 0.0 t_move_k 100 1884.0290026664734 104.0616188432928 93.09392074959007 97.60952598531141 87.99083136678172 93.49114824311565 97.43712240407675 94.43411586945861
1.0111083228255078 1680.1844632290004 0.0 1.0843440369539885 1920.934816015102 0.0 f_swap_t 100 1885.158249616623 104.0616188432928 93.09392074959007 97.60952598531141 88.14092305311391 93.49114824311565 97.43712240407675 94.43411586945861
1.0111083228255078 1680.1844632290004 0.0 1.085832333266299 1925.8273451110888 0.0 t_swap_k 100 1886.2645354270935 104.0616188432928 93.09392074959007 97.67343072545829 88.14092305311391 93.49114824311565 97.43712240407675 94.43411586945861
1.0111083228255078 1680.1844632290004 0.0 1.0820923240343483 1913.532680510212 0.0 t_multiswap_k 100 1887.0519316196442 104.0616188432928 93.09392074959007 97.67343072545829 88.14092305311391 93.49114824311565 97.43712240407675 94.51977471076403
1.0111083228255078 1680.1844632290004 0.0 1.0787203819160265 1902.4479759474068 0.0 swap_t 100 1887.8875098228455 104.0616188432928 93.09392074959007 97.67343072545829 88.14092305311391 93.55623676068448 97.43712240407675 94.51977471076403
1.0111083228255078 1680.1844632290004 0.0 1.0785673482698765 1901.944903030904 0.0 swap_t 100 1888.612244129181 104.0616188432928 93.09392074959007 97.67343072545829 88.14092305311391 93.65067439307764 97.43712240407675 94.51977471076403
1.0111083228255078 1680.1844632290004 0.0 1.078528430619329 1901.816967662069 0.0 f_swap_t 100 1889.5877947807312 104.0616188432928 93.09392074959007 97.67343072545829 88.25951382258278 93.65067439307764 97.43712240407675 94.51977471076403
1.0111083228255078 1680.1844632290004 0.0 1.078528430619329 1901.816967662069 0.0 t_swap_k 100 1890.7380483150482 104.0616188432928 93.09392074959007 97.6966964182037 88.25951382258278 93.65067439307764 97.43712240407675 94.51977471076403
1.0111083228255078 1680.1844632290004 0.0 1.1029717214183403 2005.4032139167948 0.0 move_t 100 1891.8537986278534 104.0616188432928 93.21298154209417 97.6966964182037 88.25951382258278 93.65067439307764 97.43712240407675 94.51977471076403
1.0111083228255078 1680.1844632290004 0.0 1.098455438520637 1967.323725386791 0.0 f_swap_t 100 1892.864060640335 104.0616188432928 93.21298154209417 97.6966964182037 88.37691868435695 93.65067439307764 97.43712240407675 94.51977471076403
1.0111083228255078 1680.1844632290004 0.0 1.098455438520637 1967.323725386791 0.0 t_swap_r_k 100 1894.7694725990295 104.0616188432928 93.21298154209417 97.6966964182037 88.37691868435695 93.65067439307764 97.50275118003597 94.51977471076403
1.0111083228255078 1680.1844632290004 0.0 1.098455438520637 1967.323725386791 0.0 swap_t 100 1895.5855567455292 104.0616188432928 93.21298154209417 97.6966964182037 88.37691868435695 93.71416764914686 97.50275118003597 94.51977471076403
1.0111083228255078 1680.1844632290004 0.0 1.092739379010136 1948.533120828949 0.0 t_move_k 100 1896.4144339561462 104.08100265485987 93.21298154209417 97.6966964182037 88.37691868435695 93.71416764914686 97.50275118003597 94.51977471076403
1.0111083228255078 1680.1844632290004 0.0 1.1254936488916452 2042.322682078195 0.0 swap_t 100 1897.2815716266632 104.08100265485987 93.21298154209417 97.6966964182037 88.37691868435695 93.78702597265539 97.50275118003597 94.51977471076403
1.0111083228255078 1680.1844632290004 0.0 1.120182307665055 2038.7472306219493 0.0 t_move_k 100 1897.8981409072876 104.06019262831127 93.21298154209417 97.6966964182037 88.37691868435695 93.78702597265539 97.50275118003597 94.51977471076403
1.0111083228255078 1680.1844632290004 0.0 1.1038109219936594 1984.9289955860863 0.0 t_multiswap_k 100 1898.4262459278107 104.06019262831127 93.21298154209417 97.6966964182037 88.37691868435695 93.78702597265539 97.50275118003597 94.60457696365638
1.0111083228255078 1680.1844632290004 0.0 1.1038109219936594 1984.9289955860863 0.0 swap_t 100 1899.0292778015137 104.06019262831127 93.21298154209417 97.6966964182037 88.37691868435695 93.84915571292883 97.50275118003597 94.60457696365638
1.0111083228255078 1680.1844632290004 0.0 1.1017930531273148 1978.2955839066935 0.0 f_swap_t 100 1899.8270254135132 104.06019262831127 93.21298154209417 97.6966964182037 88.52314949751339 93.84915571292883 97.50275118003597 94.60457696365638
1.0111083228255078 1680.1844632290004 0.0 1.0993003411598985 1970.101203709939 0.0 t_swap_r_k 100 1901.937997341156 104.06019262831127 93.21298154209417 97.6966964182037 88.52314949751339 93.84915571292883 97.56772366823562 94.60457696365638
1.0111083228255078 1680.1844632290004 0.0 1.088608944656674 1934.9549979200724 0.0 t_swap_k 100 1903.0531787872314 104.06019262831127 93.21298154209417 97.74972945402166 88.52314949751339 93.84915571292883 97.56772366823562 94.60457696365638
1.0111083228255078 1680.1844632290004 0.0 1.083491130572373 1918.1310267066883 0.0 t_multiswap_k 100 1903.7282803058624 104.06019262831127 93.21298154209417 97.74972945402166 88.52314949751339 93.84915571292883 97.56772366823562 94.65853119401982
1.0111083228255078 1680.1844632290004 0.0 1.1058196678782406 1931.4561386427035 0.0 move_t 100 1904.3296911716461 104.06019262831127 93.29085172667322 97.74972945402166 88.52314949751339 93.84915571292883 97.56772366823562 94.65853119401982
1.0111083228255078 1680.1844632290004 0.0 1.0837658646725807 1919.0341698293373 0.0 t_swap_k 100 1905.120908498764 104.06019262831127 93.29085172667322 97.87223215948144 88.52314949751339 93.84915571292883 97.56772366823562 94.65853119401982
1.0111083228255078 1680.1844632290004 0.0 1.0828070514877053 1915.8822293415342 0.0 move_t 100 1905.9681713581085 104.06019262831127 93.35794320940649 97.87223215948144 88.52314949751339 93.84915571292883 97.56772366823562 94.65853119401982
1.0111083228255078 1680.1844632290004 0.0 1.0828070514877053 1915.8822293415342 0.0 swap_t 100 1906.5948522090912 104.06019262831127 93.35794320940649 97.87223215948144 88.52314949751339 93.91066415579955 97.56772366823562 94.65853119401982
1.0111083228255078 1680.1844632290004 0.0 1.0828070514877053 1915.8822293415342 0.0 t_swap_r_k 100 1908.2788381576538 104.06019262831127 93.35794320940649 97.87223215948144 88.52314949751339 93.91066415579955 97.63204643155326 94.65853119401982
1.0111083228255078 1680.1844632290004 0.0 1.0754494907956071 1891.6954599033302 0.0 t_swap_k 100 1909.2058968544006 104.06019262831127 93.35794320940649 97.95350983788663 88.52314949751339 93.91066415579955 97.63204643155326 94.65853119401982
1.0111083228255078 1680.1844632290004 0.0 1.0948770764102518 1955.5604490847354 0.0 t_move_k 100 1910.166172027588 104.06959070202815 93.35794320940649 97.95350983788663 88.52314949751339 93.91066415579955 97.63204643155326 94.65853119401982
1.0111083228255078 1680.1844632290004 0.0 1.0931839483346533 1949.9945692901133 0.0 t_swap_r_k 100 1912.385278224945 104.06959070202815 93.35794320940649 97.95350983788663 88.52314949751339 93.91066415579955 97.69572596723773 94.65853119401982
1.0111083228255078 1680.1844632290004 0.0 1.0931839483346533 1949.9945692901133 0.0 t_swap_r_k 100 1914.6947977542877 104.06959070202815 93.35794320940649 97.95350983788663 88.52314949751339 93.91066415579955 97.75876870756535 94.65853119401982
1.0111083228255078 1680.1844632290004 0.0 1.0786166745384143 1951.3032000626226 0.0 swap_t 100 1915.6686811447144 104.06959070202815 93.35794320940649 97.95350983788663 88.52314949751339 94.00155751424155 97.75876870756535 94.65853119401982
1.0111083228255078 1680.1844632290004 0.0 1.0754494907956071 1891.6954599033297 0.0 swap_t 100 1916.6130633354187 104.06959070202815 93.35794320940649 97.95350983788663 88.52314949751339 94.06154193909914 97.75876870756535 94.65853119401982
1.0111083228255078 1680.1844632290004 0.0 1.0754494907956071 1891.6954599033297 0.0 t_swap_r_k 100 1918.6094863414764 104.06959070202815 93.35794320940649 97.95350983788663 88.52314949751339 94.06154193909914 97.8211810204897 94.65853119401982
1.0111083228255078 1680.1844632290004 0.0 1.0859284084521652 1892.015655010102 0.0 move_t 100 1919.7116658687592 104.06959070202815 93.43436377731243 97.95350983788663 88.52314949751339 94.06154193909914 97.8211810204897 94.65853119401982
1.0111083228255078 1680.1844632290004 0.0 1.0799940713378002 1906.6350202232911 0.0 t_swap_r_k 100 1921.4904460906982 104.06959070202815 93.43436377731243 97.95350983788663 88.52314949751339 94.06154193909914 97.88296921028481 94.65853119401982
1.0111083228255078 1680.1844632290004 0.0 1.0795829236678947 1905.2834399491735 0.0 t_swap_k 100 1922.3751020431519 104.06959070202815 93.43436377731243 98.00397473950777 88.52314949751339 94.06154193909914 97.88296921028481 94.65853119401982
1.0111083228255078 1680.1844632290004 0.0 1.1644836311932727 2184.38053802165 0.0 swap_t 100 1923.2470858097076 104.06959070202815 93.43436377731243 98.00397473950777 88.52314949751339 94.26092651970815 97.88296921028481 94.65853119401982
1.0111083228255078 1680.1844632290004 0.0 1.136193216075069 2091.3804560094213 0.0 move_t 100 1924.18847322464 104.06959070202815 93.6000201395393 98.00397473950777 88.52314949751339 94.26092651970815 97.88296921028481 94.65853119401982
1.0111083228255078 1680.1844632290004 0.0 1.1108032141806703 2007.9150049510408 0.0 t_swap_k 100 1925.3434913158417 104.06959070202815 93.6000201395393 98.02393499211269 88.52314949751339 94.26092651970815 97.88296921028481 94.65853119401982
1.0111083228255078 1680.1844632290004 0.0 1.108555168612115 2000.5249252590556 0.0 move_t 100 1926.3312163352966 104.06959070202815 93.66401993814391 98.02393499211269 88.52314949751339 94.26092651970815 97.88296921028481 94.65853119401982
1.0111083228255078 1680.1844632290004 0.0 1.0992176064437964 1969.8292269520643 0.0 move_t 100 1927.1232240200043 104.06959070202815 93.81737973876247 98.02393499211269 88.52314949751339 94.26092651970815 97.88296921028481 94.65853119401982
1.0111083228255078 1680.1844632290004 0.0 1.0893192606028004 1937.2900446476772 0.0 t_swap_r_k 100 1928.381948709488 104.06959070202815 93.81737973876247 98.02393499211269 88.52314949751339 94.26092651970815 97.94413951818197 94.65853119401982
1.0111083228255078 1680.1844632290004 0.0 1.0892767007226714 1937.1501360487437 0.0 t_move_k 100 1929.4374265670776 104.15889479500787 93.81737973876247 98.02393499211269 88.52314949751339 94.26092651970815 97.94413951818197 94.65853119401982
1.0111083228255078 1680.1844632290004 0.0 1.0802293870583433 1907.4085819125705 0.0 move_t 100 1930.6109240055084 104.15889479500787 93.87920594137485 98.02393499211269 88.52314949751339 94.26092651970815 97.94413951818197 94.65853119401982
1.0111083228255078 1680.1844632290004 0.0 1.0800676585844948 1906.8769261815123 0.0 move_t 100 1931.493089914322 104.15889479500787 93.9404138819611 98.02393499211269 88.52314949751339 94.26092651970815 97.94413951818197 94.65853119401982
1.0111083228255078 1680.1844632290004 0.0 1.1318165068691868 2074.019016769767 0.0 swap_t 100 1932.3774962425232 104.15889479500787 93.9404138819611 98.02393499211269 88.52314949751339 94.33831725451107 97.94413951818197 94.65853119401982
1.0111083228255078 1680.1844632290004 0.0 1.1150748056298125 2021.957158572086 0.0 swap_t 100 1933.2188568115234 104.15889479500787 93.9404138819611 98.02393499211269 88.52314949751339 94.42493408196596 97.94413951818197 94.65853119401982
1.0111083228255078 1680.1844632290004 0.0 1.1147125462852827 2020.7662906187452 0.0 f_swap_t 100 1934.288301706314 104.15889479500787 93.9404138819611 98.02393499211269 88.63791800253826 94.42493408196596 97.94413951818197 94.65853119401982
1.0111083228255078 1680.1844632290004 0.0 1.113363259639634 2016.3307329155782 0.0 swap_t 100 1935.0344545841217 104.15889479500787 93.9404138819611 98.02393499211269 88.63791800253826 94.51068474114629 97.94413951818197 94.65853119401982
1.0111083228255078 1680.1844632290004 0.0 1.1032268586877803 1983.0089836272602 0.0 move_t 100 1936.1895484924316 104.15889479500787 94.0310097431415 98.02393499211269 88.63791800253826 94.51068474114629 97.94413951818197 94.65853119401982
1.0111083228255078 1680.1844632290004 0.0 1.086977394586928 1929.591545681587 0.0 t_move_k 100 1937.585636138916 104.1773058470578 94.0310097431415 98.02393499211269 88.63791800253826 94.51068474114629 97.94413951818197 94.65853119401982
1.0111083228255078 1680.1844632290004 0.0 1.0865096033293424 1928.0537589386804 0.0 swap_t 100 1938.1918365955353 104.1773058470578 94.0310097431415 98.02393499211269 88.63791800253826 94.56557789373483 97.94413951818197 94.65853119401982
1.0111083228255078 1680.1844632290004 0.0 1.0770570954354213 1896.9801954832526 0.0 t_move_k 100 1939.082748413086 104.22553278858722 94.0310097431415 98.02393499211269 88.63791800253826 94.56557789373483 97.94413951818197 94.65853119401982
1.0111083228255078 1680.1844632290004 0.0 1.089757164051754 1938.7295801403864 0.0 t_move_k 100 1939.9884011745453 104.25327746070134 94.0310097431415 98.02393499211269 88.63791800253826 94.56557789373483 97.94413951818197 94.65853119401982
1.0111083228255078 1680.1844632290004 0.0 1.077717196772391 1899.150169950509 0.0 t_swap_r_k 100 1941.8844883441925 104.25327746070134 94.0310097431415 98.02393499211269 88.63791800253826 94.56557789373483 98.00469812300015 94.65853119401982
1.0111083228255078 1680.1844632290004 0.0 1.0750825880629655 1890.4893275760517 0.0 t_swap_r_k 100 1943.3469502925873 104.25327746070134 94.0310097431415 98.02393499211269 88.63791800253826 94.56557789373483 98.06465114177016 94.65853119401982
1.0111083228255078 1680.1844632290004 0.0 1.085109174027664 1923.4500781738618 0.0 t_move_k 100 1944.2046542167664 104.28074468609432 94.0310097431415 98.02393499211269 88.63791800253826 94.56557789373483 98.06465114177016 94.65853119401982
1.0111083228255078 1680.1844632290004 0.0 1.0786941130004617 1902.3616212123598 0.0 t_swap_r_k 100 1945.9474442005157 104.28074468609432 94.0310097431415 98.02393499211269 88.63791800253826 94.56557789373483 98.12400463035246 94.65853119401982
1.0111083228255078 1680.1844632290004 0.0 1.0738692747406198 1886.5007597868128 0.0 t_swap_k 100 1947.01691532135 104.28074468609432 94.0310097431415 98.04369564219157 88.63791800253826 94.56557789373483 98.12400463035246 94.65853119401982
1.0111083228255078 1680.1844632290004 0.0 1.0738279949845273 1886.3650593848918 0.0 f_swap_t 100 1948.1293680667877 104.28074468609432 94.0310097431415 98.04369564219157 88.78153882251287 94.56557789373483 98.12400463035246 94.65853119401982
1.0111083228255078 1680.1844632290004 0.0 1.067362247503207 1865.109979050414 0.0 t_swap_r_k 100 1949.9942123889923 104.28074468609432 94.0310097431415 98.04369564219157 88.78153882251287 94.56557789373483 98.18276458404894 94.65853119401982
1.0111083228255078 1680.1844632290004 0.0 1.0527220511416995 1816.9827438505588 0.0 t_move_k 100 1951.0307824611664 104.32793723923338 94.0310097431415 98.04369564219157 88.78153882251287 94.56557789373483 98.18276458404894 94.65853119401982
1.0111083228255078 1680.1844632290004 0.0 1.0459366213080599 1794.676760414824 0.0 t_multiswap_k 100 1951.565791606903 104.32793723923338 94.0310097431415 98.04369564219157 88.78153882251287 94.56557789373483 98.18276458404894 94.71194588207962
1.0111083228255078 1680.1844632290004 0.0 1.0459366213080599 1794.676760414824 0.0 swap_t 100 1952.3433113098145 104.32793723923338 94.0310097431415 98.04369564219157 88.78153882251287 94.61992211479748 98.18276458404894 94.71194588207962
1.0111083228255078 1680.1844632290004 0.0 1.0727674311955981 1882.8786305383194 0.0 f_swap_t 100 1953.490162372589 104.32793723923338 94.0310097431415 98.04369564219157 88.90372343428774 94.61992211479748 98.18276458404894 94.71194588207962
1.0111083228255078 1680.1844632290004 0.0 1.050418156614795 1809.409069902884 0.0 t_swap_r_k 100 1955.3034133911133 104.32793723923338 94.0310097431415 98.04369564219157 88.90372343428774 94.61992211479748 98.24093693820845 94.71194588207962
1.0111083228255078 1680.1844632290004 0.0 1.0484684161243303 1802.9996190426489 0.0 swap_t 100 1956.058073759079 104.32793723923338 94.0310097431415 98.04369564219157 88.90372343428774 94.6737228936495 98.24093693820845 94.71194588207962
1.0111083228255078 1680.1844632290004 0.0 1.0484684161243303 1802.9996190426489 0.0 move_t 100 1957.098426580429 104.32793723923338 94.09069964571007 98.04369564219157 88.90372343428774 94.6737228936495 98.24093693820845 94.71194588207962
1.0111083228255078 1680.1844632290004 0.0 1.0484684161243303 1802.9996190426489 0.0 move_t 100 1958.2266108989716 104.32793723923338 94.14979264925297 98.04369564219157 88.90372343428774 94.6737228936495 98.24093693820845 94.71194588207962
1.0111083228255078 1680.1844632290004 0.0 1.0484684161243303 1802.9996190426489 0.0 t_swap_r_k 100 1960.3714456558228 104.32793723923338 94.14979264925297 98.04369564219157 88.90372343428774 94.6737228936495 98.29852756882636 94.71194588207962
1.0111083228255078 1680.1844632290004 0.0 1.0484684161243303 1802.9996190426489 0.0 t_multiswap_k 100 1960.7066481113434 104.32793723923338 94.14979264925297 98.04369564219157 88.90372343428774 94.6737228936495 98.29852756882636 94.76482642325882
1.0111083228255078 1680.1844632290004 0.0 1.0484684161243303 1802.9996190426489 0.0 swap_t 100 1961.4497818946838 104.32793723923338 94.14979264925297 98.04369564219157 88.90372343428774 94.726985664713 98.29852756882636 94.76482642325882
1.0111083228255078 1680.1844632290004 0.0 1.0579360406360685 1834.1228758903744 0.0 t_swap_k 100 1962.4977962970734 104.32793723923338 94.14979264925297 98.07325868576964 88.90372343428774 94.726985664713 98.29852756882636 94.76482642325882
1.0111083228255078 1680.1844632290004 0.0 1.05563858124468 1816.4821635664875 0.0 move_t 100 1963.5955379009247 104.32793723923338 94.21829472276045 98.07325868576964 88.90372343428774 94.726985664713 98.29852756882636 94.76482642325882
1.0111083228255078 1680.1844632290004 0.0 1.05563858124468 1816.4821635664875 0.0 t_swap_k 100 1964.7545046806335 104.32793723923338 94.21829472276045 98.09252609891195 88.90372343428774 94.726985664713 98.29852756882636 94.76482642325882
1.0111083228255078 1680.1844632290004 0.0 1.05563858124468 1816.4821635664875 0.0 t_swap_r_k 100 1966.620323896408 104.32793723923338 94.21829472276045 98.09252609891195 88.90372343428774 94.726985664713 98.3555422931381 94.76482642325882
1.0111083228255078 1680.1844632290004 0.0 1.0507878266221609 1810.6242991902186 0.0 t_move_k 100 1967.51979970932 104.37465786684105 94.21829472276045 98.09252609891195 88.90372343428774 94.726985664713 98.3555422931381 94.76482642325882
1.0111083228255078 1680.1844632290004 0.0 1.0507878266221609 1810.6242991902186 0.0 swap_t 100 1968.3007180690765 104.37465786684105 94.21829472276045 98.09252609891195 88.90372343428774 94.77971580806587 98.3555422931381 94.76482642325882
1.0111083228255078 1680.1844632290004 0.0 1.0507878266221609 1810.6242991902186 0.0 t_swap_k 100 1969.9355251789093 104.37465786684105 94.21829472276045 98.11160083792282 88.90372343428774 94.77971580806587 98.3555422931381 94.76482642325882
1.0111083228255078 1680.1844632290004 0.0 1.0507878266221609 1810.6242991902186 0.0 t_multiswap_k 100 1970.2774577140808 104.37465786684105 94.21829472276045 98.11160083792282 88.90372343428774 94.77971580806587 98.3555422931381 94.81717815902624
1.0111083228255078 1680.1844632290004 0.0 1.0507878266221609 1810.6242991902186 0.0 f_swap_t 100 1971.1071090698242 104.37465786684105 94.21829472276045 98.11160083792282 89.01468619994486 94.77971580806587 98.3555422931381 94.81717815902624
1.0111083228255078 1680.1844632290004 0.0 1.0507878266221609 1810.6242991902186 0.0 move_t 100 1971.927575826645 104.37465786684105 94.27611177553284 98.11160083792282 89.01468619994486 94.77971580806587 98.3555422931381 94.81717815902624
1.0111083228255078 1680.1844632290004 0.0 1.0507878266221609 1810.6242991902186 0.0 t_swap_r_k 100 1973.8706171512604 104.37465786684105 94.27611177553284 98.11160083792282 89.01468619994486 94.77971580806587 98.41198687020672 94.81717815902624
1.0111083228255078 1680.1844632290004 0.0 1.0471264974501975 1798.58828233279 0.0 t_move_k 100 1975.0037117004395 104.47091128817264 94.27611177553284 98.11160083792282 89.01468619994486 94.77971580806587 98.41198687020672 94.81717815902624
1.0111083228255078 1680.1844632290004 0.0 1.0400734011973123 1775.4023896119586 0.0 t_swap_r_k 100 1977.2688822746277 104.47091128817264 94.27611177553284 98.11160083792282 89.01468619994486 94.77971580806587 98.46786700150466 94.81717815902624
1.0111083228255078 1680.1844632290004 0.0 1.066963057011344 1805.4528075013275 0.0 swap_t 100 1977.8883831501007 104.47091128817264 94.27611177553284 98.11160083792282 89.01468619994486 94.84191864998522 98.46786700150466 94.81717815902624
1.0111083228255078 1680.1844632290004 0.0 1.07184530695526 1879.8472989152738 0.0 f_swap_t 100 1979.193358182907 104.47091128817264 94.27611177553284 98.11160083792282 89.18453933794541 94.84191864998522 98.46786700150466 94.81717815902624
1.0111083228255078 1680.1844632290004 0.0 1.0569901151080825 1831.0133014527923 0.0 t_swap_r_k 100 1981.0759088993073 104.47091128817264 94.27611177553284 98.11160083792282 89.18453933794541 94.84191864998522 98.5231883314896 94.81717815902624
1.0111083228255078 1680.1844632290004 0.0 1.0486122810421743 1803.4725512743703 0.0 t_swap_k 100 1982.0773012638092 104.47091128817264 94.27611177553284 98.16048482954359 89.18453933794541 94.84191864998522 98.5231883314896 94.81717815902624
1.0111083228255078 1680.1844632290004 0.0 1.0455972793719415 1793.5612296685513 0.0 t_multiswap_k 100 1982.5654032230377 104.47091128817264 94.27611177553284 98.16048482954359 89.18453933794541 94.84191864998522 98.5231883314896 94.86900637743598
1.0111083228255078 1680.1844632290004 0.0 1.0583883335358897 1835.6097143337547 0.0 t_swap_k 100 1983.3940260410309 104.47091128817264 94.27611177553284 98.18887998124815 89.18453933794541 94.84191864998522 98.5231883314896 94.86900637743598
1.0111083228255078 1680.1844632290004 0.0 1.0521141467516089 1814.984358252546 0.0 f_swap_t 100 1984.370004415512 104.47091128817264 94.27611177553284 98.18887998124815 89.29269394456595 94.84191864998522 98.5231883314896 94.86900637743598
1.0111083228255078 1680.1844632290004 0.0 1.051961878025424 1814.4837998844941 0.0 t_swap_r_k 100 1986.3408107757568 104.47091128817264 94.27611177553284 98.18887998124815 89.29269394456595 94.84191864998522 98.57795644817472 94.86900637743598
1.0111083228255078 1680.1844632290004 0.0 1.051961878025424 1814.4837998844941 0.0 t_swap_r_k 100 1987.91445851326 104.47091128817264 94.27611177553284 98.18887998124815 89.29269394456595 94.84191864998522 98.63217688369296 94.86900637743598
1.0111083228255078 1680.1844632290004 0.0 1.051961878025424 1814.4837998844941 0.0 swap_t 100 1988.7365126609802 104.47091128817264 94.27611177553284 98.18887998124815 89.29269394456595 94.89349946348537 98.63217688369296 94.86900637743598
1.0111083228255078 1680.1844632290004 0.0 1.051961878025424 1814.4837998844941 0.0 swap_t 100 1989.7788858413696 104.47091128817264 94.27611177553284 98.18887998124815 89.29269394456595 94.94456446885052 98.63217688369296 94.86900637743598
1.0111083228255078 1680.1844632290004 0.0 1.0529503470008477 1817.733228901242 0.0 t_swap_k 100 1990.5750091075897 104.47091128817264 94.27611177553284 98.24699118143567 89.29269394456595 94.94456446885052 98.63217688369296 94.86900637743598
1.0111083228255078 1680.1844632290004 0.0 1.0521236064992723 1815.0154556155517 0.0 t_swap_k 100 1991.8598670959473 104.47091128817264 94.27611177553284 98.26452126962131 89.29269394456595 94.94456446885052 98.63217688369296 94.86900637743598
1.0111083228255078 1680.1844632290004 0.0 1.051961878025424 1814.4837998844941 0.0 swap_t 100 1992.874027967453 104.47091128817264 94.27611177553284 98.26452126962131 89.29269394456595 94.995118824162 98.63217688369296 94.86900637743598
1.0111083228255078 1680.1844632290004 0.0 1.051961878025424 1814.4837998844941 0.0 t_swap_r_k 100 1994.9650342464447 104.47091128817264 94.27611177553284 98.26452126962131 89.29269394456595 94.995118824162 98.68585511485604 94.86900637743598
1.0111083228255078 1680.1844632290004 0.0 1.051961878025424 1814.4837998844941 0.0 t_swap_k 100 1996.1292309761047 104.47091128817264 94.27611177553284 98.2818760569251 89.29269394456595 94.995118824162 98.68585511485604 94.86900637743598
1.0111083228255078 1680.1844632290004 0.0 1.051961878025424 1814.4837998844941 0.0 t_swap_k 100 1997.2915229797363 104.47091128817264 94.27611177553284 98.29905729635585 89.29269394456595 94.995118824162 98.68585511485604 94.86900637743598
1.0111083228255078 1680.1844632290004 0.0 1.051961878025424 1814.4837998844941 0.0 swap_t 100 1998.1896815299988 104.47091128817264 94.27611177553284 98.29905729635585 89.29269394456595 95.0451676359204 98.68585511485604 94.86900637743598
1.0111083228255078 1680.1844632290004 0.0 1.0505070824571803 1809.7013989691166 0.0 t_multiswap_k 100 1998.6382157802582 104.47091128817264 94.27611177553284 98.29905729635585 89.29269394456595 95.0451676359204 98.68585511485604 94.95031631366162
1.0111083228255078 1680.1844632290004 0.0 1.0946242642464565 1888.828826744679 0.0 move_t 100 1999.5400621891022 104.47091128817264 94.3433506577775 98.29905729635585 89.29269394456595 95.0451676359204 98.68585511485604 94.95031631366162
1.0111083228255078 1680.1844632290004 0.0 1.0920861333642056 1946.3856833172738 0.0 t_multiswap_k 100 1999.9319496154785 104.47091128817264 94.3433506577775 98.29905729635585 89.29269394456595 95.0451676359204 98.68585511485604 95.030813150525
1.0111083228255078 1680.1844632290004 0.0 1.0874390431626608 1931.1091393692222 0.0 t_multiswap_k 100 2000.3141856193542 104.47091128817264 94.3433506577775 98.29905729635585 89.29269394456595 95.0451676359204 98.68585511485604 95.08050501901975
1.0111083228255078 1680.1844632290004 0.0 1.1131929755392167 2015.7709519707594 0.0 t_swap_k 100 2001.4279625415802 104.47091128817264 94.3433506577775 98.4360667233923 89.29269394456595 95.0451676359204 98.68585511485604 95.08050501901975
1.0111083228255078 1680.1844632290004 0.0 1.1067100096732891 1994.4592690316929 0.0 t_swap_r_k 100 2003.7245166301727 104.47091128817264 94.3433506577775 98.4360667233923 89.29269394456595 95.0451676359204 98.73899656370747 95.08050501901975
1.0111083228255078 1680.1844632290004 0.0 1.0930324769573403 1949.496632075204 0.0 t_move_k 100 2004.9993793964386 104.45620217529091 94.3433506577775 98.4360667233923 89.29269394456595 95.0451676359204 98.73899656370747 95.08050501901975
1.0111083228255078 1680.1844632290004 0.0 1.090552901002697 1941.3454343577484 0.0 t_swap_r_k 100 2007.2591333389282 104.45620217529091 94.3433506577775 98.4360667233923 89.29269394456595 95.0451676359204 98.7916065980704 95.08050501901975
1.0111083228255078 1680.1844632290004 0.0 1.0979779997164694 1965.7542239228533 0.0 t_move_k 100 2008.482518196106 104.56164015353801 94.3433506577775 98.4360667233923 89.29269394456595 95.0451676359204 98.7916065980704 95.08050501901975
1.0111083228255078 1680.1844632290004 0.0 1.0909430433684402 1942.6279631527113 0.0 move_t 100 2009.109382867813 104.56164015353801 94.39991715119973 98.4360667233923 89.29269394456595 95.0451676359204 98.7916065980704 95.08050501901975
1.0111083228255078 1680.1844632290004 0.0 1.0909430433684402 1942.6279631527113 0.0 move_t 100 2009.805704832077 104.56164015353801 94.45591797968774 98.4360667233923 89.29269394456595 95.0451676359204 98.7916065980704 95.08050501901975
1.0111083228255078 1680.1844632290004 0.0 1.0835786149812083 1918.4186172974412 0.0 t_swap_k 100 2010.2966678142548 104.56164015353801 94.45591797968774 98.54170605615838 89.29269394456595 95.0451676359204 98.7916065980704 95.08050501901975
1.0111083228255078 1680.1844632290004 0.0 1.1006218758166133 1974.4455313185285 0.0 t_swap_k 100 2011.3587815761566 104.56164015353801 94.45591797968774 98.5962889955968 89.29269394456595 95.0451676359204 98.7916065980704 95.08050501901975
1.0111083228255078 1680.1844632290004 0.0 1.0928150016689298 1948.7817178693388 0.0 t_multiswap_k 100 2012.0062856674194 104.56164015353801 94.45591797968774 98.5962889955968 89.29269394456595 95.0451676359204 98.7916065980704 95.15969996882956
1.0111083228255078 1680.1844632290004 0.0 1.0918746913819635 1945.6906026121242 0.0 swap_t 100 2012.896793603897 104.56164015353801 94.45591797968774 98.5962889955968 89.29269394456595 95.09471595956119 98.7916065980704 95.15969996882956
1.0111083228255078 1680.1844632290004 0.0 1.0918746913819635 1945.6906026121242 0.0 t_multiswap_k 100 2013.4354374408722 104.56164015353801 94.45591797968774 98.5962889955968 89.29269394456595 95.09471595956119 98.7916065980704 95.20810296914127
1.0111083228255078 1680.1844632290004 0.0 1.0918746913819635 1945.6906026121242 0.0 f_swap_t 100 2014.8083736896515 104.56164015353801 94.45591797968774 98.5962889955968 89.3997670051203 95.09471595956119 98.7916065980704 95.20810296914127
1.0111083228255078 1680.1844632290004 0.0 1.0918746913819635 1945.6906026121242 0.0 t_swap_r_k 100 2016.948450088501 104.56164015353801 94.45591797968774 98.5962889955968 89.3997670051203 95.09471595956119 98.8436905320897 95.20810296914127
1.0111083228255078 1680.1844632290004 0.0 1.0918746913819635 1945.6906026121242 0.0 swap_t 100 2017.9673101902008 104.56164015353801 94.45591797968774 98.5962889955968 89.3997670051203 95.14376879996557 98.8436905320897 95.20810296914127
1.0111083228255078 1680.1844632290004 0.0 1.1187614941720514 2034.076540184169 0.0 move_t 100 2018.8325147628784 104.56164015353801 94.63135879989086 98.5962889955968 89.3997670051203 95.14376879996557 98.8436905320897 95.20810296914127
1.0111083228255078 1680.1844632290004 0.0 1.0821025690473869 1913.5663593038544 0.0 t_move_k 100 2019.8525364398956 104.60602375200263 94.63135879989086 98.5962889955968 89.3997670051203 95.14376879996557 98.8436905320897 95.20810296914127
1.0111083228255078 1680.1844632290004 0.0 1.0767941150910556 1896.1156908978155 0.0 f_swap_t 100 2020.78746175766 104.60602375200263 94.63135879989086 98.5962889955968 89.50576933506909 95.14376879996557 98.8436905320897 95.20810296914127
1.0111083228255078 1680.1844632290004 0.0 1.0767941150910556 1896.1156908978155 0.0 swap_t 100 2021.5550549030304 104.60602375200263 94.63135879989086 98.5962889955968 89.50576933506909 95.19233111196591 98.8436905320897 95.20810296914127
1.0111083228255078 1680.1844632290004 0.0 1.0767941150910556 1896.1156908978155 0.0 t_swap_r_k 100 2023.5614295005798 104.60602375200263 94.63135879989086 98.5962889955968 89.50576933506909 95.19233111196591 98.89525362676879 95.20810296914127
1.0111083228255078 1680.1844632290004 0.0 1.0767941150910556 1896.1156908978155 0.0 swap_t 100 2024.2614269256592 104.60602375200263 94.63135879989086 98.5962889955968 89.50576933506909 95.24040780084626 98.89525362676879 95.20810296914127
1.0111083228255078 1680.1844632290004 0.0 1.0767941150910556 1896.1156908978155 0.0 swap_t 100 2025.008261680603 104.60602375200263 94.63135879989086 98.5962889955968 89.50576933506909 95.2880037228378 98.89525362676879 95.20810296914127
1.0111083228255078 1680.1844632290004 0.0 1.1188859636492012 2034.485713097843 0.0 t_swap_k 100 2026.3393635749817 104.60602375200263 94.63135879989086 98.68032610564083 89.50576933506909 95.2880037228378 98.89525362676879 95.20810296914127
1.0111083228255078 1680.1844632290004 0.0 1.1025434164645633 1980.7622798392736 0.0 t_swap_r_k 100 2028.1403648853302 104.60602375200263 94.63135879989086 98.68032610564083 89.50576933506909 95.2880037228378 98.94630109050111 95.20810296914127
1.0111083228255078 1680.1844632290004 0.0 1.1005936759740986 1974.3528289790383 0.0 t_swap_r_k 100 2030.4248371124268 104.60602375200263 94.63135879989086 98.68032610564083 89.50576933506909 95.2880037228378 98.9968380795961 95.20810296914127
1.0111083228255078 1680.1844632290004 0.0 1.081336237915118 1911.0471718740562 0.0 t_move_k 100 2031.5404133796692 104.64996351448261 94.63135879989086 98.68032610564083 89.50576933506909 95.2880037228378 98.9968380795961 95.20810296914127
1.0111083228255078 1680.1844632290004 0.0 1.077110700198268 1897.1564123157093 0.0 move_t 100 2032.204134464264 104.64996351448261 94.68504521189195 98.68032610564083 89.50576933506909 95.2880037228378 98.9968380795961 95.20810296914127
1.0111083228255078 1680.1844632290004 0.0 1.0929606250074797 1949.260430619627 0.0 move_t 100 2033.2292041778564 104.64996351448261 94.77819475977303 98.68032610564083 89.50576933506909 95.2880037228378 98.9968380795961 95.20810296914127
1.0111083228255078 1680.1844632290004 0.0 1.0929606250074797 1949.260430619627 0.0 t_multiswap_k 100 2033.8889825344086 104.64996351448261 94.77819475977303 98.68032610564083 89.50576933506909 95.2880037228378 98.9968380795961 95.25602193944985
1.0111083228255078 1680.1844632290004 0.0 1.0796045718839256 1905.3546048952473 0.0 move_t 100 2035.1480796337128 104.64996351448261 94.8604128121753 98.68032610564083 89.50576933506909 95.2880037228378 98.9968380795961 95.25602193944985
1.0111083228255078 1680.1844632290004 0.0 1.0796045718839256 1905.3546048952473 0.0 swap_t 100 2035.8498764038086 104.64996351448261 94.8604128121753 98.68032610564083 89.50576933506909 95.33512368560942 98.9968380795961 95.25602193944985
1.0111083228255078 1680.1844632290004 0.0 1.0796045718839256 1905.3546048952473 0.0 f_swap_t 100 2036.4534549713135 104.64996351448261 94.8604128121753 98.68032610564083 89.6107116417184 95.33512368560942 98.9968380795961 95.25602193944985
1.0111083228255078 1680.1844632290004 0.0 1.0796045718839256 1905.3546048952473 0.0 swap_t 100 2036.7830770015717 104.64996351448261 94.8604128121753 98.68032610564083 89.6107116417184 95.38177244875332 98.9968380795961 95.25602193944985
1.0111083228255078 1680.1844632290004 0.0 1.0796045718839256 1905.3546048952473 0.0 swap_t 100 2037.4366056919098 104.64996351448261 94.8604128121753 98.68032610564083 89.6107116417184 95.42795472426579 98.9968380795961 95.25602193944985
1.0111083228255078 1680.1844632290004 0.0 1.0796045718839256 1905.3546048952473 0.0 t_swap_k 100 2038.571136713028 104.64996351448261 94.8604128121753 98.69352284458442 89.6107116417184 95.42795472426579 98.9968380795961 95.25602193944985
1.0111083228255078 1680.1844632290004 0.0 1.0796045718839256 1905.3546048952473 0.0 t_swap_r_k 100 2040.9206066131592 104.64996351448261 94.8604128121753 98.69352284458442 89.6107116417184 95.42795472426579 99.04686969880014 95.25602193944985
1.0111083228255078 1680.1844632290004 0.0 1.0796045718839256 1905.3546048952473 0.0 t_swap_k 100 2042.291897058487 104.64996351448261 94.8604128121753 98.70658761613858 89.6107116417184 95.42795472426579 99.04686969880014 95.25602193944985
1.0111083228255078 1680.1844632290004 0.0 1.0796045718839256 1905.3546048952473 0.0 f_swap_t 100 2043.2468461990356 104.64996351448261 94.8604128121753 98.70658761613858 89.71460452530121 95.42795472426579 99.04686969880014 95.25602193944985
1.0111083228255078 1680.1844632290004 0.0 1.091828160786196 1945.537640939262 0.0 f_swap_t 100 2044.2781012058258 104.64996351448261 94.8604128121753 98.70658761613858 89.8574584800482 95.42795472426579 99.04686969880014 95.25602193944985
1.0111083228255078 1680.1844632290004 0.0 1.080356318489821 1907.8258480957654 0.0 t_multiswap_k 100 2045.342699289322 104.64996351448261 94.8604128121753 98.70658761613858 89.8574584800482 95.42795472426579 99.04686969880014 95.30346172005535
1.0111083228255078 1680.1844632290004 0.0 1.0796045718839256 1905.3546048952473 0.0 t_swap_k 100 2046.8166933059692 104.64996351448261 94.8604128121753 98.7195217399772 89.8574584800482 95.42795472426579 99.04686969880014 95.30346172005535
1.0111083228255078 1680.1844632290004 0.0 1.0731605299808171 1884.1708780755687 0.0 t_move_k 100 2047.8081002235413 104.66346387933778 94.8604128121753 98.7195217399772 89.8574584800482 95.42795472426579 99.04686969880014 95.30346172005535
1.0111083228255078 1680.1844632290004 0.0 1.0966761779458143 1961.474699181687 0.0 t_move_k 100 2048.318900346756 104.65682924054441 94.8604128121753 98.7195217399772 89.8574584800482 95.42795472426579 99.04686969880014 95.30346172005535
1.0111083228255078 1680.1844632290004 0.0 1.0741875464687904 1887.5470256934236 0.0 t_swap_k 100 2049.640811443329 104.65682924054441 94.8604128121753 98.79232652257743 89.8574584800482 95.42795472426579 99.04686969880014 95.30346172005535
1.0111083228255078 1680.1844632290004 0.0 1.073859503284247 1886.4686377327444 0.0 t_multiswap_k 100 2050.1573243141174 104.65682924054441 94.8604128121753 98.79232652257743 89.8574584800482 95.42795472426579 99.04686969880014 95.3804271028548
1.0111083228255078 1680.1844632290004 0.0 1.09061436618477 1941.5474910242833 0.0 t_multiswap_k 100 2050.736734867096 104.65682924054441 94.8604128121753 98.79232652257743 89.8574584800482 95.42795472426579 99.04686969880014 95.43662283182624
1.0111083228255078 1680.1844632290004 0.0 1.0889401978336584 1936.0439382024128 0.0 t_swap_r_k 100 2052.5705502033234 104.65682924054441 94.8604128121753 98.79232652257743 89.8574584800482 95.42795472426579 99.09640100181214 95.43662283182624
1.0111083228255078 1680.1844632290004 0.0 1.0889401978336584 1936.0439382024128 0.0 swap_t 100 2053.4604892730713 104.65682924054441 94.8604128121753 98.79232652257743 89.8574584800482 95.47367517702313 99.09640100181214 95.43662283182624
1.0111083228255078 1680.1844632290004 0.0 1.0889866181399113 1936.1965373166543 0.0 t_multiswap_k 100 2054.0644567012787 104.65682924054441 94.8604128121753 98.79232652257743 89.8574584800482 95.47367517702313 99.09640100181214 95.52225660350798
1.0111083228255078 1680.1844632290004 0.0 1.0977035948315788 1964.8521630413584 0.0 t_multiswap_k 100 2054.5928575992584 104.65682924054441 94.8604128121753 98.79232652257743 89.8574584800482 95.47367517702313 99.09640100181214 95.6970340374729
1.0111083228255078 1680.1844632290004 0.0 1.0999417665471676 1972.2097840673318 0.0 f_swap_t 100 2055.140328645706 104.65682924054441 94.8604128121753 98.79232652257743 89.99888389524772 95.47367517702313 99.09640100181214 95.6970340374729
1.0111083228255078 1680.1844632290004 0.0 1.0902974936401262 1940.5058247031577 0.0 move_t 100 2055.9798681735992 104.65682924054441 94.91180868405354 98.79232652257743 89.99888389524772 95.47367517702313 99.09640100181214 95.6970340374729
1.0111083228255078 1680.1844632290004 0.0 1.0994535345719636 1970.6048018305835 0.0 t_move_k 100 2057.143165588379 104.68026094813897 94.91180868405354 98.79232652257743 89.99888389524772 95.47367517702313 99.09640100181214 95.6970340374729
1.0111083228255078 1680.1844632290004 0.0 1.0934088659832129 1950.73394902967 0.0 t_swap_r_k 100 2059.2038497924805 104.68026094813897 94.91180868405354 98.79232652257743 89.99888389524772 95.47367517702313 99.14543699179401 95.6970340374729
1.0111083228255078 1680.1844632290004 0.0 1.093323837537214 1950.4544320123969 0.0 t_swap_k 100 2060.475098133087 104.68026094813897 94.91180868405354 98.83440325735165 89.99888389524772 95.47367517702313 99.14543699179401 95.6970340374729
1.0111083228255078 1680.1844632290004 0.0 1.0883358748771705 1934.0573259777284 0.0 t_swap_k 100 2061.3670043945312 104.68026094813897 94.91180868405354 98.87605922477813 89.99888389524772 95.47367517702313 99.14543699179401 95.6970340374729
1.0111083228255078 1680.1844632290004 0.0 1.0881986958467629 1933.6063725002 0.0 t_swap_k 100 2062.7204101085663 104.68026094813897 94.91180868405354 98.88729863253035 89.99888389524772 95.47367517702313 99.14543699179401 95.6970340374729
1.0111083228255078 1680.1844632290004 0.0 1.0753056280538378 1891.2225348250959 0.0 t_multiswap_k 100 2063.455672979355 104.68026094813897 94.91180868405354 98.88729863253035 89.99888389524772 95.47367517702313 99.14543699179401 95.80006369709817
1.0111083228255078 1680.1844632290004 0.0 1.071874597984385 1879.9435883510928 0.0 swap_t 100 2064.401518344879 104.68026094813897 94.91180868405354 98.88729863253035 89.99888389524772 95.5189384252529 99.14543699179401 95.80006369709817
1.0111083228255078 1680.1844632290004 0.0 1.071874597984385 1879.9435883510928 0.0 t_swap_r_k 100 2066.249710083008 104.68026094813897 94.91180868405354 98.88729863253035 89.99888389524772 95.5189384252529 99.19398262187607 95.80006369709817
1.0111083228255078 1680.1844632290004 0.0 1.071874597984385 1879.9435883510928 0.0 f_swap_t 100 2067.8827023506165 104.68026094813897 94.91180868405354 98.88729863253035 90.09889505629523 95.5189384252529 99.19398262187607 95.80006369709817
1.0111083228255078 1680.1844632290004 0.0 1.071874597984385 1879.9435883510928 0.0 swap_t 100 2068.458503961563 104.68026094813897 94.91180868405354 98.88729863253035 90.09889505629523 95.56374904100036 99.19398262187607 95.80006369709817
1.0111083228255078 1680.1844632290004 0.0 1.0665230160559132 1862.3511438371631 0.0 t_move_k 100 2069.4539272785187 104.69345833865758 94.91180868405354 98.88729863253035 90.09889505629523 95.56374904100036 99.19398262187607 95.80006369709817
1.0111083228255078 1680.1844632290004 0.0 1.0645574428562508 1855.889645552113 0.0 move_t 100 2070.342994451523 104.69345833865758 94.962690597213 98.88729863253035 90.09889505629523 95.56374904100036 99.19398262187607 95.80006369709817
1.0111083228255078 1680.1844632290004 0.0 1.0701597397030804 1874.30627408284 0.0 move_t 100 2071.2100315093994 104.69345833865758 95.05306369124087 98.88729863253035 90.09889505629523 95.56374904100036 99.19398262187607 95.80006369709817
1.0111083228255078 1680.1844632290004 0.0 1.0650754933708844 1857.5926513279603 0.0 t_move_k 100 2072.5500717163086 104.676523755271 95.05306369124087 98.88729863253035 90.09889505629523 95.56374904100036 99.19398262187607 95.80006369709817
1.0111083228255078 1680.1844632290004 0.0 1.0594550733778776 1839.116445937942 0.0 t_multiswap_k 100 2073.136034011841 104.676523755271 95.05306369124087 98.88729863253035 90.09889505629523 95.56374904100036 99.19398262187607 95.84206306012719
1.0111083228255078 1680.1844632290004 0.0 1.0594550733778776 1839.116445937942 0.0 t_swap_k 100 2074.3222880363464 104.676523755271 95.05306369124087 98.89842564620504 90.09889505629523 95.56374904100036 99.19398262187607 95.84206306012719
1.0111083228255078 1680.1844632290004 0.0 1.0594550733778776 1839.116445937942 0.0 t_swap_r_k 100 2076.7620902061462 104.676523755271 95.05306369124087 98.89842564620504 90.09889505629523 95.56374904100036 99.24204279565731 95.84206306012719
1.0111083228255078 1680.1844632290004 0.0 1.0594550733778776 1839.116445937942 0.0 t_multiswap_k 100 2077.5467886924744 104.676523755271 95.05306369124087 98.89842564620504 90.09889505629523 95.56374904100036 99.24204279565731 95.88364242952592
1.0111083228255078 1680.1844632290004 0.0 1.0609312883692295 1843.9692596803277 0.0 t_multiswap_k 100 2078.09672832489 104.676523755271 95.05306369124087 98.89842564620504 90.09889505629523 95.56374904100036 99.24204279565731 95.96480600523066
1.0111083228255078 1680.1844632290004 0.0 1.0609312883692295 1843.9692596803277 0.0 move_t 100 2079.0422699451447 104.676523755271 95.10253305432846 98.89842564620504 90.09889505629523 95.56374904100036 99.24204279565731 95.96480600523066
1.0111083228255078 1680.1844632290004 0.0 1.0578624828732606 1833.8810668555764 0.0 t_move_k 100 2080.0191988945007 104.6897585177183 95.10253305432846 98.89842564620504 90.09889505629523 95.56374904100036 99.24204279565731 95.96480600523066
1.0111083228255078 1680.1844632290004 0.0 1.0549845125243107 1824.4202131578563 0.0 t_multiswap_k 100 2080.4535582065582 104.6897585177183 95.10253305432846 98.89842564620504 90.09889505629523 95.56374904100036 99.24204279565731 96.00515794517835
1.0111083228255078 1680.1844632290004 0.0 1.0549845125243107 1824.4202131578563 0.0 t_swap_r_k 100 2082.3014760017395 104.6897585177183 95.10253305432846 98.89842564620504 90.09889505629523 95.56374904100036 99.28962236770074 96.00515794517835
1.0111083228255078 1680.1844632290004 0.0 1.071139081604308 1877.5256993458354 0.0 t_swap_k 100 2082.89945268631 104.6897585177183 95.10253305432846 98.95944138974299 90.09889505629523 95.56374904100036 99.28962236770074 96.00515794517835
1.0111083228255078 1680.1844632290004 0.0 1.0635229771666381 1852.4890099102945 0.0 t_move_k 100 2084.154568195343 104.67286093254113 95.10253305432846 98.95944138974299 90.09889505629523 95.56374904100036 99.28962236770074 96.00515794517835
1.0111083228255078 1680.1844632290004 0.0 1.0624350503082804 1848.9126294779876 0.0 swap_t 100 2084.9829425811768 104.67286093254113 95.10253305432846 98.95944138974299 90.09889505629523 95.60811155059037 99.28962236770074 96.00515794517835
1.0111083228255078 1680.1844632290004 0.0 1.0624350503082804 1848.9126294779876 0.0 swap_t 100 2085.688501596451 104.67286093254113 95.10253305432846 98.95944138974299 90.09889505629523 95.65203043508446 99.28962236770074 96.00515794517835
1.0111083228255078 1680.1844632290004 0.0 1.0624350503082804 1848.9126294779876 0.0 t_swap_r_k 100 2087.9716651439667 104.67286093254113 95.10253305432846 98.95944138974299 90.09889505629523 95.65203043508446 99.33672614402374 96.00515794517835
1.0111083228255078 1680.1844632290004 0.0 1.0624350503082804 1848.9126294779876 0.0 t_swap_r_k 100 2090.231898546219 104.67286093254113 95.10253305432846 98.95944138974299 90.09889505629523 95.65203043508446 99.38335888258351 96.00515794517835
1.0111083228255078 1680.1844632290004 0.0 1.0624350503082804 1848.9126294779876 0.0 t_swap_k 100 2091.632836818695 104.67286093254113 95.10253305432846 98.96984697584556 90.09889505629523 95.65203043508446 99.38335888258351 96.00515794517835
1.0111083228255078 1680.1844632290004 0.0 1.0624350503082804 1848.9126294779876 0.0 swap_t 100 2092.2794959545135 104.67286093254113 95.10253305432846 98.96984697584556 90.09889505629523 95.69551013073361 99.38335888258351 96.00515794517835
1.0111083228255078 1680.1844632290004 0.0 1.0624350503082804 1848.9126294779876 0.0 move_t 100 2093.046872615814 104.67286093254113 95.15150772378517 98.96984697584556 90.09889505629523 95.69551013073361 99.38335888258351 96.00515794517835
1.0111083228255078 1680.1844632290004 0.0 1.132602357245988 2079.576098802094 0.0 f_swap_t 100 2094.2653300762177 104.67286093254113 95.15150772378517 98.96984697584556 90.31790610573228 95.69551013073361 99.38335888258351 96.00515794517835
1.0111083228255078 1680.1844632290004 0.0 1.1053615623076092 1990.0264703232458 0.0 t_multiswap_k 100 2094.8525981903076 104.67286093254113 95.15150772378517 98.96984697584556 90.31790610573228 95.69551013073361 99.38335888258351 96.09510636572656
1.0111083228255078 1680.1844632290004 0.0 1.0998043484439988 1971.7580446774625 0.0 f_swap_t 100 2095.801037788391 104.67286093254113 95.15150772378517 98.96984697584556 90.41472704467495 95.69551013073361 99.38335888258351 96.09510636572656
1.0111083228255078 1680.1844632290004 0.0 1.0890437621192137 1936.3843887405171 0.0 t_move_k 100 2096.8739335536957 104.72613232321572 95.15150772378517 98.96984697584556 90.41472704467495 95.69551013073361 99.38335888258351 96.09510636572656
1.0111083228255078 1680.1844632290004 0.0 1.0830616689307537 1916.7192422657454 0.0 t_swap_k 100 2098.95134806633 104.72613232321572 95.15150772378517 98.9801485060871 90.41472704467495 95.69551013073361 99.38335888258351 96.09510636572656
1.0111083228255078 1680.1844632290004 0.0 1.0830616689307537 1916.7192422657454 0.0 t_move_k 100 2099.949371814728 104.67887099998356 95.15150772378517 98.9801485060871 90.41472704467495 95.69551013073361 99.38335888258351 96.09510636572656
1.0111083228255078 1680.1844632290004 0.0 1.0830616689307537 1916.7192422657454 0.0 swap_t 100 2100.9873309135437 104.67887099998356 95.15150772378517 98.9801485060871 90.41472704467495 95.73855502942628 99.38335888258351 96.09510636572656
1.0111083228255078 1680.1844632290004 0.0 1.0830616689307537 1916.7192422657454 0.0 t_move_k 100 2101.7168295383453 104.63208228998373 95.15150772378517 98.9801485060871 90.41472704467495 95.73855502942628 99.38335888258351 96.09510636572656
1.0111083228255078 1680.1844632290004 0.0 1.0830616689307537 1916.7192422657454 0.0 swap_t 100 2102.371922492981 104.63208228998373 95.15150772378517 98.9801485060871 90.41472704467495 95.78116947913202 99.38335888258351 96.09510636572656
1.0111083228255078 1680.1844632290004 0.0 1.0830616689307537 1916.7192422657454 0.0 f_swap_t 100 2103.1050477027893 104.63208228998373 95.15150772378517 98.9801485060871 90.5105797742282 95.78116947913202 99.38335888258351 96.09510636572656
1.0111083228255078 1680.1844632290004 0.0 1.1094055511855117 2021.004213936604 0.0 move_t 100 2103.96835231781 104.63208228998373 95.23999264654732 98.9801485060871 90.5105797742282 95.78116947913202 99.38335888258351 96.09510636572656
1.0111083228255078 1680.1844632290004 0.0 1.0874864855028308 1931.2650982516993 0.0 swap_t 100 2104.638656139374 104.63208228998373 95.23999264654732 98.9801485060871 90.5105797742282 95.8233577843407 99.38335888258351 96.09510636572656
1.0111083228255078 1680.1844632290004 0.0 1.0873247570289828 1930.7334425206418 0.0 f_swap_t 100 2105.5054178237915 104.63208228998373 95.23999264654732 98.9801485060871 90.60547397648592 95.8233577843407 99.38335888258351 96.09510636572656
1.0111083228255078 1680.1844632290004 0.0 1.101565737960368 1964.1858442994844 0.0 move_t 100 2106.717532634735 104.63208228998373 95.29759272008185 98.9801485060871 90.60547397648592 95.8233577843407 99.38335888258351 96.09510636572656
1.0111083228255078 1680.1844632290004 0.0 1.099375430800109 1970.3480485394916 0.0 swap_t 100 2107.718769311905 104.63208228998373 95.29759272008185 98.9801485060871 90.60547397648592 95.8651242064973 99.38335888258351 96.09510636572656
1.0111083228255078 1680.1844632290004 0.0 1.099375430800109 1970.3480485394916 0.0 t_swap_r_k 100 2109.716591835022 104.63208228998373 95.29759272008185 98.9801485060871 90.60547397648592 95.8651242064973 99.42952529375768 96.09510636572656
1.0111083228255078 1680.1844632290004 0.0 1.099375430800109 1970.3480485394916 0.0 move_t 100 2110.924359560013 104.63208228998373 95.34461679288103 98.9801485060871 90.60547397648592 95.8651242064973 99.42952529375768 96.09510636572656
1.0111083228255078 1680.1844632290004 0.0 1.1066803723890497 1994.361841339191 0.0 t_move_k 100 2111.974391937256 104.62576146708389 95.34461679288103 98.9801485060871 90.60547397648592 95.8651242064973 99.42952529375768 96.09510636572656
1.0111083228255078 1680.1844632290004 0.0 1.099847837762789 1971.9010086529725 0.0 swap_t 100 2112.944555044174 104.62576146708389 95.34461679288103 98.9801485060871 90.60547397648592 95.90647296443233 99.42952529375768 96.09510636572656
1.0111083228255078 1680.1844632290004 0.0 1.0905496337284575 1941.3346937316041 0.0 f_swap_t 100 2113.9571883678436 104.62576146708389 95.34461679288103 98.9801485060871 90.75941923672107 95.90647296443233 99.42952529375768 96.09510636572656
1.0111083228255078 1680.1844632290004 0.0 1.0869968996868669 1929.655665486347 0.0 t_swap_k 100 2114.556347131729 104.62576146708389 95.34461679288103 98.99034702102624 90.75941923672107 95.90647296443233 99.42952529375768 96.09510636572656
1.0111083228255078 1680.1844632290004 0.0 1.0869968996868669 1929.655665486347 0.0 move_t 100 2115.300318479538 104.62576146708389 95.39117062495221 98.99034702102624 90.75941923672107 95.90647296443233 99.42952529375768 96.09510636572656
1.0111083228255078 1680.1844632290004 0.0 1.0869968996868669 1929.655665486347 0.0 t_swap_r_k 100 2117.3316168785095 104.62576146708389 95.39117062495221 98.99034702102624 90.75941923672107 95.90647296443233 99.4752300408201 96.09510636572656
1.0111083228255078 1680.1844632290004 0.0 1.1324659676765907 2079.1277405476612 0.0 t_swap_k 100 2119.232313632965 104.62576146708389 95.39117062495221 99.18044355081598 90.75941923672107 95.90647296443233 99.4752300408201 96.09510636572656
1.0111083228255078 1680.1844632290004 0.0 1.1235452531240666 2039.3561469430083 0.0 move_t 100 2120.7756230831146 104.62576146708389 95.49725891870268 99.18044355081598 90.75941923672107 95.90647296443233 99.4752300408201 96.09510636572656
1.0111083228255078 1680.1844632290004 0.0 1.1152668844948965 2022.5885862174914 0.0 f_swap_t 100 2122.7668595314026 104.62576146708389 95.49725891870268 99.18044355081598 90.85182504435386 95.90647296443233 99.4752300408201 96.09510636572656
1.0111083228255078 1680.1844632290004 0.0 1.1607335288754217 2172.052694062585 0.0 t_swap_k 100 2124.143776655197 104.62576146708389 95.49725891870268 99.32863911530782 90.85182504435386 95.90647296443233 99.4752300408201 96.09510636572656
1.0111083228255078 1680.1844632290004 0.0 1.1478457151990638 2129.6861284306656 0.0 t_swap_r_k 100 2126.1103587150574 104.62576146708389 95.49725891870268 99.32863911530782 90.85182504435386 95.90647296443233 99.52047774041189 96.09510636572656
1.0111083228255078 1680.1844632290004 0.0 1.1357266552994065 2089.846714273254 0.0 f_swap_t 100 2127.827303647995 104.62576146708389 95.49725891870268 99.32863911530782 90.97330679391033 95.90647296443233 99.52047774041189 96.09510636572656
1.0111083228255078 1680.1844632290004 0.0 1.1365666389962588 2092.608022383078 0.0 t_multiswap_k 100 2128.4979877471924 104.62576146708389 95.49725891870268 99.32863911530782 90.97330679391033 95.90647296443233 99.52047774041189 96.1741553020693
1.0111083228255078 1680.1844632290004 0.0 1.119050088210632 2074.300859030437 0.0 swap_t 100 2129.158121585846 104.62576146708389 95.49725891870268 99.32863911530782 90.97330679391033 95.977408234788 99.52047774041189 96.1741553020693
1.0111083228255078 1680.1844632290004 0.0 1.1912829433904704 2272.47886467388 0.0 f_swap_t 100 2130.303116798401 104.62576146708389 95.49725891870268 99.32863911530782 91.22357372597122 95.977408234788 99.52047774041189 96.1741553020693
1.0111083228255078 1680.1844632290004 0.0 1.1674757064403356 2194.2164927858685 0.0 t_swap_r_k 100 2132.2350046634674 104.62576146708389 95.49725891870268 99.32863911530782 91.22357372597122 95.977408234788 99.56527296300777 96.1741553020693
1.0111083228255078 1680.1844632290004 0.0 1.158557747697633 2164.9001716577504 0.0 t_swap_r_k 100 2133.9441220760345 104.62576146708389 95.49725891870268 99.32863911530782 91.22357372597122 95.977408234788 99.6096202333777 96.1741553020693
1.0111083228255078 1680.1844632290004 0.0 1.1370967185997336 2146.3621514656365 0.0 move_t 100 2135.041248559952 104.62576146708389 95.60228632951566 99.32863911530782 91.22357372597122 95.977408234788 99.6096202333777 96.1741553020693
1.0111083228255078 1680.1844632290004 0.0 1.1490150669706434 2133.5301798595215 0.0 f_swap_t 100 2136.5392892360687 104.62576146708389 95.60228632951566 99.32863911530782 91.3513379887115 95.977408234788 99.6096202333777 96.1741553020693
1.0111083228255078 1680.1844632290004 0.0 1.1217041965951553 2043.7501899182853 0.0 t_move_k 100 2137.6691546440125 104.72950385241305 95.60228632951566 99.32863911530782 91.3513379887115 95.977408234788 99.6096202333777 96.1741553020693
1.0111083228255078 1680.1844632290004 0.0 1.139399840918272 2081.7325240732816 0.0 swap_t 100 2138.5823509693146 104.72950385241305 95.60228632951566 99.32863911530782 91.3513379887115 96.06763415244012 99.6096202333777 96.1741553020693
1.0111083228255078 1680.1844632290004 0.0 1.187813556305303 2290.6593981935384 0.0 swap_t 100 2139.647920846939 104.72950385241305 95.60228632951566 99.32863911530782 91.3513379887115 96.14695781091572 99.6096202333777 96.1741553020693
1.0111083228255078 1680.1844632290004 0.0 1.1714713113210276 2207.3513860011226 0.0 t_swap_r_k 100 2141.672186613083 104.72950385241305 95.60228632951566 99.32863911530782 91.3513379887115 96.14695781091572 99.65352403104391 96.1741553020693
1.0111083228255078 1680.1844632290004 0.0 1.1371025616922597 2094.3697800127225 0.0 move_t 100 2142.877512216568 104.72950385241305 95.91626346622051 99.32863911530782 91.3513379887115 96.14695781091572 99.65352403104391 96.1741553020693
1.0111083228255078 1680.1844632290004 0.0 1.1326476461551502 2079.72497863467 0.0 t_multiswap_k 100 2143.7425603866577 104.72950385241305 95.91626346622051 99.32863911530782 91.3513379887115 96.14695781091572 99.65352403104391 96.24241374904861
1.0111083228255078 1680.1844632290004 0.0 1.121305829983233 2042.440625268035 0.0 swap_t 100 2144.9694464206696 104.72950385241305 95.91626346622051 99.32863911530782 91.3513379887115 96.18548823280656 99.65352403104391 96.24241374904861
1.0111083228255078 1680.1844632290004 0.0 1.1168730364626978 2027.8685463773368 0.0 t_swap_k 100 2146.499470949173 104.72950385241305 95.91626346622051 99.36535272415475 91.3513379887115 96.18548823280656 99.65352403104391 96.24241374904861
1.0111083228255078 1680.1844632290004 0.0 1.1138435374974003 2017.9095673008042 0.0 move_t 100 2147.6024272441864 104.72950385241305 95.98710083155831 99.36535272415475 91.3513379887115 96.18548823280656 99.65352403104391 96.24241374904861
1.0111083228255078 1680.1844632290004 0.0 1.1313704385655896 2093.2068352012916 0.0 move_t 100 2148.728277683258 104.72950385241305 96.06722982324273 99.36535272415475 91.3513379887115 96.18548823280656 99.65352403104391 96.24241374904861
1.0111083228255078 1680.1844632290004 0.0 1.1216506807238258 2043.5742653020575 0.0 t_multiswap_k 100 2149.7650554180145 104.72950385241305 96.06722982324273 99.36535272415475 91.3513379887115 96.18548823280656 99.65352403104391 96.31998961155813
1.0111083228255078 1680.1844632290004 0.0 1.1142300172064494 2019.1800557149 0.0 t_swap_r_k 100 2151.866891145706 104.72950385241305 96.06722982324273 99.36535272415475 91.3513379887115 96.18548823280656 99.69698879073347 96.31998961155813
1.0111083228255078 1680.1844632290004 0.0 1.1141665501124614 2018.9714180925357 0.0 t_swap_r_k 100 2154.186374425888 104.72950385241305 96.06722982324273 99.36535272415475 91.3513379887115 96.18548823280656 99.74001890282614 96.31998961155813
1.0111083228255078 1680.1844632290004 0.0 1.111163960799734 2009.1009000684635 0.0 t_swap_k 100 2154.860740661621 104.72950385241305 96.06722982324273 99.4016991969132 91.3513379887115 96.18548823280656 99.74001890282614 96.31998961155813
1.0111083228255078 1680.1844632290004 0.0 1.111163960799734 2009.1009000684635 0.0 t_swap_r_k 100 2156.7917976379395 104.72950385241305 96.06722982324273 99.4016991969132 91.3513379887115 96.18548823280656 99.78261871379787 96.31998961155813
1.0111083228255078 1680.1844632290004 0.0 1.1466237124946805 2125.6689957285844 0.0 move_t 100 2158.007351398468 104.72950385241305 96.2065575250103 99.4016991969132 91.3513379887115 96.18548823280656 99.78261871379787 96.31998961155813
1.0111083228255078 1680.1844632290004 0.0 1.122278942708447 2045.6395731404475 0.0 t_move_k 100 2159.5115082263947 104.99220881388892 96.2065575250103 99.4016991969132 91.3513379887115 96.18548823280656 99.78261871379787 96.31998961155813
1.0111083228255078 1680.1844632290004 0.0 1.1096419637503199 2004.0975853476846 0.0 t_multiswap_k 100 2160.284588575363 104.99220881388892 96.2065575250103 99.4016991969132 91.3513379887115 96.18548823280656 99.78261871379787 96.48678971544254
1.0111083228255078 1680.1844632290004 0.0 1.0917683779697605 1945.3411147727775 0.0 t_swap_k 100 2161.9246480464935 104.99220881388892 96.2065575250103 99.53768220494406 91.3513379887115 96.18548823280656 99.78261871379787 96.48678971544254
1.0111083228255078 1680.1844632290004 0.0 1.0857427986571913 1925.533014824483 0.0 swap_t 100 2162.8514246940613 104.99220881388892 96.2065575250103 99.53768220494406 91.3513379887115 96.2236333504785 99.78261871379787 96.48678971544254
1.0111083228255078 1680.1844632290004 0.0 1.080407486388558 1907.9940541386616 0.0 t_multiswap_k 100 2163.5676305294037 104.99220881388892 96.2065575250103 99.53768220494406 91.3513379887115 96.2236333504785 99.78261871379787 96.58192181828811
1.0111083228255078 1680.1844632290004 0.0 1.0795807458869826 1905.2762808529715 0.0 swap_t 100 2164.351893424988 104.99220881388892 96.2065575250103 99.53768220494406 91.3513379887115 96.2613970169737 99.78261871379787 96.58192181828811
1.0111083228255078 1680.1844632290004 0.0 1.0775672685014135 1898.6573054436217 0.0 move_t 100 2164.9071385860443 104.99220881388892 96.27449194976019 99.53768220494406 91.3513379887115 96.2613970169737 99.78261871379787 96.58192181828811
1.0111083228255078 1680.1844632290004 0.0 1.094827193517132 1955.3964672862446 0.0 t_swap_k 100 2166.120787858963 104.99220881388892 96.27449194976019 99.68230538289463 91.3513379887115 96.2613970169737 99.78261871379787 96.58192181828811
1.0111083228255078 1680.1844632290004 0.0 1.0899961037695747 1939.5150551240672 0.0 f_swap_t 100 2166.9868371486664 104.99220881388892 96.27449194976019 99.68230538289463 91.49782460882439 96.2613970169737 99.78261871379787 96.58192181828811
1.0111083228255078 1680.1844632290004 0.0 1.08070630005259 1908.9763548629614 0.0 t_swap_k 100 2167.9745643138885 104.99220881388892 96.27449194976019 99.68548232906568 91.49782460882439 96.2613970169737 99.78261871379787 96.58192181828811
1.0111083228255078 1680.1844632290004 0.0 1.0626990639356109 1849.7805308110533 0.0 t_move_k 100 2168.834520339966 105.00228672575004 96.27449194976019 99.68548232906568 91.49782460882439 96.2613970169737 99.78261871379787 96.58192181828811
1.0111083228255078 1680.1844632290004 0.0 1.058360154590178 1835.5170806890642 0.0 t_move_k 100 2169.824024438858 104.98226385849254 96.27449194976019 99.68548232906568 91.49782460882439 96.2613970169737 99.78261871379787 96.58192181828811
1.0111083228255078 1680.1844632290004 0.0 1.0547294649465901 1823.581786236727 0.0 t_multiswap_k 100 2170.1421604156494 104.98226385849254 96.27449194976019 99.68548232906568 91.49782460882439 96.2613970169737 99.78261871379787 96.61610260010522
1.0111083228255078 1680.1844632290004 0.0 1.0549967253334946 1824.4603607573508 0.0 move_t 100 2171.0500016212463 104.98226385849254 96.32174703026259 99.68548232906568 91.49782460882439 96.2613970169737 99.78261871379787 96.61610260010522
1.0111083228255078 1680.1844632290004 0.0 1.054796079209099 1823.8007696574582 0.0 f_swap_t 100 2171.9289362430573 104.98226385849254 96.32174703026259 99.68548232906568 91.58284636273615 96.2613970169737 99.78261871379787 96.61610260010522
1.0111083228255078 1680.1844632290004 0.0 1.0887911132484396 1935.5538471735551 0.0 t_move_k 100 2173.000461578369 104.99244121990762 96.32174703026259 99.68548232906568 91.58284636273615 96.2613970169737 99.78261871379787 96.61610260010522
1.0111083228255078 1680.1844632290004 0.0 1.0936108061303065 1951.3977940161362 0.0 move_t 100 2173.81073141098 104.99244121990762 96.36852955995995 99.68548232906568 91.58284636273615 96.2613970169737 99.78261871379787 96.61610260010522
1.0111083228255078 1680.1844632290004 0.0 1.152421271881043 2174.490543387792 0.0 swap_t 100 2174.812196969986 104.99244121990762 96.36852955995995 99.68548232906568 91.58284636273615 96.33878304680397 99.78261871379787 96.61610260010522
1.0111083228255078 1680.1844632290004 0.0 1.116636185546322 2027.0899379845096 0.0 t_swap_k 100 2175.8710684776306 104.99244121990762 96.36852955995995 99.77862750577502 91.58284636273615 96.33878304680397 99.78261871379787 96.61610260010522
1.0111083228255078 1680.1844632290004 0.0 1.0967186471734611 1961.6143097755094 0.0 t_move_k 100 2177.4035301208496 105.12251680770854 96.36852955995995 99.77862750577502 91.58284636273615 96.33878304680397 99.78261871379787 96.61610260010522
1.0111083228255078 1680.1844632290004 0.0 1.0919106379368886 1945.8087709932568 0.0 t_multiswap_k 100 2177.9940502643585 105.12251680770854 96.36852955995995 99.77862750577502 91.58284636273615 96.33878304680397 99.78261871379787 96.67994157410416
1.0111083228255078 1680.1844632290004 0.0 1.0824901507960327 1914.8404704916857 0.0 t_swap_k 100 2179.491707086563 105.12251680770854 96.36852955995995 99.85084123071726 91.58284636273615 96.33878304680397 99.78261871379787 96.67994157410416
1.0111083228255078 1680.1844632290004 0.0 1.0796473605652812 1905.4952656405437 0.0 t_swap_r_k 100 2181.212329149246 105.12251680770854 96.36852955995995 99.85084123071726 91.58284636273615 96.33878304680397 99.82479252665989 96.67994157410416
1.0111083228255078 1680.1844632290004 0.0 1.0796473605652812 1905.4952656405437 0.0 t_multiswap_k 100 2181.9792976379395 105.12251680770854 96.36852955995995 99.85084123071726 91.58284636273615 96.33878304680397 99.82479252665989 96.71314215836313
1.0111083228255078 1680.1844632290004 0.0 1.0796473605652812 1905.4952656405437 0.0 f_swap_t 100 2183.4266941547394 105.12251680770854 96.36852955995995 99.85084123071726 91.66701789910879 96.33878304680397 99.82479252665989 96.71314215836313
1.0111083228255078 1680.1844632290004 0.0 1.07730265367893 1897.7874277804706 0.0 t_move_k 100 2184.570324420929 105.13129163963146 96.36852955995995 99.85084123071726 91.66701789910879 96.33878304680397 99.82479252665989 96.71314215836313
1.0111083228255078 1680.1844632290004 0.0 1.1364391042576707 2110.977368264586 0.0 swap_t 100 2185.162748813629 105.13129163963146 96.36852955995995 99.85084123071726 91.66701789910879 96.42539521633593 99.82479252665989 96.71314215836313
1.0111083228255078 1680.1844632290004 0.0 1.1152543915587416 2022.5475177466992 0.0 swap_t 100 2186.016495704651 105.13129163963146 96.36852955995995 99.85084123071726 91.66701789910879 96.49114126417257 99.82479252665989 96.71314215836313
1.0111083228255078 1680.1844632290004 0.0 1.1106235060627792 2007.324244100332 0.0 t_move_k 100 2187.0183956623077 105.23997872323514 96.36852955995995 99.85084123071726 91.66701789910879 96.49114126417257 99.82479252665989 96.71314215836313
1.0111083228255078 1680.1844632290004 0.0 1.1033640419472033 1983.4599510069806 0.0 move_t 100 2187.9881253242493 105.23997872323514 96.40484426436035 99.85084123071726 91.66701789910879 96.49114126417257 99.82479252665989 96.71314215836313
1.0111083228255078 1680.1844632290004 0.0 1.0965548129698428 1961.0757318045164 0.0 move_t 100 2188.995332479477 105.23997872323514 96.47079582171675 99.85084123071726 91.66701789910879 96.49114126417257 99.82479252665989 96.71314215836313
1.0111083228255078 1680.1844632290004 0.0 1.084012004044422 1919.8433124902713 0.0 t_swap_k 100 2190.077889442444 105.23997872323514 96.47079582171675 99.88233281841009 91.66701789910879 96.49114126417257 99.82479252665989 96.71314215836313
1.0111083228255078 1680.1844632290004 0.0 1.082861239562849 1916.0603637171303 0.0 move_t 100 2190.9891860485077 105.23997872323514 96.50608786349959 99.88233281841009 91.66701789910879 96.49114126417257 99.82479252665989 96.71314215836313
1.0111083228255078 1680.1844632290004 0.0 1.0927685352699095 1948.6289672327134 0.0 t_move_k 100 2192.1059517860413 105.26757893600279 96.50608786349959 99.88233281841009 91.66701789910879 96.49114126417257 99.82479252665989 96.71314215836313
1.0111083228255078 1680.1844632290004 0.0 1.0802693407109514 1907.5399229676138 0.0 f_swap_t 100 2193.1538033485413 105.26757893600279 96.50608786349959 99.88233281841009 91.7803477201177 96.49114126417257 99.82479252665989 96.71314215836313
1.0111083228255078 1680.1844632290004 0.0 1.119498134436702 2156.0497934874875 0.0 move_t 100 2194.2541699409485 105.26757893600279 96.6110269848646 99.88233281841009 91.7803477201177 96.49114126417257 99.82479252665989 96.71314215836313
1.0111083228255078 1680.1844632290004 0.0 1.0866535055491617 1928.5268137945045 0.0 t_multiswap_k 100 2195.1549611091614 105.26757893600279 96.6110269848646 99.88233281841009 91.7803477201177 96.49114126417257 99.82479252665989 96.8660107367795
1.0111083228255078 1680.1844632290004 0.0 1.0772673722253117 1897.6714458103818 0.0 t_multiswap_k 100 2196.072000026703 105.26757893600279 96.6110269848646 99.88233281841009 91.7803477201177 96.49114126417257 99.82479252665989 96.9273506294117
1.0111083228255078 1680.1844632290004 0.0 1.077066726100916 1897.0118547104892 0.0 swap_t 100 2197.1036121845245 105.26757893600279 96.6110269848646 99.88233281841009 91.7803477201177 96.52622985153084 99.82479252665989 96.9273506294117
1.0111083228255078 1680.1844632290004 0.0 1.0789998635320885 1894.5195053225787 0.0 move_t 100 2198.008314371109 105.26757893600279 96.65491671501594 99.88233281841009 91.7803477201177 96.52622985153084 99.82479252665989 96.9273506294117
1.0111083228255078 1680.1844632290004 0.0 1.0718720670258879 1879.9352682417268 0.0 t_swap_k 100 2198.947832584381 105.26757893600279 96.65491671501594 99.94350949022599 91.7803477201177 96.52622985153084 99.82479252665989 96.9273506294117
1.0111083228255078 1680.1844632290004 0.0 1.1101629085684868 2005.810105669883 0.0 t_multiswap_k 100 2199.6840240955353 105.26757893600279 96.65491671501594 99.94350949022599 91.7803477201177 96.52622985153084 99.82479252665989 97.03807712311759
1.0111083228255078 1680.1844632290004 0.0 1.1967887522878973 2227.0723127523543 0.0 move_t 100 2200.6345341205597 105.26757893600279 96.81836754786579 99.94350949022599 91.7803477201177 96.52622985153084 99.82479252665989 97.03807712311759
1.0111083228255078 1680.1844632290004 0.0 1.1670119930927683 2192.692111500767 0.0 f_swap_t 100 2201.9515204429626 105.26757893600279 96.81836754786579 99.94350949022599 91.86254424291653 96.52622985153084 99.82479252665989 97.03807712311759
1.0111083228255078 1680.1844632290004 0.0 1.1977313127192029 2293.6768171928366 0.0 t_swap_k 100 2202.80135512352 105.26757893600279 96.81836754786579 100.06407439532373 91.86254424291653 96.52622985153084 99.82479252665989 97.03807712311759
1.0111083228255078 1680.1844632290004 0.0 1.1695480602710413 2201.029014815281 0.0 t_swap_k 100 2204.52441573143 105.26757893600279 96.81836754786579 100.18343365137049 91.86254424291653 96.52622985153084 99.82479252665989 97.03807712311759
1.0111083228255078 1680.1844632290004 0.0 1.1665947821584401 2191.3205992431067 0.0 t_move_k 100 2206.1518337726593 105.40490314664277 96.81836754786579 100.18343365137049 91.86254424291653 96.52622985153084 99.82479252665989 97.03807712311759
1.0111083228255078 1680.1844632290004 0.0 1.1473957024348256 2128.2067855576174 0.0 f_swap_t 100 2207.961485862732 105.40490314664277 96.81836754786579 100.18343365137049 91.94391880048737 96.52622985153084 99.82479252665989 97.03807712311759
1.0111083228255078 1680.1844632290004 0.0 1.1473957024348256 2128.2067855576174 0.0 f_swap_t 100 2209.452747821808 105.40490314664277 96.81836754786579 100.18343365137049 92.0244796124825 96.52622985153084 99.82479252665989 97.03807712311759
1.0111083228255078 1680.1844632290004 0.0 1.1473957024348256 2128.2067855576174 0.0 t_swap_r_k 100 2211.3984904289246 105.40490314664277 96.81836754786579 100.18343365137049 92.0244796124825 96.52622985153084 99.86654460139329 97.03807712311759
1.0111083228255078 1680.1844632290004 0.0 1.169830471278753 2211.4319101365813 0.0 move_t 100 2212.505478143692 105.40490314664277 97.07018387238713 100.18343365137049 92.0244796124825 96.52622985153084 99.86654460139329 97.03807712311759
1.0111083228255078 1680.1844632290004 0.0 1.146832909882086 2126.3566976977554 0.0 t_swap_k 100 2213.216809988022 105.40490314664277 97.07018387238713 100.36159931485679 92.0244796124825 96.52622985153084 99.86654460139329 97.03807712311759
1.0111083228255078 1680.1844632290004 0.0 1.1418372358055788 2109.934241651057 0.0 t_multiswap_k 100 2213.85977268219 105.40490314664277 97.07018387238713 100.36159931485679 92.0244796124825 96.52622985153084 99.86654460139329 97.07769635188642
1.0111083228255078 1680.1844632290004 0.0 1.135972529200087 2090.6549842414543 0.0 t_move_k 100 2214.9740850925446 105.44085411517634 97.07018387238713 100.36159931485679 92.0244796124825 96.52622985153084 99.86654460139329 97.07769635188642
1.0111083228255078 1680.1844632290004 0.0 1.132068857123787 2077.822304984967 0.0 swap_t 100 2215.6966977119446 105.44085411517634 97.07018387238713 100.36159931485679 92.0244796124825 96.56096755301553 99.86654460139329 97.07769635188642
1.0111083228255078 1680.1844632290004 0.0 1.154925359561441 2152.9592936906142 0.0 f_swap_t 100 2217.001183271408 105.44085411517634 97.07018387238713 100.36159931485679 92.11423481635767 96.56096755301553 99.86654460139329 97.07769635188642
1.0111083228255078 1680.1844632290004 0.0 1.1493984679913543 2134.7905475925754 0.0 swap_t 100 2218.021849632263 105.44085411517634 97.07018387238713 100.36159931485679 92.11423481635767 96.59535787748537 99.86654460139329 97.07769635188642
1.0111083228255078 1680.1844632290004 0.0 1.1568010682253471 2159.12537710952 0.0 f_swap_t 100 2218.7032890319824 105.44085411517634 97.07018387238713 100.36159931485679 92.23309246819409 96.59535787748537 99.86654460139329 97.07769635188642
1.0111083228255078 1680.1844632290004 0.0 1.1559409069712823 2156.29773860236 0.0 t_swap_r_k 100 2220.5008432865143 105.44085411517634 97.07018387238713 100.36159931485679 92.23309246819409 96.59535787748537 99.90787915537935 97.07769635188642
1.0111083228255078 1680.1844632290004 0.0 1.1712281298242637 2206.551966867525 0.0 move_t 100 2221.4433002471924 105.44085411517634 97.16948203366326 100.36159931485679 92.23309246819409 96.59535787748537 99.90787915537935 97.07769635188642
1.0111083228255078 1680.1844632290004 0.0 1.141251126558036 2095.2480648744727 0.0 move_t 100 2222.223343849182 105.44085411517634 97.22778721332662 100.36159931485679 92.23309246819409 96.59535787748537 99.90787915537935 97.07769635188642
1.0111083228255078 1680.1844632290004 0.0 1.1341167791770346 2084.5545115683954 0.0 t_swap_r_k 100 2223.6396403312683 105.44085411517634 97.22778721332662 100.36159931485679 92.23309246819409 96.59535787748537 99.94880036382555 97.07769635188642
1.0111083228255078 1680.1844632290004 0.0 1.1290402035133884 2067.866104873487 0.0 move_t 100 2224.496396303177 105.44085411517634 97.31550934119336 100.36159931485679 92.23309246819409 96.59535787748537 99.94880036382555 97.07769635188642
1.0111083228255078 1680.1844632290004 0.0 1.129638240273831 2069.832052263623 0.0 t_swap_k 100 2225.2839872837067 105.44085411517634 97.31550934119336 100.54798332170822 92.23309246819409 96.59535787748537 99.94880036382555 97.07769635188642
1.0111083228255078 1680.1844632290004 0.0 1.1076478951479556 1997.5424131176887 0.0 t_move_k 100 2226.715256690979 105.51644557402457 97.31550934119336 100.54798332170822 92.23309246819409 96.59535787748537 99.94880036382555 97.07769635188642
1.0111083228255078 1680.1844632290004 0.0 1.1108125764990495 2007.945782031315 0.0 t_multiswap_k 100 2227.407398700714 105.51644557402457 97.31550934119336 100.54798332170822 92.23309246819409 96.59535787748537 99.94880036382555 97.17691938836755
1.0111083228255078 1680.1844632290004 0.0 1.1164753702409906 2026.5612841446082 0.0 t_move_k 100 2228.539350748062 105.60128111828433 97.31550934119336 100.54798332170822 92.23309246819409 96.59535787748537 99.94880036382555 97.17691938836755
1.0111083228255078 1680.1844632290004 0.0 1.1092983107842522 2002.9678828002134 0.0 t_multiswap_k 100 2228.9300096035004 105.60128111828433 97.31550934119336 100.54798332170822 92.23309246819409 96.59535787748537 99.94880036382555 97.20515019448388
1.0111083228255078 1680.1844632290004 0.0 1.0949285619397358 1955.7296992864183 0.0 t_multiswap_k 100 2229.4722018241882 105.60128111828433 97.31550934119336 100.54798332170822 92.23309246819409 96.59535787748537 99.94880036382555 97.34309869253904
1.0111083228255078 1680.1844632290004 0.0 1.0866131741531009 1928.3942309700515 0.0 f_swap_t 100 2230.5588982105255 105.60128111828433 97.31550934119336 100.54798332170822 92.31076154351214 96.59535787748537 99.94880036382555 97.34309869253904
1.0111083228255078 1680.1844632290004 0.0 1.085753012899036 1925.5665924628918 0.0 t_swap_r_k 100 2232.235682487488 105.60128111828433 97.31550934119336 100.54798332170822 92.31076154351214 96.59535787748537 99.9893123601873 97.34309869253904
1.0111083228255078 1680.1844632290004 0.0 1.1020481365656853 1979.1341287138061 0.0 f_swap_t 100 2233.3122816085815 105.60128111828433 97.31550934119336 100.54798332170822 92.46765392807703 96.59535787748537 99.9893123601873 97.34309869253904
1.0111083228255078 1680.1844632290004 0.0 1.0936778864048207 1951.618309374612 0.0 t_move_k 100 2234.2348353862762 105.58526830710149 97.31550934119336 100.54798332170822 92.46765392807703 96.59535787748537 99.9893123601873 97.34309869253904
1.0111083228255078 1680.1844632290004 0.0 1.0928177251507558 1948.790670867452 0.0 t_multiswap_k 100 2234.5990328788757 105.58526830710149 97.31550934119336 100.54798332170822 92.46765392807703 96.59535787748537 99.9893123601873 97.36966770561365
1.0111083228255078 1680.1844632290004 0.0 1.0916669606691827 1945.007722094311 0.0 t_move_k 100 2235.504217147827 105.55941562403048 97.31550934119336 100.54798332170822 92.46765392807703 96.59535787748537 99.9893123601873 97.36966770561365
1.0111083228255078 1680.1844632290004 0.0 1.1276045804799664 2097.773893499348 0.0 swap_t 100 2236.3761904239655 105.55941562403048 97.31550934119336 100.54798332170822 92.46765392807703 96.66940429871052 99.9893123601873 97.36966770561365
1.0111083228255078 1680.1844632290004 0.0 1.1012128024818248 1976.3881054411863 0.0 swap_t 100 2237.0156049728394 105.55941562403048 97.31550934119336 100.54798332170822 92.46765392807703 96.73271025572342 99.9893123601873 97.36966770561365
1.0111083228255078 1680.1844632290004 0.0 1.1232745844042853 2048.912581294653 0.0 t_move_k 100 2238.1788852214813 105.71382146779017 97.31550934119336 100.54798332170822 92.46765392807703 96.73271025572342 99.9893123601873 97.36966770561365
1.0111083228255078 1680.1844632290004 0.0 1.1154183671078033 2023.0865603675666 0.0 f_swap_t 100 2239.124404191971 105.71382146779017 97.31550934119336 100.54798332170822 92.54297738879626 96.73271025572342 99.9893123601873 97.36966770561365
1.0111083228255078 1680.1844632290004 0.0 1.1147646121954233 2020.937448726284 0.0 f_swap_t 100 2239.9681417942047 105.71382146779017 97.31550934119336 100.54798332170822 92.6175476149083 96.73271025572342 99.9893123601873 97.36966770561365
1.0111083228255078 1680.1844632290004 0.0 1.1147646121954233 2020.937448726284 0.0 f_swap_t 100 2241.0218319892883 105.71382146779017 97.31550934119336 100.54798332170822 92.69137213875922 96.73271025572342 99.9893123601873 97.36966770561365
1.0111083228255078 1680.1844632290004 0.0 1.1147646121954233 2020.937448726284 0.0 t_swap_r_k 100 2242.2593207359314 105.71382146779017 97.31550934119336 100.54798332170822 92.69137213875922 96.73271025572342 100.02941923658543 97.36966770561365
1.0111083228255078 1680.1844632290004 0.0 1.1098174602161475 2004.6745010856334 0.0 move_t 100 2243.1338260173798 105.71382146779017 97.37235424778143 100.54798332170822 92.69137213875922 96.73271025572342 100.02941923658543 97.36966770561365
1.0111083228255078 1680.1844632290004 0.0 1.1357370224453085 2089.880794558576 0.0 t_multiswap_k 100 2243.907201766968 105.71382146779017 97.37235424778143 100.54798332170822 92.69137213875922 96.73271025572342 100.02941923658543 97.44597102855751
1.0111083228255078 1680.1844632290004 0.0 1.1292024342980858 2068.3994118687615 0.0 f_swap_t 100 2245.2312371730804 105.71382146779017 97.37235424778143 100.54798332170822 92.76445841737163 96.73271025572342 100.02941923658543 97.44597102855751
1.0111083228255078 1680.1844632290004 0.0 1.1292024342980858 2068.3994118687615 0.0 t_swap_r_k 100 2247.058527469635 105.71382146779017 97.37235424778143 100.54798332170822 92.76445841737163 96.73271025572342 100.06912504421958 97.44597102855751
1.0111083228255078 1680.1844632290004 0.0 1.1004146112089073 1973.7641830444097 0.0 t_move_k 100 2248.2564685344696 105.80668325311227 97.37235424778143 100.54798332170822 92.76445841737163 96.73271025572342 100.06912504421958 97.44597102855751
1.0111083228255078 1680.1844632290004 0.0 1.0898563678131123 1939.0556961731027 0.0 t_move_k 100 2249.3063519001007 105.77861642058114 97.37235424778143 100.54798332170822 92.76445841737163 96.73271025572342 100.06912504421958 97.44597102855751
1.0111083228255078 1680.1844632290004 0.0 1.0889962065590475 1936.2280576659427 0.0 swap_t 100 2250.0184564590454 105.77861642058114 97.37235424778143 100.54798332170822 92.76445841737163 96.76538315316618 100.06912504421958 97.44597102855751
1.0111083228255078 1680.1844632290004 0.0 1.0891968526834432 1936.8876487658354 0.0 t_swap_k 100 2250.9318478107452 105.77861642058114 97.37235424778143 100.58250348849113 92.76445841737163 96.76538315316618 100.06912504421958 97.44597102855751
1.0111083228255078 1680.1844632290004 0.0 1.0861033270584461 1926.7181925867872 0.0 t_move_k 100 2252.2246820926666 105.75083025637534 97.37235424778143 100.58250348849113 92.76445841737163 96.76538315316618 100.06912504421958 97.44597102855751
1.0111083228255078 1680.1844632290004 0.0 1.0819261891921448 1912.9865395686438 0.0 t_move_k 100 2253.2946286201477 105.76332195381158 97.37235424778143 100.58250348849113 92.76445841737163 96.76538315316618 100.06912504421958 97.44597102855751
1.0111083228255078 1680.1844632290004 0.0 1.0814569741427182 1911.444072344472 0.0 t_multiswap_k 100 2253.764592409134 105.76332195381158 97.37235424778143 100.58250348849113 92.76445841737163 96.76538315316618 100.06912504421958 97.50151131827194
1.0111083228255078 1680.1844632290004 0.0 1.0814569741427182 1911.444072344472 0.0 swap_t 100 2254.3448379039764 105.76332195381158 97.37235424778143 100.58250348849113 92.76445841737163 96.79772932163452 100.06912504421958 97.50151131827194
1.0111083228255078 1680.1844632290004 0.0 1.0814569741427182 1911.444072344472 0.0 t_move_k 100 2255.8032364845276 105.70568873427347 97.37235424778143 100.58250348849113 92.76445841737163 96.79772932163452 100.06912504421958 97.50151131827194
1.0111083228255078 1680.1844632290004 0.0 1.0814569741427182 1911.444072344472 0.0 t_swap_r_k 100 2258.04860496521 105.70568873427347 97.37235424778143 100.58250348849113 92.76445841737163 96.79772932163452 100.10843379377738 97.50151131827194
1.0111083228255078 1680.1844632290004 0.0 1.0814569741427182 1911.444072344472 0.0 swap_t 100 2258.9527020454407 105.70568873427347 97.37235424778143 100.58250348849113 92.76445841737163 96.82975202841817 100.10843379377738 97.50151131827194
1.0111083228255078 1680.1844632290004 0.0 1.0814569741427182 1911.444072344472 0.0 swap_t 100 2259.916233062744 105.70568873427347 97.37235424778143 100.58250348849113 92.76445841737163 96.86145450813399 100.10843379377738 97.50151131827194
1.0111083228255078 1680.1844632290004 0.0 1.1058426545523377 1991.6079818715295 0.0 move_t 100 2260.802309513092 105.70568873427347 97.47863070530362 100.58250348849113 92.76445841737163 96.86145450813399 100.10843379377738 97.50151131827194
1.0111083228255078 1680.1844632290004 0.0 1.1297597516242623 2070.2315008227306 0.0 t_swap_k 100 2261.985062599182 105.70568873427347 97.47863070530362 100.61667845360621 92.76445841737163 96.86145450813399 100.10843379377738 97.50151131827194
1.0111083228255078 1680.1844632290004 0.0 1.1082971904121692 1999.6768643998537 0.0 t_multiswap_k 100 2262.5755910873413 105.70568873427347 97.47863070530362 100.61667845360621 92.76445841737163 96.86145450813399 100.10843379377738 97.55649620508922
1.0111083228255078 1680.1844632290004 0.0 1.1113801241141532 2009.8115013758338 0.0 move_t 100 2263.515108346939 105.70568873427347 97.51384439825058 100.61667845360621 92.76445841737163 96.86145450813399 100.10843379377738 97.55649620508922
1.0111083228255078 1680.1844632290004 0.0 1.204089827101124 2332.8342453727055 0.0 move_t 100 2264.757355928421 105.70568873427347 97.78870595426808 100.61667845360621 92.76445841737163 96.86145450813399 100.10843379377738 97.55649620508922
1.0111083228255078 1680.1844632290004 0.0 1.1806851347681515 2237.6403136343315 0.0 t_swap_k 100 2265.919933319092 105.70568873427347 97.78870595426808 100.77051166907015 92.76445841737163 96.86145450813399 100.10843379377738 97.55649620508922
1.0111083228255078 1680.1844632290004 0.0 1.1988897819796538 2297.4850941580357 0.0 t_move_k 100 2267.247548341751 105.77863184693074 97.78870595426808 100.77051166907015 92.76445841737163 96.86145450813399 100.10843379377738 97.55649620508922
1.0111083228255078 1680.1844632290004 0.0 1.1766402339951587 2224.343368289135 0.0 t_move_k 100 2268.396866798401 105.78084552846143 97.78870595426808 100.77051166907015 92.76445841737163 96.86145450813399 100.10843379377738 97.55649620508922
1.0111083228255078 1680.1844632290004 0.0 1.1635884387793642 2181.437740343979 0.0 t_move_k 100 2269.8127760887146 105.79303707317682 97.78870595426808 100.77051166907015 92.76445841737163 96.86145450813399 100.10843379377738 97.55649620508922
1.0111083228255078 1680.1844632290004 0.0 1.1570498897560146 2159.943336926009 0.0 f_swap_t 100 2270.71857213974 105.79303707317682 97.78870595426808 100.77051166907015 92.86681383319791 96.86145450813399 100.10843379377738 97.55649620508922
1.0111083228255078 1680.1844632290004 0.0 1.1629571924311715 2179.362621901688 0.0 t_swap_k 100 2271.4673619270325 105.79303707317682 97.78870595426808 100.92280655237944 92.86681383319791 96.86145450813399 100.10843379377738 97.55649620508922
1.0111083228255078 1680.1844632290004 0.0 1.1466204338784283 2125.658217817441 0.0 swap_t 100 2272.2745366096497 105.79303707317682 97.78870595426808 100.92280655237944 92.86681383319791 96.92283996305265 100.10843379377738 97.55649620508922
1.0111083228255078 1680.1844632290004 0.0 1.1397829403502828 2103.181083557702 0.0 t_swap_k 100 2273.308094739914 105.79303707317682 97.78870595426808 100.97357848685564 92.86681383319791 96.92283996305265 100.10843379377738 97.55649620508922
1.0111083228255078 1680.1844632290004 0.0 1.1392184270315355 2101.3253389628935 0.0 move_t 100 2274.2730329036713 105.79303707317682 97.8408188947254 100.97357848685564 92.86681383319791 96.92283996305265 100.10843379377738 97.55649620508922
1.0111083228255078 1680.1844632290004 0.0 1.1357376145928877 2089.8827411462526 0.0 t_swap_k 100 2275.8111023902893 105.79303707317682 97.8408188947254 101.02384270198709 92.86681383319791 96.92283996305265 100.10843379377738 97.55649620508922
1.0111083228255078 1680.1844632290004 0.0 1.1686250789235473 2190.6840154803385 0.0 swap_t 100 2277.1816375255585 105.79303707317682 97.8408188947254 101.02384270198709 92.86681383319791 96.99361156342212 100.10843379377738 97.55649620508922
1.0111083228255078 1680.1844632290004 0.0 1.1156408362706545 2023.8178911134712 0.0 t_multiswap_k 100 2278.0840322971344 105.79303707317682 97.8408188947254 101.02384270198709 92.86681383319791 96.99361156342212 100.10843379377738 97.67093124303832
1.0111083228255078 1680.1844632290004 0.0 1.1337415034114808 2140.0927959003443 0.0 move_t 100 2279.2308790683746 105.79303707317682 98.00241070577815 101.02384270198709 92.86681383319791 96.99361156342212 100.10843379377738 97.67093124303832
1.0111083228255078 1680.1844632290004 0.0 1.115132335445486 2022.146278369496 0.0 t_move_k 100 2280.7274198532104 105.86510670244505 98.00241070577815 101.02384270198709 92.86681383319791 96.99361156342212 100.10843379377738 97.67093124303832
1.0111083228255078 1680.1844632290004 0.0 1.136117051236254 2091.130076641475 0.0 move_t 100 2281.9146163463593 105.86510670244505 98.13238659872036 101.02384270198709 92.86681383319791 96.99361156342212 100.10843379377738 97.67093124303832
1.0111083228255078 1680.1844632290004 0.0 1.116783103124865 2027.5729053356931 0.0 move_t 100 2282.8304526805878 105.86510670244505 98.15106273273315 101.02384270198709 92.86681383319791 96.99361156342212 100.10843379377738 97.67093124303832
1.0111083228255078 1680.1844632290004 0.0 1.1091514514000669 2002.4851067533991 0.0 t_move_k 100 2284.172205924988 105.9064556354206 98.15106273273315 101.02384270198709 92.86681383319791 96.99361156342212 100.10843379377738 97.67093124303832
1.0111083228255078 1680.1844632290004 0.0 1.1541949633466948 2150.5582363859053 0.0 f_swap_t 100 2285.1020386219025 105.9064556354206 98.15106273273315 101.02384270198709 93.00814569486593 96.99361156342212 100.10843379377738 97.67093124303832
1.0111083228255078 1680.1844632290004 0.0 1.140680269630383 2106.1309058311685 0.0 t_multiswap_k 100 2285.7707192897797 105.9064556354206 98.15106273273315 101.02384270198709 93.00814569486593 96.99361156342212 100.10843379377738 97.72422193060794
1.0111083228255078 1680.1844632290004 0.0 1.1359516952190478 2090.5864959588607 0.0 t_swap_r_k 100 2287.5619053840637 105.9064556354206 98.15106273273315 101.02384270198709 93.00814569486593 96.99361156342212 100.1473494558396 97.72422193060794
1.0111083228255078 1680.1844632290004 0.0 1.1358926688450186 2090.392456472248 0.0 move_t 100 2288.449121952057 105.9064556354206 98.19955210540581 101.02384270198709 93.00814569486593 96.99361156342212 100.1473494558396 97.72422193060794
1.0111083228255078 1680.1844632290004 0.0 1.1123655631221046 2013.0509698733658 0.0 f_swap_t 100 2289.83980512619 105.9064556354206 98.19955210540581 101.02384270198709 93.13806423791728 96.99361156342212 100.1473494558396 97.72422193060794
1.0111083228255078 1680.1844632290004 0.0 1.1048511872537725 1988.348696361093 0.0 t_swap_r_k 100 2291.4502732753754 105.9064556354206 98.19955210540581 101.02384270198709 93.13806423791728 96.99361156342212 100.18587596128121 97.72422193060794
1.0111083228255078 1680.1844632290004 0.0 1.1048511872537725 1988.348696361093 0.0 t_swap_r_k 100 2293.381537914276 105.9064556354206 98.19955210540581 101.02384270198709 93.13806423791728 96.99361156342212 100.2240172016684 97.72422193060794
1.0111083228255078 1680.1844632290004 0.0 1.1040745920542996 2001.5006607182218 0.0 swap_t 100 2294.0688519477844 105.9064556354206 98.19955210540581 101.02384270198709 93.13806423791728 97.0536754477879 100.2240172016684 97.72422193060794
1.0111083228255078 1680.1844632290004 0.0 1.1005983764762242 1974.3682811058925 0.0 t_move_k 100 2295.2460012435913 106.0373910790664 98.19955210540581 101.02384270198709 93.13806423791728 97.0536754477879 100.2240172016684 97.72422193060794
1.0111083228255078 1680.1844632290004 0.0 1.1081193908595814 2012.574922167195 0.0 move_t 100 2296.419178009033 106.0373910790664 98.30755658435176 101.02384270198709 93.13806423791728 97.0536754477879 100.2240172016684 97.72422193060794
1.0111083228255078 1680.1844632290004 0.0 1.093031895201401 1949.4947196483326 0.0 t_swap_r_k 100 2298.1167228221893 106.0373910790664 98.30755658435176 101.02384270198709 93.13806423791728 97.0536754477879 100.26177702965173 97.72422193060794
1.0111083228255078 1680.1844632290004 0.0 1.093031895201401 1949.4947196483326 0.0 swap_t 100 2299.0384809970856 106.0373910790664 98.30755658435176 101.02384270198709 93.13806423791728 97.08313869331002 100.26177702965173 97.72422193060794
1.0111083228255078 1680.1844632290004 0.0 1.093031895201401 1949.4947196483326 0.0 t_swap_r_k 100 2300.7743685245514 106.0373910790664 98.30755658435176 101.02384270198709 93.13806423791728 97.08313869331002 100.2991592593552 97.72422193060794
1.0111083228255078 1680.1844632290004 0.0 1.0660066381614215 1860.653636524656 0.0 t_move_k 100 2301.8580977916718 106.06701716827573 98.30755658435176 101.02384270198709 93.13806423791728 97.08313869331002 100.2991592593552 97.72422193060794
1.0111083228255078 1680.1844632290004 0.0 1.0643124594763373 1855.0843030243211 0.0 swap_t 100 2302.948910474777 106.06701716827573 98.30755658435176 101.02384270198709 93.13806423791728 97.11230730637692 100.2991592593552 97.72422193060794
1.0111083228255078 1680.1844632290004 0.0 1.0643124594763373 1855.0843030243211 0.0 swap_t 100 2303.829253911972 106.06701716827573 98.30755658435176 101.02384270198709 93.13806423791728 97.14118423331315 100.2991592593552 97.72422193060794
1.0111083228255078 1680.1844632290004 0.0 1.0643124594763373 1855.0843030243211 0.0 t_multiswap_k 100 2304.325202703476 106.06701716827573 98.30755658435176 101.02384270198709 93.13806423791728 97.14118423331315 100.2991592593552 97.74697971130186
1.0111083228255078 1680.1844632290004 0.0 1.0603465854030851 1842.047144943693 0.0 t_move_k 100 2305.2129361629486 106.03634699659297 98.30755658435176 101.02384270198709 93.13806423791728 97.14118423331315 100.2991592593552 97.74697971130186
1.0111083228255078 1680.1844632290004 0.0 1.0677590074627892 1866.4142620956127 0.0 move_t 100 2306.027927160263 106.03634699659297 98.33448101850824 101.02384270198709 93.13806423791728 97.14118423331315 100.2991592593552 97.74697971130186
1.0111083228255078 1680.1844632290004 0.0 1.0653997389901555 1858.6585554180315 0.0 t_move_k 100 2307.1234953403473 105.97598352662703 98.33448101850824 101.02384270198709 93.13806423791728 97.14118423331315 100.2991592593552 97.74697971130186
1.0111083228255078 1680.1844632290004 0.0 1.0653997389901555 1858.6585554180315 0.0 t_multiswap_k 100 2307.4481167793274 105.97598352662703 98.33448101850824 101.02384270198709 93.13806423791728 97.14118423331315 100.2991592593552 97.76950991418884
1.0111083228255078 1680.1844632290004 0.0 1.1323177735685677 2078.6405768159775 0.0 f_swap_t 100 2308.817420244217 105.97598352662703 98.33448101850824 101.02384270198709 93.2766835955381 97.14118423331315 100.2991592593552 97.76950991418884
1.0111083228255078 1680.1844632290004 0.0 1.1142992727959942 2019.4077220633978 0.0 t_swap_k 100 2309.751853466034 105.97598352662703 98.33448101850824 101.11360427496722 93.2766835955381 97.14118423331315 100.2991592593552 97.76950991418884
1.0111083228255078 1680.1844632290004 0.0 1.113249055450325 2015.9553054456212 0.0 t_swap_r_k 100 2311.625795841217 105.97598352662703 98.33448101850824 101.11360427496722 93.2766835955381 97.14118423331315 100.33616766676165 97.76950991418884
1.0111083228255078 1680.1844632290004 0.0 1.1509682826639756 2139.951054877032 0.0 t_swap_k 100 2312.0539996623993 105.97598352662703 98.33448101850824 101.15246823221754 93.2766835955381 97.14118423331315 100.33616766676165 97.76950991418884
1.0111083228255078 1680.1844632290004 0.0 1.1303169617206694 2072.0632372764867 0.0 t_multiswap_k 100 2312.5481894016266 105.97598352662703 98.33448101850824 101.15246823221754 93.2766835955381 97.14118423331315 100.33616766676165 97.85181481504695
1.0111083228255078 1680.1844632290004 0.0 1.1240732166290015 2051.5379532478714 0.0 t_move_k 100 2313.8914420604706 105.97622369136076 98.33448101850824 101.15246823221754 93.2766835955381 97.14118423331315 100.33616766676165 97.85181481504695
1.0111083228255078 1680.1844632290004 0.0 1.1182043748006651 2032.2451019739829 0.0 t_swap_r_k 100 2315.4065551757812 105.97622369136076 98.33448101850824 101.15246823221754 93.2766835955381 97.14118423331315 100.37280599009404 97.85181481504695
1.0111083228255078 1680.1844632290004 0.0 1.1330440692394415 2081.028154257813 0.0 t_swap_k 100 2316.487482070923 105.97622369136076 98.33448101850824 101.28094354989537 93.2766835955381 97.14118423331315 100.37280599009404 97.85181481504695
1.0111083228255078 1680.1844632290004 0.0 1.117096113513683 2028.6018754554007 0.0 f_swap_t 100 2317.439035654068 105.97622369136076 98.33448101850824 101.28094354989537 93.43391675958271 97.14118423331315 100.37280599009404 97.85181481504695
1.0111083228255078 1680.1844632290004 0.0 1.0831073519521985 1916.8694176775662 0.0 move_t 100 2318.493690252304 105.97622369136076 98.41113620832316 101.28094354989537 93.43391675958271 97.14118423331315 100.37280599009404 97.85181481504695
1.0111083228255078 1680.1844632290004 0.0 1.0794970139532358 1905.001025906271 0.0 f_swap_t 100 2319.2778930664062 105.97622369136076 98.41113620832316 101.28094354989537 93.49957759198689 97.14118423331315 100.37280599009404 97.85181481504695
1.0111083228255078 1680.1844632290004 0.0 1.0794970139532358 1905.001025906271 0.0 swap_t 100 2319.9478266239166 105.97622369136076 98.41113620832316 101.28094354989537 93.49957759198689 97.16977239098003 100.37280599009404 97.85181481504695
1.0111083228255078 1680.1844632290004 0.0 1.0766825106982738 1895.748809830915 0.0 t_swap_k 100 2320.801860809326 105.97622369136076 98.41113620832316 101.29813411439642 93.49957759198689 97.16977239098003 100.37280599009404 97.85181481504695
1.0111083228255078 1680.1844632290004 0.0 1.076481864573878 1895.0892187310224 0.0 t_swap_r_k 100 2322.46803855896 105.97622369136076 98.41113620832316 101.29813411439642 93.49957759198689 97.16977239098003 100.40907793019309 97.85181481504695
1.0111083228255078 1680.1844632290004 0.0 1.0802366171469049 1905.3377050060753 0.0 move_t 100 2323.6381266117096 105.97622369136076 98.43702484623992 101.29813411439642 93.49957759198689 97.16977239098003 100.40907793019309 97.85181481504695
1.0111083228255078 1680.1844632290004 0.0 1.0802366054886576 1907.432311313799 0.0 move_t 100 2324.789329767227 105.97622369136076 98.45265459777752 101.29813411439642 93.49957759198689 97.16977239098003 100.40907793019309 97.85181481504695
1.0111083228255078 1680.1844632290004 0.0 1.1062429531532723 2070.1132518330837 0.0 move_t 100 2325.679850101471 105.97622369136076 98.50812805179974 101.29813411439642 93.49957759198689 97.16977239098003 100.40907793019309 97.85181481504695
1.0111083228255078 1680.1844632290004 0.0 1.100946585099477 1975.5129596263241 0.0 t_swap_r_k 100 2327.7327003479004 105.97622369136076 98.50812805179974 101.29813411439642 93.49957759198689 97.16977239098003 100.44498715089117 97.85181481504695
1.0111083228255078 1680.1844632290004 0.0 1.1011472312238726 1981.4674659257228 0.0 move_t 100 2328.8173706531525 105.97622369136076 98.56304677128175 101.29813411439642 93.49957759198689 97.16977239098003 100.44498715089117 97.85181481504695
1.0111083228255078 1680.1844632290004 0.0 1.1680172643541944 2195.996775266447 0.0 t_multiswap_k 100 2329.4806411266327 105.97622369136076 98.56304677128175 101.29813411439642 93.49957759198689 97.16977239098003 100.44498715089117 97.97329666689647
1.0111083228255078 1680.1844632290004 0.0 1.1264709060067304 2059.4199623253958 0.0 t_move_k 100 2330.559890985489 106.08646145444715 98.56304677128175 101.29813411439642 93.49957759198689 97.16977239098003 100.44498715089117 97.97329666689647
1.0111083228255078 1680.1844632290004 0.0 1.1085986289564196 2000.6677939857152 0.0 t_move_k 100 2331.762861728668 106.11559683990268 98.56304677128175 101.29813411439642 93.49957759198689 97.16977239098003 100.44498715089117 97.97329666689647
1.0111083228255078 1680.1844632290004 0.0 1.1074818552874888 1996.9965844129422 0.0 move_t 100 2332.7740755081177 106.11559683990268 98.57741630356892 101.29813411439642 93.49957759198689 97.16977239098003 100.44498715089117 97.97329666689647
1.0111083228255078 1680.1844632290004 0.0 1.1593702215023092 2167.571045526231 0.0 t_swap_k 100 2334.0913774967194 106.11559683990268 98.57741630356892 101.42515277325245 93.49957759198689 97.16977239098003 100.44498715089117 97.97329666689647
1.0111083228255078 1680.1844632290004 0.0 1.123437428426994 2049.4479042089274 0.0 t_multiswap_k 100 2334.588198661804 106.11559683990268 98.57741630356892 101.42515277325245 93.49957759198689 97.16977239098003 100.44498715089117 98.08356370022751
1.0111083228255078 1680.1844632290004 0.0 1.0987012529479792 1968.1317998461818 0.0 t_swap_k 100 2335.9641041755676 106.11559683990268 98.57741630356892 101.48090124551993 93.49957759198689 97.16977239098003 100.44498715089117 98.08356370022751
1.0111083228255078 1680.1844632290004 0.0 1.0947359758123119 1955.0966040995852 0.0 t_swap_r_k 100 2338.0589752197266 106.11559683990268 98.57741630356892 101.48090124551993 93.49957759198689 97.16977239098003 100.48053727938225 98.08356370022751
1.0111083228255078 1680.1844632290004 0.0 1.0947359758123119 1955.0966040995852 0.0 swap_t 100 2338.9138407707214 106.11559683990268 98.57741630356892 101.48090124551993 93.49957759198689 97.19807466707023 100.48053727938225 98.08356370022751
1.0111083228255078 1680.1844632290004 0.0 1.0903535903111825 1940.6902332735883 0.0 t_multiswap_k 100 2339.6286194324493 106.11559683990268 98.57741630356892 101.48090124551993 93.49957759198689 97.19807466707023 100.48053727938225 98.13272806322524
1.0111083228255078 1680.1844632290004 0.0 1.0903535903111825 1940.6902332735883 0.0 t_swap_r_k 100 2340.6898040771484 106.11559683990268 98.57741630356892 101.48090124551993 93.49957759198689 97.19807466707023 100.51573190658843 98.13272806322524
1.0111083228255078 1680.1844632290004 0.0 1.0903535903111825 1940.6902332735883 0.0 t_multiswap_k 100 2341.2146644592285 106.11559683990268 98.57741630356892 101.48090124551993 93.49957759198689 97.19807466707023 100.51573190658843 98.15140078259299
1.0111083228255078 1680.1844632290004 0.0 1.0903535903111825 1940.6902332735883 0.0 t_swap_k 100 2342.1322305202484 106.11559683990268 98.57741630356892 101.46609223306473 93.49957759198689 97.19807466707023 100.51573190658843 98.15140078259299
1.0111083228255078 1680.1844632290004 0.0 1.1151589787987515 2025.558154790043 0.0 move_t 100 2342.76615190506 106.11559683990268 98.66164214053323 101.46609223306473 93.49957759198689 97.19807466707023 100.51573190658843 98.15140078259299
1.0111083228255078 1680.1844632290004 0.0 1.1047986696779324 1988.1760534769294 0.0 t_move_k 100 2344.0507757663727 106.11444087150365 98.66164214053323 101.46609223306473 93.49957759198689 97.19807466707023 100.51573190658843 98.15140078259299
1.0111083228255078 1680.1844632290004 0.0 1.1075318150491453 1997.1608189040928 0.0 t_move_k 100 2345.037996530533 106.09329646278862 98.66164214053323 101.46609223306473 93.49957759198689 97.19807466707023 100.51573190658843 98.15140078259299
1.0111083228255078 1680.1844632290004 0.0 1.1064150413802145 1993.4896093313203 0.0 t_swap_r_k 100 2347.174622297287 106.09329646278862 98.66164214053323 101.46609223306473 93.49957759198689 97.19807466707023 100.55057458752255 98.15140078259299
1.0111083228255078 1680.1844632290004 0.0 1.1064150413802145 1993.4896093313203 0.0 t_swap_r_k 100 2348.826714038849 106.09329646278862 98.66164214053323 101.46609223306473 93.49957759198689 97.19807466707023 100.58506884164733 98.15140078259299
1.0111083228255078 1680.1844632290004 0.0 1.1270241804034784 2061.2387608144904 0.0 t_multiswap_k 100 2349.1677742004395 106.09329646278862 98.66164214053323 101.46609223306473 93.49957759198689 97.19807466707023 100.58506884164733 98.20988677476706
1.0111083228255078 1680.1844632290004 0.0 1.1098915014311332 2004.9178993898718 0.0 t_swap_k 100 2349.994781970978 106.09329646278862 98.66164214053323 101.45143131073408 93.49957759198689 97.19807466707023 100.58506884164733 98.20988677476706
1.0111083228255078 1680.1844632290004 0.0 1.1068645865467064 1994.9674150537621 0.0 move_t 100 2351.0063982009888 106.09329646278862 98.6750257191279 101.45143131073408 93.49957759198689 97.19807466707023 100.58506884164733 98.20988677476706
1.0111083228255078 1680.1844632290004 0.0 1.1068645865467064 1994.9674150537621 0.0 t_swap_k 100 2351.899702310562 106.09329646278862 98.6750257191279 101.43691699762674 93.49957759198689 97.19807466707023 100.58506884164733 98.20988677476706
1.0111083228255078 1680.1844632290004 0.0 1.1244446476873926 2052.758971700514 0.0 t_swap_k 100 2353.086087703705 106.09329646278862 98.6750257191279 101.43254782765047 93.49957759198689 97.19807466707023 100.58506884164733 98.20988677476706
1.0111083228255078 1680.1844632290004 0.0 1.1190809451297288 2035.126682613637 0.0 t_swap_r_k 100 2355.404240846634 106.09329646278862 98.6750257191279 101.43254782765047 93.49957759198689 97.19807466707023 100.61921815323086 98.20988677476706
1.0111083228255078 1680.1844632290004 0.0 1.117428109676661 2029.693258181872 0.0 t_move_k 100 2355.909002304077 106.06236349816074 98.6750257191279 101.43254782765047 93.49957759198689 97.19807466707023 100.61921815323086 98.20988677476706
1.0111083228255078 1680.1844632290004 0.0 1.117428109676661 2029.693258181872 0.0 t_multiswap_k 100 2356.163476705551 106.06236349816074 98.6750257191279 101.43254782765047 93.49957759198689 97.19807466707023 100.61921815323086 98.22778790701939
1.0111083228255078 1680.1844632290004 0.0 1.117428109676661 2029.693258181872 0.0 t_move_k 100 2356.842611312866 106.00173986317913 98.6750257191279 101.43254782765047 93.49957759198689 97.19807466707023 100.61921815323086 98.22778790701939
1.0111083228255078 1680.1844632290004 0.0 1.117428109676661 2029.693258181872 0.0 f_swap_t 100 2358.0386328697205 106.00173986317913 98.6750257191279 101.43254782765047 93.56458181606702 97.19807466707023 100.61921815323086 98.22778790701939
1.0111083228255078 1680.1844632290004 0.0 1.117428109676661 2029.693258181872 0.0 t_move_k 100 2359.315482854843 105.94172246454734 98.6750257191279 101.43254782765047 93.56458181606702 97.19807466707023 100.61921815323086 98.22778790701939
1.0111083228255078 1680.1844632290004 0.0 1.1358872173237289 2090.3745354935377 0.0 f_swap_t 100 2360.459312438965 105.94172246454734 98.6750257191279 101.43254782765047 93.63893599790634 97.19807466707023 100.61921815323086 98.22778790701939
1.0111083228255078 1680.1844632290004 0.0 1.147930112164361 2129.9635695590987 0.0 f_swap_t 100 2361.230037212372 105.94172246454734 98.6750257191279 101.43254782765047 93.75254663792728 97.19807466707023 100.61921815323086 98.22778790701939
1.0111083228255078 1680.1844632290004 0.0 1.1229930355994677 2047.9870359525623 0.0 move_t 100 2361.8307037353516 105.94172246454734 98.68827546193663 101.43254782765047 93.75254663792728 97.19807466707023 100.61921815323086 98.22778790701939
1.0111083228255078 1680.1844632290004 0.0 1.1229930355994677 2047.9870359525623 0.0 move_t 100 2362.5761013031006 105.94172246454734 98.70139270731725 101.43254782765047 93.75254663792728 97.19807466707023 100.61921815323086 98.22778790701939
1.0111083228255078 1680.1844632290004 0.0 1.1477186105356978 2129.2682927761593 0.0 t_swap_k 100 2363.640689611435 105.94172246454734 98.70139270731725 101.51822234937396 93.75254663792728 97.19807466707023 100.61921815323086 98.22778790701939
1.0111083228255078 1680.1844632290004 0.0 1.1406063779180993 2105.88799899245 0.0 swap_t 100 2364.3784506320953 105.94172246454734 98.70139270731725 101.51822234937396 93.75254663792728 97.22609392039953 100.61921815323086 98.22778790701939
1.0111083228255078 1680.1844632290004 0.0 1.131931404671409 2077.370452677728 0.0 t_multiswap_k 100 2364.8822178840637 105.94172246454734 98.70139270731725 101.51822234937396 93.75254663792728 97.22609392039953 100.61921815323086 98.3355100279492
1.0111083228255078 1680.1844632290004 0.0 1.1312942216856552 2075.275818516854 0.0 f_swap_t 100 2366.062714099884 105.94172246454734 98.70139270731725 101.51822234937396 93.81502117154801 97.22609392039953 100.61921815323086 98.3355100279492
1.0111083228255078 1680.1844632290004 0.0 1.130173503853297 2071.591643156174 0.0 swap_t 100 2366.6896274089813 105.94172246454734 98.70139270731725 101.51822234937396 93.81502117154801 97.25383298119554 100.61921815323086 98.3355100279492
1.0111083228255078 1680.1844632290004 0.0 1.1220614120743528 2044.9244769947604 0.0 t_move_k 100 2367.9104623794556 106.00230523990187 98.70139270731725 101.51822234937396 93.81502117154801 97.25383298119554 100.61921815323086 98.3355100279492
1.0111083228255078 1680.1844632290004 0.0 1.1153614245258319 2022.899371004271 0.0 swap_t 100 2368.615872144699 106.00230523990187 98.70139270731725 101.51822234937396 93.81502117154801 97.28129465138359 100.61921815323086 98.3355100279492
1.0111083228255078 1680.1844632290004 0.0 1.1153614245258319 2022.899371004271 0.0 swap_t 100 2369.140730857849 106.00230523990187 98.70139270731725 101.51822234937396 93.81502117154801 97.30848170486975 100.61921815323086 98.3355100279492
1.0111083228255078 1680.1844632290004 0.0 1.1373189541851134 2095.081134706464 0.0 t_multiswap_k 100 2369.440356016159 106.00230523990187 98.70139270731725 101.51822234937396 93.81502117154801 97.30848170486975 100.61921815323086 98.3621549276697
1.0111083228255078 1680.1844632290004 0.0 1.1392022869321674 2101.272281043501 0.0 f_swap_t 100 2370.3316538333893 106.00230523990187 98.70139270731725 101.51822234937396 93.91687095983254 97.30848170486975 100.61921815323086 98.3621549276697
1.0111083228255078 1680.1844632290004 0.0 1.1350005814799122 2087.459866131303 0.0 t_swap_r_k 100 2372.272850751877 106.00230523990187 98.70139270731725 101.51822234937396 93.91687095983254 97.30848170486975 100.65302597169855 98.3621549276697
1.0111083228255078 1680.1844632290004 0.0 1.1350005814799122 2087.459866131303 0.0 swap_t 100 2372.882692337036 106.00230523990187 98.70139270731725 101.51822234937396 93.91687095983254 97.33539688782105 100.65302597169855 98.3621549276697
1.0111083228255078 1680.1844632290004 0.0 1.1350005814799122 2087.459866131303 0.0 swap_t 100 2373.733647584915 106.00230523990187 98.70139270731725 101.51822234937396 93.91687095983254 97.36204291894283 100.65302597169855 98.3621549276697
1.0111083228255078 1680.1844632290004 0.0 1.126498383772986 2059.5102909580664 0.0 t_multiswap_k 100 2374.2012441158295 106.00230523990187 98.70139270731725 101.51822234937396 93.91687095983254 97.36204291894283 100.65302597169855 98.468533378393
1.0111083228255078 1680.1844632290004 0.0 1.1176452129657393 2030.406949501177 0.0 t_swap_r_k 100 2376.5662837028503 106.00230523990187 98.70139270731725 101.51822234937396 93.91687095983254 97.36204291894283 100.68649571198156 98.468533378393
1.0111083228255078 1680.1844632290004 0.0 1.1394918265507181 2102.2240948701456 0.0 f_swap_t 100 2377.7127306461334 106.00230523990187 98.70139270731725 101.51822234937396 94.12770225023421 97.36204291894283 100.68649571198156 98.468533378393
1.0111083228255078 1680.1844632290004 0.0 1.0965030626171917 1960.9056110402714 0.0 t_multiswap_k 100 2378.120137453079 106.00230523990187 98.70139270731725 101.51822234937396 94.12770225023421 97.36204291894283 100.68649571198156 98.51384804460908
1.0111083228255078 1680.1844632290004 0.0 1.110912872532179 2008.2754887276496 0.0 t_swap_k 100 2379.1591069698334 106.00230523990187 98.70139270731725 101.61304012588022 94.12770225023421 97.36204291894283 100.68649571198156 98.51384804460908
1.0111083228255078 1680.1844632290004 0.0 1.0927041854882122 1948.4174279198298 0.0 t_multiswap_k 100 2379.6321325302124 106.00230523990187 98.70139270731725 101.61304012588022 94.12770225023421 97.36204291894283 100.68649571198156 98.55870956416298
1.0111083228255078 1680.1844632290004 0.0 1.0927041854882122 1948.4174279198298 0.0 t_swap_r_k 100 2382.3029255867004 106.00230523990187 98.70139270731725 101.61304012588022 94.12770225023421 97.36204291894283 100.71963075486175 98.55870956416298
1.0111083228255078 1680.1844632290004 0.0 1.130509621334375 2072.6965740373716 0.0 t_swap_k 100 2383.2594220638275 106.00230523990187 98.70139270731725 101.60690972462142 94.12770225023421 97.36204291894283 100.71963075486175 98.55870956416298
1.0111083228255078 1680.1844632290004 0.0 1.1216658726060258 2043.6242061136222 0.0 t_swap_r_k 100 2385.274735927582 106.00230523990187 98.70139270731725 101.60690972462142 94.12770225023421 97.36204291894283 100.75243444731314 98.55870956416298
1.0111083228255078 1680.1844632290004 0.0 1.0927041854882125 1948.41742791983 0.0 t_swap_k 100 2386.360087156296 106.00230523990187 98.70139270731725 101.6208406273752 94.12770225023421 97.36204291894283 100.75243444731314 98.55870956416298
1.0111083228255078 1680.1844632290004 0.0 1.0923078316342534 1947.114479880006 0.0 t_multiswap_k 100 2386.727375984192 106.00230523990187 98.70139270731725 101.6208406273752 94.12770225023421 97.36204291894283 100.75243444731314 98.60312246852135
1.0111083228255078 1680.1844632290004 0.0 1.0829720850625288 1916.424750047902 0.0 t_swap_k 100 2387.8499999046326 106.00230523990187 98.70139270731725 101.68463222110145 94.12770225023421 97.36204291894283 100.75243444731314 98.60312246852135
1.0111083228255078 1680.1844632290004 0.0 1.0763572505526273 1894.6795706524142 0.0 t_multiswap_k 100 2388.305384159088 106.00230523990187 98.70139270731725 101.68463222110145 94.12770225023421 97.36204291894283 100.75243444731314 98.61709124383613
1.0111083228255078 1680.1844632290004 0.0 1.0747850104291468 1889.5110900975806 0.0 t_move_k 100 2389.0905833244324 106.01228218750285 98.70139270731725 101.68463222110145 94.12770225023421 97.36204291894283 100.75243444731314 98.61709124383613
1.0111083228255078 1680.1844632290004 0.0 1.133581671339353 2082.7954326513195 0.0 t_swap_k 100 2390.002502679825 106.01228218750285 98.70139270731725 101.82778589889044 94.12770225023421 97.36204291894283 100.75243444731314 98.61709124383613
1.0111083228255078 1680.1844632290004 0.0 1.1167367166925457 2027.4204175764319 0.0 t_swap_k 100 2391.0020270347595 106.01228218750285 98.70139270731725 101.89950803990153 94.12770225023421 97.36204291894283 100.75243444731314 98.61709124383613
1.0111083228255078 1680.1844632290004 0.0 1.102870191739056 1981.8364997544072 0.0 f_swap_t 100 2392.229164838791 106.01228218750285 98.70139270731725 101.89950803990153 94.18642522773186 97.36204291894283 100.75243444731314 98.61709124383613
1.0111083228255078 1680.1844632290004 0.0 1.101817688637343 1978.37656908996 0.0 t_swap_r_k 100 2394.169515132904 106.01228218750285 98.70139270731725 101.89950803990153 94.18642522773186 97.36204291894283 100.78491010284 98.61709124383613
1.0111083228255078 1680.1844632290004 0.0 1.100486474161351 1974.000420669166 0.0 swap_t 100 2394.8660044670105 106.01228218750285 98.70139270731725 101.89950803990153 94.18642522773186 97.41842248975341 100.78491010284 98.61709124383613
1.0111083228255078 1680.1844632290004 0.0 1.0986059722728867 1967.8185803136748 0.0 swap_t 100 2395.5306701660156 106.01228218750285 98.70139270731725 101.89950803990153 94.18642522773186 97.44423826485588 100.78491010284 98.61709124383613
1.0111083228255078 1680.1844632290004 0.0 1.0986059722728867 1967.8185803136748 0.0 move_t 100 2396.63716506958 106.01228218750285 98.71437878024408 101.89950803990153 94.18642522773186 97.44423826485588 100.78491010284 98.61709124383613
1.0111083228255078 1680.1844632290004 0.0 1.0986059722728867 1967.8185803136748 0.0 t_move_k 100 2397.7989041805267 105.95215936562782 98.71437878024408 101.89950803990153 94.18642522773186 97.44423826485588 100.78491010284 98.61709124383613
1.0111083228255078 1680.1844632290004 0.0 1.0986059722728867 1967.8185803136748 0.0 move_t 100 2398.796484708786 105.95215936562782 98.72723499244164 101.89950803990153 94.18642522773186 97.44423826485588 100.78491010284 98.61709124383613
1.0111083228255078 1680.1844632290004 0.0 1.0986059722728867 1967.8185803136748 0.0 t_swap_r_k 100 2400.7486157417297 105.95215936562782 98.72723499244164 101.89950803990153 94.18642522773186 97.44423826485588 100.8170610018116 98.61709124383613
1.0111083228255078 1680.1844632290004 0.0 1.0986059722728867 1967.8185803136748 0.0 f_swap_t 100 2401.7834746837616 105.95215936562782 98.72723499244164 101.89950803990153 94.24456097545455 97.44423826485588 100.8170610018116 98.61709124383613
1.0111083228255078 1680.1844632290004 0.0 1.0986059722728867 1967.8185803136748 0.0 t_multiswap_k 100 2402.081825017929 105.95215936562782 98.72723499244164 101.89950803990153 94.24456097545455 97.44423826485588 100.8170610018116 98.63092033139776
1.0111083228255078 1680.1844632290004 0.0 1.0972218624141452 1963.2685470307035 0.0 t_swap_k 100 2402.7543110847473 105.95215936562782 98.72723499244164 101.91051295950251 94.24456097545455 97.44423826485588 100.8170610018116 98.63092033139776
1.0111083228255078 1680.1844632290004 0.0 1.0934926531786906 1951.0093856402132 0.0 t_swap_k 100 2403.1882779598236 105.95215936562782 98.72723499244164 101.8914078299075 94.24456097545455 97.44423826485588 100.8170610018116 98.63092033139776
1.0111083228255078 1680.1844632290004 0.0 1.0934926531786906 1951.0093856402132 0.0 t_swap_r_k 100 2405.626702308655 105.95215936562782 98.72723499244164 101.8914078299075 94.24456097545455 97.44423826485588 100.84889039179347 98.63092033139776
1.0111083228255078 1680.1844632290004 0.0 1.0962138788968148 1959.9549671702796 0.0 t_move_k 100 2406.901337623596 105.93263777197154 98.72723499244164 101.8914078299075 94.24456097545455 97.44423826485588 100.84889039179347 98.63092033139776
1.0111083228255078 1680.1844632290004 0.0 1.0934926531786906 1951.0093856402132 0.0 swap_t 100 2407.5003278255463 105.93263777197154 98.72723499244164 101.8914078299075 94.24456097545455 97.46979588220732 100.84889039179347 98.63092033139776
1.0111083228255078 1680.1844632290004 0.0 1.0934926531786906 1951.0093856402132 0.0 t_multiswap_k 100 2407.9467465877533 105.93263777197154 98.72723499244164 101.8914078299075 94.24456097545455 97.46979588220732 100.84889039179347 98.64461112808378
1.0111083228255078 1680.1844632290004 0.0 1.0934926531786906 1951.0093856402132 0.0 move_t 100 2408.8743875026703 105.93263777197154 98.73996264251723 101.8914078299075 94.24456097545455 97.46979588220732 100.84889039179347 98.64461112808378
1.0111083228255078 1680.1844632290004 0.0 1.0934926531786906 1951.0093856402132 0.0 t_multiswap_k 100 2409.235779285431 105.93263777197154 98.73996264251723 101.8914078299075 94.24456097545455 97.46979588220732 100.84889039179347 98.65816501680294
1.0111083228255078 1680.1844632290004 0.0 1.0934926531786906 1951.0093856402132 0.0 t_swap_r_k 100 2411.0386250019073 105.93263777197154 98.73996264251723 101.8914078299075 94.24456097545455 97.46979588220732 100.88040148787555 98.65816501680294
1.0111083228255078 1680.1844632290004 0.0 1.1183457022995826 2032.7096928587398 0.0 t_swap_k 100 2412.0147252082825 105.93263777197154 98.73996264251723 101.91249375160842 94.24456097545455 97.46979588220732 100.88040148787555 98.65816501680294
1.0111083228255078 1680.1844632290004 0.0 1.1114507314964126 2010.0436115203245 0.0 t_multiswap_k 100 2412.3528344631195 105.93263777197154 98.73996264251723 101.91249375160842 94.24456097545455 97.46979588220732 100.88040148787555 98.6715833666349
1.0111083228255078 1680.1844632290004 0.0 1.129422473768952 2069.122755402286 0.0 t_swap_k 100 2413.1631751060486 105.93263777197154 98.73996264251723 101.93336881409233 94.24456097545455 97.46979588220732 100.88040148787555 98.6715833666349
1.0111083228255078 1680.1844632290004 0.0 1.1760676997280926 2231.7134722226415 0.0 swap_t 100 2413.9103078842163 105.93263777197154 98.73996264251723 101.93336881409233 94.24456097545455 97.60509792338524 100.88040148787555 98.6715833666349
1.0111083228255078 1680.1844632290004 0.0 1.2204767572264839 2426.995642716771 0.0 swap_t 100 2414.8783571720123 105.93263777197154 98.73996264251723 101.93336881409233 94.24456097545455 97.69904694415139 100.88040148787555 98.6715833666349
1.0111083228255078 1680.1844632290004 0.0 1.172439423545373 2210.533895550204 0.0 f_swap_t 100 2416.5971853733063 105.93263777197154 98.73996264251723 101.93336881409233 94.3321153657 97.69904694415139 100.88040148787555 98.6715833666349
1.0111083228255078 1680.1844632290004 0.0 1.2061201989168717 2321.253899434816 0.0 t_swap_k 100 2418.077270269394 105.93263777197154 98.73996264251723 102.0040351259514 94.3321153657 97.69904694415139 100.88040148787555 98.6715833666349
1.0111083228255078 1680.1844632290004 0.0 1.1566523414566796 2158.6364623436634 0.0 t_multiswap_k 100 2419.2744591236115 105.93263777197154 98.73996264251723 102.0040351259514 94.3321153657 97.69904694415139 100.88040148787555 98.86486753296856
1.0111083228255078 1680.1844632290004 0.0 1.1565299950742487 2158.234268754335 0.0 t_multiswap_k 100 2420.35067820549 105.93263777197154 98.73996264251723 102.0040351259514 94.3321153657 97.69904694415139 100.88040148787555 98.94621885763887
1.0111083228255078 1680.1844632290004 0.0 1.1475788965416376 2128.809006022976 0.0 swap_t 100 2421.0917789936066 105.93263777197154 98.73996264251723 102.0040351259514 94.3321153657 97.72205647470987 100.88040148787555 98.94621885763887
1.0111083228255078 1680.1844632290004 0.0 1.164788593237751 2185.383050534407 0.0 t_move_k 100 2422.4422290325165 106.04331139425183 98.73996264251723 102.0040351259514 94.3321153657 97.72205647470987 100.88040148787555 98.94621885763887
1.0111083228255078 1680.1844632290004 0.0 1.1841837699600672 2249.141500818031 0.0 t_swap_k 100 2423.7381751537323 106.04331139425183 98.73996264251723 102.07399477469188 94.3321153657 97.72205647470987 100.88040148787555 98.94621885763887
1.0111083228255078 1680.1844632290004 0.0 1.176904539905856 2246.6543262811188 0.0 move_t 100 2424.9005827903748 106.04331139425183 98.81256301609206 102.07399477469188 94.3321153657 97.72205647470987 100.88040148787555 98.94621885763887
1.0111083228255078 1680.1844632290004 0.0 1.2180293276102117 2433.0161710373227 0.0 swap_t 100 2426.069256544113 106.04331139425183 98.81256301609206 102.07399477469188 94.3321153657 97.78483590996278 100.88040148787555 98.94621885763887
1.0111083228255078 1680.1844632290004 0.0 1.2213070140101263 2371.178053720853 0.0 t_swap_k 100 2427.235286474228 106.04331139425183 98.81256301609206 102.19325482694497 94.3321153657 97.78483590996278 100.88040148787555 98.94621885763887
1.0111083228255078 1680.1844632290004 0.0 1.2002791778441355 2286.773731492002 0.0 move_t 100 2427.9894759655 106.04331139425183 98.85443738593113 102.19325482694497 94.3321153657 97.78483590996278 100.88040148787555 98.94621885763887
1.0111083228255078 1680.1844632290004 0.0 1.2423695073406194 2349.2061692169773 0.0 move_t 100 2428.8035221099854 106.04331139425183 98.87589301207183 102.19325482694497 94.3321153657 97.78483590996278 100.88040148787555 98.94621885763887
1.0111083228255078 1680.1844632290004 0.0 1.2154601578108983 2351.957476582979 0.0 t_multiswap_k 100 2429.4927067756653 106.04331139425183 98.87589301207183 102.19325482694497 94.3321153657 97.78483590996278 100.88040148787555 99.17675666906248
1.0111083228255078 1680.1844632290004 0.0 1.2009807295131558 2213.5854917443517 0.0 move_t 100 2430.4175260066986 106.04331139425183 98.89713408195111 102.19325482694497 94.3321153657 97.78483590996278 100.88040148787555 99.17675666906248
1.0111083228255078 1680.1844632290004 0.0 1.1938983651953117 2281.0766332584176 0.0 t_multiswap_k 100 2431.13974404335 106.04331139425183 98.89713408195111 102.19325482694497 94.3321153657 97.78483590996278 100.88040148787555 99.36498910237187
1.0111083228255078 1680.1844632290004 0.0 1.1754675340796341 2220.4883103882935 0.0 swap_t 100 2431.6592116355896 106.04331139425183 98.89713408195111 102.19325482694497 94.3321153657 97.80698755086316 100.88040148787555 99.36498910237187
1.0111083228255078 1680.1844632290004 0.0 1.1703171759098814 2203.557355851994 0.0 t_swap_k 100 2433.039525747299 106.04331139425183 98.89713408195111 102.33132227867551 94.3321153657 97.80698755086316 100.88040148787555 99.36498910237187
1.0111083228255078 1680.1844632290004 0.0 1.1659665693388828 2189.2554530267694 0.0 swap_t 100 2433.892826318741 106.04331139425183 98.89713408195111 102.33132227867551 94.3321153657 97.82891767535452 100.88040148787555 99.36498910237187
1.0111083228255078 1680.1844632290004 0.0 1.1656938013160478 2188.358773059793 0.0 swap_t 100 2434.4934244155884 106.04331139425183 98.89713408195111 102.33132227867551 94.3321153657 97.85062849860097 100.88040148787555 99.36498910237187
1.0111083228255078 1680.1844632290004 0.0 1.160454496738212 2171.135421850914 0.0 t_swap_k 100 2435.9179730415344 106.04331139425183 98.89713408195111 102.43800905588876 94.3321153657 97.85062849860097 100.88040148787555 99.36498910237187
1.0111083228255078 1680.1844632290004 0.0 1.155457139723122 2154.707433420702 0.0 t_swap_r_k 100 2437.9062490463257 106.04331139425183 98.89713408195111 102.43800905588876 94.3321153657 97.85062849860097 100.91159747299679 99.36498910237187
1.0111083228255078 1680.1844632290004 0.0 1.141154254324266 2107.689052476225 0.0 t_move_k 100 2438.636714220047 106.1728782803093 98.89713408195111 102.43800905588876 94.3321153657 97.85062849860097 100.91159747299679 99.36498910237187
1.0111083228255078 1680.1844632290004 0.0 1.1340274824873147 2084.2609634026066 0.0 t_move_k 100 2439.6891679763794 106.1411494975062 98.89713408195111 102.43800905588876 94.3321153657 97.85062849860097 100.91159747299679 99.36498910237187
1.0111083228255078 1680.1844632290004 0.0 1.2108120918945566 2336.677725133172 0.0 f_swap_t 100 2440.766312599182 106.1411494975062 98.89713408195111 102.43800905588876 94.438794212043 97.85062849860097 100.91159747299679 99.36498910237187
1.0111083228255078 1680.1844632290004 0.0 1.196964706649906 2289.027809402035 0.0 swap_t 100 2441.7727494239807 106.1411494975062 98.89713408195111 102.43800905588876 94.438794212043 97.91212221361496 100.91159747299679 99.36498910237187
1.0111083228255078 1680.1844632290004 0.0 1.1622198232635395 2176.9386421623826 0.0 t_swap_k 100 2443.4645919799805 106.1411494975062 98.89713408195111 102.66362896532986 94.438794212043 97.91212221361496 100.91159747299679 99.36498910237187
1.0111083228255078 1680.1844632290004 0.0 1.1436256136294536 2115.813239311371 0.0 swap_t 100 2444.24786901474 106.1411494975062 98.89713408195111 102.66362896532986 94.438794212043 97.93300099147882 100.91159747299679 99.36498910237187
1.0111083228255078 1680.1844632290004 0.0 1.1373446570143158 2095.1656285257936 0.0 t_multiswap_k 100 2444.831125974655 106.1411494975062 98.89713408195111 102.66362896532986 94.438794212043 97.93300099147882 100.91159747299679 99.43133921134815
1.0111083228255078 1680.1844632290004 0.0 1.1214661313525762 2042.967589627989 0.0 t_multiswap_k 100 2445.1773126125336 106.1411494975062 98.89713408195111 102.66362896532986 94.438794212043 97.93300099147882 100.91159747299679 99.46702581923466
1.0111083228255078 1680.1844632290004 0.0 1.1080815768132792 1998.968070191782 0.0 t_swap_k 100 2446.2440526485443 106.1411494975062 98.89713408195111 102.66699267567657 94.438794212043 97.93300099147882 100.91159747299679 99.46702581923466
1.0111083228255078 1680.1844632290004 0.0 1.105199474206504 1989.4936323767895 0.0 swap_t 100 2447.252989292145 106.1411494975062 98.89713408195111 102.66699267567657 94.438794212043 97.95367098156403 100.91159747299679 99.46702581923466
1.0111083228255078 1680.1844632290004 0.0 1.105199474206504 1989.4936323767895 0.0 t_swap_r_k 100 2449.4730265140533 106.1411494975062 98.89713408195111 102.66699267567657 94.438794212043 97.95367098156403 100.94248149826682 99.46702581923466
1.0111083228255078 1680.1844632290004 0.0 1.1534247989062165 2148.026447586479 0.0 t_swap_k 100 2451.005397081375 106.1411494975062 98.89713408195111 102.6903227489198 94.438794212043 97.95367098156403 100.94248149826682 99.46702581923466
1.0111083228255078 1680.1844632290004 0.0 1.1393401590501384 2101.7255129322853 0.0 swap_t 100 2451.593190908432 106.1411494975062 98.89713408195111 102.6903227489198 94.438794212043 97.9741342717484 100.94248149826682 99.46702581923466
1.0111083228255078 1680.1844632290004 0.0 1.133592942187053 2082.832483707519 0.0 t_move_k 100 2452.892353773117 106.16973800253115 98.89713408195111 102.6903227489198 94.438794212043 97.9741342717484 100.94248149826682 99.46702581923466
1.0111083228255078 1680.1844632290004 0.0 1.1326341290021777 2079.680543219716 0.0 t_multiswap_k 100 2453.35173535347 106.16973800253115 98.89713408195111 102.6903227489198 94.438794212043 97.9741342717484 100.94248149826682 99.47235556104232
1.0111083228255078 1680.1844632290004 0.0 1.132491063579867 2079.2102391979324 0.0 move_t 100 2453.9721460342407 106.16973800253115 98.9781627411316 102.6903227489198 94.438794212043 97.9741342717484 100.94248149826682 99.47235556104232
1.0111083228255078 1680.1844632290004 0.0 1.1274021343958447 2062.481222338651 0.0 t_swap_k 100 2455.1558845043182 106.16973800253115 98.9781627411316 102.6634195214306 94.438794212043 97.9741342717484 100.94248149826682 99.47235556104232
1.0111083228255078 1680.1844632290004 0.0 1.1206791336809014 2040.3804643524004 0.0 t_move_k 100 2456.1262352466583 106.22804062250583 98.9781627411316 102.6634195214306 94.438794212043 97.9741342717484 100.94248149826682 99.47235556104232
1.0111083228255078 1680.1844632290004 0.0 1.113039108337822 2015.2651388786253 0.0 swap_t 100 2456.620192050934 106.22804062250583 98.9781627411316 102.6634195214306 94.438794212043 97.99439292903091 100.94248149826682 99.47235556104232
1.0111083228255078 1680.1844632290004 0.0 1.1089243623701426 2001.7385889550992 0.0 swap_t 100 2457.105325460434 106.22804062250583 98.9781627411316 102.6634195214306 94.438794212043 98.0144489997406 100.94248149826682 99.47235556104232
1.0111083228255078 1680.1844632290004 0.0 1.1089243623701426 2001.7385889550992 0.0 move_t 100 2457.8298251628876 106.22804062250583 98.98838111372028 102.6634195214306 94.438794212043 98.0144489997406 100.94248149826682 99.47235556104232
1.0111083228255078 1680.1844632290004 0.0 1.1089243623701426 2001.7385889550992 0.0 move_t 100 2458.33833527565 106.22804062250583 98.99849730258308 102.6634195214306 94.438794212043 98.0144489997406 100.94248149826682 99.47235556104232
1.0111083228255078 1680.1844632290004 0.0 1.1451446106458185 2120.806691917422 0.0 t_swap_k 100 2459.6803789138794 106.22804062250583 98.99849730258308 102.7967853262163 94.438794212043 98.0144489997406 100.94248149826682 99.47235556104232
1.0111083228255078 1680.1844632290004 0.0 1.176522148453162 2156.600059981765 0.0 swap_t 100 2460.0581996440887 106.22804062250583 98.99849730258308 102.7967853262163 94.438794212043 98.04430450974318 100.94248149826682 99.47235556104232
1.0111083228255078 1680.1844632290004 0.0 1.1708576717191022 2205.3341468384388 0.0 swap_t 100 2460.510688304901 106.22804062250583 98.99849730258308 102.7967853262163 94.438794212043 98.06386146464575 100.94248149826682 99.47235556104232
1.0111083228255078 1680.1844632290004 0.0 1.1623223688346052 2177.275743844322 0.0 f_swap_t 100 2461.7995567321777 106.22804062250583 98.99849730258308 102.7967853262163 94.52440626992258 98.06386146464575 100.94248149826682 99.47235556104232
1.0111083228255078 1680.1844632290004 0.0 1.1535853351718348 2148.5541841292647 0.0 t_swap_k 100 2462.9721796512604 106.22804062250583 98.99849730258308 102.79881747295413 94.52440626992258 98.06386146464575 100.94248149826682 99.47235556104232
1.0111083228255078 1680.1844632290004 0.0 1.1535853351718348 2148.5541841292647 0.0 swap_t 100 2463.748867034912 106.22804062250583 98.99849730258308 102.79881747295413 94.52440626992258 98.0832228499993 100.94248149826682 99.47235556104232
1.0111083228255078 1680.1844632290004 0.0 1.1408724584604628 2106.7626949683936 0.0 t_move_k 100 2464.932425260544 106.22576021628078 98.99849730258308 102.79881747295413 94.52440626992258 98.0832228499993 100.94248149826682 99.47235556104232
1.0111083228255078 1680.1844632290004 0.0 1.1838985770883719 2248.2039762060326 0.0 t_swap_k 100 2466.5767176151276 106.22576021628078 98.99849730258308 102.93082929822458 94.52440626992258 98.0832228499993 100.94248149826682 99.47235556104232
1.0111083228255078 1680.1844632290004 0.0 1.152901073004509 2146.3047849100135 0.0 t_move_k 100 2467.683749437332 106.28350261411796 98.99849730258308 102.93082929822458 94.52440626992258 98.0832228499993 100.94248149826682 99.47235556104232
1.0111083228255078 1680.1844632290004 0.0 1.1350298298910464 2087.5560154674954 0.0 move_t 100 2468.357676744461 106.28350261411796 99.00851232955725 102.93082929822458 94.52440626992258 98.0832228499993 100.94248149826682 99.47235556104232
1.0111083228255078 1680.1844632290004 0.0 1.1350298298910464 2087.5560154674954 0.0 t_multiswap_k 100 2469.009613752365 106.28350261411796 99.00851232955725 102.93082929822458 94.52440626992258 98.0832228499993 100.94248149826682 99.4776320054319
1.0111083228255078 1680.1844632290004 0.0 1.1268934935649324 2060.8091493488437 0.0 swap_t 100 2470.0661334991455 106.28350261411796 99.00851232955725 102.93082929822458 94.52440626992258 98.13239062149931 100.94248149826682 99.4776320054319
1.0111083228255078 1680.1844632290004 0.0 1.123132141020894 2048.4443221234064 0.0 t_move_k 100 2471.721988916397 106.25066758797678 99.00851232955725 102.93082929822458 94.52440626992258 98.13239062149931 100.94248149826682 99.4776320054319
1.0111083228255078 1680.1844632290004 0.0 1.1053625816595645 1990.0298212749744 0.0 f_swap_t 100 2472.9659695625305 106.25066758797678 99.00851232955725 102.93082929822458 94.66916220722335 98.13239062149931 100.94248149826682 99.4776320054319
1.0111083228255078 1680.1844632290004 0.0 1.0956000555412921 1957.937123947898 0.0 t_swap_k 100 2474.4401321411133 106.25066758797678 99.00851232955725 102.96152100524233 94.66916220722335 98.13239062149931 100.94248149826682 99.4776320054319
1.0111083228255078 1680.1844632290004 0.0 1.089940798773214 1939.3332490538578 0.0 t_swap_r_k 100 2476.5788185596466 106.25066758797678 99.00851232955725 102.96152100524233 94.66916220722335 98.13239062149931 100.97305668328414 99.4776320054319
1.0111083228255078 1680.1844632290004 0.0 1.1006768907403268 1974.6263838226666 0.0 t_move_k 100 2477.910566806793 106.40816091209702 99.00851232955725 102.96152100524233 94.66916220722335 98.13239062149931 100.97305668328414 99.4776320054319
1.0111083228255078 1680.1844632290004 0.0 1.0957551918661537 1958.4471090744835 0.0 t_move_k 100 2478.550835132599 106.34407930297604 99.00851232955725 102.96152100524233 94.66916220722335 98.13239062149931 100.97305668328414 99.4776320054319
1.0111083228255078 1680.1844632290004 0.0 1.0957551918661537 1958.4471090744835 0.0 t_swap_r_k 100 2479.771542072296 106.34407930297604 99.00851232955725 102.96152100524233 94.66916220722335 98.13239062149931 101.0033261164513 99.4776320054319
1.0111083228255078 1680.1844632290004 0.0 1.0957551918661537 1958.4471090744835 0.0 f_swap_t 100 2480.4246048927307 106.34407930297604 99.00851232955725 102.96152100524233 94.72247058515111 98.13239062149931 101.0033261164513 99.4776320054319
1.0111083228255078 1680.1844632290004 0.0 1.1162800003230733 2025.9190377048467 0.0 t_multiswap_k 100 2481.214872598648 106.34407930297604 99.00851232955725 102.96152100524233 94.72247058515111 98.13239062149931 101.0033261164513 99.57285568537758
1.0111083228255078 1680.1844632290004 0.0 1.1058243758825037 1991.5478937538219 0.0 move_t 100 2481.7410411834717 106.34407930297604 99.04842720626168 102.96152100524233 94.72247058515111 98.13239062149931 101.0033261164513 99.57285568537758
1.0111083228255078 1680.1844632290004 0.0 1.1144227345639004 2019.8135822988413 0.0 t_move_k 100 2482.4818365573883 106.45063850994629 99.04842720626168 102.96152100524233 94.72247058515111 98.13239062149931 101.0033261164513 99.57285568537758
1.0111083228255078 1680.1844632290004 0.0 1.1249472012100066 2054.411033666497 0.0 t_swap_k 100 2483.603672504425 106.45063850994629 99.04842720626168 103.0419057951899 94.72247058515111 98.13239062149931 101.0033261164513 99.57285568537758
1.0111083228255078 1680.1844632290004 0.0 1.112426089840263 2013.2499414942888 0.0 t_swap_r_k 100 2485.451387166977 106.45063850994629 99.04842720626168 103.0419057951899 94.72247058515111 98.13239062149931 101.03329285528679 99.57285568537758
1.0111083228255078 1680.1844632290004 0.0 1.1123205001657626 2012.9028328234845 0.0 t_swap_r_k 100 2487.366509914398 106.45063850994629 99.04842720626168 103.0419057951899 94.72247058515111 98.13239062149931 101.06295992673392 99.57285568537758
1.0111083228255078 1680.1844632290004 0.0 1.1417819038520125 2128.8647695603067 0.0 move_t 100 2488.3670449256897 106.45063850994629 99.13794293419906 103.0419057951899 94.72247058515111 98.13239062149931 101.06295992673392 99.57285568537758
1.0111083228255078 1680.1844632290004 0.0 1.1407175009926367 2106.2532978048657 0.0 t_swap_r_k 100 2490.205018043518 106.45063850994629 99.13794293419906 103.0419057951899 94.72247058515111 98.13239062149931 101.09233032746658 99.57285568537758
1.0111083228255078 1680.1844632290004 0.0 1.1432169415216293 2133.8102059401303 0.0 move_t 100 2490.6484591960907 106.45063850994629 99.24656350485706 103.0419057951899 94.72247058515111 98.13239062149931 101.09233032746658 99.57285568537758
1.0111083228255078 1680.1844632290004 0.0 1.130332772575053 2072.115212857198 0.0 t_multiswap_k 100 2491.0166323184967 106.45063850994629 99.24656350485706 103.0419057951899 94.72247058515111 98.13239062149931 101.09233032746658 99.6071271285238
1.0111083228255078 1680.1844632290004 0.0 1.1139699637081546 2018.3251726540489 0.0 t_swap_k 100 2492.5390384197235 106.45063850994629 99.24656350485706 103.131486737238 94.72247058515111 98.13239062149931 101.09233032746658 99.6071271285238
1.0111083228255078 1680.1844632290004 0.0 1.110079715968855 2005.5366236952905 0.0 t_multiswap_k 100 2493.2641892433167 106.45063850994629 99.24656350485706 103.131486737238 94.72247058515111 98.13239062149931 101.09233032746658 99.64105585723856
1.0111083228255078 1680.1844632290004 0.0 1.1088861994359966 2001.6131345921794 0.0 t_swap_r_k 100 2495.2390258312225 106.45063850994629 99.24656350485706 103.131486737238 94.72247058515111 98.13239062149931 101.12140702419192 99.64105585723856
1.0111083228255078 1680.1844632290004 0.0 1.1088861994359966 2001.6131345921794 0.0 swap_t 100 2495.9484889507294 106.45063850994629 99.24656350485706 103.131486737238 94.72247058515111 98.15106671528432 101.12140702419192 99.64105585723856
1.0111083228255078 1680.1844632290004 0.0 1.1088861994359966 2001.6131345921794 0.0 t_swap_r_k 100 2497.670206785202 106.45063850994629 99.24656350485706 103.131486737238 94.72247058515111 98.15106671528432 101.15019295395001 99.64105585723856
1.0111083228255078 1680.1844632290004 0.0 1.1088861994359966 2001.6131345921794 0.0 t_swap_r_k 100 2499.7610988616943 106.45063850994629 99.24656350485706 103.131486737238 94.72247058515111 98.15106671528432 101.17869102441051 99.64105585723856
1.0111083228255078 1680.1844632290004 0.0 1.1088861994359966 2001.6131345921794 0.0 f_swap_t 100 2500.68292593956 106.45063850994629 99.24656350485706 103.131486737238 94.7752458792996 98.15106671528432 101.17869102441051 99.64105585723856
1.0111083228255078 1680.1844632290004 0.0 1.1088861994359966 2001.6131345921794 0.0 swap_t 100 2501.2715771198273 106.45063850994629 99.24656350485706 103.131486737238 94.7752458792996 98.16955604813147 101.17869102441051 99.64105585723856
1.0111083228255078 1680.1844632290004 0.0 1.1322701887759214 2041.1127350281783 0.0 move_t 100 2502.1005549430847 106.45063850994629 99.2640978698085 103.131486737238 94.7752458792996 98.16955604813147 101.17869102441051 99.64105585723856
1.0111083228255078 1680.1844632290004 0.0 1.1377436339672777 2096.4771995717265 0.0 t_multiswap_k 100 2503.12384557724 106.45063850994629 99.2640978698085 103.131486737238 94.7752458792996 98.16955604813147 101.17869102441051 99.82464529866617
1.0111083228255078 1680.1844632290004 0.0 1.1512047678276172 2140.728460917963 0.0 f_swap_t 100 2504.2478244304657 106.45063850994629 99.2640978698085 103.131486737238 94.9974934205066 98.16955604813147 101.17869102441051 99.82464529866617
1.0111083228255078 1680.1844632290004 0.0 1.137878973456667 2096.922105861016 0.0 t_swap_r_k 100 2506.3424112796783 106.45063850994629 99.2640978698085 103.131486737238 94.9974934205066 98.16955604813147 101.2069041141664 99.82464529866617
1.0111083228255078 1680.1844632290004 0.0 1.1256832775246894 2056.830763364585 0.0 move_t 100 2507.2613759040833 106.45063850994629 99.3314568911104 103.131486737238 94.9974934205066 98.16955604813147 101.2069041141664 99.82464529866617
1.0111083228255078 1680.1844632290004 0.0 1.1615187524683472 2041.294724228702 0.0 swap_t 100 2507.9534583091736 106.45063850994629 99.3314568911104 103.131486737238 94.9974934205066 98.19786048765016 101.2069041141664 99.82464529866617
1.0111083228255078 1680.1844632290004 0.0 1.1435602293381262 2115.5982992183976 0.0 t_swap_r_k 100 2509.707286834717 106.45063850994629 99.3314568911104 103.131486737238 94.9974934205066 98.19786048765016 101.23483507302474 99.82464529866617
1.0111083228255078 1680.1844632290004 0.0 1.1349026752446352 2087.1380155019565 0.0 t_move_k 100 2511.0345418453217 106.58613212484683 99.3314568911104 103.131486737238 94.9974934205066 98.19786048765016 101.23483507302474 99.82464529866617
1.0111083228255078 1680.1844632290004 0.0 1.1244559374137606 2052.796084817227 0.0 move_t 100 2511.629061460495 106.58613212484683 99.3381423221993 103.131486737238 94.9974934205066 98.19786048765016 101.23483507302474 99.82464529866617
1.0111083228255078 1680.1844632290004 0.0 1.161602128024736 2174.908070761176 0.0 t_swap_k 100 2512.9745893478394 106.58613212484683 99.3381423221993 103.18017186986563 94.9974934205066 98.19786048765016 101.23483507302474 99.82464529866617
1.0111083228255078 1680.1844632290004 0.0 1.1391575640788387 2101.1252620262826 0.0 t_swap_r_k 100 2515.148315191269 106.58613212484683 99.3381423221993 103.18017186986563 94.9974934205066 98.19786048765016 101.2624867222945 99.82464529866617
1.0111083228255078 1680.1844632290004 0.0 1.13834276494938 2098.4467440354174 0.0 t_swap_k 100 2516.1604704856873 106.58613212484683 99.3381423221993 103.17837015116697 94.9974934205066 98.19786048765016 101.2624867222945 99.82464529866617
1.0111083228255078 1680.1844632290004 0.0 1.1366685965982681 2092.943191213547 0.0 t_multiswap_k 100 2516.458493232727 106.58613212484683 99.3381423221993 103.17837015116697 94.9974934205066 98.19786048765016 101.2624867222945 99.8263988456795
1.0111083228255078 1680.1844632290004 0.0 1.1366685965982681 2092.943191213547 0.0 move_t 100 2516.9609775543213 106.58613212484683 99.34476089897731 103.17837015116697 94.9974934205066 98.19786048765016 101.2624867222945 99.8263988456795
1.0111083228255078 1680.1844632290004 0.0 1.1748368193260104 2218.4149394756278 0.0 t_swap_k 100 2517.720763683319 106.58613212484683 99.34476089897731 103.2665864496553 94.9974934205066 98.19786048765016 101.2624867222945 99.8263988456795
1.0111083228255078 1680.1844632290004 0.0 1.1645443737319896 2184.5802191171274 0.0 f_swap_t 100 2518.3095037937164 106.58613212484683 99.34476089897731 103.2665864496553 95.04751848630154 98.19786048765016 101.2624867222945 99.8263988456795
1.0111083228255078 1680.1844632290004 0.0 1.1562795103537944 2157.4108414752473 0.0 t_swap_k 100 2519.5850219726562 106.58613212484683 99.34476089897731 103.36392058515875 95.04751848630154 98.19786048765016 101.2624867222945 99.8263988456795
1.0111083228255078 1680.1844632290004 0.0 1.1471176137572199 2129.53604643868 0.0 swap_t 100 2520.311812400818 106.58613212484683 99.34476089897731 103.36392058515875 95.04751848630154 98.24588188277366 101.2624867222945 99.8263988456795
1.0111083228255078 1680.1844632290004 0.0 1.1417147771711813 2109.53167905187 0.0 swap_t 100 2521.019467115402 106.58613212484683 99.34476089897731 103.36392058515875 95.04751848630154 98.26342306394592 101.2624867222945 99.8263988456795
1.0111083228255078 1680.1844632290004 0.0 1.1417147771711813 2109.53167905187 0.0 move_t 100 2521.8066930770874 106.58613212484683 99.35131328998754 103.36392058515875 95.04751848630154 98.26342306394592 101.2624867222945 99.8263988456795
1.0111083228255078 1680.1844632290004 0.0 1.1417147771711813 2109.53167905187 0.0 f_swap_t 100 2522.525354385376 106.58613212484683 99.35131328998754 103.36392058515875 95.09704330143853 98.26342306394592 101.2624867222945 99.8263988456795
1.0111083228255078 1680.1844632290004 0.0 1.166193973433935 2169.2412274801 0.0 swap_t 100 2523.5893857479095 106.58613212484683 99.35131328998754 103.36392058515875 95.09704330143853 98.32078883330647 101.2624867222945 99.8263988456795
1.0111083228255078 1680.1844632290004 0.0 1.142391602781921 2111.756631815687 0.0 t_move_k 100 2524.7756400108337 106.61027080359835 99.35131328998754 103.36392058515875 95.09704330143853 98.32078883330647 101.2624867222945 99.8263988456795
1.0111083228255078 1680.1844632290004 0.0 1.127433775736484 2064.212989780791 0.0 move_t 100 2525.5441460609436 106.61027080359835 99.41780015708767 103.36392058515875 95.09704330143853 98.32078883330647 101.2624867222945 99.8263988456795
1.0111083228255078 1680.1844632290004 0.0 1.1444728529154995 2118.5983989761207 0.0 f_swap_t 100 2526.7511999607086 106.61027080359835 99.41780015708767 103.36392058515875 95.15607286842415 98.32078883330647 101.2624867222945 99.8263988456795
1.0111083228255078 1680.1844632290004 0.0 1.1277248881224553 2063.542222077225 0.0 f_swap_t 100 2528.0441842079163 106.61027080359835 99.41780015708767 103.36392058515875 95.2345121397399 98.32078883330647 101.2624867222945 99.8263988456795
1.0111083228255078 1680.1844632290004 0.0 1.1277594839184606 2063.655950060795 0.0 f_swap_t 100 2529.097632408142 106.61027080359835 99.41780015708767 103.36392058515875 95.32216701834251 98.32078883330647 101.2624867222945 99.8263988456795
1.0111083228255078 1680.1844632290004 0.0 1.1217899992613174 2044.0322520568786 0.0 f_swap_t 100 2530.256692171097 106.61027080359835 99.41780015708767 103.36392058515875 95.36894534815909 98.32078883330647 101.2624867222945 99.8263988456795
1.0111083228255078 1680.1844632290004 0.0 1.1217899992613174 2044.0322520568786 0.0 move_t 100 2530.9422833919525 106.61027080359835 99.4236221555168 103.36392058515875 95.36894534815909 98.32078883330647 101.2624867222945 99.8263988456795
1.0111083228255078 1680.1844632290004 0.0 1.1217899992613174 2044.0322520568786 0.0 swap_t 100 2531.8458483219147 106.61027080359835 99.4236221555168 103.36392058515875 95.36894534815909 98.3375809449734 101.2624867222945 99.8263988456795
1.0111083228255078 1680.1844632290004 0.0 1.119678614973521 2037.0914238256926 0.0 move_t 100 2532.582940340042 106.61027080359835 99.45938593396163 103.36392058515875 95.36894534815909 98.3375809449734 101.2624867222945 99.8263988456795
1.0111083228255078 1680.1844632290004 0.0 1.115916239416773 2024.723233614401 0.0 t_swap_k 100 2534.0162975788116 106.61027080359835 99.45938593396163 103.39028137930717 95.36894534815909 98.3375809449734 101.2624867222945 99.8263988456795
1.0111083228255078 1680.1844632290004 0.0 1.1324387229781814 2079.0381780871644 0.0 t_swap_k 100 2535.05201792717 106.61027080359835 99.45938593396163 103.3963785655141 95.36894534815909 98.3375809449734 101.2624867222945 99.8263988456795
1.0111083228255078 1680.1844632290004 0.0 1.147453751194046 2128.3976112964992 0.0 f_swap_t 100 2536.122706890106 106.61027080359835 99.45938593396163 103.3963785655141 95.45525589467749 98.3375809449734 101.2624867222945 99.8263988456795
1.0111083228255078 1680.1844632290004 0.0 1.1246321377503716 2053.375314414493 0.0 t_swap_k 100 2537.366932630539 106.61027080359835 99.45938593396163 103.39241477985895 95.45525589467749 98.3375809449734 101.2624867222945 99.8263988456795
1.0111083228255078 1680.1844632290004 0.0 1.1239528963365264 2051.142420095701 0.0 move_t 100 2538.1143748760223 106.61027080359835 99.49479207462201 103.39241477985895 95.45525589467749 98.3375809449734 101.2624867222945 99.8263988456795
1.0111083228255078 1680.1844632290004 0.0 1.1239528963365264 2051.142420095701 0.0 move_t 100 2538.9254472255707 106.61027080359835 99.4998441538758 103.39241477985895 95.45525589467749 98.3375809449734 101.2624867222945 99.8263988456795
1.0111083228255078 1680.1844632290004 0.0 1.1239528963365264 2051.142420095701 0.0 t_swap_r_k 100 2540.905910015106 106.61027080359835 99.4998441538758 103.39241477985895 95.45525589467749 98.3375809449734 101.28986185507155 99.8263988456795
1.0111083228255078 1680.1844632290004 0.0 1.1238237826630444 2050.7179801511975 0.0 t_multiswap_k 100 2541.286716222763 106.61027080359835 99.4998441538758 103.39241477985895 95.45525589467749 98.3375809449734 101.28986185507155 99.85813485722271
1.0111083228255078 1680.1844632290004 0.0 1.1109587060197863 2008.4261587722062 0.0 t_swap_k 100 2542.5499596595764 106.61027080359835 99.4998441538758 103.45849063206036 95.45525589467749 98.3375809449734 101.28986185507155 99.85813485722271
1.0111083228255078 1680.1844632290004 0.0 1.108235291669966 1999.4733824757711 0.0 swap_t 100 2543.0622498989105 106.61027080359835 99.4998441538758 103.45849063206036 95.45525589467749 98.35420513552366 101.28986185507155 99.85813485722271
1.0111083228255078 1680.1844632290004 0.0 1.108235291669966 1999.4733824757711 0.0 t_swap_r_k 100 2545.1636102199554 106.61027080359835 99.4998441538758 103.45849063206036 95.45525589467749 98.35420513552366 101.31696323652083 99.85813485722271
1.0111083228255078 1680.1844632290004 0.0 1.108235291669966 1999.4733824757711 0.0 f_swap_t 100 2546.1255242824554 106.61027080359835 99.4998441538758 103.45849063206036 95.50070333573072 98.35420513552366 101.31696323652083 99.85813485722271
1.0111083228255078 1680.1844632290004 0.0 1.1143192465452927 2019.4733824757711 0.0 t_swap_k 100 2547.081729412079 106.61027080359835 99.4998441538758 103.46390572573976 95.50070333573072 98.35420513552366 101.31696323652083 99.85813485722271
1.0111083228255078 1680.1844632290004 0.0 1.1214502605379424 2048.7279146162473 0.0 move_t 100 2547.8064823150635 106.61027080359835 99.54484571233704 103.46390572573976 95.50070333573072 98.35420513552366 101.31696323652083 99.85813485722271
1.0111083228255078 1680.1844632290004 0.0 1.1069718565812494 1995.3200476315546 0.0 t_multiswap_k 100 2548.274762392044 106.61027080359835 99.54484571233704 103.46390572573976 95.50070333573072 98.35420513552366 101.31696323652083 99.88955350865048
1.0111083228255078 1680.1844632290004 0.0 1.1039752461021741 1985.469184038769 0.0 t_swap_r_k 100 2550.0673928260803 106.61027080359835 99.54484571233704 103.46390572573976 95.50070333573072 98.35420513552366 101.34379360415562 99.88955350865048
1.0111083228255078 1680.1844632290004 0.0 1.1039752461021741 1985.469184038769 0.0 t_multiswap_k 100 2550.5108294487 106.61027080359835 99.54484571233704 103.46390572573976 95.50070333573072 98.35420513552366 101.34379360415562 99.89065797356398
1.0111083228255078 1680.1844632290004 0.0 1.1039752461021741 1985.469184038769 0.0 f_swap_t 100 2551.566395998001 106.61027080359835 99.54484571233704 103.46390572573976 95.54569630237341 98.35420513552366 101.34379360415562 99.89065797356398
1.0111083228255078 1680.1844632290004 0.0 1.1238939863668915 2050.948763269369 0.0 t_swap_k 100 2552.475912332535 106.61027080359835 99.54484571233704 103.55926666848237 95.54569630237341 98.35420513552366 101.34379360415562 99.89065797356398
1.0111083228255078 1680.1844632290004 0.0 1.1180455535644447 2031.723003307983 0.0 t_multiswap_k 100 2552.925654888153 106.61027080359835 99.54484571233704 103.55926666848237 95.54569630237341 98.35420513552366 101.34379360415562 99.89175139382833
1.0111083228255078 1680.1844632290004 0.0 1.117939963889944 2031.3758946371784 0.0 swap_t 100 2553.5005645751953 106.61027080359835 99.54484571233704 103.55926666848237 95.54569630237341 98.37066308416841 101.34379360415562 99.89175139382833
1.0111083228255078 1680.1844632290004 0.0 1.1356076279885254 2089.455431585199 0.0 t_multiswap_k 100 2554.0341124534607 106.61027080359835 99.54484571233704 103.55926666848237 95.54569630237341 98.37066308416841 101.34379360415562 99.90283387989004
1.0111083228255078 1680.1844632290004 0.0 1.1313804584526714 2075.5593076905357 0.0 move_t 100 2554.9634635448456 106.61027080359835 99.54939725521366 103.55926666848237 95.54569630237341 98.37066308416841 101.34379360415562 99.90283387989004
1.0111083228255078 1680.1844632290004 0.0 1.1563033843802994 2157.4893234068013 0.0 f_swap_t 100 2556.2225325107574 106.61027080359835 99.54939725521366 103.55926666848237 95.60023933934968 98.37066308416841 101.34379360415562 99.90283387989004
1.0111083228255078 1680.1844632290004 0.0 1.1386227773678832 2099.367238760448 0.0 f_swap_t 100 2557.202482700348 106.61027080359835 99.54939725521366 103.55926666848237 95.67423694595618 98.37066308416841 101.34379360415562 99.90283387989004
1.0111083228255078 1680.1844632290004 0.0 1.1313804584526714 2075.5593076905357 0.0 t_multiswap_k 100 2557.6270895004272 106.61027080359835 99.54939725521366 103.55926666848237 95.67423694595618 98.37066308416841 101.34379360415562 99.90380554109115
1.0111083228255078 1680.1844632290004 0.0 1.1465210854987813 2125.33162637591 0.0 t_swap_k 100 2558.912488222122 106.61027080359835 99.54939725521366 103.68367400179754 95.67423694595618 98.37066308416841 101.34379360415562 99.90380554109115
1.0111083228255078 1680.1844632290004 0.0 1.136634504810111 2092.8311200727976 0.0 t_swap_k 100 2560.3552491664886 106.61027080359835 99.54939725521366 103.76683726177957 95.67423694595618 98.37066308416841 101.34379360415562 99.90380554109115
1.0111083228255078 1680.1844632290004 0.0 1.1231917079467566 2048.640138585176 0.0 move_t 100 2561.06156206131 106.61027080359835 99.55390328266152 103.76683726177957 95.67423694595618 98.37066308416841 101.34379360415562 99.90380554109115
1.0111083228255078 1680.1844632290004 0.0 1.1231917079467566 2048.640138585176 0.0 t_swap_r_k 100 2562.929568052292 106.61027080359835 99.55390328266152 103.76683726177957 95.67423694595618 98.37066308416841 101.37035566811406 99.90380554109115
1.0111083228255078 1680.1844632290004 0.0 1.1506589096980941 2137.8138825103774 0.0 swap_t 100 2563.458846092224 106.61027080359835 99.55390328266152 103.76683726177957 95.67423694595618 98.42695645332672 101.37035566811406 99.90380554109115
1.0111083228255078 1680.1844632290004 0.0 1.1654683758210087 2187.617723858545 0.0 f_swap_t 100 2564.471681833267 106.61027080359835 99.55390328266152 103.76683726177957 95.78749457649661 98.42695645332672 101.37035566811406 99.90380554109115
1.0111083228255078 1680.1844632290004 0.0 1.1527094905107074 2145.674989003477 0.0 t_swap_r_k 100 2566.023344516754 106.61027080359835 99.55390328266152 103.76683726177957 95.78749457649661 98.42695645332672 101.39665211143291 99.90380554109115
1.0111083228255078 1680.1844632290004 0.0 1.1527094905107074 2145.674989003477 0.0 swap_t 100 2566.6482849121094 106.61027080359835 99.55390328266152 103.76683726177957 95.78749457649661 98.44268688879346 101.39665211143291 99.90380554109115
1.0111083228255078 1680.1844632290004 0.0 1.1527094905107074 2145.674989003477 0.0 t_swap_r_k 100 2568.5007603168488 106.61027080359835 99.55390328266152 103.76683726177957 95.78749457649661 98.44268688879346 101.42268559031858 99.90380554109115
1.0111083228255078 1680.1844632290004 0.0 1.1527094905107074 2145.674989003477 0.0 swap_t 100 2569.257528066635 106.61027080359835 99.55390328266152 103.76683726177957 95.78749457649661 98.45826001990552 101.42268559031858 99.90380554109115
1.0111083228255078 1680.1844632290004 0.0 1.1422145911750117 2111.174735300882 0.0 t_multiswap_k 100 2569.7625784873962 106.61027080359835 99.55390328266152 103.76683726177957 95.78749457649661 98.45826001990552 101.42268559031858 99.99476748568023
1.0111083228255078 1680.1844632290004 0.0 1.12695873289667 2061.023612911031 0.0 move_t 100 2570.6511569023132 106.61027080359835 99.58836424983491 103.76683726177957 95.78749457649661 98.45826001990552 101.42268559031858 99.99476748568023
1.0111083228255078 1680.1844632290004 0.0 1.1267580867722744 2060.364021811138 0.0 move_t 100 2571.57012796402 106.61027080359835 99.59248060733655 103.76683726177957 95.78749457649661 98.45826001990552 101.42268559031858 99.99476748568023
1.0111083228255078 1680.1844632290004 0.0 1.1267580867722744 2060.364021811138 0.0 t_swap_r_k 100 2573.3795375823975 106.61027080359835 99.59248060733655 103.76683726177957 95.78749457649661 98.45826001990552 101.4484587344154 99.99476748568023
1.0111083228255078 1680.1844632290004 0.0 1.1267580867722744 2060.364021811138 0.0 swap_t 100 2573.912695169449 106.61027080359835 99.59248060733655 103.76683726177957 95.78749457649661 98.47367741970646 101.4484587344154 99.99476748568023
1.0111083228255078 1680.1844632290004 0.0 1.1267580867722744 2060.364021811138 0.0 t_multiswap_k 100 2574.419422864914 106.61027080359835 99.59248060733655 103.76683726177957 95.78749457649661 98.47367741970646 101.4484587344154 99.99481981082343
1.0111083228255078 1680.1844632290004 0.0 1.134233379805086 2084.937816936173 0.0 t_swap_k 100 2575.8312425613403 106.61027080359835 99.59248060733655 103.93916888916178 95.78749457649661 98.47367741970646 101.4484587344154 99.99481981082343
1.0111083228255078 1680.1844632290004 0.0 1.1204106949664556 2039.4980162739823 0.0 f_swap_t 100 2577.263741016388 106.61027080359835 99.59248060733655 103.93916888916178 95.82961963073164 98.47367741970646 101.4484587344154 99.99481981082343
1.0111083228255078 1680.1844632290004 0.0 1.1204106949664556 2039.4980162739823 0.0 t_multiswap_k 100 2577.6973116397858 106.61027080359835 99.59248060733655 103.93916888916178 95.82961963073164 98.47367741970646 101.4484587344154 99.9948716127152
1.0111083228255078 1680.1844632290004 0.0 1.1578948413049224 2162.720976031567 0.0 t_move_k 100 2579.1116437911987 106.73416809556237 99.59248060733655 103.93916888916178 95.82961963073164 98.47367741970646 101.4484587344154 99.9948716127152
1.0111083228255078 1680.1844632290004 0.0 1.1423173530970054 2111.5125482008766 0.0 t_move_k 100 2580.3499290943146 106.66682641460675 99.59248060733655 103.93916888916178 95.82961963073164 98.47367741970646 101.4484587344154 99.9948716127152
1.0111083228255078 1680.1844632290004 0.0 1.1423173530970054 2111.5125482008766 0.0 f_swap_t 100 2581.6037113666534 106.66682641460675 99.59248060733655 103.93916888916178 95.87132343442433 98.47367741970646 101.4484587344154 99.9948716127152
1.0111083228255078 1680.1844632290004 0.0 1.1423173530970054 2111.5125482008766 0.0 t_move_k 100 2582.5568647384644 106.60015815046067 99.59248060733655 103.93916888916178 95.87132343442433 98.47367741970646 101.4484587344154 99.9948716127152
1.0111083228255078 1680.1844632290004 0.0 1.1349470965804307 2128.8360002051054 0.0 swap_t 100 2583.313800573349 106.60015815046067 99.59248060733655 103.93916888916178 95.87132343442433 98.5489406455094 101.4484587344154 99.9948716127152
1.0111083228255078 1680.1844632290004 0.0 1.111546323611314 2010.3578548599294 0.0 t_move_k 100 2584.4085013866425 106.61415656895606 99.59248060733655 103.93916888916178 95.87132343442433 98.5489406455094 101.4484587344154 99.9948716127152
1.0111083228255078 1680.1844632290004 0.0 1.1075819337746498 1997.3255759627216 0.0 swap_t 100 2585.0799872875214 106.61415656895606 99.59248060733655 103.93916888916178 95.87132343442433 98.56345123905432 101.4484587344154 99.9948716127152
1.0111083228255078 1680.1844632290004 0.0 1.107406991181084 1996.7504809886432 0.0 t_swap_r_k 100 2586.890097141266 106.61415656895606 99.59248060733655 103.93916888916178 95.87132343442433 98.56345123905432 101.47397414707125 99.9948716127152
1.0111083228255078 1680.1844632290004 0.0 1.107406991181084 1996.7504809886432 0.0 t_swap_r_k 100 2588.7519426345825 106.61415656895606 99.59248060733655 103.93916888916178 95.87132343442433 98.56345123905432 101.49923440560053 99.9948716127152
1.0111083228255078 1680.1844632290004 0.0 1.107406991181084 1996.7504809886432 0.0 swap_t 100 2589.3655281066895 106.61415656895606 99.59248060733655 103.93916888916178 95.87132343442433 98.57781672666377 101.49923440560053 99.9948716127152
1.0111083228255078 1680.1844632290004 0.0 1.1368231445732644 2094.659437074028 0.0 swap_t 100 2590.2159497737885 106.61415656895606 99.59248060733655 103.93916888916178 95.87132343442433 98.60203855939713 101.49923440560053 99.9948716127152
1.0111083228255078 1680.1844632290004 0.0 1.1325545463697622 2079.418928418008 0.0 t_swap_k 100 2591.5876972675323 106.61415656895606 99.59248060733655 104.02977720027016 95.87132343442433 98.60203855939713 101.49923440560053 99.9948716127152
1.0111083228255078 1680.1844632290004 0.0 1.1203020025368087 2039.1407078064667 0.0 t_multiswap_k 100 2592.457884788513 106.61415656895606 99.59248060733655 104.02977720027016 95.87132343442433 98.60203855939713 101.49923440560053 100.02492289658805
1.0111083228255078 1680.1844632290004 0.0 1.1366594760092474 2092.9132087787407 0.0 t_swap_k 100 2593.8796560764313 106.61415656895606 99.59248060733655 104.12947942826746 95.87132343442433 98.60203855939713 101.49923440560053 100.02492289658805
1.0111083228255078 1680.1844632290004 0.0 1.13307502215263 2081.1299068638823 0.0 move_t 100 2594.96759557724 106.61415656895606 99.5965558012632 104.12947942826746 95.87132343442433 98.60203855939713 101.49923440560053 100.02492289658805
1.0111083228255078 1680.1844632290004 0.0 1.13307502215263 2081.1299068638823 0.0 f_swap_t 100 2595.9590876102448 106.61415656895606 99.5965558012632 104.12947942826746 95.91261020008008 98.60203855939713 101.49923440560053 100.02492289658805
1.0111083228255078 1680.1844632290004 0.0 1.13307502215263 2081.1299068638823 0.0 f_swap_t 100 2597.21551322937 106.61415656895606 99.5965558012632 104.12947942826746 95.95348409807929 98.60203855939713 101.49923440560053 100.02492289658805
1.0111083228255078 1680.1844632290004 0.0 1.1370180312115046 2094.091899974204 0.0 t_swap_k 100 2598.607614517212 106.61415656895606 99.5965558012632 104.36818463398478 95.95348409807929 98.60203855939713 101.49923440560053 100.02492289658805
1.0111083228255078 1680.1844632290004 0.0 1.1284267671606742 2065.849533859123 0.0 swap_t 100 2599.364017009735 106.61415656895606 99.5965558012632 104.36818463398478 95.95348409807929 98.61601817380316 101.49923440560053 100.02492289658805
1.0111083228255078 1680.1844632290004 0.0 1.168276313015682 2196.848355091728 0.0 f_swap_t 100 2600.5552067756653 106.61415656895606 99.5965558012632 104.36818463398478 96.0339492570985 98.61601817380316 101.49923440560053 100.02492289658805
1.0111083228255078 1680.1844632290004 0.0 1.1627179606175542 2178.5761867011656 0.0 f_swap_t 100 2601.7401201725006 106.61415656895606 99.5965558012632 104.36818463398478 96.07360976452752 98.61601817380316 101.49923440560053 100.02492289658805
1.0111083228255078 1680.1844632290004 0.0 1.1523210496845464 2167.5562566232425 0.0 swap_t 100 2602.525244951248 106.61415656895606 99.5965558012632 104.36818463398478 96.07360976452752 98.65985799206513 101.49923440560053 100.02492289658805
1.0111083228255078 1680.1844632290004 0.0 1.142057773234965 2110.659222141234 0.0 f_swap_t 100 2603.848410129547 106.61415656895606 99.5965558012632 104.36818463398478 96.11287366688224 98.65985799206513 101.49923440560053 100.02492289658805
1.0111083228255078 1680.1844632290004 0.0 1.1412837770189315 2102.471616768833 0.0 swap_t 100 2604.6636300086975 106.61415656895606 99.5965558012632 104.36818463398478 96.11287366688224 98.70325941214448 101.49923440560053 100.02492289658805
1.0111083228255078 1680.1844632290004 0.0 1.1385311293255804 2099.0659609101654 0.0 swap_t 100 2605.3979501724243 106.61415656895606 99.5965558012632 104.36818463398478 96.11287366688224 98.71622681802303 101.49923440560053 100.02492289658805
1.0111083228255078 1680.1844632290004 0.0 1.1471843644705342 2127.5120467943552 0.0 move_t 100 2606.3628368377686 106.61415656895606 99.61059024325056 104.36818463398478 96.11287366688224 98.71622681802303 101.49923440560053 100.02492289658805
1.0111083228255078 1680.1844632290004 0.0 1.1434041581618102 2115.0852409215677 0.0 f_swap_t 100 2607.777856349945 106.61415656895606 99.61059024325056 104.36818463398478 96.15174493021341 98.71622681802303 101.49923440560053 100.02492289658805
1.0111083228255078 1680.1844632290004 0.0 1.1429768911627276 2113.6806710066417 0.0 t_swap_k 100 2609.10329246521 106.61415656895606 99.61059024325056 104.38450278764493 96.15174493021341 98.71622681802303 101.49923440560053 100.02492289658805
1.0111083228255078 1680.1844632290004 0.0 1.1357662417190686 2089.9768481104475 0.0 t_swap_r_k 100 2610.872879743576 106.61415656895606 99.61059024325056 104.38450278764493 96.15174493021341 98.71622681802303 101.52424206154453 100.02492289658805
1.0111083228255078 1680.1844632290004 0.0 1.1357662417190686 2089.9768481104475 0.0 t_swap_r_k 100 2612.6146862506866 106.61415656895606 99.61059024325056 104.38450278764493 96.15174493021341 98.71622681802303 101.54899964092908 100.02492289658805
1.0111083228255078 1680.1844632290004 0.0 1.1268327358284245 2060.60941829313 0.0 move_t 100 2613.226363182068 106.61415656895606 99.64448434081805 104.38450278764493 96.15174493021341 98.71622681802303 101.54899964092908 100.02492289658805
1.0111083228255078 1680.1844632290004 0.0 1.1259342835447474 2057.6559043302946 0.0 swap_t 100 2613.7873198986053 106.61415656895606 99.64448434081805 104.38450278764493 96.15174493021341 98.7590645498428 101.54899964092908 100.02492289658805
1.0111083228255078 1680.1844632290004 0.0 1.1155873957345928 2023.6422141495332 0.0 t_multiswap_k 100 2614.430186033249 106.61415656895606 99.64448434081805 104.38450278764493 96.15174493021341 98.7590645498428 101.54899964092908 100.08467366762217
1.0111083228255078 1680.1844632290004 0.0 1.1630369884334455 2179.6249381216767 0.0 t_swap_k 100 2615.699592113495 106.61415656895606 99.64448434081805 104.47065775976849 96.15174493021341 98.7590645498428 101.54899964092908 100.08467366762217
1.0111083228255078 1680.1844632290004 0.0 1.152544069527543 2145.131194755972 0.0 move_t 100 2616.5501267910004 106.61415656895606 99.64803949740987 104.47065775976849 96.15174493021341 98.7590645498428 101.54899964092908 100.08467366762217
1.0111083228255078 1680.1844632290004 0.0 1.1510881425653765 2140.345074569344 0.0 t_multiswap_k 100 2617.042820215225 106.61415656895606 99.64803949740987 104.47065775976849 96.15174493021341 98.7590645498428 101.54899964092908 100.08382693094595
1.0111083228255078 1680.1844632290004 0.0 1.1510881425653765 2140.345074569344 0.0 t_swap_r_k 100 2618.8391330242157 106.61415656895606 99.64803949740987 104.47065775976849 96.15174493021341 98.7590645498428 101.57350964451979 100.08382693094595
1.0111083228255078 1680.1844632290004 0.0 1.1639394279376227 2182.5915594154576 0.0 move_t 100 2619.7173669338226 106.61415656895606 99.76155910243577 104.47065775976849 96.15174493021341 98.7590645498428 101.57350964451979 100.08382693094595
1.0111083228255078 1680.1844632290004 0.0 1.1236288708244746 2050.077239571874 0.0 t_multiswap_k 100 2620.1362652778625 106.61415656895606 99.76155910243577 104.47065775976849 96.15174493021341 98.7590645498428 101.57350964451979 100.14298866163648
1.0111083228255078 1680.1844632290004 0.0 1.1185399416404522 2033.3482227125926 0.0 move_t 100 2620.930912733078 106.61415656895606 99.76394351141141 104.47065775976849 96.15174493021341 98.7590645498428 101.57350964451979 100.14298866163648
1.0111083228255078 1680.1844632290004 0.0 1.1982878035860025 2295.506189297671 0.0 t_swap_k 100 2621.924109697342 106.61415656895606 99.76394351141141 104.5259511821708 96.15174493021341 98.7590645498428 101.57350964451979 100.14298866163648
1.0111083228255078 1680.1844632290004 0.0 1.1866872072024863 2257.371138590566 0.0 t_swap_r_k 100 2623.6836535930634 106.61415656895606 99.76394351141141 104.5259511821708 96.15174493021341 98.7590645498428 101.5977745480746 100.14298866163648
1.0111083228255078 1680.1844632290004 0.0 1.2422444954032514 2442.420890470106 0.0 swap_t 100 2624.416902065277 106.61415656895606 99.76394351141141 104.5259511821708 96.15174493021341 98.82147390434437 101.5977745480746 100.14298866163648
1.0111083228255078 1680.1844632290004 0.0 1.205910811858989 2320.5655739551785 0.0 t_swap_k 100 2625.5957860946655 106.61415656895606 99.76394351141141 104.5806916703491 96.15174493021341 98.82147390434437 101.5977745480746 100.14298866163648
1.0111083228255078 1680.1844632290004 0.0 1.2014488592309331 2305.8976392992154 0.0 t_swap_r_k 100 2627.704173564911 106.61415656895606 99.76394351141141 104.5806916703491 96.15174493021341 98.82147390434437 101.62179680259385 100.14298866163648
1.0111083228255078 1680.1844632290004 0.0 1.200017288900197 2301.1915875283794 0.0 t_swap_r_k 100 2629.463865995407 106.61415656895606 99.76394351141141 104.5806916703491 96.15174493021341 98.82147390434437 101.64557883456791 100.14298866163648
1.0111083228255078 1680.1844632290004 0.0 1.200017288900197 2301.1915875283794 0.0 t_swap_r_k 100 2630.981853246689 106.61415656895606 99.76394351141141 104.5806916703491 96.15174493021341 98.82147390434437 101.66912304622224 100.14298866163648
1.0111083228255078 1680.1844632290004 0.0 1.200017288900197 2301.1915875283794 0.0 t_swap_r_k 100 2632.5999410152435 106.61415656895606 99.76394351141141 104.5806916703491 96.15174493021341 98.82147390434437 101.69243181576002 100.14298866163648
1.0111083228255078 1680.1844632290004 0.0 1.200017288900197 2301.1915875283794 0.0 f_swap_t 100 2633.982390165329 106.61415656895606 99.76394351141141 104.5806916703491 96.19022748091128 98.82147390434437 101.69243181576002 100.14298866163648
1.0111083228255078 1680.1844632290004 0.0 1.200017288900197 2301.1915875283794 0.0 swap_t 100 2634.7326488494873 106.61415656895606 99.76394351141141 104.5806916703491 96.19022748091128 98.83325916530093 101.69243181576002 100.14298866163648
1.0111083228255078 1680.1844632290004 0.0 1.1952211497646883 2305.7592702021598 0.0 move_t 100 2635.6991832256317 106.61415656895606 99.7963040762973 104.5806916703491 96.19022748091128 98.83325916530093 101.69243181576002 100.14298866163648
1.0111083228255078 1680.1844632290004 0.0 1.180496387245781 2237.01983722963 0.0 t_move_k 100 2636.787382364273 106.9080150032665 99.7963040762973 104.5806916703491 96.19022748091128 98.83325916530093 101.69243181576002 100.14298866163648
1.0111083228255078 1680.1844632290004 0.0 1.1669450562765729 2192.472067737896 0.0 t_swap_r_k 100 2638.7453858852386 106.9080150032665 99.7963040762973 104.5806916703491 96.19022748091128 98.83325916530093 101.71550749760242 100.14298866163648
1.0111083228255078 1680.1844632290004 0.0 1.1669450562765729 2192.472067737896 0.0 t_swap_r_k 100 2640.487768173218 106.9080150032665 99.7963040762973 104.5806916703491 96.19022748091128 98.83325916530093 101.73835242262639 100.14298866163648
1.0111083228255078 1680.1844632290004 0.0 1.1588529890437282 2165.870728974974 0.0 t_swap_k 100 2641.844407558441 106.9080150032665 99.7963040762973 104.5948847536456 96.19022748091128 98.83325916530093 101.73835242262639 100.14298866163648
1.0111083228255078 1680.1844632290004 0.0 1.2529958790649478 2462.306148221504 0.0 swap_t 100 2642.82674241066 106.9080150032665 99.7963040762973 104.5948847536456 96.19022748091128 98.88492657364792 101.73835242262639 100.14298866163648
1.0111083228255078 1680.1844632290004 0.0 1.1936604880292694 2280.2946512387703 0.0 t_swap_k 100 2644.2891249656677 106.9080150032665 99.7963040762973 104.66893590610914 96.19022748091128 98.88492657364792 101.73835242262639 100.14298866163648
1.0111083228255078 1680.1844632290004 0.0 1.1991244019730718 2298.256368758936 0.0 t_multiswap_k 100 2645.1066484451294 106.9080150032665 99.7963040762973 104.66893590610914 96.19022748091128 98.88492657364792 101.73835242262639 100.31155877502012
1.0111083228255078 1680.1844632290004 0.0 1.2227645508897265 2375.9694662459897 0.0 t_swap_k 100 2646.45840382576 106.9080150032665 99.7963040762973 104.75224654704805 96.19022748091128 98.88492657364792 101.73835242262639 100.31155877502012
1.0111083228255078 1680.1844632290004 0.0 1.2323633283042292 2407.5238666687483 0.0 t_swap_k 100 2647.616217136383 106.9080150032665 99.7963040762973 104.86472408157756 96.19022748091128 98.88492657364792 101.73835242262639 100.31155877502012
1.0111083228255078 1680.1844632290004 0.0 1.224408700038732 2381.374335883249 0.0 f_swap_t 100 2648.5862741470337 106.9080150032665 99.7963040762973 104.86472408157756 96.26832520610216 98.88492657364792 101.73835242262639 100.31155877502012
1.0111083228255078 1680.1844632290004 0.0 1.2050387228693418 2317.6987249810554 0.0 swap_t 100 2649.4470081329346 106.9080150032665 99.7963040762973 104.86472408157756 96.26832520610216 98.92607730791144 101.73835242262639 100.31155877502012
1.0111083228255078 1680.1844632290004 0.0 1.1926848861575166 2278.378735824686 0.0 swap_t 100 2650.5315713882446 106.9080150032665 99.7963040762973 104.86472408157756 96.26832520610216 98.99681653483233 101.73835242262639 100.31155877502012
1.0111083228255078 1680.1844632290004 0.0 1.1738449659656656 2239.2823977920566 0.0 swap_t 100 2651.3817439079285 106.9080150032665 99.7963040762973 104.86472408157756 96.26832520610216 99.09684836948401 101.73835242262639 100.31155877502012
1.0111083228255078 1680.1844632290004 0.0 1.163776593916786 2182.0562693806905 0.0 t_move_k 100 2652.3648331165314 107.00893485323384 99.7963040762973 104.86472408157756 96.26832520610216 99.09684836948401 101.73835242262639 100.31155877502012
1.0111083228255078 1680.1844632290004 0.0 1.1699432213633165 2202.328041847443 0.0 t_swap_k 100 2653.8230278491974 107.00893485323384 99.7963040762973 104.88607684076179 96.26832520610216 99.09684836948401 101.73835242262639 100.31155877502012
1.0111083228255078 1680.1844632290004 0.0 1.1605628451445176 2171.4915993983354 0.0 t_swap_r_k 100 2655.8227598667145 107.00893485323384 99.7963040762973 104.88607684076179 96.26832520610216 99.09684836948401 101.76096889840012 100.31155877502012
1.0111083228255078 1680.1844632290004 0.0 1.1558974544259177 2156.1548955134317 0.0 t_move_k 100 2656.94721865654 107.2088455047015 99.7963040762973 104.88607684076179 96.26832520610216 99.09684836948401 101.76096889840012 100.31155877502012
1.0111083228255078 1680.1844632290004 0.0 1.1307534085210755 2073.4979842769158 0.0 f_swap_t 100 2658.056411743164 107.2088455047015 99.7963040762973 104.88607684076179 96.30564195404114 99.09684836948401 101.76096889840012 100.31155877502012
1.0111083228255078 1680.1844632290004 0.0 1.1304555881593814 2072.5189488705164 0.0 swap_t 100 2658.825420856476 107.2088455047015 99.7963040762973 104.88607684076179 96.30564195404114 99.10587988578916 101.76096889840012 100.31155877502012
1.0111083228255078 1680.1844632290004 0.0 1.1304555881593814 2072.5189488705164 0.0 swap_t 100 2659.614353656769 107.2088455047015 99.7963040762973 104.88607684076179 96.30564195404114 99.11482108693127 101.76096889840012 100.31155877502012
1.0111083228255078 1680.1844632290004 0.0 1.1304555881593814 2072.5189488705164 0.0 swap_t 100 2660.403805732727 107.2088455047015 99.7963040762973 104.88607684076179 96.30564195404114 99.12367287606196 101.76096889840012 100.31155877502012
1.0111083228255078 1680.1844632290004 0.0 1.1304555881593814 2072.5189488705164 0.0 t_swap_r_k 100 2661.724748134613 107.2088455047015 99.7963040762973 104.88607684076179 96.30564195404114 99.12367287606196 101.78335920941612 100.31155877502012
1.0111083228255078 1680.1844632290004 0.0 1.138802104285961 2099.9567464795314 0.0 move_t 100 2662.614009141922 107.2088455047015 99.83834103553433 104.88607684076179 96.30564195404114 99.12367287606196 101.78335920941612 100.31155877502012
1.0111083228255078 1680.1844632290004 0.0 1.1302072473702278 2071.702569412606 0.0 f_swap_t 100 2663.490528821945 107.2088455047015 99.83834103553433 104.88607684076179 96.37258553450073 99.12367287606196 101.78335920941612 100.31155877502012
1.0111083228255078 1680.1844632290004 0.0 1.1218303314055849 2044.1648373409382 0.0 t_move_k 100 2664.2506630420685 107.16675704965448 99.83834103553433 104.88607684076179 96.37258553450073 99.12367287606196 101.78335920941612 100.31155877502012
1.0111083228255078 1680.1844632290004 0.0 1.1187615259096158 2034.076644516187 0.0 swap_t 100 2664.6021299362183 107.16675704965448 99.83834103553433 104.88607684076179 96.37258553450073 99.13243614730133 101.78335920941612 100.31155877502012
1.0111083228255078 1680.1844632290004 0.0 1.114708281570901 2020.7522710723513 0.0 t_multiswap_k 100 2664.929928302765 107.16675704965448 99.83834103553433 104.88607684076179 96.37258553450073 99.13243614730133 101.78335920941612 100.33844318726992
1.0111083228255078 1680.1844632290004 0.0 1.1098052639587044 2004.6344078972625 0.0 f_swap_t 100 2666.1384465694427 107.16675704965448 99.83834103553433 104.88607684076179 96.43885967915573 99.13243614730133 101.78335920941612 100.33844318726992
1.0111083228255078 1680.1844632290004 0.0 1.109545433317379 2003.7802574420077 0.0 move_t 100 2667.02690410614 107.16675704965448 99.86995762517898 104.88607684076179 96.43885967915573 99.13243614730133 101.78335920941612 100.33844318726992
1.0111083228255078 1680.1844632290004 0.0 1.120796455447831 2040.7661403455124 0.0 move_t 100 2667.821986436844 107.16675704965448 99.8812580489272 104.88607684076179 96.43885967915573 99.13243614730133 101.78335920941612 100.33844318726992
1.0111083228255078 1680.1844632290004 0.0 1.1249213746148858 2054.3261329870866 0.0 move_t 100 2668.5701756477356 107.16675704965448 99.95244546843792 104.88607684076179 96.43885967915573 99.13243614730133 101.78335920941612 100.33844318726992
1.0111083228255078 1680.1844632290004 0.0 1.1283200735361885 2065.498796134494 0.0 t_move_k 100 2669.584577322006 107.16508947915793 99.95244546843792 104.88607684076179 96.43885967915573 99.13243614730133 101.78335920941612 100.33844318726992
1.0111083228255078 1680.1844632290004 0.0 1.118097608788251 2031.8941262859573 0.0 f_swap_t 100 2670.6965255737305 107.16508947915793 99.95244546843792 104.88607684076179 96.47447108236418 99.13243614730133 101.78335920941612 100.33844318726992
1.0111083228255078 1680.1844632290004 0.0 1.1162582044161142 2025.8473872491625 0.0 t_move_k 100 2671.6831727027893 107.12343858436635 99.95244546843792 104.88607684076179 96.47447108236418 99.13243614730133 101.78335920941612 100.33844318726992
1.0111083228255078 1680.1844632290004 0.0 1.1006405207152516 1974.5068233531358 0.0 t_multiswap_k 100 2672.2956318855286 107.12343858436635 99.95244546843792 104.88607684076179 96.47447108236418 99.13243614730133 101.78335920941612 100.36505875539721
1.0111083228255078 1680.1844632290004 0.0 1.0971268496000506 1962.956208047126 0.0 f_swap_t 100 2673.355635404587 107.12343858436635 99.95244546843792 104.88607684076179 96.53972637154054 99.13243614730133 101.78335920941612 100.36505875539721
1.0111083228255078 1680.1844632290004 0.0 1.0929452837296196 1965.3509296613381 0.0 move_t 100 2674.10907125473 107.12343858436635 100.08292101375353 104.88607684076179 96.53972637154054 99.13243614730133 101.78335920941612 100.36505875539721
1.0111083228255078 1680.1844632290004 0.0 1.0820059344470083 1913.2486889648758 0.0 t_multiswap_k 100 2674.5358366966248 107.12343858436635 100.08292101375353 104.88607684076179 96.53972637154054 99.13243614730133 101.78335920941612 100.45140816784324
1.0111083228255078 1680.1844632290004 0.0 1.0768467243056954 1896.2886350294466 0.0 swap_t 100 2675.1602852344513 107.12343858436635 100.08292101375353 104.88607684076179 96.53972637154054 99.14111178582831 101.78335920941612 100.45140816784324
1.0111083228255078 1680.1844632290004 0.0 1.0768467243056954 1896.2886350294466 0.0 swap_t 100 2675.6918139457703 107.12343858436635 100.08292101375353 104.88607684076179 96.53972637154054 99.14970066797004 101.78335920941612 100.45140816784324
1.0111083228255078 1680.1844632290004 0.0 1.0969333421987963 1962.320084324253 0.0 t_swap_k 100 2676.5474236011505 107.12343858436635 100.08292101375353 104.84721607235417 96.53972637154054 99.14970066797004 101.78335920941612 100.45140816784324
1.0111083228255078 1680.1844632290004 0.0 1.0897690620046658 1938.768692701724 0.0 t_move_k 100 2677.205797433853 107.08220419852269 100.08292101375353 104.84721607235417 96.53972637154054 99.14970066797004 101.78335920941612 100.45140816784324
1.0111083228255078 1680.1844632290004 0.0 1.0885101859226785 1934.6303448415429 0.0 t_swap_r_k 100 2678.783349752426 107.08220419852269 100.08292101375353 104.84721607235417 96.53972637154054 99.14970066797004 101.80552561732196 100.45140816784324
1.0111083228255078 1680.1844632290004 0.0 1.0858950282609638 1926.0334445840463 0.0 t_multiswap_k 100 2679.15483212471 107.08220419852269 100.08292101375353 104.84721607235417 96.53972637154054 99.14970066797004 101.80552561732196 100.4768940861648
1.0111083228255078 1680.1844632290004 0.0 1.083133277288788 1916.954642953298 0.0 swap_t 100 2680.0132586956024 107.08220419852269 100.08292101375353 104.84721607235417 96.53972637154054 99.15820366129034 101.80552561732196 100.4768940861648
1.0111083228255078 1680.1844632290004 0.0 1.079991111304916 1906.6252896025194 0.0 swap_t 100 2680.7703533172607 107.08220419852269 100.08292101375353 104.84721607235417 96.53972637154054 99.16662162467745 101.80552561732196 100.4768940861648
1.0111083228255078 1680.1844632290004 0.0 1.079991111304916 1906.6252896025194 0.0 t_swap_r_k 100 2682.806773662567 107.08220419852269 100.08292101375353 104.84721607235417 96.53972637154054 99.16662162467745 101.82747036114874 100.4768940861648
1.0111083228255078 1680.1844632290004 0.0 1.079991111304916 1906.6252896025194 0.0 t_move_k 100 2684.0727117061615 107.01138215653746 100.08292101375353 104.84721607235417 96.53972637154054 99.16662162467745 101.82747036114874 100.4768940861648
1.0111083228255078 1680.1844632290004 0.0 1.079991111304916 1906.6252896025194 0.0 f_swap_t 100 2685.0307018756866 107.01138215653746 100.08292101375353 104.84721607235417 96.57432910782514 99.16662162467745 101.82747036114874 100.4768940861648
1.0111083228255078 1680.1844632290004 0.0 1.079991111304916 1906.6252896025194 0.0 t_multiswap_k 100 2685.619425058365 107.01138215653746 100.08292101375353 104.84721607235417 96.57432910782514 99.16662162467745 101.82747036114874 100.47212514530315
1.0111083228255078 1680.1844632290004 0.0 1.079991111304916 1906.6252896025194 0.0 t_multiswap_k 100 2686.192065000534 107.01138215653746 100.08292101375353 104.84721607235417 96.57432910782514 99.16662162467745 101.82747036114874 100.46740389385012
1.0111083228255078 1680.1844632290004 0.0 1.079991111304916 1906.6252896025194 0.0 t_multiswap_k 100 2686.8131573200226 107.01138215653746 100.08292101375353 104.84721607235417 96.57432910782514 99.16662162467745 101.82747036114874 100.46272985491161
1.0111083228255078 1680.1844632290004 0.0 1.079991111304916 1906.6252896025194 0.0 swap_t 100 2687.552727460861 107.01138215653746 100.08292101375353 104.84721607235417 96.57432910782514 99.17495540843068 101.82747036114874 100.46272985491161
1.0111083228255078 1680.1844632290004 0.0 1.079991111304916 1906.6252896025194 0.0 swap_t 100 2688.3867456912994 107.01138215653746 100.08292101375353 104.84721607235417 96.57432910782514 99.18320585434637 101.82747036114874 100.46272985491161
1.0111083228255078 1680.1844632290004 0.0 1.079991111304916 1906.6252896025194 0.0 t_move_k 100 2689.540500640869 106.9412683349721 100.08292101375353 104.84721607235417 96.57432910782514 99.18320585434637 101.82747036114874 100.46272985491161
1.0111083228255078 1680.1844632290004 0.0 1.079991111304916 1906.6252896025194 0.0 move_t 100 2690.3699395656586 106.9412683349721 100.082091803616 104.84721607235417 96.57432910782514 99.18320585434637 101.82747036114874 100.46272985491161
1.0111083228255078 1680.1844632290004 0.0 1.14795490463817 2021.3330258702913 0.0 swap_t 100 2691.2057073116302 106.9412683349721 100.082091803616 104.84721607235417 96.57432910782514 99.20137379580291 101.82747036114874 100.46272985491161
1.0111083228255078 1680.1844632290004 0.0 1.1342473264137531 2084.9836641160186 0.0 t_swap_r_k 100 2693.06441283226 106.9412683349721 100.082091803616 104.84721607235417 96.57432910782514 99.20137379580291 101.84919565753725 100.46272985491161
1.0111083228255078 1680.1844632290004 0.0 1.1722664060104395 2209.9651288894415 0.0 t_move_k 100 2694.0385868549347 107.09185565162237 100.082091803616 104.84721607235417 96.57432910782514 99.20137379580291 101.84919565753725 100.46272985491161
1.0111083228255078 1680.1844632290004 0.0 1.133642166729975 2082.9943012881245 0.0 t_move_k 100 2695.1363480091095 107.18093709510615 100.082091803616 104.84721607235417 96.57432910782514 99.20137379580291 101.84919565753725 100.46272985491161
1.0111083228255078 1680.1844632290004 0.0 1.123423262145034 2049.4013348892986 0.0 f_swap_t 100 2696.2560040950775 107.18093709510615 100.082091803616 104.84721607235417 96.60858581674688 99.20137379580291 101.84919565753725 100.46272985491161
1.0111083228255078 1680.1844632290004 0.0 1.1202399126902067 2038.9365976581353 0.0 t_move_k 100 2697.1240684986115 107.13912772415509 100.082091803616 104.84721607235417 96.60858581674688 99.20137379580291 101.84919565753725 100.46272985491161
1.0111083228255078 1680.1844632290004 0.0 1.119151985831849 2035.3602172258288 0.0 swap_t 100 2697.716925382614 107.13912772415509 100.082091803616 104.84721607235417 96.60858581674688 99.20936005784488 101.84919565753725 100.46272985491161
1.0111083228255078 1680.1844632290004 0.0 1.1488127152337282 2132.8649818392805 0.0 t_swap_k 100 2698.7914564609528 107.13912772415509 100.082091803616 104.98874391163064 96.60858581674688 99.20936005784488 101.84919565753725 100.46272985491161
1.0111083228255078 1680.1844632290004 0.0 1.1254574501526613 2056.0883930589007 0.0 swap_t 100 2699.365069627762 107.13912772415509 100.082091803616 104.98874391163064 96.60858581674688 99.24726645726642 101.84919565753725 100.46272985491161
1.0111083228255078 1680.1844632290004 0.0 1.1232672322604924 2048.8884123323796 0.0 t_swap_k 100 2700.2885615825653 107.13912772415509 100.082091803616 104.93885647251433 96.60858581674688 99.24726645726642 101.84919565753725 100.46272985491161
1.0111083228255078 1680.1844632290004 0.0 1.163386345741499 2180.7733927542727 0.0 t_multiswap_k 100 2700.7544434070587 107.13912772415509 100.082091803616 104.93885647251433 96.60858581674688 99.24726645726642 101.84919565753725 100.5481025563625
1.0111083228255078 1680.1844632290004 0.0 1.129554906889045 2069.5581074810143 0.0 t_move_k 100 2702.0588948726654 107.27773644691354 100.082091803616 104.93885647251433 96.60858581674688 99.24726645726642 101.84919565753725 100.5481025563625
1.0111083228255078 1680.1844632290004 0.0 1.1164049930898567 2026.3299308470373 0.0 t_swap_k 100 2703.1499722003937 107.27773644691354 100.082091803616 104.91946790778918 96.60858581674688 99.24726645726642 101.84919565753725 100.5481025563625
1.0111083228255078 1680.1844632290004 0.0 1.1098512263978226 2004.7855018486803 0.0 t_multiswap_k 100 2703.5479543209076 107.27773644691354 100.082091803616 104.91946790778918 96.60858581674688 99.24726645726642 101.84919565753725 100.57262153079887
1.0111083228255078 1680.1844632290004 0.0 1.1029707609186326 1982.1671043747158 0.0 move_t 100 2704.527072906494 107.27773644691354 100.14127088557983 104.91946790778918 96.60858581674688 99.24726645726642 101.84919565753725 100.57262153079887
1.0111083228255078 1680.1844632290004 0.0 1.141275227738856 2108.0867326598195 0.0 t_move_k 100 2706.0806319713593 107.3649590824444 100.14127088557983 104.91946790778918 96.60858581674688 99.24726645726642 101.84919565753725 100.57262153079887
1.0111083228255078 1680.1844632290004 0.0 1.1049978461224894 1988.8308132463178 0.0 t_swap_k 100 2707.385585784912 107.3649590824444 100.14127088557983 104.96027322871129 96.60858581674688 99.24726645726642 101.84919565753725 100.57262153079887
1.0111083228255078 1680.1844632290004 0.0 1.135956365782049 2090.6018496657734 0.0 t_multiswap_k 100 2707.9753279685974 107.3649590824444 100.14127088557983 104.96027322871129 96.60858581674688 99.24726645726642 101.84919565753725 100.68689531549089
1.0111083228255078 1680.1844632290004 0.0 1.1072196199157376 1996.1345288023242 0.0 t_swap_k 100 2709.358083963394 107.3649590824444 100.14127088557983 104.98067049642417 96.60858581674688 99.24726645726642 101.84919565753725 100.68689531549089
1.0111083228255078 1680.1844632290004 0.0 1.1257967778280018 2057.203876925215 0.0 move_t 100 2710.1708359718323 107.3649590824444 100.18985817672403 104.98067049642417 96.60858581674688 99.24726645726642 101.84919565753725 100.68689531549089
1.0111083228255078 1680.1844632290004 0.0 1.1516926131923966 2155.4452950888794 0.0 move_t 100 2711.269817352295 107.3649590824444 100.3579595949568 104.98067049642417 96.60858581674688 99.24726645726642 101.84919565753725 100.68689531549089
1.0111083228255078 1680.1844632290004 0.0 1.132257911887568 2078.443791395223 0.0 f_swap_t 100 2712.7754192352295 107.3649590824444 100.3579595949568 104.98067049642417 96.6424999585794 99.24726645726642 101.84919565753725 100.68689531549089
1.0111083228255078 1680.1844632290004 0.0 1.1153621675283223 2022.901813502632 0.0 move_t 100 2713.4765315055847 107.3649590824444 100.47437999900723 104.98067049642417 96.6424999585794 99.24726645726642 101.84919565753725 100.68689531549089
1.0111083228255078 1680.1844632290004 0.0 1.1070584230534264 1995.6046206566702 0.0 t_swap_k 100 2715.0284872055054 107.3649590824444 100.47437999900723 104.93086379145993 96.6424999585794 99.24726645726642 101.84919565753725 100.68689531549089
1.0111083228255078 1680.1844632290004 0.0 1.1070584230534264 1995.6046206566702 0.0 swap_t 100 2716.095303297043 107.3649590824444 100.47437999900723 104.93086379145993 96.6424999585794 99.25479379269376 101.84919565753725 100.68689531549089
1.0111083228255078 1680.1844632290004 0.0 1.1040412930107282 1985.6863023767828 0.0 t_multiswap_k 100 2717.1334726810455 107.3649590824444 100.47437999900723 104.93086379145993 96.6424999585794 99.25479379269376 101.84919565753725 100.74002636233598
1.0111083228255078 1680.1844632290004 0.0 1.1330811156940683 2081.14993837813 0.0 f_swap_t 100 2719.086028575897 107.3649590824444 100.47437999900723 104.93086379145993 96.71607495899362 99.25479379269376 101.84919565753725 100.74002636233598
1.0111083228255078 1680.1844632290004 0.0 1.1117253479856912 2010.9463680164072 0.0 t_move_k 100 2720.5275411605835 107.35130949161996 100.47437999900723 104.93086379145993 96.71607495899362 99.25479379269376 101.84919565753725 100.74002636233598
1.0111083228255078 1680.1844632290004 0.0 1.1190226383920907 2034.9350088131803 0.0 f_swap_t 100 2721.9815623760223 107.35130949161996 100.47437999900723 104.93086379145993 96.78891420940369 99.25479379269376 101.84919565753725 100.74002636233598
1.0111083228255078 1680.1844632290004 0.0 1.1018222284343695 1978.3914929252592 0.0 f_swap_t 100 2723.421019077301 107.35130949161996 100.47437999900723 104.93086379145993 96.85102506730965 99.25479379269376 101.84919565753725 100.74002636233598
1.0111083228255078 1680.1844632290004 0.0 1.1087493961174986 2001.163416205697 0.0 t_multiswap_k 100 2724.5050711631775 107.35130949161996 100.47437999900723 104.93086379145993 96.85102506730965 99.25479379269376 101.84919565753725 100.80262609871262
1.0111083228255078 1680.1844632290004 0.0 1.1244301343580547 2052.7112615197675 0.0 t_multiswap_k 100 2725.424233675003 107.35130949161996 100.47437999900723 104.93086379145993 96.85102506730965 99.25479379269376 101.84919565753725 100.8445998377255
1.0111083228255078 1680.1844632290004 0.0 1.1220483607393092 2044.881572879555 0.0 swap_t 100 2726.9731755256653 107.35130949161996 100.47437999900723 104.93086379145993 96.85102506730965 99.26224585476682 101.84919565753725 100.8445998377255
1.0111083228255078 1680.1844632290004 0.0 1.1142730944030856 2019.3216649066806 0.0 move_t 100 2727.8159437179565 107.35130949161996 100.55963619901715 104.93086379145993 96.85102506730965 99.26224585476682 101.84919565753725 100.8445998377255
1.0111083228255078 1680.1844632290004 0.0 1.1137526362811911 2017.6107445183477 0.0 t_multiswap_k 100 2729.128488302231 107.35130949161996 100.55963619901715 104.93086379145993 96.85102506730965 99.26224585476682 101.84919565753725 100.83615383934824
1.0111083228255078 1680.1844632290004 0.0 1.1096689047455626 2013.1959542980935 0.0 move_t 100 2730.1956980228424 107.35130949161996 100.64403983702698 104.93086379145993 96.85102506730965 99.26224585476682 101.84919565753725 100.83615383934824
1.0111083228255078 1680.1844632290004 0.0 1.1006838790638356 1974.6493567856562 0.0 f_swap_t 100 2730.996391057968 107.35130949161996 100.64403983702698 104.93086379145993 96.88251481663656 99.26224585476682 101.84919565753725 100.83615383934824
1.0111083228255078 1680.1844632290004 0.0 1.0983321850044583 1966.9185497446156 0.0 t_swap_k 100 2732.3076915740967 107.35130949161996 100.64403983702698 104.94155515354532 96.88251481663656 99.26224585476682 101.84919565753725 100.83615383934824
1.0111083228255078 1680.1844632290004 0.0 1.0938002534764202 1952.0205709761763 0.0 swap_t 100 2733.0141162872314 107.35130949161996 100.64403983702698 104.94155515354532 96.88251481663656 99.26962339621915 101.84919565753725 100.83615383934824
1.0111083228255078 1680.1844632290004 0.0 1.153395615711731 2147.9305126392824 0.0 t_swap_k 100 2734.3518512248993 107.35130949161996 100.64403983702698 105.14213960200988 96.88251481663656 99.26962339621915 101.84919565753725 100.83615383934824
1.0111083228255078 1680.1844632290004 0.0 1.1351170004174618 2087.8425742214686 0.0 swap_t 100 2735.072901725769 107.35130949161996 100.64403983702698 105.14213960200988 96.88251481663656 99.27692716225695 101.84919565753725 100.83615383934824
1.0111083228255078 1680.1844632290004 0.0 1.1347296884357687 2086.5693498480805 0.0 f_swap_t 100 2736.145819425583 107.35130949161996 100.64403983702698 105.14213960200988 96.9136896684702 99.27692716225695 101.84919565753725 100.83615383934824
1.0111083228255078 1680.1844632290004 0.0 1.1347296884357687 2086.5693498480805 0.0 t_swap_r_k 100 2737.6616797447205 107.35130949161996 100.64403983702698 105.14213960200988 96.9136896684702 99.27692716225695 101.87070370096188 100.83615383934824
1.0111083228255078 1680.1844632290004 0.0 1.183031649872677 2245.3540957139508 0.0 f_swap_t 100 2739.0697083473206 107.35130949161996 100.64403983702698 105.14213960200988 96.9945527717855 99.27692716225695 101.87070370096188 100.83615383934824
1.0111083228255078 1680.1844632290004 0.0 1.166185269825045 2189.9743948685286 0.0 t_swap_r_k 100 2740.9180817604065 107.35130949161996 100.64403983702698 105.14213960200988 96.9945527717855 99.27692716225695 101.89199666395227 100.83615383934824
1.0111083228255078 1680.1844632290004 0.0 1.2112291122161174 2358.8649040224254 0.0 move_t 100 2741.9916689395905 107.35130949161996 100.7475994386567 105.14213960200988 96.9945527717855 99.27692716225695 101.89199666395227 100.83615383934824
1.0111083228255078 1680.1844632290004 0.0 1.2011638638197457 2304.960763806128 0.0 t_move_k 100 2743.2266426086426 107.64779639670375 100.7475994386567 105.14213960200988 96.9945527717855 99.27692716225695 101.89199666395227 100.83615383934824
1.0111083228255078 1680.1844632290004 0.0 1.183214612974203 2245.955556787464 0.0 move_t 100 2744.6107199192047 107.64779639670375 100.81012344427013 105.14213960200988 96.9945527717855 99.27692716225695 101.89199666395227 100.83615383934824
1.0111083228255078 1680.1844632290004 0.0 1.174928310921414 2227.5376284955873 0.0 move_t 100 2745.9496908187866 107.64779639670375 100.90202220982744 105.14213960200988 96.9945527717855 99.27692716225695 101.89199666395227 100.83615383934824
1.0111083228255078 1680.1844632290004 0.0 1.1601225102750545 2170.044071011007 0.0 move_t 100 2747.1877200603485 107.64779639670375 101.15300198772916 105.14213960200988 96.9945527717855 99.27692716225695 101.89199666395227 100.83615383934824
1.0111083228255078 1680.1844632290004 0.0 1.1332467706233498 2081.694501684979 0.0 swap_t 100 2747.9523701667786 107.64779639670375 101.15300198772916 105.14213960200988 96.9945527717855 99.28415789063439 101.89199666395227 100.83615383934824
1.0111083228255078 1680.1844632290004 0.0 1.1309532866178922 2074.155050612589 0.0 f_swap_t 100 2749.1762244701385 107.64779639670375 101.15300198772916 105.14213960200988 97.02460724406764 99.28415789063439 101.89199666395227 100.83615383934824
1.0111083228255078 1680.1844632290004 0.0 1.1309532866178922 2074.155050612589 0.0 t_swap_r_k 100 2751.4802646636963 107.64779639670375 101.15300198772916 105.14213960200988 97.02460724406764 99.28415789063439 101.91307669731275 100.83615383934824
1.0111083228255078 1680.1844632290004 0.0 1.1615937149047175 2174.880414014238 0.0 f_swap_t 100 2752.7418546676636 107.64779639670375 101.15300198772916 105.14213960200988 97.09436117162696 99.28415789063439 101.91307669731275 100.83615383934824
1.0111083228255078 1680.1844632290004 0.0 1.1374909805818012 2095.646643163423 0.0 move_t 100 2753.715333223343 107.64779639670375 101.14147196785186 105.14213960200988 97.09436117162696 99.28415789063439 101.91307669731275 100.83615383934824
1.0111083228255078 1680.1844632290004 0.0 1.1351312755334173 2087.8895013149404 0.0 t_swap_r_k 100 2755.8253104686737 107.64779639670375 101.14147196785186 105.14213960200988 97.09436117162696 99.28415789063439 101.93394593033962 100.83615383934824
1.0111083228255078 1680.1844632290004 0.0 1.1446436128484945 2119.1597441421986 0.0 t_move_k 100 2756.877697467804 107.74131843273672 101.14147196785186 105.14213960200988 97.09436117162696 99.28415789063439 101.93394593033962 100.83615383934824
1.0111083228255078 1680.1844632290004 0.0 1.140882421657365 2073.984897244107 0.0 swap_t 100 2757.858472108841 107.74131843273672 101.14147196785186 105.14213960200988 97.09436117162696 99.32131631172804 101.93394593033962 100.83615383934824
1.0111083228255078 1680.1844632290004 0.0 1.130887464541099 2073.9386713719737 0.0 t_multiswap_k 100 2758.340465068817 107.74131843273672 101.14147196785186 105.14213960200988 97.09436117162696 99.32131631172804 101.93394593033962 100.82779230095475
1.0111083228255078 1680.1844632290004 0.0 1.1510324112506372 2140.1618670476532 0.0 t_move_k 100 2759.6427505016327 107.87390524840936 101.14147196785186 105.14213960200988 97.09436117162696 99.32131631172804 101.93394593033962 100.82779230095475
1.0111083228255078 1680.1844632290004 0.0 1.1420020260212986 2110.475962354438 0.0 f_swap_t 100 2760.4491624832153 107.87390524840936 101.14147196785186 105.14213960200988 97.12341755991069 99.32131631172804 101.93394593033962 100.82779230095475
1.0111083228255078 1680.1844632290004 0.0 1.1420020260212986 2110.475962354438 0.0 move_t 100 2761.1966099739075 107.87390524840936 101.13005724817334 105.14213960200988 97.12341755991069 99.32131631172804 101.93394593033962 100.82779230095475
1.0111083228255078 1680.1844632290004 0.0 1.1420020260212986 2110.475962354438 0.0 swap_t 100 2762.026983976364 107.87390524840936 101.13005724817334 105.14213960200988 97.12341755991069 99.32810314861077 101.93394593033962 100.82779230095475
1.0111083228255078 1680.1844632290004 0.0 1.1545562136572647 2151.7457873062276 0.0 move_t 100 2763.0770239830017 107.87390524840936 101.21875667569161 105.14213960200988 97.12341755991069 99.32810314861077 101.93394593033962 100.82779230095475
1.0111083228255078 1680.1844632290004 0.0 1.1465276550387937 2125.3532226571033 0.0 f_swap_t 100 2764.4020431041718 107.87390524840936 101.21875667569161 105.14213960200988 97.15218338431158 99.32810314861077 101.93394593033962 100.82779230095475
1.0111083228255078 1680.1844632290004 0.0 1.134980039412682 2087.392337467297 0.0 t_swap_k 100 2765.6266465187073 107.87390524840936 101.21875667569161 105.18071820598978 97.15218338431158 99.32810314861077 101.93394593033962 100.82779230095475
1.0111083228255078 1680.1844632290004 0.0 1.1228606092233477 2047.5517060435354 0.0 t_swap_r_k 100 2767.68359041214 107.87390524840936 101.21875667569161 105.18071820598978 97.15218338431158 99.32810314861077 101.95460647103623 100.82779230095475
1.0111083228255078 1680.1844632290004 0.0 1.1228606092233477 2047.5517060435354 0.0 swap_t 100 2768.8865172863007 107.87390524840936 101.21875667569161 105.18071820598978 97.15218338431158 99.33482211712466 101.95460647103623 100.82779230095475
1.0111083228255078 1680.1844632290004 0.0 1.1228606092233477 2047.5517060435354 0.0 move_t 100 2769.723872900009 107.87390524840936 101.20656910893469 105.18071820598978 97.15218338431158 99.33482211712466 101.95460647103623 100.82779230095475
1.0111083228255078 1680.1844632290004 0.0 1.12159420971141 2043.388626146038 0.0 t_swap_k 100 2771.0514240264893 107.87390524840936 101.20656910893469 105.25891102392988 97.15218338431158 99.33482211712466 101.95460647103623 100.82779230095475
1.0111083228255078 1680.1844632290004 0.0 1.12159420971141 2043.388626146038 0.0 swap_t 100 2771.849094390869 107.87390524840936 101.20656910893469 105.25891102392988 97.15218338431158 99.34147389595341 101.95460647103623 100.82779230095475
1.0111083228255078 1680.1844632290004 0.0 1.12159420971141 2043.388626146038 0.0 f_swap_t 100 2772.9008321762085 107.87390524840936 101.20656910893469 105.25891102392988 97.18066155046847 99.34147389595341 101.95460647103623 100.82779230095475
1.0111083228255078 1680.1844632290004 0.0 1.1784771637240772 2230.3819723437714 0.0 f_swap_t 100 2774.2514083385468 107.87390524840936 101.20656910893469 105.25891102392988 97.28885493496378 99.34147389595341 101.95460647103623 100.82779230095475
1.0111083228255078 1680.1844632290004 0.0 1.1629973959236048 2179.4947842640236 0.0 swap_t 100 2775.1049869060516 107.87390524840936 101.20656910893469 105.25891102392988 97.28885493496378 99.34805915699388 101.95460647103623 100.82779230095475
1.0111083228255078 1680.1844632290004 0.0 1.1570840224589904 2160.055542567488 0.0 t_swap_k 100 2776.3172891139984 107.87390524840936 101.20656910893469 105.31632191369059 97.28885493496378 99.34805915699388 101.95460647103623 100.82779230095475
1.0111083228255078 1680.1844632290004 0.0 1.148794163248226 2138.453221995216 0.0 move_t 100 2777.3213443756104 107.87390524840936 101.25450341784534 105.31632191369059 97.28885493496378 99.34805915699388 101.95460647103623 100.82779230095475
1.0111083228255078 1680.1844632290004 0.0 1.1388602837771709 2100.1480019783053 0.0 t_move_k 100 2778.6894268989563 107.89516619592527 101.25450341784534 105.31632191369059 97.28885493496378 99.34805915699388 101.95460647103623 100.82779230095475
1.0111083228255078 1680.1844632290004 0.0 1.1311047606667433 2074.652996609741 0.0 t_move_k 100 2779.7675046920776 107.87621453396602 101.25450341784534 105.31632191369059 97.28885493496378 99.34805915699388 101.95460647103623 100.82779230095475
1.0111083228255078 1680.1844632290004 0.0 1.138677859446491 2198.618163604381 0.0 swap_t 100 2780.5658473968506 107.87621453396602 101.25450341784534 105.31632191369059 97.28885493496378 99.39457856542394 101.95460647103623 100.82779230095475
1.0111083228255078 1680.1844632290004 0.0 1.1363843754410334 2092.008860952856 0.0 swap_t 100 2781.667652130127 107.87621453396602 101.25450341784534 105.31632191369059 97.28885493496378 99.40063277976971 101.95460647103623 100.82779230095475
1.0111083228255078 1680.1844632290004 0.0 1.1247953739399592 2053.911926512816 0.0 move_t 100 2782.607268333435 107.87621453396602 101.27195838366688 105.31632191369059 97.28885493496378 99.40063277976971 101.95460647103623 100.82779230095475
1.0111083228255078 1680.1844632290004 0.0 1.1575827924139015 2161.6951666775676 0.0 f_swap_t 100 2783.6220033168793 107.87621453396602 101.27195838366688 105.31632191369059 97.32596638561414 99.40063277976971 101.95460647103623 100.82779230095475
1.0111083228255078 1680.1844632290004 0.0 1.1497863143814548 2136.0655287456193 0.0 t_swap_r_k 100 2785.6206891536713 107.87621453396602 101.27195838366688 105.31632191369059 97.32596638561414 99.40063277976971 101.97506040632587 100.82779230095475
1.0111083228255078 1680.1844632290004 0.0 1.1752878740666513 2231.613436427089 0.0 move_t 100 2786.2595126628876 107.87621453396602 101.36923879983021 105.31632191369059 97.32596638561414 99.40063277976971 101.97506040632587 100.82779230095475
1.0111083228255078 1680.1844632290004 0.0 1.1487679819589203 2132.7179285631646 0.0 f_swap_t 100 2787.318876504898 107.87621453396602 101.36923879983021 105.31632191369059 97.352706721758 99.40063277976971 101.97506040632587 100.82779230095475
1.0111083228255078 1680.1844632290004 0.0 1.1746954617524659 2217.9502497254857 0.0 t_swap_k 100 2788.8393321037292 107.87621453396602 101.36923879983021 105.48315869455368 97.352706721758 99.40063277976971 101.97506040632587 100.82779230095475
1.0111083228255078 1680.1844632290004 0.0 1.1419064894909652 2110.1619017399485 0.0 t_move_k 100 2789.9445085525513 107.92745238862636 101.36923879983021 105.48315869455368 97.352706721758 99.40063277976971 101.97506040632587 100.82779230095475
1.0111083228255078 1680.1844632290004 0.0 1.1301832250237918 2071.623599903698 0.0 t_multiswap_k 100 2790.5773634910583 107.92745238862636 101.36923879983021 105.48315869455368 97.352706721758 99.40063277976971 101.97506040632587 100.90951437794521
1.0111083228255078 1680.1844632290004 0.0 1.1223988796373607 2046.0338460480268 0.0 t_multiswap_k 100 2791.2552473545074 107.92745238862636 101.36923879983021 105.48315869455368 97.352706721758 99.40063277976971 101.97506040632587 100.90041923416577
1.0111083228255078 1680.1844632290004 0.0 1.1223988796373607 2046.0338460480268 0.0 swap_t 100 2791.759295463562 107.92745238862636 101.36923879983021 105.48315869455368 97.352706721758 99.40662645197202 101.97506040632587 100.90041923416577
1.0111083228255078 1680.1844632290004 0.0 1.146771024443456 2126.1532595069784 0.0 f_swap_t 100 2792.6127157211304 107.92745238862636 101.36923879983021 105.48315869455368 97.46917965454041 99.40662645197202 101.97506040632587 100.90041923416577
1.0111083228255078 1680.1844632290004 0.0 1.1307550637396704 2073.503425535534 0.0 t_swap_r_k 100 2794.324262857437 107.92745238862636 101.36923879983021 105.48315869455368 97.46917965454041 99.40662645197202 101.99530980226261 100.90041923416577
1.0111083228255078 1680.1844632290004 0.0 1.1307550637396704 2073.503425535534 0.0 swap_t 100 2794.9416596889496 107.92745238862636 101.36923879983021 105.48315869455368 97.46917965454041 99.4125601874523 101.99530980226261 100.90041923416577
1.0111083228255078 1680.1844632290004 0.0 1.1263731079587551 2059.0984673439925 0.0 move_t 100 2795.8241634368896 107.92745238862636 101.38554641183191 105.48315869455368 97.46917965454041 99.4125601874523 101.99530980226261 100.90041923416577
1.0111083228255078 1680.1844632290004 0.0 1.1245612870869044 2053.142404523084 0.0 swap_t 100 2796.5261375904083 107.92745238862636 101.38554641183191 105.48315869455368 97.46917965454041 99.41843458557777 101.99530980226261 100.90041923416577
1.0111083228255078 1680.1844632290004 0.0 1.1245612870869044 2053.142404523084 0.0 t_swap_r_k 100 2798.4542076587677 107.92745238862636 101.38554641183191 105.48315869455368 97.46917965454041 99.41843458557777 102.01535670423999 100.90041923416577
1.0111083228255078 1680.1844632290004 0.0 1.1365346924866082 2092.5030034922243 0.0 move_t 100 2798.9260110855103 107.92745238862636 101.3816909477136 105.48315869455368 97.46917965454041 99.41843458557777 102.01535670423999 100.90041923416577
1.0111083228255078 1680.1844632290004 0.0 1.1657021993238008 2188.3863801276457 0.0 t_swap_k 100 2799.916746854782 107.92745238862636 101.3816909477136 105.53832710760814 97.46917965454041 99.41843458557777 102.01535670423999 100.90041923416577
1.0111083228255078 1680.1844632290004 0.0 1.1442801396571751 2126.538641591103 0.0 swap_t 100 2800.7639191150665 107.92745238862636 101.3816909477136 105.53832710760814 97.46917965454041 99.45425023972199 102.01535670423999 100.90041923416577
1.0111083228255078 1680.1844632290004 0.0 1.14087524101415 2106.771842155525 0.0 swap_t 100 2801.2628071308136 107.92745238862636 101.3816909477136 105.53832710760814 97.46917965454041 99.45970773732476 102.01535670423999 100.90041923416577
1.0111083228255078 1680.1844632290004 0.0 1.134157899019488 2084.689686280556 0.0 t_move_k 100 2802.061803817749 107.9081778647401 101.3816909477136 105.53832710760814 97.46917965454041 99.45970773732476 102.01535670423999 100.90041923416577
1.0111083228255078 1680.1844632290004 0.0 1.129238655509757 2068.5184831387287 0.0 swap_t 100 2802.8877713680267 107.9081778647401 101.3816909477136 105.53832710760814 97.46917965454041 99.46511065995152 102.01535670423999 100.90041923416577
1.0111083228255078 1680.1844632290004 0.0 1.1226275103953411 2046.785432023484 0.0 t_multiswap_k 100 2803.412372112274 107.9081778647401 101.3816909477136 105.53832710760814 97.46917965454041 99.46511065995152 102.01535670423999 100.9214150418241
1.0111083228255078 1680.1844632290004 0.0 1.1665398917804044 2191.140156162379 0.0 t_swap_k 100 2804.7747209072113 107.9081778647401 101.3816909477136 105.59294383653206 97.46917965454041 99.46511065995152 102.01535670423999 100.9214150418241
1.0111083228255078 1680.1844632290004 0.0 1.1504322197965562 2138.1888364569268 0.0 move_t 100 2805.76931476593 107.9081778647401 101.42787403823645 105.59294383653206 97.46917965454041 99.46511065995152 102.01535670423999 100.9214150418241
1.0111083228255078 1680.1844632290004 0.0 1.1599596904421823 2169.5088276168367 0.0 t_swap_k 100 2807.076864004135 107.9081778647401 101.42787403823645 105.65701439816674 97.46917965454041 99.46511065995152 102.01535670423999 100.9214150418241
1.0111083228255078 1680.1844632290004 0.0 1.1543623822180122 2151.1085983617845 0.0 t_swap_r_k 100 2808.8613646030426 107.9081778647401 101.42787403823645 105.65701439816674 97.46917965454041 99.46511065995152 102.0352031371976 100.9214150418241
1.0111083228255078 1680.1844632290004 0.0 1.1543623822180122 2151.1085983617845 0.0 t_swap_r_k 100 2810.0997743606567 107.9081778647401 101.42787403823645 105.65701439816674 97.46917965454041 99.46511065995152 102.05485110582562 100.9214150418241
1.0111083228255078 1680.1844632290004 0.0 1.1543623822180122 2151.1085983617845 0.0 f_swap_t 100 2811.156566143036 107.9081778647401 101.42787403823645 105.65701439816674 97.49448785799501 99.46511065995152 102.05485110582562 100.9214150418241
1.0111083228255078 1680.1844632290004 0.0 1.1540626073726397 2145.2507339855156 0.0 move_t 100 2812.0772120952606 107.9081778647401 101.44359529785409 105.65701439816674 97.49448785799501 99.46511065995152 102.05485110582562 100.9214150418241
1.0111083228255078 1680.1844632290004 0.0 1.1442032822208357 2117.712229699103 0.0 t_swap_k 100 2813.3061175346375 107.9081778647401 101.44359529785409 105.64044425418507 97.49448785799501 99.46511065995152 102.05485110582562 100.9214150418241
1.0111083228255078 1680.1844632290004 0.0 1.1354024195318169 2088.7808425689627 0.0 t_move_k 100 2814.3563277721405 107.9190960860927 101.44359529785409 105.64044425418507 97.49448785799501 99.46511065995152 102.05485110582562 100.9214150418241
1.0111083228255078 1680.1844632290004 0.0 1.1269584138078153 2061.0225639589557 0.0 t_swap_k 100 2815.5791339874268 107.9190960860927 101.44359529785409 105.67403981164323 97.49448785799501 99.46511065995152 102.05485110582562 100.9214150418241
1.0111083228255078 1680.1844632290004 0.0 1.1244677554405587 2052.834934634624 0.0 t_swap_k 100 2816.877494573593 107.9190960860927 101.44359529785409 105.6472994135268 97.49448785799501 99.46511065995152 102.05485110582562 100.9214150418241
1.0111083228255078 1680.1844632290004 0.0 1.1243305764101508 2052.383981157095 0.0 t_swap_k 100 2817.864432811737 107.9190960860927 101.44359529785409 105.59082641939153 97.49448785799501 99.46511065995152 102.05485110582562 100.9214150418241
1.0111083228255078 1680.1844632290004 0.0 1.1243305764101508 2052.383981157095 0.0 f_swap_t 100 2819.2080006599426 107.9190960860927 101.44359529785409 105.59082641939153 97.51954297941506 99.46511065995152 102.05485110582562 100.9214150418241
1.0111083228255078 1680.1844632290004 0.0 1.1243305764101508 2052.383981157095 0.0 t_multiswap_k 100 2819.5941710472107 107.9190960860927 101.44359529785409 105.59082641939153 97.51954297941506 99.46511065995152 102.05485110582562 100.91220089140586
1.0111083228255078 1680.1844632290004 0.0 1.1243305764101508 2052.383981157095 0.0 t_swap_r_k 100 2821.6541097164154 107.9190960860927 101.44359529785409 105.59082641939153 97.51954297941506 99.46511065995152 102.07430259476736 100.91220089140586
1.0111083228255078 1680.1844632290004 0.0 1.1217079220368968 2043.7624366946595 0.0 t_move_k 100 2822.7841069698334 107.90990512523177 101.44359529785409 105.59082641939153 97.51954297941506 99.46511065995152 102.07430259476736 100.91220089140586
1.0111083228255078 1680.1844632290004 0.0 1.127038952544976 2052.949173895904 0.0 move_t 100 2823.899238348007 107.90990512523177 101.52915934487555 105.59082641939153 97.51954297941506 99.46511065995152 102.07430259476736 100.91220089140586
1.0111083228255078 1680.1844632290004 0.0 1.1152753317293207 2022.6163551099216 0.0 f_swap_t 100 2825.08078622818 107.90990512523177 101.52915934487555 105.59082641939153 97.54434754962091 99.46511065995152 102.07430259476736 100.91220089140586
1.0111083228255078 1680.1844632290004 0.0 1.1361805862198986 2090.4560613156286 0.0 move_t 100 2826.0133514404297 107.90990512523177 101.5538677514268 105.59082641939153 97.54434754962091 99.46511065995152 102.07430259476736 100.91220089140586
1.0111083228255078 1680.1844632290004 0.0 1.1305499147580165 2072.8290320337483 0.0 f_swap_t 100 2827.2236230373383 107.90990512523177 101.5538677514268 105.59082641939153 97.5689040741247 99.46511065995152 102.07430259476736 100.91220089140586
1.0111083228255078 1680.1844632290004 0.0 1.1305499147580165 2072.8290320337483 0.0 t_swap_r_k 100 2829.04336476326 107.90990512523177 101.5538677514268 105.59082641939153 97.5689040741247 99.46511065995152 102.09355956881969 100.91220089140586
1.0111083228255078 1680.1844632290004 0.0 1.1305499147580165 2072.8290320337483 0.0 f_swap_t 100 2830.3360512256622 107.90990512523177 101.5538677514268 105.59082641939153 97.59321503338346 99.46511065995152 102.09355956881969 100.91220089140586
1.0111083228255078 1680.1844632290004 0.0 1.1305499147580165 2072.8290320337483 0.0 swap_t 100 2831.265367746353 107.90990512523177 101.5538677514268 105.59082641939153 97.59321503338346 99.470459553352 102.09355956881969 100.91220089140586
1.0111083228255078 1680.1844632290004 0.0 1.1521527556824778 2143.8448149156075 0.0 t_multiswap_k 100 2832.1205468177795 107.90990512523177 101.5538677514268 105.59082641939153 97.59321503338346 99.470459553352 102.09355956881969 100.9730788824918
1.0111083228255078 1680.1844632290004 0.0 1.1715299156914578 2235.6352586140506 0.0 swap_t 100 2833.1783611774445 107.90990512523177 101.5538677514268 105.59082641939153 97.59321503338346 99.56575495781848 102.09355956881969 100.9730788824918
1.0111083228255078 1680.1844632290004 0.0 1.1585350106140468 2164.8254272388585 0.0 move_t 100 2833.768856525421 107.90990512523177 101.53832907391252 105.59082641939153 97.59321503338346 99.56575495781848 102.09355956881969 100.9730788824918
1.0111083228255078 1680.1844632290004 0.0 1.158451857247854 2164.5520742377366 0.0 t_swap_r_k 100 2835.434829711914 107.90990512523177 101.53832907391252 105.59082641939153 97.59321503338346 99.56575495781848 102.11262397313149 100.9730788824918
1.0111083228255078 1680.1844632290004 0.0 1.15681547285139 2164.5331911815706 0.0 move_t 100 2835.9655306339264 107.90990512523177 101.5529457831734 105.59082641939153 97.59321503338346 99.56575495781848 102.11262397313149 100.9730788824918
1.0111083228255078 1680.1844632290004 0.0 1.1466633355935176 2125.7992501425274 0.0 t_swap_r_k 100 2837.8153948783875 107.90990512523177 101.5529457831734 105.59082641939153 97.59321503338346 99.56575495781848 102.13149773340018 100.9730788824918
1.0111083228255078 1680.1844632290004 0.0 1.1466633355935176 2125.7992501425274 0.0 t_swap_r_k 100 2839.6755232810974 107.90990512523177 101.5529457831734 105.59082641939153 97.59321503338346 99.56575495781848 102.15018275606617 100.9730788824918
1.0111083228255078 1680.1844632290004 0.0 1.145382303984775 2121.588069635789 0.0 f_swap_t 100 2840.5513565540314 107.90990512523177 101.5529457831734 105.59082641939153 97.64728288304963 99.56575495781848 102.15018275606617 100.9730788824918
1.0111083228255078 1680.1844632290004 0.0 1.1530447508679882 2146.7771022313063 0.0 t_swap_k 100 2842.1907262802124 107.90990512523177 101.5529457831734 105.67491815519762 97.64728288304963 99.56575495781848 102.15018275606617 100.9730788824918
1.0111083228255078 1680.1844632290004 0.0 1.135070424286364 2087.689462858705 0.0 t_move_k 100 2843.147537469864 107.95080607397945 101.5529457831734 105.67491815519762 97.64728288304963 99.56575495781848 102.15018275606617 100.9730788824918
1.0111083228255078 1680.1844632290004 0.0 1.1239826047276427 2051.240081540353 0.0 t_swap_r_k 100 2844.9160754680634 107.95080607397945 101.5529457831734 105.67491815519762 97.64728288304963 99.56575495781848 102.16868092850551 100.9730788824918
1.0111083228255078 1680.1844632290004 0.0 1.1227027265725873 2047.0326928227084 0.0 t_swap_r_k 100 2847.064672231674 107.95080607397945 101.5529457831734 105.67491815519762 97.64728288304963 99.56575495781848 102.18699411922046 100.9730788824918
1.0111083228255078 1680.1844632290004 0.0 1.1719011447676642 2194.227906668629 0.0 swap_t 100 2848.1348779201508 107.95080607397945 101.5529457831734 105.67491815519762 97.64728288304963 99.6200974082403 102.18699411922046 100.9730788824918
1.0111083228255078 1680.1844632290004 0.0 1.1465710307584298 2125.4958131940975 0.0 swap_t 100 2848.979210615158 107.95080607397945 101.5529457831734 105.67491815519762 97.64728288304963 99.6238964341579 102.18699411922046 100.9730788824918
1.0111083228255078 1680.1844632290004 0.0 1.1521845847028096 2143.949447579669 0.0 t_multiswap_k 100 2849.591728448868 107.95080607397945 101.5529457831734 105.67491815519762 97.64728288304963 99.6238964341579 102.18699411922046 101.00334809366689
1.0111083228255078 1680.1844632290004 0.0 1.1722242469919582 2209.8265380571775 0.0 f_swap_t 100 2850.745274066925 107.95080607397945 101.5529457831734 105.67491815519762 97.68081005421914 99.6238964341579 102.18699411922046 101.00334809366689
1.0111083228255078 1680.1844632290004 0.0 1.1752325469256713 2219.715828807551 0.0 t_multiswap_k 100 2851.8686439990997 107.95080607397945 101.5529457831734 105.67491815519762 97.68081005421914 99.6238964341579 102.18699411922046 101.07331461273021
1.0111083228255078 1680.1844632290004 0.0 1.1579049706793292 2162.754274682245 0.0 f_swap_t 100 2853.3583579063416 107.95080607397945 101.5529457831734 105.67491815519762 97.70400195367695 99.6238964341579 102.18699411922046 101.07331461273021
1.0111083228255078 1680.1844632290004 0.0 1.1559268948660915 2156.2516761134757 0.0 t_move_k 100 2854.1307740211487 107.90129801323965 101.5529457831734 105.67491815519762 97.70400195367695 99.6238964341579 102.18699411922046 101.07331461273021
1.0111083228255078 1680.1844632290004 0.0 1.1544393923722769 2151.3617565651007 0.0 t_swap_k 100 2855.35374212265 107.90129801323965 101.5529457831734 105.61816897364564 97.70400195367695 99.6238964341579 102.18699411922046 101.07331461273021
1.0111083228255078 1680.1844632290004 0.0 1.1468414526994448 2126.384780803346 0.0 t_move_k 100 2856.3562784194946 107.85228503310725 101.5529457831734 105.61816897364564 97.70400195367695 99.6238964341579 102.18699411922046 101.07331461273021
1.0111083228255078 1680.1844632290004 0.0 1.1432048502758272 2114.4300490601318 0.0 f_swap_t 100 2857.2108936309814 107.85228503310725 101.5529457831734 105.61816897364564 97.72696193414018 99.6238964341579 102.18699411922046 101.07331461273021
1.0111083228255078 1680.1844632290004 0.0 1.1432048502758272 2114.4300490601318 0.0 t_move_k 100 2858.186220407486 107.81376218277617 101.5529457831734 105.61816897364564 97.72696193414018 99.6238964341579 102.18699411922046 101.07331461273021
1.0111083228255078 1680.1844632290004 0.0 1.1432048502758272 2114.4300490601318 0.0 t_swap_r_k 100 2859.973301887512 107.81376218277617 101.5529457831734 105.61816897364564 97.72696193414018 99.6238964341579 102.20512417802826 101.07331461273021
1.0111083228255078 1680.1844632290004 0.0 1.1432048502758272 2114.4300490601318 0.0 f_swap_t 100 2861.363223552704 107.81376218277617 101.5529457831734 105.61816897364564 97.74969231479878 99.6238964341579 102.20512417802826 101.07331461273021
1.0111083228255078 1680.1844632290004 0.0 1.1432048502758272 2114.4300490601318 0.0 t_swap_r_k 100 2863.2416050434113 107.81376218277617 101.5529457831734 105.61816897364564 97.74969231479878 99.6238964341579 102.22307293624797 101.07331461273021
1.0111083228255078 1680.1844632290004 0.0 1.1432048502758272 2114.4300490601318 0.0 f_swap_t 100 2864.2086310386658 107.81376218277617 101.5529457831734 105.61816897364564 97.7721953916508 99.6238964341579 102.22307293624797 101.07331461273021
1.0111083228255078 1680.1844632290004 0.0 1.140591890553083 2105.840374165136 0.0 move_t 100 2864.9555480480194 107.81376218277617 101.56741632534167 105.61816897364564 97.7721953916508 99.6238964341579 102.22307293624797 101.07331461273021
1.0111083228255078 1680.1844632290004 0.0 1.1333791602413121 2082.1297107576142 0.0 swap_t 100 2865.627175807953 107.81376218277617 101.56741632534167 105.61816897364564 97.7721953916508 99.62765746981631 102.22307293624797 101.07331461273021
1.0111083228255078 1680.1844632290004 0.0 1.131307309291687 2075.318841866961 0.0 swap_t 100 2866.3349561691284 107.81376218277617 101.56741632534167 105.61816897364564 97.7721953916508 99.63138089511816 102.22307293624797 101.07331461273021
1.0111083228255078 1680.1844632290004 0.0 1.1554267929682815 2154.6076734604057 0.0 t_swap_k 100 2867.6273126602173 107.81376218277617 101.56741632534167 105.63198728390918 97.7721953916508 99.63138089511816 102.22307293624797 101.07331461273021
1.0111083228255078 1680.1844632290004 0.0 1.1273741872413927 2062.389350669566 0.0 t_swap_k 100 2868.946268081665 107.81376218277617 101.56741632534167 105.66566741107009 97.7721953916508 99.63138089511816 102.22307293624797 101.07331461273021
1.0111083228255078 1680.1844632290004 0.0 1.1215287573672406 2043.1734623405507 0.0 swap_t 100 2869.632808446884 107.81376218277617 101.56741632534167 105.66566741107009 97.7721953916508 99.63506708616697 102.22307293624797 101.07331461273021
1.0111083228255078 1680.1844632290004 0.0 1.1215287573672406 2043.1734623405507 0.0 t_swap_r_k 100 2871.640123128891 107.81376218277617 101.56741632534167 105.66566741107009 97.7721953916508 99.63506708616697 102.24084220688549 101.07331461273021
1.0111083228255078 1680.1844632290004 0.0 1.1570878752748681 2160.0682080653646 0.0 t_swap_k 100 2873.123194217682 107.81376218277617 101.56741632534167 105.68901073695939 97.7721953916508 99.63506708616697 102.24084220688549 101.07331461273021
1.0111083228255078 1680.1844632290004 0.0 1.1804075706629513 2236.727867336198 0.0 t_swap_k 100 2874.6280884742737 107.81376218277617 101.56741632534167 105.7821206295898 97.7721953916508 99.63506708616697 102.24084220688549 101.07331461273021
1.0111083228255078 1680.1844632290004 0.0 1.1736563860448472 2214.5344594084586 0.0 t_swap_r_k 100 2877.0073499679565 107.81376218277617 101.56741632534167 105.7821206295898 97.7721953916508 99.63506708616697 102.25843378481663 101.07331461273021
1.0111083228255078 1680.1844632290004 0.0 1.1709792199631934 2205.73371667938 0.0 swap_t 100 2877.7287986278534 107.81376218277617 101.56741632534167 105.7821206295898 97.7721953916508 99.6387164153053 102.25843378481663 101.07331461273021
1.0111083228255078 1680.1844632290004 0.0 1.1707358222255613 2204.9335866895294 0.0 t_swap_k 100 2878.8340122699738 107.81376218277617 101.56741632534167 105.8242994232939 97.7721953916508 99.6387164153053 102.25843378481663 101.07331461273021
1.0111083228255078 1680.1844632290004 0.0 1.150736576946549 2139.1893604786515 0.0 t_multiswap_k 100 2879.6082520484924 107.81376218277617 101.56741632534167 105.8242994232939 97.7721953916508 99.6387164153053 102.25843378481663 101.09258146660291
1.0111083228255078 1680.1844632290004 0.0 1.1863213422775454 2256.1684178852397 0.0 move_t 100 2880.5182631015778 107.81376218277617 101.65174216208825 105.8242994232939 97.7721953916508 99.6387164153053 102.25843378481663 101.09258146660291
1.0111083228255078 1680.1844632290004 0.0 1.1951411507006444 2285.1620859969735 0.0 t_swap_k 100 2881.9490933418274 107.81376218277617 101.65174216208825 106.00605642906096 97.7721953916508 99.6387164153053 102.25843378481663 101.09258146660291
1.0111083228255078 1680.1844632290004 0.0 1.1858221875883417 2254.527529024516 0.0 t_swap_r_k 100 2884.123638868332 107.81376218277617 101.65174216208825 106.00605642906096 97.7721953916508 99.6387164153053 102.27584944696846 101.09258146660291
1.0111083228255078 1680.1844632290004 0.0 1.1837697593173817 2247.7805089922554 0.0 t_swap_r_k 100 2886.2015776634216 107.81376218277617 101.65174216208825 106.00605642906096 97.7721953916508 99.6387164153053 102.29309095249879 101.09258146660291
1.0111083228255078 1680.1844632290004 0.0 1.1801360693897518 2235.835351600091 0.0 move_t 100 2886.9705200195312 107.81376218277617 101.66522474046737 106.00605642906096 97.7721953916508 99.6387164153053 102.29309095249879 101.09258146660291
1.0111083228255078 1680.1844632290004 0.0 1.1667248279968718 2191.7481035264113 0.0 move_t 100 2887.577879190445 107.81376218277617 101.73857249306269 106.00605642906096 97.7721953916508 99.6387164153053 102.29309095249879 101.09258146660291
1.0111083228255078 1680.1844632290004 0.0 1.1621859165382808 2176.8271793854433 0.0 swap_t 100 2888.2871568202972 107.81376218277617 101.73857249306269 106.00605642906096 97.7721953916508 99.64232925115225 102.29309095249879 101.09258146660291
1.0111083228255078 1680.1844632290004 0.0 1.1602931131377026 2162.265865589635 0.0 swap_t 100 2889.104916334152 107.81376218277617 101.73857249306269 106.00605642906096 97.7721953916508 99.67590595864073 102.29309095249879 101.09258146660291
1.0111083228255078 1680.1844632290004 0.0 1.1439798463411124 2116.9777210306397 0.0 move_t 100 2889.6539328098297 107.81376218277617 101.72118676813206 106.00605642906096 97.7721953916508 99.67590595864073 102.29309095249879 101.09258146660291
1.0111083228255078 1680.1844632290004 0.0 1.1423444367692652 2111.6015813144186 0.0 t_multiswap_k 100 2890.357915878296 107.81376218277617 101.72118676813206 106.00605642906096 97.7721953916508 99.67590595864073 102.29309095249879 101.08165565193688
1.0111083228255078 1680.1844632290004 0.0 1.1410951307812258 2107.4946935624857 0.0 t_swap_r_k 100 2892.064108133316 107.81376218277617 101.72118676813206 106.00605642906096 97.7721953916508 99.67590595864073 102.3101600429738 101.08165565193688
1.0111083228255078 1680.1844632290004 0.0 1.1410951307812258 2107.4946935624857 0.0 t_swap_r_k 100 2893.685140609741 107.81376218277617 101.72118676813206 106.00605642906096 97.7721953916508 99.67590595864073 102.32705844254407 101.08165565193688
1.0111083228255078 1680.1844632290004 0.0 1.1410951307812258 2107.4946935624857 0.0 swap_t 100 2894.541937351227 107.81376218277617 101.72118676813206 106.00605642906096 97.7721953916508 99.67914689905432 102.32705844254407 101.08165565193688
1.0111083228255078 1680.1844632290004 0.0 1.1380198681870124 2097.3852740903426 0.0 f_swap_t 100 2895.3552737236023 107.81376218277617 101.72118676813206 106.00605642906096 97.82447343773428 99.67914689905432 102.32705844254407 101.08165565193688
1.0111083228255078 1680.1844632290004 0.0 1.1334604370130414 2082.396894763396 0.0 swap_t 100 2896.115585565567 107.81376218277617 101.72118676813206 106.00605642906096 97.82447343773428 99.68235543006378 102.32705844254407 101.08165565193688
1.0111083228255078 1680.1844632290004 0.0 1.1437809159326964 2116.3237700645577 0.0 t_move_k 100 2897.247145652771 107.91562456094842 101.72118676813206 106.00605642906096 97.82447343773428 99.68235543006378 102.32705844254407 101.08165565193688
1.0111083228255078 1680.1844632290004 0.0 1.2109842173199001 2337.2435591305334 0.0 f_swap_t 100 2898.2317349910736 107.91562456094842 101.72118676813206 106.00605642906096 98.03622870335694 99.68235543006378 102.32705844254407 101.08165565193688
1.0111083228255078 1680.1844632290004 0.0 1.2193666069638214 2364.7992850216497 0.0 t_move_k 100 2899.181410074234 107.99646831533893 101.72118676813206 106.00605642906096 98.03622870335694 99.68235543006378 102.32705844254407 101.08165565193688
1.0111083228255078 1680.1844632290004 0.0 1.2063172096478187 2321.901539777272 0.0 f_swap_t 100 2900.2161169052124 107.99646831533893 101.72118676813206 106.00605642906096 98.05586641632337 99.68235543006378 102.32705844254407 101.08165565193688
1.0111083228255078 1680.1844632290004 0.0 1.206297673054517 2321.837316443266 0.0 t_move_k 100 2901.143456220627 107.94650363218554 101.72118676813206 106.00605642906096 98.05586641632337 99.68235543006378 102.32705844254407 101.08165565193688
1.0111083228255078 1680.1844632290004 0.0 1.206297673054517 2321.837316443266 0.0 t_swap_r_k 100 2903.088092803955 107.94650363218554 101.72118676813206 106.00605642906096 98.05586641632337 99.68235543006378 102.34378785811863 101.08165565193688
1.0111083228255078 1680.1844632290004 0.0 1.2076970702557213 2326.4376043477 0.0 t_swap_k 100 2904.3309943675995 107.94650363218554 101.72118676813206 106.01599586477035 98.05586641632337 99.68235543006378 102.34378785811863 101.08165565193688
1.0111083228255078 1680.1844632290004 0.0 1.2033282329365014 2312.075770939179 0.0 swap_t 100 2905.176370382309 107.94650363218554 101.72118676813206 106.01599586477035 98.05586641632337 99.68553187576315 102.34378785811863 101.08165565193688
1.0111083228255078 1680.1844632290004 0.0 1.148088564739864 2130.4844563136853 0.0 t_multiswap_k 100 2905.8711426258087 107.94650363218554 101.72118676813206 106.01599586477035 98.05586641632337 99.68553187576315 102.34378785811863 101.31083909541752
1.0111083228255078 1680.1844632290004 0.0 1.1357767439108768 2090.0113723369536 0.0 t_multiswap_k 100 2906.1929178237915 107.94650363218554 101.72118676813206 106.01599586477035 98.05586641632337 99.68553187576315 102.34378785811863 101.29773070446335
1.0111083228255078 1680.1844632290004 0.0 1.1320771449163929 2077.849549738671 0.0 swap_t 100 2906.758139848709 107.94650363218554 101.72118676813206 106.01599586477035 98.05586641632337 99.68867655700552 102.34378785811863 101.29773070446335
1.0111083228255078 1680.1844632290004 0.0 1.1421665794922924 2094.5691834263303 0.0 swap_t 100 2907.3699238300323 107.94650363218554 101.72118676813206 106.01599586477035 98.05586641632337 99.73178979143546 102.34378785811863 101.29773070446335
1.0111083228255078 1680.1844632290004 0.0 1.1400093283030204 2103.9252966801755 0.0 swap_t 100 2908.273578643799 107.94650363218554 101.72118676813206 106.01599586477035 98.05586641632337 99.7344718935211 102.34378785811863 101.29773070446335
1.0111083228255078 1680.1844632290004 0.0 1.1399458612090325 2103.7166590578113 0.0 swap_t 100 2908.9583687782288 107.94650363218554 101.72118676813206 106.01599586477035 98.05586641632337 99.7371271745859 102.34378785811863 101.29773070446335
1.0111083228255078 1680.1844632290004 0.0 1.1399458612090325 2103.7166590578113 0.0 move_t 100 2909.7461116313934 107.94650363218554 101.70397490045073 106.01599586477035 98.05586641632337 99.7371271745859 102.34378785811863 101.29773070446335
1.0111083228255078 1680.1844632290004 0.0 1.1731332722764893 2212.8148090195996 0.0 move_t 100 2910.615961790085 107.94650363218554 101.73693515144622 106.01599586477035 98.05586641632337 99.7371271745859 102.34378785811863 101.29773070446335
1.0111083228255078 1680.1844632290004 0.0 1.156658600564902 2158.657038131455 0.0 t_swap_r_k 100 2912.5339312553406 107.94650363218554 101.73693515144622 106.01599586477035 98.05586641632337 99.7371271745859 102.36034997953745 101.29773070446335
1.0111083228255078 1680.1844632290004 0.0 1.1847314521025467 2269.723947429429 0.0 swap_t 100 2913.2300732135773 107.94650363218554 101.73693515144622 106.01599586477035 98.05586641632337 99.77975590284004 102.36034997953745 101.29773070446335
1.0111083228255078 1680.1844632290004 0.0 1.168406215439873 2197.275387924329 0.0 swap_t 100 2913.9266242980957 107.94650363218554 101.73693515144622 106.01599586477035 98.05586641632337 99.78195834381164 102.36034997953745 101.29773070446335
1.0111083228255078 1680.1844632290004 0.0 1.1502485105966271 2137.5849227077506 0.0 t_multiswap_k 100 2914.7171239852905 107.94650363218554 101.73693515144622 106.01599586477035 98.05586641632337 99.78195834381164 102.36034997953745 101.40475339741872
1.0111083228255078 1680.1844632290004 0.0 1.1429782838569298 2113.6852492595403 0.0 move_t 100 2915.5772573947906 107.94650363218554 101.71956579993176 106.01599586477035 98.05586641632337 99.78195834381164 102.36034997953745 101.40475339741872
1.0111083228255078 1680.1844632290004 0.0 1.1429782838569298 2113.6852492595403 0.0 t_swap_r_k 100 2917.5748443603516 107.94650363218554 101.71956579993176 106.01599586477035 98.05586641632337 99.78195834381164 102.37674647974207 101.40475339741872
1.0111083228255078 1680.1844632290004 0.0 1.1667088070250315 2191.695437219154 0.0 t_move_k 100 2918.602808237076 107.98703859586368 101.71956579993176 106.01599586477035 98.05586641632337 99.78195834381164 102.37674647974207 101.40475339741872
1.0111083228255078 1680.1844632290004 0.0 1.1559723477500254 2156.401094986118 0.0 t_move_k 100 2919.541321516037 107.90716820990504 101.71956579993176 106.01599586477035 98.05586641632337 99.78195834381164 102.37674647974207 101.40475339741872
1.0111083228255078 1680.1844632290004 0.0 1.1559723477500254 2156.401094986118 0.0 swap_t 100 2920.5296800136566 107.90716820990504 101.71956579993176 106.01599586477035 98.05586641632337 99.78413876037352 102.37674647974207 101.40475339741872
1.0111083228255078 1680.1844632290004 0.0 1.1559723477500254 2156.401094986118 0.0 move_t 100 2921.144219636917 107.90716820990504 101.70237014193243 106.01599586477035 98.05586641632337 99.78413876037352 102.37674647974207 101.40475339741872
1.0111083228255078 1680.1844632290004 0.0 1.1510488527583487 2140.2159157973515 0.0 t_multiswap_k 100 2921.778980255127 107.90716820990504 101.70237014193243 106.01599586477035 98.05586641632337 99.78413876037352 102.37674647974207 101.42070586344452
1.0111083228255078 1680.1844632290004 0.0 1.1510488527583487 2140.2159157973515 0.0 t_multiswap_k 100 2922.2759540081024 107.90716820990504 101.70237014193243 106.01599586477035 98.05586641632337 99.78413876037352 102.37674647974207 101.40649880481008
1.0111083228255078 1680.1844632290004 0.0 1.1456529860187126 2122.4778922576993 0.0 t_multiswap_k 100 2922.98765540123 107.90716820990504 101.70237014193243 106.01599586477035 98.05586641632337 99.78413876037352 102.37674647974207 101.42243381676198
1.0111083228255078 1680.1844632290004 0.0 1.165044914117673 2186.22566322689 0.0 t_move_k 100 2923.895174264908 107.88809652780598 101.70237014193243 106.01599586477035 98.05586641632337 99.78413876037352 102.37674647974207 101.42243381676198
1.0111083228255078 1680.1844632290004 0.0 1.1529183930486537 2146.361721703595 0.0 f_swap_t 100 2924.8893015384674 107.88809652780598 101.70237014193243 106.01599586477035 98.10530775216013 99.78413876037352 102.37674647974207 101.42243381676198
1.0111083228255078 1680.1844632290004 0.0 1.1323632292840173 2078.7900049967616 0.0 t_multiswap_k 100 2925.5675077438354 107.88809652780598 101.70237014193243 106.01599586477035 98.10530775216013 99.78413876037352 102.37674647974207 101.49820947859436
1.0111083228255078 1680.1844632290004 0.0 1.1265515249908131 2059.6849839625875 0.0 t_multiswap_k 100 2925.9459235668182 107.88809652780598 101.70237014193243 106.01599586477035 98.10530775216013 99.78413876037352 102.37674647974207 101.51322738380841
1.0111083228255078 1680.1844632290004 0.0 1.1356643886689546 2089.642022977122 0.0 t_multiswap_k 100 2926.500428915024 107.88809652780598 101.70237014193243 106.01599586477035 98.10530775216013 99.78413876037352 102.37674647974207 101.56809510997033
1.0111083228255078 1680.1844632290004 0.0 1.1309799160160958 2074.2425903749618 0.0 move_t 100 2927.1013808250427 107.88809652780598 101.68534644051311 106.01599586477035 98.10530775216013 99.78413876037352 102.37674647974207 101.56809510997033
1.0111083228255078 1680.1844632290004 0.0 1.1309799160160958 2074.2425903749618 0.0 t_move_k 100 2927.7858457565308 107.80921556252792 101.68534644051311 106.01599586477035 98.10530775216013 99.78413876037352 102.37674647974207 101.56809510997033
1.0111083228255078 1680.1844632290004 0.0 1.1309799160160958 2074.2425903749618 0.0 swap_t 100 2928.358688354492 107.80921556252792 101.68534644051311 106.01599586477035 98.10530775216013 99.78629737276978 102.37674647974207 101.56809510997033
1.0111083228255078 1680.1844632290004 0.0 1.1309799160160958 2074.2425903749618 0.0 t_multiswap_k 100 2928.8863093852997 107.80921556252792 101.68534644051311 106.01599586477035 98.10530775216013 99.78629737276978 102.37674647974207 101.55241415887063
1.0111083228255078 1680.1844632290004 0.0 1.1309799160160958 2074.2425903749618 0.0 t_swap_r_k 100 2930.680701494217 107.80921556252792 101.68534644051311 106.01599586477035 98.10530775216013 99.78629737276978 102.39297901494464 101.55241415887063
1.0111083228255078 1680.1844632290004 0.0 1.1309799160160958 2074.2425903749618 0.0 t_move_k 100 2931.327329158783 107.73112340690264 101.68534644051311 106.01599586477035 98.10530775216013 99.78629737276978 102.39297901494464 101.55241415887063
1.0111083228255078 1680.1844632290004 0.0 1.1255983198895858 2088.3259295615712 0.0 swap_t 100 2932.0622758865356 107.73112340690264 101.68534644051311 106.01599586477035 98.10530775216013 99.81843439904208 102.39297901494464 101.55241415887063
1.0111083228255078 1680.1844632290004 0.0 1.1213141998843232 2042.4681399398619 0.0 t_move_k 100 2933.14413022995 107.65381217283361 101.68534644051311 106.01599586477035 98.10530775216013 99.81843439904208 102.39297901494464 101.55241415887063
1.0111083228255078 1680.1844632290004 0.0 1.1213141998843232 2042.4681399398619 0.0 f_swap_t 100 2934.068363428116 107.65381217283361 101.68534644051311 106.01599586477035 98.12425467463852 99.81843439904208 102.39297901494464 101.55241415887063
1.0111083228255078 1680.1844632290004 0.0 1.1175773103519344 2030.1837308376719 0.0 t_multiswap_k 100 2934.6765401363373 107.65381217283361 101.68534644051311 106.01599586477035 98.12425467463852 99.81843439904208 102.39297901494464 101.56689001728192
1.0111083228255078 1680.1844632290004 0.0 1.132749699772863 2080.0604631009564 0.0 swap_t 100 2935.6421155929565 107.65381217283361 101.68534644051311 106.01599586477035 98.12425467463852 99.83025005505165 102.39297901494464 101.56689001728192
1.0111083228255078 1680.1844632290004 0.0 1.1207051159503816 2040.465876785637 0.0 t_swap_k 100 2936.5847883224487 107.65381217283361 101.68534644051311 106.01583590612265 98.12425467463852 99.83025005505165 102.39297901494464 101.56689001728192
1.0111083228255078 1680.1844632290004 0.0 1.1207051159503816 2040.465876785637 0.0 t_swap_r_k 100 2937.7613537311554 107.65381217283361 101.68534644051311 106.01583590612265 98.12425467463852 99.83025005505165 102.4090492247952 101.56689001728192
1.0111083228255078 1680.1844632290004 0.0 1.1435118406973785 2115.4392295285684 0.0 t_swap_k 100 2938.890674352646 107.65381217283361 101.68534644051311 106.00567754706142 98.12425467463852 99.83025005505165 102.4090492247952 101.56689001728192
1.0111083228255078 1680.1844632290004 0.0 1.1370796648006585 2094.294510251291 0.0 move_t 100 2939.8356382846832 107.65381217283361 101.67849297610799 106.00567754706142 98.12425467463852 99.83025005505165 102.4090492247952 101.56689001728192
1.0111083228255078 1680.1844632290004 0.0 1.1376322815903335 2096.1111469654 0.0 t_move_k 100 2940.823661804199 107.70727405110527 101.67849297610799 106.00567754706142 98.12425467463852 99.83025005505165 102.4090492247952 101.56689001728192
1.0111083228255078 1680.1844632290004 0.0 1.1742733797601792 2216.5627246667505 0.0 f_swap_t 100 2941.828844308853 107.70727405110527 101.67849297610799 106.00567754706142 98.16301212789213 99.83025005505165 102.4090492247952 101.56689001728192
1.0111083228255078 1680.1844632290004 0.0 1.1479595169908827 2130.060233085125 0.0 f_swap_t 100 2942.6750688552856 107.70727405110527 101.67849297610799 106.00567754706142 98.2113820066132 99.83025005505165 102.4090492247952 101.56689001728192
1.0111083228255078 1680.1844632290004 0.0 1.159382654727802 2167.6119177080523 0.0 t_swap_k 100 2943.5696511268616 107.70727405110527 101.67849297610799 106.1256207715908 98.2113820066132 99.83025005505165 102.4090492247952 101.56689001728192
1.0111083228255078 1680.1844632290004 0.0 1.1445734548325197 2118.929111215385 0.0 f_swap_t 100 2944.5559282302856 107.70727405110527 101.67849297610799 106.1256207715908 98.22926818654707 99.83025005505165 102.4090492247952 101.56689001728192
1.0111083228255078 1680.1844632290004 0.0 1.1362393769901584 2091.532202417919 0.0 t_move_k 100 2945.292231321335 107.75020131059422 101.67849297610799 106.1256207715908 98.22926818654707 99.83025005505165 102.4090492247952 101.56689001728192
1.0111083228255078 1680.1844632290004 0.0 1.1354161015010749 2088.825819790321 0.0 f_swap_t 100 2945.734666109085 107.75020131059422 101.67849297610799 106.1256207715908 98.2869755046816 99.83025005505165 102.4090492247952 101.56689001728192
1.0111083228255078 1680.1844632290004 0.0 1.1328502817832153 2080.3911099003276 0.0 f_swap_t 100 2946.049244403839 107.75020131059422 101.67849297610799 106.1256207715908 98.30410574963479 99.83025005505165 102.4090492247952 101.56689001728192
1.0111083228255078 1680.1844632290004 0.0 1.1328502817832153 2080.3911099003276 0.0 f_swap_t 100 2946.795441865921 107.75020131059422 101.67849297610799 106.1256207715908 98.32106469213844 99.83025005505165 102.4090492247952 101.56689001728192
1.0111083228255078 1680.1844632290004 0.0 1.1328502817832153 2080.3911099003276 0.0 swap_t 100 2947.2470786571503 107.75020131059422 101.67849297610799 106.1256207715908 98.32106469213844 99.83194755450113 102.4090492247952 101.56689001728192
1.0111083228255078 1680.1844632290004 0.0 1.1328452150535688 2080.3744538607934 0.0 move_t 100 2947.9309360980988 107.75020131059422 101.6917080463469 106.1256207715908 98.32106469213844 99.83194755450113 102.4090492247952 101.56689001728192
1.0111083228255078 1680.1844632290004 0.0 1.1345392062479003 2085.943171016147 0.0 f_swap_t 100 2948.7566719055176 107.75020131059422 101.6917080463469 106.1256207715908 98.37785404521705 99.83194755450113 102.4090492247952 101.56689001728192
1.0111083228255078 1680.1844632290004 0.0 1.1328452150535688 2080.3744538607934 0.0 swap_t 100 2949.341451883316 107.75020131059422 101.6917080463469 106.1256207715908 98.37785404521705 99.83362807895611 102.4090492247952 101.56689001728192
1.0111083228255078 1680.1844632290004 0.0 1.1328452150535688 2080.3744538607934 0.0 swap_t 100 2949.97074842453 107.75020131059422 101.6917080463469 106.1256207715908 98.37785404521705 99.83529179816655 102.4090492247952 101.56689001728192
1.0111083228255078 1680.1844632290004 0.0 1.1328452150535688 2080.3744538607934 0.0 t_swap_r_k 100 2951.2960529327393 107.75020131059422 101.6917080463469 106.1256207715908 98.37785404521705 99.83529179816655 102.42495873254724 101.56689001728192
1.0111083228255078 1680.1844632290004 0.0 1.1328452150535688 2080.3744538607934 0.0 swap_t 100 2951.885657787323 107.75020131059422 101.6917080463469 106.1256207715908 98.37785404521705 99.83693888018489 102.42495873254724 101.56689001728192
1.0111083228255078 1680.1844632290004 0.0 1.1328452150535688 2080.3744538607934 0.0 f_swap_t 100 2952.7664771080017 107.75020131059422 101.6917080463469 106.1256207715908 98.39407550476488 99.83693888018489 102.42495873254724 101.56689001728192
1.0111083228255078 1680.1844632290004 0.0 1.161184857843823 2173.5363637401224 0.0 move_t 100 2953.56600856781 107.75020131059422 101.76479096588344 106.1256207715908 98.39407550476488 99.83693888018489 102.42495873254724 101.56689001728192
1.0111083228255078 1680.1844632290004 0.0 1.1420480995119888 2110.6274213696156 0.0 t_swap_r_k 100 2955.4268851280212 107.75020131059422 101.76479096588344 106.1256207715908 98.39407550476488 99.83693888018489 102.44070914522176 101.56689001728192
1.0111083228255078 1680.1844632290004 0.0 1.1349732761323403 2087.3701042966695 0.0 t_move_k 100 2956.232215642929 107.80269929748827 101.76479096588344 106.1256207715908 98.39407550476488 99.83693888018489 102.44070914522176 101.56689001728192
1.0111083228255078 1680.1844632290004 0.0 1.1327590813213724 2080.0913033971183 0.0 f_swap_t 100 2957.061576128006 107.80269929748827 101.76479096588344 106.1256207715908 98.44013474971723 99.83693888018489 102.44070914522176 101.56689001728192
1.0111083228255078 1680.1844632290004 0.0 1.1300136422604161 2071.0661244889366 0.0 t_swap_k 100 2958.609158039093 107.80269929748827 101.76479096588344 106.1343645638749 98.44013474971723 99.83693888018489 102.44070914522176 101.56689001728192
1.0111083228255078 1680.1844632290004 0.0 1.127486367731455 2062.758125561428 0.0 t_move_k 100 2959.6405341625214 107.82467230451338 101.76479096588344 106.1343645638749 98.44013474971723 99.83693888018489 102.44070914522176 101.56689001728192
1.0111083228255078 1680.1844632290004 0.0 1.1263057510645105 2058.8770426436954 0.0 t_move_k 100 2960.788014650345 107.84642558146825 101.76479096588344 106.1343645638749 98.44013474971723 99.83693888018489 102.44070914522176 101.56689001728192
1.0111083228255078 1680.1844632290004 0.0 1.1236002599693669 2049.983186096153 0.0 t_swap_r_k 100 2962.337615251541 107.84642558146825 101.76479096588344 106.1343645638749 98.44013474971723 99.83693888018489 102.45630205376955 101.56689001728192
1.0111083228255078 1680.1844632290004 0.0 1.1476529456534412 2049.812822021696 0.0 swap_t 100 2962.906897544861 107.84642558146825 101.76479096588344 106.1343645638749 98.44013474971723 99.84856949138305 102.45630205376955 101.56689001728192
1.0111083228255078 1680.1844632290004 0.0 1.1344690435515534 2085.712522703381 0.0 t_multiswap_k 100 2963.2932648658752 107.84642558146825 101.76479096588344 106.1343645638749 98.44013474971723 99.84856949138305 102.45630205376955 101.5812211171091
1.0111083228255078 1680.1844632290004 0.0 1.1305124064297571 2072.705729579907 0.0 swap_t 100 2963.847417116165 107.84642558146825 101.76479096588344 106.1343645638749 98.44013474971723 99.85008379646922 102.45630205376955 101.5812211171091
1.0111083228255078 1680.1844632290004 0.0 1.1269822040590738 2061.1007704931785 0.0 move_t 100 2964.840075492859 107.84642558146825 101.7771430562246 106.1343645638749 98.44013474971723 99.85008379646922 102.45630205376955 101.5812211171091
1.0111083228255078 1680.1844632290004 0.0 1.1269822040590736 2061.100770493178 0.0 move_t 100 2965.4957416057587 107.84642558146825 101.75937162566235 106.1343645638749 98.44013474971723 99.85008379646922 102.45630205376955 101.5812211171091
1.0111083228255078 1680.1844632290004 0.0 1.1256953476896547 2056.8704420446957 0.0 t_move_k 100 2966.2554450035095 107.79796132565357 101.75937162566235 106.1343645638749 98.44013474971723 99.85008379646922 102.45630205376955 101.5812211171091
1.0111083228255078 1680.1844632290004 0.0 1.1256953476896547 2056.8704420446957 0.0 move_t 100 2967.4219489097595 107.79796132565357 101.74177790940573 106.1343645638749 98.44013474971723 99.85008379646922 102.45630205376955 101.5812211171091
1.0111083228255078 1680.1844632290004 0.0 1.124776466237263 2126.633214605551 0.0 swap_t 100 2968.1351351737976 107.79796132565357 101.74177790940573 106.1343645638749 98.44013474971723 99.88158295850452 102.45630205376955 101.5812211171091
1.0111083228255078 1680.1844632290004 0.0 1.124776466237263 2126.633214605551 0.0 t_swap_r_k 100 2969.2473793029785 107.79796132565357 101.74177790940573 106.1343645638749 98.44013474971723 99.88158295850452 102.47173903323186 101.5812211171091
1.0111083228255078 1680.1844632290004 0.0 1.124776466237263 2126.633214605551 0.0 move_t 100 2969.9517011642456 107.79796132565357 101.72436013031167 106.1343645638749 98.44013474971723 99.88158295850452 102.47173903323186 101.5812211171091
1.0111083228255078 1680.1844632290004 0.0 1.124776466237263 2126.633214605551 0.0 t_swap_r_k 100 2971.7277970314026 107.79796132565357 101.72436013031167 106.1343645638749 98.44013474971723 99.88158295850452 102.48702164289953 101.5812211171091
1.0111083228255078 1680.1844632290004 0.0 1.124776466237263 2126.633214605551 0.0 t_swap_r_k 100 2973.231279373169 107.79796132565357 101.72436013031167 106.1343645638749 98.44013474971723 99.88158295850452 102.50215142647053 101.5812211171091
1.0111083228255078 1680.1844632290004 0.0 1.1469170257015509 2126.633214605551 0.0 t_swap_r_k 100 2974.5446310043335 107.79796132565357 101.72436013031167 106.1343645638749 98.44013474971723 99.88158295850452 102.51712991220583 101.5812211171091
1.0111083228255078 1680.1844632290004 0.0 1.124776466237263 2053.849770553136 0.0 f_swap_t 100 2975.233991384506 107.79796132565357 101.72436013031167 106.1343645638749 98.45573340222006 99.88158295850452 102.51712991220583 101.5812211171091
1.0111083228255078 1680.1844632290004 0.0 1.1218411945502376 2044.2005481404929 0.0 t_move_k 100 2976.54686999321 107.79998171239704 101.72436013031167 106.1343645638749 98.45573340222006 99.88158295850452 102.51712991220583 101.5812211171091
1.0111083228255078 1680.1844632290004 0.0 1.1218411945502376 2044.2005481404929 0.0 t_swap_r_k 100 2978.24377989769 107.79998171239704 101.72436013031167 106.1343645638749 98.45573340222006 99.88158295850452 102.53195861308377 101.5812211171091
1.0111083228255078 1680.1844632290004 0.0 1.1218411945502376 2044.2005481404929 0.0 f_swap_t 100 2978.7956738471985 107.79998171239704 101.72436013031167 106.1343645638749 98.47117606819786 99.88158295850452 102.53195861308377 101.5812211171091
1.0111083228255078 1680.1844632290004 0.0 1.1218411945502376 2044.200548140493 0.0 t_move_k 100 2979.760588169098 107.80198189527307 101.72436013031167 106.1343645638749 98.47117606819786 99.88158295850452 102.53195861308377 101.5812211171091
1.0111083228255078 1680.1844632290004 0.0 1.1218411945502376 2044.200548140493 0.0 move_t 100 2980.1824502944946 107.80198189527307 101.70711652900854 106.1343645638749 98.47117606819786 99.88158295850452 102.53195861308377 101.5812211171091
1.0111083228255078 1680.1844632290004 0.0 1.1236231436767876 2050.058412516762 0.0 t_swap_k 100 2980.928828716278 107.80198189527307 101.70711652900854 106.08302091823614 98.47117606819786 99.88158295850452 102.53195861308377 101.5812211171091
1.0111083228255078 1680.1844632290004 0.0 1.1475605668647004 2126.424590349136 0.0 swap_t 100 2981.726937532425 107.80198189527307 101.70711652900854 106.08302091823614 98.47117606819786 99.95276712891948 102.53195861308377 101.5812211171091
1.0111083228255078 1680.1844632290004 0.0 1.1329768549829349 2080.807198455596 0.0 t_swap_r_k 100 2983.415496110916 107.80198189527307 101.70711652900854 106.08302091823614 98.47117606819786 99.95276712891948 102.54663902695293 101.5812211171091
1.0111083228255078 1680.1844632290004 0.0 1.1296831106875813 2069.979556361433 0.0 swap_t 100 2983.943149328232 107.80198189527307 101.70711652900854 106.08302091823614 98.47117606819786 99.95323945763027 102.54663902695293 101.5812211171091
1.0111083228255078 1680.1844632290004 0.0 1.1296831106875813 2069.979556361433 0.0 t_swap_k 100 2984.898818254471 107.80198189527307 101.70711652900854 106.02219070905379 98.47117606819786 99.95323945763027 102.54663902695293 101.5812211171091
1.0111083228255078 1680.1844632290004 0.0 1.1330329773583596 2080.991691524906 0.0 f_swap_t 100 2985.5688161849976 107.80198189527307 101.70711652900854 106.02219070905379 98.52646430751588 99.95323945763027 102.54663902695293 101.5812211171091
1.0111083228255078 1680.1844632290004 0.0 1.132137113232662 2078.046685705318 0.0 move_t 100 2986.152826309204 107.80198189527307 101.79004536371846 106.02219070905379 98.52646430751588 99.95323945763027 102.54663902695293 101.5812211171091
1.0111083228255078 1680.1844632290004 0.0 1.128026946253674 2064.535188453237 0.0 t_move_k 100 2987.048391342163 107.75396207632035 101.79004536371846 106.02219070905379 98.52646430751588 99.95323945763027 102.54663902695293 101.5812211171091
1.0111083228255078 1680.1844632290004 0.0 1.1244234742963686 2052.689367663476 0.0 t_swap_k 100 2988.1077234745026 107.75396207632035 101.79004536371846 105.96196880196325 98.52646430751588 99.95323945763027 102.54663902695293 101.5812211171091
1.0111083228255078 1680.1844632290004 0.0 1.1244234742963686 2052.689367663476 0.0 t_multiswap_k 100 2988.5461373329163 107.75396207632035 101.79004536371846 105.96196880196325 98.52646430751588 99.95323945763027 102.54663902695293 101.565408905938
1.0111083228255078 1680.1844632290004 0.0 1.1244234742963686 2052.689367663476 0.0 t_swap_r_k 100 2990.365743637085 107.75396207632035 101.79004536371846 105.96196880196325 98.52646430751588 99.95323945763027 102.56117263668341 101.565408905938
1.0111083228255078 1680.1844632290004 0.0 1.1324625812966613 2079.116608381172 0.0 f_swap_t 100 2991.4228127002716 107.75396207632035 101.79004536371846 105.96196880196325 98.62119966444072 99.95323945763027 102.56117263668341 101.565408905938
1.0111083228255078 1680.1844632290004 0.0 1.1296392706870921 2069.835439577573 0.0 t_multiswap_k 100 2991.9236602783203 107.75396207632035 101.79004536371846 105.96196880196325 98.62119966444072 99.95323945763027 102.56117263668341 101.54975481687862
1.0111083228255078 1680.1844632290004 0.0 1.1260357987297867 2057.989618787812 0.0 t_swap_r_k 100 2993.73339509964 107.75396207632035 101.79004536371846 105.96196880196325 98.62119966444072 99.95323945763027 102.57556091031657 101.54975481687862
1.0111083228255078 1680.1844632290004 0.0 1.1213629139235288 2042.6282793235484 0.0 t_multiswap_k 100 2994.336338996887 107.75396207632035 101.79004536371846 105.96196880196325 98.62119966444072 99.95323945763027 102.57556091031657 101.56425726870984
1.0111083228255078 1680.1844632290004 0.0 1.1178817340568887 2031.184473647875 0.0 move_t 100 2994.934004545212 107.75396207632035 101.77214491008128 105.96196880196325 98.62119966444072 99.95323945763027 102.57556091031657 101.56425726870984
1.0111083228255078 1680.1844632290004 0.0 1.1178817340568887 2031.184473647875 0.0 t_swap_r_k 100 2996.652992963791 107.75396207632035 101.77214491008128 105.96196880196325 98.62119966444072 99.95323945763027 102.5898053012134 101.56425726870984
1.0111083228255078 1680.1844632290004 0.0 1.1175447109386951 2054.297866543423 0.0 swap_t 100 2997.5523970127106 107.75396207632035 101.77214491008128 105.96196880196325 98.62119966444072 99.98370706305397 102.5898053012134 101.56425726870984
1.0111083228255078 1680.1844632290004 0.0 1.1133803224162704 2016.3868239845822 0.0 t_multiswap_k 100 2998.1087889671326 107.75396207632035 101.77214491008128 105.96196880196325 98.62119966444072 99.98370706305397 102.5898053012134 101.57861469602274
1.0111083228255078 1680.1844632290004 0.0 1.1004932156020217 1974.0225820454714 0.0 t_swap_k 100 2999.171959400177 107.75396207632035 101.77214491008128 105.96234911394362 98.62119966444072 99.98370706305397 102.5898053012134 101.57861469602274
1.0111083228255078 1680.1844632290004 0.0 1.0994795905333952 1970.6904565139778 0.0 t_multiswap_k 100 2999.5369341373444 107.75396207632035 101.77214491008128 105.96234911394362 98.62119966444072 99.98370706305397 102.5898053012134 101.56282854906252
1.0111083228255078 1680.1844632290004 0.0 1.0994795905333952 1970.6904565139778 0.0 t_multiswap_k 100 2999.7451276779175 107.75396207632035 101.77214491008128 105.96234911394362 98.62119966444072 99.98370706305397 102.5898053012134 101.5472002635719
1.0111083228255078 1680.1844632290004 0.0 1.0994795905333952 1976.5483208902467 0.0 move_t 100 3000.1397223472595 107.75396207632035 101.76442346098047 105.96234911394362 98.62119966444072 99.98370706305397 102.5898053012134 101.5472002635719
1.0111083228255078 1680.1844632290004 0.0 1.096205360937737 1959.9269657821944 0.0 t_multiswap_k 100 3000.6051032543182 107.75396207632035 101.76442346098047 105.96234911394362 98.62119966444072 99.98370706305397 102.5898053012134 101.59172826093618
1.0111083228255078 1680.1844632290004 0.0 1.0921745676531014 1946.6763964823392 0.0 t_swap_r_k 100 3002.150630712509 107.75396207632035 101.76442346098047 105.96234911394362 98.62119966444072 99.98370706305397 102.60390724820127 101.59172826093618
1.0111083228255078 1680.1844632290004 0.0 1.0921745676531014 1946.6763964823392 0.0 f_swap_t 100 3002.6335027217865 107.75396207632035 101.76442346098047 105.96234911394362 98.63498766779631 99.98370706305397 102.60390724820127 101.59172826093618
1.0111083228255078 1680.1844632290004 0.0 1.0921745676531014 1946.6763964823392 0.0 swap_t 100 3003.601682662964 107.75396207632035 101.76442346098047 105.96234911394362 98.63498766779631 99.98386999242344 102.60390724820127 101.59172826093618
1.0111083228255078 1680.1844632290004 0.0 1.0921745676531014 1946.6763964823392 0.0 t_swap_r_k 100 3005.4917254447937 107.75396207632035 101.76442346098047 105.96234911394362 98.63498766779631 99.98386999242344 102.61786817571925 101.59172826093618
1.0111083228255078 1680.1844632290004 0.0 1.0921745676531014 1946.6763964823392 0.0 move_t 100 3006.091838121414 107.75396207632035 101.74677922637066 105.96234911394362 98.63498766779631 99.98386999242344 102.61786817571925 101.59172826093618
1.0111083228255078 1680.1844632290004 0.0 1.0921745676531014 1946.6763964823392 0.0 t_move_k 100 3006.799011707306 107.67642245555714 101.74677922637066 105.96234911394362 98.63498766779631 99.98386999242344 102.61786817571925 101.59172826093618
1.0111083228255078 1680.1844632290004 0.0 1.0921745676531014 1946.6763964823392 0.0 t_swap_k 100 3008.1222743988037 107.67642245555714 101.74677922637066 105.90272562280418 98.63498766779631 99.98386999242344 102.61786817571925 101.59172826093618
1.0111083228255078 1680.1844632290004 0.0 1.1031732032754298 1982.8326002929 0.0 t_multiswap_k 100 3008.7587411403656 107.67642245555714 101.74677922637066 105.90272562280418 98.63498766779631 99.98386999242344 102.61786817571925 101.64581097832682
1.0111083228255078 1680.1844632290004 0.0 1.0995300116466185 1970.856207622448 0.0 f_swap_t 100 3009.728084087372 107.67642245555714 101.74677922637066 105.90272562280418 98.64863779111835 99.98386999242344 102.61786817571925 101.64581097832682
1.0111083228255078 1680.1844632290004 0.0 1.0995300116466185 1970.856207622448 0.0 f_swap_t 100 3010.418952226639 107.67642245555714 101.74677922637066 105.90272562280418 98.66215141320717 99.98386999242344 102.61786817571925 101.64581097832682
1.0111083228255078 1680.1844632290004 0.0 1.0995300116466185 1970.856207622448 0.0 f_swap_t 100 3011.214855670929 107.67642245555714 101.74677922637066 105.90272562280418 98.6755298990751 99.98386999242344 102.61786817571925 101.64581097832682
1.0111083228255078 1680.1844632290004 0.0 1.0995300116466185 1970.856207622448 0.0 f_swap_t 100 3012.023108959198 107.67642245555714 101.74677922637066 105.90272562280418 98.68877460008434 99.98386999242344 102.61786817571925 101.64581097832682
1.0111083228255078 1680.1844632290004 0.0 1.0918294577315009 1945.5419044334249 0.0 t_move_k 100 3012.9542837142944 107.68965823100157 101.74677922637066 105.90272562280418 98.68877460008434 99.98386999242344 102.61786817571925 101.64581097832682
1.0111083228255078 1680.1844632290004 0.0 1.10862762484325 2000.7631131898336 0.0 t_swap_k 100 3013.8487372398376 107.68965823100157 101.74677922637066 105.86369836657614 98.68877460008434 99.98386999242344 102.61786817571925 101.64581097832682
1.0111083228255078 1680.1844632290004 0.0 1.1120774054235187 2012.103698881089 0.0 move_t 100 3014.493987083435 107.68965823100157 101.73931143410695 105.86369836657614 98.68877460008434 99.98386999242344 102.61786817571925 101.64581097832682
1.0111083228255078 1680.1844632290004 0.0 1.1316408031696192 2076.415148084762 0.0 t_multiswap_k 100 3014.8668389320374 107.68965823100157 101.73931143410695 105.86369836657614 98.68877460008434 99.98386999242344 102.61786817571925 101.69935286854356
1.0111083228255078 1680.1844632290004 0.0 1.1219601285124376 2044.5915239601277 0.0 t_swap_r_k 100 3016.6288599967957 107.68965823100157 101.73931143410695 105.86369836657614 98.68877460008434 99.98386999242344 102.63168949396206 101.69935286854356
1.0111083228255078 1680.1844632290004 0.0 1.1099662168578108 2005.1635140540457 0.0 t_swap_k 100 3017.4149689674377 107.68965823100157 101.73931143410695 105.86506138291038 98.68877460008434 99.98386999242344 102.63168949396206 101.69935286854356
1.0111083228255078 1680.1844632290004 0.0 1.106828271928738 1994.8480367259713 0.0 t_swap_r_k 100 3020.0827281475067 107.68965823100157 101.73931143410695 105.86506138291038 98.68877460008434 99.98386999242344 102.64537259902244 101.69935286854356
1.0111083228255078 1680.1844632290004 0.0 1.1058146468601113 1991.5159111944781 0.0 t_swap_r_k 100 3021.70934009552 107.68965823100157 101.73931143410695 105.86506138291038 98.68877460008434 99.98386999242344 102.6589188730322 101.69935286854356
1.0111083228255078 1680.1844632290004 0.0 1.1468088688823195 2126.277666869095 0.0 t_move_k 100 3022.9006893634796 107.64276164869156 101.73931143410695 105.86506138291038 98.68877460008434 99.98386999242344 102.6589188730322 101.69935286854356
1.0111083228255078 1680.1844632290004 0.0 1.1204107334278195 2039.4981427093833 0.0 move_t 100 3023.862491130829 107.64276164869156 101.79191831976588 105.86506138291038 98.68877460008434 99.98386999242344 102.6589188730322 101.69935286854356
1.0111083228255078 1680.1844632290004 0.0 1.1078388977560265 1998.1703027453575 0.0 t_multiswap_k 100 3024.405733346939 107.64276164869156 101.79191831976588 105.86506138291038 98.68877460008434 99.98386999242344 102.6589188730322 101.74235933985813
1.0111083228255078 1680.1844632290004 0.0 1.104931357301618 1988.6122421943162 0.0 swap_t 100 3025.3190665245056 107.64276164869156 101.79191831976588 105.86506138291038 98.68877460008434 99.9840312924992 102.6589188730322 101.74235933985813
1.0111083228255078 1680.1844632290004 0.0 1.104931357301618 1988.6122421943162 0.0 t_swap_r_k 100 3027.4618113040924 107.64276164869156 101.79191831976588 105.86506138291038 98.68877460008434 99.9840312924992 102.67232968430189 101.74235933985813
1.0111083228255078 1680.1844632290004 0.0 1.104931357301618 1988.6122421943162 0.0 f_swap_t 100 3028.6102862358093 107.64276164869156 101.79191831976588 105.86506138291038 98.7018868540835 99.9840312924992 102.67232968430189 101.74235933985813
1.0111083228255078 1680.1844632290004 0.0 1.096205250650692 1959.9266032316916 0.0 t_swap_k 100 3029.510097026825 107.64276164869156 101.79191831976588 105.83641076908128 98.7018868540835 99.9840312924992 102.67232968430189 101.74235933985813
1.0111083228255078 1680.1844632290004 0.0 1.1114091329090843 2009.9068630132072 0.0 f_swap_t 100 3030.3943514823914 107.64276164869156 101.79191831976588 105.83641076908128 98.72486798554266 99.9840312924992 102.67232968430189 101.74235933985813
1.0111083228255078 1680.1844632290004 0.0 1.1053248061842933 1989.9056406193145 0.0 t_multiswap_k 100 3030.811529159546 107.64276164869156 101.79191831976588 105.83641076908128 98.72486798554266 99.9840312924992 102.67232968430189 101.75493574645955
1.0111083228255078 1680.1844632290004 0.0 1.107031255221611 1995.5153108824456 0.0 f_swap_t 100 3031.897773504257 107.64276164869156 101.79191831976588 105.83641076908128 98.80761930568723 99.9840312924992 102.67232968430189 101.75493574645955
1.0111083228255078 1680.1844632290004 0.0 1.1294277475065386 2069.1400919463426 0.0 move_t 100 3032.5880286693573 107.64276164869156 101.90399913656823 105.83641076908128 98.80761930568723 99.9840312924992 102.67232968430189 101.75493574645955
1.0111083228255078 1680.1844632290004 0.0 1.138728928901069 2099.7161944491772 0.0 t_swap_k 100 3033.762183189392 107.64276164869156 101.90399913656823 105.88804666139048 98.80761930568723 99.9840312924992 102.67232968430189 101.75493574645955
1.0111083228255078 1680.1844632290004 0.0 1.123502338299399 2049.6612847278016 0.0 t_move_k 100 3034.813636779785 107.62633403220464 101.90399913656823 105.88804666139048 98.80761930568723 99.9840312924992 102.67232968430189 101.75493574645955
1.0111083228255078 1680.1844632290004 0.0 1.1355338062050087 2089.212754625789 0.0 move_t 100 3035.604744195938 107.62633403220464 101.95495914520255 105.88804666139048 98.80761930568723 99.9840312924992 102.67232968430189 101.75493574645955
1.0111083228255078 1680.1844632290004 0.0 1.1255042925858254 2056.2423798458644 0.0 f_swap_t 100 3036.6786868572235 107.62633403220464 101.95495914520255 105.88804666139048 98.81954311263036 99.9840312924992 102.67232968430189 101.75493574645955
1.0111083228255078 1680.1844632290004 0.0 1.1373586670861964 2095.2116843305057 0.0 t_move_k 100 3037.7597630023956 107.6400706918826 101.95495914520255 105.88804666139048 98.81954311263036 99.9840312924992 102.67232968430189 101.75493574645955
1.0111083228255078 1680.1844632290004 0.0 1.1515266967018416 2141.786749090119 0.0 t_swap_k 100 3039.061133623123 107.6400706918826 101.95495914520255 105.98916619477657 98.81954311263036 99.9840312924992 102.67232968430189 101.75493574645955
1.0111083228255078 1680.1844632290004 0.0 1.149916102643405 2136.4921862886486 0.0 swap_t 100 3039.7979667186737 107.6400706918826 101.95495914520255 105.98916619477657 98.81954311263036 99.98419097957421 102.67232968430189 101.75493574645955
1.0111083228255078 1680.1844632290004 0.0 1.124408135216368 2052.638942963376 0.0 t_multiswap_k 100 3040.5746097564697 107.6400706918826 101.95495914520255 105.98916619477657 98.81954311263036 99.98419097957421 102.67232968430189 101.82738638899495
1.0111083228255078 1680.1844632290004 0.0 1.1173175466040668 2029.3298002836468 0.0 t_multiswap_k 100 3041.3125429153442 107.6400706918826 101.95495914520255 105.98916619477657 98.81954311263036 99.98419097957421 102.67232968430189 101.849112525105
1.0111083228255078 1680.1844632290004 0.0 1.1193282772339321 2021.061059812871 0.0 move_t 100 3042.4583168029785 107.6400706918826 101.94540955375052 105.98916619477657 98.81954311263036 99.98419097957421 102.67232968430189 101.849112525105
1.0111083228255078 1680.1844632290004 0.0 1.110431064389106 2022.908675008281 0.0 move_t 100 3043.3560874462128 107.6400706918826 101.98595545821301 105.98916619477657 98.81954311263036 99.98419097957421 102.67232968430189 101.849112525105
1.0111083228255078 1680.1844632290004 0.0 1.108849258525876 2001.4916974320504 0.0 swap_t 100 3044.4439327716827 107.6400706918826 101.98595545821301 105.98916619477657 98.81954311263036 100.01434906977846 102.67232968430189 101.849112525105
1.0111083228255078 1680.1844632290004 0.0 1.1173496729592771 2029.4354103871688 0.0 t_swap_k 100 3045.68314409256 107.6400706918826 101.98595545821301 105.97927453282881 98.81954311263036 100.01434906977846 102.67232968430189 101.849112525105
1.0111083228255078 1680.1844632290004 0.0 1.1036344006227985 1984.3487106415787 0.0 t_move_k 100 3046.845656633377 107.68366998496377 101.98595545821301 105.97927453282881 98.81954311263036 100.01434906977846 102.67232968430189 101.849112525105
1.0111083228255078 1680.1844632290004 0.0 1.2183565160216179 2361.4787773489193 0.0 f_swap_t 100 3047.719449043274 107.68366998496377 101.98595545821301 105.97927453282881 98.86134768150406 100.01434906977846 102.67232968430189 101.849112525105
1.0111083228255078 1680.1844632290004 0.0 1.1711985162025247 2206.454616961598 0.0 t_move_k 100 3048.710394382477 107.80683328511414 101.98595545821301 105.97927453282881 98.86134768150406 100.01434906977846 102.67232968430189 101.849112525105
1.0111083228255078 1680.1844632290004 0.0 1.163284656948079 2180.439107587785 0.0 t_swap_r_k 100 3050.300364255905 107.80683328511414 101.98595545821301 105.97927453282881 98.86134768150406 100.01434906977846 102.68560638745886 101.849112525105
1.0111083228255078 1680.1844632290004 0.0 1.163284656948079 2180.439107587785 0.0 t_swap_r_k 100 3052.3069438934326 107.80683328511414 101.98595545821301 105.97927453282881 98.86134768150406 100.01434906977846 102.69875032358428 101.849112525105
1.0111083228255078 1680.1844632290004 0.0 1.1647423900481613 2185.231165155451 0.0 t_swap_k 100 3053.426318883896 107.80683328511414 101.98595545821301 106.09948178750052 98.86134768150406 100.01434906977846 102.69875032358428 101.849112525105
1.0111083228255078 1680.1844632290004 0.0 1.1524718289072755 2144.8937156104225 0.0 t_swap_k 100 3054.4414432048798 107.80683328511414 101.98595545821301 106.03848696962552 98.86134768150406 100.01434906977846 102.69875032358428 101.849112525105
1.0111083228255078 1680.1844632290004 0.0 1.1491221856494016 2133.8823148800907 0.0 t_swap_r_k 100 3056.3822150230408 107.80683328511414 101.98595545821301 106.03848696962552 98.86134768150406 100.01434906977846 102.71176282034844 101.849112525105
1.0111083228255078 1680.1844632290004 0.0 1.1287451601152303 2066.8961982775168 0.0 t_multiswap_k 100 3056.799943447113 107.80683328511414 101.98595545821301 106.03848696962552 98.86134768150406 100.01434906977846 102.71176282034844 101.89062139985396
1.0111083228255078 1680.1844632290004 0.0 1.1170619131499784 2028.4894473904155 0.0 t_move_k 100 3057.955012321472 107.848764952263 101.98595545821301 106.03848696962552 98.86134768150406 100.01434906977846 102.71176282034844 101.89062139985396
1.0111083228255078 1680.1844632290004 0.0 1.111804804132499 2011.2075670175036 0.0 swap_t 100 3058.626946926117 107.848764952263 101.98595545821301 106.03848696962552 98.86134768150406 100.01420557908068 102.71176282034844 101.89062139985396
1.0111083228255078 1680.1844632290004 0.0 1.1098712110436109 2004.8511980814692 0.0 f_swap_t 100 3059.5757024288177 107.848764952263 101.98595545821301 106.03848696962552 98.87273420468901 100.01420557908068 102.71176282034844 101.89062139985396
1.0111083228255078 1680.1844632290004 0.0 1.1220391207942642 2044.8511980814692 0.0 t_swap_k 100 3060.6279871463776 107.848764952263 101.98595545821301 106.02810209992927 98.87273420468901 100.01420557908068 102.71176282034844 101.89062139985396
1.0111083228255078 1680.1844632290004 0.0 1.118072388155957 2031.8112176095756 0.0 move_t 100 3061.2969665527344 107.848764952263 101.99609590363089 106.02810209992927 98.87273420468901 100.01420557908068 102.71176282034844 101.89062139985396
1.0111083228255078 1680.1844632290004 0.0 1.107157712523484 1995.9310184426245 0.0 t_swap_k 100 3062.590663909912 107.848764952263 101.99609590363089 105.99782107892997 98.87273420468901 100.01420557908068 102.71176282034844 101.89062139985396
1.0111083228255078 1680.1844632290004 0.0 1.1020355422566057 1979.092726996213 0.0 t_swap_r_k 100 3063.81574511528 107.848764952263 101.99609590363089 105.99782107892997 98.87273420468901 100.01420557908068 102.72464519214496 101.89062139985396
1.0111083228255078 1680.1844632290004 0.0 1.1001019491677175 1972.7363580601786 0.0 f_swap_t 100 3064.9950993061066 107.848764952263 101.99609590363089 105.99782107892997 98.88400686264212 100.01420557908068 102.72464519214496 101.89062139985396
1.0111083228255078 1680.1844632290004 0.0 1.0998293392376781 1971.8401977972385 0.0 t_multiswap_k 100 3065.490092754364 107.848764952263 101.99609590363089 105.99782107892997 98.88400686264212 100.01420557908068 102.72464519214496 101.90171518585542
1.0111083228255078 1680.1844632290004 0.0 1.0946727135964038 1954.8886399801786 0.0 f_swap_t 100 3066.418221473694 107.848764952263 101.99609590363089 105.99782107892997 98.89516679401571 100.01420557908068 102.72464519214496 101.90171518585542
1.0111083228255078 1680.1844632290004 0.0 1.0898286240905795 1944.594371325953 0.0 move_t 100 3067.1183276176453 107.848764952263 102.03613494459458 105.99782107892997 98.89516679401571 100.01420557908068 102.72464519214496 101.90171518585542
1.0111083228255078 1680.1844632290004 0.0 1.0898286240905795 1944.594371325953 0.0 t_swap_r_k 100 3069.07687997818 107.848764952263 102.03613494459458 105.99782107892997 98.89516679401571 100.01420557908068 102.73739874022351 101.90171518585542
1.0111083228255078 1680.1844632290004 0.0 1.0898286240905795 1944.594371325953 0.0 swap_t 100 3069.7910075187683 107.848764952263 102.03613494459458 105.99782107892997 98.89516679401571 100.01406352328988 102.73739874022351 101.90171518585542
1.0111083228255078 1680.1844632290004 0.0 1.1370732980323945 2094.2735805488383 0.0 f_swap_t 100 3070.7633695602417 107.848764952263 102.03613494459458 105.99782107892997 98.97621512607554 100.01406352328988 102.73739874022351 101.90171518585542
1.0111083228255078 1680.1844632290004 0.0 1.1207065813155963 2040.4706939325251 0.0 swap_t 100 3071.7122514247894 107.848764952263 102.03613494459458 105.99782107892997 98.97621512607554 100.01392288805698 102.73739874022351 101.90171518585542
1.0111083228255078 1680.1844632290004 0.0 1.133263369700868 2081.749068419474 0.0 t_swap_k 100 3073.2123687267303 107.848764952263 102.03613494459458 106.00784286814067 98.97621512607554 100.01392288805698 102.73739874022351 101.90171518585542
1.0111083228255078 1680.1844632290004 0.0 1.126936611332304 2060.9508919102373 0.0 swap_t 100 3073.965723514557 107.848764952263 102.03613494459458 106.00784286814067 98.97621512607554 100.01378365917641 102.73739874022351 101.90171518585542
1.0111083228255078 1680.1844632290004 0.0 1.126936611332304 2060.9508919102373 0.0 swap_t 100 3074.692066192627 107.848764952263 102.03613494459458 106.00784286814067 98.97621512607554 100.01364582258465 102.73739874022351 101.90171518585542
1.0111083228255078 1680.1844632290004 0.0 1.126936611332304 2060.9508919102373 0.0 f_swap_t 100 3076.140789747238 107.848764952263 102.03613494459458 106.00784286814067 98.9864529748148 100.01364582258465 102.73739874022351 101.90171518585542
1.0111083228255078 1680.1844632290004 0.0 1.126936611332304 2060.9508919102373 0.0 t_swap_r_k 100 3078.083786010742 107.848764952263 102.03613494459458 106.00784286814067 98.9864529748148 100.01364582258465 102.75002475282128 101.90171518585542
1.0111083228255078 1680.1844632290004 0.0 1.1131864094104822 2015.7493669035816 0.0 t_multiswap_k 100 3078.9546406269073 107.848764952263 102.03613494459458 106.00784286814067 98.9864529748148 100.01364582258465 102.75002475282128 101.98269803399687
1.0111083228255078 1680.1844632290004 0.0 1.12296858650793 2047.9066635893919 0.0 t_move_k 100 3080.13582444191 107.84027730274036 102.03613494459458 106.00784286814067 98.9864529748148 100.01364582258465 102.75002475282128 101.98269803399687
1.0111083228255078 1680.1844632290004 0.0 1.1088059502422414 2001.3493285798081 0.0 t_move_k 100 3081.3235335350037 107.85187452971296 102.03613494459458 106.00784286814067 98.9864529748148 100.01364582258465 102.75002475282128 101.98269803399687
1.0111083228255078 1680.1844632290004 0.0 1.105656895204476 1990.9973285985584 0.0 f_swap_t 100 3082.3688843250275 107.85187452971296 102.03613494459458 106.00784286814067 98.99658844506665 100.01364582258465 102.75002475282128 101.98269803399687
1.0111083228255078 1680.1844632290004 0.0 1.105656895204476 1990.9973285985584 0.0 t_swap_r_k 100 3084.441967487335 107.85187452971296 102.03613494459458 106.00784286814067 98.99658844506665 100.01364582258465 102.76252450529306 101.98269803399687
1.0111083228255078 1680.1844632290004 0.0 1.1154078998029353 2020.700169285983 0.0 move_t 100 3085.1555352211 107.85187452971296 102.09577359514863 106.00784286814067 98.99658844506665 100.01364582258465 102.76252450529306 101.98269803399687
1.0111083228255078 1680.1844632290004 0.0 1.106923741687773 1995.1618778408101 0.0 f_swap_t 100 3085.8928632736206 107.85187452971296 102.09577359514863 106.00784286814067 99.00662256061598 100.01364582258465 102.76252450529306 101.98269803399687
1.0111083228255078 1680.1844632290004 0.0 1.1067487990942069 1994.5867828667315 0.0 t_swap_k 100 3086.823387145996 107.85187452971296 102.09577359514863 105.94776443945926 99.00662256061598 100.01364582258465 102.76252450529306 101.98269803399687
1.0111083228255078 1680.1844632290004 0.0 1.1067487990942069 1994.5867828667315 0.0 f_swap_t 100 3087.5538861751556 107.85187452971296 102.09577359514863 105.94776443945926 99.01655633500982 100.01364582258465 102.76252450529306 101.98269803399687
1.0111083228255078 1680.1844632290004 0.0 1.1049951567682124 1988.8219724369033 0.0 t_move_k 100 3088.129173517227 107.83335578441583 102.09577359514863 105.94776443945926 99.01655633500982 100.01364582258465 102.76252450529306 101.98269803399687
1.0111083228255078 1680.1844632290004 0.0 1.102825644025844 1981.6900564814873 0.0 move_t 100 3088.8975801467896 107.83335578441583 102.10481585919715 105.94776443945926 99.01655633500982 100.01364582258465 102.76252450529306 101.98269803399687
1.0111083228255078 1680.1844632290004 0.0 1.1025265476544024 2022.4572633924722 0.0 move_t 100 3089.9320828914642 107.83335578441583 102.12376770060517 105.94776443945926 99.01655633500982 100.01364582258465 102.76252450529306 101.98269803399687
1.0111083228255078 1680.1844632290004 0.0 1.1023828933050501 1980.234586380651 0.0 swap_t 100 3090.688110589981 107.83335578441583 102.12376770060517 105.94776443945926 99.01655633500982 100.0135093643588 102.76252450529306 101.98269803399687
1.0111083228255078 1680.1844632290004 0.0 1.0811852625469376 1910.5508652075073 0.0 f_swap_t 100 3091.2339799404144 107.83335578441583 102.12376770060517 105.94776443945926 99.11639077165972 100.0135093643588 102.76252450529306 101.98269803399687
1.0111083228255078 1680.1844632290004 0.0 1.103776767520723 1984.816718379446 0.0 t_swap_k 100 3092.130150794983 107.83335578441583 102.12376770060517 105.99828679506467 99.11639077165972 100.0135093643588 102.76252450529306 101.98269803399687
1.0111083228255078 1680.1844632290004 0.0 1.1194258441250065 2036.2604812769912 0.0 t_multiswap_k 100 3092.7708945274353 107.83335578441583 102.12376770060517 105.99828679506467 99.11639077165972 100.0135093643588 102.76252450529306 101.9728710536569
1.0111083228255078 1680.1844632290004 0.0 1.1126832948509096 2014.0954606209666 0.0 swap_t 100 3093.667407989502 107.83335578441583 102.12376770060517 105.99828679506467 99.11639077165972 100.0133742707152 102.76252450529306 101.9728710536569
1.0111083228255078 1680.1844632290004 0.0 1.1658606496917936 2188.9072596254055 0.0 f_swap_t 100 3094.4181365966797 107.83335578441583 102.12376770060517 105.99828679506467 99.13522686394313 100.0133742707152 102.76252450529306 101.9728710536569
1.0111083228255078 1680.1844632290004 0.0 1.1573469963362422 2160.9200258933533 0.0 swap_t 100 3094.9974267482758 107.83335578441583 102.12376770060517 105.99828679506467 99.13522686394313 100.01324052800805 102.76252450529306 101.9728710536569
1.0111083228255078 1680.1844632290004 0.0 1.1314393111026437 2075.7527760879134 0.0 t_swap_k 100 3096.215562582016 107.83335578441583 102.12376770060517 106.02830392711402 99.13522686394313 100.01324052800805 102.76252450529306 101.9728710536569
1.0111083228255078 1680.1844632290004 0.0 1.1249008341000146 2054.2586094262056 0.0 t_move_k 100 3097.598388671875 107.88502222657166 102.12376770060517 106.02830392711402 99.13522686394313 100.01324052800805 102.76252450529306 101.9728710536569
1.0111083228255078 1680.1844632290004 0.0 1.1216211924000932 2043.4773272926968 0.0 t_swap_k 100 3098.708640575409 107.88502222657166 102.12376770060517 106.00802088784289 99.13522686394313 100.01324052800805 102.76252450529306 101.9728710536569
1.0111083228255078 1680.1844632290004 0.0 1.122690196493349 2046.9915022501445 0.0 t_swap_k 100 3099.878688812256 107.88502222657166 102.12376770060517 105.95794067896446 99.13522686394313 100.01324052800805 102.76252450529306 101.9728710536569
1.0111083228255078 1680.1844632290004 0.0 1.1126128981461476 2013.8640430440628 0.0 t_multiswap_k 100 3100.521589040756 107.88502222657166 102.12376770060517 105.95794067896446 99.13522686394313 100.01324052800805 102.76252450529306 102.04314234312034
1.0111083228255078 1680.1844632290004 0.0 1.1071531219283086 1995.9159276167743 0.0 move_t 100 3101.362550497055 107.88502222657166 102.13253002359912 105.95794067896446 99.13522686394313 100.01324052800805 102.76252450529306 102.04314234312034
1.0111083228255078 1680.1844632290004 0.0 1.1058942458463215 1991.7775797565932 0.0 swap_t 100 3101.863126039505 107.88502222657166 102.13253002359912 105.95794067896446 99.13522686394313 100.01310812272797 102.76252450529306 102.04314234312034
1.0111083228255078 1680.1844632290004 0.0 1.1027901014568577 1981.5732161376172 0.0 move_t 100 3102.6690142154694 107.88502222657166 102.17120472336313 105.95794067896446 99.13522686394313 100.01310812272797 102.76252450529306 102.04314234312034
1.0111083228255078 1680.1844632290004 0.0 1.113700946457345 1995.3728781824161 0.0 move_t 100 3103.555910587311 107.88502222657166 102.1594926761295 105.95794067896446 99.13522686394313 100.01310812272797 102.76252450529306 102.04314234312034
1.0111083228255078 1680.1844632290004 0.0 1.0977206145029115 1964.9081124087731 0.0 t_move_k 100 3104.791217327118 107.87617200430594 102.1594926761295 105.95794067896446 99.13522686394313 100.01310812272797 102.76252450529306 102.04314234312034
1.0111083228255078 1680.1844632290004 0.0 1.1009633374892491 1975.5680303496126 0.0 t_swap_k 100 3106.1359219551086 107.87617200430594 102.1594926761295 105.99836127217482 99.13522686394313 100.01310812272797 102.76252450529306 102.04314234312034
1.0111083228255078 1680.1844632290004 0.0 1.1009633374892491 1975.5680303496126 0.0 t_swap_r_k 100 3108.217575073242 107.87617200430594 102.1594926761295 105.99836127217482 99.13522686394313 100.01310812272797 102.77489926024013 102.04314234312034
1.0111083228255078 1680.1844632290004 0.0 1.0963725448621116 1960.4765554086816 0.0 t_move_k 100 3109.2676577568054 107.88741028426288 102.1594926761295 105.99836127217482 99.13522686394313 100.01310812272797 102.77489926024013 102.04314234312034
1.0111083228255078 1680.1844632290004 0.0 1.0910665762417993 1943.034057135624 0.0 swap_t 100 3109.974017381668 107.88741028426288 102.1594926761295 105.99836127217482 99.13522686394313 100.01297704150069 102.77489926024013 102.04314234312034
1.0111083228255078 1680.1844632290004 0.0 1.0910665762417993 1943.034057135624 0.0 move_t 100 3110.8938884735107 107.88741028426288 102.13789774936821 105.99836127217482 99.13522686394313 100.01297704150069 102.77489926024013 102.04314234312034
1.0111083228255078 1680.1844632290004 0.0 1.0910665762417993 1943.034057135624 0.0 move_t 100 3111.9522573947906 107.88741028426288 102.11651877187452 105.99836127217482 99.13522686394313 100.01297704150069 102.77489926024013 102.04314234312034
1.0111083228255078 1680.1844632290004 0.0 1.0785997253217707 1902.0513372585 0.0 t_move_k 100 3112.9770143032074 107.89853618142025 102.11651877187452 105.99836127217482 99.13522686394313 100.01297704150069 102.77489926024013 102.04314234312034
1.0111083228255078 1680.1844632290004 0.0 1.0760798820595254 1893.7677673968483 0.0 t_swap_r_k 100 3114.8649241924286 107.89853618142025 102.11651877187452 105.99836127217482 99.13522686394313 100.01297704150069 102.78715026763773 102.04314234312034
1.0111083228255078 1680.1844632290004 0.0 1.0760798820595254 1893.7677673968483 0.0 move_t 100 3115.8033649921417 107.89853618142025 102.09535358415577 105.99836127217482 99.13522686394313 100.01297704150069 102.78715026763773 102.04314234312034
1.0111083228255078 1680.1844632290004 0.0 1.0760437360503947 1893.6489433428524 0.0 t_move_k 100 3116.9600574970245 107.84955081960605 102.09535358415577 105.99836127217482 99.13522686394313 100.01297704150069 102.78715026763773 102.04314234312034
1.0111083228255078 1680.1844632290004 0.0 1.0789015626103438 1903.0435776506743 0.0 f_swap_t 100 3117.639189004898 107.84955081960605 102.09535358415577 105.99836127217482 99.2238745953037 100.01297704150069 102.78715026763773 102.04314234312034
1.0111083228255078 1680.1844632290004 0.0 1.0760437360503947 1893.6489433428524 0.0 swap_t 100 3118.50283908844 107.84955081960605 102.09535358415577 105.99836127217482 99.2238745953037 100.01284727108569 102.78715026763773 102.04314234312034
1.0111083228255078 1680.1844632290004 0.0 1.0760437360503947 1893.6489433428524 0.0 t_multiswap_k 100 3118.8551635742188 107.84955081960605 102.09535358415577 105.99836127217482 99.2238745953037 100.01284727108569 102.78715026763773 102.02271091968913
1.0111083228255078 1680.1844632290004 0.0 1.0760437360503947 1893.6489433428524 0.0 f_swap_t 100 3119.6242549419403 107.84955081960605 102.09535358415577 105.99836127217482 99.23163584935067 100.01284727108569 102.78715026763773 102.02271091968913
1.0111083228255078 1680.1844632290004 0.0 1.0933184778439171 1950.4368129030945 0.0 move_t 100 3120.503905773163 107.84955081960605 102.08440004831422 105.99836127217482 99.23163584935067 100.01284727108569 102.78715026763773 102.02271091968913
1.0111083228255078 1680.1844632290004 0.0 1.0771625153455038 1897.3267460814832 0.0 t_move_k 100 3121.3987493515015 107.89105531140999 102.08440004831422 105.99836127217482 99.23163584935067 100.01284727108569 102.78715026763773 102.02271091968913
1.0111083228255078 1680.1844632290004 0.0 1.0740821142685542 1887.200434693336 0.0 t_swap_r_k 100 3123.9166338443756 107.89105531140999 102.08440004831422 105.99836127217482 99.23163584935067 100.01284727108569 102.79927876496134 102.02271091968913
1.0111083228255078 1680.1844632290004 0.0 1.0767457931107547 1895.95684034323 0.0 move_t 100 3124.725933790207 107.89105531140999 102.10355604783108 105.99836127217482 99.23163584935067 100.01284727108569 102.79927876496134 102.02271091968913
1.0111083228255078 1680.1844632290004 0.0 1.0866560054170697 1928.5350316986778 0.0 t_move_k 100 3125.9246430397034 107.85214475829588 102.10355604783108 105.99836127217482 99.23163584935067 100.01284727108569 102.79927876496134 102.02271091968913
1.0111083228255078 1680.1844632290004 0.0 1.0711564152663038 1877.58268090586 0.0 t_move_k 100 3126.832584619522 107.80362331071292 102.10355604783108 105.99836127217482 99.23163584935067 100.01284727108569 102.79927876496134 102.02271091968913
1.0111083228255078 1680.1844632290004 0.0 1.073555402859156 1885.4689576518674 0.0 t_swap_k 100 3127.9360723495483 107.80362331071292 102.10355604783108 105.94837765945307 99.23163584935067 100.01284727108569 102.79927876496134 102.02271091968913
1.0111083228255078 1680.1844632290004 0.0 1.0690234713311182 1870.570978883428 0.0 t_swap_r_k 100 3129.8613002300262 107.80362331071292 102.10355604783108 105.94837765945307 99.23163584935067 100.01284727108569 102.81128597731173 102.02271091968913
1.0111083228255078 1680.1844632290004 0.0 1.066951620381493 1863.7601099927745 0.0 t_swap_r_k 100 3131.9177796840668 107.80362331071292 102.10355604783108 105.94837765945307 99.23163584935067 100.01284727108569 102.82317311753862 102.02271091968913
1.0111083228255078 1680.1844632290004 0.0 1.066951620381493 1863.7601099927745 0.0 swap_t 100 3132.6874005794525 107.80362331071292 102.10355604783108 105.94837765945307 99.23163584935067 100.01271879837483 102.82317311753862 102.02271091968913
1.0111083228255078 1680.1844632290004 0.0 1.066951620381493 1863.7601099927745 0.0 move_t 100 3133.351085662842 107.80362331071292 102.08252048735277 105.94837765945307 99.23163584935067 100.01271879837483 102.82317311753862 102.02271091968913
1.0111083228255078 1680.1844632290004 0.0 1.066951620381493 1863.7601099927745 0.0 t_swap_r_k 100 3134.7173478603363 107.80362331071292 102.08252048735277 105.94837765945307 99.23163584935067 100.01271879837483 102.83494138636323 102.02271091968913
1.0111083228255078 1680.1844632290004 0.0 1.066951620381493 1863.7601099927745 0.0 t_swap_k 100 3136.216630458832 107.80362331071292 102.08252048735277 105.88889388285854 99.23163584935067 100.01271879837483 102.83494138636323 102.02271091968913
1.0111083228255078 1680.1844632290004 0.0 1.066951620381493 1863.7601099927745 0.0 swap_t 100 3136.9315180778503 107.80362331071292 102.08252048735277 105.88889388285854 99.23163584935067 100.01259161039108 102.83494138636323 102.02271091968913
1.0111083228255078 1680.1844632290004 0.0 1.066951620381493 1863.7601099927745 0.0 t_swap_r_k 100 3138.8109345436096 107.80362331071292 102.08252048735277 105.88889388285854 99.23163584935067 100.01259161039108 102.8465919724996 102.02271091968913
1.0111083228255078 1680.1844632290004 0.0 1.066951620381493 1863.7601099927745 0.0 swap_t 100 3139.798530817032 107.80362331071292 102.08252048735277 105.88889388285854 99.23163584935067 100.01246569428717 102.8465919724996 102.02271091968913
1.0111083228255078 1680.1844632290004 0.0 1.0590027230146553 1837.6294185930915 0.0 t_move_k 100 3140.671196937561 107.7555870776058 102.08252048735277 105.88889388285854 99.23163584935067 100.01246569428717 102.8465919724996 102.02271091968913
1.0111083228255078 1680.1844632290004 0.0 1.0817086419914266 1912.2713889629072 0.0 t_swap_k 100 3141.72771191597 107.7555870776058 102.08252048735277 105.86000494402995 99.23163584935067 100.01246569428717 102.8465919724996 102.02271091968913
1.0111083228255078 1680.1844632290004 0.0 1.092206604465411 1946.781712228317 0.0 f_swap_t 100 3142.783655643463 107.7555870776058 102.08252048735277 105.86000494402995 99.27931949085716 100.01246569428717 102.8465919724996 102.02271091968913
1.0111083228255078 1680.1844632290004 0.0 1.079902959496298 1906.3355050448613 0.0 t_swap_r_k 100 3144.5799708366394 107.7555870776058 102.08252048735277 105.86000494402995 99.27931949085716 100.01246569428717 102.8581260527746 102.02271091968913
1.0111083228255078 1680.1844632290004 0.0 1.0959528549908275 1959.096894053907 0.0 t_multiswap_k 100 3145.0513479709625 107.7555870776058 102.08252048735277 105.86000494402995 99.27931949085716 100.01246569428717 102.8581260527746 102.07248381049224
1.0111083228255078 1680.1844632290004 0.0 1.0716751530240898 1879.2879458804236 0.0 t_move_k 100 3145.9619328975677 107.83803120682974 102.08252048735277 105.86000494402995 99.27931949085716 100.01246569428717 102.8581260527746 102.07248381049224
1.0111083228255078 1680.1844632290004 0.0 1.0630265425454613 1850.8570628253806 0.0 t_swap_k 100 3147.2743632793427 107.83803120682974 102.08252048735277 105.80140489458965 99.27931949085716 100.01246569428717 102.8581260527746 102.07248381049224
1.0111083228255078 1680.1844632290004 0.0 1.0630265425454613 1850.8570628253806 0.0 t_multiswap_k 100 3147.5472753047943 107.83803120682974 102.08252048735277 105.80140489458965 99.27931949085716 100.01246569428717 102.8581260527746 102.05175897238732
1.0111083228255078 1680.1844632290004 0.0 1.0628368478753683 1850.2334728284777 0.0 t_swap_k 100 3148.7329199314117 107.83803120682974 102.08252048735277 105.77339084564376 99.27931949085716 100.01246569428717 102.8581260527746 102.05175897238732
1.0111083228255078 1680.1844632290004 0.0 1.0973122602108658 1863.8274452997878 0.0 swap_t 100 3149.334064245224 107.83803120682974 102.08252048735277 105.77339084564376 99.27931949085716 100.0223410373443 102.8581260527746 102.05175897238732
1.0111083228255078 1680.1844632290004 0.0 1.087978300632784 1932.8818595197608 0.0 t_swap_r_k 100 3151.125250339508 107.83803120682974 102.08252048735277 105.77339084564376 99.27931949085716 100.0223410373443 102.86954479224684 102.05175897238732
1.0111083228255078 1680.1844632290004 0.0 1.0705420080275334 1875.5629182634314 0.0 t_move_k 100 3151.9667704105377 107.81965089476144 102.08252048735277 105.77339084564376 99.27931949085716 100.0223410373443 102.86954479224684 102.05175897238732
1.0111083228255078 1680.1844632290004 0.0 1.0705420080275334 1875.5629182634314 0.0 t_move_k 100 3153.144185781479 107.74145438581382 102.08252048735277 105.77339084564376 99.27931949085716 100.0223410373443 102.86954479224684 102.05175897238732
1.0111083228255078 1680.1844632290004 0.0 1.080382042754421 1907.9104123804357 0.0 swap_t 100 3153.7964651584625 107.74145438581382 102.08252048735277 105.77339084564376 99.27931949085716 100.03211762697086 102.86954479224684 102.05175897238732
1.0111083228255078 1680.1844632290004 0.0 1.0724455102978452 1881.8203685875003 0.0 t_multiswap_k 100 3154.4445786476135 107.74145438581382 102.08252048735277 105.77339084564376 99.27931949085716 100.03211762697086 102.86954479224684 102.03124138266344
1.0111083228255078 1680.1844632290004 0.0 1.0713930071961324 1878.360437923053 0.0 t_move_k 100 3155.58513712883 107.66403984195568 102.08252048735277 105.77339084564376 99.27931949085716 100.03211762697086 102.86954479224684 102.03124138266344
1.0111083228255078 1680.1844632290004 0.0 1.0959010087437404 1958.926458052491 0.0 t_swap_k 100 3157.091690301895 107.66403984195568 102.08252048735277 105.76565693718732 99.27931949085716 100.03211762697086 102.86954479224684 102.03124138266344
1.0111083228255078 1680.1844632290004 0.0 1.1419317991202367 2110.2451029792423 0.0 move_t 100 3157.885092973709 107.66403984195568 102.18169528247924 105.76565693718732 99.27931949085716 100.03211762697086 102.86954479224684 102.03124138266344
1.0111083228255078 1680.1844632290004 0.0 1.1158502175389908 2024.5061975609287 0.0 swap_t 100 3158.6601090431213 107.66403984195568 102.18169528247924 105.76565693718732 99.27931949085716 100.03179645070115 102.86954479224684 102.03124138266344
1.0111083228255078 1680.1844632290004 0.0 1.1388924733934358 2100.2538200421286 0.0 t_swap_k 100 3159.395519733429 107.66403984195568 102.18169528247924 105.91800036781544 99.27931949085716 100.03179645070115 102.86954479224684 102.03124138266344
1.0111083228255078 1680.1844632290004 0.0 1.1336332044438948 2082.9648392481727 0.0 t_swap_k 100 3160.3663713932037 107.66403984195568 102.18169528247924 105.85882036413729 99.27931949085716 100.03179645070115 102.86954479224684 102.03124138266344
1.0111083228255078 1680.1844632290004 0.0 1.1336332044438948 2082.9648392481727 0.0 t_swap_r_k 100 3162.1144409179688 107.66403984195568 102.18169528247924 105.85882036413729 99.27931949085716 100.03179645070115 102.88084934432437 102.03124138266344
1.0111083228255078 1680.1844632290004 0.0 1.1402534338270416 2104.7277534012505 0.0 f_swap_t 100 3163.2402799129486 107.66403984195568 102.18169528247924 105.85882036413729 99.3265262959486 100.03179645070115 102.88084934432437 102.03124138266344
1.0111083228255078 1680.1844632290004 0.0 1.129713550947621 2070.079623704678 0.0 t_move_k 100 3164.253538608551 107.61739944353613 102.18169528247924 105.85882036413729 99.3265262959486 100.03179645070115 102.88084934432437 102.03124138266344
1.0111083228255078 1680.1844632290004 0.0 1.1537533029535418 2149.1063505576785 0.0 t_swap_k 100 3165.2051084041595 107.61739944353613 102.18169528247924 105.97023216049591 99.3265262959486 100.03179645070115 102.88084934432437 102.03124138266344
1.0111083228255078 1680.1844632290004 0.0 1.1542873940279703 2150.8620870329587 0.0 f_swap_t 100 3166.419293165207 107.61739944353613 102.18169528247924 105.97023216049591 99.4532610329891 100.03179645070115 102.88084934432437 102.03124138266344
1.0111083228255078 1680.1844632290004 0.0 1.1666752589589278 2218.977825984477 0.0 swap_t 100 3167.364246368408 107.61739944353613 102.18169528247924 105.97023216049591 99.4532610329891 100.11147848619414 102.88084934432437 102.03124138266344
1.0111083228255078 1680.1844632290004 0.0 1.145530769580089 2122.076125837244 0.0 t_move_k 100 3168.193861722946 107.85122544910077 102.18169528247924 105.97023216049591 99.4532610329891 100.11147848619414 102.88084934432437 102.03124138266344
1.0111083228255078 1680.1844632290004 0.0 1.1354869205276055 2089.0586256805086 0.0 t_multiswap_k 100 3168.6004807949066 107.85122544910077 102.18169528247924 105.97023216049591 99.4532610329891 100.11147848619414 102.88084934432437 102.0809289688368
1.0111083228255078 1680.1844632290004 0.0 1.1068441750235953 1994.9003155320556 0.0 t_swap_r_k 100 3170.5071787834167 107.85122544910077 102.18169528247924 105.97023216049591 99.4532610329891 100.11147848619414 102.89204085088113 102.0809289688368
1.0111083228255078 1680.1844632290004 0.0 1.143078736781522 2068.7488960883256 0.0 swap_t 100 3171.2858905792236 107.85122544910077 102.18169528247924 105.97023216049591 99.4532610329891 100.12036370133221 102.89204085088113 102.0809289688368
1.0111083228255078 1680.1844632290004 0.0 1.1239995258841815 2051.2957070566026 0.0 t_move_k 100 3172.2505271434784 107.86271319460975 102.18169528247924 105.97023216049591 99.4532610329891 100.12036370133221 102.89204085088113 102.0809289688368
1.0111083228255078 1680.1844632290004 0.0 1.109824860555877 2004.6988284841143 0.0 t_multiswap_k 100 3172.6119198799133 107.86271319460975 102.18169528247924 105.97023216049591 99.4532610329891 100.12036370133221 102.89204085088113 102.09011967914843
1.0111083228255078 1680.1844632290004 0.0 1.0980334141789285 1965.9363898448387 0.0 t_swap_r_k 100 3174.2676706314087 107.86271319460975 102.18169528247924 105.97023216049591 99.4532610329891 100.12036370133221 102.90312044237231 102.09011967914843
1.0111083228255078 1680.1844632290004 0.0 1.0980334141789285 1965.9363898448387 0.0 t_swap_r_k 100 3176.5397119522095 107.86271319460975 102.18169528247924 105.97023216049591 99.4532610329891 100.12036370133221 102.91408923794859 102.09011967914843
1.0111083228255078 1680.1844632290004 0.0 1.0917691224518746 1947.1658892068776 0.0 swap_t 100 3177.443713903427 107.86271319460975 102.18169528247924 105.97023216049591 99.4532610329891 100.14916006431889 102.91408923794859 102.09011967914843
1.0111083228255078 1680.1844632290004 0.0 1.070067594462941 1874.003361776527 0.0 t_swap_k 100 3178.6126334667206 107.86271319460975 102.18169528247924 106.00052983889096 99.4532610329891 100.14916006431889 102.91408923794859 102.09011967914843
1.0111083228255078 1680.1844632290004 0.0 1.0829697112894183 1916.4169466596154 0.0 t_move_k 100 3179.826022386551 107.82408606266365 102.18169528247924 106.00052983889096 99.4532610329891 100.14916006431889 102.91408923794859 102.09011967914843
1.0111083228255078 1680.1844632290004 0.0 1.0752291178521438 1890.9710201335452 0.0 t_multiswap_k 100 3180.325539588928 107.82408606266365 102.18169528247924 106.00052983889096 99.4532610329891 100.14916006431889 102.91408923794859 102.09921848235695
1.0111083228255078 1680.1844632290004 0.0 1.0917090119657171 1945.1459588084101 0.0 t_move_k 100 3181.5409512519836 107.78584520203702 102.18169528247924 106.00052983889096 99.4532610329891 100.14916006431889 102.91408923794859 102.09921848235695
1.0111083228255078 1680.1844632290004 0.0 1.085849468859653 1925.883675553064 0.0 swap_t 100 3182.376479625702 107.78584520203702 102.18169528247924 106.00052983889096 99.4532610329891 100.1476684636757 102.91408923794859 102.09921848235695
1.0111083228255078 1680.1844632290004 0.0 1.095977639429687 1959.1783688161865 0.0 f_swap_t 100 3183.5071659088135 107.78584520203702 102.18169528247924 106.00052983889096 99.55872842265921 100.1476684636757 102.91408923794859 102.09921848235695
1.0111083228255078 1680.1844632290004 0.0 1.085900494653522 1926.051414449603 0.0 t_swap_r_k 100 3185.3260452747345 107.78584520203702 102.18169528247924 106.00052983889096 99.55872842265921 100.1476684636757 102.9249483455691 102.09921848235695
1.0111083228255078 1680.1844632290004 0.0 1.085900494653522 1926.051414449603 0.0 t_swap_r_k 100 3187.872603416443 107.78584520203702 102.18169528247924 106.00052983889096 99.55872842265921 100.1476684636757 102.93569886211341 102.09921848235695
1.0111083228255078 1680.1844632290004 0.0 1.0818440338652886 1933.758283023862 0.0 move_t 100 3188.4874148368835 107.78584520203702 102.18987832965445 106.00052983889096 99.55872842265921 100.1476684636757 102.93569886211341 102.09921848235695
1.0111083228255078 1680.1844632290004 0.0 1.0733608012268854 1884.8292368246798 0.0 t_swap_r_k 100 3190.4581294059753 107.78584520203702 102.18987832965445 106.00052983889096 99.55872842265921 100.1476684636757 102.94634187349227 102.09921848235695
1.0111083228255078 1680.1844632290004 0.0 1.0844231236864883 1921.1948006274815 0.0 t_multiswap_k 100 3191.0335414409637 107.78584520203702 102.18987832965445 106.00052983889096 99.55872842265921 100.1476684636757 102.94634187349227 102.11822629753338
1.0111083228255078 1680.1844632290004 0.0 1.0769763613764942 1896.7147955564565 0.0 t_multiswap_k 100 3191.314293861389 107.78584520203702 102.18987832965445 106.00052983889096 99.55872842265921 100.1476684636757 102.94634187349227 102.09704403455805
1.0111083228255078 1680.1844632290004 0.0 1.1035870878783849 1984.1931777838136 0.0 t_move_k 100 3192.242120027542 107.74798675001665 102.18987832965445 106.00052983889096 99.55872842265921 100.1476684636757 102.94634187349227 102.09704403455805
1.0111083228255078 1680.1844632290004 0.0 1.0886559388863248 1935.109483712995 0.0 t_multiswap_k 100 3192.455063343048 107.74798675001665 102.18987832965445 106.00052983889096 99.55872842265921 100.1476684636757 102.94634187349227 102.10607359421248
1.0111083228255078 1680.1844632290004 0.0 1.081269221596063 1910.8268667586235 0.0 t_swap_r_k 100 3194.31706905365 107.74798675001665 102.18987832965445 106.00052983889096 99.55872842265921 100.1476684636757 102.95687845475734 102.10607359421248
1.0111083228255078 1680.1844632290004 0.0 1.081269221596063 1910.8268667586235 0.0 t_swap_r_k 100 3196.231564760208 107.74798675001665 102.18987832965445 106.00052983889096 99.55872842265921 100.1476684636757 102.96730967020977 102.10607359421248
1.0111083228255078 1680.1844632290004 0.0 1.081269221596063 1910.8268667586235 0.0 t_swap_k 100 3197.1838433742523 107.74798675001665 102.18987832965445 105.94052454050204 99.55872842265921 100.1476684636757 102.96730967020977 102.10607359421248
1.0111083228255078 1680.1844632290004 0.0 1.085545391907556 1924.88407263579 0.0 t_move_k 100 3198.5859789848328 107.68050688251648 102.18987832965445 105.94052454050204 99.55872842265921 100.1476684636757 102.96730967020977 102.10607359421248
1.0111083228255078 1680.1844632290004 0.0 1.0745682840720772 1888.798637880196 0.0 move_t 100 3199.6168336868286 107.68050688251648 102.1979795463579 105.94052454050204 99.55872842265921 100.1476684636757 102.96730967020977 102.10607359421248
1.0111083228255078 1680.1844632290004 0.0 1.0745682840720772 1888.798637880196 0.0 t_swap_r_k 100 3201.86128115654 107.68050688251648 102.1979795463579 105.94052454050204 99.55872842265921 100.1476684636757 102.97763657350768 102.10607359421248
1.0111083228255078 1680.1844632290004 0.0 1.0745682840720772 1888.798637880196 0.0 f_swap_t 100 3202.922360420227 107.68050688251648 102.1979795463579 105.94052454050204 99.56314113843263 100.1476684636757 102.97763657350768 102.10607359421248
1.0111083228255078 1680.1844632290004 0.0 1.0745682840720772 1888.798637880196 0.0 t_swap_r_k 100 3204.5394129753113 107.68050688251648 102.1979795463579 105.94052454050204 99.56314113843263 100.1476684636757 102.9878602077726 102.10607359421248
1.0111083228255078 1680.1844632290004 0.0 1.0745682840720772 1888.798637880196 0.0 t_multiswap_k 100 3204.997639656067 107.68050688251648 102.1979795463579 105.94052454050204 99.56314113843263 100.1476684636757 102.9878602077726 102.08501285827035
1.0111083228255078 1680.1844632290004 0.0 1.0745682840720772 1888.798637880196 0.0 f_swap_t 100 3206.008444786072 107.68050688251648 102.1979795463579 105.94052454050204 99.5675097270483 100.1476684636757 102.9878602077726 102.08501285827035
1.0111083228255078 1680.1844632290004 0.0 1.0745682840720772 1888.798637880196 0.0 t_swap_r_k 100 3208.063610315323 107.68050688251648 102.1979795463579 105.94052454050204 99.5675097270483 100.1476684636757 102.99798160569487 102.08501285827035
1.0111083228255078 1680.1844632290004 0.0 1.0745682840720772 1888.798637880196 0.0 swap_t 100 3208.8531737327576 107.68050688251648 102.1979795463579 105.94052454050204 99.5675097270483 100.14619177903894 102.99798160569487 102.08501285827035
1.0111083228255078 1680.1844632290004 0.0 1.0852778218151489 1924.0044800093156 0.0 t_swap_k 100 3209.9735765457153 107.68050688251648 102.1979795463579 105.89111929509701 99.5675097270483 100.14619177903894 102.99798160569487 102.08501285827035
1.0111083228255078 1680.1844632290004 0.0 1.0829453979628476 1916.3370206014217 0.0 t_swap_r_k 100 3211.7859032154083 107.68050688251648 102.1979795463579 105.89111929509701 99.5675097270483 100.14619177903894 103.00800178963793 102.08501285827035
1.0111083228255078 1680.1844632290004 0.0 1.0783491464564743 1901.2276004937432 0.0 t_swap_k 100 3212.859889268875 107.68050688251648 102.1979795463579 105.86220810214604 99.5675097270483 100.14619177903894 103.00800178963793 102.08501285827035
1.0111083228255078 1680.1844632290004 0.0 1.0773903332715986 1898.0756600059399 0.0 t_swap_k 100 3213.7568469047546 107.68050688251648 102.1979795463579 105.80358602112459 99.5675097270483 100.14619177903894 103.00800178963793 102.08501285827035
1.0111083228255078 1680.1844632290004 0.0 1.0773903332715986 1898.0756600059399 0.0 swap_t 100 3214.35489821434 107.68050688251648 102.1979795463579 105.80358602112459 99.5675097270483 100.14472986124855 103.00800178963793 102.08501285827035
1.0111083228255078 1680.1844632290004 0.0 1.1733247467414096 2213.4442497989735 0.0 t_swap_k 100 3215.108719110489 107.68050688251648 102.1979795463579 105.84555016091335 99.5675097270483 100.14472986124855 103.00800178963793 102.08501285827035
1.0111083228255078 1680.1844632290004 0.0 1.1474016164768888 2128.2262269972216 0.0 swap_t 100 3215.849319934845 107.68050688251648 102.1979795463579 105.84555016091335 99.5675097270483 100.14328256263606 103.00800178963793 102.08501285827035
1.0111083228255078 1680.1844632290004 0.0 1.1553758488851091 2154.4402031743293 0.0 move_t 100 3216.4218187332153 107.68050688251648 102.30599975089432 105.84555016091335 99.5675097270483 100.14328256263606 103.00800178963793 102.08501285827035
1.0111083228255078 1680.1844632290004 0.0 1.1341359058684168 2084.6173874173273 0.0 swap_t 100 3217.2835261821747 107.68050688251648 102.30599975089432 105.84555016091335 99.5675097270483 100.1418497370097 103.00800178963793 102.08501285827035
1.0111083228255078 1680.1844632290004 0.0 1.1511760332688503 2105.1922237674507 0.0 move_t 100 3218.367159128189 107.68050688251648 102.29293975338537 105.84555016091335 99.5675097270483 100.1418497370097 103.00800178963793 102.08501285827035
1.0111083228255078 1680.1844632290004 0.0 1.166534180939458 2200.7341639388783 0.0 move_t 100 3219.2042174339294 107.68050688251648 102.37001035585152 105.84555016091335 99.5675097270483 100.1418497370097 103.00800178963793 102.08501285827035
1.0111083228255078 1680.1844632290004 0.0 1.1509482862571563 2139.88531998179 0.0 t_swap_r_k 100 3220.896815299988 107.68050688251648 102.37001035585152 105.84555016091335 99.5675097270483 100.1418497370097 103.01792177174156 102.08501285827035
1.0111083228255078 1680.1844632290004 0.0 1.1487941994863187 2132.804114368075 0.0 f_swap_t 100 3221.849817752838 107.68050688251648 102.37001035585152 105.84555016091335 99.57183462977783 100.1418497370097 103.01792177174156 102.08501285827035
1.0111083228255078 1680.1844632290004 0.0 1.1509054250704784 2139.744420887184 0.0 f_swap_t 100 3222.881722688675 107.68050688251648 102.37001035585152 105.84555016091335 99.67611628348004 100.1418497370097 103.01792177174156 102.08501285827035
1.0111083228255078 1680.1844632290004 0.0 1.1434294361632178 2115.168338189466 0.0 t_swap_r_k 100 3224.559334039688 107.68050688251648 102.37001035585152 105.84555016091335 99.67611628348004 100.1418497370097 103.02774255402414 102.08501285827035
1.0111083228255078 1680.1844632290004 0.0 1.1404328256841425 2105.3174745966803 0.0 f_swap_t 100 3225.5957777500153 107.68050688251648 102.37001035585152 105.84555016091335 99.67935512064524 100.1418497370097 103.02774255402414 102.08501285827035
1.0111083228255078 1680.1844632290004 0.0 1.1404328256841425 2105.3174745966803 0.0 swap_t 100 3226.705931663513 107.68050688251648 102.37001035585152 105.84555016091335 99.67935512064524 100.1404312396396 103.02774255402414 102.08501285827035
1.0111083228255078 1680.1844632290004 0.0 1.1310634297766058 2074.517128113066 0.0 t_swap_k 100 3228.2014837265015 107.68050688251648 102.37001035585152 106.03709465930422 99.67935512064524 100.1404312396396 103.02774255402414 102.08501285827035
1.0111083228255078 1680.1844632290004 0.0 1.168493245148472 2165.5099306327634 0.0 move_t 100 3228.926022052765 107.68050688251648 102.536310252293 106.03709465930422 99.67935512064524 100.1404312396396 103.02774255402414 102.08501285827035
1.0111083228255078 1680.1844632290004 0.0 1.1115079517232758 2010.2317135954902 0.0 t_swap_k 100 3230.2551822662354 107.68050688251648 102.536310252293 106.06672371271118 99.67935512064524 100.1404312396396 103.02774255402414 102.08501285827035
1.0111083228255078 1680.1844632290004 0.0 1.1012568197662203 1976.532805016701 0.0 swap_t 100 3230.7935767173767 107.68050688251648 102.536310252293 106.06672371271118 99.67935512064524 100.1390269272432 103.02774255402414 102.08501285827035
1.0111083228255078 1680.1844632290004 0.0 1.1004320077654506 1973.8213713599048 0.0 t_multiswap_k 100 3231.1422550678253 107.68050688251648 102.536310252293 106.06672371271118 99.67935512064524 100.1390269272432 103.02774255402414 102.06416272968764
1.0111083228255078 1680.1844632290004 0.0 1.1263807729114341 2059.1236646139787 0.0 t_multiswap_k 100 3231.631053209305 107.68050688251648 102.536310252293 106.06672371271118 99.67935512064524 100.1390269272432 103.02774255402414 102.11352110239076
1.0111083228255078 1680.1844632290004 0.0 1.1533563831034912 2147.801541898888 0.0 t_swap_k 100 3232.5086381435394 107.68050688251648 102.536310252293 106.14605647558407 99.67935512064524 100.1390269272432 103.02774255402414 102.11352110239076
1.0111083228255078 1680.1844632290004 0.0 1.131711381528704 2076.6471628203453 0.0 t_move_k 100 3232.983144044876 107.72370181369132 102.536310252293 106.14605647558407 99.67935512064524 100.1390269272432 103.02774255402414 102.11352110239076
1.0111083228255078 1680.1844632290004 0.0 1.1173207656917785 2029.3403825045134 0.0 t_swap_r_k 100 3234.916983604431 107.72370181369132 102.536310252293 106.14605647558407 99.67935512064524 100.1390269272432 103.0374651284839 102.11352110239076
1.0111083228255078 1680.1844632290004 0.0 1.1190834093382174 2035.1347832933395 0.0 t_move_k 100 3235.835010766983 107.7164647955544 102.536310252293 106.14605647558407 99.67935512064524 100.1390269272432 103.0374651284839 102.11352110239076
1.0111083228255078 1680.1844632290004 0.0 1.1138564518807699 2017.952021209928 0.0 f_swap_t 100 3236.5284464359283 107.7164647955544 102.536310252293 106.14605647558407 99.68256156943879 100.1390269272432 103.0374651284839 102.11352110239076
1.0111083228255078 1680.1844632290004 0.0 1.1128976386958942 2014.800080722125 0.0 swap_t 100 3237.1781072616577 107.7164647955544 102.536310252293 106.14605647558407 99.68256156943879 100.13763665797076 103.0374651284839 102.11352110239076
1.0111083228255078 1680.1844632290004 0.0 1.1128976386958942 2014.800080722125 0.0 t_swap_r_k 100 3238.8334889411926 107.7164647955544 102.536310252293 106.14605647558407 99.68256156943879 100.13763665797076 103.04709047719906 102.11352110239076
1.0111083228255078 1680.1844632290004 0.0 1.1128976386958942 2014.800080722125 0.0 swap_t 100 3239.5042781829834 107.7164647955544 102.536310252293 106.14605647558407 99.68256156943879 100.13626029139105 103.04709047719906 102.11352110239076
1.0111083228255078 1680.1844632290004 0.0 1.1393062864835057 2101.614162446206 0.0 t_swap_k 100 3240.7860248088837 107.7164647955544 102.536310252293 106.25459591082823 99.68256156943879 100.13626029139105 103.04709047719906 102.11352110239076
1.0111083228255078 1680.1844632290004 0.0 1.1210959043689304 2041.750529372834 0.0 f_swap_t 100 3242.144539117813 107.7164647955544 102.536310252293 106.25459591082823 99.6857359537444 100.13626029139105 103.04709047719906 102.11352110239076
1.0111083228255078 1680.1844632290004 0.0 1.1210959043689304 2041.750529372834 0.0 move_t 100 3242.82843708992 107.7164647955544 102.51094714977008 106.25459591082823 99.6857359537444 100.13626029139105 103.04709047719906 102.11352110239076
1.0111083228255078 1680.1844632290004 0.0 1.1210959043689304 2041.750529372834 0.0 t_swap_r_k 100 3244.614944934845 107.7164647955544 102.51094714977008 106.25459591082823 99.6857359537444 100.13626029139105 103.05661957242707 102.11352110239076
1.0111083228255078 1680.1844632290004 0.0 1.1210959043689304 2041.750529372834 0.0 t_swap_r_k 100 3246.1839554309845 107.7164647955544 102.51094714977008 106.25459591082823 99.6857359537444 100.13626029139105 103.0660533767028 102.11352110239076
1.0111083228255078 1680.1844632290004 0.0 1.1210959043689304 2041.750529372834 0.0 t_swap_r_k 100 3248.3000259399414 107.7164647955544 102.51094714977008 106.25459591082823 99.6857359537444 100.13626029139105 103.07539284293577 102.11352110239076
1.0111083228255078 1680.1844632290004 0.0 1.1470954069397077 2127.219613557589 0.0 f_swap_t 100 3249.632678747177 107.7164647955544 102.51094714977008 106.25459591082823 99.72887859420696 100.13626029139105 103.07539284293577 102.11352110239076
1.0111083228255078 1680.1844632290004 0.0 1.1419193649081616 2110.204227554194 0.0 t_swap_r_k 100 3251.812741279602 107.7164647955544 102.51094714977008 106.25459591082823 99.72887859420696 100.13626029139105 103.08463891450641 102.11352110239076
1.0111083228255078 1680.1844632290004 0.0 1.1419193649081616 2110.204227554194 0.0 t_swap_r_k 100 3254.3568584918976 107.7164647955544 102.51094714977008 106.25459591082823 99.72887859420696 100.13626029139105 103.09379252536135 102.11352110239076
1.0111083228255078 1680.1844632290004 0.0 1.1369658664783684 2093.920417002337 0.0 t_move_k 100 3254.9145488739014 107.69930014759886 102.51094714977008 106.25459591082823 99.72887859420696 100.13626029139105 103.09379252536135 102.11352110239076
1.0111083228255078 1680.1844632290004 0.0 1.1354128236101553 2088.8150442635897 0.0 move_t 100 3255.510502576828 107.69930014759886 102.48583767827238 106.25459591082823 99.72887859420696 100.13626029139105 103.09379252536135 102.11352110239076
1.0111083228255078 1680.1844632290004 0.0 1.1612575838764538 2173.7754385988974 0.0 t_multiswap_k 100 3255.84796667099 107.69930014759886 102.48583767827238 106.25459591082823 99.72887859420696 100.13626029139105 103.09379252536135 102.16238589136685
1.0111083228255078 1680.1844632290004 0.0 1.152534764682283 2145.1006066091136 0.0 move_t 100 3256.8843240737915 107.69930014759886 102.46097930148966 106.25459591082823 99.72887859420696 100.13626029139105 103.09379252536135 102.16238589136685
1.0111083228255078 1680.1844632290004 0.0 1.168795046277527 2198.5536052866264 0.0 t_multiswap_k 100 3257.677461385727 107.69930014759886 102.46097930148966 106.25459591082823 99.72887859420696 100.13626029139105 103.09379252536135 102.21076203245319
1.0111083228255078 1680.1844632290004 0.0 1.1474211707263333 2128.29050837289 0.0 swap_t 100 3258.5226390361786 107.69930014759886 102.46097930148966 106.25459591082823 99.72887859420696 100.13489768847714 103.09379252536135 102.21076203245319
1.0111083228255078 1680.1844632290004 0.0 1.1505337009877008 2138.522439165113 0.0 t_swap_k 100 3260.028938293457 107.69930014759886 102.46097930148966 106.29204995171995 99.72887859420696 100.13489768847714 103.09379252536135 102.21076203245319
1.0111083228255078 1680.1844632290004 0.0 1.1505337009877008 2138.522439165113 0.0 t_swap_k 100 3261.1916155815125 107.69930014759886 102.46097930148966 106.22912945220274 99.72887859420696 100.13489768847714 103.09379252536135 102.21076203245319
1.0111083228255078 1680.1844632290004 0.0 1.1741191200049945 2216.0556211186604 0.0 t_swap_k 100 3262.5171704292297 107.69930014759886 102.46097930148966 106.41683815768071 99.72887859420696 100.13489768847714 103.09379252536135 102.21076203245319
1.0111083228255078 1680.1844632290004 0.0 1.1615202344445035 2174.63885909899 0.0 swap_t 100 3263.63623714447 107.69930014759886 102.46097930148966 106.41683815768071 99.72887859420696 100.13354871159237 103.09379252536135 102.21076203245319
1.0111083228255078 1680.1844632290004 0.0 1.1535321696383976 2148.379411191178 0.0 t_move_k 100 3265.0096526145935 107.71230714612287 102.46097930148966 106.41683815768071 99.72887859420696 100.13354871159237 103.09379252536135 102.21076203245319
1.0111083228255078 1680.1844632290004 0.0 1.1506500670316222 2138.904973376185 0.0 t_swap_r_k 100 3267.173184156418 107.71230714612287 102.46097930148966 106.41683815768071 99.72887859420696 100.13354871159237 103.10285460010773 102.21076203245319
1.0111083228255078 1680.1844632290004 0.0 1.1506500670316222 2138.904973376185 0.0 t_swap_k 100 3267.8690848350525 107.71230714612287 102.46097930148966 106.35266977610391 99.72887859420696 100.13354871159237 103.10285460010773 102.21076203245319
1.0111083228255078 1680.1844632290004 0.0 1.1506500670316222 2138.904973376185 0.0 t_swap_r_k 100 3269.7793231010437 107.71230714612287 102.46097930148966 106.35266977610391 99.72887859420696 100.13354871159237 103.11182605410666 102.21076203245319
1.0111083228255078 1680.1844632290004 0.0 1.1506500670316222 2138.904973376185 0.0 swap_t 100 3270.927020549774 107.71230714612287 102.46097930148966 106.35266977610391 99.72887859420696 100.13221322447644 103.11182605410666 102.21076203245319
1.0111083228255078 1680.1844632290004 0.0 1.1540406398990943 2150.0509234594856 0.0 t_swap_k 100 3271.9421684741974 107.71230714612287 102.46097930148966 106.35914307834287 99.72887859420696 100.13221322447644 103.11182605410666 102.21076203245319
1.0111083228255078 1680.1844632290004 0.0 1.1571047044289315 2160.123531138623 0.0 t_move_k 100 3272.6839735507965 107.82518407466164 102.46097930148966 106.35914307834287 99.72887859420696 100.13221322447644 103.11182605410666 102.21076203245319
1.0111083228255078 1680.1844632290004 0.0 1.1398091117085394 2103.26711758916 0.0 f_swap_t 100 3273.4885466098785 107.82518407466164 102.46097930148966 106.35914307834287 99.76158980826489 100.13221322447644 103.11182605410666 102.21076203245319
1.0111083228255078 1680.1844632290004 0.0 1.1319501304109716 2077.432010463564 0.0 t_move_k 100 3274.3425998687744 107.83693223391502 102.46097930148966 106.35914307834287 99.76158980826489 100.13221322447644 103.11182605410666 102.21076203245319
1.0111083228255078 1680.1844632290004 0.0 1.1241812100145925 2051.892963723142 0.0 t_move_k 100 3275.361582517624 107.79856291157587 102.46097930148966 106.35914307834287 99.76158980826489 100.13221322447644 103.11182605410666 102.21076203245319
1.0111083228255078 1680.1844632290004 0.0 1.1241812100145925 2051.892963723142 0.0 t_swap_k 100 3276.4280910491943 107.79856291157587 102.46097930148966 106.29555164755944 99.76158980826489 100.13221322447644 103.11182605410666 102.21076203245319
1.0111083228255078 1680.1844632290004 0.0 1.1999906521004937 2301.1040234347947 0.0 f_swap_t 100 3277.4251325130463 107.79856291157587 102.46097930148966 106.29555164755944 99.97397391018224 100.13221322447644 103.11182605410666 102.21076203245319
1.0111083228255078 1680.1844632290004 0.0 1.1608459307897716 2172.4221968503384 0.0 t_move_k 100 3278.335522174835 107.75057728246011 102.46097930148966 106.29555164755944 99.97397391018224 100.13221322447644 103.11182605410666 102.21076203245319
1.0111083228255078 1680.1844632290004 0.0 1.1607112354274358 2171.9794080226893 0.0 t_swap_r_k 100 3280.4430429935455 107.75057728246011 102.46097930148966 106.29555164755944 99.97397391018224 100.13221322447644 103.12070779356559 102.21076203245319
1.0111083228255078 1680.1844632290004 0.0 1.1607112354274358 2171.9794080226893 0.0 f_swap_t 100 3281.636707305908 107.75057728246011 102.46097930148966 106.29555164755944 99.97423417108041 100.13221322447644 103.12070779356559 102.21076203245319
1.0111083228255078 1680.1844632290004 0.0 1.179805870175556 2234.7498760468948 0.0 t_swap_k 100 3283.0583918094635 107.75057728246011 102.46097930148966 106.28259613108384 99.97423417108041 100.13221322447644 103.12070779356559 102.21076203245319
1.0111083228255078 1680.1844632290004 0.0 1.1698047589221643 2201.872869368391 0.0 f_swap_t 100 3283.725380897522 107.75057728246011 102.46097930148966 106.28259613108384 99.97449182936961 100.13221322447644 103.12070779356559 102.21076203245319
1.0111083228255078 1680.1844632290004 0.0 1.1768808277554272 2225.134280665045 0.0 move_t 100 3284.2765600681305 107.75057728246011 102.47636950847476 106.28259613108384 99.97449182936961 100.13221322447644 103.12070779356559 102.21076203245319
1.0111083228255078 1680.1844632290004 0.0 1.1670164363427595 2192.7067179535834 0.0 move_t 100 3285.1877975463867 107.75057728246011 102.52160581339001 106.28259613108384 99.97449182936961 100.13221322447644 103.12070779356559 102.21076203245319
1.0111083228255078 1680.1844632290004 0.0 1.1396002099048526 2102.5803873028 0.0 t_move_k 100 3286.1619322299957 107.7030715096355 102.52160581339001 106.28259613108384 99.97449182936961 100.13221322447644 103.12070779356559 102.21076203245319
1.0111083228255078 1680.1844632290004 0.0 1.1383280419936384 2098.398344742381 0.0 t_swap_r_k 100 3288.061839580536 107.7030715096355 102.52160581339001 106.28259613108384 99.97449182936961 100.13221322447644 103.12950071562993 102.21076203245319
1.0111083228255078 1680.1844632290004 0.0 1.1383280419936384 2098.398344742381 0.0 t_swap_r_k 100 3290.093290090561 107.7030715096355 102.52160581339001 106.28259613108384 99.97449182936961 100.13221322447644 103.13820570847363 102.21076203245319
1.0111083228255078 1680.1844632290004 0.0 1.1355258993538224 2089.1867621542856 0.0 t_move_k 100 3290.966905117035 107.68604079453915 102.52160581339001 106.28259613108384 99.97449182936961 100.13221322447644 103.13820570847363 102.21076203245319
1.0111083228255078 1680.1844632290004 0.0 1.1297187074291068 2070.0965747886075 0.0 f_swap_t 100 3291.5123257637024 107.68604079453915 102.52160581339001 106.28259613108384 99.97474691107591 100.13221322447644 103.13820570847363 102.21076203245319
1.0111083228255078 1680.1844632290004 0.0 1.145302953112826 2121.327216708458 0.0 t_move_k 100 3292.7860236167908 107.67918038659376 102.52160581339001 106.28259613108384 99.97474691107591 100.13221322447644 103.13820570847363 102.21076203245319
1.0111083228255078 1680.1844632290004 0.0 1.1450927630694792 2120.636251546309 0.0 t_move_k 100 3294.264950275421 107.77238858272781 102.52160581339001 106.28259613108384 99.97474691107591 100.13221322447644 103.13820570847363 102.21076203245319
1.0111083228255078 1680.1844632290004 0.0 1.1355279345484524 2089.1934525215597 0.0 move_t 100 3294.890026807785 107.77238858272781 102.4963897552561 106.28259613108384 99.97474691107591 100.13221322447644 103.13820570847363 102.21076203245319
1.0111083228255078 1680.1844632290004 0.0 1.1355279345484524 2089.1934525215597 0.0 t_swap_r_k 100 3297.080093383789 107.77238858272781 102.4963897552561 106.28259613108384 99.97474691107591 100.13221322447644 103.1468236513889 102.21076203245319
1.0111083228255078 1680.1844632290004 0.0 1.1355279345484524 2089.1934525215597 0.0 t_swap_r_k 100 3299.3970544338226 107.77238858272781 102.4963897552561 106.28259613108384 99.97474691107591 100.13221322447644 103.155355414875 102.21076203245319
1.0111083228255078 1680.1844632290004 0.0 1.1469635752367564 2126.786238538699 0.0 t_swap_k 100 3300.809221506119 107.77238858272781 102.4963897552561 106.329770169773 99.97474691107591 100.13221322447644 103.155355414875 102.21076203245319
1.0111083228255078 1680.1844632290004 0.0 1.1404880089059874 2105.498880353218 0.0 t_multiswap_k 100 3301.1562929153442 107.77238858272781 102.4963897552561 106.329770169773 99.97474691107591 100.13221322447644 103.155355414875 102.18865441212866
1.0111083228255078 1680.1844632290004 0.0 1.1391678877586786 2101.1591994240816 0.0 f_swap_t 100 3302.098739862442 107.77238858272781 102.4963897552561 106.329770169773 99.97499944196515 100.13221322447644 103.155355414875 102.18865441212866
1.0111083228255078 1680.1844632290004 0.0 1.1391678877586786 2101.1591994240816 0.0 t_swap_r_k 100 3303.922522544861 107.77238858272781 102.4963897552561 106.329770169773 99.97499944196515 100.13221322447644 103.16380186072625 102.18865441212866
1.0111083228255078 1680.1844632290004 0.0 1.1391678877586786 2101.1591994240816 0.0 f_swap_t 100 3304.921771287918 107.77238858272781 102.4963897552561 106.329770169773 99.97524944754551 100.13221322447644 103.16380186072625 102.18865441212866
1.0111083228255078 1680.1844632290004 0.0 1.1391678877586786 2101.1591994240816 0.0 swap_t 100 3305.598228931427 107.77238858272781 102.4963897552561 106.329770169773 99.97524944754551 100.13089109223168 103.16380186072625 102.18865441212866
1.0111083228255078 1680.1844632290004 0.0 1.1825921834438435 2243.909422182214 0.0 t_swap_k 100 3306.619471311569 107.77238858272781 102.4963897552561 106.36647246807527 99.97524944754551 100.13089109223168 103.16380186072625 102.18865441212866
1.0111083228255078 1680.1844632290004 0.0 1.1545242517014187 2151.6407176385496 0.0 t_swap_k 100 3307.6562407016754 107.77238858272781 102.4963897552561 106.36280774339453 99.97524944754551 100.13089109223168 103.16380186072625 102.18865441212866
1.0111083228255078 1680.1844632290004 0.0 1.1492837488329015 2134.4134272463416 0.0 t_swap_r_k 100 3309.425327539444 107.77238858272781 102.4963897552561 106.36280774339453 99.97524944754551 100.13089109223168 103.17216384211899 102.18865441212866
1.0111083228255078 1680.1844632290004 0.0 1.1619370195765457 2176.008971601739 0.0 t_swap_k 100 3310.761632680893 107.77238858272781 102.4963897552561 106.36917966596059 99.97524944754551 100.13089109223168 103.17216384211899 102.18865441212866
1.0111083228255078 1680.1844632290004 0.0 1.1864707445282607 2256.6595531871185 0.0 move_t 100 3311.9901564121246 107.77238858272781 102.61142585770354 106.36917966596059 99.97524944754551 100.13089109223168 103.17216384211899 102.18865441212866
1.0111083228255078 1680.1844632290004 0.0 1.2107193779510153 2333.743566285701 0.0 move_t 100 3313.401696205139 107.77238858272781 102.7653115991265 106.36917966596059 99.97524944754551 100.13089109223168 103.17216384211899 102.18865441212866
1.0111083228255078 1680.1844632290004 0.0 1.1820595622816845 2242.158517801515 0.0 t_move_k 100 3314.3915660381317 107.72466469690053 102.7653115991265 106.36917966596059 99.97524944754551 100.13089109223168 103.17216384211899 102.18865441212866
1.0111083228255078 1680.1844632290004 0.0 1.1681028392889115 2196.278088775409 0.0 t_move_k 100 3315.4739801883698 107.70741804993153 102.7653115991265 106.36917966596059 99.97524944754551 100.13089109223168 103.17216384211899 102.18865441212866
1.0111083228255078 1680.1844632290004 0.0 1.1619186794667766 2175.9486815103596 0.0 t_swap_r_k 100 3317.416748046875 107.70741804993153 102.7653115991265 106.36917966596059 99.97524944754551 100.13089109223168 103.1804422036978 102.18865441212866
1.0111083228255078 1680.1844632290004 0.0 1.1619186794667766 2175.9486815103596 0.0 move_t 100 3318.2406055927277 107.70741804993153 102.73765848313523 106.36917966596059 99.97524944754551 100.13089109223168 103.1804422036978 102.18865441212866
1.0111083228255078 1680.1844632290004 0.0 1.1619186794667766 2175.9486815103596 0.0 f_swap_t 100 3319.4591495990753 107.70741804993153 102.73765848313523 106.36917966596059 99.97549695307005 100.13089109223168 103.1804422036978 102.18865441212866
1.0111083228255078 1680.1844632290004 0.0 1.1825574837171828 2279.5360499500575 0.0 move_t 100 3320.5219967365265 107.70741804993153 102.76028189830389 106.36917966596059 99.97549695307005 100.13089109223168 103.1804422036978 102.18865441212866
1.0111083228255078 1680.1844632290004 0.0 1.1718268322896006 2208.5201026529007 0.0 swap_t 100 3321.286560535431 107.70741804993153 102.76028189830389 106.36917966596059 99.97549695307005 100.12958218130936 103.1804422036978 102.18865441212866
1.0111083228255078 1680.1844632290004 0.0 1.1568515290776087 2159.2912588535355 0.0 t_move_k 100 3322.432127714157 107.84034386943222 102.76028189830389 106.36917966596059 99.97549695307005 100.12958218130936 103.1804422036978 102.18865441212866
1.0111083228255078 1680.1844632290004 0.0 1.1792565849663115 2198.3343831091524 0.0 swap_t 100 3323.1157302856445 107.84034386943222 102.76028189830389 106.36917966596059 99.97549695307005 100.13828635949626 103.1804422036978 102.18865441212866
1.0111083228255078 1680.1844632290004 0.0 1.171202232409508 2206.4668333802247 0.0 t_swap_r_k 100 3324.723310947418 107.84034386943222 102.76028189830389 106.36917966596059 99.97549695307005 100.13828635949626 103.18863778166082 102.18865441212866
1.0111083228255078 1680.1844632290004 0.0 1.1695612361341896 2201.0723282961276 0.0 t_swap_r_k 100 3325.9075751304626 107.84034386943222 102.76028189830389 106.36917966596059 99.97549695307005 100.13828635949626 103.1967514038442 102.18865441212866
1.0111083228255078 1680.1844632290004 0.0 1.1581362663417865 2163.514621092424 0.0 t_swap_k 100 3326.9945154190063 107.84034386943222 102.76028189830389 106.39548786930098 99.97549695307005 100.13828635949626 103.1967514038442 102.18865441212866
1.0111083228255078 1680.1844632290004 0.0 1.1564080655534488 2157.8334455289873 0.0 move_t 100 3327.5020151138306 107.84034386943222 102.77267907932085 106.39548786930098 99.97549695307005 100.13828635949626 103.1967514038442 102.18865441212866
1.0111083228255078 1680.1844632290004 0.0 1.1388674797754268 2100.171657637833 0.0 t_move_k 100 3328.516925096512 107.8519404307379 102.77267907932085 106.39548786930098 99.97549695307005 100.13828635949626 103.1967514038442 102.18865441212866
1.0111083228255078 1680.1844632290004 0.0 1.135919157631619 2090.479533997125 0.0 f_swap_t 100 3329.793431043625 107.8519404307379 102.77267907932085 106.39548786930098 99.97574198353935 100.13828635949626 103.1967514038442 102.18865441212866
1.0111083228255078 1680.1844632290004 0.0 1.1247085197102018 2053.62640753203 0.0 t_move_k 100 3330.7607476711273 107.83342102643051 102.77267907932085 106.39548786930098 99.97574198353935 100.13828635949626 103.1967514038442 102.18865441212866
1.0111083228255078 1680.1844632290004 0.0 1.1189503294679835 2034.697305130004 0.0 swap_t 100 3331.7000579833984 107.83342102643051 102.77267907932085 106.39548786930098 99.97574198353935 100.1369034959013 103.1967514038442 102.18865441212866
1.0111083228255078 1680.1844632290004 0.0 1.1177178988565863 2030.645892400448 0.0 t_multiswap_k 100 3332.045053958893 107.83342102643051 102.77267907932085 106.39548786930098 99.97574198353935 100.1369034959013 103.1967514038442 102.16676786800737
1.0111083228255078 1680.1844632290004 0.0 1.1177178988565863 2030.645892400448 0.0 t_swap_r_k 100 3334.047574043274 107.83342102643051 102.77267907932085 106.39548786930098 99.97574198353935 100.1369034959013 103.20478388980577 102.16676786800737
1.0111083228255078 1680.1844632290004 0.0 1.1177178988565863 2030.645892400448 0.0 t_multiswap_k 100 3334.739933490753 107.83342102643051 102.77267907932085 106.39548786930098 99.97574198353935 100.1369034959013 103.20478388980577 102.1451001893273
1.0111083228255078 1680.1844632290004 0.0 1.1177178988565863 2030.645892400448 0.0 t_swap_r_k 100 3336.765151500702 107.83342102643051 102.77267907932085 106.39548786930098 99.97574198353935 100.1369034959013 103.21273605090771 102.1451001893273
1.0111083228255078 1680.1844632290004 0.0 1.1177178988565863 2030.645892400448 0.0 swap_t 100 3337.6733787059784 107.83342102643051 102.77267907932085 106.39548786930098 99.97574198353935 100.13553446094228 103.21273605090771 102.1451001893273
1.0111083228255078 1680.1844632290004 0.0 1.1177178988565863 2030.645892400448 0.0 t_swap_r_k 100 3339.647983312607 107.83342102643051 102.77267907932085 106.39548786930098 99.97574198353935 100.13553446094228 103.22060869039863 102.1451001893273
1.0111083228255078 1680.1844632290004 0.0 1.1241768281183373 2051.8785589606323 0.0 t_move_k 100 3340.801773786545 107.86508681616621 102.77267907932085 106.39548786930098 99.97574198353935 100.13553446094228 103.22060869039863 102.1451001893273
1.0111083228255078 1680.1844632290004 0.0 1.1399929984113384 2103.871614849798 0.0 t_multiswap_k 100 3341.394381046295 107.86508681616621 102.77267907932085 106.39548786930098 99.97574198353935 100.13553446094228 103.22060869039863 102.26364918743403
1.0111083228255078 1680.1844632290004 0.0 1.1228790046559975 2047.6121779997768 0.0 t_multiswap_k 100 3341.7912051677704 107.86508681616621 102.77267907932085 106.39548786930098 99.97574198353935 100.13553446094228 103.22060869039863 102.24101269555969
1.0111083228255078 1680.1844632290004 0.0 1.118589760152382 2033.5119928685215 0.0 t_multiswap_k 100 3342.223881959915 107.86508681616621 102.77267907932085 106.39548786930098 99.97574198353935 100.13553446094228 103.22060869039863 102.2186025686041
1.0111083228255078 1680.1844632290004 0.0 1.118589760152382 2033.5119928685215 0.0 swap_t 100 3343.0632638931274 107.86508681616621 102.77267907932085 106.39548786930098 99.97574198353935 100.13417911633286 103.22060869039863 102.2186025686041
1.0111083228255078 1680.1844632290004 0.0 1.118589760152382 2033.5119928685215 0.0 swap_t 100 3343.6553840637207 107.86508681616621 102.77267907932085 106.39548786930098 99.97574198353935 100.13283732516953 103.22060869039863 102.2186025686041
1.0111083228255078 1680.1844632290004 0.0 1.118589760152382 2033.5119928685215 0.0 f_swap_t 100 3344.774200439453 107.86508681616621 102.77267907932085 106.39548786930098 99.97598456370396 100.13283732516953 103.22060869039863 102.2186025686041
1.0111083228255078 1680.1844632290004 0.0 1.1333983023885135 2082.1926374150057 0.0 t_swap_k 100 3345.948694229126 107.86508681616621 102.77267907932085 106.34153299060797 99.97598456370396 100.13283732516953 103.22060869039863 102.2186025686041
1.0111083228255078 1680.1844632290004 0.0 1.1295295157470857 2069.474638282181 0.0 swap_t 100 3346.908716440201 107.86508681616621 102.77267907932085 106.34153299060797 99.97598456370396 100.13150895191784 103.22060869039863 102.2186025686041
1.0111083228255078 1680.1844632290004 0.0 1.126553284018276 2059.6907664757673 0.0 t_swap_r_k 100 3348.8876309394836 107.86508681616621 102.77267907932085 106.34153299060797 99.97598456370396 100.13150895191784 103.22840260349464 102.2186025686041
1.0111083228255078 1680.1844632290004 0.0 1.14467497183648 2119.262831652307 0.0 f_swap_t 100 3350.147716283798 107.86508681616621 102.77267907932085 106.34153299060797 100.01622471806692 100.13150895191784 103.22840260349464 102.2186025686041
1.0111083228255078 1680.1844632290004 0.0 1.1294005442221529 2069.05066562763 0.0 move_t 100 3351.564246416092 107.86508681616621 102.74495228852764 106.34153299060797 100.01622471806692 100.13150895191784 103.22840260349464 102.2186025686041
1.0111083228255078 1680.1844632290004 0.0 1.1228512736428407 2047.5210168596134 0.0 f_swap_t 100 3352.5271129608154 107.86508681616621 102.74495228852764 106.34153299060797 100.05606247088625 100.13150895191784 103.22840260349464 102.2186025686041
1.0111083228255078 1680.1844632290004 0.0 1.114205439933202 2019.0992619754618 0.0 t_multiswap_k 100 3352.978668689728 107.86508681616621 102.74495228852764 106.34153299060797 100.05606247088625 100.13150895191784 103.22840260349464 102.19641654291806
1.0111083228255078 1680.1844632290004 0.0 1.1188265338833594 2034.2903475270598 0.0 t_swap_k 100 3353.9983801841736 107.86508681616621 102.74495228852764 106.31811766070189 100.05606247088625 100.13150895191784 103.22840260349464 102.19641654291806
1.0111083228255078 1680.1844632290004 0.0 1.1177386070250015 2030.713967094753 0.0 move_t 100 3355.166885137558 107.86508681616621 102.71750276564237 106.31811766070189 100.05606247088625 100.13150895191784 103.22840260349464 102.19641654291806
1.0111083228255078 1680.1844632290004 0.0 1.1177386070250015 2030.713967094753 0.0 f_swap_t 100 3356.3444039821625 107.86508681616621 102.71750276564237 106.31811766070189 100.05550184617738 100.13150895191784 103.22840260349464 102.19641654291806
1.0111083228255078 1680.1844632290004 0.0 1.1177386070250015 2030.713967094753 0.0 t_swap_r_k 100 3358.044997215271 107.86508681616621 102.71750276564237 106.31811766070189 100.05550184617738 100.13150895191784 103.23611857745969 102.19641654291806
1.0111083228255078 1680.1844632290004 0.0 1.1177386070250015 2030.713967094753 0.0 t_swap_r_k 100 3359.3109681606293 107.86508681616621 102.71750276564237 106.31811766070189 100.05550184617738 100.13150895191784 103.2437573916851 102.19641654291806
1.0111083228255078 1680.1844632290004 0.0 1.1177386070250015 2030.713967094753 0.0 move_t 100 3360.3566813468933 107.86508681616621 102.69032773798594 106.31811766070189 100.05550184617738 100.13150895191784 103.2437573916851 102.19641654291806
1.0111083228255078 1680.1844632290004 0.0 1.1177386070250015 2030.713967094753 0.0 move_t 100 3361.2662744522095 107.86508681616621 102.66342446060608 106.31811766070189 100.05550184617738 100.13150895191784 103.2437573916851 102.19641654291806
1.0111083228255078 1680.1844632290004 0.0 1.1145325934915082 2020.1747254363534 0.0 t_multiswap_k 100 3361.8209018707275 107.86508681616621 102.66342446060608 106.31811766070189 100.05550184617738 100.13150895191784 103.2437573916851 102.20445237748888
1.0111083228255078 1680.1844632290004 0.0 1.1235700624952676 2049.8839168717154 0.0 f_swap_t 100 3362.8124916553497 107.86508681616621 102.66342446060608 106.31811766070189 100.0649468277156 100.13150895191784 103.2437573916851 102.20445237748888
1.0111083228255078 1680.1844632290004 0.0 1.113571028743045 2017.0137396362682 0.0 f_swap_t 100 3364.017653942108 107.86508681616621 102.66342446060608 106.31811766070189 100.06429735943844 100.13150895191784 103.2437573916851 102.20445237748888
1.0111083228255078 1680.1844632290004 0.0 1.113571028743045 2017.0137396362682 0.0 swap_t 100 3364.8066222667694 107.86508681616621 102.66342446060608 106.31811766070189 100.06429735943844 100.13019386239866 103.2437573916851 102.20445237748888
1.0111083228255078 1680.1844632290004 0.0 1.113571028743045 2017.0137396362682 0.0 t_swap_k 100 3365.700215816498 107.86508681616621 102.66342446060608 106.25493648409487 100.06429735943844 100.13019386239866 103.2437573916851 102.20445237748888
1.0111083228255078 1680.1844632290004 0.0 1.113571028743045 2017.0137396362682 0.0 t_swap_k 100 3366.632172346115 107.86508681616621 102.66342446060608 106.19238711925392 100.06429735943844 100.13019386239866 103.2437573916851 102.20445237748888
1.0111083228255078 1680.1844632290004 0.0 1.1525435886403543 2145.129613918511 0.0 move_t 100 3367.770463705063 107.86508681616621 102.80679021600002 106.19238711925392 100.06429735943844 100.13019386239866 103.2437573916851 102.20445237748888
1.0111083228255078 1680.1844632290004 0.0 1.1296588570840296 2069.8998266328313 0.0 f_swap_t 100 3368.6659026145935 107.86508681616621 102.80679021600002 106.19238711925392 100.06365438584406 100.13019386239866 103.2437573916851 102.20445237748888
1.0111083228255078 1680.1844632290004 0.0 1.1195733832393304 2052.3836542052222 0.0 swap_t 100 3369.2311198711395 107.86508681616621 102.80679021600002 106.19238711925392 100.06365438584406 100.15889192377468 103.2437573916851 102.20445237748888
1.0111083228255078 1680.1844632290004 0.0 1.1173266265424742 2029.3596490862542 0.0 move_t 100 3369.7924695014954 107.86508681616621 102.77872231384002 106.19238711925392 100.06365438584406 100.15889192377468 103.2437573916851 102.20445237748888
1.0111083228255078 1680.1844632290004 0.0 1.1127820160662338 2014.419990363041 0.0 t_multiswap_k 100 3370.2998476028442 107.86508681616621 102.77872231384002 106.19238711925392 100.06365438584406 100.15889192377468 103.2437573916851 102.21240785371398
1.0111083228255078 1680.1844632290004 0.0 1.102456380383952 1980.4761630537453 0.0 t_multiswap_k 100 3370.7561659812927 107.86508681616621 102.77872231384002 106.19238711925392 100.06365438584406 100.15889192377468 103.2437573916851 102.19028377517684
1.0111083228255078 1680.1844632290004 0.0 1.109393607461901 2003.281154938491 0.0 t_move_k 100 3372.124494791031 107.82643594800454 102.77872231384002 106.19238711925392 100.06365438584406 100.15889192377468 103.2437573916851 102.19028377517684
1.0111083228255078 1680.1844632290004 0.0 1.102670355497021 1981.179571009438 0.0 t_move_k 100 3373.0127351284027 107.7481715885245 102.77872231384002 106.19238711925392 100.06365438584406 100.15889192377468 103.2437573916851 102.19028377517684
1.0111083228255078 1680.1844632290004 0.0 1.102670355497021 1981.179571009438 0.0 t_multiswap_k 100 3373.336111307144 107.7481715885245 102.77872231384002 106.19238711925392 100.06365438584406 100.15889192377468 103.2437573916851 102.16838093742507
1.0111083228255078 1680.1844632290004 0.0 1.102670355497021 1981.179571009438 0.0 swap_t 100 3373.875312805176 107.7481715885245 102.77872231384002 106.19238711925392 100.06365438584406 100.15730300453693 103.2437573916851 102.16838093742507
1.0111083228255078 1680.1844632290004 0.0 1.102670355497021 1981.179571009438 0.0 f_swap_t 100 3374.754599094391 107.7481715885245 102.77872231384002 106.19238711925392 100.06301784198563 100.15730300453693 103.2437573916851 102.16838093742507
1.0111083228255078 1680.1844632290004 0.0 1.102670355497021 1981.179571009438 0.0 swap_t 100 3375.499940633774 107.7481715885245 102.77872231384002 106.19238711925392 100.06301784198563 100.15572997449156 103.2437573916851 102.16838093742507
1.0111083228255078 1680.1844632290004 0.0 1.102670355497021 1981.179571009438 0.0 t_move_k 100 3376.594573497772 107.67068987263926 102.77872231384002 106.19238711925392 100.06301784198563 100.15572997449156 103.2437573916851 102.16838093742507
1.0111083228255078 1680.1844632290004 0.0 1.1449011458899692 2120.0063416162166 0.0 t_swap_k 100 3377.348947286606 107.67068987263926 102.77872231384002 106.25046324806138 100.06301784198563 100.15572997449156 103.2437573916851 102.16838093742507
1.0111083228255078 1680.1844632290004 0.0 1.1180728234451416 2031.812648551104 0.0 t_move_k 100 3378.4099810123444 107.68398297391286 102.77872231384002 106.25046324806138 100.06301784198563 100.15572997449156 103.2437573916851 102.16838093742507
1.0111083228255078 1680.1844632290004 0.0 1.1172099707463863 2028.9761623626396 0.0 t_swap_k 100 3379.494555711746 107.68398297391286 102.77872231384002 106.25795861558076 100.06301784198563 100.15572997449156 103.2437573916851 102.16838093742507
1.0111083228255078 1680.1844632290004 0.0 1.1127629486668131 2014.3573094266721 0.0 swap_t 100 3380.1276483535767 107.68398297391286 102.77872231384002 106.25795861558076 100.06301784198563 100.15417267474665 103.2437573916851 102.16838093742507
1.0111083228255078 1680.1844632290004 0.0 1.1127629486668131 2014.3573094266721 0.0 swap_t 100 3380.6842896938324 107.68398297391286 102.77872231384002 106.25795861558076 100.06301784198563 100.15263094799919 103.2437573916851 102.16838093742507
1.0111083228255078 1680.1844632290004 0.0 1.1087182922064978 2001.0611672191803 0.0 t_swap_k 100 3381.7449464797974 107.68398297391286 102.77872231384002 106.25537902942496 100.06301784198563 100.15263094799919 103.2437573916851 102.16838093742507
1.0111083228255078 1680.1844632290004 0.0 1.1069363430799477 1995.2033028429112 0.0 t_move_k 100 3383.288917541504 107.63714314417373 102.77872231384002 106.25537902942496 100.06301784198563 100.15263094799919 103.2437573916851 102.16838093742507
1.0111083228255078 1680.1844632290004 0.0 1.1421044720494922 2110.8127368055734 0.0 t_swap_k 100 3384.1989500522614 107.63714314417373 102.77872231384002 106.3128252391307 100.06301784198563 100.15263094799919 103.2437573916851 102.16838093742507
1.0111083228255078 1680.1844632290004 0.0 1.1415226978055866 2108.900249761118 0.0 f_swap_t 100 3385.3440392017365 107.63714314417373 102.77872231384002 106.3128252391307 100.10238766356576 100.15263094799919 103.2437573916851 102.16838093742507
1.0111083228255078 1680.1844632290004 0.0 1.1313108939783876 2075.3306259343117 0.0 t_move_k 100 3386.3302924633026 107.630771712732 102.77872231384002 106.3128252391307 100.10238766356576 100.15263094799919 103.2437573916851 102.16838093742507
1.0111083228255078 1680.1844632290004 0.0 1.1696001292273495 2150.334335731953 0.0 swap_t 100 3387.2308197021484 107.630771712732 102.77872231384002 106.3128252391307 100.10238766356576 100.16110463851919 103.2437573916851 102.16838093742507
1.0111083228255078 1680.1844632290004 0.0 1.1480452714556162 2130.342136769458 0.0 t_swap_r_k 100 3389.153109550476 107.630771712732 102.77872231384002 106.3128252391307 100.10238766356576 100.16110463851919 103.25131981776825 102.16838093742507
1.0111083228255078 1680.1844632290004 0.0 1.1358042359706166 2090.1017479570987 0.0 t_move_k 100 3390.3360476493835 107.80446399560468 102.77872231384002 106.3128252391307 100.10238766356576 100.16110463851919 103.25131981776825 102.16838093742507
1.0111083228255078 1680.1844632290004 0.0 1.1150110858569775 2021.7476903096133 0.0 t_move_k 100 3391.2059166431427 107.81641935564863 102.77872231384002 106.3128252391307 100.10238766356576 100.16110463851919 103.25131981776825 102.16838093742507
1.0111083228255078 1680.1844632290004 0.0 1.1087927185232545 2001.3058314820873 0.0 t_swap_r_k 100 3392.5718445777893 107.81641935564863 102.77872231384002 106.3128252391307 100.10238766356576 100.16110463851919 103.25880661959057 102.16838093742507
1.0111083228255078 1680.1844632290004 0.0 1.0989682943455206 1969.0096544753292 0.0 t_move_k 100 3393.301859855652 107.76825516209215 102.77872231384002 106.3128252391307 100.10238766356576 100.16110463851919 103.25880661959057 102.16838093742507
1.0111083228255078 1680.1844632290004 0.0 1.0964604154504178 1960.7654155008645 0.0 t_multiswap_k 100 3394.0641961097717 107.76825516209215 102.77872231384002 106.3128252391307 100.10238766356576 100.16110463851919 103.25880661959057 102.17669712805082
1.0111083228255078 1680.1844632290004 0.0 1.0955016022655424 1957.6134750130614 0.0 t_swap_r_k 100 3396.017561197281 107.76825516209215 102.77872231384002 106.3128252391307 100.10238766356576 100.16110463851919 103.26621855339467 102.17669712805082
1.0111083228255078 1680.1844632290004 0.0 1.0955016022655424 1957.6134750130614 0.0 t_swap_k 100 3396.9930951595306 107.76825516209215 102.77872231384002 106.2496969867394 100.10238766356576 100.16110463851919 103.26621855339467 102.17669712805082
1.0111083228255078 1680.1844632290004 0.0 1.0891142149610786 1936.6159908589043 0.0 t_move_k 100 3398.125507593155 107.78057261047122 102.77872231384002 106.2496969867394 100.10238766356576 100.16110463851919 103.26621855339467 102.17669712805082
1.0111083228255078 1680.1844632290004 0.0 1.0870895548910644 1929.960254215541 0.0 t_swap_r_k 100 3400.1949133872986 107.78057261047122 102.77872231384002 106.2496969867394 100.10238766356576 100.16110463851919 103.27355636786072 102.17669712805082
1.0111083228255078 1680.1844632290004 0.0 1.0857646805300591 1925.6049478789396 0.0 move_t 100 3400.889830350876 107.78057261047122 102.75093509070162 106.2496969867394 100.10238766356576 100.16110463851919 103.27355636786072 102.17669712805082
1.0111083228255078 1680.1844632290004 0.0 1.1267728509714108 2060.4125566850453 0.0 t_move_k 100 3402.1558351516724 107.8327668843665 102.75093509070162 106.2496969867394 100.10238766356576 100.16110463851919 103.27355636786072 102.17669712805082
1.0111083228255078 1680.1844632290004 0.0 1.106168974448472 1992.680704805284 0.0 f_swap_t 100 3403.859398126602 107.8327668843665 102.75093509070162 106.2496969867394 100.1713637869301 100.16110463851919 103.27355636786072 102.17669712805082
1.0111083228255078 1680.1844632290004 0.0 1.1017924559561678 1978.293620804865 0.0 move_t 100 3404.972945213318 107.8327668843665 102.7234257397946 106.2496969867394 100.1713637869301 100.16110463851919 103.27355636786072 102.17669712805082
1.0111083228255078 1680.1844632290004 0.0 1.1017924559561678 1978.293620804865 0.0 f_swap_t 100 3406.39581155777 107.8327668843665 102.7234257397946 106.2496969867394 100.1696501490608 100.16110463851919 103.27355636786072 102.17669712805082
1.0111083228255078 1680.1844632290004 0.0 1.0965458249112032 1961.0461850415188 0.0 t_multiswap_k 100 3406.9046428203583 107.8327668843665 102.7234257397946 106.2496969867394 100.1696501490608 100.16110463851919 103.27355636786072 102.1849301567703
1.0111083228255078 1680.1844632290004 0.0 1.0950908177856418 1956.2630886662903 0.0 t_swap_r_k 100 3408.779996395111 107.8327668843665 102.7234257397946 106.2496969867394 100.1696501490608 100.16110463851919 103.28082080418211 102.1849301567703
1.0111083228255078 1680.1844632290004 0.0 1.0950908177856418 1956.2630886662903 0.0 swap_t 100 3409.7232213020325 107.8327668843665 102.7234257397946 106.2496969867394 100.1696501490608 100.159493592134 103.28082080418211 102.1849301567703
1.0111083228255078 1680.1844632290004 0.0 1.1200032660620503 2038.1586608291948 0.0 t_swap_k 100 3410.855086326599 107.8327668843665 102.7234257397946 106.267200016872 100.1696501490608 100.159493592134 103.28082080418211 102.1849301567703
1.0111083228255078 1680.1844632290004 0.0 1.1149067791868945 2021.404799304599 0.0 swap_t 100 3411.2544090747833 107.8327668843665 102.7234257397946 106.267200016872 100.1696501490608 100.15789865621265 103.28082080418211 102.1849301567703
1.0111083228255078 1680.1844632290004 0.0 1.1131316515432776 2015.5693594303948 0.0 t_move_k 100 3412.209037542343 107.81443921552284 102.7234257397946 106.267200016872 100.1696501490608 100.15789865621265 103.28082080418211 102.1849301567703
1.0111083228255078 1680.1844632290004 0.0 1.1127443395615844 2014.2961350570065 0.0 t_multiswap_k 100 3412.716041326523 107.81443921552284 102.7234257397946 106.267200016872 100.1696501490608 100.15789865621265 103.28082080418211 102.16308085520261
1.0111083228255078 1680.1844632290004 0.0 1.1127443395615844 2014.2961350570065 0.0 t_swap_k 100 3413.836024045944 107.81443921552284 102.7234257397946 106.20452801670328 100.1696501490608 100.15789865621265 103.28082080418211 102.16308085520261
1.0111083228255078 1680.1844632290004 0.0 1.1127443395615844 2014.2961350570065 0.0 swap_t 100 3414.8480381965637 107.81443921552284 102.7234257397946 106.20452801670328 100.1696501490608 100.15631966965053 103.28082080418211 102.16308085520261
1.0111083228255078 1680.1844632290004 0.0 1.1127443395615844 2014.2961350570065 0.0 t_swap_k 100 3416.223726272583 107.81443921552284 102.7234257397946 106.14248273653625 100.1696501490608 100.15631966965053 103.28082080418211 102.16308085520261
1.0111083228255078 1680.1844632290004 0.0 1.1115800386414663 2010.4686874707659 0.0 f_swap_t 100 3417.2038836479187 107.81443921552284 102.7234257397946 106.14248273653625 100.19795364757019 100.15631966965053 103.28082080418211 102.16308085520261
1.0111083228255078 1680.1844632290004 0.0 1.1073471258284178 1996.55368349789 0.0 f_swap_t 100 3418.5328121185303 107.81443921552284 102.7234257397946 106.14248273653625 100.19597411109449 100.15631966965053 103.28082080418211 102.16308085520261
1.0111083228255078 1680.1844632290004 0.0 1.0880472262817262 1933.10844124285 0.0 t_move_k 100 3419.762554883957 107.8562948233676 102.7234257397946 106.14248273653625 100.19597411109449 100.15631966965053 103.28082080418211 102.16308085520261
1.0111083228255078 1680.1844632290004 0.0 1.086629517856621 1928.4479582045724 0.0 t_move_k 100 3420.981228351593 107.77773187513392 102.7234257397946 106.14248273653625 100.19597411109449 100.15631966965053 103.28082080418211 102.16308085520261
1.0111083228255078 1680.1844632290004 0.0 1.096043846542949 1959.396013800802 0.0 f_swap_t 100 3422.1673679351807 107.77773187513392 102.7234257397946 106.14248273653625 100.34401436998354 100.15631966965053 103.28082080418211 102.16308085520261
1.0111083228255078 1680.1844632290004 0.0 1.1033827861191232 1985.0813662158262 0.0 swap_t 100 3423.341794490814 107.77773187513392 102.7234257397946 106.14248273653625 100.34401436998354 100.16475647295402 103.28082080418211 102.16308085520261
1.0111083228255078 1680.1844632290004 0.0 1.1145245092145772 2020.1481497069249 0.0 f_swap_t 100 3424.8081352710724 107.77773187513392 102.7234257397946 106.14248273653625 100.4105742262837 100.16475647295402 103.28082080418211 102.16308085520261
1.0111083228255078 1680.1844632290004 0.0 1.1077342320674701 1997.82623152622 0.0 t_swap_k 100 3425.6101388931274 107.77773187513392 102.7234257397946 106.1110579091709 100.4105742262837 100.16475647295402 103.28082080418211 102.16308085520261
1.0111083228255078 1680.1844632290004 0.0 1.1029085023123426 1981.9624394566954 0.0 t_swap_k 100 3426.528124332428 107.77773187513392 102.7234257397946 106.04994733007919 100.4105742262837 100.16475647295402 103.28082080418211 102.16308085520261
1.0111083228255078 1680.1844632290004 0.0 1.0921630328696947 1946.6384777809574 0.0 t_move_k 100 3427.676998615265 107.75995455638258 102.7234257397946 106.04994733007919 100.4105742262837 100.16475647295402 103.28082080418211 102.16308085520261
1.0111083228255078 1680.1844632290004 0.0 1.0894518874220154 1943.1329443791192 0.0 move_t 100 3428.552782535553 107.75995455638258 102.72619148239666 106.04994733007919 100.4105742262837 100.16475647295402 103.28082080418211 102.16308085520261
1.0111083228255078 1680.1844632290004 0.0 1.0860967951004514 1926.6967198502907 0.0 t_move_k 100 3429.2883224487305 107.68235501081875 102.72619148239666 106.04994733007919 100.4105742262837 100.16475647295402 103.28082080418211 102.16308085520261
1.0111083228255078 1680.1844632290004 0.0 1.1458173511908285 2123.0182157002114 0.0 t_swap_k 100 3430.4736535549164 107.68235501081875 102.72619148239666 106.0594478567784 100.4105742262837 100.16475647295402 103.28082080418211 102.16308085520261
1.0111083228255078 1680.1844632290004 0.0 1.1349724937307961 2091.8461686431137 0.0 swap_t 100 3431.1545617580414 107.68235501081875 102.72619148239666 106.0594478567784 100.4105742262837 100.19310890822449 103.28082080418211 102.16308085520261
1.0111083228255078 1680.1844632290004 0.0 1.11259193050293 2013.7951153690642 0.0 t_swap_k 100 3432.3955817222595 107.68235501081875 102.72619148239666 106.09885337821062 100.4105742262837 100.19310890822449 103.28082080418211 102.16308085520261
1.0111083228255078 1680.1844632290004 0.0 1.1061390460371654 1992.5823200804793 0.0 t_swap_r_k 100 3434.379695415497 107.68235501081875 102.72619148239666 106.09885337821062 100.4105742262837 100.19310890822449 103.28801259614029 102.16308085520261
1.0111083228255078 1680.1844632290004 0.0 1.1061390460371654 1992.5823200804793 0.0 t_swap_k 100 3435.714914083481 107.68235501081875 102.72619148239666 106.03786484442851 100.4105742262837 100.19310890822449 103.28801259614029 102.16308085520261
1.0111083228255078 1680.1844632290004 0.0 1.131105192561093 2074.6544163913095 0.0 t_multiswap_k 100 3436.1947836875916 107.68235501081875 102.72619148239666 106.03786484442851 100.4105742262837 100.19310890822449 103.28801259614029 102.27145004665059
1.0111083228255078 1680.1844632290004 0.0 1.122582217627182 2046.6365395050893 0.0 move_t 100 3436.757413625717 107.68235501081875 102.69892956757269 106.03786484442851 100.4105742262837 100.19310890822449 103.28801259614029 102.27145004665059
1.0111083228255078 1680.1844632290004 0.0 1.122582217627182 2046.6365395050893 0.0 f_swap_t 100 3437.7678961753845 107.68235501081875 102.69892956757269 106.03786484442851 100.40646848402086 100.19310890822449 103.28801259614029 102.27145004665059
1.0111083228255078 1680.1844632290004 0.0 1.1065524024299158 1993.9411611673086 0.0 t_multiswap_k 100 3438.4127328395844 107.68235501081875 102.69892956757269 106.03786484442851 100.40646848402086 100.19310890822449 103.28801259614029 102.30873554618408
1.0111083228255078 1680.1844632290004 0.0 1.103304289067144 1983.2635232514044 0.0 t_swap_k 100 3439.395079612732 107.68235501081875 102.69892956757269 105.98748619598423 100.40646848402086 100.19310890822449 103.28801259614029 102.30873554618408
1.0111083228255078 1680.1844632290004 0.0 1.1001685189648476 1972.9551953082987 0.0 t_multiswap_k 100 3439.5557708740234 107.68235501081875 102.69892956757269 105.98748619598423 100.40646848402086 100.19310890822449 103.28801259614029 102.31564819072224
1.0111083228255078 1680.1844632290004 0.0 1.1453481590024905 2121.4758236281045 0.0 t_move_k 100 3440.151062488556 107.81553146071056 102.69892956757269 105.98748619598423 100.40646848402086 100.19310890822449 103.28801259614029 102.31564819072224
1.0111083228255078 1680.1844632290004 0.0 1.1618546016048428 2175.7380360889283 0.0 move_t 100 3441.1731340885162 107.81553146071056 102.82194027189696 105.98748619598423 100.40646848402086 100.19310890822449 103.28801259614029 102.31564819072224
1.0111083228255078 1680.1844632290004 0.0 1.1380500410364305 2097.4844623651948 0.0 t_multiswap_k 100 3441.811183452606 107.81553146071056 102.82194027189696 105.98748619598423 100.40646848402086 100.19310890822449 103.28801259614029 102.38249170881502
1.0111083228255078 1680.1844632290004 0.0 1.13679652968575 2093.363750175944 0.0 swap_t 100 3442.3456604480743 107.81553146071056 102.82194027189696 105.98748619598423 100.40646848402086 100.19117781914224 103.28801259614029 102.38249170881502
1.0111083228255078 1680.1844632290004 0.0 1.12864422186235 2066.5643803894864 0.0 f_swap_t 100 3443.8385622501373 107.81553146071056 102.82194027189696 105.98748619598423 100.46240379918065 100.19117781914224 103.28801259614029 102.38249170881502
1.0111083228255078 1680.1844632290004 0.0 1.1128398593155127 2014.6101405218255 0.0 t_move_k 100 3444.9676008224487 107.88737614610345 102.82194027189696 105.98748619598423 100.46240379918065 100.19117781914224 103.28801259614029 102.38249170881502
1.0111083228255078 1680.1844632290004 0.0 1.097140789988231 1976.0601393574807 0.0 move_t 100 3446.0156326293945 107.88737614610345 102.85372086917799 105.98748619598423 100.46240379918065 100.19117781914224 103.28801259614029 102.38249170881502
1.0111083228255078 1680.1844632290004 0.0 1.072925388939879 1883.3978906167313 0.0 t_move_k 100 3446.8740231990814 107.92850238464241 102.85372086917799 105.98748619598423 100.46240379918065 100.19117781914224 103.28801259614029 102.38249170881502
1.0111083228255078 1680.1844632290004 0.0 1.0852722046515302 1897.9524719841027 0.0 move_t 100 3447.62504696846 107.92850238464241 102.83518366048621 105.98748619598423 100.46240379918065 100.19117781914224 103.28801259614029 102.38249170881502
1.0111083228255078 1680.1844632290004 0.0 1.0684897846976675 1868.816571941276 0.0 t_move_k 100 3448.5219526290894 107.87921736079599 102.83518366048621 105.98748619598423 100.46240379918065 100.19117781914224 103.28801259614029 102.38249170881502
1.0111083228255078 1680.1844632290004 0.0 1.0654928108953343 1858.9645139830968 0.0 f_swap_t 100 3449.435078859329 107.87921736079599 102.83518366048621 105.98748619598423 100.45777976118885 100.19117781914224 103.28801259614029 102.38249170881502
1.0111083228255078 1680.1844632290004 0.0 1.0639710880779627 1853.962100755007 0.0 t_move_k 100 3450.3567414283752 107.87042518718803 102.83518366048621 105.98748619598423 100.45777976118885 100.19117781914224 103.28801259614029 102.38249170881502
1.0111083228255078 1680.1844632290004 0.0 1.067961697096638 1867.0805708963921 0.0 t_multiswap_k 100 3450.891537666321 107.87042518718803 102.83518366048621 105.98748619598423 100.45777976118885 100.19117781914224 103.28801259614029 102.39866679172687
1.0111083228255078 1680.1844632290004 0.0 1.0641249135628126 1854.4677767108687 0.0 t_swap_k 100 3452.08274102211 107.87042518718803 102.83518366048621 105.92761133402439 100.45777976118885 100.19117781914224 103.28801259614029 102.39866679172687
1.0111083228255078 1680.1844632290004 0.0 1.0641249135628126 1854.4677767108687 0.0 swap_t 100 3452.740129470825 107.87042518718803 102.83518366048621 105.92761133402439 100.45777976118885 100.18926604095081 103.28801259614029 102.39866679172687
1.0111083228255078 1680.1844632290004 0.0 1.0641249135628126 1854.4677767108687 0.0 t_swap_r_k 100 3454.4099249839783 107.87042518718803 102.83518366048621 105.92761133402439 100.45777976118885 100.18926604095081 103.29513247017888 102.39866679172687
1.0111083228255078 1680.1844632290004 0.0 1.1068516347518098 1991.8619461260193 0.0 move_t 100 3455.2434763908386 107.87042518718803 102.84683182388135 105.92761133402439 100.45777976118885 100.18926604095081 103.29513247017888 102.39866679172687
1.0111083228255078 1680.1844632290004 0.0 1.1079248744516912 1970.1681447217434 0.0 move_t 100 3455.9674503803253 107.87042518718803 102.85836350564253 105.92761133402439 100.45777976118885 100.18926604095081 103.29513247017888 102.39866679172687
1.0111083228255078 1680.1844632290004 0.0 1.1006598670680445 1974.5704213027893 0.0 t_multiswap_k 100 3456.4276034832 107.87042518718803 102.85836350564253 105.92761133402439 100.45777976118885 100.18926604095081 103.29513247017888 102.3746801238096
1.0111083228255078 1680.1844632290004 0.0 1.0984897078800064 1974.6150438118975 0.0 swap_t 100 3457.0724976062775 107.87042518718803 102.85836350564253 105.92761133402439 100.45777976118885 100.2173733805413 103.29513247017888 102.3746801238096
1.0111083228255078 1680.1844632290004 0.0 1.08745338901306 1931.156298990531 0.0 t_multiswap_k 100 3457.595875263214 107.87042518718803 102.85836350564253 105.92761133402439 100.45777976118885 100.2173733805413 103.29513247017888 102.38093332257151
1.0111083228255078 1680.1844632290004 0.0 1.087347857100004 1930.8093802009653 0.0 move_t 100 3458.4651367664337 107.87042518718803 102.82977987058611 105.92761133402439 100.45777976118885 100.2173733805413 103.29513247017888 102.38093332257151
1.0111083228255078 1680.1844632290004 0.0 1.087347857100004 1930.8093802009653 0.0 swap_t 100 3459.0707399845123 107.87042518718803 102.82977987058611 105.92761133402439 100.45777976118885 100.2151996467359 103.29513247017888 102.38093332257151
1.0111083228255078 1680.1844632290004 0.0 1.0738686112272116 1886.4985785957228 0.0 t_move_k 100 3460.163150072098 107.91172093531615 102.82977987058611 105.92761133402439 100.45777976118885 100.2151996467359 103.29513247017888 102.38093332257151
1.0111083228255078 1680.1844632290004 0.0 1.0710256335057076 1877.1527573996 0.0 f_swap_t 100 3461.263123989105 107.91172093531615 102.82977987058611 105.92761133402439 100.45320196357696 100.2151996467359 103.29513247017888 102.38093332257151
1.0111083228255078 1680.1844632290004 0.0 1.0676610210858444 1866.092148013728 0.0 t_multiswap_k 100 3461.806662797928 107.91172093531615 102.82977987058611 105.92761133402439 100.45320196357696 100.2151996467359 103.29513247017888 102.3871239893458
1.0111083228255078 1680.1844632290004 0.0 1.058034815846216 1834.4475831315417 0.0 f_swap_t 100 3462.827387571335 107.91172093531615 102.82977987058611 105.92761133402439 100.44866994394118 100.2151996467359 103.29513247017888 102.3871239893458
1.0111083228255078 1680.1844632290004 0.0 1.058034815846216 1834.4475831315417 0.0 t_move_k 100 3463.4995062351227 107.832603725963 102.82977987058611 105.92761133402439 100.44866994394118 100.2151996467359 103.29513247017888 102.3871239893458
1.0111083228255078 1680.1844632290004 0.0 1.058034815846216 1834.4475831315417 0.0 swap_t 100 3463.9496042728424 107.832603725963 102.82977987058611 105.92761133402439 100.44866994394118 100.21304765026854 103.29513247017888 102.3871239893458
1.0111083228255078 1680.1844632290004 0.0 1.0644667673837183 1855.5915648648281 0.0 t_move_k 100 3464.800564289093 107.76427768870337 102.82977987058611 105.92761133402439 100.44866994394118 100.21304765026854 103.29513247017888 102.3871239893458
1.0111083228255078 1680.1844632290004 0.0 1.0585834586327874 1836.2511559647205 0.0 t_move_k 100 3465.9734630584717 107.71663491181634 102.82977987058611 105.92761133402439 100.44866994394118 100.21304765026854 103.29513247017888 102.3871239893458
1.0111083228255078 1680.1844632290004 0.0 1.058034815846216 1834.4475831315417 0.0 t_move_k 100 3466.761109352112 107.63946856269818 102.82977987058611 105.92761133402439 100.44866994394118 100.21304765026854 103.29513247017888 102.3871239893458
1.0111083228255078 1680.1844632290004 0.0 1.058034815846216 1834.4475831315417 0.0 t_swap_r_k 100 3468.535199403763 107.63946856269818 102.82977987058611 105.92761133402439 100.44866994394118 100.21304765026854 103.30218114547709 102.3871239893458
1.0111083228255078 1680.1844632290004 0.0 1.0724062954642162 1881.6914562782126 0.0 t_swap_k 100 3469.3173990249634 107.63946856269818 102.82977987058611 105.93833522068415 100.44866994394118 100.21304765026854 103.30218114547709 102.3871239893458
1.0111083228255078 1680.1844632290004 0.0 1.0724062954642162 1881.6914562782126 0.0 t_swap_r_k 100 3470.9683771133423 107.63946856269818 102.82977987058611 105.93833522068415 100.44866994394118 100.21304765026854 103.30915933402233 102.3871239893458
1.0111083228255078 1680.1844632290004 0.0 1.1034429043741938 1983.7191982519275 0.0 t_swap_k 100 3472.418012857437 107.63946856269818 102.82977987058611 105.91895186847731 100.44866994394118 100.21304765026854 103.30915933402233 102.3871239893458
1.0111083228255078 1680.1844632290004 0.0 1.1354420013475832 2088.9109612716084 0.0 t_swap_k 100 3473.6826050281525 107.63946856269818 102.82977987058611 106.01976234979253 100.44866994394118 100.21304765026854 103.30915933402233 102.3871239893458
1.0111083228255078 1680.1844632290004 0.0 1.1161534249284508 2025.5029419341972 0.0 t_multiswap_k 100 3474.199828863144 107.63946856269818 102.82977987058611 106.01976234979253 100.44866994394118 100.21304765026854 103.30915933402233 102.39325274945234
1.0111083228255078 1680.1844632290004 0.0 1.0996551696459336 1977.9122861707935 0.0 move_t 100 3475.0238678455353 107.63946856269818 102.90148207188025 106.01976234979253 100.44866994394118 100.21304765026854 103.30915933402233 102.39325274945234
1.0111083228255078 1680.1844632290004 0.0 1.1137246742840299 2017.5188240562995 0.0 t_multiswap_k 100 3475.5346121788025 107.63946856269818 102.90148207188025 106.01976234979253 100.44866994394118 100.21304765026854 103.30915933402233 102.44932022195782
1.0111083228255078 1680.1844632290004 0.0 1.1067069258874258 1994.4491315933767 0.0 swap_t 100 3476.5162279605865 107.63946856269818 102.90148207188025 106.01976234979253 100.44866994394118 100.21091717376585 103.30915933402233 102.44932022195782
1.0111083228255078 1680.1844632290004 0.0 1.104764188611283 1988.0627026472268 0.0 move_t 100 3477.56494641304 107.63946856269818 102.87246725116145 106.01976234979253 100.44866994394118 100.21091717376585 103.30915933402233 102.44932022195782
1.0111083228255078 1680.1844632290004 0.0 1.0873077528979294 1930.677544239337 0.0 t_move_k 100 3478.5431745052338 107.68307387707121 102.87246725116145 106.01976234979253 100.44866994394118 100.21091717376585 103.30915933402233 102.44932022195782
1.0111083228255078 1680.1844632290004 0.0 1.0827255436784486 1915.6142858379187 0.0 t_move_k 100 3479.4117093086243 107.6062431383005 102.87246725116145 106.01976234979253 100.44866994394118 100.21091717376585 103.30915933402233 102.44932022195782
1.0111083228255078 1680.1844632290004 0.0 1.0839763139061107 1919.7259870365408 0.0 t_swap_k 100 3480.7971658706665 107.6062431383005 102.87246725116145 105.9695647262946 100.44866994394118 100.21091717376585 103.30915933402233 102.44932022195782
1.0111083228255078 1680.1844632290004 0.0 1.0827007450391544 1915.5327643940475 0.0 t_swap_k 100 3481.9626882076263 107.6062431383005 102.87246725116145 105.93986907903167 100.44866994394118 100.21091717376585 103.30915933402233 102.44932022195782
1.0111083228255078 1680.1844632290004 0.0 1.0801292890598564 1907.0795262225206 0.0 t_multiswap_k 100 3482.374616622925 107.6062431383005 102.87246725116145 105.93986907903167 100.44866994394118 100.21091717376585 103.30915933402233 102.45482701973825
1.0111083228255078 1680.1844632290004 0.0 1.0756291111266392 1892.2859321691926 0.0 t_swap_k 100 3483.2700877189636 107.6062431383005 102.87246725116145 105.95047038824136 100.44866994394118 100.21091717376585 103.30915933402233 102.45482701973825
1.0111083228255078 1680.1844632290004 0.0 1.0756291111266392 1892.2859321691926 0.0 swap_t 100 3483.9053497314453 107.6062431383005 102.87246725116145 105.95047038824136 100.44866994394118 100.20880800202819 103.30915933402233 102.45482701973825
1.0111083228255078 1680.1844632290004 0.0 1.06993484541854 1873.5669711486494 0.0 t_multiswap_k 100 3484.344932079315 107.6062431383005 102.87246725116145 105.95047038824136 100.44866994394118 100.20880800202819 103.30915933402233 102.46027874954086
1.0111083228255078 1680.1844632290004 0.0 1.0615594498419454 1846.0342371023767 0.0 f_swap_t 100 3485.124231815338 107.6062431383005 102.87246725116145 105.95047038824136 100.47418324450177 100.20880800202819 103.30915933402233 102.46027874954086
1.0111083228255078 1680.1844632290004 0.0 1.1381195026824003 2097.712806090265 0.0 f_swap_t 100 3485.961680173874 107.6062431383005 102.87246725116145 105.95047038824136 100.50944141205676 100.20880800202819 103.30915933402233 102.46027874954086
1.0111083228255078 1680.1844632290004 0.0 1.1144024477046077 2019.746892588913 0.0 t_swap_r_k 100 3487.9869129657745 107.6062431383005 102.87246725116145 105.95047038824136 100.50944141205676 100.20880800202819 103.3160677406821 102.46027874954086
1.0111083228255078 1680.1844632290004 0.0 1.1093489131017762 2003.1342295879888 0.0 t_swap_r_k 100 3489.8299000263214 107.6062431383005 102.87246725116145 105.95047038824136 100.50944141205676 100.20880800202819 103.32290706327528 102.46027874954086
1.0111083228255078 1680.1844632290004 0.0 1.1093489131017762 2003.1342295879888 0.0 t_swap_r_k 100 3491.8970811367035 107.6062431383005 102.87246725116145 105.95047038824136 100.50944141205676 100.20880800202819 103.32967799264253 102.46027874954086
1.0111083228255078 1680.1844632290004 0.0 1.1093489131017762 2003.1342295879888 0.0 t_swap_k 100 3493.0128931999207 107.6062431383005 102.87246725116145 105.89096568435895 100.50944141205676 100.20880800202819 103.32967799264253 102.46027874954086
1.0111083228255078 1680.1844632290004 0.0 1.1040477676403624 1985.7075866557325 0.0 t_swap_k 100 3493.8114655017853 107.6062431383005 102.87246725116145 105.86205602751535 100.50944141205676 100.20880800202819 103.32967799264253 102.46027874954086
1.0111083228255078 1680.1844632290004 0.0 1.0983025984268968 1966.8212887419697 0.0 t_move_k 100 3494.3947088718414 107.56018070691749 102.87246725116145 105.86205602751535 100.50944141205676 100.20880800202819 103.32967799264253 102.46027874954086
1.0111083228255078 1680.1844632290004 0.0 1.097097795386865 1962.860697104717 0.0 f_swap_t 100 3495.255334854126 107.56018070691749 102.87246725116145 105.86205602751535 100.5043469979362 100.20880800202819 103.32967799264253 102.46027874954086
1.0111083228255078 1680.1844632290004 0.0 1.097097795386865 1962.860697104717 0.0 swap_t 100 3495.802589893341 107.56018070691749 102.87246725116145 105.86205602751535 100.5043469979362 100.2067199220079 103.32967799264253 102.46027874954086
1.0111083228255078 1680.1844632290004 0.0 1.097097795386865 1962.860697104717 0.0 f_swap_t 100 3496.9565913677216 107.56018070691749 102.87246725116145 105.86205602751535 100.49930352795684 100.2067199220079 103.32967799264253 102.46027874954086
1.0111083228255078 1680.1844632290004 0.0 1.138819688622485 2100.014552090797 0.0 f_swap_t 100 3497.862317800522 107.56018070691749 102.87246725116145 105.86205602751535 100.50431049267728 100.2067199220079 103.32967799264253 102.46027874954086
1.0111083228255078 1680.1844632290004 0.0 1.1202430421176512 2038.9468851356357 0.0 move_t 100 3498.6546292304993 107.56018070691749 102.84374257864984 105.86205602751535 100.50431049267728 100.2067199220079 103.32967799264253 102.46027874954086
1.0111083228255078 1680.1844632290004 0.0 1.1186642233691217 2033.756778434048 0.0 t_move_k 100 3499.352506875992 107.51457889984832 102.84374257864984 105.86205602751535 100.50431049267728 100.2067199220079 103.32967799264253 102.46027874954086
1.0111083228255078 1680.1844632290004 0.0 1.1156881701784553 2023.5863258057898 0.0 swap_t 100 3500.0696926116943 107.51457889984832 102.84374257864984 105.86205602751535 100.50431049267728 100.23465272278783 103.32967799264253 102.46027874954086
1.0111083228255078 1680.1844632290004 0.0 1.1020198066992952 1979.040998942232 0.0 t_swap_k 100 3501.148501396179 107.51457889984832 102.84374257864984 105.8634354672402 100.50431049267728 100.23465272278783 103.32967799264253 102.46027874954086
1.0111083228255078 1680.1844632290004 0.0 1.100440987950766 1973.8508922406447 0.0 t_swap_k 100 3501.988584756851 107.51457889984832 102.84374257864984 105.80480111256779 100.50431049267728 100.23465272278783 103.32967799264253 102.46027874954086
1.0111083228255078 1680.1844632290004 0.0 1.100440987950766 1973.8508922406447 0.0 t_multiswap_k 100 3502.3152673244476 107.51457889984832 102.84374257864984 105.80480111256779 100.50431049267728 100.23465272278783 103.32967799264253 102.43567596204545
1.0111083228255078 1680.1844632290004 0.0 1.098788152497698 1968.417467808879 0.0 t_move_k 100 3502.80460190773 107.46943311084983 102.84374257864984 105.80480111256779 100.50431049267728 100.23465272278783 103.32967799264253 102.43567596204545
1.0111083228255078 1680.1844632290004 0.0 1.0977002256393402 1964.8410873765727 0.0 swap_t 100 3503.3748519420624 107.46943311084983 102.84374257864984 105.80480111256779 100.50431049267728 100.23230619555996 103.32967799264253 102.43567596204545
1.0111083228255078 1680.1844632290004 0.0 1.0977002256393402 1964.8410873765727 0.0 t_multiswap_k 100 3503.6696412563324 107.46943311084983 102.84374257864984 105.80480111256779 100.50431049267728 100.23230619555996 103.32967799264253 102.41131920242499
1.0111083228255078 1680.1844632290004 0.0 1.0977002256393402 1964.8410873765727 0.0 t_move_k 100 3504.490886926651 107.39473877974133 102.84374257864984 105.80480111256779 100.50431049267728 100.23230619555996 103.32967799264253 102.41131920242499
1.0111083228255078 1680.1844632290004 0.0 1.0977002256393402 1964.8410873765727 0.0 t_move_k 100 3504.989387512207 107.32079139194391 102.84374257864984 105.80480111256779 100.50431049267728 100.23230619555996 103.32967799264253 102.41131920242499
1.0111083228255078 1680.1844632290004 0.0 1.1089573138290731 2001.8469114512582 0.0 t_move_k 100 3505.814574956894 107.31758347802447 102.84374257864984 105.80480111256779 100.50431049267728 100.23230619555996 103.32967799264253 102.41131920242499
1.0111083228255078 1680.1844632290004 0.0 1.1035835343902711 1984.1814962766803 0.0 swap_t 100 3506.557761192322 107.31758347802447 102.84374257864984 105.80480111256779 100.50431049267728 100.22998313360436 103.32967799264253 102.41131920242499
1.0111083228255078 1680.1844632290004 0.0 1.0978293393128227 1965.2655273210764 0.0 t_move_k 100 3507.610291004181 107.34440764324422 102.84374257864984 105.80480111256779 100.50431049267728 100.22998313360436 103.32967799264253 102.41131920242499
1.0111083228255078 1680.1844632290004 0.0 1.1583036582390656 2164.064894395594 0.0 f_swap_t 100 3508.4594836235046 107.34440764324422 102.84374257864984 105.80480111256779 100.5792673877505 100.22998313360436 103.32967799264253 102.41131920242499
1.0111083228255078 1680.1844632290004 0.0 1.1362636105698374 2091.611866321335 0.0 t_move_k 100 3509.1370351314545 107.30096356681179 102.84374257864984 105.80480111256779 100.5792673877505 100.22998313360436 103.32967799264253 102.41131920242499
1.0111083228255078 1680.1844632290004 0.0 1.1326293443219477 2079.6648143712023 0.0 t_multiswap_k 100 3509.598248720169 107.30096356681179 102.84374257864984 105.80480111256779 100.5792673877505 100.22998313360436 103.32967799264253 102.38720601040075
1.0111083228255078 1680.1844632290004 0.0 1.1326293443219477 2079.6648143712023 0.0 swap_t 100 3510.2335221767426 107.30096356681179 102.84374257864984 105.80480111256779 100.5792673877505 100.22768330226832 103.32967799264253 102.38720601040075
1.0111083228255078 1680.1844632290004 0.0 1.1326293443219477 2079.6648143712023 0.0 swap_t 100 3510.816242456436 107.30096356681179 102.84374257864984 105.80480111256779 100.5792673877505 100.22540646924564 103.32967799264253 102.38720601040075
1.0111083228255078 1680.1844632290004 0.0 1.1326293443219477 2079.6648143712023 0.0 swap_t 100 3511.6550436019897 107.30096356681179 102.84374257864984 105.80480111256779 100.5792673877505 100.22315240455319 103.32967799264253 102.38720601040075
1.0111083228255078 1680.1844632290004 0.0 1.129251303020665 2068.5600597485727 0.0 t_swap_k 100 3512.6921548843384 107.30096356681179 102.84374257864984 105.77675310144211 100.5792673877505 100.22315240455319 103.32967799264253 102.38720601040075
1.0111083228255078 1680.1844632290004 0.0 1.123063271384451 2048.2179245321877 0.0 t_move_k 100 3513.775288105011 107.36795393114367 102.84374257864984 105.77675310144211 100.5792673877505 100.22315240455319 103.32967799264253 102.38720601040075
1.0111083228255078 1680.1844632290004 0.0 1.120224672853479 2038.8864992039564 0.0 move_t 100 3514.38232588768 107.36795393114367 102.81530515286335 105.77675310144211 100.5792673877505 100.22315240455319 103.32967799264253 102.38720601040075
1.0111083228255078 1680.1844632290004 0.0 1.12013843297904 2038.6029998151334 0.0 move_t 100 3515.17959856987 107.36795393114367 102.81715210133471 105.77675310144211 100.5792673877505 100.22315240455319 103.32967799264253 102.38720601040075
1.0111083228255078 1680.1844632290004 0.0 1.1200012539486321 2038.1520463376046 0.0 t_swap_r_k 100 3517.094334125519 107.36795393114367 102.81715210133471 105.77675310144211 100.5792673877505 100.22315240455319 103.3363812127161 102.38720601040075
1.0111083228255078 1680.1844632290004 0.0 1.1200012539486321 2038.1520463376046 0.0 swap_t 100 3517.8942980766296 107.36795393114367 102.81715210133471 105.77675310144211 100.5792673877505 100.22092088050766 103.3363812127161 102.38720601040075
1.0111083228255078 1680.1844632290004 0.0 1.1188987421781982 2061.6507184065217 0.0 move_t 100 3518.6806230545044 107.36795393114367 102.81898058032137 105.77675310144211 100.5792673877505 100.22092088050766 103.3363812127161 102.38720601040075
1.0111083228255078 1680.1844632290004 0.0 1.1182645366344768 2032.4428740976894 0.0 swap_t 100 3519.6609950065613 107.36795393114367 102.81898058032137 105.77675310144211 100.5792673877505 100.2187116717026 103.3363812127161 102.38720601040075
1.0111083228255078 1680.1844632290004 0.0 1.1182645366344768 2032.4428740976894 0.0 swap_t 100 3520.392270565033 107.36795393114367 102.81898058032137 105.77675310144211 100.5792673877505 100.21652455498557 103.3363812127161 102.38720601040075
1.0111083228255078 1680.1844632290004 0.0 1.1182645366344768 2032.4428740976894 0.0 swap_t 100 3521.2014997005463 107.36795393114367 102.81898058032137 105.77675310144211 100.5792673877505 100.21435930943571 103.3363812127161 102.38720601040075
1.0111083228255078 1680.1844632290004 0.0 1.1182645366344768 2032.4428740976894 0.0 move_t 100 3522.0009858608246 107.36795393114367 102.79079077451816 105.77675310144211 100.5792673877505 100.21435930943571 103.3363812127161 102.38720601040075
1.0111083228255078 1680.1844632290004 0.0 1.1144433612453875 2019.8813891182863 0.0 t_swap_k 100 3523.3747951984406 107.36795393114367 102.79079077451816 105.78898557042768 100.5792673877505 100.21435930943571 103.3363812127161 102.38720601040075
1.0111083228255078 1680.1844632290004 0.0 1.1088222575532698 2001.4029361800042 0.0 t_multiswap_k 100 3524.1056723594666 107.36795393114367 102.79079077451816 105.78898557042768 100.5792673877505 100.21435930943571 103.3363812127161 102.39333395029674
1.0111083228255078 1680.1844632290004 0.0 1.1021375875726558 1979.4281841721495 0.0 swap_t 100 3524.9322226047516 107.36795393114367 102.79079077451816 105.78898557042768 100.5792673877505 100.21221571634135 103.3363812127161 102.39333395029674
1.0111083228255078 1680.1844632290004 0.0 1.1021375875726558 1979.4281841721495 0.0 t_multiswap_k 100 3525.329843521118 107.36795393114367 102.79079077451816 105.78898557042768 100.5792673877505 100.21221571634135 103.3363812127161 102.36940061079378
1.0111083228255078 1680.1844632290004 0.0 1.1387854218072238 2099.9019055772587 0.0 t_swap_k 100 3526.7205758094788 107.36795393114367 102.79079077451816 105.7810957147234 100.5792673877505 100.21221571634135 103.3363812127161 102.36940061079378
1.0111083228255078 1680.1844632290004 0.0 1.1301117046618692 2071.3884884888757 0.0 t_swap_r_k 100 3528.504455804825 107.36795393114367 102.79079077451816 105.7810957147234 100.5792673877505 100.21221571634135 103.34301740058895 102.36940061079378
1.0111083228255078 1680.1844632290004 0.0 1.1714261379318125 2207.202885921353 0.0 swap_t 100 3529.591126680374 107.36795393114367 102.79079077451816 105.7810957147234 100.5792673877505 100.45009355917793 103.34301740058895 102.36940061079378
1.0111083228255078 1680.1844632290004 0.0 1.143894537090501 2116.6972809144336 0.0 t_swap_k 100 3530.9988565444946 107.36795393114367 102.79079077451816 105.84328475757617 100.5792673877505 100.45009355917793 103.34301740058895 102.36940061079378
1.0111083228255078 1680.1844632290004 0.0 1.1424397163418796 2111.914797222711 0.0 swap_t 100 3531.873197078705 107.36795393114367 102.79079077451816 105.84328475757617 100.5792673877505 100.44559262358615 103.34301740058895 102.36940061079378
1.0111083228255078 1680.1844632290004 0.0 1.1588062085923483 2165.7169459429215 0.0 move_t 100 3533.034064769745 107.36795393114367 102.91288286677297 105.84328475757617 100.5792673877505 100.44559262358615 103.34301740058895 102.36940061079378
1.0111083228255078 1680.1844632290004 0.0 1.151951713137608 2143.183920648672 0.0 f_swap_t 100 3534.0357320308685 107.36795393114367 102.91288286677297 105.84328475757617 100.573474713873 100.44559262358615 103.34301740058895 102.36940061079378
1.0111083228255078 1680.1844632290004 0.0 1.1449773078172876 2120.256711413097 0.0 move_t 100 3534.7432663440704 107.36795393114367 102.91375403810524 105.84328475757617 100.573474713873 100.44559262358615 103.34301740058895 102.36940061079378
1.0111083228255078 1680.1844632290004 0.0 1.1448481941438051 2119.8322714685933 0.0 swap_t 100 3535.59499001503 107.36795393114367 102.91375403810524 105.84328475757617 100.573474713873 100.44113669735029 103.34301740058895 102.36940061079378
1.0111083228255078 1680.1844632290004 0.0 1.138381503047475 2098.5740891551263 0.0 move_t 100 3536.6620914936066 107.36795393114367 102.91461649772418 105.84328475757617 100.573474713873 100.44113669735029 103.34301740058895 102.36940061079378
1.0111083228255078 1680.1844632290004 0.0 1.1222699473745654 2045.6100024612892 0.0 t_swap_k 100 3538.3091084957123 107.36795393114367 102.91461649772418 105.87485191000042 100.573474713873 100.44113669735029 103.34301740058895 102.36940061079378
1.0111083228255078 1680.1844632290004 0.0 1.1163128734300662 2026.02710263191 0.0 f_swap_t 100 3539.3718481063843 107.36795393114367 102.91461649772418 105.87485191000042 100.56773996673427 100.44113669735029 103.34301740058895 102.36940061079378
1.0111083228255078 1680.1844632290004 0.0 1.1163128734300662 2026.02710263191 0.0 move_t 100 3539.913787841797 107.36795393114367 102.88547033274693 105.87485191000042 100.56773996673427 100.44113669735029 103.34301740058895 102.36940061079378
1.0111083228255078 1680.1844632290004 0.0 1.1163128734300662 2026.02710263191 0.0 f_swap_t 100 3541.13755774498 107.36795393114367 102.88547033274693 105.87485191000042 100.56206256706692 100.44113669735029 103.34301740058895 102.36940061079378
1.0111083228255078 1680.1844632290004 0.0 1.1163128734300662 2026.02710263191 0.0 f_swap_t 100 3542.3602459430695 107.36795393114367 102.88547033274693 105.87485191000042 100.55644194139624 100.44113669735029 103.34301740058895 102.36940061079378
1.0111083228255078 1680.1844632290004 0.0 1.131738357626444 2076.735842300363 0.0 t_move_k 100 3543.434875011444 107.33427439183224 102.88547033274693 105.87485191000042 100.55644194139624 100.44113669735029 103.34301740058895 102.36940061079378
1.0111083228255078 1680.1844632290004 0.0 1.122535808607621 2046.4839774939894 0.0 f_swap_t 100 3544.167510986328 107.33427439183224 102.88547033274693 105.87485191000042 100.61087752198227 100.44113669735029 103.34301740058895 102.36940061079378
1.0111083228255078 1680.1844632290004 0.0 1.119955816300827 2038.002677551227 0.0 t_multiswap_k 100 3544.6254920959473 107.33427439183224 102.88547033274693 105.87485191000042 100.61087752198227 100.44113669735029 103.34301740058895 102.34570660468584
1.0111083228255078 1680.1844632290004 0.0 1.1410357937076774 2107.2996327023566 0.0 t_swap_k 100 3545.82519197464 107.33427439183224 102.88547033274693 105.88610339090042 100.61087752198227 100.44113669735029 103.34301740058895 102.34570660468584
1.0111083228255078 1680.1844632290004 0.0 1.1312242719155563 2075.0458701640723 0.0 f_swap_t 100 3546.777045726776 107.33427439183224 102.88547033274693 105.88610339090042 100.63476874676245 100.44113669735029 103.34301740058895 102.34570660468584
1.0111083228255078 1680.1844632290004 0.0 1.1264701991104304 2070.274543055841 0.0 move_t 100 3547.6207642555237 107.33427439183224 102.88661562941947 105.88610339090042 100.63476874676245 100.44113669735029 103.34301740058895 102.34570660468584
1.0111083228255078 1680.1844632290004 0.0 1.1192799850681479 2035.7809936415713 0.0 move_t 100 3548.4801890850067 107.33427439183224 102.91774947312527 105.88610339090042 100.63476874676245 100.44113669735029 103.34301740058895 102.34570660468584
1.0111083228255078 1680.1844632290004 0.0 1.1144067749810396 2019.7611177977462 0.0 move_t 100 3549.1593520641327 107.33427439183224 102.88857197839401 105.88610339090042 100.63476874676245 100.44113669735029 103.34301740058895 102.34570660468584
1.0111083228255078 1680.1844632290004 0.0 1.1136369739059107 2017.2305235020824 0.0 t_move_k 100 3550.307877779007 107.33093164791391 102.88857197839401 105.88610339090042 100.63476874676245 100.44113669735029 103.34301740058895 102.34570660468584
1.0111083228255078 1680.1844632290004 0.0 1.0889985085434644 1936.235625060718 0.0 t_swap_k 100 3551.8011014461517 107.33093164791391 102.88857197839401 105.88724235699141 100.63476874676245 100.44113669735029 103.34301740058895 102.34570660468584
1.0111083228255078 1680.1844632290004 0.0 1.088728509500003 1935.3480476575512 0.0 t_multiswap_k 100 3552.536327600479 107.33093164791391 102.88857197839401 105.88724235699141 100.63476874676245 100.44113669735029 103.34301740058895 102.32224953863899
1.0111083228255078 1680.1844632290004 0.0 1.088728509500003 1935.3480476575512 0.0 move_t 100 3553.3590965270996 107.33093164791391 102.85968625861007 105.88724235699141 100.63476874676245 100.44113669735029 103.34301740058895 102.32224953863899
1.0111083228255078 1680.1844632290004 0.0 1.088728509500003 1935.3480476575512 0.0 swap_t 100 3554.390063047409 107.33093164791391 102.85968625861007 105.88724235699141 100.63476874676245 100.43672533037679 103.34301740058895 102.32224953863899
1.0111083228255078 1680.1844632290004 0.0 1.0862577462320386 1927.2258201966458 0.0 t_swap_k 100 3555.404410123825 107.33093164791391 102.85968625861007 105.8583699334215 100.63476874676245 100.43672533037679 103.34301740058895 102.32224953863899
1.0111083228255078 1680.1844632290004 0.0 1.1094902143724457 2003.5987342516985 0.0 t_multiswap_k 100 3556.0648007392883 107.33093164791391 102.85968625861007 105.8583699334215 100.63476874676245 100.43672533037679 103.34301740058895 102.3090270432526
1.0111083228255078 1680.1844632290004 0.0 1.1071149797843662 1995.7905415982248 0.0 t_swap_k 100 3557.202299594879 107.33093164791391 102.85968625861007 105.89978623408729 100.63476874676245 100.43672533037679 103.34301740058895 102.3090270432526
1.0111083228255078 1680.1844632290004 0.0 1.1016828255203324 1977.9332287964364 0.0 f_swap_t 100 3558.472412109375 107.33093164791391 102.85968625861007 105.89978623408729 100.62842105929482 100.43672533037679 103.34301740058895 102.3090270432526
1.0111083228255078 1680.1844632290004 0.0 1.0957069308506573 1958.2884589316557 0.0 t_swap_k 100 3559.7582306861877 107.33093164791391 102.85968625861007 105.97078837174641 100.62842105929482 100.43672533037679 103.34301740058895 102.3090270432526
1.0111083228255078 1680.1844632290004 0.0 1.094219428356843 1953.398539383281 0.0 t_swap_r_k 100 3561.5604894161224 107.33093164791391 102.85968625861007 105.97078837174641 100.62842105929482 100.43672533037679 103.34958722658305 102.3090270432526
1.0111083228255078 1680.1844632290004 0.0 1.094219428356843 1953.398539383281 0.0 move_t 100 3562.3524878025055 107.33093164791391 102.83108939602397 105.97078837174641 100.62842105929482 100.43672533037679 103.34958722658305 102.3090270432526
1.0111083228255078 1680.1844632290004 0.0 1.1183185127798638 2032.6203117891027 0.0 f_swap_t 100 3563.736634016037 107.33093164791391 102.83108939602397 105.97078837174641 100.63213684870188 100.43672533037679 103.34958722658305 102.3090270432526
1.0111083228255078 1680.1844632290004 0.0 1.1183185127798638 2032.6203117891027 0.0 f_swap_t 100 3565.2605493068695 107.33093164791391 102.83108939602397 105.97078837174641 100.62581548021485 100.43672533037679 103.34958722658305 102.3090270432526
1.0111083228255078 1680.1844632290004 0.0 1.1136929516116525 2017.4145409936284 0.0 t_multiswap_k 100 3566.218148469925 107.33093164791391 102.83108939602397 105.97078837174641 100.62581548021485 100.43672533037679 103.34958722658305 102.34593677282007
1.0111083228255078 1680.1844632290004 0.0 1.1076783496553912 1997.6425272969025 0.0 move_t 100 3567.3608276844025 107.33093164791391 102.80277850206373 105.97078837174641 100.62581548021485 100.43672533037679 103.34958722658305 102.34593677282007
1.0111083228255078 1680.1844632290004 0.0 1.099464642375567 1970.6413169061582 0.0 t_multiswap_k 100 3568.243987798691 107.33093164791391 102.80277850206373 105.97078837174641 100.62581548021485 100.43672533037679 103.34958722658305 102.35247740509186
1.0111083228255078 1680.1844632290004 0.0 1.094377191040747 1953.9171582328186 0.0 f_swap_t 100 3569.7556097507477 107.33093164791391 102.80277850206373 105.97078837174641 100.6495573254127 100.43672533037679 103.34958722658305 102.35247740509186
1.0111083228255078 1680.1844632290004 0.0 1.094377191040747 1953.9171582328186 0.0 swap_t 100 3570.4329574108124 107.33093164791391 102.80277850206373 105.97078837174641 100.6495573254127 100.43235807707302 103.34958722658305 102.35247740509186
1.0111083228255078 1680.1844632290004 0.0 1.1152326726728994 2022.4761204852557 0.0 t_move_k 100 3571.067725419998 107.33762233143477 102.80277850206373 105.97078837174641 100.6495573254127 100.43235807707302 103.34958722658305 102.35247740509186
1.0111083228255078 1680.1844632290004 0.0 1.0952486045532892 1956.7817866871692 0.0 t_swap_k 100 3572.3301997184753 107.33762233143477 102.80277850206373 106.05108048802894 100.6495573254127 100.43235807707302 103.34958722658305 102.35247740509186
1.0111083228255078 1680.1844632290004 0.0 1.0901596753692668 1940.052769827888 0.0 swap_t 100 3573.1973190307617 107.33762233143477 102.80277850206373 106.05108048802894 100.6495573254127 100.42803449630229 103.34958722658305 102.35247740509186
1.0111083228255078 1680.1844632290004 0.0 1.0901596753692668 1940.052769827888 0.0 swap_t 100 3573.8877782821655 107.33762233143477 102.80277850206373 106.05108048802894 100.6495573254127 100.42375415133927 103.34958722658305 102.35247740509186
1.0111083228255078 1680.1844632290004 0.0 1.0901596753692668 1940.052769827888 0.0 t_swap_k 100 3575.122953414917 107.33762233143477 102.80277850206373 105.99056968314865 100.6495573254127 100.42375415133927 103.34958722658305 102.35247740509186
1.0111083228255078 1680.1844632290004 0.0 1.0897449470379428 1938.6894187188714 0.0 t_multiswap_k 100 3575.7093760967255 107.33762233143477 102.80277850206373 105.99056968314865 100.6495573254127 100.42375415133927 103.34958722658305 102.38895263104094
1.0111083228255078 1680.1844632290004 0.0 1.088266722551317 1933.829999091613 0.0 f_swap_t 100 3576.9785430431366 107.33762233143477 102.80277850206373 105.99056968314865 100.67306175215857 100.42375415133927 103.34958722658305 102.38895263104094
1.0111083228255078 1680.1844632290004 0.0 1.1420939902567082 2110.778279637502 0.0 t_swap_k 100 3578.5236859321594 107.33762233143477 102.80277850206373 106.06066398631717 100.67306175215857 100.42375415133927 103.34958722658305 102.38895263104094
1.0111083228255078 1680.1844632290004 0.0 1.1809636768457725 2238.5559748557866 0.0 t_swap_k 100 3580.239532470703 107.33762233143477 102.80277850206373 106.220057346454 100.67306175215857 100.42375415133927 103.34958722658305 102.38895263104094
1.0111083228255078 1680.1844632290004 0.0 1.1428535606247945 2113.2752421681303 0.0 t_swap_k 100 3581.3967039585114 107.33762233143477 102.80277850206373 106.27785677298945 100.67306175215857 100.42375415133927 103.34958722658305 102.38895263104094
1.0111083228255078 1680.1844632290004 0.0 1.1338363741591653 2092.884942312942 0.0 move_t 100 3582.280604362488 107.33762233143477 102.8347507170431 106.27785677298945 100.67306175215857 100.42375415133927 103.34958722658305 102.38895263104094
1.0111083228255078 1680.1844632290004 0.0 1.1275763062633264 2068.4918149238674 0.0 swap_t 100 3583.2935202121735 107.33762233143477 102.8347507170431 106.27785677298945 100.67306175215857 100.44951660982588 103.34958722658305 102.38895263104094
1.0111083228255078 1680.1844632290004 0.0 1.125600409711565 2056.5583490721633 0.0 t_multiswap_k 100 3584.419152736664 107.33762233143477 102.8347507170431 106.27785677298945 100.67306175215857 100.44951660982588 103.34958722658305 102.46506310473053
1.0111083228255078 1680.1844632290004 0.0 1.1586749285892854 2165.2853845465825 0.0 t_multiswap_k 100 3584.9585542678833 107.33762233143477 102.8347507170431 106.27785677298945 100.67306175215857 100.44951660982588 103.34958722658305 102.53041247368323
1.0111083228255078 1680.1844632290004 0.0 1.1376828664564527 2096.277436384555 0.0 swap_t 100 3585.9858129024506 107.33762233143477 102.8347507170431 106.27785677298945 100.67306175215857 100.44502144372763 103.34958722658305 102.53041247368323
1.0111083228255078 1680.1844632290004 0.0 1.1357140846394524 2089.8053902982683 0.0 t_swap_r_k 100 3588.107081413269 107.33762233143477 102.8347507170431 106.27785677298945 100.67306175215857 100.44502144372763 103.35609135431723 102.53041247368323
1.0111083228255078 1680.1844632290004 0.0 1.1528918818752532 2146.2745705857974 0.0 t_swap_k 100 3589.1858899593353 107.33762233143477 102.8347507170431 106.31507820525955 100.67306175215857 100.44502144372763 103.35609135431723 102.53041247368323
1.0111083228255078 1680.1844632290004 0.0 1.1440977593225568 2117.3653405441323 0.0 t_swap_k 100 3590.5379219055176 107.33762233143477 102.8347507170431 106.28192742320695 100.67306175215857 100.44502144372763 103.35609135431723 102.53041247368323
1.0111083228255078 1680.1844632290004 0.0 1.144078222729255 2117.301117210127 0.0 move_t 100 3591.526339530945 107.33762233143477 102.80640320987266 106.28192742320695 100.67306175215857 100.44502144372763 103.35609135431723 102.53041247368323
1.0111083228255078 1680.1844632290004 0.0 1.1387460097418836 2099.772344901193 0.0 move_t 100 3592.8062479496 107.33762233143477 102.83833917777393 106.28192742320695 100.67306175215857 100.44502144372763 103.35609135431723 102.53041247368323
1.0111083228255078 1680.1844632290004 0.0 1.1341224859841676 2084.573271757286 0.0 t_move_k 100 3594.0650029182434 107.26424610812043 102.83833917777393 106.28192742320695 100.67306175215857 100.44502144372763 103.35609135431723 102.53041247368323
1.0111083228255078 1680.1844632290004 0.0 1.1227349854839384 2047.1387386827193 0.0 t_swap_k 100 3594.9566996097565 107.26424610812043 102.83833917777393 106.34910814897488 100.67306175215857 100.44502144372763 103.35609135431723 102.53041247368323
1.0111083228255078 1680.1844632290004 0.0 1.1138192744960465 2017.8298066784753 0.0 t_multiswap_k 100 3595.9415333271027 107.26424610812043 102.83833917777393 106.34910814897488 100.67306175215857 100.44502144372763 103.35609135431723 102.6051083489464
1.0111083228255078 1680.1844632290004 0.0 1.113549275452585 2016.9422292753086 0.0 swap_t 100 3596.852719306946 107.26424610812043 102.83833917777393 106.34910814897488 100.67306175215857 100.44057122929036 103.35609135431723 102.6051083489464
1.0111083228255078 1680.1844632290004 0.0 1.1344785698662463 2085.743838894536 0.0 f_swap_t 100 3598.194249391556 107.26424610812043 102.83833917777393 106.34910814897488 100.67633113463698 100.44057122929036 103.35609135431723 102.6051083489464
1.0111083228255078 1680.1844632290004 0.0 1.13518956194708 2093.7621014610113 0.0 move_t 100 3599.119120121002 107.26424610812043 102.87995578599619 106.34910814897488 100.67633113463698 100.44057122929036 103.35609135431723 102.6051083489464
1.0111083228255078 1680.1844632290004 0.0 1.1088992559031667 2001.6560555784044 0.0 t_multiswap_k 100 3599.9950952529907 107.26424610812043 102.87995578599619 106.34910814897488 100.67633113463698 100.44057122929036 103.35609135431723 102.60905726545694