16
2 56 4 40

Solution history:
B_obj   B_dis   B_sim   C_obj   C_dis   C_sim   neighbor   iterations   time   scores
0.968801831959653 3222.617354246232 0.07142857142857142 0.968801831959653 3222.617354246232 0.07142857142857142 0 0 0 3.0 3.0 3.0 3.0 3.0 3.0 3.0
0.968801831959653 3222.617354246232 0.07142857142857142 0.968801831959653 3222.617354246232 0.07142857142857142 t_swap_r_k 100 2.464846134185791 3.0 3.0 3.0 3.0 3.0 4.01 3.0
0.968801831959653 3222.617354246232 0.07142857142857142 0.968801831959653 3222.617354246232 0.07142857142857142 t_swap_r_k 100 5.261079788208008 3.0 3.0 3.0 3.0 3.0 5.0099 3.0
0.9505211569307326 3350.5549823751494 0.125 0.9505211569307326 3350.5549823751494 0.125 move_t 3 5.708130121231079 3.0 5.333333333333334 3.0 3.0 3.0 5.0099 3.0
0.9278936286195654 3303.5042237864877 0.17857142857142855 0.9921662122139958 3714.0479825242724 0.17857142857142855 move_t 100 7.141740322113037 3.0 6.32 3.0 3.0 3.0 5.0099 3.0
0.9278936286195654 3303.5042237864877 0.17857142857142855 0.9921662122139958 3714.0479825242724 0.17857142857142855 t_swap_r_k 100 9.066784381866455 3.0 6.32 3.0 3.0 3.0 5.999801 3.0
0.9278936286195654 3303.5042237864877 0.17857142857142855 0.9939080849027642 3748.0788959878555 0.17857142857142855 move_t 100 10.124778032302856 3.0 7.3268 3.0 3.0 3.0 5.999801 3.0
0.9278936286195654 3303.5042237864877 0.17857142857142855 0.9939080849027642 3748.0788959878555 0.17857142857142855 t_swap_r_k 100 12.176624774932861 3.0 7.3268 3.0 3.0 3.0 6.97980299 3.0
0.9278936286195654 3303.5042237864877 0.17857142857142855 1.088993074934053 4047.375454325386 0.08928571428571427 t_swap_k 100 13.751400470733643 3.0 7.3268 4.23 3.0 3.0 6.97980299 3.0
0.9278936286195654 3303.5042237864877 0.17857142857142855 1.138576386797037 4466.190769994833 0.08928571428571427 swap_t 100 16.593507528305054 3.0 7.3268 4.23 3.0 4.02 6.97980299 3.0
0.9278936286195654 3303.5042237864877 0.17857142857142855 1.1103304207499876 4069.605393188408 0.05357142857142857 t_multiswap_k 100 18.55414581298828 3.0 7.3268 4.23 3.0 4.02 6.97980299 4.22
0.9278936286195654 3303.5042237864877 0.17857142857142855 1.08187640822641 3944.8858389109664 0.07142857142857142 t_multiswap_k 100 21.136192560195923 3.0 7.3268 4.23 3.0 4.02 6.97980299 5.2177999999999995
0.9278936286195654 3303.5042237864877 0.17857142857142855 1.0748030543584235 3785.6412705376238 0.03571428571428571 t_swap_r_k 100 22.7484929561615 3.0 7.3268 4.23 3.0 4.02 7.950004960099999 5.2177999999999995
0.9278936286195654 3303.5042237864877 0.17857142857142855 1.1711839570369988 4743.467924766047 0.14285714285714285 f_swap_t 100 25.489522218704224 3.0 7.3268 4.23 4.21 4.02 7.950004960099999 5.2177999999999995
0.9278936286195654 3303.5042237864877 0.17857142857142855 1.1563531974011658 4725.794774554051 0.14285714285714285 swap_t 100 26.375802278518677 3.0 7.3268 4.23 4.21 5.1697999999999995 7.950004960099999 5.2177999999999995
0.9278936286195654 3303.5042237864877 0.17857142857142855 1.1447532519441177 4625.097045534286 0.08928571428571427 swap_t 100 27.52788019180298 3.0 7.3268 4.23 4.21 6.148102 7.950004960099999 5.2177999999999995
0.9278936286195654 3303.5042237864877 0.17857142857142855 1.1202649334169323 4552.506268017137 0.14285714285714285 swap_t 100 30.16841459274292 3.0 7.3268 4.23 4.21 7.23662098 7.950004960099999 5.2177999999999995
0.9278936286195654 3303.5042237864877 0.17857142857142855 1.1264528924174981 4514.778033917132 0.1607142857142857 move_t 100 31.642759799957275 3.0 8.533532000000001 4.23 4.21 7.23662098 7.950004960099999 5.2177999999999995
0.9278936286195654 3303.5042237864877 0.17857142857142855 1.1946316417096332 4836.20935495921 0.12499999999999999 f_swap_t 100 34.50400948524475 3.0 8.533532000000001 4.23 5.2979 7.23662098 7.950004960099999 5.2177999999999995
0.9278936286195654 3303.5042237864877 0.17857142857142855 1.2034074089153646 4774.134283669859 0.07142857142857142 swap_t 100 36.60930895805359 3.0 8.533532000000001 4.23 5.2979 8.3442547702 7.950004960099999 5.2177999999999995
0.9278936286195654 3303.5042237864877 0.17857142857142855 1.179452655682881 4568.158113868638 0.07142857142857142 move_t 100 39.77935433387756 3.0 9.488196680000001 4.23 5.2979 8.3442547702 7.950004960099999 5.2177999999999995
0.9278936286195654 3303.5042237864877 0.17857142857142855 1.1732644454266485 4524.0712891434605 0.07142857142857142 swap_t 100 41.61424231529236 3.0 9.488196680000001 4.23 5.2979 9.290812222498 7.950004960099999 5.2177999999999995
0.9278936286195654 3303.5042237864877 0.17857142857142855 1.171540571821065 4460.587738821163 0.05357142857142857 t_swap_r_k 100 44.120673418045044 3.0 9.488196680000001 4.23 5.2979 9.290812222498 8.910504910499 5.2177999999999995
0.9278936286195654 3303.5042237864877 0.17857142857142855 1.171540571821065 4460.587738821163 0.05357142857142857 t_swap_r_k 100 46.26623320579529 3.0 9.488196680000001 4.23 5.2979 9.290812222498 9.86139986139401 5.2177999999999995
0.9278936286195654 3303.5042237864877 0.17857142857142855 1.171540571821065 4460.587738821163 0.05357142857142857 t_swap_r_k 100 49.375556230545044 3.0 9.488196680000001 4.23 5.2979 9.290812222498 10.802785862780071 5.2177999999999995
0.9278936286195654 3303.5042237864877 0.17857142857142855 1.162782681584663 4518.709587418321 0.08928571428571427 move_t 100 51.16073179244995 3.0 10.483314713200002 4.23 5.2979 9.290812222498 10.802785862780071 5.2177999999999995
0.9278936286195654 3303.5042237864877 0.17857142857142855 1.162782681584663 4518.709587418321 0.08928571428571427 t_swap_r_k 100 52.176212549209595 3.0 10.483314713200002 4.23 5.2979 9.290812222498 11.73475800415227 5.2177999999999995
0.9278936286195654 3303.5042237864877 0.17857142857142855 1.1599246259706628 4597.333083088834 0.08928571428571427 move_t 100 53.49579215049744 3.0 11.408481566068001 4.23 5.2979 9.290812222498 11.73475800415227 5.2177999999999995
0.9278936286195654 3303.5042237864877 0.17857142857142855 1.2027286901955576 4656.738799749288 0.07142857142857142 swap_t 100 55.437846422195435 3.0 11.408481566068001 4.23 5.2979 10.32790410027302 11.73475800415227 5.2177999999999995
0.9278936286195654 3303.5042237864877 0.17857142857142855 1.169396188224566 4491.616172969323 0.05357142857142857 swap_t 100 57.712549924850464 3.0 11.408481566068001 4.23 5.2979 11.25462505927029 11.73475800415227 5.2177999999999995
0.9278936286195654 3303.5042237864877 0.17857142857142855 1.1551997160999719 4356.209853982087 0.05357142857142857 t_swap_r_k 100 59.065932512283325 3.0 11.408481566068001 4.23 5.2979 11.25462505927029 12.657410424110749 5.2177999999999995
0.9278936286195654 3303.5042237864877 0.17857142857142855 1.1498257252644932 4321.883267533632 0.05357142857142857 swap_t 100 61.0565824508667 3.0 11.408481566068001 4.23 5.2979 12.142078808677589 12.657410424110749 5.2177999999999995
0.9278936286195654 3303.5042237864877 0.17857142857142855 1.1466946298709748 4301.883267534674 0.05357142857142857 t_move_k 100 64.1971800327301 3.9699999999999998 11.408481566068001 4.23 5.2979 12.142078808677589 12.657410424110749 5.2177999999999995
0.9278936286195654 3303.5042237864877 0.17857142857142855 1.1695081909114513 4732.76390004084 0.14285714285714285 f_swap_t 100 65.60806655883789 3.9699999999999998 11.408481566068001 4.23 6.384921 12.142078808677589 12.657410424110749 5.2177999999999995
0.9278936286195654 3303.5042237864877 0.17857142857142855 1.161624036778175 4682.403542772989 0.14285714285714285 t_swap_k 100 67.37146878242493 3.9699999999999998 11.408481566068001 5.757700000000001 6.384921 12.142078808677589 12.657410424110749 5.2177999999999995
0.9278936286195654 3303.5042237864877 0.17857142857142855 1.1277857767124817 4409.228655923065 0.125 t_swap_r_k 100 70.56541633605957 3.9699999999999998 11.408481566068001 5.757700000000001 6.384921 12.142078808677589 13.570836319869642 5.2177999999999995
0.9278936286195654 3303.5042237864877 0.17857142857142855 1.1144445407667198 4438.074196180278 0.1607142857142857 f_swap_t 100 73.7803521156311 3.9699999999999998 11.408481566068001 5.757700000000001 7.54107179 12.142078808677589 13.570836319869642 5.2177999999999995
0.9278936286195654 3303.5042237864877 0.17857142857142855 1.1144445407667198 4438.074196180278 0.1607142857142857 swap_t 100 76.09999012947083 3.9699999999999998 11.408481566068001 5.757700000000001 7.54107179 13.020658020590814 13.570836319869642 5.2177999999999995
0.9278936286195654 3303.5042237864877 0.17857142857142855 1.1013513586135402 4354.440959201289 0.1607142857142857 move_t 100 77.79789566993713 3.9699999999999998 12.47439675040732 5.757700000000001 7.54107179 13.020658020590814 13.570836319869642 5.2177999999999995
0.9278936286195654 3303.5042237864877 0.17857142857142855 1.1013513586135402 4354.440959201289 0.1607142857142857 t_swap_r_k 100 79.73472738265991 3.9699999999999998 12.47439675040732 5.757700000000001 7.54107179 13.020658020590814 14.475127956670946 5.2177999999999995
0.9278936286195654 3303.5042237864877 0.17857142857142855 1.1088086413890146 4345.043042701742 0.14285714285714285 t_swap_k 100 82.32353353500366 3.9699999999999998 12.47439675040732 6.980123000000001 7.54107179 13.020658020590814 14.475127956670946 5.2177999999999995
0.9278936286195654 3303.5042237864877 0.17857142857142855 1.1155967607297268 4388.402432865389 0.14285714285714285 f_swap_t 100 85.08649587631226 3.9699999999999998 12.47439675040732 6.980123000000001 8.5456610721 13.020658020590814 14.475127956670946 5.2177999999999995
0.9278936286195654 3303.5042237864877 0.17857142857142855 1.149014081200039 4556.552777829355 0.14285714285714285 move_t 100 87.70364832878113 3.9699999999999998 13.539652782903248 6.980123000000001 8.5456610721 13.020658020590814 14.475127956670946 5.2177999999999995
0.9278936286195654 3303.5042237864877 0.17857142857142855 1.1295124043103404 4569.964817494019 0.08928571428571429 swap_t 100 90.83857011795044 3.9699999999999998 13.539652782903248 6.980123000000001 8.5456610721 13.920451440384905 14.475127956670946 5.2177999999999995
0.9278936286195654 3303.5042237864877 0.17857142857142855 1.1295124043103404 4569.964817494019 0.08928571428571429 t_swap_r_k 100 92.89046001434326 3.9699999999999998 13.539652782903248 6.980123000000001 8.5456610721 13.920451440384905 15.370376677104236 5.2177999999999995
0.9278936286195654 3303.5042237864877 0.17857142857142855 1.1215726919067817 4369.542322391113 0.125 f_swap_t 100 95.09647798538208 3.9699999999999998 13.539652782903248 6.980123000000001 9.530204461379 13.920451440384905 15.370376677104236 5.2177999999999995
0.9278936286195654 3303.5042237864877 0.17857142857142855 1.1080306486026272 4226.010350940673 0.10714285714285715 t_swap_r_k 100 96.96590495109558 3.9699999999999998 13.539652782903248 6.980123000000001 9.530204461379 13.920451440384905 16.256672910333194 5.2177999999999995
0.9278936286195654 3303.5042237864877 0.17857142857142855 1.0917004239800263 4178.731988173663 0.125 t_swap_r_k 100 99.34317994117737 3.9699999999999998 13.539652782903248 6.980123000000001 9.530204461379 13.920451440384905 17.13410618122986 5.2177999999999995
0.9278936286195654 3303.5042237864877 0.17857142857142855 1.0917004239800263 4178.731988173663 0.125 t_swap_r_k 100 100.97275805473328 3.9699999999999998 13.539652782903248 6.980123000000001 9.530204461379 13.920451440384905 18.00276511941756 5.2177999999999995
0.9278936286195654 3303.5042237864877 0.17857142857142855 1.1048948224995312 4263.011748835894 0.125 move_t 100 102.05301356315613 3.9699999999999998 14.534256255074215 6.980123000000001 9.530204461379 13.920451440384905 18.00276511941756 5.2177999999999995
0.9278936286195654 3303.5042237864877 0.17857142857142855 1.1048948224995312 4263.011748835894 0.125 t_swap_r_k 100 105.62293744087219 3.9699999999999998 14.534256255074215 6.980123000000001 9.530204461379 13.920451440384905 18.862737468223386 5.2177999999999995
0.9278936286195654 3303.5042237864877 0.17857142857142855 1.1440990859251294 4576.191769727027 0.08928571428571427 swap_t 100 108.64613699913025 3.9699999999999998 14.534256255074215 6.980123000000001 9.530204461379 14.861246925981057 18.862737468223386 5.2177999999999995
0.9278936286195654 3303.5042237864877 0.17857142857142855 1.1249376574648713 4361.847330869699 0.10714285714285714 move_t 100 110.33366799354553 3.9699999999999998 15.568913692523473 6.980123000000001 9.530204461379 14.861246925981057 18.862737468223386 5.2177999999999995
0.9278936286195654 3303.5042237864877 0.17857142857142855 1.143168189441228 4450.452831418952 0.10714285714285714 t_swap_k 100 112.2181601524353 3.9699999999999998 15.568913692523473 8.19032177 9.530204461379 14.861246925981057 18.862737468223386 5.2177999999999995
0.9278936286195654 3303.5042237864877 0.17857142857142855 1.0535376395528293 4220.123717909759 0.21428571428571425 t_multiswap_k 100 114.64474058151245 3.9699999999999998 15.568913692523473 8.19032177 9.530204461379 14.861246925981057 18.862737468223386 6.375622
0.9278936286195654 3303.5042237864877 0.17857142857142855 1.0527825294018294 4072.332967596282 0.1607142857142857 move_t 100 116.13364434242249 3.9699999999999998 16.60322455559824 8.19032177 9.530204461379 14.861246925981057 18.862737468223386 6.375622
0.9278936286195654 3303.5042237864877 0.17857142857142855 1.119787722275969 4187.045909319948 0.07142857142857142 f_swap_t 100 117.89998817443848 3.9699999999999998 16.60322455559824 8.19032177 10.52490241676521 14.861246925981057 18.862737468223386 6.375622
0.9278936286195654 3303.5042237864877 0.17857142857142855 1.0784976939825874 4151.430625350336 0.14285714285714285 t_move_k 100 119.80247569084167 5.0603 16.60322455559824 8.19032177 10.52490241676521 14.861246925981057 18.862737468223386 6.375622
0.9278936286195654 3303.5042237864877 0.17857142857142855 1.073713819391724 4006.8101995805264 0.10714285714285715 t_swap_r_k 100 121.6396267414093 5.0603 16.60322455559824 8.19032177 10.52490241676521 14.861246925981057 19.71411009354115 6.375622
0.9278936286195654 3303.5042237864877 0.17857142857142855 1.1090374116053399 4346.504321823334 0.14285714285714285 t_multiswap_k 100 123.23712968826294 5.0603 16.60322455559824 8.19032177 10.52490241676521 14.861246925981057 19.71411009354115 7.53186578
0.9278936286195654 3303.5042237864877 0.17857142857142855 1.1497973100276064 4492.796610530606 0.10714285714285714 t_multiswap_k 100 126.10911893844604 5.0603 16.60322455559824 8.19032177 10.52490241676521 14.861246925981057 19.71411009354115 8.826547122200001
0.9278936286195654 3303.5042237864877 0.17857142857142855 1.1236790042914675 4320.029714687788 0.125 swap_t 100 128.6621708869934 5.0603 16.60322455559824 8.19032177 10.52490241676521 15.772634456721246 19.71411009354115 8.826547122200001
0.9278936286195654 3303.5042237864877 0.17857142857142855 1.2211332314784156 4891.426113471797 0.08928571428571427 f_swap_t 100 132.03548908233643 5.0603 16.60322455559824 8.19032177 11.669653392597558 15.772634456721246 19.71411009354115 8.826547122200001
0.9278936286195654 3303.5042237864877 0.17857142857142855 1.2212131497239707 4714.579112857466 0.08928571428571427 move_t 100 134.1281657218933 5.0603 17.447192310042254 8.19032177 11.669653392597558 15.772634456721246 19.71411009354115 8.826547122200001
0.9278936286195654 3303.5042237864877 0.17857142857142855 1.2100217665938509 4820.451176668613 0.08928571428571427 f_swap_t 100 137.80489015579224 5.0603 17.447192310042254 8.19032177 12.862956858671582 15.772634456721246 19.71411009354115 8.826547122200001
0.9278936286195654 3303.5042237864877 0.17857142857142855 1.1158826468768397 4276.165311342437 0.10714285714285712 t_multiswap_k 100 139.70428252220154 5.0603 17.447192310042254 8.19032177 12.862956858671582 15.772634456721246 19.71411009354115 9.918281650978
0.9278936286195654 3303.5042237864877 0.17857142857142855 1.2073724044191647 5044.340255878822 0.125 swap_t 100 141.76485013961792 5.0603 17.447192310042254 8.19032177 12.862956858671582 16.754908112154034 19.71411009354115 9.918281650978
0.9278936286195654 3303.5042237864877 0.17857142857142855 1.1718356974849402 4576.536097070793 0.08928571428571427 t_swap_r_k 100 144.35352778434753 5.0603 17.447192310042254 8.19032177 12.862956858671582 16.754908112154034 20.55696899260574 9.918281650978
0.9278936286195654 3303.5042237864877 0.17857142857142855 1.1379363583108049 4702.192373382211 0.1964285714285714 move_t 100 145.5392632484436 5.0603 18.40272038694183 8.19032177 12.862956858671582 16.754908112154034 20.55696899260574 9.918281650978
0.9278936286195654 3303.5042237864877 0.17857142857142855 1.3247839997569644 5325.373176862811 0.017857142857142856 f_swap_t 100 147.88341093063354 5.0603 18.40272038694183 8.19032177 14.014327290084866 16.754908112154034 20.55696899260574 9.918281650978
0.9278936286195654 3303.5042237864877 0.17857142857142855 1.2596651080977634 5023.486821707807 0.05357142857142857 f_swap_t 100 151.91678881645203 5.0603 18.40272038694183 8.19032177 14.964184017184017 16.754908112154034 20.55696899260574 9.918281650978
0.9278936286195654 3303.5042237864877 0.17857142857142855 1.2412144757480306 4848.601036793339 0.03571428571428571 f_swap_t 100 153.37184357643127 5.0603 18.40272038694183 8.19032177 15.814542177012177 16.754908112154034 20.55696899260574 9.918281650978
0.9278936286195654 3303.5042237864877 0.17857142857142855 1.2287727259658525 4819.644358215232 0.05357142857142857 swap_t 100 155.07290863990784 5.0603 18.40272038694183 8.19032177 15.814542177012177 17.617359031032493 20.55696899260574 9.918281650978
0.9278936286195654 3303.5042237864877 0.17857142857142855 1.2152180488400819 4796.611026733404 0.07142857142857142 swap_t 100 156.5173261165619 5.0603 18.40272038694183 8.19032177 15.814542177012177 18.44118544072217 20.55696899260574 9.918281650978
0.9278936286195654 3303.5042237864877 0.17857142857142855 1.2831152304202553 5344.370284470261 0.10714285714285712 f_swap_t 100 158.94486451148987 5.0603 18.40272038694183 8.19032177 16.936396755242054 18.44118544072217 20.55696899260574 9.918281650978
0.9278936286195654 3303.5042237864877 0.17857142857142855 1.2406539926543225 4959.08415907916 0.07142857142857142 t_swap_r_k 100 160.45209741592407 5.0603 18.40272038694183 8.19032177 16.936396755242054 18.44118544072217 21.39139930267968 9.918281650978
0.9278936286195654 3303.5042237864877 0.17857142857142855 1.2404658194880982 5082.538521816396 0.10714285714285714 move_t 100 161.77475595474243 5.0603 19.348693183072413 8.19032177 16.936396755242054 18.44118544072217 21.39139930267968 9.918281650978
0.9278936286195654 3303.5042237864877 0.17857142857142855 1.1906791268650296 4753.9308890959965 0.10714285714285712 t_multiswap_k 100 163.33704352378845 5.0603 19.348693183072413 8.19032177 16.936396755242054 18.44118544072217 21.39139930267968 10.909098834468221
0.9278936286195654 3303.5042237864877 0.17857142857142855 1.1906791268650296 4753.9308890959965 0.10714285714285712 f_swap_t 100 165.3126254081726 5.0603 19.348693183072413 8.19032177 17.767032787689633 18.44118544072217 21.39139930267968 10.909098834468221
0.9278936286195654 3303.5042237864877 0.17857142857142855 1.199607698293601 4753.9308890959965 0.08928571428571427 t_swap_r_k 100 167.845951795578 5.0603 19.348693183072413 8.19032177 17.767032787689633 18.44118544072217 22.217485309652883 10.909098834468221
0.9278936286195654 3303.5042237864877 0.17857142857142855 1.246735449606179 5111.992945296956 0.10714285714285712 f_swap_t 100 169.9796769618988 5.0603 19.348693183072413 8.19032177 18.839362459812737 18.44118544072217 22.217485309652883 10.909098834468221
0.9278936286195654 3303.5042237864877 0.17857142857142855 1.2372977248409285 5051.709092021227 0.10714285714285714 t_swap_k 100 171.27000498771667 5.0603 19.348693183072413 9.4784185523 18.839362459812737 18.44118544072217 22.217485309652883 10.909098834468221
0.9278936286195654 3303.5042237864877 0.17857142857142855 1.147152420025014 4361.839036378715 0.07142857142857142 t_multiswap_k 100 172.3895502090454 5.0603 19.348693183072413 9.4784185523 18.839362459812737 18.44118544072217 22.217485309652883 11.950007846123539
0.9278936286195654 3303.5042237864877 0.17857142857142855 1.1401599692099627 4146.079624072539 0.017857142857142856 t_swap_r_k 100 175.24114632606506 5.0603 19.348693183072413 9.4784185523 18.839362459812737 18.44118544072217 23.035310456556353 11.950007846123539
0.9278936286195654 3303.5042237864877 0.17857142857142855 1.1012968368861538 4281.546755342469 0.12499999999999999 swap_t 100 177.2871105670929 5.0603 19.348693183072413 9.4784185523 18.839362459812737 19.346773586314946 23.035310456556353 11.950007846123539
0.9278936286195654 3303.5042237864877 0.17857142857142855 1.1236655822597195 4382.910745193953 0.12499999999999999 move_t 100 179.84605288505554 5.0603 20.435206251241688 9.4784185523 18.839362459812737 19.346773586314946 23.035310456556353 11.950007846123539
0.9278936286195654 3303.5042237864877 0.17857142857142855 1.145850686378765 4353.524159426221 0.07142857142857142 t_multiswap_k 100 181.1264591217041 5.0603 20.435206251241688 9.4784185523 18.839362459812737 19.346773586314946 23.035310456556353 12.980507767662303
0.9278936286195654 3303.5042237864877 0.17857142857142855 1.20095874383789 4762.5607478158245 0.08928571428571427 f_swap_t 100 183.21808075904846 5.0603 20.435206251241688 9.4784185523 19.90096883521461 19.346773586314946 23.035310456556353 12.980507767662303
0.9278936286195654 3303.5042237864877 0.17857142857142855 1.1540156629616043 4405.678281586253 0.07142857142857142 swap_t 100 186.07486844062805 5.0603 20.435206251241688 9.4784185523 19.90096883521461 20.153305850451797 23.035310456556353 12.980507767662303
0.9278936286195654 3303.5042237864877 0.17857142857142855 1.1255998449467184 4281.202696296589 0.08928571428571427 t_multiswap_k 100 187.9893980026245 5.0603 20.435206251241688 9.4784185523 19.90096883521461 20.153305850451797 23.035310456556353 13.88070268998568
0.9278936286195654 3303.5042237864877 0.17857142857142855 1.09639918859318 4208.745539486316 0.125 swap_t 100 190.8174057006836 5.0603 20.435206251241688 9.4784185523 19.90096883521461 20.95177279194728 23.035310456556353 13.88070268998568
0.9278936286195654 3303.5042237864877 0.17857142857142855 1.0957070144687733 4204.324248932196 0.125 swap_t 100 193.65543413162231 5.0603 20.435206251241688 9.4784185523 19.90096883521461 21.74225506402781 23.035310456556353 13.88070268998568
0.9278936286195654 3303.5042237864877 0.17857142857142855 1.0957070144687733 4204.324248932196 0.125 swap_t 100 195.9465093612671 5.0603 20.435206251241688 9.4784185523 19.90096883521461 22.52483251338753 23.035310456556353 13.88070268998568
0.9278936286195654 3303.5042237864877 0.17857142857142855 1.209879695945606 4705.4804635967 0.05357142857142857 f_swap_t 100 199.46528267860413 5.0603 20.435206251241688 9.4784185523 20.971959146862464 22.52483251338753 23.035310456556353 13.88070268998568
0.9278936286195654 3303.5042237864877 0.17857142857142855 1.1667441138853816 4429.950167411731 0.05357142857142857 move_t 100 202.3168499469757 5.0603 21.23085418872927 9.4784185523 20.971959146862464 22.52483251338753 23.035310456556353 13.88070268998568
0.9278936286195654 3303.5042237864877 0.17857142857142855 1.1360842060873821 4291.140366769561 0.07142857142857142 t_multiswap_k 100 204.91191458702087 5.0603 21.23085418872927 9.4784185523 20.971959146862464 22.52483251338753 23.035310456556353 14.801895663085823
0.9278936286195654 3303.5042237864877 0.17857142857142855 1.209654458355198 4875.136595753543 0.10714285714285712 f_swap_t 100 207.7628824710846 5.0603 21.23085418872927 9.4784185523 22.042239555393838 22.52483251338753 23.035310456556353 14.801895663085823
0.9278936286195654 3303.5042237864877 0.17857142857142855 1.124412691708638 4387.682937382195 0.125 t_multiswap_k 100 210.50988721847534 5.0603 21.23085418872927 9.4784185523 22.042239555393838 22.52483251338753 23.035310456556353 15.743876706454964
0.9278936286195654 3303.5042237864877 0.17857142857142855 1.1298017130738167 4193.979069973353 0.05357142857142857 f_swap_t 100 213.30385088920593 5.0603 21.23085418872927 9.4784185523 22.8318171598399 22.52483251338753 23.035310456556353 15.743876706454964
0.9278936286195654 3303.5042237864877 0.17857142857142855 1.1261722311870734 4227.827221342496 0.07142857142857142 t_swap_k 100 214.57032299041748 5.0603 21.23085418872927 10.703634366777 22.8318171598399 22.52483251338753 23.035310456556353 15.743876706454964
0.9278936286195654 3303.5042237864877 0.17857142857142855 1.1070673232105 4162.825455069023 0.08928571428571427 t_multiswap_k 100 215.93087792396545 5.0603 21.23085418872927 10.703634366777 22.8318171598399 22.52483251338753 23.035310456556353 16.646437939390413
0.9278936286195654 3303.5042237864877 0.17857142857142855 1.0758410816818458 4248.524636520197 0.17857142857142855 move_t 100 217.576025724411 5.0603 22.488545646841978 10.703634366777 22.8318171598399 22.52483251338753 23.035310456556353 16.646437939390413
0.9278936286195654 3303.5042237864877 0.17857142857142855 1.066723582614479 4186.167623698237 0.1607142857142857 swap_t 100 220.30187582969666 5.0603 22.488545646841978 10.703634366777 22.8318171598399 23.329584188253655 23.035310456556353 16.646437939390413
0.9278936286195654 3303.5042237864877 0.17857142857142855 1.0834617751101865 4382.844442719015 0.19642857142857142 swap_t 100 221.69571256637573 5.0603 22.488545646841978 10.703634366777 22.8318171598399 24.19628834637112 23.035310456556353 16.646437939390413
0.9278936286195654 3303.5042237864877 0.17857142857142855 1.1953215331108995 4783.584449030567 0.10714285714285712 f_swap_t 100 225.27322483062744 5.0603 22.488545646841978 10.703634366777 23.9134989882415 24.19628834637112 23.035310456556353 16.646437939390413
0.9278936286195654 3303.5042237864877 0.17857142857142855 1.1303103270541617 4425.354324574197 0.12499999999999999 t_swap_r_k 100 228.8056366443634 5.0603 22.488545646841978 10.703634366777 23.9134989882415 24.19628834637112 23.84495735199079 16.646437939390413
0.9278936286195654 3303.5042237864877 0.17857142857142855 1.132606154532895 4497.05063207064 0.14285714285714285 swap_t 100 231.61352801322937 5.0603 22.488545646841978 10.703634366777 23.9134989882415 25.11432546290741 23.84495735199079 16.646437939390413
0.9278936286195654 3303.5042237864877 0.17857142857142855 1.1595880357565607 4783.461733893291 0.17857142857142855 f_swap_t 100 236.48742604255676 5.0603 22.488545646841978 10.703634366777 25.034363998359083 25.11432546290741 23.84495735199079 16.646437939390413
0.9278936286195654 3303.5042237864877 0.17857142857142855 1.135746148407939 4701.9918926253895 0.17857142857142855 swap_t 100 238.9234311580658 5.0603 22.488545646841978 10.703634366777 25.034363998359083 25.983182208278336 23.84495735199079 16.646437939390413
0.9278936286195654 3303.5042237864877 0.17857142857142855 1.1258007263513468 4676.034598335174 0.21428571428571427 swap_t 100 240.6934723854065 5.0603 22.488545646841978 10.703634366777 25.034363998359083 26.893350386195554 23.84495735199079 16.646437939390413
0.9278936286195654 3303.5042237864877 0.17857142857142855 1.0781230751716528 4377.164194341335 0.21428571428571427 t_swap_k 100 242.6829056739807 5.0603 22.488545646841978 11.77659802310923 25.034363998359083 26.893350386195554 23.84495735199079 16.646437939390413
0.9278936286195654 3303.5042237864877 0.17857142857142855 1.152178744886656 4736.134585158977 0.17857142857142855 t_swap_k 100 247.63422107696533 5.0603 22.488545646841978 12.908832042878139 25.034363998359083 26.893350386195554 23.84495735199079 16.646437939390413
0.9278936286195654 3303.5042237864877 0.17857142857142855 1.1700358877437989 4736.134585158977 0.14285714285714285 t_swap_r_k 100 250.14382696151733 5.0603 22.488545646841978 12.908832042878139 25.034363998359083 26.893350386195554 24.64650777847088 16.646437939390413
0.9278936286195654 3303.5042237864877 0.17857142857142855 1.1188207201688165 4523.0588367473865 0.17857142857142855 t_move_k 100 252.1078679561615 6.189697 22.488545646841978 12.908832042878139 25.034363998359083 26.893350386195554 24.64650777847088 16.646437939390413
0.9278936286195654 3303.5042237864877 0.17857142857142855 1.1734601097135968 4640.043118156615 0.10714285714285714 move_t 100 253.8304443359375 6.189697 23.57366019037356 12.908832042878139 25.034363998359083 26.893350386195554 24.64650777847088 16.646437939390413
0.9278936286195654 3303.5042237864877 0.17857142857142855 1.1734601097135968 4640.043118156615 0.10714285714285714 t_swap_r_k 100 255.6510875225067 6.189697 23.57366019037356 12.908832042878139 25.034363998359083 26.893350386195554 25.44004270068617 16.646437939390413
0.9278936286195654 3303.5042237864877 0.17857142857142855 1.274148176276031 5173.029628062941 0.07142857142857142 f_swap_t 100 258.55455350875854 6.189697 23.57366019037356 12.908832042878139 26.154020358375494 26.893350386195554 25.44004270068617 16.646437939390413
0.9278936286195654 3303.5042237864877 0.17857142857142855 1.140409353320955 4432.830652766457 0.10714285714285712 t_multiswap_k 100 260.87532138824463 6.189697 23.57366019037356 12.908832042878139 26.154020358375494 26.893350386195554 25.44004270068617 17.82997355999651
0.9278936286195654 3303.5042237864877 0.17857142857142855 1.116045221488784 4049.077301350259 0.03571428571428571 t_swap_r_k 100 263.13768577575684 6.189697 23.57366019037356 12.908832042878139 26.154020358375494 26.893350386195554 26.22564227367931 17.82997355999651
0.9278936286195654 3303.5042237864877 0.17857142857142855 1.101993270192109 4157.2274700064945 0.08928571428571427 move_t 100 264.4215450286865 6.189697 24.587923588469824 12.908832042878139 26.154020358375494 26.893350386195554 26.22564227367931 17.82997355999651
0.9278936286195654 3303.5042237864877 0.17857142857142855 1.1436189606250218 4396.300535312705 0.08928571428571427 f_swap_t 100 266.7191722393036 6.189697 24.587923588469824 12.908832042878139 27.02248015479174 26.893350386195554 26.22564227367931 17.82997355999651
0.9278936286195654 3303.5042237864877 0.17857142857142855 1.1124371183065958 4197.125241060417 0.08928571428571427 swap_t 100 269.0398840904236 6.189697 24.587923588469824 12.908832042878139 27.02248015479174 27.6244168823336 26.22564227367931 17.82997355999651
0.9278936286195654 3303.5042237864877 0.17857142857142855 1.2085344627877197 4951.036032157861 0.08928571428571427 swap_t 100 270.121835231781 6.189697 24.587923588469824 12.908832042878139 27.02248015479174 28.418172713510263 26.22564227367931 17.82997355999651
0.9278936286195654 3303.5042237864877 0.17857142857142855 1.2655342520034436 5060.976218661499 0.05357142857142857 f_swap_t 100 272.6577739715576 6.189697 24.587923588469824 12.908832042878139 27.942255353243823 28.418172713510263 26.22564227367931 17.82997355999651
0.9278936286195654 3303.5042237864877 0.17857142857142855 1.2186219334264194 4761.321863372989 0.05357142857142857 t_swap_r_k 100 275.60494804382324 6.189697 24.587923588469824 12.908832042878139 27.942255353243823 28.418172713510263 27.003385850942514 17.82997355999651
0.9278936286195654 3303.5042237864877 0.17857142857142855 1.2246710051671692 4913.956298971595 0.03571428571428571 swap_t 100 277.77251625061035 6.189697 24.587923588469824 12.908832042878139 27.942255353243823 29.17399098637516 27.003385850942514 17.82997355999651
0.9278936286195654 3303.5042237864877 0.17857142857142855 1.1931494792905692 4712.678750843906 0.08928571428571427 swap_t 100 279.4827015399933 6.189697 24.587923588469824 12.908832042878139 27.942255353243823 29.88225107651141 27.003385850942514 17.82997355999651
0.9278936286195654 3303.5042237864877 0.17857142857142855 1.1985378366699644 4918.191950665509 0.14285714285714285 f_swap_t 100 282.1270921230316 6.189697 24.587923588469824 12.908832042878139 29.012832799711383 29.88225107651141 27.003385850942514 17.82997355999651
0.9278936286195654 3303.5042237864877 0.17857142857142855 1.1664846931181496 4641.458771572742 0.14285714285714285 move_t 100 284.59238600730896 6.189697 25.372044352585124 12.908832042878139 29.012832799711383 29.88225107651141 27.003385850942514 17.82997355999651
0.9278936286195654 3303.5042237864877 0.17857142857142855 1.141074587082096 4551.143091637921 0.14285714285714285 t_multiswap_k 100 286.35138463974 6.189697 25.372044352585124 12.908832042878139 29.012832799711383 29.88225107651141 27.003385850942514 18.861673824396544
0.9278936286195654 3303.5042237864877 0.17857142857142855 1.141074587082096 4551.143091637921 0.14285714285714285 swap_t 100 287.99508142471313 6.189697 25.372044352585124 12.908832042878139 29.012832799711383 30.583428565746296 27.003385850942514 18.861673824396544
0.9278936286195654 3303.5042237864877 0.17857142857142855 1.1407006083593798 4605.785902732838 0.1607142857142857 swap_t 100 289.9389500617981 6.189697 25.372044352585124 12.908832042878139 29.012832799711383 31.307594280088832 27.003385850942514 18.861673824396544
0.9278936286195654 3303.5042237864877 0.17857142857142855 1.1407006083593798 4605.785902732838 0.1607142857142857 swap_t 100 291.4124984741211 6.189697 25.372044352585124 12.908832042878139 29.012832799711383 31.994518337287943 27.003385850942514 18.861673824396544
0.9278936286195654 3303.5042237864877 0.17857142857142855 1.1342302596916725 4564.456285751099 0.1607142857142857 swap_t 100 293.43103551864624 6.189697 25.372044352585124 12.908832042878139 29.012832799711383 32.704573153915064 27.003385850942514 18.861673824396544
0.9278936286195654 3303.5042237864877 0.17857142857142855 1.1274056639003436 4520.863900765956 0.1607142857142857 move_t 100 295.36748695373535 6.189697 26.148323909059272 12.908832042878139 29.012832799711383 32.704573153915064 27.003385850942514 18.861673824396544
0.9278936286195654 3303.5042237864877 0.17857142857142855 1.126582562784814 4515.6063086964805 0.1607142857142857 swap_t 100 297.9710319042206 6.189697 26.148323909059272 12.908832042878139 29.012832799711383 33.407527422375914 27.003385850942514 18.861673824396544
0.9278936286195654 3303.5042237864877 0.17857142857142855 1.1073572795078557 4335.772409273659 0.14285714285714285 t_multiswap_k 100 299.0417113304138 6.189697 26.148323909059272 12.908832042878139 29.012832799711383 33.407527422375914 27.003385850942514 19.76305708615258
0.9278936286195654 3303.5042237864877 0.17857142857142855 1.104526422317571 4203.626962097728 0.10714285714285714 t_swap_r_k 100 301.80964374542236 6.189697 26.148323909059272 12.908832042878139 29.012832799711383 33.407527422375914 27.77335199243309 19.76305708615258
0.9278936286195654 3303.5042237864877 0.17857142857142855 1.1014695114428306 4298.164049739763 0.14285714285714285 t_move_k 100 303.22035574913025 7.18780003 26.148323909059272 12.908832042878139 29.012832799711383 33.407527422375914 27.77335199243309 19.76305708615258
0.9278936286195654 3303.5042237864877 0.17857142857142855 1.0823319750318658 4323.164284391286 0.14285714285714285 swap_t 100 304.41586327552795 7.18780003 26.148323909059272 12.908832042878139 29.012832799711383 34.10345214815216 27.77335199243309 19.76305708615258
0.9278936286195654 3303.5042237864877 0.17857142857142855 1.0823319750318658 4323.164284391286 0.14285714285714285 t_swap_r_k 100 307.23645973205566 7.18780003 26.148323909059272 12.908832042878139 29.012832799711383 34.10345214815216 28.53561847250876 19.76305708615258
0.9278936286195654 3303.5042237864877 0.17857142857142855 1.0673778686243725 4261.276194190261 0.17857142857142855 swap_t 100 308.24299716949463 7.18780003 26.148323909059272 12.908832042878139 29.012832799711383 34.822417626670635 28.53561847250876 19.76305708615258
0.9278936286195654 3303.5042237864877 0.17857142857142855 1.067909204834001 4254.89106395475 0.1964285714285714 f_swap_t 100 310.6323175430298 7.18780003 26.148323909059272 12.908832042878139 29.822704471714268 34.822417626670635 28.53561847250876 19.76305708615258
0.9278936286195654 3303.5042237864877 0.17857142857142855 1.067909204834001 4254.89106395475 0.1964285714285714 swap_t 100 311.9401767253876 7.18780003 26.148323909059272 12.908832042878139 29.822704471714268 35.47419345040393 28.53561847250876 19.76305708615258
0.9278936286195654 3303.5042237864877 0.17857142857142855 1.066871909113696 4256.292047464114 0.1964285714285714 swap_t 100 313.23083209991455 7.18780003 26.148323909059272 12.908832042878139 29.822704471714268 36.14945151589989 28.53561847250876 19.76305708615258
0.9278936286195654 3303.5042237864877 0.17857142857142855 1.066871909113696 4256.292047464114 0.1964285714285714 swap_t 100 313.8168098926544 7.18780003 26.148323909059272 12.908832042878139 29.822704471714268 36.78795700074089 28.53561847250876 19.76305708615258
0.9278936286195654 3303.5042237864877 0.17857142857142855 1.0568168102307853 4241.069554849593 0.21428571428571427 t_move_k 100 315.67768907546997 8.2059220297 26.148323909059272 12.908832042878139 29.822704471714268 36.78795700074089 28.53561847250876 19.76305708615258
0.9278936286195654 3303.5042237864877 0.17857142857142855 1.0241093060850894 4146.212264212455 0.25 t_multiswap_k 100 317.2366271018982 8.2059220297 26.148323909059272 12.908832042878139 29.822704471714268 36.78795700074089 28.53561847250876 20.56542651529105
0.9278936286195654 3303.5042237864877 0.17857142857142855 1.0680670364813918 4273.267937607851 0.1964285714285714 swap_t 100 318.6621108055115 8.2059220297 26.148323909059272 12.908832042878139 29.822704471714268 37.46007743073348 28.53561847250876 20.56542651529105
0.9278936286195654 3303.5042237864877 0.17857142857142855 1.0680670364813918 4273.267937607851 0.1964285714285714 move_t 100 320.76087403297424 8.2059220297 26.88684066996868 12.908832042878139 29.822704471714268 37.46007743073348 28.53561847250876 20.56542651529105
0.9278936286195654 3303.5042237864877 0.17857142857142855 1.120933425519365 4422.49059766808 0.14285714285714285 t_multiswap_k 100 322.5158305168152 8.2059220297 26.88684066996868 12.908832042878139 29.822704471714268 37.46007743073348 28.53561847250876 21.539772250138142
0.9278936286195654 3303.5042237864877 0.17857142857142855 1.1176732165748056 4460.045196194029 0.08928571428571429 swap_t 100 324.14193868637085 8.2059220297 26.88684066996868 12.908832042878139 29.822704471714268 38.11547665642614 28.53561847250876 21.539772250138142
0.9278936286195654 3303.5042237864877 0.17857142857142855 1.1449919001300466 4462.101858098234 0.10714285714285712 t_swap_k 100 327.5047039985657 8.2059220297 26.88684066996868 13.949743722449357 29.822704471714268 38.11547665642614 28.53561847250876 21.539772250138142
0.9278936286195654 3303.5042237864877 0.17857142857142855 1.1684969067826236 4658.755663388916 0.08928571428571427 swap_t 100 329.1009500026703 8.2059220297 26.88684066996868 13.949743722449357 29.822704471714268 38.89432188986188 28.53561847250876 21.539772250138142
0.9278936286195654 3303.5042237864877 0.17857142857142855 1.132408463061655 4438.756254210243 0.125 t_swap_r_k 100 332.6781311035156 8.2059220297 26.88684066996868 13.949743722449357 29.822704471714268 38.89432188986188 29.32026228778367 21.539772250138142
0.9278936286195654 3303.5042237864877 0.17857142857142855 1.1470080525851034 4474.980114437056 0.10714285714285714 move_t 100 334.41314816474915 8.2059220297 27.717972263268994 13.949743722449357 29.822704471714268 38.89432188986188 29.32026228778367 21.539772250138142
0.9278936286195654 3303.5042237864877 0.17857142857142855 1.130069427696877 4594.910416553993 0.17857142857142855 t_swap_k 100 336.07025599479675 8.2059220297 27.717972263268994 15.210246285224864 29.822704471714268 38.89432188986188 29.32026228778367 21.539772250138142
0.9278936286195654 3303.5042237864877 0.17857142857142855 1.136798771204593 4580.862758183102 0.1607142857142857 t_swap_k 100 340.15304017066956 8.2059220297 27.717972263268994 16.458143822372616 29.822704471714268 38.89432188986188 29.32026228778367 21.539772250138142
0.9278936286195654 3303.5042237864877 0.17857142857142855 1.1107715214774232 4514.7083998263715 0.16071428571428573 move_t 100 342.6317801475525 8.2059220297 28.590792540636304 16.458143822372616 29.822704471714268 38.89432188986188 29.32026228778367 21.539772250138142
0.9278936286195654 3303.5042237864877 0.17857142857142855 1.0854649429762906 4292.033578384341 0.1607142857142857 move_t 100 344.98572874069214 8.2059220297 29.39488461522994 16.458143822372616 29.822704471714268 38.89432188986188 29.32026228778367 21.539772250138142
0.9278936286195654 3303.5042237864877 0.17857142857142855 1.0715224406362083 4220.9391400555905 0.17857142857142855 t_swap_k 100 347.47263836860657 8.2059220297 29.39488461522994 17.32356238414889 29.822704471714268 38.89432188986188 29.32026228778367 21.539772250138142
0.9278936286195654 3303.5042237864877 0.17857142857142855 1.06506964098817 4179.721618155365 0.17857142857142858 t_multiswap_k 100 350.557003736496 8.2059220297 29.39488461522994 17.32356238414889 29.822704471714268 38.89432188986188 29.32026228778367 22.35437452763676
0.9278936286195654 3303.5042237864877 0.17857142857142855 1.0887763094396194 4274.117317837334 0.1607142857142857 t_swap_k 100 352.796915769577 8.2059220297 29.39488461522994 18.3303267603074 29.822704471714268 38.89432188986188 29.32026228778367 22.35437452763676
0.9278936286195654 3303.5042237864877 0.17857142857142855 1.0887763094396194 4274.117317837334 0.1607142857142857 swap_t 100 353.76566791534424 8.2059220297 29.39488461522994 18.3303267603074 29.822704471714268 39.50537867096326 29.32026228778367 22.35437452763676
0.9278936286195654 3303.5042237864877 0.17857142857142855 1.1590363306946458 4736.608702468115 0.17857142857142855 swap_t 100 354.7176716327667 8.2059220297 29.39488461522994 18.3303267603074 29.822704471714268 40.17032488425363 29.32026228778367 22.35437452763676
0.9278936286195654 3303.5042237864877 0.17857142857142855 1.128431685001927 4527.417652552974 0.1607142857142857 t_swap_r_k 100 357.3484408855438 8.2059220297 29.39488461522994 18.3303267603074 29.822704471714268 40.17032488425363 30.067059664905834 22.35437452763676
0.9278936286195654 3303.5042237864877 0.17857142857142855 1.1093881889827835 4462.808157671512 0.17857142857142855 t_multiswap_k 100 358.29196667671204 8.2059220297 29.39488461522994 18.3303267603074 29.822704471714268 40.17032488425363 30.067059664905834 23.280830782360393
0.9278936286195654 3303.5042237864877 0.17857142857142855 1.1123693835611834 4481.85066007764 0.17857142857142855 t_move_k 100 360.1267080307007 9.363862809402999 29.39488461522994 18.3303267603074 29.822704471714268 40.17032488425363 30.067059664905834 23.280830782360393
0.9278936286195654 3303.5042237864877 0.17857142857142855 1.1018696253881872 4414.783024935101 0.17857142857142855 t_move_k 100 362.52995347976685 10.39022418130897 29.39488461522994 18.3303267603074 29.822704471714268 40.17032488425363 30.067059664905834 23.280830782360393
0.9278936286195654 3303.5042237864877 0.17857142857142855 1.1781281611713736 4844.85592843388 0.1607142857142857 f_swap_t 100 365.88663482666016 10.39022418130897 29.39488461522994 18.3303267603074 30.674477426997125 40.17032488425363 30.067059664905834 23.280830782360393
0.9278936286195654 3303.5042237864877 0.17857142857142855 1.1300084881648353 4594.521162798489 0.17857142857142855 t_move_k 100 367.3195388317108 11.56632193949588 29.39488461522994 18.3303267603074 30.674477426997125 40.17032488425363 30.067059664905834 23.280830782360393
0.9278936286195654 3303.5042237864877 0.17857142857142855 1.1746513453076926 4594.521162798489 0.08928571428571427 t_swap_r_k 100 370.3009216785431 11.56632193949588 29.39488461522994 18.3303267603074 30.674477426997125 40.17032488425363 30.806389068256777 23.280830782360393
0.9278936286195654 3303.5042237864877 0.17857142857142855 1.1509187709879547 4532.411569443579 0.08928571428571427 swap_t 100 372.68068170547485 11.56632193949588 29.39488461522994 18.3303267603074 30.674477426997125 40.868621635411095 30.806389068256777 23.280830782360393
0.9278936286195654 3303.5042237864877 0.17857142857142855 1.1265794610418904 4397.488028943973 0.12499999999999999 move_t 100 375.9115741252899 11.56632193949588 30.230935769077643 18.3303267603074 30.674477426997125 40.868621635411095 30.806389068256777 23.280830782360393
0.9278936286195654 3303.5042237864877 0.17857142857142855 1.1234572914015197 4495.643509801238 0.1607142857142857 t_multiswap_k 100 379.1124761104584 11.56632193949588 30.230935769077643 18.3303267603074 30.674477426997125 40.868621635411095 30.806389068256777 24.10802247453679
0.9278936286195654 3303.5042237864877 0.17857142857142855 1.1027751210168495 4363.535299834809 0.1607142857142857 t_multiswap_k 100 381.5766751766205 11.56632193949588 30.230935769077643 18.3303267603074 30.674477426997125 40.868621635411095 30.806389068256777 25.08694224979142
0.9278936286195654 3303.5042237864877 0.17857142857142855 1.0995102144463806 4456.743806455978 0.19642857142857145 t_multiswap_k 100 383.26792454719543 11.56632193949588 30.230935769077643 18.3303267603074 30.674477426997125 40.868621635411095 30.806389068256777 25.976072827293507
0.9278936286195654 3303.5042237864877 0.17857142857142855 1.1325526651813753 4439.677351152937 0.12499999999999999 f_swap_t 100 385.9349133968353 11.56632193949588 30.230935769077643 18.3303267603074 31.497732652727155 40.868621635411095 30.806389068256777 25.976072827293507
0.9278936286195654 3303.5042237864877 0.17857142857142855 1.1431851166822262 4393.529339368492 0.08928571428571427 t_swap_k 100 387.97840118408203 11.56632193949588 30.230935769077643 19.437023492704327 31.497732652727155 40.868621635411095 30.806389068256777 25.976072827293507
0.9278936286195654 3303.5042237864877 0.17857142857142855 1.1234900407474835 4210.69462011289 0.07142857142857142 t_swap_k 100 391.0905792713165 11.56632193949588 30.230935769077643 20.362653257777282 31.497732652727155 40.868621635411095 30.806389068256777 25.976072827293507
0.9278936286195654 3303.5042237864877 0.17857142857142855 1.114479279098039 4153.138011217309 0.07142857142857142 t_swap_r_k 100 394.02293825149536 11.56632193949588 30.230935769077643 20.362653257777282 31.497732652727155 40.868621635411095 31.538325177574208 25.976072827293507
0.9278936286195654 3303.5042237864877 0.17857142857142855 1.1271253991289156 4290.947236084649 0.08928571428571427 t_multiswap_k 100 396.18196058273315 11.56632193949588 30.230935769077643 20.362653257777282 31.497732652727155 40.868621635411095 31.538325177574208 26.826312099020573
0.9278936286195654 3303.5042237864877 0.17857142857142855 1.1431908122763421 4507.62895119958 0.12499999999999999 t_swap_k 100 400.21706199645996 11.56632193949588 30.230935769077643 21.23902672519951 31.497732652727155 40.868621635411095 31.538325177574208 26.826312099020573
0.9278936286195654 3303.5042237864877 0.17857142857142855 1.1225410431857938 4432.7593213209775 0.14285714285714285 f_swap_t 100 405.09848070144653 11.56632193949588 30.230935769077643 21.23902672519951 32.242755326199884 40.868621635411095 31.538325177574208 26.826312099020573
0.9278936286195654 3303.5042237864877 0.17857142857142855 1.1225410431857938 4432.7593213209775 0.14285714285714285 swap_t 100 407.01629734039307 11.56632193949588 30.230935769077643 21.23902672519951 32.242755326199884 41.45993541905698 31.538325177574208 26.826312099020573
0.9278936286195654 3303.5042237864877 0.17857142857142855 1.1428590138037622 4562.54119036891 0.14285714285714285 t_move_k 100 409.63386058807373 12.910658720100923 30.230935769077643 21.23902672519951 32.242755326199884 41.45993541905698 31.538325177574208 26.826312099020573
0.9278936286195654 3303.5042237864877 0.17857142857142855 1.1136485637943065 4473.738329852641 0.1607142857142857 move_t 100 411.0649526119232 12.910658720100923 31.028626411386867 21.23902672519951 32.242755326199884 41.45993541905698 31.538325177574208 26.826312099020573
0.9278936286195654 3303.5042237864877 0.17857142857142855 1.1191590324134613 4411.156589068506 0.14285714285714285 t_move_k 100 413.09809136390686 14.161552132899914 31.028626411386867 21.23902672519951 32.242755326199884 41.45993541905698 31.538325177574208 26.826312099020573
0.9278936286195654 3303.5042237864877 0.17857142857142855 1.0994319100160812 4285.148787216231 0.14285714285714285 t_multiswap_k 100 414.83593249320984 14.161552132899914 31.028626411386867 21.23902672519951 32.242755326199884 41.45993541905698 31.538325177574208 27.618048978030366
0.9278936286195654 3303.5042237864877 0.17857142857142855 1.177272121363434 4668.293092632495 0.10714285714285714 f_swap_t 100 416.32277965545654 14.161552132899914 31.028626411386867 21.23902672519951 33.17032777293789 41.45993541905698 31.538325177574208 27.618048978030366
0.9278936286195654 3303.5042237864877 0.17857142857142855 1.1833599350749022 4764.210867417268 0.12499999999999999 t_move_k 100 418.964919090271 15.419936611570915 31.028626411386867 21.23902672519951 33.17032777293789 41.45993541905698 31.538325177574208 27.618048978030366
0.9278936286195654 3303.5042237864877 0.17857142857142855 1.1510763728591669 4672.061523212014 0.1607142857142857 f_swap_t 100 423.26147079467773 15.419936611570915 31.028626411386867 21.23902672519951 33.92862449520851 41.45993541905698 31.538325177574208 27.618048978030366
0.9278936286195654 3303.5042237864877 0.17857142857142855 1.2181082041764695 4986.1668587402255 0.12499999999999999 f_swap_t 100 426.1703622341156 15.419936611570915 31.028626411386867 21.23902672519951 34.809338250256424 41.45993541905698 31.538325177574208 27.618048978030366
0.9278936286195654 3303.5042237864877 0.17857142857142855 1.1631455773943773 4631.468270010161 0.10714285714285712 swap_t 100 428.65778946876526 15.419936611570915 31.028626411386867 21.23902672519951 34.809338250256424 42.07533606486641 31.538325177574208 27.618048978030366
0.9278936286195654 3303.5042237864877 0.17857142857142855 1.1559093423191942 4574.283384482186 0.08928571428571427 move_t 100 429.80642199516296 15.419936611570915 31.748340147272998 21.23902672519951 34.809338250256424 42.07533606486641 31.538325177574208 27.618048978030366
0.9278936286195654 3303.5042237864877 0.17857142857142855 1.141927030300055 4613.619723083058 0.1607142857142857 f_swap_t 100 431.516982793808 15.419936611570915 31.748340147272998 21.23902672519951 35.69124486775386 42.07533606486641 31.538325177574208 27.618048978030366
0.9278936286195654 3303.5042237864877 0.17857142857142855 1.120228139726962 4417.985555797901 0.14285714285714285 swap_t 100 433.27139377593994 15.419936611570915 31.748340147272998 21.23902672519951 35.69124486775386 42.65458270421775 31.538325177574208 27.618048978030366
0.9278936286195654 3303.5042237864877 0.17857142857142855 1.1170996581944892 4340.970636448112 0.125 t_multiswap_k 100 434.51315784454346 15.419936611570915 31.748340147272998 21.23902672519951 35.69124486775386 42.65458270421775 31.538325177574208 28.371868488250062
0.9278936286195654 3303.5042237864877 0.17857142857142855 1.1189911011211628 4467.115536559864 0.1607142857142857 t_move_k 100 435.74618124961853 16.635737245455207 31.748340147272998 21.23902672519951 35.69124486775386 42.65458270421775 31.538325177574208 28.371868488250062
0.9278936286195654 3303.5042237864877 0.17857142857142855 1.1103719971798123 4469.0922728026835 0.17857142857142858 t_move_k 100 438.72159028053284 17.559379873000655 31.748340147272998 21.23902672519951 35.69124486775386 42.65458270421775 31.538325177574208 28.371868488250062
0.9278936286195654 3303.5042237864877 0.17857142857142855 1.1160478043456215 4391.2834924255985 0.14285714285714285 t_multiswap_k 100 441.52978801727295 17.559379873000655 31.748340147272998 21.23902672519951 35.69124486775386 42.65458270421775 31.538325177574208 29.31814980336756
0.9278936286195654 3303.5042237864877 0.17857142857142855 1.0869448113820108 4262.418549021127 0.16071428571428573 f_swap_t 100 442.89358711242676 17.559379873000655 31.748340147272998 21.23902672519951 36.37433241907632 42.65458270421775 31.538325177574208 29.31814980336756
0.9278936286195654 3303.5042237864877 0.17857142857142855 1.1520415982900014 4735.2585556586855 0.17857142857142855 t_multiswap_k 100 445.60954236984253 17.559379873000655 31.748340147272998 21.23902672519951 36.37433241907632 42.65458270421775 31.538325177574208 30.164968305333886
0.9278936286195654 3303.5042237864877 0.17857142857142855 1.1427589043154798 4675.964967904996 0.17857142857142855 move_t 100 447.60353803634644 17.559379873000655 32.520856745800266 21.23902672519951 36.37433241907632 42.65458270421775 31.538325177574208 30.164968305333886
0.9278936286195654 3303.5042237864877 0.17857142857142855 1.1126225317314633 4530.220117115351 0.1607142857142857 swap_t 100 449.80540561676025 17.559379873000655 32.520856745800266 21.23902672519951 36.37433241907632 43.408036877175576 31.538325177574208 30.164968305333886
0.9278936286195654 3303.5042237864877 0.17857142857142855 1.1467275670531805 4530.220117115351 0.125 t_swap_r_k 100 451.2399549484253 17.559379873000655 32.520856745800266 21.23902672519951 36.37433241907632 43.408036877175576 32.262941925798465 30.164968305333886
0.9278936286195654 3303.5042237864877 0.17857142857142855 1.1270624356034549 4233.513438493068 0.07142857142857142 t_swap_r_k 100 454.00711488723755 17.559379873000655 32.520856745800266 21.23902672519951 36.37433241907632 43.408036877175576 32.98031250654048 30.164968305333886
0.9278936286195654 3303.5042237864877 0.17857142857142855 1.1270624356034549 4233.513438493068 0.07142857142857142 swap_t 100 455.45144176483154 17.559379873000655 32.520856745800266 21.23902672519951 36.37433241907632 43.97395650840382 32.98031250654048 30.164968305333886
0.9278936286195654 3303.5042237864877 0.17857142857142855 1.110094451699871 4125.129746716545 0.07142857142857142 t_multiswap_k 100 456.9035367965698 17.559379873000655 32.520856745800266 21.23902672519951 36.37433241907632 43.97395650840382 32.98031250654048 30.923318622280547
0.9278936286195654 3303.5042237864877 0.17857142857142855 1.1318520513487458 4321.138920626541 0.08928571428571427 t_move_k 100 458.9006497859955 18.59378607427065 32.520856745800266 21.23902672519951 36.37433241907632 43.97395650840382 32.98031250654048 30.923318622280547
0.9278936286195654 3303.5042237864877 0.17857142857142855 1.1013500710555122 4297.401119376419 0.14285714285714285 move_t 100 460.27490282058716 18.59378607427065 33.285648178342264 21.23902672519951 36.37433241907632 43.97395650840382 32.98031250654048 30.923318622280547
0.9278936286195654 3303.5042237864877 0.17857142857142855 1.1344399794567583 4622.827494830823 0.17857142857142855 t_multiswap_k 100 461.57954454421997 18.59378607427065 33.285648178342264 21.23902672519951 36.37433241907632 43.97395650840382 32.98031250654048 31.71408543605774
0.9278936286195654 3303.5042237864877 0.17857142857142855 1.1216176766378438 4549.089150882355 0.17857142857142855 move_t 100 463.3657970428467 18.59378607427065 34.10279169655884 21.23902672519951 36.37433241907632 43.97395650840382 32.98031250654048 31.71408543605774
0.9278936286195654 3303.5042237864877 0.17857142857142855 1.1205878150033945 4534.34622734011 0.17857142857142855 f_swap_t 100 467.0643267631531 18.59378607427065 34.10279169655884 21.23902672519951 37.140589094885556 43.97395650840382 32.98031250654048 31.71408543605774
0.9278936286195654 3303.5042237864877 0.17857142857142855 1.1002351129598384 4518.40574088001 0.21428571428571427 f_swap_t 100 470.05035495758057 18.59378607427065 34.10279169655884 21.23902672519951 37.8591832039367 43.97395650840382 32.98031250654048 31.71408543605774
0.9278936286195654 3303.5042237864877 0.17857142857142855 1.1539465415274262 4630.1708124356865 0.14285714285714285 swap_t 100 472.7674367427826 18.59378607427065 34.10279169655884 21.23902672519951 37.8591832039367 44.68421694331978 32.98031250654048 31.71408543605774
0.9278936286195654 3303.5042237864877 0.17857142857142855 1.1454454104603737 4579.0619048883755 0.14285714285714285 move_t 100 474.83871841430664 18.59378607427065 35.01176377959325 21.23902672519951 37.8591832039367 44.68421694331978 32.98031250654048 31.71408543605774
0.9278936286195654 3303.5042237864877 0.17857142857142855 1.1561561463900962 4533.413938097959 0.10714285714285714 f_swap_t 100 477.2474055290222 18.59378607427065 35.01176377959325 21.23902672519951 38.750591371897336 44.68421694331978 32.98031250654048 31.71408543605774
0.9278936286195654 3303.5042237864877 0.17857142857142855 1.1215616748913293 4369.471950753926 0.125 t_swap_r_k 100 480.22591948509216 18.59378607427065 35.01176377959325 21.23902672519951 38.750591371897336 44.68421694331978 33.690509381475074 31.71408543605774
0.9278936286195654 3303.5042237864877 0.17857142857142855 1.1397958766961387 4542.975276703009 0.14285714285714285 f_swap_t 100 483.97509002685547 18.59378607427065 35.01176377959325 21.23902672519951 39.49308545817836 44.68421694331978 33.690509381475074 31.71408543605774
0.9278936286195654 3303.5042237864877 0.17857142857142855 1.1351661541976725 4513.4027347241945 0.14285714285714285 t_swap_k 100 485.7253999710083 18.59378607427065 35.01176377959325 22.316636457947514 39.49308545817836 44.68421694331978 33.690509381475074 31.71408543605774
0.9278936286195654 3303.5042237864877 0.17857142857142855 1.2034668326940974 4835.612883549904 0.10714285714285712 f_swap_t 100 488.3768057823181 18.59378607427065 35.01176377959325 22.316636457947514 40.20815460359658 44.68421694331978 33.690509381475074 31.71408543605774
0.9278936286195654 3303.5042237864877 0.17857142857142855 1.1382022626063502 4532.796001469144 0.14285714285714285 t_multiswap_k 100 490.4226405620575 18.59378607427065 35.01176377959325 22.316636457947514 40.20815460359658 44.68421694331978 33.690509381475074 32.73694458169716
0.9278936286195654 3303.5042237864877 0.17857142857142855 1.159790932783023 4556.631284974464 0.10714285714285712 t_multiswap_k 100 491.43607807159424 18.59378607427065 35.01176377959325 22.316636457947514 40.20815460359658 44.68421694331978 33.690509381475074 33.68957513588019
0.9278936286195654 3303.5042237864877 0.17857142857142855 1.2663458125236544 5066.160094705956 0.05357142857142857 f_swap_t 100 494.8501527309418 18.59378607427065 35.01176377959325 22.316636457947514 41.05607305756062 44.68421694331978 33.690509381475074 33.68957513588019
0.9278936286195654 3303.5042237864877 0.17857142857142855 1.2104080332709455 4822.918470880562 0.08928571428571427 t_move_k 100 496.75384616851807 19.687848213527943 35.01176377959325 22.316636457947514 41.05607305756062 44.68421694331978 33.690509381475074 33.68957513588019
0.9278936286195654 3303.5042237864877 0.17857142857142855 1.174910701411048 4539.146195030276 0.07142857142857142 swap_t 100 498.5680134296417 19.687848213527943 35.01176377959325 22.316636457947514 41.05607305756062 45.237374773886586 33.690509381475074 33.68957513588019
0.9278936286195654 3303.5042237864877 0.17857142857142855 1.1405589923767783 4433.786478361074 0.10714285714285714 t_multiswap_k 100 500.83240842819214 19.687848213527943 35.01176377959325 22.316636457947514 41.05607305756062 45.237374773886586 33.690509381475074 34.71267938452139
0.9278936286195654 3303.5042237864877 0.17857142857142855 1.1341895695563182 4393.101529360074 0.10714285714285714 t_swap_k 100 503.5014612674713 19.687848213527943 35.01176377959325 23.27347009336804 41.05607305756062 45.237374773886586 33.690509381475074 34.71267938452139
0.9278936286195654 3303.5042237864877 0.17857142857142855 1.1341895695563182 4393.101529360074 0.10714285714285714 swap_t 100 504.56640625 19.687848213527943 35.01176377959325 23.27347009336804 41.05607305756062 45.78500102614772 33.690509381475074 34.71267938452139
0.9278936286195654 3303.5042237864877 0.17857142857142855 1.2009139770422024 4819.30641357108 0.10714285714285712 f_swap_t 100 506.3920660018921 19.687848213527943 35.01176377959325 23.27347009336804 41.86551232698501 45.78500102614772 33.690509381475074 34.71267938452139
0.9278936286195654 3303.5042237864877 0.17857142857142855 1.1375978278225842 4528.935149545018 0.14285714285714285 t_swap_r_k 100 508.84834694862366 19.687848213527943 35.01176377959325 23.27347009336804 41.86551232698501 45.78500102614772 34.393604287660324 34.71267938452139
0.9278936286195654 3303.5042237864877 0.17857142857142855 1.1318379255135431 4492.143537761716 0.14285714285714285 t_move_k 100 511.1629023551941 20.710969731392662 35.01176377959325 23.27347009336804 41.86551232698501 45.78500102614772 34.393604287660324 34.71267938452139
0.9278936286195654 3303.5042237864877 0.17857142857142855 1.1878017027569172 4763.7640826560255 0.10714285714285712 swap_t 100 513.6242065429688 20.710969731392662 35.01176377959325 23.27347009336804 41.86551232698501 46.51715101588624 34.393604287660324 34.71267938452139
0.9278936286195654 3303.5042237864877 0.17857142857142855 1.168230069179656 4496.473383177445 0.07142857142857142 t_swap_r_k 100 516.0002748966217 20.710969731392662 35.01176377959325 23.27347009336804 41.86551232698501 46.51715101588624 35.089668244783724 34.71267938452139
0.9278936286195654 3303.5042237864877 0.17857142857142855 1.1366590390433715 4351.843751302259 0.08928571428571427 t_multiswap_k 100 516.7622029781342 20.710969731392662 35.01176377959325 23.27347009336804 41.86551232698501 46.51715101588624 35.089668244783724 35.495552590676176
0.9278936286195654 3303.5042237864877 0.17857142857142855 1.1196251091934464 4414.133673579732 0.14285714285714285 t_move_k 100 519.1142699718475 21.653860034078736 35.01176377959325 23.27347009336804 41.86551232698501 46.51715101588624 35.089668244783724 35.495552590676176
0.9278936286195654 3303.5042237864877 0.17857142857142855 1.1554856663206163 4643.194450198259 0.14285714285714285 f_swap_t 100 521.3017339706421 21.653860034078736 35.01176377959325 23.27347009336804 42.80685720371516 46.51715101588624 35.089668244783724 35.495552590676176
0.9278936286195654 3303.5042237864877 0.17857142857142855 1.1424410658244102 4445.808299551381 0.10714285714285715 t_swap_r_k 100 524.1731290817261 21.653860034078736 35.01176377959325 23.27347009336804 42.80685720371516 46.51715101588624 35.808771562335885 35.495552590676176
0.9278936286195654 3303.5042237864877 0.17857142857142855 1.1803302358565564 4687.826924142665 0.10714285714285712 f_swap_t 100 526.763409614563 21.653860034078736 35.01176377959325 23.27347009336804 43.71878863167801 46.51715101588624 35.808771562335885 35.495552590676176
0.9278936286195654 3303.5042237864877 0.17857142857142855 1.1803552998891194 4573.92379068615 0.07142857142857142 move_t 100 528.2330145835876 21.653860034078736 35.821646141797316 23.27347009336804 43.71878863167801 46.51715101588624 35.808771562335885 35.495552590676176
0.9278936286195654 3303.5042237864877 0.17857142857142855 1.1557136540069184 4416.524268896257 0.07142857142857142 move_t 100 529.0961508750916 21.653860034078736 36.50342968037934 23.27347009336804 43.71878863167801 46.51715101588624 35.808771562335885 35.495552590676176
0.9278936286195654 3303.5042237864877 0.17857142857142855 1.1463131305399716 4470.541271426817 0.10714285714285712 f_swap_t 100 532.1969497203827 21.653860034078736 36.50342968037934 23.27347009336804 44.37160074536123 46.51715101588624 35.808771562335885 35.495552590676176
0.9278936286195654 3303.5042237864877 0.17857142857142855 1.1241131297353226 4328.7378575196735 0.10714285714285712 t_swap_r_k 100 534.8140370845795 21.653860034078736 36.50342968037934 23.27347009336804 44.37160074536123 46.51715101588624 36.49068384671253 35.495552590676176
0.9278936286195654 3303.5042237864877 0.17857142857142855 1.1192034301902032 4510.709624153492 0.125 swap_t 100 536.1156558990479 21.653860034078736 36.50342968037934 23.27347009336804 44.37160074536123 47.12197950572738 36.49068384671253 35.495552590676176
0.9278936286195654 3303.5042237864877 0.17857142857142855 1.1306709088444022 4484.689171015204 0.14285714285714285 f_swap_t 100 537.7660224437714 21.653860034078736 36.50342968037934 23.27347009336804 45.03788473790762 47.12197950572738 36.49068384671253 35.495552590676176
0.9278936286195654 3303.5042237864877 0.17857142857142855 1.1592356108203723 4629.246150289548 0.125 move_t 100 538.6746828556061 21.653860034078736 37.368395383575546 23.27347009336804 45.03788473790762 47.12197950572738 36.49068384671253 35.495552590676176
0.9278936286195654 3303.5042237864877 0.17857142857142855 1.1297171001167206 4478.59667872253 0.14285714285714285 t_multiswap_k 100 539.9493191242218 21.653860034078736 37.368395383575546 23.27347009336804 45.03788473790762 47.12197950572738 36.49068384671253 36.260597064769414
0.9278936286195654 3303.5042237864877 0.17857142857142855 1.2262596860929602 5095.266398661805 0.14285714285714285 f_swap_t 100 543.1260123252869 21.653860034078736 37.368395383575546 23.27347009336804 45.83750589052854 47.12197950572738 36.49068384671253 36.260597064769414
0.9278936286195654 3303.5042237864877 0.17857142857142855 1.1993775091423595 4866.523777460059 0.125 f_swap_t 100 545.7043745517731 21.653860034078736 37.368395383575546 23.27347009336804 46.719130831623254 47.12197950572738 36.49068384671253 36.260597064769414
0.9278936286195654 3303.5042237864877 0.17857142857142855 1.157430647811967 4484.523252607211 0.08928571428571427 t_swap_r_k 100 547.9766216278076 21.653860034078736 37.368395383575546 23.27347009336804 46.719130831623254 47.12197950572738 37.165777008245406 36.260597064769414
0.9278936286195654 3303.5042237864877 0.17857142857142855 1.157430647811967 4484.523252607211 0.08928571428571427 t_swap_r_k 100 549.4737372398376 21.653860034078736 37.368395383575546 23.27347009336804 46.719130831623254 47.12197950572738 37.834119238162955 36.260597064769414
0.9278936286195654 3303.5042237864877 0.17857142857142855 1.0978493237997866 4446.134799461521 0.1964285714285714 t_multiswap_k 100 551.0102026462555 21.653860034078736 37.368395383575546 23.27347009336804 46.719130831623254 47.12197950572738 37.834119238162955 37.04799109412172
0.9278936286195654 3303.5042237864877 0.17857142857142855 1.1065174498194112 4615.566040236198 0.23214285714285715 f_swap_t 100 553.9242579936981 21.653860034078736 37.368395383575546 23.27347009336804 47.38193952330702 47.12197950572738 37.834119238162955 37.04799109412172
0.9278936286195654 3303.5042237864877 0.17857142857142855 1.1087594739581483 4629.887061200691 0.23214285714285715 f_swap_t 100 556.2459886074066 21.653860034078736 37.368395383575546 23.27347009336804 48.158120128073946 47.12197950572738 37.834119238162955 37.04799109412172
0.9278936286195654 3303.5042237864877 0.17857142857142855 1.1501305568498643 4691.168145269532 0.17857142857142855 swap_t 100 557.6948573589325 21.653860034078736 37.368395383575546 23.27347009336804 48.158120128073946 47.72075971067011 37.834119238162955 37.04799109412172
0.9278936286195654 3303.5042237864877 0.17857142857142855 1.0973736508975245 4386.064803831168 0.17857142857142855 t_swap_r_k 100 559.8665099143982 21.653860034078736 37.368395383575546 23.27347009336804 48.158120128073946 47.72075971067011 38.49577804578133 37.04799109412172
0.9278936286195654 3303.5042237864877 0.17857142857142855 1.0694562271709933 4207.741116965113 0.17857142857142855 t_swap_k 100 563.5850720405579 21.653860034078736 37.368395383575546 24.26073539243436 48.158120128073946 47.72075971067011 38.49577804578133 37.04799109412172
0.9278936286195654 3303.5042237864877 0.17857142857142855 1.0595628565338435 4144.5468070305515 0.17857142857142855 t_swap_r_k 100 566.5026023387909 21.653860034078736 37.368395383575546 24.26073539243436 48.158120128073946 47.72075971067011 39.15082026532352 37.04799109412172
0.9278936286195654 3303.5042237864877 0.17857142857142855 1.0828156605551098 4375.96935080748 0.1964285714285714 swap_t 100 568.7896299362183 21.653860034078736 37.368395383575546 24.26073539243436 48.158120128073946 48.38355211356341 39.15082026532352 37.04799109412172
0.9278936286195654 3303.5042237864877 0.17857142857142855 1.0616136090848993 4214.677688394197 0.1964285714285714 move_t 100 570.5398240089417 21.653860034078736 38.05471142973979 24.26073539243436 48.158120128073946 48.38355211356341 39.15082026532352 37.04799109412172
0.9278936286195654 3303.5042237864877 0.17857142857142855 1.054026860626892 4223.248637546829 0.21428571428571425 f_swap_t 100 573.889319896698 21.653860034078736 38.05471142973979 24.26073539243436 48.77653892679321 48.38355211356341 39.15082026532352 37.04799109412172
0.9278936286195654 3303.5042237864877 0.17857142857142855 1.054026860626892 4223.248637546829 0.21428571428571425 swap_t 100 575.5860297679901 21.653860034078736 38.05471142973979 24.26073539243436 48.77653892679321 48.89971659242778 39.15082026532352 37.04799109412172
0.9278936286195654 3303.5042237864877 0.17857142857142855 1.0510911861098289 4204.496896395874 0.21428571428571425 f_swap_t 100 578.2361524105072 21.653860034078736 38.05471142973979 24.26073539243436 49.32877353752528 48.89971659242778 39.15082026532352 37.04799109412172
0.9278936286195654 3303.5042237864877 0.17857142857142855 1.0510911861098289 4204.496896395874 0.21428571428571425 t_swap_r_k 100 580.5768082141876 21.653860034078736 38.05471142973979 24.26073539243436 49.32877353752528 48.89971659242778 39.79931206267028 37.04799109412172
0.9278936286195654 3303.5042237864877 0.17857142857142855 1.1170610956659854 4397.755932213979 0.14285714285714285 f_swap_t 100 582.5581412315369 21.653860034078736 38.05471142973979 24.26073539243436 49.99548580215003 48.89971659242778 39.79931206267028 37.04799109412172
0.9278936286195654 3303.5042237864877 0.17857142857142855 1.0663057598869452 4187.6173782224 0.17857142857142855 f_swap_t 100 584.9955847263336 21.653860034078736 38.05471142973979 24.26073539243436 50.78553094412853 48.89971659242778 39.79931206267028 37.04799109412172
0.9278936286195654 3303.5042237864877 0.17857142857142855 1.0663057598869452 4187.6173782224 0.17857142857142855 t_swap_r_k 100 587.3095614910126 21.653860034078736 38.05471142973979 24.26073539243436 50.78553094412853 48.89971659242778 40.44131894204358 37.04799109412172
0.9278936286195654 3303.5042237864877 0.17857142857142855 1.071706063575095 4222.112039094422 0.17857142857142855 move_t 100 588.8150718212128 21.653860034078736 38.80416431544239 24.26073539243436 50.78553094412853 48.89971659242778 40.44131894204358 37.04799109412172
0.9278936286195654 3303.5042237864877 0.17857142857142855 1.0607843509156014 4152.349152396475 0.17857142857142858 t_swap_r_k 100 590.908509016037 21.653860034078736 38.80416431544239 24.26073539243436 50.78553094412853 48.89971659242778 41.07690575262314 37.04799109412172
0.9278936286195654 3303.5042237864877 0.17857142857142855 1.0502818240876926 4256.358678843124 0.23214285714285712 t_move_k 100 592.9572250843048 22.80732143373795 38.80416431544239 24.26073539243436 50.78553094412853 48.89971659242778 41.07690575262314 37.04799109412172
0.9278936286195654 3303.5042237864877 0.17857142857142855 1.1038532526591212 4256.358678843124 0.12499999999999999 t_swap_r_k 100 596.605482339859 22.80732143373795 38.80416431544239 24.26073539243436 50.78553094412853 48.89971659242778 41.70613669509691 37.04799109412172
0.9278936286195654 3303.5042237864877 0.17857142857142855 1.0772599312313809 4143.524365108606 0.14285714285714285 t_swap_r_k 100 598.4685497283936 22.80732143373795 38.80416431544239 24.26073539243436 50.78553094412853 48.89971659242778 42.32907532814594 37.04799109412172
0.9278936286195654 3303.5042237864877 0.17857142857142855 1.127982604701366 4410.485902759308 0.125 t_swap_k 100 599.8655161857605 22.80732143373795 38.80416431544239 25.178128038510014 50.78553094412853 48.89971659242778 42.32907532814594 37.04799109412172
0.9278936286195654 3303.5042237864877 0.17857142857142855 1.127982604701366 4410.485902759308 0.125 t_swap_r_k 100 602.291791677475 22.80732143373795 38.80416431544239 25.178128038510014 50.78553094412853 48.89971659242778 42.94578457486448 37.04799109412172
0.9278936286195654 3303.5042237864877 0.17857142857142855 1.1119118547373672 4364.8649449958375 0.14285714285714285 f_swap_t 100 605.7582137584686 22.80732143373795 38.80416431544239 25.178128038510014 51.53767563468725 48.89971659242778 42.94578457486448 37.04799109412172
0.9278936286195654 3303.5042237864877 0.17857142857142855 1.2308303969827283 4953.367155088615 0.08928571428571427 f_swap_t 100 607.7408754825592 22.80732143373795 38.80416431544239 25.178128038510014 52.332298878340374 48.89971659242778 42.94578457486448 37.04799109412172
0.9278936286195654 3303.5042237864877 0.17857142857142855 1.204459556988624 4898.985566114088 0.125 f_swap_t 100 610.1567704677582 22.80732143373795 38.80416431544239 25.178128038510014 53.16897588955697 48.89971659242778 42.94578457486448 37.04799109412172
0.9278936286195654 3303.5042237864877 0.17857142857142855 1.2031707346289093 4912.9054193001175 0.125 move_t 100 611.9606649875641 22.80732143373795 39.61612267228797 25.178128038510014 53.16897588955697 48.89971659242778 42.94578457486448 37.04799109412172
0.9278936286195654 3303.5042237864877 0.17857142857142855 1.143816623439505 4511.626345622156 0.12499999999999999 t_move_k 100 613.1812136173248 24.08924821940057 39.61612267228797 25.178128038510014 53.16897588955697 48.89971659242778 42.94578457486448 37.04799109412172
0.9278936286195654 3303.5042237864877 0.17857142857142855 1.1312324640644276 4431.244512475382 0.12499999999999999 move_t 100 614.3892917633057 24.08924821940057 40.379961445565094 25.178128038510014 53.16897588955697 48.89971659242778 42.94578457486448 37.04799109412172
0.9278936286195654 3303.5042237864877 0.17857142857142855 1.1279225517455478 4410.102312045725 0.12499999999999999 move_t 100 615.113566160202 24.08924821940057 41.06616183110944 25.178128038510014 53.16897588955697 48.89971659242778 42.94578457486448 37.04799109412172
0.9278936286195654 3303.5042237864877 0.17857142857142855 1.1368511231741194 4410.102312045725 0.10714285714285712 t_swap_r_k 100 618.7618010044098 24.08924821940057 41.06616183110944 25.178128038510014 53.16897588955697 48.89971659242778 43.58632672911584 37.04799109412172
0.9278936286195654 3303.5042237864877 0.17857142857142855 1.1368511231741194 4410.102312045725 0.10714285714285712 f_swap_t 100 621.6820530891418 24.08924821940057 41.06616183110944 25.178128038510014 53.6372861306614 48.89971659242778 43.58632672911584 37.04799109412172
0.9278936286195654 3303.5042237864877 0.17857142857142855 1.1368511231741194 4410.102312045725 0.10714285714285712 t_swap_r_k 100 624.4620275497437 24.08924821940057 41.06616183110944 25.178128038510014 53.6372861306614 48.89971659242778 44.19046346182468 37.04799109412172
0.9278936286195654 3303.5042237864877 0.17857142857142855 1.1368511231741194 4410.102312045725 0.10714285714285712 f_swap_t 100 626.8981890678406 24.08924821940057 41.06616183110944 25.178128038510014 54.100913269354784 48.89971659242778 44.19046346182468 37.04799109412172
0.9278936286195654 3303.5042237864877 0.17857142857142855 1.1368511231741194 4410.102312045725 0.10714285714285712 t_swap_r_k 100 629.5422904491425 24.08924821940057 41.06616183110944 25.178128038510014 54.100913269354784 48.89971659242778 44.78855882720643 37.04799109412172
0.9278936286195654 3303.5042237864877 0.17857142857142855 1.1387434611989518 4479.221314138345 0.125 f_swap_t 100 632.0677862167358 24.08924821940057 41.06616183110944 25.178128038510014 54.63990413666124 48.89971659242778 44.78855882720643 37.04799109412172
0.9278936286195654 3303.5042237864877 0.17857142857142855 1.1215873362226687 4426.6674790535735 0.14285714285714285 f_swap_t 100 633.8963179588318 24.08924821940057 41.06616183110944 25.178128038510014 55.163505095294624 48.89971659242778 44.78855882720643 37.04799109412172
0.9278936286195654 3303.5042237864877 0.17857142857142855 1.1178301737957286 4402.6684502502885 0.14285714285714285 swap_t 100 635.4656572341919 24.08924821940057 41.06616183110944 25.178128038510014 55.163505095294624 49.5007194265035 44.78855882720643 37.04799109412172
0.9278936286195654 3303.5042237864877 0.17857142857142855 1.1244183467233122 4387.719059019917 0.125 t_move_k 100 636.7308995723724 24.948355737206565 41.06616183110944 25.178128038510014 55.163505095294624 49.5007194265035 44.78855882720643 37.04799109412172
0.9278936286195654 3303.5042237864877 0.17857142857142855 1.142475423737798 4436.141832769117 0.125 swap_t 100 637.726588010788 24.948355737206565 41.06616183110944 25.178128038510014 55.163505095294624 50.05571223223846 44.78855882720643 37.04799109412172
0.9278936286195654 3303.5042237864877 0.17857142857142855 1.1531665235964583 4571.349215617245 0.12499999999999999 f_swap_t 100 639.6739015579224 24.948355737206565 41.06616183110944 25.178128038510014 55.71187004434168 50.05571223223846 44.78855882720643 37.04799109412172
0.9278936286195654 3303.5042237864877 0.17857142857142855 1.1366670988216536 4522.990079951747 0.14285714285714285 move_t 100 641.2825865745544 24.948355737206565 41.77550021279835 25.178128038510014 55.71187004434168 50.05571223223846 44.78855882720643 37.04799109412172
0.9278936286195654 3303.5042237864877 0.17857142857142855 1.1532787401787488 4536.610995985257 0.10714285714285712 move_t 100 643.7261211872101 24.948355737206565 42.48774521067037 25.178128038510014 55.71187004434168 50.05571223223846 44.78855882720643 37.04799109412172
0.9278936286195654 3303.5042237864877 0.17857142857142855 1.116463055045269 4336.90430777282 0.125 swap_t 100 645.4400930404663 24.948355737206565 42.48774521067037 25.178128038510014 55.71187004434168 50.55515510991608 44.78855882720643 37.04799109412172
0.9278936286195654 3303.5042237864877 0.17857142857142855 1.094523259288402 4196.76296426 0.125 t_move_k 100 646.8651225566864 25.7588721798345 42.48774521067037 25.178128038510014 55.71187004434168 50.55515510991608 44.78855882720643 37.04799109412172
0.9278936286195654 3303.5042237864877 0.17857142857142855 1.092068152939091 4181.080871952847 0.125 f_swap_t 100 648.0136849880219 25.7588721798345 42.48774521067037 25.178128038510014 56.15475134389826 50.55515510991608 44.78855882720643 37.04799109412172
0.9278936286195654 3303.5042237864877 0.17857142857142855 1.0939829538295296 4193.311741023796 0.125 t_move_k 100 649.5506205558777 26.541283458036155 42.48774521067037 25.178128038510014 56.15475134389826 50.55515510991608 44.78855882720643 37.04799109412172
0.9278936286195654 3303.5042237864877 0.17857142857142855 1.0939829538295296 4193.311741023796 0.125 t_swap_r_k 100 650.9875454902649 26.541283458036155 42.48774521067037 25.178128038510014 56.15475134389826 50.55515510991608 45.380673238934364 37.04799109412172
0.9278936286195654 3303.5042237864877 0.17857142857142855 1.0939829538295296 4193.311741023796 0.125 t_swap_r_k 100 652.6266095638275 26.541283458036155 42.48774521067037 25.178128038510014 56.15475134389826 50.55515510991608 45.96686650654502 37.04799109412172
0.9278936286195654 3303.5042237864877 0.17857142857142855 1.0939829538295296 4193.311741023796 0.125 move_t 100 654.0935850143433 26.541283458036155 43.06286775856366 25.178128038510014 56.15475134389826 50.55515510991608 45.96686650654502 37.04799109412172
0.9278936286195654 3303.5042237864877 0.17857142857142855 1.1043371993973923 4259.449908444418 0.125 t_move_k 100 656.0826723575592 27.325870623455792 43.06286775856366 25.178128038510014 56.15475134389826 50.55515510991608 45.96686650654502 37.04799109412172
0.9278936286195654 3303.5042237864877 0.17857142857142855 1.0937005744528114 4248.539646690936 0.14285714285714285 t_swap_r_k 100 658.756180524826 27.325870623455792 43.06286775856366 25.178128038510014 56.15475134389826 50.55515510991608 46.547197841479566 37.04799109412172
0.9278936286195654 3303.5042237864877 0.17857142857142855 1.0937005744528114 4248.539646690936 0.14285714285714285 f_swap_t 100 661.5501203536987 27.325870623455792 43.06286775856366 25.178128038510014 56.59320383045928 50.55515510991608 46.547197841479566 37.04799109412172
0.9278936286195654 3303.5042237864877 0.17857142857142855 1.1417101427676772 4302.751122166648 0.14285714285714285 move_t 100 663.4849855899811 27.325870623455792 43.64223908097802 25.178128038510014 56.59320383045928 50.55515510991608 46.547197841479566 37.04799109412172
0.9278936286195654 3303.5042237864877 0.17857142857142855 1.110237132875855 4240.104359559383 0.10714285714285714 t_swap_r_k 100 666.4063515663147 27.325870623455792 43.64223908097802 25.178128038510014 56.59320383045928 50.55515510991608 47.12172586306477 37.04799109412172
0.9278936286195654 3303.5042237864877 0.17857142857142855 1.110237132875855 4240.104359559383 0.10714285714285714 swap_t 100 668.1339559555054 27.325870623455792 43.64223908097802 25.178128038510014 56.59320383045928 51.04960355881692 47.12172586306477 37.04799109412172
0.9278936286195654 3303.5042237864877 0.17857142857142855 1.1338901944881006 4391.189258856774 0.10714285714285714 move_t 100 669.7497029304504 27.325870623455792 44.24581669016824 25.178128038510014 56.59320383045928 51.04960355881692 47.12172586306477 37.04799109412172
0.9278936286195654 3303.5042237864877 0.17857142857142855 1.123572451049617 4382.315865777054 0.125 move_t 100 671.4030554294586 27.325870623455792 44.84335852326656 25.178128038510014 56.59320383045928 51.04960355881692 47.12172586306477 37.04799109412172
0.9278936286195654 3303.5042237864877 0.17857142857142855 1.1260407581619112 4398.082278498142 0.125 swap_t 100 672.2124214172363 27.325870623455792 44.84335852326656 25.178128038510014 56.59320383045928 51.57910752322875 47.12172586306477 37.04799109412172
0.9278936286195654 3303.5042237864877 0.17857142857142855 1.1074340145126413 4279.23094176265 0.125 t_move_k 100 673.570642709732 28.092611917221234 44.84335852326656 25.178128038510014 56.59320383045928 51.57910752322875 47.12172586306477 37.04799109412172
0.9278936286195654 3303.5042237864877 0.17857142857142855 1.0972585373211163 4214.2346646638525 0.125 t_move_k 100 674.8662004470825 28.84168579804902 44.84335852326656 25.178128038510014 56.59320383045928 51.57910752322875 47.12172586306477 37.04799109412172
0.9278936286195654 3303.5042237864877 0.17857142857142855 1.0967244255986812 4210.823004172684 0.125 t_move_k 100 675.7756617069244 29.55326894006853 44.84335852326656 25.178128038510014 56.59320383045928 51.57910752322875 47.12172586306477 37.04799109412172
0.9278936286195654 3303.5042237864877 0.17857142857142855 1.0967244255986812 4210.823004172684 0.125 t_move_k 100 677.4280540943146 30.257736250667847 44.84335852326656 25.178128038510014 56.59320383045928 51.57910752322875 47.12172586306477 37.04799109412172
0.9278936286195654 3303.5042237864877 0.17857142857142855 1.1174055907402332 4399.956408602804 0.14285714285714285 t_swap_k 100 678.7365963459015 30.257736250667847 44.84335852326656 26.006346758124913 56.59320383045928 51.57910752322875 47.12172586306477 37.04799109412172
0.9278936286195654 3303.5042237864877 0.17857142857142855 1.1174055907402332 4399.956408602804 0.14285714285714285 t_swap_r_k 100 680.9184195995331 30.257736250667847 44.84335852326656 26.006346758124913 56.59320383045928 51.57910752322875 47.69050860443412 37.04799109412172
0.9278936286195654 3303.5042237864877 0.17857142857142855 1.1174055907402332 4399.956408602804 0.14285714285714285 t_swap_r_k 100 684.8535444736481 30.257736250667847 44.84335852326656 26.006346758124913 56.59320383045928 51.57910752322875 48.25360351838978 37.04799109412172
0.9278936286195654 3303.5042237864877 0.17857142857142855 1.1174055907402332 4399.956408602804 0.14285714285714285 swap_t 100 687.4619019031525 30.257736250667847 44.84335852326656 26.006346758124913 56.59320383045928 52.06331644799646 48.25360351838978 37.04799109412172
0.9278936286195654 3303.5042237864877 0.17857142857142855 1.124660408989196 4503.328472642703 0.1607142857142857 t_swap_k 100 688.4731557369232 30.257736250667847 44.84335852326656 27.006283290543664 56.59320383045928 52.06331644799646 48.25360351838978 37.04799109412172
0.9278936286195654 3303.5042237864877 0.17857142857142855 1.1241696069433555 4500.193454483685 0.1607142857142857 f_swap_t 100 690.0434048175812 30.257736250667847 44.84335852326656 27.006283290543664 57.05727179215469 52.06331644799646 48.25360351838978 37.04799109412172
0.9278936286195654 3303.5042237864877 0.17857142857142855 1.1036519076933675 4369.135810622743 0.1607142857142857 t_swap_k 100 692.6788234710693 30.257736250667847 44.84335852326656 27.826220457638225 57.05727179215469 52.06331644799646 48.25360351838978 37.04799109412172
0.9278936286195654 3303.5042237864877 0.17857142857142855 1.1036519076933675 4369.135810622743 0.1607142857142857 t_swap_r_k 100 695.7868790626526 30.257736250667847 44.84335852326656 27.826220457638225 57.05727179215469 52.06331644799646 48.81106748320588 37.04799109412172
0.9278936286195654 3303.5042237864877 0.17857142857142855 1.1190499309194641 4613.901753040062 0.1607142857142857 swap_t 100 697.8878457546234 30.257736250667847 44.84335852326656 27.826220457638225 57.05727179215469 52.612683283516496 48.81106748320588 37.04799109412172
0.9278936286195654 3303.5042237864877 0.17857142857142855 1.0961979878162484 4321.5235922779375 0.1607142857142857 t_swap_r_k 100 699.0347678661346 30.257736250667847 44.84335852326656 27.826220457638225 57.05727179215469 52.612683283516496 49.36295680837382 37.04799109412172
0.9278936286195654 3303.5042237864877 0.17857142857142855 1.0675783412438842 4467.138358690021 0.19642857142857142 swap_t 100 701.0493519306183 30.257736250667847 44.84335852326656 27.826220457638225 57.05727179215469 53.17655645068133 49.36295680837382 37.04799109412172
0.9278936286195654 3303.5042237864877 0.17857142857142855 1.0550801283060087 4287.008043458453 0.23214285714285712 t_move_k 100 702.9785914421082 31.14515888816117 44.84335852326656 27.826220457638225 57.05727179215469 53.17655645068133 49.36295680837382 37.04799109412172
0.9278936286195654 3303.5042237864877 0.17857142857142855 1.0550801283060087 4287.008043458453 0.23214285714285712 swap_t 100 705.6570506095886 31.14515888816117 44.84335852326656 27.826220457638225 57.05727179215469 53.64479088617452 49.36295680837382 37.04799109412172
0.9278936286195654 3303.5042237864877 0.17857142857142855 1.0506268966342185 4258.562843859765 0.23214285714285712 t_multiswap_k 100 706.9109439849854 31.14515888816117 44.84335852326656 27.826220457638225 57.05727179215469 53.64479088617452 49.36295680837382 37.787511183180506
0.9278936286195654 3303.5042237864877 0.17857142857142855 1.043991326278187 4216.177866580429 0.23214285714285712 move_t 100 708.4933309555054 31.14515888816117 45.45492493803389 27.826220457638225 57.05727179215469 53.64479088617452 49.36295680837382 37.787511183180506
0.9278936286195654 3303.5042237864877 0.17857142857142855 1.0394130340626968 4186.933837639446 0.23214285714285712 move_t 100 709.7493076324463 31.14515888816117 46.06037568865355 27.826220457638225 57.05727179215469 53.64479088617452 49.36295680837382 37.787511183180506
0.9278936286195654 3303.5042237864877 0.17857142857142855 1.0245969076157317 4149.32683894963 0.25 t_move_k 100 713.3971962928772 31.863707299279557 46.06037568865355 27.826220457638225 57.05727179215469 53.64479088617452 49.36295680837382 37.787511183180506
0.9278936286195654 3303.5042237864877 0.17857142857142855 1.0215773419505565 4130.0392396559855 0.25 move_t 100 715.3111882209778 31.863707299279557 46.62977193176702 27.826220457638225 57.05727179215469 53.64479088617452 49.36295680837382 37.787511183180506
0.9278936286195654 3303.5042237864877 0.17857142857142855 1.0215773419505565 4130.0392396559855 0.25 swap_t 100 716.7962965965271 31.863707299279557 46.62977193176702 27.826220457638225 57.05727179215469 54.10834297731277 49.36295680837382 37.787511183180506
0.9278936286195654 3303.5042237864877 0.17857142857142855 1.0182611800855734 4129.681845250929 0.25 move_t 100 718.8496465682983 31.863707299279557 47.22347421244935 27.826220457638225 57.05727179215469 54.10834297731277 49.36295680837382 37.787511183180506
0.9278936286195654 3303.5042237864877 0.17857142857142855 1.017191087841466 4159.05347747606 0.26785714285714285 f_swap_t 100 720.9323935508728 31.863707299279557 47.22347421244935 27.826220457638225 57.51669907423314 54.10834297731277 49.36295680837382 37.787511183180506
0.9278936286195654 3303.5042237864877 0.17857142857142855 1.017191087841466 4159.05347747606 0.26785714285714285 swap_t 100 721.7129006385803 31.863707299279557 47.22347421244935 27.826220457638225 57.51669907423314 54.56725954753965 49.36295680837382 37.787511183180506
0.9278936286195654 3303.5042237864877 0.17857142857142855 1.017191087841466 4159.05347747606 0.26785714285714285 t_move_k 100 723.8923645019531 32.54507022628676 47.22347421244935 27.826220457638225 57.51669907423314 54.56725954753965 49.36295680837382 37.787511183180506
0.9278936286195654 3303.5042237864877 0.17857142857142855 1.1499686326417522 4550.922556236892 0.125 t_multiswap_k 100 727.9479348659515 32.54507022628676 47.22347421244935 27.826220457638225 57.51669907423314 54.56725954753965 49.36295680837382 38.6196360713487
0.9278936286195654 3303.5042237864877 0.17857142857142855 1.0957849815496998 4090.7590358627135 0.08928571428571427 t_multiswap_k 100 729.8048357963562 32.54507022628676 47.22347421244935 27.826220457638225 57.51669907423314 54.56725954753965 49.36295680837382 39.32343971063521
0.9278936286195654 3303.5042237864877 0.17857142857142855 1.0615393689120893 3986.0770142702777 0.125 t_swap_r_k 100 732.2103471755981 32.54507022628676 47.22347421244935 27.826220457638225 57.51669907423314 54.56725954753965 49.90932724029008 39.32343971063521
0.9278936286195654 3303.5042237864877 0.17857142857142855 1.1080229026377035 4225.960873272637 0.10714285714285715 f_swap_t 100 737.0687701702118 32.54507022628676 47.22347421244935 27.826220457638225 58.011532083490806 54.56725954753965 49.90932724029008 39.32343971063521
0.9278936286195654 3303.5042237864877 0.17857142857142855 1.144575313783463 4402.409280261015 0.08928571428571427 f_swap_t 100 740.0401875972748 32.54507022628676 47.22347421244935 27.826220457638225 58.5114167626559 54.56725954753965 49.90932724029008 39.32343971063521
0.9278936286195654 3303.5042237864877 0.17857142857142855 1.1188239261334831 4294.952852996893 0.10714285714285712 swap_t 100 742.3492429256439 32.54507022628676 47.22347421244935 27.826220457638225 58.5114167626559 55.08158695206425 49.90932724029008 39.32343971063521
0.9278936286195654 3303.5042237864877 0.17857142857142855 1.1177408676810592 4288.03477279653 0.10714285714285712 swap_t 100 744.7718291282654 32.54507022628676 47.22347421244935 27.826220457638225 58.5114167626559 55.56077108254361 49.90932724029008 39.32343971063521
0.9278936286195654 3303.5042237864877 0.17857142857142855 1.1070311901813197 4219.626269361271 0.10714285714285712 t_move_k 100 747.3108303546906 33.42961952402389 47.22347421244935 27.826220457638225 58.5114167626559 55.56077108254361 49.90932724029008 39.32343971063521
0.9278936286195654 3303.5042237864877 0.17857142857142855 1.105645585731094 4210.775664215086 0.10714285714285712 t_move_k 100 751.2583963871002 34.15532332878365 47.22347421244935 27.826220457638225 58.5114167626559 55.56077108254361 49.90932724029008 39.32343971063521
0.9278936286195654 3303.5042237864877 0.17857142857142855 1.1513303317922983 4549.007269544124 0.07142857142857142 swap_t 100 753.4209620952606 34.15532332878365 47.22347421244935 27.826220457638225 58.5114167626559 56.045163371718175 49.90932724029008 39.32343971063521
0.9278936286195654 3303.5042237864877 0.17857142857142855 1.1242180807768587 4329.408236593705 0.10714285714285712 t_swap_r_k 100 754.6743612289429 34.15532332878365 47.22347421244935 27.826220457638225 58.5114167626559 56.045163371718175 50.45023396788718 39.32343971063521
0.9278936286195654 3303.5042237864877 0.17857142857142855 1.1173599807525034 4285.6018419485945 0.10714285714285712 swap_t 100 755.883410692215 34.15532332878365 47.22347421244935 27.826220457638225 58.5114167626559 56.51471173800099 50.45023396788718 39.32343971063521
0.9278936286195654 3303.5042237864877 0.17857142857142855 1.1301260111901805 4435.9183616521195 0.10714285714285712 swap_t 100 756.7134695053101 34.15532332878365 47.22347421244935 27.826220457638225 58.5114167626559 57.04956462062098 50.45023396788718 39.32343971063521
0.9278936286195654 3303.5042237864877 0.17857142857142855 1.132375509439354 4438.5457615988225 0.125 t_multiswap_k 100 757.9706265926361 34.15532332878365 47.22347421244935 27.826220457638225 58.5114167626559 57.04956462062098 50.45023396788718 40.05020531352886
0.9278936286195654 3303.5042237864877 0.17857142857142855 1.148976824907931 4487.555728241736 0.10714285714285712 t_move_k 100 760.5912280082703 35.18377009549582 47.22347421244935 27.826220457638225 58.5114167626559 57.04956462062098 50.45023396788718 40.05020531352886
0.9278936286195654 3303.5042237864877 0.17857142857142855 1.1421696177947498 4558.137645140593 0.14285714285714285 f_swap_t 100 763.6353125572205 35.18377009549582 47.22347421244935 27.826220457638225 59.00630259502934 57.04956462062098 50.45023396788718 40.05020531352886
0.9278936286195654 3303.5042237864877 0.17857142857142855 1.1992996072236786 4862.474789332436 0.08928571428571427 move_t 100 765.0784268379211 35.18377009549582 47.94123947032485 27.826220457638225 59.00630259502934 57.04956462062098 50.45023396788718 40.05020531352886
0.9278936286195654 3303.5042237864877 0.17857142857142855 1.2366516712183253 4933.519167069821 0.07142857142857142 f_swap_t 100 767.9731252193451 35.18377009549582 47.94123947032485 27.826220457638225 59.62623956907905 57.04956462062098 50.45023396788718 40.05020531352886
0.9278936286195654 3303.5042237864877 0.17857142857142855 1.2309630497265396 4954.21447991991 0.08928571428571427 f_swap_t 100 770.5294089317322 35.18377009549582 47.94123947032485 27.826220457638225 60.089977173388256 57.04956462062098 50.45023396788718 40.05020531352886
0.9278936286195654 3303.5042237864877 0.17857142857142855 1.1949820955179657 4781.416277510666 0.10714285714285714 move_t 100 771.34517121315 35.18377009549582 48.5618270756216 27.826220457638225 60.089977173388256 57.04956462062098 50.45023396788718 40.05020531352886
0.9278936286195654 3303.5042237864877 0.17857142857142855 1.1659126109747162 4652.765370512934 0.125 t_swap_k 100 773.2248826026917 35.18377009549582 48.5618270756216 28.69795825306184 60.089977173388256 57.04956462062098 50.45023396788718 40.05020531352886
0.9278936286195654 3303.5042237864877 0.17857142857142855 1.1378590690569235 4473.5722231281325 0.125 f_swap_t 100 774.3341908454895 35.18377009549582 48.5618270756216 28.69795825306184 60.48907740165437 57.04956462062098 50.45023396788718 40.05020531352886
0.9278936286195654 3303.5042237864877 0.17857142857142855 1.1300081000264948 4423.42383706317 0.125 move_t 100 775.1338591575623 35.18377009549582 49.07620880486539 28.69795825306184 60.48907740165437 57.04956462062098 50.45023396788718 40.05020531352886
0.9278936286195654 3303.5042237864877 0.17857142857142855 1.1300081000264948 4423.42383706317 0.125 move_t 100 776.1660237312317 35.18377009549582 49.58544671681673 28.69795825306184 60.48907740165437 57.04956462062098 50.45023396788718 40.05020531352886
0.9278936286195654 3303.5042237864877 0.17857142857142855 1.1864073813629639 4726.644939835645 0.10714285714285712 f_swap_t 100 778.5455989837646 35.18377009549582 49.58544671681673 28.69795825306184 60.90418662763783 57.04956462062098 50.45023396788718 40.05020531352886
0.9278936286195654 3303.5042237864877 0.17857142857142855 1.178495060220979 4676.104664646638 0.10714285714285712 f_swap_t 100 779.7353899478912 35.18377009549582 49.58544671681673 28.69795825306184 61.48514476136145 57.04956462062098 50.45023396788718 40.05020531352886
0.9278936286195654 3303.5042237864877 0.17857142857142855 1.1502817984401976 4609.954531089312 0.14285714285714285 move_t 100 780.835086107254 35.18377009549582 50.16959224964857 28.69795825306184 61.48514476136145 57.04956462062098 50.45023396788718 40.05020531352886
0.9278936286195654 3303.5042237864877 0.17857142857142855 1.0889211854499825 4160.979488293576 0.125 t_multiswap_k 100 782.7931094169617 35.18377009549582 50.16959224964857 28.69795825306184 61.48514476136145 57.04956462062098 50.45023396788718 40.76970326039358
0.9278936286195654 3303.5042237864877 0.17857142857142855 1.127396692545903 4252.600141496419 0.10714285714285714 swap_t 100 785.5147745609283 35.18377009549582 50.16959224964857 28.69795825306184 61.48514476136145 57.559068974414764 50.45023396788718 40.76970326039358
0.9278936286195654 3303.5042237864877 0.17857142857142855 1.0856033144039028 3968.691604682353 0.07142857142857142 swap_t 100 787.5309438705444 35.18377009549582 50.16959224964857 28.69795825306184 61.48514476136145 57.98347828467062 50.45023396788718 40.76970326039358
0.9278936286195654 3303.5042237864877 0.17857142857142855 1.0634125550475362 3941.010451894938 0.10714285714285714 move_t 100 788.8915829658508 35.18377009549582 50.69789632715208 28.69795825306184 61.48514476136145 57.98347828467062 50.45023396788718 40.76970326039358
0.9278936286195654 3303.5042237864877 0.17857142857142855 1.0475320938662023 3839.573356025039 0.10714285714285714 f_swap_t 100 792.5107047557831 35.18377009549582 50.69789632715208 28.69795825306184 61.87029331374783 57.98347828467062 50.45023396788718 40.76970326039358
0.9278936286195654 3303.5042237864877 0.17857142857142855 1.0475320938662023 3839.573356025039 0.10714285714285714 t_swap_r_k 100 796.1958594322205 35.18377009549582 50.69789632715208 28.69795825306184 61.87029331374783 57.98347828467062 50.985731628208306 40.76970326039358
0.9278936286195654 3303.5042237864877 0.17857142857142855 1.139385847847874 4426.292969659476 0.10714285714285712 f_swap_t 100 798.7648484706879 35.18377009549582 50.69789632715208 28.69795825306184 62.46159038061035 57.98347828467062 50.985731628208306 40.76970326039358
0.9278936286195654 3303.5042237864877 0.17857142857142855 1.0854296488004662 4081.645539521839 0.10714285714285714 f_swap_t 100 799.9868569374084 35.18377009549582 50.69789632715208 28.69795825306184 63.07697447680425 57.98347828467062 50.985731628208306 40.76970326039358
0.9278936286195654 3303.5042237864877 0.17857142857142855 1.1725035389492375 4637.8335772576565 0.10714285714285712 t_multiswap_k 100 803.2275052070618 35.18377009549582 50.69789632715208 28.69795825306184 63.07697447680425 57.98347828467062 50.985731628208306 41.58200622778964
0.9278936286195654 3303.5042237864877 0.17857142857142855 1.1819953872769244 4643.135172511637 0.08928571428571427 swap_t 100 804.5959610939026 35.18377009549582 50.69789632715208 28.69795825306184 63.07697447680425 58.48364350182391 50.985731628208306 41.58200622778964
0.9278936286195654 3303.5042237864877 0.17857142857142855 1.1267505594652008 4231.521316893173 0.07142857142857142 t_multiswap_k 100 807.2870697975159 35.18377009549582 50.69789632715208 28.69795825306184 63.07697447680425 58.48364350182391 50.985731628208306 42.426186165511744
0.9278936286195654 3303.5042237864877 0.17857142857142855 1.146069255574867 4358.54416656377 0.08928571428571427 move_t 100 809.4579744338989 35.18377009549582 51.240917363880556 28.69795825306184 63.07697447680425 58.48364350182391 50.985731628208306 42.426186165511744
0.9278936286195654 3303.5042237864877 0.17857142857142855 1.2099289726490865 4656.1802917564155 0.05357142857142857 swap_t 100 811.1878712177277 35.18377009549582 51.240917363880556 28.69795825306184 63.07697447680425 58.98880706680568 50.985731628208306 42.426186165511744
0.9278936286195654 3303.5042237864877 0.17857142857142855 1.190420921564203 4638.218361176691 0.07142857142857142 f_swap_t 100 814.8155941963196 35.18377009549582 51.240917363880556 28.69795825306184 63.63620473203621 58.98880706680568 50.985731628208306 42.426186165511744
0.9278936286195654 3303.5042237864877 0.17857142857142855 1.1828549215572113 4589.890226414272 0.07142857142857142 t_move_k 100 820.3571939468384 36.051932394540856 51.240917363880556 28.69795825306184 63.63620473203621 58.98880706680568 50.985731628208306 42.426186165511744
0.9278936286195654 3303.5042237864877 0.17857142857142855 1.151601780644289 4390.259509470997 0.07142857142857142 t_move_k 100 822.2929885387421 36.941413070595445 51.240917363880556 28.69795825306184 63.63620473203621 58.98880706680568 50.985731628208306 42.426186165511744
0.9278936286195654 3303.5042237864877 0.17857142857142855 1.1605360817136123 4504.359338776365 0.08928571428571427 t_move_k 100 825.1666131019592 37.85199893988949 51.240917363880556 28.69795825306184 63.63620473203621 58.98880706680568 50.985731628208306 42.426186165511744
0.9278936286195654 3303.5042237864877 0.17857142857142855 1.1733013555036638 4585.898047662789 0.08928571428571427 t_move_k 100 828.234934091568 38.723478950490595 51.240917363880556 28.69795825306184 63.63620473203621 58.98880706680568 50.985731628208306 42.426186165511744
0.9278936286195654 3303.5042237864877 0.17857142857142855 1.1309690775753167 4315.498889503818 0.08928571428571427 move_t 100 830.4281866550446 38.723478950490595 51.72850819024175 28.69795825306184 63.63620473203621 58.98880706680568 50.985731628208306 42.426186165511744
0.9278936286195654 3303.5042237864877 0.17857142857142855 1.1694940361974193 4561.578639739751 0.08928571428571427 t_move_k 100 832.0120725631714 39.45624416098569 51.72850819024175 28.69795825306184 63.63620473203621 58.98880706680568 50.985731628208306 42.426186165511744
0.9278936286195654 3303.5042237864877 0.17857142857142855 1.1672670882839018 4490.32230328574 0.07142857142857142 t_move_k 100 834.9005451202393 40.341681719375835 51.72850819024175 28.69795825306184 63.63620473203621 58.98880706680568 50.985731628208306 42.426186165511744
0.9278936286195654 3303.5042237864877 0.17857142857142855 1.1486789601516474 4371.58987392722 0.07142857142857142 t_move_k 100 837.8219327926636 41.058264902182074 51.72850819024175 28.69795825306184 63.63620473203621 58.98880706680568 50.985731628208306 42.426186165511744
0.9278936286195654 3303.5042237864877 0.17857142857142855 1.1305943911143437 4313.1055643963855 0.08928571428571427 t_multiswap_k 100 839.7830250263214 41.058264902182074 51.72850819024175 28.69795825306184 63.63620473203621 58.98880706680568 50.985731628208306 43.12192430385662
0.9278936286195654 3303.5042237864877 0.17857142857142855 1.1425940195587225 4389.753682295275 0.08928571428571427 t_move_k 100 842.8261444568634 41.717682253160255 51.72850819024175 28.69795825306184 63.63620473203621 58.98880706680568 50.985731628208306 43.12192430385662
0.9278936286195654 3303.5042237864877 0.17857142857142855 1.1325299076802187 4154.373909206411 0.03571428571428571 t_swap_r_k 100 845.4591274261475 41.717682253160255 51.72850819024175 28.69795825306184 63.63620473203621 58.98880706680568 51.515874311926225 43.12192430385662
0.9278936286195654 3303.5042237864877 0.17857142857142855 1.1000975389491774 4118.305672788436 0.08928571428571427 t_swap_r_k 100 848.6076481342316 41.717682253160255 51.72850819024175 28.69795825306184 63.63620473203621 58.98880706680568 52.04071556880697 43.12192430385662
0.9278936286195654 3303.5042237864877 0.17857142857142855 1.1000975389491774 4118.305672788436 0.08928571428571427 swap_t 100 851.6740033626556 41.717682253160255 51.72850819024175 28.69795825306184 63.63620473203621 59.39891899613762 52.04071556880697 43.12192430385662
0.9278936286195654 3303.5042237864877 0.17857142857142855 1.1000975389491774 4118.305672788436 0.08928571428571427 t_swap_r_k 100 853.3228807449341 41.717682253160255 51.72850819024175 28.69795825306184 63.63620473203621 59.39891899613762 52.5603084131189 43.12192430385662
0.9278936286195654 3303.5042237864877 0.17857142857142855 1.1000975389491774 4118.305672788436 0.08928571428571427 move_t 100 854.7089865207672 41.717682253160255 52.21122310833933 28.69795825306184 63.63620473203621 59.39891899613762 52.5603084131189 43.12192430385662
0.9278936286195654 3303.5042237864877 0.17857142857142855 1.1665863092604647 4669.573103831548 0.05357142857142857 swap_t 100 857.4228098392487 41.717682253160255 52.21122310833933 28.69795825306184 63.63620473203621 59.88492980617624 52.5603084131189 43.12192430385662
0.9278936286195654 3303.5042237864877 0.17857142857142855 1.1213353974862186 4310.994979070749 0.10714285714285712 t_swap_k 100 859.846625328064 41.717682253160255 52.21122310833933 29.470978670531224 63.63620473203621 59.88492980617624 52.5603084131189 43.12192430385662
0.9278936286195654 3303.5042237864877 0.17857142857142855 1.1196207480599083 4243.010970174953 0.08928571428571427 t_multiswap_k 100 862.4361064434052 41.717682253160255 52.21122310833933 29.470978670531224 63.63620473203621 59.88492980617624 52.5603084131189 43.760705060818054
0.9278936286195654 3303.5042237864877 0.17857142857142855 1.0867825862357228 4090.2874827726687 0.10714285714285712 move_t 100 865.6852638721466 41.717682253160255 52.719110877255936 29.470978670531224 63.63620473203621 59.88492980617624 52.5603084131189 43.760705060818054
0.9278936286195654 3303.5042237864877 0.17857142857142855 1.0867825862357228 4090.2874827726687 0.10714285714285712 t_swap_r_k 100 870.7949426174164 41.717682253160255 52.719110877255936 29.470978670531224 63.63620473203621 59.88492980617624 53.074705328987704 43.760705060818054
0.9278936286195654 3303.5042237864877 0.17857142857142855 1.1203560381042073 4247.707665432356 0.08928571428571427 t_move_k 100 877.26313829422 42.45050543062865 52.719110877255936 29.470978670531224 63.63620473203621 59.88492980617624 53.074705328987704 43.760705060818054
0.9278936286195654 3303.5042237864877 0.17857142857142855 1.1075131580577962 4336.768089892365 0.14285714285714285 t_multiswap_k 100 884.0188989639282 42.45050543062865 52.719110877255936 29.470978670531224 63.63620473203621 59.88492980617624 53.074705328987704 44.67309801020988
0.9278936286195654 3303.5042237864877 0.17857142857142855 1.1467061955984843 4587.115221568888 0.14285714285714285 f_swap_t 100 891.0750300884247 42.45050543062865 52.719110877255936 29.470978670531224 64.24984268471584 59.88492980617624 53.074705328987704 44.67309801020988
0.9278936286195654 3303.5042237864877 0.17857142857142855 1.1253785173953743 4507.915419483271 0.1607142857142857 t_move_k 100 892.8194577693939 43.276000376322365 52.719110877255936 29.470978670531224 64.24984268471584 59.88492980617624 53.074705328987704 44.67309801020988
0.9278936286195654 3303.5042237864877 0.17857142857142855 1.1720020154126076 4805.724921623111 0.1607142857142857 t_swap_k 100 895.746084690094 43.276000376322365 52.719110877255936 30.426268883825912 64.24984268471584 59.88492980617624 53.074705328987704 44.67309801020988
0.9278936286195654 3303.5042237864877 0.17857142857142855 1.1156566186882626 4565.908859593945 0.21428571428571427 swap_t 100 897.4143669605255 43.276000376322365 52.719110877255936 30.426268883825912 64.24984268471584 60.46608050811447 53.074705328987704 44.67309801020988
0.9278936286195654 3303.5042237864877 0.17857142857142855 1.1044759179760821 4488.462441025349 0.19642857142857142 swap_t 100 899.9163997173309 43.276000376322365 52.719110877255936 30.426268883825912 64.24984268471584 60.981419703033325 53.074705328987704 44.67309801020988
0.9278936286195654 3303.5042237864877 0.17857142857142855 1.0759833943985 4420.528511309244 0.23214285714285715 f_swap_t 100 903.7498288154602 43.276000376322365 52.719110877255936 30.426268883825912 64.66734425786869 60.981419703033325 53.074705328987704 44.67309801020988
0.9278936286195654 3303.5042237864877 0.17857142857142855 1.0709188439117685 4388.178487755497 0.23214285714285715 move_t 100 905.6711418628693 43.276000376322365 53.251919768483376 30.426268883825912 64.66734425786869 60.981419703033325 53.074705328987704 44.67309801020988
0.9278936286195654 3303.5042237864877 0.17857142857142855 1.056347296626211 4295.102132975875 0.23214285714285715 t_swap_k 100 909.9300606250763 43.276000376322365 53.251919768483376 31.21200619498765 64.66734425786869 60.981419703033325 53.074705328987704 44.67309801020988
0.9278936286195654 3303.5042237864877 0.17857142857142855 1.1009901537690683 4295.102132975875 0.14285714285714285 t_swap_r_k 100 913.9444754123688 43.276000376322365 53.251919768483376 31.21200619498765 64.66734425786869 60.981419703033325 53.583958275697825 44.67309801020988
0.9278936286195654 3303.5042237864877 0.17857142857142855 1.1580100394664465 4596.751389284584 0.125 swap_t 100 918.7148263454437 43.276000376322365 53.251919768483376 31.21200619498765 64.66734425786869 61.39160550600299 53.583958275697825 44.67309801020988
0.9278936286195654 3303.5042237864877 0.17857142857142855 1.165247013022624 4363.35575887108 0.03571428571428571 t_swap_r_k 100 920.9998867511749 43.276000376322365 53.251919768483376 31.21200619498765 64.66734425786869 61.39160550600299 54.088118692940846 44.67309801020988
0.9278936286195654 3303.5042237864877 0.17857142857142855 1.1295629644915643 4306.51728462145 0.08928571428571427 t_multiswap_k 100 921.9592461585999 43.276000376322365 53.251919768483376 31.21200619498765 64.66734425786869 61.39160550600299 54.088118692940846 45.37636703010778
0.9278936286195654 3303.5042237864877 0.17857142857142855 1.133377464370994 4330.8825587496485 0.08928571428571427 t_swap_k 100 925.4968786239624 43.276000376322365 53.251919768483376 32.039886133037776 64.66734425786869 61.39160550600299 54.088118692940846 45.37636703010778
0.9278936286195654 3303.5042237864877 0.17857142857142855 1.131551245169478 4205.154277852307 0.05357142857142857 swap_t 100 927.2277660369873 43.276000376322365 53.251919768483376 32.039886133037776 64.66734425786869 61.77768945094296 54.088118692940846 45.37636703010778
0.9278936286195654 3303.5042237864877 0.17857142857142855 1.1281625978054568 4240.54076959401 0.07142857142857142 swap_t 100 930.2177720069885 43.276000376322365 53.251919768483376 32.039886133037776 64.66734425786869 62.189912556433526 54.088118692940846 45.37636703010778
0.9278936286195654 3303.5042237864877 0.17857142857142855 1.1281625978054568 4240.54076959401 0.07142857142857142 swap_t 100 931.2242906093597 43.276000376322365 53.251919768483376 32.039886133037776 64.66734425786869 62.56801343086919 54.088118692940846 45.37636703010778
0.9278936286195654 3303.5042237864877 0.17857142857142855 1.2603107254713914 5027.610729110505 0.05357142857142857 f_swap_t 100 935.0582494735718 43.276000376322365 53.251919768483376 32.039886133037776 65.24067081529 62.56801343086919 54.088118692940846 45.37636703010778
0.9278936286195654 3303.5042237864877 0.17857142857142855 1.1926608136348222 4766.588994459324 0.10714285714285712 t_move_k 100 938.6988446712494 44.07324037255914 53.251919768483376 32.039886133037776 65.24067081529 62.56801343086919 54.088118692940846 45.37636703010778
0.9278936286195654 3303.5042237864877 0.17857142857142855 1.1686752707218802 4556.3487417481965 0.08928571428571427 t_move_k 100 942.6627931594849 44.90250796883355 53.251919768483376 32.039886133037776 65.24067081529 62.56801343086919 54.088118692940846 45.37636703010778
0.9278936286195654 3303.5042237864877 0.17857142857142855 1.2362228167803557 4781.344445378176 0.03571428571428571 move_t 100 944.444904088974 44.90250796883355 53.879400570798545 32.039886133037776 65.24067081529 62.56801343086919 54.088118692940846 45.37636703010778
0.9278936286195654 3303.5042237864877 0.17857142857142855 1.1828197700649814 4589.665694818711 0.07142857142857142 t_swap_r_k 100 947.3619799613953 44.90250796883355 53.879400570798545 32.039886133037776 65.24067081529 62.56801343086919 54.617237506011435 45.37636703010778
0.9278936286195654 3303.5042237864877 0.17857142857142855 1.1623612325159374 4630.08079523014 0.12499999999999999 f_swap_t 100 949.8887045383453 44.90250796883355 53.879400570798545 32.039886133037776 65.64826410713711 62.56801343086919 54.617237506011435 45.37636703010778
0.9278936286195654 3303.5042237864877 0.17857142857142855 1.2123352093499347 4773.105495867108 0.03571428571428571 swap_t 100 951.8803486824036 44.90250796883355 53.879400570798545 32.039886133037776 65.64826410713711 63.0823332965605 54.617237506011435 45.37636703010778
0.9278936286195654 3303.5042237864877 0.17857142857142855 1.1664043833563613 4484.811740245844 0.07142857142857142 t_move_k 100 953.448812007904 45.72348288914521 53.879400570798545 32.039886133037776 65.64826410713711 63.0823332965605 54.617237506011435 45.37636703010778
0.9278936286195654 3303.5042237864877 0.17857142857142855 1.1278633499266908 4352.692542509061 0.10714285714285712 move_t 100 954.1935837268829 45.72348288914521 54.37060656509056 32.039886133037776 65.64826410713711 63.0823332965605 54.617237506011435 45.37636703010778
0.9278936286195654 3303.5042237864877 0.17857142857142855 1.0982734108089263 4391.812057097341 0.17857142857142855 t_multiswap_k 100 955.0199210643768 45.72348288914521 54.37060656509056 32.039886133037776 65.64826410713711 63.0823332965605 54.617237506011435 45.9826033598067
0.9278936286195654 3303.5042237864877 0.17857142857142855 1.1554862369136223 4643.198094884441 0.14285714285714285 t_swap_k 100 956.9173955917358 45.72348288914521 54.37060656509056 32.929487271707394 65.64826410713711 63.0823332965605 54.617237506011435 45.9826033598067
0.9278936286195654 3303.5042237864877 0.17857142857142855 1.1554862369136223 4643.198094884441 0.14285714285714285 move_t 100 958.607319355011 45.72348288914521 54.82690049943965 32.929487271707394 65.64826410713711 63.0823332965605 54.617237506011435 45.9826033598067
0.9278936286195654 3303.5042237864877 0.17857142857142855 1.145810083845875 4581.391271066341 0.14285714285714285 f_swap_t 100 961.915246963501 45.72348288914521 54.82690049943965 32.929487271707394 66.16178146606573 63.0823332965605 54.617237506011435 45.9826033598067
0.9278936286195654 3303.5042237864877 0.17857142857142855 1.110933835478268 4415.649422437924 0.1607142857142857 swap_t 100 962.662948846817 45.72348288914521 54.82690049943965 32.929487271707394 66.16178146606573 63.451509963594894 54.617237506011435 45.9826033598067
0.9278936286195654 3303.5042237864877 0.17857142857142855 1.110933835478268 4415.649422437924 0.1607142857142857 t_swap_r_k 100 964.7516524791718 45.72348288914521 54.82690049943965 32.929487271707394 66.16178146606573 63.451509963594894 55.11106513095132 45.9826033598067
0.9278936286195654 3303.5042237864877 0.17857142857142855 1.110933835478268 4415.649422437924 0.1607142857142857 t_swap_r_k 100 969.439528465271 45.72348288914521 54.82690049943965 32.929487271707394 66.16178146606573 63.451509963594894 55.5999544796418 45.9826033598067
0.9278936286195654 3303.5042237864877 0.17857142857142855 1.1172501668213166 4455.995247453634 0.1607142857142857 t_move_k 100 971.8980674743652 46.51624806025376 54.82690049943965 32.929487271707394 66.16178146606573 63.451509963594894 55.5999544796418 45.9826033598067
0.9278936286195654 3303.5042237864877 0.17857142857142855 1.1443454957620829 4629.0677702227795 0.1607142857142857 f_swap_t 100 974.8724799156189 46.51624806025376 54.82690049943965 32.929487271707394 66.64016365140508 63.451509963594894 55.5999544796418 45.9826033598067
0.9278936286195654 3303.5042237864877 0.17857142857142855 1.1311823895103639 4487.956274706734 0.14285714285714285 t_move_k 100 978.3407680988312 47.30108557965122 54.82690049943965 32.929487271707394 66.64016365140508 63.451509963594894 55.5999544796418 45.9826033598067
0.9278936286195654 3303.5042237864877 0.17857142857142855 1.1256448621813389 4281.490245725528 0.08928571428571427 swap_t 100 981.0777192115784 47.30108557965122 54.82690049943965 32.929487271707394 66.64016365140508 63.84699486395895 55.5999544796418 45.9826033598067
0.9278936286195654 3303.5042237864877 0.17857142857142855 1.1577196454358945 4609.2086709732985 0.12499999999999999 swap_t 100 983.5481643676758 47.30108557965122 54.82690049943965 32.929487271707394 66.64016365140508 64.33852491531935 55.5999544796418 45.9826033598067
0.9278936286195654 3303.5042237864877 0.17857142857142855 1.1059927543990702 4384.0880647790755 0.1607142857142857 move_t 100 984.7418010234833 47.30108557965122 55.36863149444525 32.929487271707394 66.64016365140508 64.33852491531935 55.5999544796418 45.9826033598067
0.9278936286195654 3303.5042237864877 0.17857142857142855 1.1059927543990702 4384.0880647790755 0.1607142857142857 swap_t 100 986.1246247291565 47.30108557965122 55.36863149444525 32.929487271707394 66.64016365140508 64.69513966616616 55.5999544796418 45.9826033598067
0.9278936286195654 3303.5042237864877 0.17857142857142855 1.1191632175177388 4411.183321593398 0.14285714285714285 t_swap_k 100 988.747508764267 47.30108557965122 55.36863149444525 33.94019239899032 66.64016365140508 64.69513966616616 55.5999544796418 45.9826033598067
0.9278936286195654 3303.5042237864877 0.17857142857142855 1.118817476472407 4408.97488651327 0.14285714285714285 swap_t 100 989.4689800739288 47.30108557965122 55.36863149444525 33.94019239899032 66.64016365140508 65.0781882695045 55.5999544796418 45.9826033598067
0.9278936286195654 3303.5042237864877 0.17857142857142855 1.118817476472407 4408.97488651327 0.14285714285714285 t_swap_r_k 100 991.0280067920685 47.30108557965122 55.36863149444525 33.94019239899032 66.64016365140508 65.0781882695045 56.11395493484538 45.9826033598067
0.9278936286195654 3303.5042237864877 0.17857142857142855 1.104948416702848 4206.322468508224 0.10714285714285714 swap_t 100 992.1585896015167 47.30108557965122 55.36863149444525 33.94019239899032 66.64016365140508 65.42740638680945 56.11395493484538 45.9826033598067
0.9278936286195654 3303.5042237864877 0.17857142857142855 1.104948416702848 4206.322468508224 0.10714285714285714 swap_t 100 993.8024933338165 47.30108557965122 55.36863149444525 33.94019239899032 66.64016365140508 65.77313232294135 56.11395493484538 45.9826033598067
0.9278936286195654 3303.5042237864877 0.17857142857142855 1.073100105887338 4345.079772420169 0.21428571428571427 f_swap_t 100 996.7381751537323 47.30108557965122 55.36863149444525 33.94019239899032 67.11376201489102 65.77313232294135 56.11395493484538 45.9826033598067
0.9278936286195654 3303.5042237864877 0.17857142857142855 1.070677716505434 4215.543430091093 0.17857142857142855 t_swap_r_k 100 999.4023218154907 47.30108557965122 55.36863149444525 33.94019239899032 67.11376201489102 65.77313232294135 56.59281538549693 45.9826033598067
0.9278936286195654 3303.5042237864877 0.17857142857142855 1.0441763969873223 4409.836903491345 0.19642857142857142 swap_t 100 1001.6433138847351 47.30108557965122 55.36863149444525 33.94019239899032 67.11376201489102 66.17540099971194 56.59281538549693 45.9826033598067
0.9278936286195654 3303.5042237864877 0.17857142857142855 1.0441763969873223 4409.836903491345 0.19642857142857142 t_swap_r_k 100 1004.3683834075928 47.30108557965122 55.36863149444525 33.94019239899032 67.11376201489102 66.17540099971194 57.06688723164196 45.9826033598067
0.9278936286195654 3303.5042237864877 0.17857142857142855 1.1183001718428862 4576.765428501878 0.19642857142857142 t_multiswap_k 100 1006.6878290176392 47.30108557965122 55.36863149444525 33.94019239899032 67.11376201489102 66.17540099971194 57.06688723164196 46.722777326208636
0.9278936286195654 3303.5042237864877 0.17857142857142855 1.1407386592314204 4548.997338740367 0.14285714285714285 t_swap_k 100 1010.501793384552 47.30108557965122 55.36863149444525 34.91079047500042 67.11376201489102 66.17540099971194 57.06688723164196 46.722777326208636
0.9278936286195654 3303.5042237864877 0.17857142857142855 1.123426343838907 4495.445830978195 0.1607142857142857 t_move_k 100 1011.8161816596985 47.95807472385471 55.36863149444525 34.91079047500042 67.11376201489102 66.17540099971194 57.06688723164196 46.722777326208636
0.9278936286195654 3303.5042237864877 0.17857142857142855 1.1004918819011387 4450.349177357782 0.1607142857142857 swap_t 100 1014.4197814464569 47.95807472385471 55.36863149444525 34.91079047500042 67.11376201489102 66.52364698971482 57.06688723164196 46.722777326208636
0.9278936286195654 3303.5042237864877 0.17857142857142855 1.1487694493290856 4657.325954728624 0.1607142857142857 t_swap_k 100 1017.8177807331085 47.95807472385471 55.36863149444525 35.77168257025041 67.11376201489102 66.52364698971482 57.06688723164196 46.722777326208636
0.9278936286195654 3303.5042237864877 0.17857142857142855 1.1590250730573446 4665.802555616386 0.14285714285714285 t_swap_k 100 1022.2180881500244 47.95807472385471 55.36863149444525 36.69396574454791 67.11376201489102 66.52364698971482 57.06688723164196 46.722777326208636
0.9278936286195654 3303.5042237864877 0.17857142857142855 1.1049401261632283 4491.427589823326 0.19642857142857142 move_t 100 1023.3630561828613 47.95807472385471 55.8749451795008 36.69396574454791 67.11376201489102 66.52364698971482 57.06688723164196 46.722777326208636
0.9278936286195654 3303.5042237864877 0.17857142857142855 1.0929644874644526 4414.932707406509 0.19642857142857142 t_move_k 100 1025.7534160614014 48.75849397661616 55.8749451795008 36.69396574454791 67.11376201489102 66.52364698971482 57.06688723164196 46.722777326208636
0.9278936286195654 3303.5042237864877 0.17857142857142855 1.0929644874644526 4414.932707406509 0.19642857142857142 move_t 100 1027.267743587494 48.75849397661616 56.31619572770579 36.69396574454791 67.11376201489102 66.52364698971482 57.06688723164196 46.722777326208636
0.9278936286195654 3303.5042237864877 0.17857142857142855 1.0890122950418415 4389.687916522227 0.19642857142857142 f_swap_t 100 1028.8719170093536 48.75849397661616 56.31619572770579 36.69396574454791 67.50262439474211 66.52364698971482 57.06688723164196 46.722777326208636
0.9278936286195654 3303.5042237864877 0.17857142857142855 1.1157980093275557 4389.687916522227 0.14285714285714285 t_swap_r_k 100 1030.1943054199219 48.75849397661616 56.31619572770579 36.69396574454791 67.50262439474211 66.52364698971482 57.53621835932554 46.722777326208636
0.9278936286195654 3303.5042237864877 0.17857142857142855 1.107585913697588 4337.232819519823 0.14285714285714285 t_move_k 100 1032.2800662517548 49.63090903685 56.31619572770579 36.69396574454791 67.50262439474211 66.52364698971482 57.53621835932554 46.722777326208636
0.9278936286195654 3303.5042237864877 0.17857142857142855 1.0746400536112113 4183.821405059112 0.1607142857142857 f_swap_t 100 1033.8045568466187 49.63090903685 56.31619572770579 36.69396574454791 68.00759815079469 66.52364698971482 57.53621835932554 46.722777326208636
0.9278936286195654 3303.5042237864877 0.17857142857142855 1.0692582782694928 4035.3818637678673 0.125 swap_t 100 1035.171863079071 49.63090903685 56.31619572770579 36.69396574454791 68.00759815079469 66.85841051981767 57.53621835932554 46.722777326208636
0.9278936286195654 3303.5042237864877 0.17857142857142855 1.0616292239783633 4100.714198174883 0.1607142857142857 swap_t 100 1036.4239656925201 49.63090903685 56.31619572770579 36.69396574454791 68.00759815079469 67.21982641461949 57.53621835932554 46.722777326208636
0.9278936286195654 3303.5042237864877 0.17857142857142855 1.0616292239783633 4100.714198174883 0.1607142857142857 swap_t 100 1039.1077427864075 49.63090903685 56.31619572770579 36.69396574454791 68.00759815079469 67.5476281504733 57.53621835932554 46.722777326208636
0.9278936286195654 3303.5042237864877 0.17857142857142855 1.0546241325315378 4055.968889801579 0.1607142857142857 t_move_k 100 1041.311856508255 50.2445999464815 56.31619572770579 36.69396574454791 68.00759815079469 67.5476281504733 57.53621835932554 46.722777326208636
0.9278936286195654 3303.5042237864877 0.17857142857142855 1.0546241325315378 4055.968889801579 0.1607142857142857 swap_t 100 1042.2725985050201 50.2445999464815 56.31619572770579 36.69396574454791 68.00759815079469 67.87215186896857 57.53621835932554 46.722777326208636
0.9278936286195654 3303.5042237864877 0.17857142857142855 1.0546241325315378 4055.968889801579 0.1607142857142857 t_multiswap_k 100 1043.6106214523315 50.2445999464815 56.31619572770579 36.69396574454791 68.00759815079469 67.87215186896857 57.53621835932554 47.25554955294655
0.9278936286195654 3303.5042237864877 0.17857142857142855 1.0474839818834096 4010.3608852512443 0.1607142857142857 move_t 100 1045.4538407325745 50.2445999464815 56.82303377042873 36.69396574454791 68.00759815079469 67.87215186896857 57.53621835932554 47.25554955294655
0.9278936286195654 3303.5042237864877 0.17857142857142855 1.0466993597487986 4005.349079247541 0.1607142857142857 move_t 100 1047.2043979167938 50.2445999464815 57.284803432724445 36.69396574454791 68.00759815079469 67.87215186896857 57.53621835932554 47.25554955294655
0.9278936286195654 3303.5042237864877 0.17857142857142855 1.0466993597487986 4005.349079247541 0.1607142857142857 f_swap_t 100 1048.734763622284 50.2445999464815 57.284803432724445 36.69396574454791 68.32752216928675 67.87215186896857 57.53621835932554 47.25554955294655
0.9278936286195654 3303.5042237864877 0.17857142857142855 1.0712363357294268 4105.048402261165 0.14285714285714285 t_multiswap_k 100 1050.2609162330627 50.2445999464815 57.284803432724445 36.69396574454791 68.32752216928675 67.87215186896857 57.53621835932554 47.91299405741708
0.9278936286195654 3303.5042237864877 0.17857142857142855 1.0605961534137571 4037.0838021589716 0.14285714285714285 t_move_k 100 1051.592277288437 50.832153947016685 57.284803432724445 36.69396574454791 68.32752216928675 67.87215186896857 57.53621835932554 47.91299405741708
0.9278936286195654 3303.5042237864877 0.17857142857142855 1.087827843160781 4153.995719664821 0.125 t_swap_k 100 1053.5743119716644 50.832153947016685 57.284803432724445 37.39702608710243 68.32752216928675 67.87215186896857 57.53621835932554 47.91299405741708
0.9278936286195654 3303.5042237864877 0.17857142857142855 1.0884571874196478 4158.015681880836 0.125 f_swap_t 100 1056.5854620933533 50.832153947016685 57.284803432724445 37.39702608710243 68.74424694759388 67.87215186896857 57.53621835932554 47.91299405741708
0.9278936286195654 3303.5042237864877 0.17857142857142855 1.105194644702289 4093.8320289435906 0.07142857142857142 t_swap_r_k 100 1058.6987874507904 50.832153947016685 57.284803432724445 37.39702608710243 68.74424694759388 67.87215186896857 58.00085617573228 47.91299405741708
0.9278936286195654 3303.5042237864877 0.17857142857142855 1.1043697993470145 4088.5632954713437 0.07142857142857142 t_swap_r_k 100 1061.7400295734406 50.832153947016685 57.284803432724445 37.39702608710243 68.74424694759388 67.87215186896857 58.460847613974956 47.91299405741708
0.9278936286195654 3303.5042237864877 0.17857142857142855 1.1866164694703156 4613.917267689954 0.07142857142857142 t_swap_k 100 1064.0520040988922 50.832153947016685 57.284803432724445 38.273055826231406 68.74424694759388 67.87215186896857 58.460847613974956 47.91299405741708
0.9278936286195654 3303.5042237864877 0.17857142857142855 1.1129818545732004 4257.6363817576475 0.10714285714285714 t_move_k 100 1065.5380413532257 51.443832407546516 57.284803432724445 38.273055826231406 68.74424694759388 67.87215186896857 58.460847613974956 47.91299405741708
0.9278936286195654 3303.5042237864877 0.17857142857142855 1.0970257496803604 4212.747724079253 0.12499999999999997 f_swap_t 100 1068.4602689743042 51.443832407546516 57.284803432724445 38.273055826231406 69.08680447811794 67.87215186896857 58.460847613974956 47.91299405741708
0.9278936286195654 3303.5042237864877 0.17857142857142855 1.110355454059128 4246.1610066210815 0.07142857142857142 swap_t 100 1071.00417470932 51.443832407546516 57.284803432724445 38.273055826231406 69.08680447811794 68.23343035027888 58.460847613974956 47.91299405741708
0.9278936286195654 3303.5042237864877 0.17857142857142855 1.110355454059128 4246.1610066210815 0.07142857142857142 t_multiswap_k 100 1072.8514807224274 51.443832407546516 57.284803432724445 38.273055826231406 69.08680447811794 68.23343035027888 58.460847613974956 48.43386411684291
0.9278936286195654 3303.5042237864877 0.17857142857142855 1.1387885461368088 4365.4460650339615 0.08928571428571427 swap_t 100 1074.399117231369 51.443832407546516 57.284803432724445 38.273055826231406 69.08680447811794 68.6310960467761 58.460847613974956 48.43386411684291
0.9278936286195654 3303.5042237864877 0.17857142857142855 1.1220145518839104 4258.30149009225 0.08928571428571427 move_t 100 1076.6924269199371 51.443832407546516 57.8019553983972 38.273055826231406 69.08680447811794 68.6310960467761 58.460847613974956 48.43386411684291
0.9278936286195654 3303.5042237864877 0.17857142857142855 1.121531518744728 4255.216096142533 0.08928571428571427 move_t 100 1078.3294396400452 51.443832407546516 58.25393584441323 38.273055826231406 69.08680447811794 68.6310960467761 58.460847613974956 48.43386411684291
0.9278936286195654 3303.5042237864877 0.17857142857142855 1.102792698295408 4135.521113440097 0.08928571428571427 swap_t 100 1079.2315731048584 51.443832407546516 58.25393584441323 38.273055826231406 69.08680447811794 68.94478508630833 58.460847613974956 48.43386411684291
0.9278936286195654 3303.5042237864877 0.17857142857142855 1.0979886090620667 4161.866412299743 0.10714285714285715 move_t 100 1081.60023188591 51.443832407546516 58.73139648596909 38.273055826231406 69.08680447811794 68.94478508630833 58.460847613974956 48.43386411684291
0.9278936286195654 3303.5042237864877 0.17857142857142855 1.0913889673952069 4119.710930993248 0.10714285714285715 t_move_k 100 1083.1228075027466 52.03939408347105 58.73139648596909 38.273055826231406 69.08680447811794 68.94478508630833 58.460847613974956 48.43386411684291
0.9278936286195654 3303.5042237864877 0.17857142857142855 1.072102246059854 4053.5478244479564 0.125 f_swap_t 100 1084.432734966278 52.03939408347105 58.73139648596909 38.273055826231406 69.52593643333677 68.94478508630833 58.460847613974956 48.43386411684291
0.9278936286195654 3303.5042237864877 0.17857142857142855 1.1078165317741397 4053.5478244479564 0.05357142857142857 t_swap_r_k 100 1086.9032201766968 52.03939408347105 58.73139648596909 38.273055826231406 69.52593643333677 68.94478508630833 58.916239137835205 48.43386411684291
0.9278936286195654 3303.5042237864877 0.17857142857142855 1.129641230791163 4192.953982823484 0.05357142857142857 move_t 100 1088.8158526420593 52.03939408347105 59.2240825211094 38.273055826231406 69.52593643333677 68.94478508630833 58.916239137835205 48.43386411684291
0.9278936286195654 3303.5042237864877 0.17857142857142855 1.1295762834020233 4192.539128716703 0.05357142857142857 t_move_k 100 1091.3566765785217 52.729000142636345 59.2240825211094 38.273055826231406 69.52593643333677 68.94478508630833 58.916239137835205 48.43386411684291
0.9278936286195654 3303.5042237864877 0.17857142857142855 1.1377455075350298 4244.720382277304 0.05357142857142857 t_move_k 100 1094.71302652359 53.33171014120998 59.2240825211094 38.273055826231406 69.52593643333677 68.94478508630833 58.916239137835205 48.43386411684291
0.9278936286195654 3303.5042237864877 0.17857142857142855 1.1621698349025078 4571.826619644148 0.10714285714285715 t_swap_k 100 1098.4400737285614 53.33171014120998 59.2240825211094 39.13032526796909 69.52593643333677 68.94478508630833 58.916239137835205 48.43386411684291
0.9278936286195654 3303.5042237864877 0.17857142857142855 1.1263627276577606 4400.138871832853 0.125 swap_t 100 1100.5575592517853 53.33171014120998 59.2240825211094 39.13032526796909 69.52593643333677 69.31533723544524 58.916239137835205 48.43386411684291
0.9278936286195654 3303.5042237864877 0.17857142857142855 1.117926468872582 4474.3443835619955 0.10714285714285714 move_t 100 1102.342432975769 53.33171014120998 59.66184169589831 39.13032526796909 69.52593643333677 69.31533723544524 58.916239137835205 48.43386411684291
0.9278936286195654 3303.5042237864877 0.17857142857142855 1.1046504440925051 4204.41915626201 0.10714285714285714 swap_t 100 1103.1768918037415 53.33171014120998 59.66184169589831 39.13032526796909 69.52593643333677 69.62218386309078 58.916239137835205 48.43386411684291
0.9278936286195654 3303.5042237864877 0.17857142857142855 1.0933857769508362 4189.497249265425 0.125 t_move_k 100 1104.1080005168915 54.08839303979788 59.66184169589831 39.13032526796909 69.52593643333677 69.62218386309078 58.916239137835205 48.43386411684291
0.9278936286195654 3303.5042237864877 0.17857142857142855 1.0872326373442176 4036.130587155974 0.08928571428571427 t_multiswap_k 100 1105.9848527908325 54.08839303979788 59.66184169589831 39.13032526796909 69.52593643333677 69.62218386309078 58.916239137835205 49.00952547567448
0.9278936286195654 3303.5042237864877 0.17857142857142855 1.0682688492188008 4029.0618452038316 0.12499999999999999 t_multiswap_k 100 1108.6155920028687 54.08839303979788 59.66184169589831 39.13032526796909 69.52593643333677 69.62218386309078 58.916239137835205 49.549430220917735
0.9278936286195654 3303.5042237864877 0.17857142857142855 1.053952678594311 3937.6167193007414 0.12499999999999999 swap_t 100 1109.2513415813446 54.08839303979788 59.66184169589831 39.13032526796909 69.52593643333677 69.92596202445988 58.916239137835205 49.549430220917735
0.9278936286195654 3303.5042237864877 0.17857142857142855 1.082583496960805 4063.4656281374428 0.10714285714285714 t_move_k 100 1110.3994176387787 54.6675091093999 59.66184169589831 39.13032526796909 69.52593643333677 69.92596202445988 58.916239137835205 49.549430220917735
0.9278936286195654 3303.5042237864877 0.17857142857142855 1.0763279931182688 3966.4767257759986 0.08928571428571427 t_multiswap_k 100 1111.4547367095947 54.6675091093999 59.66184169589831 39.13032526796909 69.52593643333677 69.92596202445988 58.916239137835205 50.05393591870856
0.9278936286195654 3303.5042237864877 0.17857142857142855 1.0180819020756224 4050.680358872113 0.23214285714285712 f_swap_t 100 1113.7027842998505 54.6675091093999 59.66184169589831 39.13032526796909 69.9206770690034 69.92596202445988 58.916239137835205 50.05393591870856
0.9278936286195654 3303.5042237864877 0.17857142857142855 1.0663012165391852 4301.651588393118 0.21428571428571425 t_swap_k 100 1116.8862335681915 54.6675091093999 59.66184169589831 39.9190220152894 69.9206770690034 69.92596202445988 58.916239137835205 50.05393591870856
0.9278936286195654 3303.5042237864877 0.17857142857142855 1.1202426671782575 4601.456805587623 0.10714285714285714 swap_t 100 1118.3504393100739 54.6675091093999 59.66184169589831 39.9190220152894 69.9206770690034 70.32670240421528 58.916239137835205 50.05393591870856
0.9278936286195654 3303.5042237864877 0.17857142857142855 1.1406142777222505 4548.202846758929 0.14285714285714285 t_swap_k 100 1119.7722997665405 54.6675091093999 59.66184169589831 40.799831795136505 69.9206770690034 70.32670240421528 58.916239137835205 50.05393591870856
0.9278936286195654 3303.5042237864877 0.17857142857142855 1.0991239838853215 4112.087049965124 0.08928571428571427 t_multiswap_k 100 1121.0029129981995 54.6675091093999 59.66184169589831 40.799831795136505 69.9206770690034 70.32670240421528 58.916239137835205 50.70339655952147
0.9278936286195654 3303.5042237864877 0.17857142857142855 1.063715060739384 4075.8664074354715 0.08928571428571427 swap_t 100 1122.5206696987152 54.6675091093999 59.66184169589831 40.799831795136505 69.9206770690034 70.65343538017314 58.916239137835205 50.70339655952147
0.9278936286195654 3303.5042237864877 0.17857142857142855 1.063715060739384 4075.8664074354715 0.08928571428571427 swap_t 100 1123.4938416481018 54.6675091093999 59.66184169589831 40.799831795136505 69.9206770690034 70.9469010263714 58.916239137835205 50.70339655952147
0.9278936286195654 3303.5042237864877 0.17857142857142855 1.063715060739384 4075.8664074354715 0.08928571428571427 move_t 100 1124.7326049804688 54.6675091093999 60.06522327893933 40.799831795136505 69.9206770690034 70.9469010263714 58.916239137835205 50.70339655952147
0.9278936286195654 3303.5042237864877 0.17857142857142855 1.063715060739384 4075.8664074354715 0.08928571428571427 swap_t 100 1126.439359664917 54.6675091093999 60.06522327893933 40.799831795136505 69.9206770690034 71.23743201610769 58.916239137835205 50.70339655952147
0.9278936286195654 3303.5042237864877 0.17857142857142855 1.0657670390669387 4070.1130459412984 0.14285714285714285 f_swap_t 100 1130.199368238449 54.6675091093999 60.06522327893933 40.799831795136505 70.23147029831337 71.23743201610769 58.916239137835205 50.70339655952147
0.9278936286195654 3303.5042237864877 0.17857142857142855 1.0507439413778943 3974.1523944749765 0.14285714285714285 swap_t 100 1131.9478294849396 54.6675091093999 60.06522327893933 40.799831795136505 70.23147029831337 71.52505769594661 58.916239137835205 50.70339655952147
0.9278936286195654 3303.5042237864877 0.17857142857142855 1.1464249099737258 4528.286882630924 0.125 t_swap_k 100 1135.7254531383514 54.6675091093999 60.06522327893933 41.57183347718514 70.23147029831337 71.52505769594661 58.916239137835205 50.70339655952147
0.9278936286195654 3303.5042237864877 0.17857142857142855 1.113093619851294 4372.413518037154 0.14285714285714285 move_t 100 1136.8868849277496 54.6675091093999 60.61457104614993 41.57183347718514 70.23147029831337 71.52505769594661 58.916239137835205 50.70339655952147
0.9278936286195654 3303.5042237864877 0.17857142857142855 1.1340913246585955 4392.4739860541695 0.10714285714285714 f_swap_t 100 1139.3632144927979 54.6675091093999 60.61457104614993 41.57183347718514 70.79915559533023 71.52505769594661 58.916239137835205 50.70339655952147
0.9278936286195654 3303.5042237864877 0.17857142857142855 1.1008210208379954 4179.958558464592 0.10714285714285712 swap_t 100 1141.0879800319672 54.6675091093999 60.61457104614993 41.57183347718514 70.79915559533023 71.80980711898715 58.916239137835205 50.70339655952147
0.9278936286195654 3303.5042237864877 0.17857142857142855 1.0824017496876723 4290.431171971439 0.17857142857142855 t_multiswap_k 100 1143.4677195549011 54.6675091093999 60.61457104614993 41.57183347718514 70.79915559533023 71.80980711898715 58.916239137835205 51.286362593926256
0.9278936286195654 3303.5042237864877 0.17857142857142855 1.1860121585931394 4724.120438214762 0.10714285714285714 f_swap_t 100 1147.49498128891 54.6675091093999 60.61457104614993 41.57183347718514 71.34116403937693 71.80980711898715 58.916239137835205 51.286362593926256
0.9278936286195654 3303.5042237864877 0.17857142857142855 1.12791083331883 4575.077825059449 0.125 swap_t 100 1149.5691866874695 54.6675091093999 60.61457104614993 41.57183347718514 71.34116403937693 72.19170904779727 58.916239137835205 51.286362593926256
0.9278936286195654 3303.5042237864877 0.17857142857142855 1.0650406256267693 4236.567896841921 0.1964285714285714 t_multiswap_k 100 1151.0898325443268 54.6675091093999 60.61457104614993 41.57183347718514 71.34116403937693 72.19170904779727 58.916239137835205 51.873498967987
0.9278936286195654 3303.5042237864877 0.17857142857142855 1.1354727404552278 4629.424297985102 0.17857142857142855 t_swap_k 100 1154.3100545406342 54.6675091093999 60.61457104614993 42.39611514241329 71.34116403937693 72.19170904779727 58.916239137835205 51.873498967987
0.9278936286195654 3303.5042237864877 0.17857142857142855 1.1444721212087288 4401.750133465663 0.08928571428571427 t_swap_r_k 100 1157.7232220172882 54.6675091093999 60.61457104614993 42.39611514241329 71.34116403937693 72.19170904779727 59.36707674645685 51.873498967987
0.9278936286195654 3303.5042237864877 0.17857142857142855 1.118910436682552 4511.363438681944 0.1607142857142857 swap_t 100 1160.8628559112549 54.6675091093999 60.61457104614993 42.39611514241329 71.34116403937693 72.4997919573193 59.36707674645685 51.873498967987
0.9278936286195654 3303.5042237864877 0.17857142857142855 1.0970728350230536 4441.174945614205 0.1964285714285714 t_swap_k 100 1163.8058953285217 54.6675091093999 60.61457104614993 43.342153990989154 71.34116403937693 72.4997919573193 59.36707674645685 51.873498967987
0.9278936286195654 3303.5042237864877 0.17857142857142855 1.1382274351728252 4532.956792267955 0.14285714285714285 move_t 100 1166.0207917690277 54.6675091093999 61.10842533568844 43.342153990989154 71.34116403937693 72.4997919573193 59.36707674645685 51.873498967987
0.9278936286195654 3303.5042237864877 0.17857142857142855 1.1172818079842242 4456.197356676952 0.1607142857142857 t_move_k 100 1168.741492986679 55.340834018305905 61.10842533568844 43.342153990989154 71.34116403937693 72.4997919573193 59.36707674645685 51.873498967987
0.9278936286195654 3303.5042237864877 0.17857142857142855 1.1896044751808126 4747.066507471689 0.10714285714285714 f_swap_t 100 1171.1596381664276 55.340834018305905 61.10842533568844 43.342153990989154 71.81775239898316 72.4997919573193 59.36707674645685 51.873498967987
0.9278936286195654 3303.5042237864877 0.17857142857142855 1.1543440481760354 4521.839086576554 0.10714285714285714 t_swap_r_k 100 1173.6868760585785 55.340834018305905 61.10842533568844 43.342153990989154 71.81775239898316 72.4997919573193 59.84340597899229 51.873498967987
0.9278936286195654 3303.5042237864877 0.17857142857142855 1.1776728612206468 4727.884450370176 0.125 f_swap_t 100 1176.5417475700378 55.340834018305905 61.10842533568844 43.342153990989154 72.22957487499333 72.4997919573193 59.84340597899229 51.873498967987
0.9278936286195654 3303.5042237864877 0.17857142857142855 1.1313428366685525 4260.854675516604 0.07142857142857142 t_multiswap_k 100 1178.295872926712 55.340834018305905 61.10842533568844 43.342153990989154 72.22957487499333 72.4997919573193 59.84340597899229 52.474763978307124
0.9278936286195654 3303.5042237864877 0.17857142857142855 1.1186689532993244 4293.962957674818 0.10714285714285714 t_swap_k 100 1180.6963620185852 55.340834018305905 61.10842533568844 44.01873245107926 72.22957487499333 72.4997919573193 59.84340597899229 52.474763978307124
0.9278936286195654 3303.5042237864877 0.17857142857142855 1.1115275964493567 4305.378863956117 0.125 move_t 100 1182.2894790172577 55.340834018305905 61.557341082331554 44.01873245107926 72.22957487499333 72.4997919573193 59.84340597899229 52.474763978307124
0.9278936286195654 3303.5042237864877 0.17857142857142855 1.1115275964493567 4305.378863956117 0.125 f_swap_t 100 1183.4753820896149 55.340834018305905 61.557341082331554 44.01873245107926 72.5072791262434 72.4997919573193 59.84340597899229 52.474763978307124
0.9278936286195654 3303.5042237864877 0.17857142857142855 1.2002929987474804 4701.276658302987 0.07142857142857142 f_swap_t 100 1184.7674186229706 55.340834018305905 61.557341082331554 44.01873245107926 72.98220633498097 72.4997919573193 59.84340597899229 52.474763978307124
0.9278936286195654 3303.5042237864877 0.17857142857142855 1.1356067731973718 4459.185591126459 0.12499999999999999 t_swap_k 100 1186.8890328407288 55.340834018305905 61.557341082331554 44.788545126568465 72.98220633498097 72.4997919573193 59.84340597899229 52.474763978307124
0.9278936286195654 3303.5042237864877 0.17857142857142855 1.130018981926546 4498.519128935173 0.14285714285714285 swap_t 100 1188.5035095214844 55.340834018305905 61.557341082331554 44.788545126568465 72.98220633498097 72.87479403774611 59.84340597899229 52.474763978307124
0.9278936286195654 3303.5042237864877 0.17857142857142855 1.1384656779576925 4591.510193304135 0.1607142857142857 f_swap_t 100 1190.644670009613 55.340834018305905 61.557341082331554 44.788545126568465 73.45238427163116 72.87479403774611 59.84340597899229 52.474763978307124
0.9278936286195654 3303.5042237864877 0.17857142857142855 1.1574213239091666 4541.495311291656 0.10714285714285714 f_swap_t 100 1193.5545721054077 55.340834018305905 61.557341082331554 44.788545126568465 73.78786042891485 72.87479403774611 59.84340597899229 52.474763978307124
0.9278936286195654 3303.5042237864877 0.17857142857142855 1.1402602563655504 4608.121071536696 0.1607142857142857 swap_t 100 1194.7827699184418 55.340834018305905 61.557341082331554 44.788545126568465 73.78786042891485 73.20604609736866 59.84340597899229 52.474763978307124
0.9278936286195654 3303.5042237864877 0.17857142857142855 1.1107680963578657 4528.6539880122655 0.19642857142857142 t_multiswap_k 100 1197.0246000289917 55.340834018305905 61.557341082331554 44.788545126568465 73.78786042891485 73.20604609736866 59.84340597899229 53.01001633852405
0.9278936286195654 3303.5042237864877 0.17857142857142855 1.110372753739247 4481.858234211955 0.19642857142857142 swap_t 100 1198.5890610218048 55.340834018305905 61.557341082331554 44.788545126568465 73.78786042891485 73.50398563639497 59.84340597899229 53.01001633852405
0.9278936286195654 3303.5042237864877 0.17857142857142855 1.09974030087172 4515.245108411787 0.21428571428571427 t_multiswap_k 100 1200.553570508957 55.340834018305905 61.557341082331554 44.788545126568465 73.78786042891485 73.50398563639497 59.84340597899229 53.53991617513881
0.9278936286195654 3303.5042237864877 0.17857142857142855 1.0823505330372623 4500.474624537084 0.23214285714285712 swap_t 100 1202.3160438537598 55.340834018305905 61.557341082331554 44.788545126568465 73.78786042891485 73.85894578003102 59.84340597899229 53.53991617513881
0.9278936286195654 3303.5042237864877 0.17857142857142855 1.0563402566107531 4352.08878008421 0.24999999999999997 t_move_k 100 1204.0345776081085 55.93742567812285 61.557341082331554 44.788545126568465 73.78786042891485 73.85894578003102 59.84340597899229 53.53991617513881
0.9278936286195654 3303.5042237864877 0.17857142857142855 1.1845921250707465 4943.176377941779 0.17857142857142855 swap_t 100 1206.394324541092 55.93742567812285 61.557341082331554 44.788545126568465 73.78786042891485 74.2303563222307 59.84340597899229 53.53991617513881
0.9278936286195654 3303.5042237864877 0.17857142857142855 1.0857080874511242 4425.613770772494 0.21428571428571427 t_multiswap_k 100 1207.8902325630188 55.93742567812285 61.557341082331554 44.788545126568465 73.78786042891485 74.2303563222307 59.84340597899229 54.10451701338742
0.9278936286195654 3303.5042237864877 0.17857142857142855 1.1284618379537976 4641.6734867578925 0.19642857142857145 t_multiswap_k 100 1209.7683503627777 55.93742567812285 61.557341082331554 44.788545126568465 73.78786042891485 74.2303563222307 59.84340597899229 54.773471843253546
0.9278936286195654 3303.5042237864877 0.17857142857142855 1.1641761236680832 4641.6734867578925 0.125 t_swap_r_k 100 1213.500717163086 55.93742567812285 61.557341082331554 44.788545126568465 73.78786042891485 74.2303563222307 60.28497191920236 54.773471843253546
0.9278936286195654 3303.5042237864877 0.17857142857142855 1.1545754134780137 4580.348557409248 0.125 move_t 100 1214.2284696102142 55.93742567812285 62.09176767150824 44.788545126568465 73.78786042891485 74.2303563222307 60.28497191920236 54.773471843253546
0.9278936286195654 3303.5042237864877 0.17857142857142855 1.1681371577646902 4724.006369692018 0.14285714285714285 f_swap_t 100 1216.4322736263275 55.93742567812285 62.09176767150824 44.788545126568465 74.11998182462571 74.2303563222307 60.28497191920236 54.773471843253546
0.9278936286195654 3303.5042237864877 0.17857142857142855 1.107774173189974 4338.435334733928 0.14285714285714285 t_multiswap_k 100 1218.5885918140411 55.93742567812285 62.09176767150824 44.788545126568465 74.11998182462571 74.2303563222307 60.28497191920236 55.31573712482101
0.9278936286195654 3303.5042237864877 0.17857142857142855 1.059958152468536 4204.103391490284 0.1964285714285714 f_swap_t 100 1221.8176205158234 55.93742567812285 62.09176767150824 44.788545126568465 74.40878200637945 74.2303563222307 60.28497191920236 55.31573712482101
0.9278936286195654 3303.5042237864877 0.17857142857142855 1.0525169694852508 4156.572530576233 0.1964285714285714 swap_t 100 1224.4741854667664 55.93742567812285 62.09176767150824 44.788545126568465 74.40878200637945 74.4880527590084 60.28497191920236 55.31573712482101
0.9278936286195654 3303.5042237864877 0.17857142857142855 1.0506618377581503 4144.722800728691 0.1964285714285714 move_t 100 1225.5568323135376 55.93742567812285 62.470849994793156 44.788545126568465 74.40878200637945 74.4880527590084 60.28497191920236 55.31573712482101
0.9278936286195654 3303.5042237864877 0.17857142857142855 1.0506618377581503 4144.722800728691 0.1964285714285714 t_move_k 100 1227.552541732788 56.378051421341624 62.470849994793156 44.788545126568465 74.40878200637945 74.4880527590084 60.28497191920236 55.31573712482101
0.9278936286195654 3303.5042237864877 0.17857142857142855 1.0506618377581503 4144.722800728691 0.1964285714285714 f_swap_t 100 1229.364884853363 56.378051421341624 62.470849994793156 44.788545126568465 74.66469418631566 74.4880527590084 60.28497191920236 55.31573712482101
0.9278936286195654 3303.5042237864877 0.17857142857142855 1.0506618377581503 4144.722800728691 0.1964285714285714 move_t 100 1230.9115176200867 56.378051421341624 62.84614149484523 44.788545126568465 74.66469418631566 74.4880527590084 60.28497191920236 55.31573712482101
0.9278936286195654 3303.5042237864877 0.17857142857142855 1.087952061678739 4268.852401523742 0.1607142857142857 t_move_k 100 1233.6779389381409 56.92427090712821 62.84614149484523 44.788545126568465 74.66469418631566 74.4880527590084 60.28497191920236 55.31573712482101
0.9278936286195654 3303.5042237864877 0.17857142857142855 1.0642586688416777 4174.541500372121 0.17857142857142855 swap_t 100 1235.0480270385742 56.92427090712821 62.84614149484523 44.788545126568465 74.66469418631566 74.74317223141831 60.28497191920236 55.31573712482101
0.9278936286195654 3303.5042237864877 0.17857142857142855 1.117809795130258 4516.601511680904 0.17857142857142855 f_swap_t 100 1237.540950536728 56.92427090712821 62.84614149484523 44.788545126568465 74.9680472444525 74.74317223141831 60.28497191920236 55.31573712482101
0.9278936286195654 3303.5042237864877 0.17857142857142855 1.0924835962958408 4297.797764390974 0.1607142857142857 swap_t 100 1238.9665455818176 56.92427090712821 62.84614149484523 44.788545126568465 74.9680472444525 74.99574050910412 60.28497191920236 55.31573712482101
0.9278936286195654 3303.5042237864877 0.17857142857142855 1.2326683808323489 5022.1389676620565 0.10714285714285715 f_swap_t 100 1240.8266472816467 56.92427090712821 62.84614149484523 44.788545126568465 75.39836677200798 74.99574050910412 60.28497191920236 55.31573712482101
0.9278936286195654 3303.5042237864877 0.17857142857142855 1.1536777862447694 4574.614926712107 0.12499999999999997 f_swap_t 100 1243.3567352294922 56.92427090712821 62.84614149484523 44.788545126568465 75.82438310428789 74.99574050910412 60.28497191920236 55.31573712482101
0.9278936286195654 3303.5042237864877 0.17857142857142855 1.1715349291019121 4574.614926712107 0.08928571428571427 t_swap_r_k 100 1245.3268358707428 56.92427090712821 62.84614149484523 44.788545126568465 75.82438310428789 74.99574050910412 60.72212220001034 55.31573712482101
0.9278936286195654 3303.5042237864877 0.17857142857142855 1.182520150718523 4684.300582459317 0.07142857142857142 swap_t 100 1247.2429282665253 56.92427090712821 62.84614149484523 44.788545126568465 75.82438310428789 75.37578310401308 60.72212220001034 55.31573712482101
0.9278936286195654 3303.5042237864877 0.17857142857142855 1.1355077580145718 4344.489896602572 0.08928571428571427 f_swap_t 100 1249.1044564247131 56.92427090712821 62.84614149484523 44.788545126568465 76.12613927324502 75.37578310401308 60.72212220001034 55.31573712482101
0.9278936286195654 3303.5042237864877 0.17857142857142855 1.118357474622603 4177.910143886216 0.07142857142857142 t_swap_r_k 100 1251.6159574985504 56.92427090712821 62.84614149484523 44.788545126568465 76.12613927324502 75.37578310401308 61.15490097801024 55.31573712482101
0.9278936286195654 3303.5042237864877 0.17857142857142855 1.1323533000729973 4495.435513857328 0.14285714285714285 t_multiswap_k 100 1252.404437303543 56.92427090712821 62.84614149484523 44.788545126568465 76.12613927324502 75.37578310401308 61.15490097801024 55.8625797535728
0.9278936286195654 3303.5042237864877 0.17857142857142855 1.1606948287889587 4671.615979952237 0.12499999999999999 swap_t 100 1253.7075040340424 56.92427090712821 62.84614149484523 44.788545126568465 76.12613927324502 75.79202527297295 61.15490097801024 55.8625797535728
0.9278936286195654 3303.5042237864877 0.17857142857142855 1.1409206477629976 4436.0965669450825 0.10714285714285712 t_swap_k 100 1256.1258673667908 56.92427090712821 62.84614149484523 45.45065967530278 76.12613927324502 75.79202527297295 61.15490097801024 55.8625797535728
0.9278936286195654 3303.5042237864877 0.17857142857142855 1.1177115031101952 4230.815589902823 0.08928571428571427 swap_t 100 1256.8436980247498 56.92427090712821 62.84614149484523 45.45065967530278 76.12613927324502 76.03410502024322 61.15490097801024 55.8625797535728
0.9278936286195654 3303.5042237864877 0.17857142857142855 1.1458702817584232 4604.255181470419 0.10714285714285714 swap_t 100 1257.9281585216522 56.92427090712821 62.84614149484523 45.45065967530278 76.12613927324502 76.43376397004079 61.15490097801024 55.8625797535728
0.9278936286195654 3303.5042237864877 0.17857142857142855 1.1366131216242137 4408.5820674029965 0.10714285714285712 t_swap_r_k 100 1260.6995618343353 56.92427090712821 62.84614149484523 45.45065967530278 76.12613927324502 76.43376397004079 61.58335196823014 55.8625797535728
0.9278936286195654 3303.5042237864877 0.17857142857142855 1.1395171568511764 4598.226557779046 0.1607142857142857 t_swap_k 100 1263.857070684433 56.92427090712821 62.84614149484523 46.25615307854975 76.12613927324502 76.43376397004079 61.58335196823014 55.8625797535728
0.9278936286195654 3303.5042237864877 0.17857142857142855 1.1432125869555387 4621.831268844825 0.1607142857142857 f_swap_t 100 1267.620225906372 56.92427090712821 62.84614149484523 46.25615307854975 76.53487788051257 76.43376397004079 61.58335196823014 55.8625797535728
0.9278936286195654 3303.5042237864877 0.17857142857142855 1.2139359249746078 4959.516254544127 0.125 f_swap_t 100 1269.8973789215088 56.92427090712821 62.84614149484523 46.25615307854975 77.04952910170744 76.43376397004079 61.58335196823014 55.8625797535728
0.9278936286195654 3303.5042237864877 0.17857142857142855 1.1442819590528581 4457.567080405921 0.10714285714285712 t_swap_r_k 100 1271.1334857940674 56.92427090712821 62.84614149484523 46.25615307854975 77.04952910170744 76.43376397004079 62.00751844854784 55.8625797535728
0.9278936286195654 3303.5042237864877 0.17857142857142855 1.136297293603846 4349.5330874990705 0.08928571428571427 t_multiswap_k 100 1273.2738108634949 56.92427090712821 62.84614149484523 46.25615307854975 77.04952910170744 76.43376397004079 62.00751844854784 56.39395395603707
0.9278936286195654 3303.5042237864877 0.17857142857142855 1.1277678610924151 4295.0509881759845 0.08928571428571427 t_multiswap_k 100 1276.4505145549774 56.92427090712821 62.84614149484523 46.25615307854975 77.04952910170744 76.43376397004079 62.00751844854784 56.840014416476706
0.9278936286195654 3303.5042237864877 0.17857142857142855 1.1277678610924151 4295.0509881759845 0.08928571428571427 f_swap_t 100 1279.5188164710999 56.92427090712821 62.84614149484523 46.25615307854975 77.27903381069036 76.43376397004079 62.00751844854784 56.840014416476706
0.9278936286195654 3303.5042237864877 0.17857142857142855 1.1277678610924151 4295.0509881759845 0.08928571428571427 t_swap_r_k 100 1282.82413315773 56.92427090712821 62.84614149484523 46.25615307854975 77.27903381069036 76.43376397004079 62.42744326406236 56.840014416476706
0.9278936286195654 3303.5042237864877 0.17857142857142855 1.1458178415837936 4512.229293263599 0.08928571428571427 move_t 100 1283.706517457962 56.92427090712821 63.417680079896776 46.25615307854975 77.27903381069036 76.43376397004079 62.42744326406236 56.840014416476706
0.9278936286195654 3303.5042237864877 0.17857142857142855 1.144105004078039 4342.373542270009 0.07142857142857142 swap_t 100 1285.4483063220978 56.92427090712821 63.417680079896776 46.25615307854975 77.27903381069036 76.67942633034038 62.42744326406236 56.840014416476706
0.9278936286195654 3303.5042237864877 0.17857142857142855 1.158282228734123 4432.9311451120875 0.07142857142857142 move_t 100 1287.5932130813599 56.92427090712821 63.83350327909781 46.25615307854975 77.27903381069036 76.67942633034038 62.42744326406236 56.840014416476706
0.9278936286195654 3303.5042237864877 0.17857142857142855 1.1316639474943084 4262.905784060942 0.07142857142857142 move_t 100 1289.4595499038696 56.92427090712821 64.31516824630684 46.25615307854975 77.27903381069036 76.67942633034038 62.42744326406236 56.840014416476706
0.9278936286195654 3303.5042237864877 0.17857142857142855 1.1361461894022922 4291.5362877308635 0.07142857142857142 t_multiswap_k 100 1291.0906429290771 56.92427090712821 64.31516824630684 46.25615307854975 77.27903381069036 76.67942633034038 62.42744326406236 57.311614272311935
0.9278936286195654 3303.5042237864877 0.17857142857142855 1.095721566662144 4033.3223551772735 0.07142857142857142 t_swap_k 100 1292.8579695224762 56.92427090712821 64.31516824630684 46.82359154776425 77.27903381069036 76.67942633034038 62.42744326406236 57.311614272311935
0.9278936286195654 3303.5042237864877 0.17857142857142855 1.0917861112948102 4065.2160884139766 0.08928571428571427 t_move_k 100 1294.4678053855896 57.41502819805693 64.31516824630684 46.82359154776425 77.27903381069036 76.67942633034038 62.42744326406236 57.311614272311935
0.9278936286195654 3303.5042237864877 0.17857142857142855 1.0924964871718728 4183.8168743988035 0.12499999999999997 f_swap_t 100 1296.8240151405334 57.41502819805693 64.31516824630684 46.82359154776425 77.57624347258346 76.67942633034038 62.42744326406236 57.311614272311935
0.9278936286195654 3303.5042237864877 0.17857142857142855 1.071341027012786 3991.653891128691 0.10714285714285712 swap_t 100 1297.902683019638 57.41502819805693 64.31516824630684 46.82359154776425 77.57624347258346 76.91263206703697 62.42744326406236 57.311614272311935
0.9278936286195654 3303.5042237864877 0.17857142857142855 1.071341027012786 3991.653891128691 0.10714285714285712 swap_t 100 1299.3923676013947 57.41502819805693 64.31516824630684 46.82359154776425 77.57624347258346 77.1435057463666 62.42744326406236 57.311614272311935
0.9278936286195654 3303.5042237864877 0.17857142857142855 1.139210064033029 4311.106912355841 0.07142857142857142 f_swap_t 100 1301.3643960952759 57.41502819805693 64.31516824630684 46.82359154776425 77.83048103785762 77.1435057463666 62.42744326406236 57.311614272311935
0.9278936286195654 3303.5042237864877 0.17857142857142855 1.1160412955744499 4106.083839907003 0.05357142857142857 t_swap_r_k 100 1304.4140391349792 57.41502819805693 64.31516824630684 46.82359154776425 77.83048103785762 77.1435057463666 62.87316883142174 57.311614272311935
0.9278936286195654 3303.5042237864877 0.17857142857142855 1.1122168693471173 4081.655160825233 0.05357142857142857 t_move_k 100 1306.26913022995 57.84087791607636 64.31516824630684 46.82359154776425 77.83048103785762 77.1435057463666 62.87316883142174 57.311614272311935
0.9278936286195654 3303.5042237864877 0.17857142857142855 1.1076508077410578 4109.520870897914 0.07142857142857142 f_swap_t 100 1309.2138612270355 57.84087791607636 64.31516824630684 46.82359154776425 78.08217622747905 77.1435057463666 62.87316883142174 57.311614272311935
0.9278936286195654 3303.5042237864877 0.17857142857142855 1.0874138848871397 3980.256697760583 0.07142857142857142 f_swap_t 100 1312.1016736030579 57.84087791607636 64.31516824630684 46.82359154776425 78.30135446520426 77.1435057463666 62.87316883142174 57.311614272311935
0.9278936286195654 3303.5042237864877 0.17857142857142855 1.1302694073124044 4196.966486067614 0.05357142857142857 t_swap_k 100 1314.3134355545044 57.84087791607636 64.31516824630684 47.57535563228661 78.30135446520426 77.1435057463666 62.87316883142174 57.311614272311935
0.9278936286195654 3303.5042237864877 0.17857142857142855 1.1116227186471996 4077.859998907672 0.05357142857142857 swap_t 100 1315.6367359161377 57.84087791607636 64.31516824630684 47.57535563228661 78.30135446520426 77.43207068890294 62.87316883142174 57.311614272311935
0.9278936286195654 3303.5042237864877 0.17857142857142855 1.084747048440318 3963.222170788308 0.07142857142857142 swap_t 100 1316.9106752872467 57.84087791607636 64.31516824630684 47.57535563228661 78.30135446520426 77.65774998201391 62.87316883142174 57.311614272311935
0.9278936286195654 3303.5042237864877 0.17857142857142855 1.084747048440318 3963.222170788308 0.07142857142857142 t_swap_k 100 1319.2444348335266 57.84087791607636 64.31516824630684 48.099602075963745 78.30135446520426 77.65774998201391 62.87316883142174 57.311614272311935
0.9278936286195654 3303.5042237864877 0.17857142857142855 1.084747048440318 3963.222170788308 0.07142857142857142 t_swap_k 100 1320.639975309372 57.84087791607636 64.31516824630684 48.618606055204104 78.30135446520426 77.65774998201391 62.87316883142174 57.311614272311935
0.9278936286195654 3303.5042237864877 0.17857142857142855 1.084747048440318 3963.222170788308 0.07142857142857142 t_swap_k 100 1322.8733022212982 57.84087791607636 64.31516824630684 49.13241999465206 78.30135446520426 77.65774998201391 62.87316883142174 57.311614272311935
0.9278936286195654 3303.5042237864877 0.17857142857142855 1.084747048440318 3963.222170788308 0.07142857142857142 f_swap_t 100 1325.6419875621796 57.84087791607636 64.31516824630684 49.13241999465206 78.51834092055222 77.65774998201391 62.87316883142174 57.311614272311935
0.9278936286195654 3303.5042237864877 0.17857142857142855 1.084747048440318 3963.222170788308 0.07142857142857142 t_move_k 100 1327.69668507576 58.2624691369156 64.31516824630684 49.13241999465206 78.51834092055222 77.65774998201391 62.87316883142174 57.311614272311935
0.9278936286195654 3303.5042237864877 0.17857142857142855 1.0936756198688895 3963.222170788308 0.05357142857142857 t_swap_r_k 100 1330.2726237773895 58.2624691369156 64.31516824630684 49.13241999465206 78.51834092055222 77.65774998201391 63.28443714310752 57.311614272311935
0.9278936286195654 3303.5042237864877 0.17857142857142855 1.1067122712785167 4160.557546319263 0.08928571428571427 t_swap_k 100 1332.5366332530975 58.2624691369156 64.31516824630684 49.72109579470554 78.51834092055222 77.65774998201391 63.28443714310752 57.311614272311935
0.9278936286195654 3303.5042237864877 0.17857142857142855 1.097658033986725 4045.691619483233 0.07142857142857142 t_multiswap_k 100 1333.688289642334 58.2624691369156 64.31516824630684 49.72109579470554 78.51834092055222 77.65774998201391 63.28443714310752 57.84849812958882
0.9278936286195654 3303.5042237864877 0.17857142857142855 1.1467838826569208 4302.4533733585085 0.05357142857142857 f_swap_t 100 1336.183599948883 58.2624691369156 64.31516824630684 49.72109579470554 78.8631575113467 77.65774998201391 63.28443714310752 57.84849812958882
0.9278936286195654 3303.5042237864877 0.17857142857142855 1.1137217777104151 4148.2994400951875 0.07142857142857142 t_multiswap_k 100 1339.0493428707123 58.2624691369156 64.31516824630684 49.72109579470554 78.8631575113467 77.65774998201391 63.28443714310752 58.52001314829293
0.9278936286195654 3303.5042237864877 0.17857142857142855 1.1198347172184606 4130.3144759436145 0.05357142857142857 t_move_k 100 1341.2548570632935 58.83984444554644 64.31516824630684 49.72109579470554 78.8631575113467 77.65774998201391 63.28443714310752 58.52001314829293
0.9278936286195654 3303.5042237864877 0.17857142857142855 1.1116695645635777 4021.1276136209353 0.03571428571428571 t_swap_r_k 100 1344.4778459072113 58.83984444554644 64.31516824630684 49.72109579470554 78.8631575113467 77.65774998201391 63.69159277167644 58.52001314829293
0.9278936286195654 3303.5042237864877 0.17857142857142855 1.1091916158991608 4005.2996150909826 0.03571428571428571 t_move_k 100 1346.7733075618744 59.251446001090976 64.31516824630684 49.72109579470554 78.8631575113467 77.65774998201391 63.69159277167644 58.52001314829293
0.9278936286195654 3303.5042237864877 0.17857142857142855 1.1168634225975027 4111.335209920906 0.05357142857142857 move_t 100 1348.7126955986023 59.251446001090976 64.68201656384377 49.72109579470554 78.8631575113467 77.65774998201391 63.69159277167644 58.52001314829293
0.9278936286195654 3303.5042237864877 0.17857142857142855 1.1192927801328634 4126.852830624914 0.05357142857142857 t_multiswap_k 100 1351.0747373104095 59.251446001090976 64.68201656384377 49.72109579470554 78.8631575113467 77.65774998201391 63.69159277167644 59.12481301681
0.9278936286195654 3303.5042237864877 0.17857142857142855 1.097223310224143 3985.8831881588594 0.05357142857142857 swap_t 100 1352.2940509319305 59.251446001090976 64.68201656384377 49.72109579470554 78.8631575113467 77.88117248219378 63.69159277167644 59.12481301681
0.9278936286195654 3303.5042237864877 0.17857142857142855 1.096573797797799 3981.73440094749 0.05357142857142857 f_swap_t 100 1354.4692089557648 59.251446001090976 64.68201656384377 49.72109579470554 79.07452593623323 77.88117248219378 63.69159277167644 59.12481301681
0.9278936286195654 3303.5042237864877 0.17857142857142855 1.09646231332521 4069.884318559367 0.08928571428571427 move_t 100 1355.35484623909 59.251446001090976 65.06519639820533 49.72109579470554 79.07452593623323 77.88117248219378 63.69159277167644 59.12481301681
0.9278936286195654 3303.5042237864877 0.17857142857142855 1.0854904459056696 3967.970652529564 0.07142857142857142 swap_t 100 1356.5167224407196 59.251446001090976 65.06519639820533 49.72109579470554 79.07452593623323 78.10236075737184 63.69159277167644 59.12481301681
0.9278936286195654 3303.5042237864877 0.17857142857142855 1.082053028939155 4060.0772419341965 0.10714285714285712 move_t 100 1358.2982032299042 59.251446001090976 65.44454443422327 49.72109579470554 79.07452593623323 78.10236075737184 63.69159277167644 59.12481301681
0.9278936286195654 3303.5042237864877 0.17857142857142855 1.0681619091765626 3971.3471458111335 0.10714285714285712 move_t 100 1358.979907989502 59.251446001090976 65.79009898988105 49.72109579470554 79.07452593623323 78.10236075737184 63.69159277167644 59.12481301681
0.9278936286195654 3303.5042237864877 0.17857142857142855 1.0681619091765626 3971.3471458111335 0.10714285714285712 f_swap_t 100 1360.0918316841125 59.251446001090976 65.79009898988105 49.72109579470554 79.28378067687089 78.10236075737184 63.69159277167644 59.12481301681
0.9278936286195654 3303.5042237864877 0.17857142857142855 1.0681619091765626 3971.3471458111335 0.10714285714285712 swap_t 100 1360.899482011795 59.251446001090976 65.79009898988105 49.72109579470554 79.28378067687089 78.32133714979813 63.69159277167644 59.12481301681
0.9278936286195654 3303.5042237864877 0.17857142857142855 1.0797283332337109 4045.228152953162 0.10714285714285714 t_move_k 100 1362.6881837844849 59.85893154108007 65.79009898988105 49.72109579470554 79.28378067687089 78.32133714979813 63.69159277167644 59.12481301681
0.9278936286195654 3303.5042237864877 0.17857142857142855 1.071656835834604 3993.6711329058344 0.10714285714285712 move_t 100 1364.485187292099 59.85893154108007 66.13219799998224 49.72109579470554 79.28378067687089 78.32133714979813 63.69159277167644 59.12481301681
0.9278936286195654 3303.5042237864877 0.17857142857142855 1.1215897157746388 4198.556216558151 0.07142857142857142 move_t 100 1365.5521326065063 59.85893154108007 66.54087601998242 49.72109579470554 79.28378067687089 78.32133714979813 63.69159277167644 59.12481301681
0.9278936286195654 3303.5042237864877 0.17857142857142855 1.0835580388400488 4069.6905542844415 0.10714285714285712 swap_t 100 1367.2666149139404 59.85893154108007 66.54087601998242 49.72109579470554 79.28378067687089 78.53812377830015 63.69159277167644 59.12481301681
0.9278936286195654 3303.5042237864877 0.17857142857142855 1.0835580388400488 4069.6905542844415 0.10714285714285712 t_swap_r_k 100 1370.7079164981842 59.85893154108007 66.54087601998242 49.72109579470554 79.28378067687089 78.53812377830015 64.09467684395968 59.12481301681
0.9278936286195654 3303.5042237864877 0.17857142857142855 1.1260902880447459 4227.303806166497 0.07142857142857142 move_t 100 1372.2970898151398 59.85893154108007 66.94546725978259 49.72109579470554 79.28378067687089 78.53812377830015 64.09467684395968 59.12481301681
0.9278936286195654 3303.5042237864877 0.17857142857142855 1.1444588934607605 4344.6340251887705 0.07142857142857142 f_swap_t 100 1373.3533644676208 59.85893154108007 66.94546725978259 49.72109579470554 79.57094287010219 78.53812377830015 64.09467684395968 59.12481301681
0.9278936286195654 3303.5042237864877 0.17857142857142855 1.0949449956083142 4313.520053257934 0.1607142857142857 t_multiswap_k 100 1374.4517867565155 59.85893154108007 66.94546725978259 49.72109579470554 79.57094287010219 78.53812377830015 64.09467684395968 59.5935648866419
0.9278936286195654 3303.5042237864877 0.17857142857142855 1.1395878527511714 4313.520053257934 0.07142857142857142 t_swap_r_k 100 1376.2172334194183 59.85893154108007 66.94546725978259 49.72109579470554 79.57094287010219 78.53812377830015 64.49373007552008 59.5935648866419
0.9278936286195654 3303.5042237864877 0.17857142857142855 1.1017700411979154 4426.387135031896 0.017857142857142856 swap_t 100 1376.8310282230377 59.85893154108007 66.94546725978259 49.72109579470554 79.57094287010219 78.78274254051715 64.49373007552008 59.5935648866419
0.9278936286195654 3303.5042237864877 0.17857142857142855 1.0967978598578625 4408.891690990613 0.08928571428571427 swap_t 100 1378.0143311023712 59.85893154108007 66.94546725978259 49.72109579470554 79.57094287010219 79.02491511511198 64.49373007552008 59.5935648866419
0.9278936286195654 3303.5042237864877 0.17857142857142855 1.0881801091142431 4099.214217367473 0.10714285714285714 swap_t 100 1379.5587935447693 59.85893154108007 66.94546725978259 49.72109579470554 79.57094287010219 79.23466596396086 64.49373007552008 59.5935648866419
0.9278936286195654 3303.5042237864877 0.17857142857142855 1.0715606216211642 4050.088176174174 0.12499999999999999 t_move_k 100 1381.3805873394012 60.350342225669266 66.94546725978259 49.72109579470554 79.57094287010219 79.23466596396086 64.49373007552008 59.5935648866419
0.9278936286195654 3303.5042237864877 0.17857142857142855 1.0715606216211642 4050.088176174174 0.12499999999999999 swap_t 100 1383.4977705478668 60.350342225669266 66.94546725978259 49.72109579470554 79.57094287010219 79.44231930432126 64.49373007552008 59.5935648866419
0.9278936286195654 3303.5042237864877 0.17857142857142855 1.1653632336000235 4421.1297380620235 0.05357142857142857 t_multiswap_k 100 1386.68772482872 60.350342225669266 66.94546725978259 49.72109579470554 79.57094287010219 79.44231930432126 64.49373007552008 60.177629237775484
0.9278936286195654 3303.5042237864877 0.17857142857142855 1.1483846534893027 4312.678362578653 0.05357142857142857 swap_t 100 1388.8291625976562 60.350342225669266 66.94546725978259 49.72109579470554 79.57094287010219 79.64789611127804 64.49373007552008 60.177629237775484
0.9278936286195654 3303.5042237864877 0.17857142857142855 1.1563413637437143 4297.083332456426 0.03571428571428571 swap_t 100 1390.6068439483643 60.350342225669266 66.94546725978259 49.72109579470554 79.57094287010219 79.86141715016527 64.49373007552008 60.177629237775484
0.9278936286195654 3303.5042237864877 0.17857142857142855 1.1156967067103385 4160.914379926844 0.07142857142857142 t_multiswap_k 100 1393.4946734905243 60.350342225669266 66.94546725978259 49.72109579470554 79.57094287010219 79.86141715016527 64.49373007552008 60.66585294539773
0.9278936286195654 3303.5042237864877 0.17857142857142855 1.1568084074708072 4366.485435965834 0.05357142857142857 f_swap_t 100 1396.7998836040497 60.350342225669266 66.94546725978259 49.72109579470554 79.99523344140117 79.86141715016527 64.49373007552008 60.66585294539773
0.9278936286195654 3303.5042237864877 0.17857142857142855 1.1387019977274226 4307.861618030847 0.07142857142857142 t_move_k 100 1398.9042057991028 60.976838803412576 66.94546725978259 49.72109579470554 79.99523344140117 79.86141715016527 64.49373007552008 60.66585294539773
0.9278936286195654 3303.5042237864877 0.17857142857142855 1.093732454615679 4134.680051545763 0.10714285714285712 t_multiswap_k 100 1400.09170627594 60.976838803412576 66.94546725978259 49.72109579470554 79.99523344140117 79.86141715016527 64.49373007552008 61.30919441594375
0.9278936286195654 3303.5042237864877 0.17857142857142855 1.18851325759872 4683.06469500131 0.08928571428571427 t_move_k 100 1403.4320583343506 61.64707041537845 66.94546725978259 49.72109579470554 79.99523344140117 79.86141715016527 64.49373007552008 61.30919441594375
0.9278936286195654 3303.5042237864877 0.17857142857142855 1.0703484884903067 4156.408857172103 0.1607142857142857 move_t 100 1405.8710391521454 61.64707041537845 67.30601258718477 49.72109579470554 79.99523344140117 79.86141715016527 64.49373007552008 61.30919441594375
0.9278936286195654 3303.5042237864877 0.17857142857142855 1.0703484884903067 4156.408857172103 0.1607142857142857 swap_t 100 1408.363695383072 61.64707041537845 67.30601258718477 49.72109579470554 79.99523344140117 80.06280297866361 64.49373007552008 61.30919441594375
0.9278936286195654 3303.5042237864877 0.17857142857142855 1.0703484884903067 4156.408857172103 0.1607142857142857 move_t 100 1410.288390636444 61.64707041537845 67.63295246131293 49.72109579470554 79.99523344140117 80.06280297866361 64.49373007552008 61.30919441594375
0.9278936286195654 3303.5042237864877 0.17857142857142855 1.0703484884903067 4156.408857172103 0.1607142857142857 t_multiswap_k 100 1411.3217103481293 61.64707041537845 67.63295246131293 49.72109579470554 79.99523344140117 80.06280297866361 64.49373007552008 61.696102471784315
0.9278936286195654 3303.5042237864877 0.17857142857142855 1.1470772018689561 4589.485039308842 0.14285714285714285 t_swap_k 100 1414.3756663799286 61.64707041537845 67.63295246131293 50.443884836758485 79.99523344140117 80.06280297866361 64.49373007552008 61.696102471784315
0.9278936286195654 3303.5042237864877 0.17857142857142855 1.1449767102324295 4519.036447500658 0.12499999999999999 move_t 100 1415.7831473350525 61.64707041537845 68.2366229366998 50.443884836758485 79.99523344140117 80.06280297866361 64.49373007552008 61.696102471784315
0.9278936286195654 3303.5042237864877 0.17857142857142855 1.1349749362777182 4512.181322432892 0.14285714285714285 f_swap_t 100 1417.8302853107452 61.64707041537845 68.2366229366998 50.443884836758485 80.25528110698716 80.06280297866361 64.49373007552008 61.696102471784315
0.9278936286195654 3303.5042237864877 0.17857142857142855 1.120787862338507 4478.592422386912 0.1607142857142857 swap_t 100 1420.6548659801483 61.64707041537845 68.2366229366998 50.443884836758485 80.25528110698716 80.36217494887697 64.49373007552008 61.696102471784315
0.9278936286195654 3303.5042237864877 0.17857142857142855 1.0986402705028862 4394.155388410083 0.17857142857142855 t_move_k 100 1423.719509601593 62.28059971122467 68.2366229366998 50.443884836758485 80.25528110698716 80.36217494887697 64.49373007552008 61.696102471784315
0.9278936286195654 3303.5042237864877 0.17857142857142855 1.0779318491978225 4261.879499615048 0.17857142857142855 t_multiswap_k 100 1425.2030696868896 62.28059971122467 68.2366229366998 50.443884836758485 80.25528110698716 80.36217494887697 64.49373007552008 62.199141447066474
0.9278936286195654 3303.5042237864877 0.17857142857142855 1.1225747063406797 4261.879499615048 0.08928571428571427 t_swap_r_k 100 1426.5489435195923 62.28059971122467 68.2366229366998 50.443884836758485 80.25528110698716 80.36217494887697 64.88879277476488 62.199141447066474
0.9278936286195654 3303.5042237864877 0.17857142857142855 1.1389248634406688 4423.34841288784 0.10714285714285715 t_multiswap_k 100 1428.0332584381104 62.28059971122467 68.2366229366998 50.443884836758485 80.25528110698716 80.36217494887697 64.88879277476488 62.82715003259581
0.9278936286195654 3303.5042237864877 0.17857142857142855 1.1225383828492905 4432.74232831266 0.14285714285714285 swap_t 100 1429.3523230552673 62.28059971122467 68.2366229366998 50.443884836758485 80.25528110698716 80.6285531993882 64.88879277476488 62.82715003259581
0.9278936286195654 3303.5042237864877 0.17857142857142855 1.073028694940214 4287.592016576914 0.19642857142857142 t_multiswap_k 100 1431.414813041687 62.28059971122467 68.2366229366998 50.443884836758485 80.25528110698716 80.6285531993882 64.88879277476488 63.40887853226985
0.9278936286195654 3303.5042237864877 0.17857142857142855 1.073028694940214 4287.592016576914 0.19642857142857142 t_multiswap_k 100 1433.9152669906616 62.28059971122467 68.2366229366998 50.443884836758485 80.25528110698716 80.6285531993882 64.88879277476488 63.77478974694716
0.9278936286195654 3303.5042237864877 0.17857142857142855 1.117671552083071 4287.592016576914 0.10714285714285715 t_swap_r_k 100 1436.4509274959564 62.28059971122467 68.2366229366998 50.443884836758485 80.25528110698716 80.6285531993882 65.27990484701724 63.77478974694716
0.9278936286195654 3303.5042237864877 0.17857142857142855 1.1143989598419293 4338.311535455263 0.10714285714285712 swap_t 100 1437.4619512557983 62.28059971122467 68.2366229366998 50.443884836758485 80.25528110698716 80.99226766739432 65.27990484701724 63.77478974694716
0.9278936286195654 3303.5042237864877 0.17857142857142855 1.0960896708830346 4206.7684824425105 0.125 t_move_k 100 1440.9699804782867 62.83779371411242 68.2366229366998 50.443884836758485 80.25528110698716 80.99226766739432 65.27990484701724 63.77478974694716
0.9278936286195654 3303.5042237864877 0.17857142857142855 1.1261375386399708 4284.637236772983 0.08928571428571427 t_swap_k 100 1442.926770210266 62.83779371411242 68.2366229366998 51.0794459883909 80.25528110698716 80.99226766739432 65.27990484701724 63.77478974694716
0.9278936286195654 3303.5042237864877 0.17857142857142855 1.0730493546559707 4059.597519375986 0.125 t_swap_k 100 1444.968317270279 62.83779371411242 68.2366229366998 51.62865152850699 80.25528110698716 80.99226766739432 65.27990484701724 63.77478974694716
0.9278936286195654 3303.5042237864877 0.17857142857142855 1.069635913846418 4037.794026474168 0.125 f_swap_t 100 1446.512285232544 62.83779371411242 68.2366229366998 51.62865152850699 80.48272829591728 80.99226766739432 65.27990484701724 63.77478974694716
0.9278936286195654 3303.5042237864877 0.17857142857142855 1.079120936283513 3984.3167645744356 0.08928571428571427 t_swap_r_k 100 1450.3284103870392 62.83779371411242 68.2366229366998 51.62865152850699 80.48272829591728 80.99226766739432 65.66710579854707 63.77478974694716
0.9278936286195654 3303.5042237864877 0.17857142857142855 1.1386787530858355 4250.68152643592 0.05357142857142857 t_move_k 100 1452.639060497284 63.4594157769713 68.2366229366998 51.62865152850699 80.48272829591728 80.99226766739432 65.66710579854707 63.77478974694716
0.9278936286195654 3303.5042237864877 0.17857142857142855 1.104401983794351 4031.737259450932 0.05357142857142857 t_multiswap_k 100 1454.079746246338 63.4594157769713 68.2366229366998 51.62865152850699 80.48272829591728 80.99226766739432 65.66710579854707 64.16704184947768
0.9278936286195654 3303.5042237864877 0.17857142857142855 1.1222838414450123 4202.989972692023 0.07142857142857142 t_multiswap_k 100 1455.9771633148193 63.4594157769713 68.2366229366998 51.62865152850699 80.48272829591728 80.99226766739432 65.66710579854707 64.6653714309829
0.9278936286195654 3303.5042237864877 0.17857142857142855 1.1408023811287349 4435.341133977429 0.10714285714285714 t_multiswap_k 100 1457.819554567337 63.4594157769713 68.2366229366998 51.62865152850699 80.48272829591728 80.99226766739432 65.66710579854707 65.21871771667307
0.9278936286195654 3303.5042237864877 0.17857142857142855 1.1417457243450082 4555.430008378093 0.14285714285714285 f_swap_t 100 1460.16544175148 63.4594157769713 68.2366229366998 51.62865152850699 80.8779010129581 80.99226766739432 65.66710579854707 65.21871771667307
0.9278936286195654 3303.5042237864877 0.17857142857142855 1.1064095913232466 4329.719012200408 0.14285714285714285 t_multiswap_k 100 1462.030906200409 63.4594157769713 68.2366229366998 51.62865152850699 80.8779010129581 80.99226766739432 65.66710579854707 65.94653053950634
0.9278936286195654 3303.5042237864877 0.17857142857142855 1.067585339406166 4195.7907447816115 0.17857142857142855 f_swap_t 100 1464.3822202682495 63.4594157769713 68.2366229366998 51.62865152850699 81.09912200282852 80.99226766739432 65.66710579854707 65.94653053950634
0.9278936286195654 3303.5042237864877 0.17857142857142855 1.067585339406166 4195.7907447816115 0.17857142857142855 swap_t 100 1466.4380373954773 63.4594157769713 68.2366229366998 51.62865152850699 81.09912200282852 81.18234499072037 65.66710579854707 65.94653053950634
0.9278936286195654 3303.5042237864877 0.17857142857142855 1.067585339406166 4195.7907447816115 0.17857142857142855 t_multiswap_k 100 1469.1370811462402 63.4594157769713 68.2366229366998 51.62865152850699 81.09912200282852 81.18234499072037 65.66710579854707 66.28706523411128
0.9278936286195654 3303.5042237864877 0.17857142857142855 1.0783639215353342 4235.835732227176 0.1607142857142857 move_t 100 1471.3086185455322 63.4594157769713 68.6542567073328 51.62865152850699 81.09912200282852 81.18234499072037 65.66710579854707 66.28706523411128
0.9278936286195654 3303.5042237864877 0.17857142857142855 1.0783639215353342 4235.835732227176 0.1607142857142857 t_multiswap_k 100 1473.3311774730682 63.4594157769713 68.6542567073328 51.62865152850699 81.09912200282852 81.18234499072037 65.66710579854707 66.62419458177017
0.9278936286195654 3303.5042237864877 0.17857142857142855 1.109568858906994 4235.835732227176 0.10714285714285714 t_swap_r_k 100 1474.8026821613312 63.4594157769713 68.6542567073328 51.62865152850699 81.09912200282852 81.18234499072037 66.0504347405616 66.62419458177017
0.9278936286195654 3303.5042237864877 0.17857142857142855 1.0836651166535511 4013.3429027062093 0.08928571428571427 t_swap_k 100 1475.9625961780548 63.4594157769713 68.6542567073328 52.23236501322192 81.09912200282852 81.18234499072037 66.0504347405616 66.62419458177017
0.9278936286195654 3303.5042237864877 0.17857142857142855 1.1072734050257942 4050.078580109751 0.05357142857142857 t_multiswap_k 100 1476.9077217578888 63.4594157769713 68.6542567073328 52.23236501322192 81.09912200282852 81.18234499072037 66.0504347405616 67.07795263595247
0.9278936286195654 3303.5042237864877 0.17857142857142855 1.0724975300307846 4113.10433248867 0.14285714285714285 move_t 100 1477.6180608272552 63.4594157769713 69.03771414025948 52.23236501322192 81.09912200282852 81.18234499072037 66.0504347405616 67.07795263595247
0.9278936286195654 3303.5042237864877 0.17857142857142855 1.0700704918514514 4097.601526766233 0.14285714285714285 t_move_k 100 1479.5469353199005 64.08482161920159 69.03771414025948 52.23236501322192 81.09912200282852 81.18234499072037 66.0504347405616 67.07795263595247
0.9278936286195654 3303.5042237864877 0.17857142857142855 1.0569708374046294 4031.478276763949 0.14285714285714285 move_t 100 1482.2903683185577 64.08482161920159 69.43733699885689 52.23236501322192 81.09912200282852 81.18234499072037 66.0504347405616 67.07795263595247
0.9278936286195654 3303.5042237864877 0.17857142857142855 1.0972394319034295 4179.669668428615 0.14285714285714285 swap_t 100 1485.3030602931976 64.08482161920159 69.43733699885689 52.23236501322192 81.09912200282852 81.38052154081316 66.0504347405616 67.07795263595247
0.9278936286195654 3303.5042237864877 0.17857142857142855 1.1506102406200558 4555.02085346283 0.125 t_multiswap_k 100 1487.35950756073 64.08482161920159 69.43733699885689 52.23236501322192 81.09912200282852 81.38052154081316 66.0504347405616 67.55717310959295
0.9278936286195654 3303.5042237864877 0.17857142857142855 1.1326542412155929 4383.294556734305 0.10714285714285712 f_swap_t 100 1490.0400605201721 64.08482161920159 69.43733699885689 52.23236501322192 81.37813078280024 81.38052154081316 66.0504347405616 67.55717310959295
0.9278936286195654 3303.5042237864877 0.17857142857142855 1.1175929775244053 4314.173543136076 0.10714285714285712 move_t 100 1491.6123254299164 64.08482161920159 69.80296362886833 52.23236501322192 81.37813078280024 81.38052154081316 66.0504347405616 67.55717310959295
0.9278936286195654 3303.5042237864877 0.17857142857142855 1.1227086268827677 4376.798153550256 0.125 t_move_k 100 1492.6463544368744 64.68397340300957 69.80296362886833 52.23236501322192 81.37813078280024 81.38052154081316 66.0504347405616 67.55717310959295
0.9278936286195654 3303.5042237864877 0.17857142857142855 1.1100472011773617 4238.891163060313 0.10714285714285712 t_move_k 100 1494.2181324958801 65.19713366897948 69.80296362886833 52.23236501322192 81.37813078280024 81.38052154081316 66.0504347405616 67.55717310959295
0.9278936286195654 3303.5042237864877 0.17857142857142855 1.0727156478466906 4114.497568966523 0.14285714285714285 swap_t 100 1495.7437596321106 65.19713366897948 69.80296362886833 52.23236501322192 81.37813078280024 81.56671632540503 66.0504347405616 67.55717310959295
0.9278936286195654 3303.5042237864877 0.17857142857142855 1.0727156478466906 4114.497568966523 0.14285714285714285 move_t 100 1496.6067814826965 65.19713366897948 70.10493399257965 52.23236501322192 81.37813078280024 81.56671632540503 66.0504347405616 67.55717310959295
0.9278936286195654 3303.5042237864877 0.17857142857142855 1.1254071412005655 4451.066639715399 0.14285714285714285 f_swap_t 100 1498.9189548492432 65.19713366897948 70.10493399257965 52.23236501322192 81.60434947497224 81.56671632540503 66.0504347405616 67.55717310959295
0.9278936286195654 3303.5042237864877 0.17857142857142855 1.1049338124737025 4434.355645377765 0.17857142857142855 t_swap_k 100 1499.924305677414 65.19713366897948 70.10493399257965 52.830041363089705 81.60434947497224 81.56671632540503 66.0504347405616 67.55717310959295
0.9278936286195654 3303.5042237864877 0.17857142857142855 1.0899913072013683 4224.846550281748 0.14285714285714285 f_swap_t 100 1502.539397239685 65.19713366897948 70.10493399257965 52.830041363089705 81.81830598022252 81.56671632540503 66.0504347405616 67.55717310959295
0.9278936286195654 3303.5042237864877 0.17857142857142855 1.0749967068409787 4129.06792666876 0.14285714285714285 t_move_k 100 1504.506064414978 65.54516233228968 70.10493399257965 52.830041363089705 81.81830598022252 81.56671632540503 66.0504347405616 67.55717310959295
0.9278936286195654 3303.5042237864877 0.17857142857142855 1.0749967068409787 4129.06792666876 0.14285714285714285 swap_t 100 1505.646027803421 65.54516233228968 70.10493399257965 52.830041363089705 81.81830598022252 81.75104916215098 66.0504347405616 67.55717310959295
0.9278936286195654 3303.5042237864877 0.17857142857142855 1.16330171794852 4641.103898615533 0.08928571428571427 swap_t 100 1506.941912651062 65.54516233228968 70.10493399257965 52.830041363089705 81.81830598022252 82.06353867052947 66.0504347405616 67.55717310959295
0.9278936286195654 3303.5042237864877 0.17857142857142855 1.153017339125133 4342.269831718678 0.05357142857142857 t_swap_r_k 100 1508.9163982868195 65.54516233228968 70.10493399257965 52.830041363089705 81.81830598022252 82.06353867052947 66.42993039315598 67.55717310959295
0.9278936286195654 3303.5042237864877 0.17857142857142855 1.2022700326419042 4827.968274224948 0.10714285714285712 t_move_k 100 1511.882176399231 66.09971070896678 70.10493399257965 52.830041363089705 81.81830598022252 82.06353867052947 66.42993039315598 67.55717310959295
0.9278936286195654 3303.5042237864877 0.17857142857142855 1.1628150124110874 4461.884486400324 0.07142857142857142 f_swap_t 100 1514.0970895290375 66.09971070896678 70.10493399257965 52.830041363089705 82.0001229204203 82.06353867052947 66.42993039315598 67.55717310959295
0.9278936286195654 3303.5042237864877 0.17857142857142855 1.135728317174707 4345.898727266628 0.08928571428571427 t_swap_r_k 100 1517.279436826706 66.09971070896678 70.10493399257965 52.830041363089705 82.0001229204203 82.06353867052947 66.83563108922442 67.55717310959295
0.9278936286195654 3303.5042237864877 0.17857142857142855 1.135728317174707 4345.898727266628 0.08928571428571427 swap_t 100 1519.1529831886292 66.09971070896678 70.10493399257965 52.830041363089705 82.0001229204203 82.24290328382418 66.83563108922442 67.55717310959295
0.9278936286195654 3303.5042237864877 0.17857142857142855 1.1565578883573016 4421.916850368459 0.07142857142857142 move_t 100 1521.541128396988 66.09971070896678 70.70388465265385 52.830041363089705 82.0001229204203 82.24290328382418 66.83563108922442 67.55717310959295
0.9278936286195654 3303.5042237864877 0.17857142857142855 1.0971803377833103 4099.671930924462 0.08928571428571427 t_multiswap_k 100 1523.4217772483826 66.09971070896678 70.70388465265385 52.830041363089705 82.0001229204203 82.24290328382418 66.83563108922442 67.97160137849703
0.9278936286195654 3303.5042237864877 0.17857142857142855 1.1292329722356147 4190.346214587664 0.05357142857142857 t_multiswap_k 100 1526.2567267417908 66.09971070896678 70.70388465265385 52.830041363089705 82.0001229204203 82.24290328382418 66.83563108922442 68.36188536471205
0.9278936286195654 3303.5042237864877 0.17857142857142855 1.1077940607980898 4053.404290168577 0.05357142857142857 swap_t 100 1529.0598423480988 66.09971070896678 70.70388465265385 52.830041363089705 82.0001229204203 82.42047425098593 66.83563108922442 68.36188536471205
0.9278936286195654 3303.5042237864877 0.17857142857142855 1.0986544111432561 3995.0244038624805 0.05357142857142857 f_swap_t 100 1533.124034166336 66.09971070896678 70.70388465265385 52.830041363089705 82.18012169121609 82.42047425098593 66.83563108922442 68.36188536471205
0.9278936286195654 3303.5042237864877 0.17857142857142855 1.0945856242531977 4083.098092035053 0.08928571428571427 t_swap_k 100 1536.6958558559418 66.09971070896678 70.70388465265385 53.42174094945881 82.18012169121609 82.42047425098593 66.83563108922442 68.36188536471205
0.9278936286195654 3303.5042237864877 0.17857142857142855 1.0945856242531977 4083.098092035053 0.08928571428571427 swap_t 100 1538.390157699585 66.09971070896678 70.70388465265385 53.42174094945881 82.18012169121609 82.59626950847607 66.83563108922442 68.36188536471205
0.9278936286195654 3303.5042237864877 0.17857142857142855 1.0945856242531977 4083.098092035053 0.08928571428571427 t_swap_r_k 100 1540.7864828109741 66.09971070896678 70.70388465265385 53.42174094945881 82.18012169121609 82.59626950847607 67.20727477833218 68.36188536471205
0.9278936286195654 3303.5042237864877 0.17857142857142855 1.1256459869082964 4163.399616752933 0.05357142857142857 move_t 100 1542.888304233551 66.09971070896678 71.27684580612731 53.42174094945881 82.18012169121609 82.59626950847607 67.20727477833218 68.36188536471205
0.9278936286195654 3303.5042237864877 0.17857142857142855 1.0976050520591605 4043.470097620444 0.05357142857142857 move_t 100 1544.9548170566559 66.09971070896678 71.63407734806604 53.42174094945881 82.18012169121609 82.59626950847607 67.20727477833218 68.36188536471205
0.9278936286195654 3303.5042237864877 0.17857142857142855 1.0747002800269077 3842.0164107832106 0.05357142857142857 t_move_k 100 1548.51003408432 66.43871360187711 71.63407734806604 53.42174094945881 82.18012169121609 82.59626950847607 67.20727477833218 68.36188536471205
0.9278936286195654 3303.5042237864877 0.17857142857142855 1.1824495438876568 4530.269244460407 0.05357142857142857 f_swap_t 100 1552.4259803295135 66.43871360187711 71.63407734806604 53.42174094945881 82.63832047430392 82.59626950847607 67.20727477833218 68.36188536471205
0.9278936286195654 3303.5042237864877 0.17857142857142855 1.147293968520795 4362.743183189868 0.07142857142857142 f_swap_t 100 1554.6257326602936 66.43871360187711 71.63407734806604 53.42174094945881 82.88193726956088 82.59626950847607 67.20727477833218 68.36188536471205
0.9278936286195654 3303.5042237864877 0.17857142857142855 1.1444376703712007 4408.480692783862 0.07142857142857142 move_t 100 1555.5656604766846 66.43871360187711 71.97773657458538 53.42174094945881 82.88193726956088 82.59626950847607 67.20727477833218 68.36188536471205
0.9278936286195654 3303.5042237864877 0.17857142857142855 1.1444376703712007 4408.480692783862 0.07142857142857142 swap_t 100 1557.5046236515045 66.43871360187711 71.97773657458538 53.42174094945881 82.88193726956088 82.77030681339131 67.20727477833218 68.36188536471205
0.9278936286195654 3303.5042237864877 0.17857142857142855 1.154454393801206 4408.480692783862 0.07142857142857142 t_swap_r_k 100 1560.982914686203 66.43871360187711 71.97773657458538 53.42174094945881 82.88193726956088 82.77030681339131 67.57520203054885 68.36188536471205
0.9278936286195654 3303.5042237864877 0.17857142857142855 1.1487837329140183 4477.742971776641 0.05357142857142857 swap_t 100 1562.2523939609528 66.43871360187711 71.97773657458538 53.42174094945881 82.88193726956088 83.0026037452574 67.57520203054885 68.36188536471205
0.9278936286195654 3303.5042237864877 0.17857142857142855 1.1435481068653643 4395.847954022462 0.08928571428571427 f_swap_t 100 1564.9058711528778 66.43871360187711 71.97773657458538 53.42174094945881 83.11311789686528 83.0026037452574 67.57520203054885 68.36188536471205
0.9278936286195654 3303.5042237864877 0.17857142857142855 1.1204949396773196 4248.594904916612 0.08928571428571427 t_multiswap_k 100 1566.888307094574 66.43871360187711 71.97773657458538 53.42174094945881 83.11311789686528 83.0026037452574 67.57520203054885 68.76826651106494
0.9278936286195654 3303.5042237864877 0.17857142857142855 1.1360010772476081 4233.577762407326 0.05357142857142857 t_multiswap_k 100 1568.7585031986237 66.43871360187711 71.97773657458538 53.42174094945881 83.11311789686528 83.0026037452574 67.57520203054885 69.26058384595429
0.9278936286195654 3303.5042237864877 0.17857142857142855 1.100444325380902 4006.457554326423 0.05357142857142857 t_swap_r_k 100 1572.2610218524933 66.43871360187711 71.97773657458538 53.42174094945881 83.11311789686528 83.0026037452574 67.96945001024336 69.26058384595429
0.9278936286195654 3303.5042237864877 0.17857142857142855 1.100444325380902 4006.457554326423 0.05357142857142857 swap_t 100 1574.5365829467773 66.43871360187711 71.97773657458538 53.42174094945881 83.11311789686528 83.17257770780483 67.96945001024336 69.26058384595429
0.9278936286195654 3303.5042237864877 0.17857142857142855 1.0906421092071525 4171.971959239319 0.125 f_swap_t 100 1577.3138370513916 66.43871360187711 71.97773657458538 53.42174094945881 83.37198671789662 83.17257770780483 67.96945001024336 69.26058384595429
0.9278936286195654 3303.5042237864877 0.17857142857142855 1.0737434850985792 4006.999690497443 0.10714285714285712 t_swap_k 100 1579.7897741794586 66.43871360187711 71.97773657458538 53.88752353996422 83.37198671789662 83.17257770780483 67.96945001024336 69.26058384595429
0.9278936286195654 3303.5042237864877 0.17857142857142855 1.1701061783159241 4607.781252253331 0.08928571428571427 swap_t 100 1581.7084710597992 66.43871360187711 71.97773657458538 53.88752353996422 83.37198671789662 83.48085193072679 67.96945001024336 69.26058384595429
0.9278936286195654 3303.5042237864877 0.17857142857142855 1.1388394501917127 4401.445304009026 0.08928571428571427 swap_t 100 1583.1596128940582 66.43871360187711 71.97773657458538 53.88752353996422 83.37198671789662 83.68604341141952 67.96945001024336 69.26058384595429
0.9278936286195654 3303.5042237864877 0.17857142857142855 1.1276247699953559 4237.1053724407575 0.07142857142857142 swap_t 100 1585.3165509700775 66.43871360187711 71.97773657458538 53.88752353996422 83.37198671789662 83.84918297730532 67.96945001024336 69.26058384595429
0.9278936286195654 3303.5042237864877 0.17857142857142855 1.1573845288480396 4427.197050341964 0.07142857142857142 t_multiswap_k 100 1587.3629603385925 66.43871360187711 71.97773657458538 53.88752353996422 83.37198671789662 83.84918297730532 67.96945001024336 69.63797800749474
0.9278936286195654 3303.5042237864877 0.17857142857142855 1.1881079450028338 4623.4441287081645 0.07142857142857142 f_swap_t 100 1592.414999961853 66.43871360187711 71.97773657458538 53.88752353996422 83.63826685071766 83.84918297730532 67.96945001024336 69.63797800749474
0.9278936286195654 3303.5042237864877 0.17857142857142855 1.17340307358357 4529.516160566808 0.07142857142857142 t_move_k 100 1594.9432666301727 67.16432646585834 71.97773657458538 53.88752353996422 83.63826685071766 83.84918297730532 67.96945001024336 69.63797800749474
0.9278936286195654 3303.5042237864877 0.17857142857142855 1.1605375872897867 4394.467992210357 0.017857142857142856 swap_t 100 1597.7530019283295 67.16432646585834 71.97773657458538 53.88752353996422 83.63826685071766 84.04069114753227 67.96945001024336 69.63797800749474
0.9278936286195654 3303.5042237864877 0.17857142857142855 1.1631564474107137 4407.033800941978 0.05357142857142857 move_t 100 1599.810335636139 67.16432646585834 72.54795920883953 53.88752353996422 83.63826685071766 84.04069114753227 67.96945001024336 69.63797800749474
0.9278936286195654 3303.5042237864877 0.17857142857142855 1.1579033276609645 4373.479283501535 0.05357142857142857 t_swap_k 100 1602.4159650802612 67.16432646585834 72.54795920883953 54.458648304564576 83.63826685071766 84.04069114753227 67.96945001024336 69.63797800749474
0.9278936286195654 3303.5042237864877 0.17857142857142855 1.1357642735806615 4232.065169291035 0.05357142857142857 t_swap_r_k 100 1603.578974723816 67.16432646585834 72.54795920883953 54.458648304564576 83.63826685071766 84.04069114753227 68.35975551014093 69.63797800749474
0.9278936286195654 3303.5042237864877 0.17857142857142855 1.1357642735806615 4232.065169291035 0.05357142857142857 swap_t 100 1605.3311431407928 67.16432646585834 72.54795920883953 54.458648304564576 83.63826685071766 84.20028423605694 68.35975551014093 69.63797800749474
0.9278936286195654 3303.5042237864877 0.17857142857142855 1.1762793572259573 4490.856924579318 0.05357142857142857 t_multiswap_k 100 1607.334647655487 67.16432646585834 72.54795920883953 54.458648304564576 83.63826685071766 84.20028423605694 68.35975551014093 70.1215982274198
0.9278936286195654 3303.5042237864877 0.17857142857142855 1.157902507859796 4391.605120758261 0.05357142857142857 move_t 100 1608.710483789444 67.16432646585834 73.01247961675114 54.458648304564576 83.63826685071766 84.20028423605694 68.35975551014093 70.1215982274198
0.9278936286195654 3303.5042237864877 0.17857142857142855 1.1254374028699163 4166.101859890853 0.05357142857142857 swap_t 100 1610.7896037101746 67.16432646585834 73.01247961675114 54.458648304564576 83.63826685071766 84.35828139369637 68.35975551014093 70.1215982274198
0.9278936286195654 3303.5042237864877 0.17857142857142855 1.1774425896330063 4384.2238882062875 0.017857142857142856 t_move_k 100 1613.1956026554108 67.98268320119975 73.01247961675114 54.458648304564576 83.63826685071766 84.35828139369637 68.35975551014093 70.1215982274198
0.9278936286195654 3303.5042237864877 0.17857142857142855 1.195359576875866 4498.6693776603315 0.017857142857142856 f_swap_t 100 1614.7978117465973 67.98268320119975 73.01247961675114 54.458648304564576 84.01188418221048 84.35828139369637 68.35975551014093 70.1215982274198
0.9278936286195654 3303.5042237864877 0.17857142857142855 1.1797250847320122 4398.803419086195 0.017857142857142856 t_move_k 100 1617.842734336853 68.46285636918775 73.01247961675114 54.458648304564576 84.01188418221048 84.35828139369637 68.35975551014093 70.1215982274198
0.9278936286195654 3303.5042237864877 0.17857142857142855 1.1949934074725064 4667.4253020928345 0.07142857142857142 t_swap_k 100 1620.8361375331879 68.46285636918775 73.01247961675114 55.01406182151893 84.01188418221048 84.35828139369637 68.35975551014093 70.1215982274198
0.9278936286195654 3303.5042237864877 0.17857142857142855 1.198732901017859 4634.279854696437 0.05357142857142857 move_t 100 1622.8931725025177 68.46285636918775 73.41235482058363 55.01406182151893 84.01188418221048 84.35828139369637 68.35975551014093 70.1215982274198
0.9278936286195654 3303.5042237864877 0.17857142857142855 1.197034856900458 4623.433528386307 0.05357142857142857 t_move_k 100 1625.9244585037231 69.02822780549587 73.41235482058363 55.01406182151893 84.01188418221048 84.35828139369637 68.35975551014093 70.1215982274198
0.9278936286195654 3303.5042237864877 0.17857142857142855 1.1926345043161715 4595.326096123677 0.05357142857142857 swap_t 100 1628.8129451274872 69.02822780549587 73.41235482058363 55.01406182151893 84.01188418221048 84.51469857975941 68.35975551014093 70.1215982274198
0.9278936286195654 3303.5042237864877 0.17857142857142855 1.1935879014962325 4715.4791906295995 0.08928571428571427 t_swap_k 100 1631.6920592784882 69.02822780549587 73.41235482058363 55.77392120330374 84.01188418221048 84.51469857975941 68.35975551014093 70.1215982274198
0.9278936286195654 3303.5042237864877 0.17857142857142855 1.13423099025787 4336.334490291552 0.08928571428571427 t_multiswap_k 100 1634.711689710617 69.02822780549587 73.41235482058363 55.77392120330374 84.01188418221048 84.51469857975941 68.35975551014093 70.6403822451456
0.9278936286195654 3303.5042237864877 0.17857142857142855 1.1406272896692558 4434.222730112556 0.10714285714285714 t_swap_k 100 1637.0905830860138 69.02822780549587 73.41235482058363 56.40618199127071 84.01188418221048 84.51469857975941 68.35975551014093 70.6403822451456
0.9278936286195654 3303.5042237864877 0.17857142857142855 1.168518347667311 4555.346389313417 0.08928571428571427 f_swap_t 100 1639.3306849002838 69.02822780549587 73.41235482058363 56.40618199127071 84.38176534038837 84.51469857975941 68.35975551014093 70.6403822451456
0.9278936286195654 3303.5042237864877 0.17857142857142855 1.1213714127832883 4254.193412759825 0.08928571428571427 t_move_k 100 1641.198290348053 69.64794552744091 73.41235482058363 56.40618199127071 84.38176534038837 84.51469857975941 68.35975551014093 70.6403822451456
0.9278936286195654 3303.5042237864877 0.17857142857142855 1.14664520322166 4508.863902011601 0.12499999999999999 move_t 100 1642.192673444748 69.64794552744091 73.93823127237779 56.40618199127071 84.38176534038837 84.51469857975941 68.35975551014093 70.6403822451456
0.9278936286195654 3303.5042237864877 0.17857142857142855 1.1328855328743856 4327.740326177617 0.08928571428571427 t_swap_r_k 100 1645.0237939357758 69.64794552744091 73.93823127237779 56.40618199127071 84.38176534038837 84.51469857975941 68.71615795503952 70.6403822451456
0.9278936286195654 3303.5042237864877 0.17857142857142855 1.09844136397242 4164.758402823359 0.10714285714285714 t_swap_k 100 1647.1597294807434 69.64794552744091 73.93823127237779 56.992120171357996 84.38176534038837 84.51469857975941 68.71615795503952 70.6403822451456
0.9278936286195654 3303.5042237864877 0.17857142857142855 1.1924715638677692 4765.380153825245 0.10714285714285714 f_swap_t 100 1649.550627231598 69.64794552744091 73.93823127237779 56.992120171357996 84.77794768698449 84.51469857975941 68.71615795503952 70.6403822451456
0.9278936286195654 3303.5042237864877 0.17857142857142855 1.1659702046215212 4539.070021299003 0.08928571428571427 move_t 100 1650.7954959869385 69.64794552744091 74.22884895965402 56.992120171357996 84.77794768698449 84.51469857975941 68.71615795503952 70.6403822451456
0.9278936286195654 3303.5042237864877 0.17857142857142855 1.1613151473958259 4623.398883703443 0.12499999999999999 t_swap_k 100 1653.7899422645569 69.64794552744091 74.22884895965402 57.79219896964442 84.77794768698449 84.51469857975941 68.71615795503952 70.6403822451456
0.9278936286195654 3303.5042237864877 0.17857142857142855 1.1613151473958259 4623.398883703443 0.12499999999999999 swap_t 100 1655.9668138027191 69.64794552744091 74.22884895965402 57.79219896964442 84.77794768698449 84.66955159396181 68.71615795503952 70.6403822451456
0.9278936286195654 3303.5042237864877 0.17857142857142855 1.2998009242537294 5284.594471083074 0.03571428571428571 swap_t 100 1657.9203588962555 69.64794552744091 74.22884895965402 57.79219896964442 84.77794768698449 85.0428560780222 68.71615795503952 70.6403822451456
0.9278936286195654 3303.5042237864877 0.17857142857142855 1.1467840333102401 4359.485951158013 0.07142857142857142 t_multiswap_k 100 1659.9515676498413 69.64794552744091 74.22884895965402 57.79219896964442 84.77794768698449 85.0428560780222 68.71615795503952 71.17397842269415
0.9278936286195654 3303.5042237864877 0.17857142857142855 1.1269326636336883 4289.716130219167 0.08928571428571427 f_swap_t 100 1663.378744840622 69.64794552744091 74.22884895965402 57.79219896964442 85.09016821011464 85.0428560780222 68.71615795503952 71.17397842269415
0.9278936286195654 3303.5042237864877 0.17857142857142855 1.0688061699234044 4089.5256186952206 0.14285714285714285 t_move_k 100 1666.3708627223969 70.2014660721665 74.22884895965402 57.79219896964442 85.09016821011464 85.0428560780222 68.71615795503952 71.17397842269415
0.9278936286195654 3303.5042237864877 0.17857142857142855 1.137791546904627 4416.109307121029 0.10714285714285714 f_swap_t 100 1669.672841310501 70.2014660721665 74.22884895965402 57.79219896964442 85.4792665280135 85.0428560780222 68.71615795503952 71.17397842269415
0.9278936286195654 3303.5042237864877 0.17857142857142855 1.1467201183331983 4416.109307121029 0.08928571428571427 t_swap_r_k 100 1673.448971271515 70.2014660721665 74.22884895965402 57.79219896964442 85.4792665280135 85.0428560780222 69.06899637548912 71.17397842269415
0.9278936286195654 3303.5042237864877 0.17857142857142855 1.128363874710692 4469.952896046605 0.14285714285714285 move_t 100 1675.3510749340057 70.2014660721665 74.63656047005747 57.79219896964442 85.4792665280135 85.0428560780222 69.06899637548912 71.17397842269415
0.9278936286195654 3303.5042237864877 0.17857142857142855 1.1318636490437555 4606.371078854472 0.17857142857142855 t_move_k 100 1677.3921656608582 70.80945141144483 74.63656047005747 57.79219896964442 85.4792665280135 85.0428560780222 69.06899637548912 71.17397842269415
0.9278936286195654 3303.5042237864877 0.17857142857142855 1.144829729152061 4689.192446318845 0.17857142857142855 t_multiswap_k 100 1678.811138868332 70.80945141144483 74.63656047005747 57.79219896964442 85.4792665280135 85.0428560780222 69.06899637548912 71.5622386384672
0.9278936286195654 3303.5042237864877 0.17857142857142855 1.1303910465443323 4539.933154612472 0.1607142857142857 f_swap_t 100 1680.4444906711578 70.80945141144483 74.63656047005747 57.79219896964442 85.84447386273337 85.0428560780222 69.06899637548912 71.5622386384672
0.9278936286195654 3303.5042237864877 0.17857142857142855 1.1280282876821004 4581.872551154584 0.17857142857142855 t_move_k 100 1681.7768754959106 71.40135689733037 74.63656047005747 57.79219896964442 85.84447386273337 85.0428560780222 69.06899637548912 71.5622386384672
0.9278936286195654 3303.5042237864877 0.17857142857142855 1.1167429201959302 4566.818419860119 0.1964285714285714 f_swap_t 100 1684.5559358596802 71.40135689733037 74.63656047005747 57.79219896964442 86.01602912410603 85.0428560780222 69.06899637548912 71.5622386384672
0.9278936286195654 3303.5042237864877 0.17857142857142855 1.0892824171026039 4448.444947738181 0.21428571428571425 f_swap_t 100 1686.9783911705017 71.40135689733037 74.63656047005747 57.79219896964442 86.27586883286497 85.0428560780222 69.06899637548912 71.5622386384672
0.9278936286195654 3303.5042237864877 0.17857142857142855 1.073357195041157 4346.721939914252 0.21428571428571425 move_t 100 1688.8309087753296 71.40135689733037 74.9801948653569 57.79219896964442 86.27586883286497 85.0428560780222 69.06899637548912 71.5622386384672
0.9278936286195654 3303.5042237864877 0.17857142857142855 1.1223002207123098 4596.096608016569 0.14285714285714285 swap_t 100 1690.7274351119995 71.40135689733037 74.9801948653569 57.79219896964442 86.27586883286497 85.32242751724198 69.06899637548912 71.5622386384672
0.9278936286195654 3303.5042237864877 0.17857142857142855 1.0862792320742227 4528.645158879824 0.1607142857142857 move_t 100 1692.0519421100616 71.40135689733037 75.35039291670334 57.79219896964442 86.27586883286497 85.32242751724198 69.06899637548912 71.5622386384672
0.9278936286195654 3303.5042237864877 0.17857142857142855 1.0716580686642945 4266.8349076791255 0.1964285714285714 swap_t 100 1694.6361656188965 71.40135689733037 75.35039291670334 57.79219896964442 86.27586883286497 85.55920324206956 69.06899637548912 71.5622386384672
0.9278936286195654 3303.5042237864877 0.17857142857142855 1.213229390547856 4955.0032369709315 0.125 f_swap_t 100 1696.256350517273 71.40135689733037 75.35039291670334 57.79219896964442 86.72311014453632 85.55920324206956 69.06899637548912 71.5622386384672
0.9278936286195654 3303.5042237864877 0.17857142857142855 1.0928114859925389 4413.955404241472 0.1964285714285714 t_move_k 100 1697.7699790000916 72.11734332835707 75.35039291670334 57.79219896964442 86.72311014453632 85.55920324206956 69.06899637548912 71.5622386384672
0.9278936286195654 3303.5042237864877 0.17857142857142855 1.1658055229812585 4605.437656499129 0.125 swap_t 100 1699.0838072299957 72.11734332835707 75.35039291670334 57.79219896964442 86.72311014453632 85.74361120964886 69.06899637548912 71.5622386384672
0.9278936286195654 3303.5042237864877 0.17857142857142855 1.195672766574502 4785.8279671572345 0.10714285714285712 t_move_k 100 1700.8312101364136 72.71616989507349 75.35039291670334 57.79219896964442 86.72311014453632 85.74361120964886 69.06899637548912 71.5622386384672
0.9278936286195654 3303.5042237864877 0.17857142857142855 1.1138505392201346 4491.311602480992 0.17857142857142855 move_t 100 1701.573484659195 72.71616989507349 75.77688898753631 57.79219896964442 86.72311014453632 85.74361120964886 69.06899637548912 71.5622386384672
0.9278936286195654 3303.5042237864877 0.17857142857142855 1.122779110648706 4491.311602480992 0.1607142857142857 t_swap_r_k 100 1702.947209596634 72.71616989507349 75.77688898753631 57.79219896964442 86.72311014453632 85.74361120964886 69.41830641173424 71.5622386384672
0.9278936286195654 3303.5042237864877 0.17857142857142855 1.1116885146282012 4477.501581896528 0.17857142857142855 move_t 100 1704.606704711914 72.71616989507349 76.10912009766095 57.79219896964442 86.72311014453632 85.74361120964886 69.41830641173424 71.5622386384672
0.9278936286195654 3303.5042237864877 0.17857142857142855 1.1101946263903488 4467.959309624229 0.17857142857142855 f_swap_t 100 1706.871747493744 72.71616989507349 76.10912009766095 57.79219896964442 86.91587904309095 85.74361120964886 69.41830641173424 71.5622386384672
0.9278936286195654 3303.5042237864877 0.17857142857142855 1.1080386663143889 4477.031010903617 0.17857142857142855 move_t 100 1708.5738883018494 72.71616989507349 76.40802889668434 57.79219896964442 86.91587904309095 85.74361120964886 69.41830641173424 71.5622386384672
0.9278936286195654 3303.5042237864877 0.17857142857142855 1.1384005587805004 4477.031010903617 0.125 t_swap_r_k 100 1711.1606397628784 72.71616989507349 76.40802889668434 57.79219896964442 86.91587904309095 85.74361120964886 69.76412334761689 71.5622386384672
0.9278936286195654 3303.5042237864877 0.17857142857142855 1.1273607979077591 4292.450855420672 0.08928571428571427 t_swap_r_k 100 1712.422373533249 72.71616989507349 76.40802889668434 57.79219896964442 86.91587904309095 85.74361120964886 70.10648211414072 71.5622386384672
0.9278936286195654 3303.5042237864877 0.17857142857142855 1.1273607979077591 4292.450855420672 0.08928571428571427 f_swap_t 100 1713.9393846988678 72.71616989507349 76.40802889668434 57.79219896964442 87.04672025266004 85.74361120964886 70.10648211414072 71.5622386384672
0.9278936286195654 3303.5042237864877 0.17857142857142855 1.177301085771133 4668.478103972343 0.10714285714285712 move_t 100 1715.3083097934723 72.71616989507349 76.8339486077175 57.79219896964442 87.04672025266004 85.74361120964886 70.10648211414072 71.5622386384672
0.9278936286195654 3303.5042237864877 0.17857142857142855 1.1183273980996256 4348.81287535028 0.125 t_multiswap_k 100 1717.4483420848846 72.71616989507349 76.8339486077175 57.79219896964442 87.04672025266004 85.74361120964886 70.10648211414072 71.93661625208253
0.9278936286195654 3303.5042237864877 0.17857142857142855 1.107269102116241 4164.114326089358 0.08928571428571427 t_multiswap_k 100 1720.0707371234894 72.71616989507349 76.8339486077175 57.79219896964442 87.04672025266004 85.74361120964886 70.10648211414072 72.2772500895617
0.9278936286195654 3303.5042237864877 0.17857142857142855 1.0701843955185666 4098.32909110263 0.14285714285714285 t_move_k 100 1722.8103852272034 73.04900819612276 76.8339486077175 57.79219896964442 87.04672025266004 85.74361120964886 70.10648211414072 72.2772500895617
0.9278936286195654 3303.5042237864877 0.17857142857142855 1.0640489484559177 4002.1070563372978 0.125 t_swap_k 100 1724.650840997696 73.04900819612276 76.8339486077175 58.214276979947975 87.04672025266004 85.74361120964886 70.10648211414072 72.2772500895617
0.9278936286195654 3303.5042237864877 0.17857142857142855 1.0388832021069105 4069.4862833424213 0.19642857142857142 t_multiswap_k 100 1727.3521630764008 73.04900819612276 76.8339486077175 58.214276979947975 87.04672025266004 85.74361120964886 70.10648211414072 72.66447758866609
0.9278936286195654 3303.5042237864877 0.17857142857142855 1.0964215500257688 4265.919989547613 0.14285714285714285 f_swap_t 100 1730.604933977127 73.04900819612276 76.8339486077175 58.214276979947975 87.36625305013344 85.74361120964886 70.10648211414072 72.66447758866609
0.9278936286195654 3303.5042237864877 0.17857142857142855 1.099362752768545 4284.70704246661 0.14285714285714285 t_move_k 100 1732.966382741928 73.49851811416153 76.8339486077175 58.214276979947975 87.36625305013344 85.74361120964886 70.10648211414072 72.66447758866609
0.9278936286195654 3303.5042237864877 0.17857142857142855 1.2160464683463788 4915.9658212321365 0.10714285714285714 f_swap_t 100 1734.7387804985046 73.49851811416153 76.8339486077175 58.214276979947975 87.8325905196321 85.74361120964886 70.10648211414072 72.66447758866609
0.9278936286195654 3303.5042237864877 0.17857142857142855 1.177875020330533 4729.175749960051 0.12499999999999999 move_t 100 1737.957982301712 73.49851811416153 77.18560912164033 58.214276979947975 87.8325905196321 85.74361120964886 70.10648211414072 72.66447758866609
0.9278936286195654 3303.5042237864877 0.17857142857142855 1.1290241740304479 4645.265431466987 0.1964285714285714 t_multiswap_k 100 1739.722886800766 73.49851811416153 77.18560912164033 58.214276979947975 87.8325905196321 85.74361120964886 70.10648211414072 73.08783281277942
0.9278936286195654 3303.5042237864877 0.17857142857142855 1.0781798316317053 4377.526728553272 0.21428571428571425 t_move_k 100 1741.700455904007 73.97353293301991 77.18560912164033 58.214276979947975 87.8325905196321 85.74361120964886 70.10648211414072 73.08783281277942
0.9278936286195654 3303.5042237864877 0.17857142857142855 1.0781798316317053 4377.526728553272 0.21428571428571425 t_multiswap_k 100 1744.2510492801666 73.97353293301991 77.18560912164033 58.214276979947975 87.8325905196321 85.74361120964886 70.10648211414072 73.35695448465162
0.9278936286195654 3303.5042237864877 0.17857142857142855 1.113894117345991 4377.526728553272 0.14285714285714285 t_swap_r_k 100 1748.2035899162292 73.97353293301991 77.18560912164033 58.214276979947975 87.8325905196321 85.74361120964886 70.44541729299931 73.35695448465162
0.9278936286195654 3303.5042237864877 0.17857142857142855 1.1855076857078481 4652.980669266633 0.10714285714285714 swap_t 100 1750.7939100265503 73.97353293301991 77.18560912164033 58.214276979947975 87.8325905196321 86.10617509755237 70.44541729299931 73.35695448465162
0.9278936286195654 3303.5042237864877 0.17857142857142855 1.189636322208556 4804.301547160333 0.12499999999999999 t_swap_k 100 1751.9674379825592 73.97353293301991 77.18560912164033 58.88213421014849 87.8325905196321 86.10617509755237 70.44541729299931 73.35695448465162
0.9278936286195654 3303.5042237864877 0.17857142857142855 1.1427651170183688 4618.973036303761 0.1607142857142857 move_t 100 1753.8982772827148 73.97353293301991 77.56375303042392 58.88213421014849 87.8325905196321 86.10617509755237 70.44541729299931 73.35695448465162
0.9278936286195654 3303.5042237864877 0.17857142857142855 1.1473719796918507 4621.156473397301 0.14285714285714285 move_t 100 1755.469304561615 73.97353293301991 77.93811550011968 58.88213421014849 87.8325905196321 86.10617509755237 70.44541729299931 73.35695448465162
0.9278936286195654 3303.5042237864877 0.17857142857142855 1.112849182712453 4427.883781301917 0.1607142857142857 t_swap_k 100 1757.0417306423187 73.97353293301991 77.93811550011968 59.54331286804701 87.8325905196321 86.10617509755237 70.44541729299931 73.35695448465162
0.9278936286195654 3303.5042237864877 0.17857142857142855 1.1650467509114355 4590.20303841908 0.10714285714285714 f_swap_t 100 1759.858190536499 73.97353293301991 77.93811550011968 59.54331286804701 88.11426461443578 86.10617509755237 70.44541729299931 73.35695448465162
0.9278936286195654 3303.5042237864877 0.17857142857142855 1.1110950842767862 4359.647790243994 0.14285714285714285 t_move_k 100 1761.714015007019 74.27379760368972 77.93811550011968 59.54331286804701 88.11426461443578 86.10617509755237 70.44541729299931 73.35695448465162
0.9278936286195654 3303.5042237864877 0.17857142857142855 1.1110950842767862 4359.647790243994 0.14285714285714285 t_swap_r_k 100 1763.0694615840912 74.27379760368972 77.93811550011968 59.54331286804701 88.11426461443578 86.10617509755237 70.78096312006932 73.35695448465162
0.9278936286195654 3303.5042237864877 0.17857142857142855 1.1184708874674976 4406.761035056627 0.14285714285714285 move_t 100 1764.2065827846527 74.27379760368972 78.22873434511848 59.54331286804701 88.11426461443578 86.10617509755237 70.78096312006932 73.35695448465162
0.9278936286195654 3303.5042237864877 0.17857142857142855 1.1227220194608016 4433.915314685939 0.14285714285714285 t_move_k 100 1766.66956782341 74.61105962765282 78.22873434511848 59.54331286804701 88.11426461443578 86.10617509755237 70.78096312006932 73.35695448465162
0.9278936286195654 3303.5042237864877 0.17857142857142855 1.117855774160499 4402.831973628222 0.14285714285714285 t_move_k 100 1767.994586467743 74.92494903137629 78.22873434511848 59.54331286804701 88.11426461443578 86.10617509755237 70.78096312006932 73.35695448465162
0.9278936286195654 3303.5042237864877 0.17857142857142855 1.1451055009971602 4576.890719277746 0.14285714285714285 t_move_k 100 1769.914304971695 75.42569954106253 78.22873434511848 59.54331286804701 88.11426461443578 86.10617509755237 70.78096312006932 73.35695448465162
0.9278936286195654 3303.5042237864877 0.17857142857142855 1.1317983028102936 4320.7955996369565 0.08928571428571427 swap_t 100 1771.1004223823547 75.42569954106253 78.22873434511848 59.54331286804701 88.11426461443578 86.24511334657684 70.78096312006932 73.35695448465162
0.9278936286195654 3303.5042237864877 0.17857142857142855 1.1317983028102936 4320.7955996369565 0.08928571428571427 swap_t 100 1771.9585447311401 75.42569954106253 78.22873434511848 59.54331286804701 88.11426461443578 86.38266221311108 70.78096312006932 73.35695448465162
0.9278936286195654 3303.5042237864877 0.17857142857142855 1.1317983028102936 4320.7955996369565 0.08928571428571427 t_swap_r_k 100 1774.567875623703 75.42569954106253 78.22873434511848 59.54331286804701 88.11426461443578 86.38266221311108 71.11315348886862 73.35695448465162
0.9278936286195654 3303.5042237864877 0.17857142857142855 1.1298397082540093 4479.379843218481 0.14285714285714285 move_t 100 1776.5392482280731 75.42569954106253 78.5064470016673 59.54331286804701 88.11426461443578 86.38266221311108 71.11315348886862 73.35695448465162
0.9278936286195654 3303.5042237864877 0.17857142857142855 1.1135564719352764 4432.401620165919 0.1607142857142857 t_move_k 100 1780.071489572525 75.94144254565191 78.5064470016673 59.54331286804701 88.11426461443578 86.38266221311108 71.11315348886862 73.35695448465162
0.9278936286195654 3303.5042237864877 0.17857142857142855 1.1469121908482662 4645.462640154642 0.1607142857142857 swap_t 100 1781.4135324954987 75.94144254565191 78.5064470016673 59.54331286804701 88.11426461443578 86.55883559097997 71.11315348886862 73.35695448465162
0.9278936286195654 3303.5042237864877 0.17857142857142855 1.1645610857146425 4853.836169767877 0.125 swap_t 100 1782.5199477672577 75.94144254565191 78.5064470016673 59.54331286804701 88.11426461443578 86.86324723507016 71.11315348886862 73.35695448465162
0.9278936286195654 3303.5042237864877 0.17857142857142855 1.1377548852585493 4529.938360346465 0.14285714285714285 swap_t 100 1784.3330569267273 75.94144254565191 78.5064470016673 59.54331286804701 88.11426461443578 87.09461476271946 71.11315348886862 73.35695448465162
0.9278936286195654 3303.5042237864877 0.17857142857142855 1.1198006032433971 4244.159802521945 0.08928571428571427 t_multiswap_k 100 1786.0109584331512 75.94144254565191 78.5064470016673 59.54331286804701 88.11426461443578 87.09461476271946 71.11315348886862 73.71338493980511
0.9278936286195654 3303.5042237864877 0.17857142857142855 1.0737049278980715 4063.785020296102 0.125 t_swap_k 100 1788.7126829624176 75.94144254565191 78.5064470016673 60.06787973936654 88.11426461443578 87.09461476271946 71.11315348886862 73.71338493980511
0.9278936286195654 3303.5042237864877 0.17857142857142855 1.124307062846385 4387.008228700587 0.125 t_swap_k 100 1790.9647724628448 75.94144254565191 78.5064470016673 60.577200941972876 88.11426461443578 87.09461476271946 71.11315348886862 73.71338493980511
0.9278936286195654 3303.5042237864877 0.17857142857142855 1.1238165457017006 4568.919009161501 0.125 swap_t 100 1791.711599111557 75.94144254565191 78.5064470016673 60.577200941972876 88.11426461443578 87.25366861509227 71.11315348886862 73.71338493980511
0.9278936286195654 3303.5042237864877 0.17857142857142855 1.122462880500566 4375.2284384742 0.125 t_multiswap_k 100 1793.1463160514832 75.94144254565191 78.5064470016673 60.577200941972876 88.11426461443578 87.25366861509227 71.11315348886862 74.00625109040706
0.9278936286195654 3303.5042237864877 0.17857142857142855 1.1433543821753969 4508.673760625603 0.125 t_move_k 100 1797.0788841247559 76.46202812019538 78.5064470016673 60.577200941972876 88.11426461443578 87.25366861509227 71.11315348886862 74.00625109040706
0.9278936286195654 3303.5042237864877 0.17857142857142855 1.131812124886538 4206.820657724262 0.05357142857142857 swap_t 100 1799.3233749866486 76.46202812019538 78.5064470016673 60.577200941972876 88.11426461443578 87.38113192894134 71.11315348886862 74.00625109040706
0.9278936286195654 3303.5042237864877 0.17857142857142855 1.0943453747511431 4366.721565982251 0.17857142857142855 move_t 100 1800.7221891880035 76.46202812019538 78.90138253165063 60.577200941972876 88.11426461443578 87.38113192894134 71.11315348886862 74.00625109040706
0.9278936286195654 3303.5042237864877 0.17857142857142855 1.0791277461050695 4155.455109074169 0.14285714285714285 swap_t 100 1802.5125620365143 76.46202812019538 78.90138253165063 60.577200941972876 88.11426461443578 87.50732060965193 71.11315348886862 74.00625109040706
0.9278936286195654 3303.5042237864877 0.17857142857142855 1.0684735487518617 4087.400987345989 0.14285714285714285 move_t 100 1803.6464304924011 76.46202812019538 79.11236870633412 60.577200941972876 88.11426461443578 87.50732060965193 71.11315348886862 74.00625109040706
0.9278936286195654 3303.5042237864877 0.17857142857142855 1.0660063053445659 4071.64136908412 0.14285714285714285 t_multiswap_k 100 1805.061057806015 76.46202812019538 79.11236870633412 60.577200941972876 88.11426461443578 87.50732060965193 71.11315348886862 74.266188579503
0.9278936286195654 3303.5042237864877 0.17857142857142855 1.0658823779205746 4070.849777590348 0.14285714285714285 f_swap_t 100 1808.1672883033752 76.46202812019538 79.11236870633412 60.577200941972876 88.23312196829143 87.50732060965193 71.11315348886862 74.266188579503
0.9278936286195654 3303.5042237864877 0.17857142857142855 1.0823213060457664 4289.9173349157645 0.17857142857142855 f_swap_t 100 1809.1827104091644 76.46202812019538 79.11236870633412 60.577200941972876 88.48079074860851 87.50732060965193 71.11315348886862 74.266188579503
0.9278936286195654 3303.5042237864877 0.17857142857142855 1.0898058464423448 4337.725143082082 0.17857142857142855 move_t 100 1810.1117296218872 76.46202812019538 79.47124501927078 60.577200941972876 88.48079074860851 87.50732060965193 71.11315348886862 74.266188579503
0.9278936286195654 3303.5042237864877 0.17857142857142855 1.0898058464423448 4337.725143082082 0.17857142857142855 t_swap_r_k 100 1812.2100188732147 76.46202812019538 79.47124501927078 60.577200941972876 88.48079074860851 87.50732060965193 71.44202195397993 74.266188579503
0.9278936286195654 3303.5042237864877 0.17857142857142855 1.0840805991089177 4415.21812236465 0.21428571428571425 t_multiswap_k 100 1814.572137594223 76.46202812019538 79.47124501927078 60.577200941972876 88.48079074860851 87.50732060965193 71.44202195397993 74.58352669370797
0.9278936286195654 3303.5042237864877 0.17857142857142855 1.0752633081778336 4244.834084611892 0.17857142857142855 t_multiswap_k 100 1816.7349905967712 76.46202812019538 79.47124501927078 60.577200941972876 88.48079074860851 87.50732060965193 71.44202195397993 75.02769142677089
0.9278936286195654 3303.5042237864877 0.17857142857142855 1.0456034360897886 4226.475283994506 0.2321428571428571 t_move_k 100 1818.54469871521 77.03740783899343 79.47124501927078 60.577200941972876 88.48079074860851 87.50732060965193 71.44202195397993 75.02769142677089
0.9278936286195654 3303.5042237864877 0.17857142857142855 1.0308175792755607 4132.030018327641 0.23214285714285715 t_multiswap_k 100 1821.3384873867035 77.03740783899343 79.47124501927078 60.577200941972876 88.48079074860851 87.50732060965193 71.44202195397993 75.33741451250317
0.9278936286195654 3303.5042237864877 0.17857142857142855 1.0257903655167258 4165.470687205861 0.23214285714285715 swap_t 100 1822.249412059784 77.03740783899343 79.47124501927078 60.577200941972876 88.48079074860851 87.72224740355541 71.44202195397993 75.33741451250317
0.9278936286195654 3303.5042237864877 0.17857142857142855 1.021017964551382 4126.466193620382 0.25 move_t 100 1823.3292548656464 77.03740783899343 79.83653256907807 60.577200941972876 88.48079074860851 87.72224740355541 71.44202195397993 75.33741451250317
0.9278936286195654 3303.5042237864877 0.17857142857142855 1.0369226914705418 4228.058287883974 0.25 t_move_k 100 1826.249027967453 77.5570337606035 79.83653256907807 60.577200941972876 88.48079074860851 87.72224740355541 71.44202195397993 75.33741451250317
0.9278936286195654 3303.5042237864877 0.17857142857142855 1.0446917484738307 4277.683457522474 0.25 t_multiswap_k 100 1828.1175508499146 77.5570337606035 79.83653256907807 60.577200941972876 88.48079074860851 87.72224740355541 71.44202195397993 75.74404036737815
0.9278936286195654 3303.5042237864877 0.17857142857142855 1.1015242776044107 4583.671948315035 0.23214285714285712 f_swap_t 100 1829.7678451538086 77.5570337606035 79.83653256907807 60.577200941972876 88.73598284112242 87.72224740355541 71.44202195397993 75.74404036737815
0.9278936286195654 3303.5042237864877 0.17857142857142855 1.074374834149244 4239.158920384175 0.17857142857142855 swap_t 100 1832.0870912075043 77.5570337606035 79.83653256907807 60.577200941972876 88.73598284112242 87.84502492951987 71.44202195397993 75.74404036737815
0.9278936286195654 3303.5042237864877 0.17857142857142855 1.0501822207484697 4198.69084294127 0.21428571428571425 t_swap_k 100 1835.3352477550507 77.5570337606035 79.83653256907807 61.081428932553145 88.73598284112242 87.84502492951987 71.44202195397993 75.74404036737815
0.9278936286195654 3303.5042237864877 0.17857142857142855 1.0501822207484697 4198.69084294127 0.21428571428571425 swap_t 100 1836.181825876236 77.5570337606035 79.83653256907807 61.081428932553145 88.73598284112242 87.96657468022467 71.44202195397993 75.74404036737815
0.9278936286195654 3303.5042237864877 0.17857142857142855 1.0501822207484697 4198.69084294127 0.21428571428571425 swap_t 100 1837.469907283783 77.5570337606035 79.83653256907807 61.081428932553145 88.73598284112242 88.08690893342242 71.44202195397993 75.74404036737815
0.9278936286195654 3303.5042237864877 0.17857142857142855 1.0485803750784988 4131.427372656766 0.1964285714285714 t_multiswap_k 100 1839.7538619041443 77.5570337606035 79.83653256907807 61.081428932553145 88.73598284112242 88.08690893342242 71.44202195397993 76.01659996370437
0.9278936286195654 3303.5042237864877 0.17857142857142855 1.1051408541922545 4492.709748325626 0.1964285714285714 swap_t 100 1842.4090898036957 77.5570337606035 79.83653256907807 61.081428932553145 88.73598284112242 88.2460398440882 71.44202195397993 76.01659996370437
0.9278936286195654 3303.5042237864877 0.17857142857142855 1.0776025231846718 4316.807531720193 0.19642857142857142 t_swap_r_k 100 1844.456048965454 77.5570337606035 79.83653256907807 61.081428932553145 88.73598284112242 88.2460398440882 71.76760173444013 76.01659996370437
0.9278936286195654 3303.5042237864877 0.17857142857142855 1.078875458019425 4210.875224094844 0.1607142857142857 t_swap_k 100 1846.9750900268555 77.5570337606035 79.83653256907807 61.600614643227615 88.73598284112242 88.2460398440882 71.76760173444013 76.01659996370437
0.9278936286195654 3303.5042237864877 0.17857142857142855 1.0631464210697579 4167.4369721986 0.17857142857142855 t_swap_r_k 100 1849.1235456466675 77.5570337606035 79.83653256907807 61.600614643227615 88.73598284112242 88.2460398440882 72.08992571709574 76.01659996370437
0.9278936286195654 3303.5042237864877 0.17857142857142855 1.0703468880433933 4270.46186524245 0.19642857142857142 t_swap_k 100 1852.5385956764221 77.5570337606035 79.83653256907807 62.11460849679534 88.73598284112242 88.2460398440882 72.08992571709574 76.01659996370437
0.9278936286195654 3303.5042237864877 0.17857142857142855 1.0719175824316247 4223.463124449128 0.17857142857142855 move_t 100 1854.9976189136505 77.5570337606035 80.0781672433873 62.11460849679534 88.73598284112242 88.2460398440882 72.08992571709574 76.01659996370437
0.9278936286195654 3303.5042237864877 0.17857142857142855 1.0618596218320897 4159.217489392264 0.17857142857142855 move_t 100 1857.416541814804 77.5570337606035 80.27738557095343 62.11460849679534 88.73598284112242 88.2460398440882 72.08992571709574 76.01659996370437
0.9278936286195654 3303.5042237864877 0.17857142857142855 1.0618596218320897 4159.217489392264 0.17857142857142855 f_swap_t 100 1861.4996423721313 77.5570337606035 80.27738557095343 62.11460849679534 88.8486230127112 88.2460398440882 72.08992571709574 76.01659996370437
0.9278936286195654 3303.5042237864877 0.17857142857142855 1.0618596218320897 4159.217489392264 0.17857142857142855 t_multiswap_k 100 1864.2365753650665 77.5570337606035 80.27738557095343 62.11460849679534 88.8486230127112 88.2460398440882 72.08992571709574 76.25643396406733
0.9278936286195654 3303.5042237864877 0.17857142857142855 1.0618596218320897 4159.217489392264 0.17857142857142855 t_move_k 100 1867.829063653946 77.78146342299746 80.27738557095343 62.11460849679534 88.8486230127112 88.2460398440882 72.08992571709574 76.25643396406733
0.9278936286195654 3303.5042237864877 0.17857142857142855 1.0959199090310787 4376.77896814964 0.17857142857142855 t_move_k 100 1870.6855659484863 78.13364878876749 80.27738557095343 62.11460849679534 88.8486230127112 88.2460398440882 72.08992571709574 76.25643396406733
0.9278936286195654 3303.5042237864877 0.17857142857142855 1.084528107492248 4304.0133694916185 0.17857142857142855 t_swap_r_k 100 1872.6805725097656 78.13364878876749 80.27738557095343 62.11460849679534 88.8486230127112 88.2460398440882 72.40902645992477 76.25643396406733
0.9278936286195654 3303.5042237864877 0.17857142857142855 1.1134757657710348 4488.91772173334 0.17857142857142855 f_swap_t 100 1876.2235054969788 78.13364878876749 80.27738557095343 62.11460849679534 89.10013678258409 88.2460398440882 72.40902645992477 76.25643396406733
0.9278936286195654 3303.5042237864877 0.17857142857142855 1.08011445810798 4275.821003374799 0.17857142857142855 f_swap_t 100 1880.3497214317322 78.13364878876749 80.27738557095343 62.11460849679534 89.32913541475824 88.2460398440882 72.40902645992477 76.25643396406733
0.9278936286195654 3303.5042237864877 0.17857142857142855 1.0719867843840876 4223.9051547533 0.17857142857142855 move_t 100 1881.700273990631 78.13364878876749 80.5946117152439 62.11460849679534 89.32913541475824 88.2460398440882 72.40902645992477 76.25643396406733
0.9278936286195654 3303.5042237864877 0.17857142857142855 1.077778813910853 4260.90198045496 0.17857142857142855 t_move_k 100 1883.6662063598633 78.66231230087982 80.5946117152439 62.11460849679534 89.32913541475824 88.2460398440882 72.40902645992477 76.25643396406733
0.9278936286195654 3303.5042237864877 0.17857142857142855 1.0775425218935504 4259.392655521714 0.17857142857142855 f_swap_t 100 1887.0738830566406 78.66231230087982 80.5946117152439 62.11460849679534 89.46584406061066 88.2460398440882 72.40902645992477 76.25643396406733
0.9278936286195654 3303.5042237864877 0.17857142857142855 1.0582790830889324 4193.378267094572 0.1964285714285714 f_swap_t 100 1888.9351551532745 78.66231230087982 80.5946117152439 62.11460849679534 89.63118562000456 88.2460398440882 72.40902645992477 76.25643396406733
0.9278936286195654 3303.5042237864877 0.17857142857142855 1.047289449678969 4123.181533822633 0.1964285714285714 t_multiswap_k 100 1891.4577178955078 78.66231230087982 80.5946117152439 62.11460849679534 89.63118562000456 88.2460398440882 72.40902645992477 76.52386962442665
0.9278936286195654 3303.5042237864877 0.17857142857142855 1.047289449678969 4123.181533822633 0.1964285714285714 f_swap_t 100 1894.3614153862 78.66231230087982 80.5946117152439 62.11460849679534 89.73487376380452 88.2460398440882 72.40902645992477 76.52386962442665
0.9278936286195654 3303.5042237864877 0.17857142857142855 1.0633326977086197 4225.658437349911 0.1964285714285714 t_move_k 100 1897.5808749198914 79.15568917787103 80.5946117152439 62.11460849679534 89.73487376380452 88.2460398440882 72.40902645992477 76.52386962442665
0.9278936286195654 3303.5042237864877 0.17857142857142855 1.102457735610578 4247.444756569411 0.12499999999999999 t_multiswap_k 100 1900.1954646110535 79.15568917787103 80.5946117152439 62.11460849679534 89.73487376380452 88.2460398440882 72.40902645992477 76.82863092818239
0.9278936286195654 3303.5042237864877 0.17857142857142855 1.0850151851871368 4078.998136225436 0.10714285714285712 swap_t 100 1902.0927913188934 79.15568917787103 80.5946117152439 62.11460849679534 89.73487376380452 88.36357944564732 72.40902645992477 76.82863092818239
0.9278936286195654 3303.5042237864877 0.17857142857142855 1.0775582556223715 4031.3666933775876 0.10714285714285712 t_swap_r_k 100 1904.2045743465424 79.15568917787103 80.5946117152439 62.11460849679534 89.73487376380452 88.36357944564732 72.75493619532553 76.82863092818239
0.9278936286195654 3303.5042237864877 0.17857142857142855 1.0729366723096463 3944.8145252856148 0.08928571428571427 t_multiswap_k 100 1906.250792980194 79.15568917787103 80.5946117152439 62.11460849679534 89.73487376380452 88.36357944564732 72.75493619532553 77.12034461890057
0.9278936286195654 3303.5042237864877 0.17857142857142855 1.0634978802670116 3998.5870857224245 0.12499999999999999 t_multiswap_k 100 1908.8781442642212 79.15568917787103 80.5946117152439 62.11460849679534 89.73487376380452 88.36357944564732 72.75493619532553 77.44914117271156
0.9278936286195654 3303.5042237864877 0.17857142857142855 1.0634978802670116 3998.5870857224245 0.12499999999999999 t_swap_k 100 1911.0994913578033 79.15568917787103 80.5946117152439 62.49346241182739 89.73487376380452 88.36357944564732 72.75493619532553 77.44914117271156
0.9278936286195654 3303.5042237864877 0.17857142857142855 1.1327798022464441 4327.064967463508 0.08928571428571427 swap_t 100 1913.4244375228882 79.15568917787103 80.5946117152439 62.49346241182739 89.73487376380452 88.49994365119085 72.75493619532553 77.44914117271156
0.9278936286195654 3303.5042237864877 0.17857142857142855 1.128163609125127 4126.483998449284 0.03571428571428571 t_swap_r_k 100 1916.0282618999481 79.15568917787103 80.5946117152439 62.49346241182739 89.73487376380452 88.49994365119085 73.06738683337227 77.44914117271156
0.9278936286195654 3303.5042237864877 0.17857142857142855 1.1695433952216887 4504.8623070325475 0.07142857142857142 t_swap_k 100 1918.9473204612732 79.15568917787103 80.5946117152439 63.148527787709114 89.73487376380452 88.49994365119085 73.06738683337227 77.44914117271156
0.9278936286195654 3303.5042237864877 0.17857142857142855 1.144757745997969 4346.542958003858 0.07142857142857142 move_t 100 1919.7777557373047 79.15568917787103 80.84866559809146 63.148527787709114 89.73487376380452 88.49994365119085 73.06738683337227 77.44914117271156
0.9278936286195654 3303.5042237864877 0.17857142857142855 1.1368872677175599 4239.238340310765 0.05357142857142857 move_t 100 1921.4004254341125 79.15568917787103 81.04017894211054 63.148527787709114 89.73487376380452 88.49994365119085 73.06738683337227 77.44914117271156
0.9278936286195654 3303.5042237864877 0.17857142857142855 1.1687180596308897 4499.590442160819 0.07142857142857142 t_move_k 100 1922.774864435196 79.57413228609232 81.04017894211054 63.148527787709114 89.73487376380452 88.49994365119085 73.06738683337227 77.44914117271156
0.9278936286195654 3303.5042237864877 0.17857142857142855 1.1262115134410637 4435.236733065765 0.12499999999999999 move_t 100 1923.7840082645416 79.57413228609232 81.28977715268944 63.148527787709114 89.73487376380452 88.49994365119085 73.06738683337227 77.44914117271156
0.9278936286195654 3303.5042237864877 0.17857142857142855 1.082670837718301 4178.086751791803 0.14285714285714285 t_multiswap_k 100 1924.9825491905212 79.57413228609232 81.28977715268944 63.148527787709114 89.73487376380452 88.49994365119085 73.06738683337227 77.79464976098444
0.9278936286195654 3303.5042237864877 0.17857142857142855 1.1132980856024899 4373.719551392819 0.14285714285714285 f_swap_t 100 1926.6389458179474 79.57413228609232 81.28977715268944 63.148527787709114 89.99752502616647 88.49994365119085 73.06738683337227 77.79464976098444
0.9278936286195654 3303.5042237864877 0.17857142857142855 1.0668924736123802 4077.3018051704976 0.14285714285714285 t_swap_k 100 1928.8789150714874 79.57413228609232 81.28977715268944 63.547042509832025 89.99752502616647 88.49994365119085 73.06738683337227 77.79464976098444
0.9278936286195654 3303.5042237864877 0.17857142857142855 1.0638106605022433 4117.2317456669625 0.08928571428571427 swap_t 100 1930.0193994045258 79.57413228609232 81.28977715268944 63.547042509832025 89.99752502616647 88.64494421467894 73.06738683337227 77.79464976098444
0.9278936286195654 3303.5042237864877 0.17857142857142855 1.0638106605022433 4117.2317456669625 0.08928571428571427 t_move_k 100 1931.5219187736511 79.7783909632314 81.28977715268944 63.547042509832025 89.99752502616647 88.64494421467894 73.06738683337227 77.79464976098444
0.9278936286195654 3303.5042237864877 0.17857142857142855 1.1177865533931604 4117.2317456669625 0.05357142857142857 t_swap_r_k 100 1933.5006439685822 79.7783909632314 81.28977715268944 63.547042509832025 89.99752502616647 88.64494421467894 73.37671296503855 77.79464976098444
0.9278936286195654 3303.5042237864877 0.17857142857142855 1.114011073137192 4207.178941971428 0.08928571428571427 f_swap_t 100 1935.6512370109558 79.7783909632314 81.28977715268944 63.547042509832025 90.15754977590481 88.64494421467894 73.37671296503855 77.79464976098444
0.9278936286195654 3303.5042237864877 0.17857142857142855 1.101399355033413 4126.621076316943 0.08928571428571427 t_move_k 100 1938.9640855789185 80.0506070535991 81.28977715268944 63.547042509832025 90.15754977590481 88.64494421467894 73.37671296503855 77.79464976098444
0.9278936286195654 3303.5042237864877 0.17857142857142855 1.118725102239623 4281.269345526331 0.08928571428571427 move_t 100 1940.8176023960114 80.0506070535991 81.60687938116254 63.547042509832025 90.15754977590481 88.64494421467894 73.37671296503855 77.79464976098444
0.9278936286195654 3303.5042237864877 0.17857142857142855 1.0998610198784964 4230.858128532962 0.125 f_swap_t 100 1944.7203390598297 80.0506070535991 81.60687938116254 63.547042509832025 90.34597427814576 88.64494421467894 73.37671296503855 77.79464976098444
0.9278936286195654 3303.5042237864877 0.17857142857142855 1.088198042667802 4042.297153179689 0.08928571428571427 move_t 100 1947.4330034255981 80.0506070535991 81.79081058735092 63.547042509832025 90.34597427814576 88.64494421467894 73.37671296503855 77.79464976098444
0.9278936286195654 3303.5042237864877 0.17857142857142855 1.1533133267449323 4401.192080251797 0.07142857142857142 f_swap_t 100 1949.2189428806305 80.0506070535991 81.79081058735092 63.547042509832025 90.6025145353643 88.64494421467894 73.37671296503855 77.79464976098444
0.9278936286195654 3303.5042237864877 0.17857142857142855 1.1099575350755249 4238.318417164308 0.10714285714285712 t_move_k 100 1951.2522547245026 80.3201009830631 81.79081058735092 63.547042509832025 90.6025145353643 88.64494421467894 73.37671296503855 77.79464976098444
0.9278936286195654 3303.5042237864877 0.17857142857142855 1.099947355965851 4231.409603825148 0.12499999999999997 t_multiswap_k 100 1952.6843032836914 80.3201009830631 81.79081058735092 63.547042509832025 90.6025145353643 88.64494421467894 73.37671296503855 78.0767032633746
0.9278936286195654 3303.5042237864877 0.17857142857142855 1.1518392728791937 4501.826980829728 0.08928571428571427 move_t 100 1954.5433015823364 80.3201009830631 82.2229024814774 63.547042509832025 90.6025145353643 88.64494421467894 73.37671296503855 78.0767032633746
0.9278936286195654 3303.5042237864877 0.17857142857142855 1.1262539233240056 4285.380648706517 0.08928571428571427 t_swap_r_k 100 1957.4273676872253 80.3201009830631 82.2229024814774 63.547042509832025 90.6025145353643 88.64494421467894 73.68294583538817 78.0767032633746
0.9278936286195654 3303.5042237864877 0.17857142857142855 1.1156612600374218 4331.782809338341 0.125 f_swap_t 100 1960.5173952579498 80.3201009830631 82.2229024814774 63.547042509832025 90.85648939001067 88.64494421467894 73.68294583538817 78.0767032633746
0.9278936286195654 3303.5042237864877 0.17857142857142855 1.0897803759292537 4166.467602651285 0.125 t_multiswap_k 100 1962.390067577362 80.3201009830631 82.2229024814774 63.547042509832025 90.85648939001067 88.64494421467894 73.68294583538817 78.42593623074085
0.9278936286195654 3303.5042237864877 0.17857142857142855 1.0677066885478772 4025.471020905995 0.125 t_swap_r_k 100 1964.816256761551 80.3201009830631 82.2229024814774 63.547042509832025 90.85648939001067 88.64494421467894 73.98611637703429 78.42593623074085
0.9278936286195654 3303.5042237864877 0.17857142857142855 1.0624668295620865 4049.0328226334314 0.14285714285714285 t_swap_k 100 1968.1483256816864 80.3201009830631 82.2229024814774 63.94157208473371 90.85648939001067 88.64494421467894 73.98611637703429 78.42593623074085
0.9278936286195654 3303.5042237864877 0.17857142857142855 1.0624668295620865 4049.0328226334314 0.14285714285714285 t_swap_r_k 100 1971.1309788227081 80.3201009830631 82.2229024814774 63.94157208473371 90.85648939001067 88.64494421467894 74.28625521326396 78.42593623074085
0.9278936286195654 3303.5042237864877 0.17857142857142855 1.0624668295620865 4049.0328226334314 0.14285714285714285 t_swap_r_k 100 1972.2942385673523 80.3201009830631 82.2229024814774 63.94157208473371 90.85648939001067 88.64494421467894 74.58339266113131 78.42593623074085
0.9278936286195654 3303.5042237864877 0.17857142857142855 1.0750140640470862 4129.178796533297 0.14285714285714285 t_swap_k 100 1975.0231547355652 80.3201009830631 82.2229024814774 64.40215636388638 90.85648939001067 88.64494421467894 74.58339266113131 78.42593623074085
0.9278936286195654 3303.5042237864877 0.17857142857142855 1.068062772116403 4027.7455192764014 0.12499999999999999 swap_t 100 1976.8962960243225 80.3201009830631 82.2229024814774 64.40215636388638 90.85648939001067 88.75849477253216 74.58339266113131 78.42593623074085
0.9278936286195654 3303.5042237864877 0.17857142857142855 1.1805340184777706 4860.223440463388 0.1607142857142857 f_swap_t 100 1979.7557349205017 80.3201009830631 82.2229024814774 64.40215636388638 91.00792449611056 88.75849477253216 74.58339266113131 78.42593623074085
0.9278936286195654 3303.5042237864877 0.17857142857142855 1.1818775869017 4868.805538770841 0.1607142857142857 t_swap_k 100 1981.4388542175293 80.3201009830631 82.2229024814774 65.12813480024751 91.00792449611056 88.75849477253216 74.58339266113131 78.42593623074085
0.9278936286195654 3303.5042237864877 0.17857142857142855 1.1578173075245313 4737.405117727674 0.1607142857142857 move_t 100 1983.5998299121857 80.3201009830631 82.49067345666263 65.12813480024751 91.00792449611056 88.75849477253216 74.58339266113131 78.42593623074085
0.9278936286195654 3303.5042237864877 0.17857142857142855 1.151690336898283 4675.983243644774 0.1607142857142857 t_swap_k 100 1986.4517359733582 80.3201009830631 82.49067345666263 65.73685345224503 91.00792449611056 88.75849477253216 74.58339266113131 78.42593623074085
0.9278936286195654 3303.5042237864877 0.17857142857142855 1.087968636125017 4383.021502468344 0.19642857142857142 t_move_k 100 1987.8345601558685 80.90689997323247 82.49067345666263 65.73685345224503 91.00792449611056 88.75849477253216 74.58339266113131 78.42593623074085
0.9278936286195654 3303.5042237864877 0.17857142857142855 1.0718423723873542 4222.982717212592 0.17857142857142855 move_t 100 1988.8281996250153 80.90689997323247 82.78576672209601 65.73685345224503 91.00792449611056 88.75849477253216 74.58339266113131 78.42593623074085
0.9278936286195654 3303.5042237864877 0.17857142857142855 1.1075031695078748 4450.7675186113765 0.17857142857142855 f_swap_t 100 1991.676915884018 80.90689997323247 82.78576672209601 65.73685345224503 91.29784525114945 88.75849477253216 74.58339266113131 78.42593623074085
0.9278936286195654 3303.5042237864877 0.17857142857142855 1.1433303047817254 4565.551580783166 0.14285714285714285 f_swap_t 100 1992.836359500885 80.90689997323247 82.78576672209601 65.73685345224503 91.56486679863796 88.75849477253216 74.58339266113131 78.42593623074085
0.9278936286195654 3303.5042237864877 0.17857142857142855 1.1191704748019284 4518.913500614298 0.14285714285714285 swap_t 100 1993.699957370758 80.90689997323247 82.78576672209601 65.73685345224503 91.56486679863796 88.90090982480683 74.58339266113131 78.42593623074085
0.9278936286195654 3303.5042237864877 0.17857142857142855 1.1382883903427539 4533.346145911104 0.14285714285714285 move_t 100 1996.0068740844727 80.90689997323247 83.01790905487505 65.73685345224503 91.56486679863796 88.90090982480683 74.58339266113131 78.42593623074085
0.9278936286195654 3303.5042237864877 0.17857142857142855 1.1177939114767215 4402.436823203215 0.14285714285714285 t_swap_k 100 1998.6470494270325 80.90689997323247 83.01790905487505 66.34948491772258 91.56486679863796 88.90090982480683 74.58339266113131 78.42593623074085
0.9278936286195654 3303.5042237864877 0.17857142857142855 1.1113554551294575 4304.279304228576 0.125 swap_t 100 1999.6200785636902 80.90689997323247 83.01790905487505 66.34948491772258 91.56486679863796 89.01190072655876 74.58339266113131 78.42593623074085
0.9278936286195654 3303.5042237864877 0.17857142857142855 1.0930724156767662 4130.464025804453 0.10714285714285712 t_multiswap_k 100 2001.2903351783752 80.90689997323247 83.01790905487505 66.34948491772258 91.56486679863796 89.01190072655876 74.58339266113131 78.79167686843344
0.9278936286195654 3303.5042237864877 0.17857142857142855 1.0603999095547891 3921.767055485959 0.10714285714285712 t_swap_k 100 2003.9194717407227 80.90689997323247 83.01790905487505 66.74599006854535 91.56486679863796 89.01190072655876 74.58339266113131 78.79167686843344
0.9278936286195654 3303.5042237864877 0.17857142857142855 1.1793790403755362 4201.977293899739 0.07142857142857142 swap_t 100 2004.917249917984 80.90689997323247 83.01790905487505 66.74599006854535 91.56486679863796 89.13178171929317 74.58339266113131 78.79167686843344
0.9278936286195654 3303.5042237864877 0.17857142857142855 1.17452035788178 4536.652859758181 0.07142857142857142 f_swap_t 100 2007.6820812225342 80.90689997323247 83.01790905487505 66.74599006854535 91.83921813065159 89.13178171929317 74.58339266113131 78.79167686843344
0.9278936286195654 3303.5042237864877 0.17857142857142855 1.1104327544326453 4184.322284765983 0.08928571428571427 swap_t 100 2009.3157489299774 80.90689997323247 83.01790905487505 66.74599006854535 91.83921813065159 89.27046390210025 74.58339266113131 78.79167686843344
0.9278936286195654 3303.5042237864877 0.17857142857142855 1.2160095630553713 4915.730087175091 0.10714285714285714 f_swap_t 100 2012.3256442546844 80.90689997323247 83.01790905487505 66.74599006854535 92.09082594934507 89.27046390210025 74.58339266113131 78.79167686843344
0.9278936286195654 3303.5042237864877 0.17857142857142855 1.2021914697226566 4599.3399883812035 0.03571428571428571 t_swap_r_k 100 2014.0789320468903 80.90689997323247 83.01790905487505 66.74599006854535 92.09082594934507 89.27046390210025 74.87755873452 78.79167686843344
0.9278936286195654 3303.5042237864877 0.17857142857142855 1.1764928107618724 4549.251983273054 0.07142857142857142 move_t 100 2015.5199823379517 80.90689997323247 83.1877299643263 66.74599006854535 92.09082594934507 89.27046390210025 74.87755873452 78.79167686843344
0.9278936286195654 3303.5042237864877 0.17857142857142855 1.1764928107618724 4549.251983273054 0.07142857142857142 move_t 100 2016.6960804462433 80.90689997323247 83.35585266468303 66.74599006854535 92.09082594934507 89.27046390210025 74.87755873452 78.79167686843344
0.9278936286195654 3303.5042237864877 0.17857142857142855 1.1496004734324463 4605.602539711941 0.14285714285714285 t_move_k 100 2017.6653141975403 81.21783097350014 83.35585266468303 66.74599006854535 92.09082594934507 89.27046390210025 74.87755873452 78.79167686843344
0.9278936286195654 3303.5042237864877 0.17857142857142855 1.132976752693907 4442.386227499455 0.125 t_move_k 100 2018.656476020813 81.58565266376515 83.35585266468303 66.74599006854535 92.09082594934507 89.27046390210025 74.87755873452 78.79167686843344
0.9278936286195654 3303.5042237864877 0.17857142857142855 1.11835831110534 4520.105179925499 0.17857142857142855 f_swap_t 100 2020.0632197856903 81.58565266376515 83.35585266468303 66.74599006854535 92.41991768985163 89.27046390210025 74.87755873452 78.79167686843344
0.9278936286195654 3303.5042237864877 0.17857142857142855 1.0721368343834503 4281.895220761856 0.19642857142857142 t_move_k 100 2022.5997478961945 81.7997961371275 83.35585266468303 66.74599006854535 92.41991768985163 89.27046390210025 74.87755873452 78.79167686843344
0.9278936286195654 3303.5042237864877 0.17857142857142855 1.0721368343834503 4281.895220761856 0.19642857142857142 t_swap_r_k 100 2025.1655485630035 81.7997961371275 83.35585266468303 66.74599006854535 92.41991768985163 89.27046390210025 75.16878314717479 78.79167686843344
0.9278936286195654 3303.5042237864877 0.17857142857142855 1.1176408058786986 4458.490470423654 0.1607142857142857 t_swap_k 100 2027.815467119217 81.7997961371275 83.35585266468303 67.2285301678599 92.41991768985163 89.27046390210025 75.16878314717479 78.79167686843344
0.9278936286195654 3303.5042237864877 0.17857142857142855 1.1524548282250726 4708.32135549934 0.1607142857142857 move_t 100 2028.7292032241821 81.7997961371275 83.7022941380362 67.2285301678599 92.41991768985163 89.27046390210025 75.16878314717479 78.79167686843344
0.9278936286195654 3303.5042237864877 0.17857142857142855 1.1285907622163984 4446.815857824479 0.14285714285714285 move_t 100 2029.9268443584442 81.7997961371275 83.92527119665583 67.2285301678599 92.41991768985163 89.27046390210025 75.16878314717479 78.79167686843344
0.9278936286195654 3303.5042237864877 0.17857142857142855 1.1247416610206553 4446.815857824479 0.14285714285714285 t_swap_r_k 100 2033.1780469417572 81.7997961371275 83.92527119665583 67.2285301678599 92.41991768985163 89.27046390210025 75.48709531570304 78.79167686843344
0.9278936286195654 3303.5042237864877 0.17857142857142855 1.1247416610206553 4446.815857824479 0.14285714285714285 t_swap_r_k 100 2036.5105867385864 81.7997961371275 83.92527119665583 67.2285301678599 92.41991768985163 89.27046390210025 75.77222436254601 78.79167686843344
0.9278936286195654 3303.5042237864877 0.17857142857142855 1.1101081362128937 4467.406850075219 0.17857142857142855 f_swap_t 100 2040.784645318985 81.7997961371275 83.92527119665583 67.2285301678599 92.55571851295312 89.27046390210025 75.77222436254601 78.79167686843344
0.9278936286195654 3303.5042237864877 0.17857142857142855 1.1101081362128937 4467.406850075219 0.17857142857142855 swap_t 100 2042.6652204990387 81.7997961371275 83.92527119665583 67.2285301678599 92.55571851295312 89.37775926307924 75.77222436254601 78.79167686843344
0.9278936286195654 3303.5042237864877 0.17857142857142855 1.0968934354602817 4382.997408067936 0.17857142857142855 move_t 100 2044.5476124286652 81.7997961371275 84.17601848468927 67.2285301678599 92.55571851295312 89.37775926307924 75.77222436254601 78.79167686843344
0.9278936286195654 3303.5042237864877 0.17857142857142855 1.1594925453079499 4619.2929646746625 0.125 move_t 100 2046.5139498710632 81.7997961371275 84.43425829984237 67.2285301678599 92.55571851295312 89.37775926307924 75.77222436254601 78.79167686843344
0.9278936286195654 3303.5042237864877 0.17857142857142855 1.0912272381756811 4346.804340964105 0.17857142857142855 t_multiswap_k 100 2048.7114214897156 81.7997961371275 84.43425829984237 67.2285301678599 92.55571851295312 89.37775926307924 75.77222436254601 79.0637600997491
0.9278936286195654 3303.5042237864877 0.17857142857142855 1.083796563503078 4418.692622614954 0.17857142857142855 swap_t 100 2050.303469657898 81.7997961371275 84.43425829984237 67.2285301678599 92.55571851295312 89.51398167044844 75.77222436254601 79.0637600997491
0.9278936286195654 3303.5042237864877 0.17857142857142855 1.1445952265024424 4744.726166540189 0.1964285714285714 f_swap_t 100 2053.8159148693085 81.7997961371275 84.43425829984237 67.2285301678599 92.82016132782358 89.51398167044844 75.77222436254601 79.0637600997491
0.9278936286195654 3303.5042237864877 0.17857142857142855 1.1351218585790757 4615.219352235996 0.17857142857142855 move_t 100 2055.4682309627533 81.7997961371275 84.74991571684394 67.2285301678599 92.82016132782358 89.51398167044844 75.77222436254601 79.0637600997491
0.9278936286195654 3303.5042237864877 0.17857142857142855 1.1195851645563604 4584.973372060973 0.1964285714285714 t_swap_k 100 2058.435052394867 81.7997961371275 84.74991571684394 67.8362448661813 92.82016132782358 89.51398167044844 75.77222436254601 79.0637600997491
0.9278936286195654 3303.5042237864877 0.17857142857142855 1.1399670221757117 4601.100090954963 0.1607142857142857 t_move_k 100 2060.1246230602264 82.26179817575623 84.74991571684394 67.8362448661813 92.82016132782358 89.51398167044844 75.77222436254601 79.0637600997491
0.9278936286195654 3303.5042237864877 0.17857142857142855 1.0359585102491673 4278.931156358492 0.26785714285714285 t_move_k 100 2061.5449731349945 82.91918019399867 84.74991571684394 67.8362448661813 92.82016132782358 89.51398167044844 75.77222436254601 79.0637600997491
0.9278936286195654 3303.5042237864877 0.17857142857142855 1.089362946940689 4220.832873394436 0.14285714285714285 t_swap_k 100 2062.7800521850586 82.91918019399867 84.74991571684394 68.34788241751949 92.82016132782358 89.51398167044844 75.77222436254601 79.0637600997491
0.9278936286195654 3303.5042237864877 0.17857142857142855 1.063565270043831 4227.144002661531 0.1964285714285714 t_swap_k 100 2066.2099640369415 82.91918019399867 84.74991571684394 69.00440359334429 92.82016132782358 89.51398167044844 75.77222436254601 79.0637600997491
0.9278936286195654 3303.5042237864877 0.17857142857142855 1.0127397930854425 4130.620650006122 0.26785714285714285 f_swap_t 100 2069.0673336982727 82.91918019399867 84.74991571684394 69.00440359334429 93.07195971454534 89.51398167044844 75.77222436254601 79.0637600997491
0.9278936286195654 3303.5042237864877 0.17857142857142855 1.1646869133651538 4873.062638838385 0.19642857142857142 t_swap_k 100 2070.4862825870514 82.91918019399867 84.74991571684394 69.56435955741085 93.07195971454534 89.51398167044844 75.77222436254601 79.0637600997491
0.9278936286195654 3303.5042237864877 0.17857142857142855 1.1686903495168428 4799.364702354678 0.10714285714285714 swap_t 100 2071.3696715831757 82.91918019399867 84.74991571684394 69.56435955741085 93.07195971454534 89.65884185374397 75.77222436254601 79.0637600997491
0.9278936286195654 3303.5042237864877 0.17857142857142855 1.0887970288186857 4331.281279214537 0.17857142857142855 t_multiswap_k 100 2072.674747467041 82.91918019399867 84.74991571684394 69.56435955741085 93.07195971454534 89.65884185374397 75.77222436254601 79.54312249875161
0.9278936286195654 3303.5042237864877 0.17857142857142855 1.099443832944448 4171.161714418726 0.10714285714285712 f_swap_t 100 2074.0757372379303 82.91918019399867 84.74991571684394 69.56435955741085 93.33124011739989 89.65884185374397 75.77222436254601 79.54312249875161
0.9278936286195654 3303.5042237864877 0.17857142857142855 1.1004080882393996 4234.352550082731 0.125 move_t 100 2076.2047188282013 82.91918019399867 85.00241655967551 69.56435955741085 93.33124011739989 89.65884185374397 75.77222436254601 79.54312249875161
0.9278936286195654 3303.5042237864877 0.17857142857142855 1.083007041912338 4220.169740892471 0.14285714285714285 move_t 100 2077.5949172973633 82.91918019399867 85.33239239407875 69.56435955741085 93.33124011739989 89.65884185374397 75.77222436254601 79.54312249875161
0.9278936286195654 3303.5042237864877 0.17857142857142855 1.1572834235972005 4654.677698394477 0.14285714285714285 f_swap_t 100 2083.0155317783356 82.91918019399867 85.33239239407875 69.56435955741085 93.70792771622588 89.65884185374397 75.77222436254601 79.54312249875161
0.9278936286195654 3303.5042237864877 0.17857142857142855 1.1585288812955097 4548.569879435304 0.10714285714285712 move_t 100 2085.31684923172 82.91918019399867 85.76906847013797 69.56435955741085 93.70792771622588 89.65884185374397 75.77222436254601 79.54312249875161
0.9278936286195654 3303.5042237864877 0.17857142857142855 1.0814934958052438 4227.598047622367 0.1607142857142857 t_move_k 100 2087.7061648368835 83.43998839205868 85.76906847013797 69.56435955741085 93.70792771622588 89.65884185374397 75.77222436254601 79.54312249875161
0.9278936286195654 3303.5042237864877 0.17857142857142855 1.0868464465534922 4090.695393166573 0.10714285714285714 t_swap_r_k 100 2089.4257848262787 83.43998839205868 85.76906847013797 69.56435955741085 93.70792771622588 89.65884185374397 76.05450211892055 79.54312249875161
0.9278936286195654 3303.5042237864877 0.17857142857142855 1.045598628813153 3998.3181153371675 0.1607142857142857 t_swap_k 100 2090.7645275592804 83.43998839205868 85.76906847013797 69.99871596183675 93.70792771622588 89.65884185374397 76.05450211892055 79.54312249875161
0.9278936286195654 3303.5042237864877 0.17857142857142855 1.026642091098764 3934.264070187004 0.17857142857142855 t_move_k 100 2093.796865940094 83.6055885081381 85.76906847013797 69.99871596183675 93.70792771622588 89.65884185374397 76.05450211892055 79.54312249875161
0.9278936286195654 3303.5042237864877 0.17857142857142855 1.0471075634873128 4064.9881128325733 0.17857142857142855 t_move_k 100 2097.4356751441956 83.98953262305672 85.76906847013797 69.99871596183675 93.70792771622588 89.65884185374397 76.05450211892055 79.54312249875161
0.9278936286195654 3303.5042237864877 0.17857142857142855 1.1098407008248827 4351.635364596186 0.14285714285714285 f_swap_t 100 2100.2115454673767 83.98953262305672 85.76906847013797 69.99871596183675 94.00084843906362 89.65884185374397 76.05450211892055 79.54312249875161
0.9278936286195654 3303.5042237864877 0.17857142857142855 1.0790574758972744 4212.037870740594 0.16071428571428573 t_move_k 100 2101.1567034721375 84.33963729682615 85.76906847013797 69.99871596183675 94.00084843906362 89.65884185374397 76.05450211892055 79.54312249875161
0.9278936286195654 3303.5042237864877 0.17857142857142855 1.0560977020024387 4008.3497596229568 0.14285714285714285 t_swap_r_k 100 2103.2647383213043 84.33963729682615 85.76906847013797 69.99871596183675 94.00084843906362 89.65884185374397 76.33395709773134 79.54312249875161
0.9278936286195654 3303.5042237864877 0.17857142857142855 1.0560977020024387 4008.3497596229568 0.14285714285714285 t_swap_r_k 100 2104.94358420372 84.33963729682615 85.76906847013797 69.99871596183675 94.00084843906362 89.65884185374397 76.61061752675403 79.54312249875161
0.9278936286195654 3303.5042237864877 0.17857142857142855 1.073847439948963 4398.575356030737 0.14285714285714285 swap_t 100 2105.869535446167 84.33963729682615 85.76906847013797 69.99871596183675 94.00084843906362 89.80225343520652 76.61061752675403 79.54312249875161
0.9278936286195654 3303.5042237864877 0.17857142857142855 1.0918242800011762 4293.586354569382 0.16071428571428573 t_move_k 100 2107.777499437332 84.64624092385789 85.76906847013797 69.99871596183675 94.00084843906362 89.80225343520652 76.61061752675403 79.54312249875161
0.9278936286195654 3303.5042237864877 0.17857142857142855 1.081318268255311 4055.38392798837 0.10714285714285715 t_swap_r_k 100 2111.044803380966 84.64624092385789 85.76906847013797 69.99871596183675 94.00084843906362 89.80225343520652 76.91451135148648 79.54312249875161
0.9278936286195654 3303.5042237864877 0.17857142857142855 1.0790038071497319 4040.6002129329313 0.10714285714285714 swap_t 100 2111.655032634735 84.64624092385789 85.76906847013797 69.99871596183675 94.00084843906362 89.93423090085446 76.91451135148648 79.54312249875161
0.9278936286195654 3303.5042237864877 0.17857142857142855 1.0617022444421709 4215.243850367099 0.19642857142857142 swap_t 100 2112.7109203338623 84.64624092385789 85.76906847013797 69.99871596183675 94.00084843906362 90.12488859184592 76.91451135148648 79.54312249875161
0.9278936286195654 3303.5042237864877 0.17857142857142855 1.107919117674408 4225.297942571102 0.10714285714285714 t_multiswap_k 100 2114.872857570648 84.64624092385789 85.76906847013797 69.99871596183675 94.00084843906362 90.12488859184592 76.91451135148648 79.7876912737641
0.9278936286195654 3303.5042237864877 0.17857142857142855 1.102745034918908 4192.248277166841 0.10714285714285714 t_swap_r_k 100 2118.6470642089844 84.64624092385789 85.76906847013797 69.99871596183675 94.00084843906362 90.12488859184592 77.18536623797162 79.7876912737641
0.9278936286195654 3303.5042237864877 0.17857142857142855 1.0950391208807446 4314.121282288645 0.1607142857142857 t_move_k 100 2121.3143541812897 84.88977851461931 85.76906847013797 69.99871596183675 94.00084843906362 90.12488859184592 77.18536623797162 79.7876912737641
0.9278936286195654 3303.5042237864877 0.17857142857142855 1.1219918077333362 4429.251057385194 0.14285714285714285 t_swap_k 100 2123.7522971630096 84.88977851461931 85.76906847013797 70.42872880221839 94.00084843906362 90.12488859184592 77.18536623797162 79.7876912737641
0.9278936286195654 3303.5042237864877 0.17857142857142855 1.0883787566025473 4271.5779328165245 0.1607142857142857 t_multiswap_k 100 2126.860129594803 84.88977851461931 85.76906847013797 70.42872880221839 94.00084843906362 90.12488859184592 77.18536623797162 80.10981436102645
0.9278936286195654 3303.5042237864877 0.17857142857142855 1.0825596415212722 4295.649980793861 0.16071428571428573 swap_t 100 2127.686536550522 84.88977851461931 85.76906847013797 70.42872880221839 94.00084843906362 90.28363970592746 77.18536623797162 80.10981436102645
0.9278936286195654 3303.5042237864877 0.17857142857142855 1.0737070230881218 4177.861634398837 0.16071428571428573 t_move_k 100 2128.8817086219788 85.20088072947311 85.76906847013797 70.42872880221839 94.00084843906362 90.28363970592746 77.18536623797162 80.10981436102645
0.9278936286195654 3303.5042237864877 0.17857142857142855 1.1293418947648046 4476.200039177959 0.14285714285714285 t_move_k 100 2130.906656265259 85.68887192217838 85.76906847013797 70.42872880221839 94.00084843906362 90.28363970592746 77.18536623797162 80.10981436102645
0.9278936286195654 3303.5042237864877 0.17857142857142855 1.1081703162440757 4226.902483717785 0.10714285714285712 t_multiswap_k 100 2133.6798174381256 85.68887192217838 85.76906847013797 70.42872880221839 94.00084843906362 90.28363970592746 77.18536623797162 80.49871621741619
0.9278936286195654 3303.5042237864877 0.17857142857142855 1.1023237889151067 4189.557551073656 0.10714285714285714 t_multiswap_k 100 2136.163141965866 85.68887192217838 85.76906847013797 70.42872880221839 94.00084843906362 90.28363970592746 77.18536623797162 80.73372905524202
0.9278936286195654 3303.5042237864877 0.17857142857142855 1.1198469682368535 4263.878446327823 0.08928571428571427 move_t 100 2139.1605672836304 85.68887192217838 86.18137778543658 70.42872880221839 94.00084843906362 90.28363970592746 77.18536623797162 80.73372905524202
0.9278936286195654 3303.5042237864877 0.17857142857142855 1.0897764035381248 4052.3789978498176 0.08928571428571427 t_swap_r_k 100 2141.41007065773 85.68887192217838 86.18137778543658 70.42872880221839 94.00084843906362 90.28363970592746 77.4535125755919 80.73372905524202
0.9278936286195654 3303.5042237864877 0.17857142857142855 1.1346028259358685 4167.614759420256 0.03571428571428571 t_move_k 100 2142.6094059944153 86.0819832029566 86.18137778543658 70.42872880221839 94.00084843906362 90.28363970592746 77.4535125755919 80.73372905524202
0.9278936286195654 3303.5042237864877 0.17857142857142855 1.1225744425846902 4090.7829683770897 0.03571428571428571 t_swap_r_k 100 2144.552072763443 86.0819832029566 86.18137778543658 70.42872880221839 94.00084843906362 90.28363970592746 77.71897744983598 80.73372905524202
0.9278936286195654 3303.5042237864877 0.17857142857142855 1.115137475486419 4043.279036601144 0.03571428571428571 move_t 100 2146.5360264778137 86.0819832029566 86.31956400758222 70.42872880221839 94.00084843906362 90.28363970592746 77.71897744983598 80.73372905524202
0.9278936286195654 3303.5042237864877 0.17857142857142855 1.0921795689323632 3953.6660841897 0.05357142857142857 t_multiswap_k 100 2147.817414999008 86.0819832029566 86.31956400758222 70.42872880221839 94.00084843906362 90.28363970592746 77.71897744983598 80.9563917646896
0.9278936286195654 3303.5042237864877 0.17857142857142855 1.0825730555556305 3892.304086748688 0.05357142857142857 t_move_k 100 2149.8534202575684 86.36116337092703 86.31956400758222 70.42872880221839 94.00084843906362 90.28363970592746 77.71897744983598 80.9563917646896
0.9278936286195654 3303.5042237864877 0.17857142857142855 1.0783868836922232 3808.5331271130053 0.03571428571428571 swap_t 100 2150.93781709671 86.36116337092703 86.31956400758222 70.42872880221839 94.00084843906362 90.38080330886818 77.71897744983598 80.9563917646896
0.9278936286195654 3303.5042237864877 0.17857142857142855 1.1364801053569864 4293.66918956048 0.07142857142857142 t_move_k 100 2153.6329860687256 86.71755173721776 86.31956400758222 70.42872880221839 94.00084843906362 90.38080330886818 77.71897744983598 80.9563917646896
0.9278936286195654 3303.5042237864877 0.17857142857142855 1.1290618895280882 4246.686464659917 0.05357142857142857 swap_t 100 2154.847718477249 86.71755173721776 86.31956400758222 70.42872880221839 94.00084843906362 90.5369952757795 77.71897744983598 80.9563917646896
0.9278936286195654 3303.5042237864877 0.17857142857142855 1.1006093042829994 4121.574594807578 0.08928571428571427 t_swap_k 100 2156.6762688159943 86.71755173721776 86.31956400758222 70.7544415141962 94.00084843906362 90.5369952757795 77.71897744983598 80.9563917646896
0.9278936286195654 3303.5042237864877 0.17857142857142855 1.0799920073565397 4046.9123822063552 0.10714285714285714 swap_t 100 2157.5501222610474 86.71755173721776 86.31956400758222 70.7544415141962 94.00084843906362 90.63162532302171 77.71897744983598 80.9563917646896
0.9278936286195654 3303.5042237864877 0.17857142857142855 1.0799920073565397 4046.9123822063552 0.10714285714285714 t_move_k 100 2158.737279176712 86.85037621984559 86.31956400758222 70.7544415141962 94.00084843906362 90.63162532302171 77.71897744983598 80.9563917646896
0.9278936286195654 3303.5042237864877 0.17857142857142855 1.0799920073565397 4046.9123822063552 0.10714285714285714 t_swap_r_k 100 2160.9308335781097 86.85037621984559 86.31956400758222 70.7544415141962 94.00084843906362 90.63162532302171 77.98178767533761 80.9563917646896
0.9278936286195654 3303.5042237864877 0.17857142857142855 1.0630918757206498 3995.9937150625524 0.12499999999999999 move_t 100 2162.83718252182 86.85037621984559 86.51636836750639 70.7544415141962 94.00084843906362 90.63162532302171 77.98178767533761 80.9563917646896
0.9278936286195654 3303.5042237864877 0.17857142857142855 1.06199466948793 3988.9852653364037 0.125 t_move_k 100 2165.8467211723328 86.98187245764713 86.51636836750639 70.7544415141962 94.00084843906362 90.63162532302171 77.98178767533761 80.9563917646896
0.9278936286195654 3303.5042237864877 0.17857142857142855 1.1107266731272134 4243.231317954494 0.10714285714285712 move_t 100 2167.1092166900635 86.98187245764713 86.78120468383132 70.7544415141962 94.00084843906362 90.63162532302171 77.98178767533761 80.9563917646896
0.9278936286195654 3303.5042237864877 0.17857142857142855 1.094458766125458 4082.2877805511175 0.08928571428571427 t_multiswap_k 100 2168.2422466278076 86.98187245764713 86.78120468383132 70.7544415141962 94.00084843906362 90.63162532302171 77.98178767533761 81.1768278470427
0.9278936286195654 3303.5042237864877 0.17857142857142855 1.0667504825956646 4019.3632162434988 0.125 t_swap_r_k 100 2169.9894168376923 86.98187245764713 86.78120468383132 70.7544415141962 94.00084843906362 90.63162532302171 78.24196979858424 81.1768278470427
0.9278936286195654 3303.5042237864877 0.17857142857142855 1.0559747212456174 4007.5642150044864 0.14285714285714285 t_multiswap_k 100 2171.3741657733917 86.98187245764713 86.78120468383132 70.7544415141962 94.00084843906362 90.63162532302171 78.24196979858424 81.36505956857228
0.9278936286195654 3303.5042237864877 0.17857142857142855 1.0559747212456174 4007.5642150044864 0.14285714285714285 t_move_k 100 2172.3435735702515 87.11205373307065 86.78120468383132 70.7544415141962 94.00084843906362 90.63162532302171 78.24196979858424 81.36505956857228
0.9278936286195654 3303.5042237864877 0.17857142857142855 1.0559747212456174 4007.5642150044864 0.14285714285714285 swap_t 100 2173.910719871521 87.11205373307065 86.78120468383132 70.7544415141962 94.00084843906362 90.72530906979149 78.24196979858424 81.36505956857228
0.9278936286195654 3303.5042237864877 0.17857142857142855 1.0559747212456174 4007.5642150044864 0.14285714285714285 t_swap_r_k 100 2175.253666639328 87.11205373307065 86.78120468383132 70.7544415141962 94.00084843906362 90.72530906979149 78.4995501005984 81.36505956857228
0.9278936286195654 3303.5042237864877 0.17857142857142855 1.0543776585802613 4054.3945273482746 0.1607142857142857 swap_t 100 2175.8945870399475 87.11205373307065 86.78120468383132 70.7544415141962 94.00084843906362 90.84805597909357 78.4995501005984 81.36505956857228
0.9278936286195654 3303.5042237864877 0.17857142857142855 1.0469548572625818 4064.0126955710025 0.17857142857142855 swap_t 100 2176.564659833908 87.11205373307065 86.78120468383132 70.7544415141962 94.00084843906362 90.96957541930264 78.4995501005984 81.36505956857228
0.9278936286195654 3303.5042237864877 0.17857142857142855 1.0407145698148037 3967.120988553966 0.1607142857142857 t_swap_r_k 100 2177.9642674922943 87.11205373307065 86.78120468383132 70.7544415141962 94.00084843906362 90.96957541930264 78.75455459959241 81.36505956857228
0.9278936286195654 3303.5042237864877 0.17857142857142855 1.0349988708720215 3930.6117275821266 0.1607142857142857 t_move_k 100 2180.023279428482 87.24093319573994 86.78120468383132 70.7544415141962 94.00084843906362 90.96957541930264 78.75455459959241 81.36505956857228
0.9278936286195654 3303.5042237864877 0.17857142857142855 1.0349988708720215 3930.6117275821266 0.1607142857142857 move_t 100 2180.939987182617 87.24093319573994 86.91339263699301 70.7544415141962 94.00084843906362 90.96957541930264 78.75455459959241 81.36505956857228
0.9278936286195654 3303.5042237864877 0.17857142857142855 1.1162318255798882 4221.364089106693 0.08928571428571427 t_multiswap_k 100 2182.5597808361053 87.24093319573994 86.91339263699301 70.7544415141962 94.00084843906362 90.96957541930264 78.75455459959241 81.63140897288656
0.9278936286195654 3303.5042237864877 0.17857142857142855 1.1162318255798882 4221.364089106693 0.08928571428571427 move_t 100 2183.2837619781494 87.24093319573994 87.04425871062308 70.7544415141962 94.00084843906362 90.96957541930264 78.75455459959241 81.63140897288656
0.9278936286195654 3303.5042237864877 0.17857142857142855 1.110379807680817 4241.015700716538 0.10714285714285714 swap_t 100 2183.985766887665 87.24093319573994 87.04425871062308 70.7544415141962 94.00084843906362 91.08987966510962 78.75455459959241 81.63140897288656
0.9278936286195654 3303.5042237864877 0.17857142857142855 1.163675884387588 4638.4781878762005 0.125 f_swap_t 100 2185.5886421203613 87.24093319573994 87.04425871062308 70.7544415141962 94.37083995467299 91.08987966510962 78.75455459959241 81.63140897288656
0.9278936286195654 3303.5042237864877 0.17857142857142855 1.138541858948695 4420.901956016889 0.10714285714285714 t_move_k 100 2186.4900648593903 87.61852386378254 87.04425871062308 70.7544415141962 94.37083995467299 91.08987966510962 78.75455459959241 81.63140897288656
0.9278936286195654 3303.5042237864877 0.17857142857142855 1.1107839577458116 4243.597225800764 0.10714285714285714 move_t 100 2187.3803074359894 87.61852386378254 87.17381612351686 70.7544415141962 94.37083995467299 91.08987966510962 78.75455459959241 81.63140897288656
0.9278936286195654 3303.5042237864877 0.17857142857142855 1.1660592271549906 4653.701887366238 0.125 t_move_k 100 2189.859508037567 87.90233862514472 87.17381612351686 70.7544415141962 94.37083995467299 91.08987966510962 78.75455459959241 81.63140897288656
0.9278936286195654 3303.5042237864877 0.17857142857142855 1.154535469987867 4518.483728502269 0.10714285714285714 swap_t 100 2192.183255672455 87.90233862514472 87.17381612351686 70.7544415141962 94.37083995467299 91.33898086845852 78.75455459959241 81.63140897288656
0.9278936286195654 3303.5042237864877 0.17857142857142855 1.1463754786524534 4642.034369033323 0.1607142857142857 f_swap_t 100 2193.9168195724487 87.90233862514472 87.17381612351686 70.7544415141962 94.48713155512625 91.33898086845852 78.75455459959241 81.63140897288656
0.9278936286195654 3303.5042237864877 0.17857142857142855 1.1297336325274911 4478.702280173087 0.14285714285714285 t_multiswap_k 100 2195.4855642318726 87.90233862514472 87.17381612351686 70.7544415141962 94.48713155512625 91.33898086845852 78.75455459959241 82.10509488315769
0.9278936286195654 3303.5042237864877 0.17857142857142855 1.1239580623167127 4156.652511549766 0.05357142857142857 t_multiswap_k 100 2196.95441031456 87.90233862514472 87.17381612351686 70.7544415141962 94.48713155512625 91.33898086845852 78.75455459959241 82.2840439343261
0.9278936286195654 3303.5042237864877 0.17857142857142855 1.1171385458337375 4113.092570854655 0.05357142857142857 t_swap_r_k 100 2198.4460594654083 87.90233862514472 87.17381612351686 70.7544415141962 94.48713155512625 91.33898086845852 79.00700905359649 82.2840439343261
0.9278936286195654 3303.5042237864877 0.17857142857142855 1.142911616704687 4562.877193551892 0.14285714285714285 t_move_k 100 2200.2883627414703 88.24331523889327 87.17381612351686 70.7544415141962 94.48713155512625 91.33898086845852 79.00700905359649 82.2840439343261
0.9278936286195654 3303.5042237864877 0.17857142857142855 1.1345548921181925 4452.466657673956 0.125 f_swap_t 100 2202.203407764435 88.24331523889327 87.17381612351686 70.7544415141962 94.612260239575 91.33898086845852 79.00700905359649 82.2840439343261
0.9278936286195654 3303.5042237864877 0.17857142857142855 1.1274812582187015 4464.315147073695 0.14285714285714285 t_multiswap_k 100 2204.1130216121674 88.24331523889327 87.17381612351686 70.7544415141962 94.612260239575 91.33898086845852 79.00700905359649 82.52120349498284
0.9278936286195654 3303.5042237864877 0.17857142857142855 1.1347305723059464 4510.620437560045 0.14285714285714285 t_swap_k 100 2205.2556567192078 88.24331523889327 87.17381612351686 71.27689709905424 94.612260239575 91.33898086845852 79.00700905359649 82.52120349498284
0.9278936286195654 3303.5042237864877 0.17857142857142855 1.146510223717852 4585.863443159147 0.14285714285714285 move_t 100 2206.5980308055878 88.24331523889327 87.50207796228169 71.27689709905424 94.612260239575 91.33898086845852 79.00700905359649 82.52120349498284
0.9278936286195654 3303.5042237864877 0.17857142857142855 1.1082583614143133 4341.528106837367 0.14285714285714285 t_swap_r_k 100 2208.607365846634 88.24331523889327 87.50207796228169 71.27689709905424 94.612260239575 91.33898086845852 79.28693896306052 82.52120349498284
0.9278936286195654 3303.5042237864877 0.17857142857142855 1.2104446428139897 4739.4378571669295 0.05357142857142857 swap_t 100 2210.211783885956 88.24331523889327 87.50207796228169 71.27689709905424 94.612260239575 91.63559105977393 79.28693896306052 82.52120349498284
0.9278936286195654 3303.5042237864877 0.17857142857142855 1.1528900534022677 4455.520019943895 0.08928571428571427 move_t 100 2211.636850833893 88.24331523889327 87.65705718265887 71.27689709905424 94.612260239575 91.63559105977393 79.28693896306052 82.52120349498284
0.9278936286195654 3303.5042237864877 0.17857142857142855 1.1429955224709076 4449.349914077827 0.10714285714285714 t_multiswap_k 100 2213.548283815384 88.24331523889327 87.65705718265887 71.27689709905424 94.612260239575 91.63559105977393 79.28693896306052 82.75599146003302
0.9278936286195654 3303.5042237864877 0.17857142857142855 1.1385757174677222 4444.225522483556 0.125 move_t 100 2214.803691148758 88.24331523889327 87.90048661083229 71.27689709905424 94.612260239575 91.63559105977393 79.28693896306052 82.75599146003302
0.9278936286195654 3303.5042237864877 0.17857142857142855 1.1548867891344616 4582.337482161118 0.12499999999999999 t_swap_k 100 2218.1205048561096 88.24331523889327 87.90048661083229 71.6641281280637 94.612260239575 91.63559105977393 79.28693896306052 82.75599146003302
0.9278936286195654 3303.5042237864877 0.17857142857142855 1.224863320065797 4827.3794140095515 0.05357142857142857 move_t 100 2219.329938650131 88.24331523889327 88.27148174472397 71.6641281280637 94.612260239575 91.63559105977393 79.28693896306052 82.75599146003302
0.9278936286195654 3303.5042237864877 0.17857142857142855 1.1918062318234508 4533.003856175442 0.03571428571428571 move_t 100 2220.8042664527893 88.24331523889327 88.38876692727673 71.6641281280637 94.612260239575 91.63559105977393 79.28693896306052 82.75599146003302
0.9278936286195654 3303.5042237864877 0.17857142857142855 1.1804938178391249 4460.745348771587 0.03571428571428571 t_swap_r_k 100 2223.484772205353 88.24331523889327 88.38876692727673 71.6641281280637 94.612260239575 91.63559105977393 79.53406957342992 82.75599146003302
0.9278936286195654 3303.5042237864877 0.17857142857142855 1.1860121041112412 4724.120090209407 0.10714285714285714 move_t 100 2225.1639420986176 88.24331523889327 88.61487925800397 71.6641281280637 94.612260239575 91.63559105977393 79.53406957342992 82.75599146003302
0.9278936286195654 3303.5042237864877 0.17857142857142855 1.1812758143525879 4693.866845493766 0.10714285714285714 t_move_k 100 2226.3324103355408 88.64088208650435 88.61487925800397 71.6641281280637 94.612260239575 91.63559105977393 79.53406957342992 82.75599146003302
0.9278936286195654 3303.5042237864877 0.17857142857142855 1.1482471164518915 4425.863070112566 0.08928571428571427 f_swap_t 100 2227.3613555431366 88.64088208650435 88.61487925800397 71.6641281280637 94.78613763717924 91.63559105977393 79.53406957342992 82.75599146003302
0.9278936286195654 3303.5042237864877 0.17857142857142855 1.17964447855488 4683.4466213064115 0.10714285714285714 t_move_k 100 2229.2735748291016 88.9444732656393 88.61487925800397 71.6641281280637 94.78613763717924 91.63559105977393 79.53406957342992 82.75599146003302
0.9278936286195654 3303.5042237864877 0.17857142857142855 1.1712172782189474 4515.554303198723 0.07142857142857142 t_swap_r_k 100 2233.0611572265625 88.9444732656393 88.61487925800397 71.6641281280637 94.78613763717924 91.63559105977393 79.77872887769561 82.75599146003302
0.9278936286195654 3303.5042237864877 0.17857142857142855 1.1712172782189474 4515.554303198723 0.07142857142857142 t_swap_r_k 100 2234.664078474045 88.9444732656393 88.61487925800397 71.6641281280637 94.78613763717924 91.63559105977393 80.02094158891866 82.75599146003302
0.9278936286195654 3303.5042237864877 0.17857142857142855 1.140406738444653 4318.750719146517 0.07142857142857142 t_multiswap_k 100 2236.39638876915 88.9444732656393 88.61487925800397 71.6641281280637 94.78613763717924 91.63559105977393 80.02094158891866 82.98843154543269
0.9278936286195654 3303.5042237864877 0.17857142857142855 1.1266444796751953 4230.843727892088 0.07142857142857142 t_swap_k 100 2238.2769935131073 88.9444732656393 88.61487925800397 72.13748684678306 94.78613763717924 91.63559105977393 80.02094158891866 82.98843154543269
0.9278936286195654 3303.5042237864877 0.17857142857142855 1.1131523515069264 4201.693822405934 0.08928571428571427 f_swap_t 100 2240.24600148201 88.9444732656393 88.61487925800397 72.13748684678306 94.89827626080745 91.63559105977393 80.02094158891866 82.98843154543269
0.9278936286195654 3303.5042237864877 0.17857142857142855 1.145088450118182 4462.718575099767 0.10714285714285714 f_swap_t 100 2242.1958866119385 88.9444732656393 88.61487925800397 72.13748684678306 95.05929349819938 91.63559105977393 80.02094158891866 82.98843154543269
0.9278936286195654 3303.5042237864877 0.17857142857142855 1.0938980494685593 4192.769410942498 0.125 t_swap_k 100 2243.557497739792 88.9444732656393 88.61487925800397 72.44611197831523 95.05929349819938 91.63559105977393 80.02094158891866 82.98843154543269
0.9278936286195654 3303.5042237864877 0.17857142857142855 1.0938980494685593 4192.769410942498 0.125 swap_t 100 2244.209196805954 88.9444732656393 88.61487925800397 72.44611197831523 95.05929349819938 91.71923514917619 80.02094158891866 82.98843154543269
0.9278936286195654 3303.5042237864877 0.17857142857142855 1.111755192325702 4192.769410942498 0.08928571428571427 t_swap_r_k 100 2246.5239012241364 88.9444732656393 88.61487925800397 72.44611197831523 95.05929349819938 91.71923514917619 80.26073217302947 82.98843154543269
0.9278936286195654 3303.5042237864877 0.17857142857142855 1.0978618620386196 4218.088425994285 0.125 t_move_k 100 2247.9200603961945 89.21502853298291 88.61487925800397 72.44611197831523 95.05929349819938 91.71923514917619 80.26073217302947 82.98843154543269
0.9278936286195654 3303.5042237864877 0.17857142857142855 1.0978618620386196 4218.088425994285 0.125 t_swap_r_k 100 2249.4934537410736 89.21502853298291 88.61487925800397 72.44611197831523 95.05929349819938 91.71923514917619 80.49812485129917 82.98843154543269
0.9278936286195654 3303.5042237864877 0.17857142857142855 1.0978618620386196 4218.088425994285 0.125 swap_t 100 2250.7890188694 89.21502853298291 88.61487925800397 72.44611197831523 95.05929349819938 91.80204279768442 80.49812485129917 82.98843154543269
0.9278936286195654 3303.5042237864877 0.17857142857142855 1.0978618620386196 4218.088425994285 0.125 swap_t 100 2251.5065846443176 89.21502853298291 88.61487925800397 72.44611197831523 95.05929349819938 91.88402236970758 80.49812485129917 82.98843154543269
0.9278936286195654 3303.5042237864877 0.17857142857142855 1.1412792698863534 4419.921506186647 0.08928571428571427 move_t 100 2252.6458134651184 89.21502853298291 88.86873046542392 72.44611197831523 95.05929349819938 91.88402236970758 80.49812485129917 82.98843154543269
0.9278936286195654 3303.5042237864877 0.17857142857142855 1.1625768694206782 4536.814825822451 0.08928571428571427 move_t 100 2254.125978708267 89.21502853298291 89.21004316076969 72.44611197831523 95.05929349819938 91.88402236970758 80.49812485129917 82.98843154543269
0.9278936286195654 3303.5042237864877 0.17857142857142855 1.1312821153009376 4374.530046285827 0.10714285714285712 t_multiswap_k 100 2255.0554308891296 89.21502853298291 89.21004316076969 72.44611197831523 95.05929349819938 91.88402236970758 80.49812485129917 83.31854722997836
0.9278936286195654 3303.5042237864877 0.17857142857142855 1.1061387980463826 4099.86284707835 0.07142857142857142 swap_t 100 2256.3038201332092 89.21502853298291 89.21004316076969 72.44611197831523 95.05929349819938 91.9651821460105 80.49812485129917 83.31854722997836
0.9278936286195654 3303.5042237864877 0.17857142857142855 1.0710688723127126 4103.978722831711 0.14285714285714285 t_swap_k 100 2257.2944128513336 89.21502853298291 89.21004316076969 72.75165085853207 95.05929349819938 91.9651821460105 80.49812485129917 83.31854722997836
0.9278936286195654 3303.5042237864877 0.17857142857142855 1.1339572934686635 4344.621924579232 0.125 swap_t 100 2258.9361288547516 89.21502853298291 89.21004316076969 72.75165085853207 95.05929349819938 92.0655303245504 80.49812485129917 83.31854722997836
0.9278936286195654 3303.5042237864877 0.17857142857142855 1.134418808449492 4337.534186678963 0.08928571428571427 t_move_k 100 2262.6683342456818 89.57287824765308 89.21004316076969 72.75165085853207 95.05929349819938 92.0655303245504 80.49812485129917 83.31854722997836
0.9278936286195654 3303.5042237864877 0.17857142857142855 1.1413018975055842 4381.500199787232 0.08928571428571427 t_swap_k 100 2264.926498413086 89.57287824765308 89.21004316076969 73.12413434994676 95.05929349819938 92.0655303245504 80.49812485129917 83.31854722997836
0.9278936286195654 3303.5042237864877 0.17857142857142855 1.118743852019287 4237.409760819333 0.08928571428571427 move_t 100 2266.3667299747467 89.57287824765308 89.31794272916198 73.12413434994676 95.05929349819938 92.0655303245504 80.49812485129917 83.31854722997836
0.9278936286195654 3303.5042237864877 0.17857142857142855 1.118743852019287 4237.409760819333 0.08928571428571427 t_move_k 100 2267.3104910850525 89.67714946517656 89.31794272916198 73.12413434994676 95.05929349819938 92.0655303245504 80.49812485129917 83.31854722997836
0.9278936286195654 3303.5042237864877 0.17857142857142855 1.1544576974817768 4522.565026169265 0.10714285714285714 t_swap_k 100 2269.2302408218384 89.67714946517656 89.31794272916198 73.6428930064473 95.05929349819938 92.0655303245504 80.49812485129917 83.31854722997836
0.9278936286195654 3303.5042237864877 0.17857142857142855 1.1541791270448467 4520.785646099963 0.10714285714285712 swap_t 100 2271.0140726566315 89.67714946517656 89.31794272916198 73.6428930064473 95.05929349819938 92.17487502130489 80.49812485129917 83.31854722997836
0.9278936286195654 3303.5042237864877 0.17857142857142855 1.1541791270448467 4520.785646099963 0.10714285714285712 f_swap_t 100 2274.1088559627533 89.67714946517656 89.31794272916198 73.6428930064473 95.10870056321738 92.17487502130489 80.49812485129917 83.31854722997836
0.9278936286195654 3303.5042237864877 0.17857142857142855 1.1541791270448467 4520.785646099963 0.10714285714285712 t_multiswap_k 100 2274.898889064789 89.67714946517656 89.31794272916198 73.6428930064473 95.10870056321738 92.17487502130489 80.49812485129917 83.48536175767858
0.9278936286195654 3303.5042237864877 0.17857142857142855 1.2291074098380461 4942.36150417067 0.08928571428571427 f_swap_t 100 2277.3037128448486 89.67714946517656 89.31794272916198 73.6428930064473 95.32761355758521 92.17487502130489 80.49812485129917 83.48536175767858
0.9278936286195654 3303.5042237864877 0.17857142857142855 1.1880217980737842 4679.925477167656 0.08928571428571427 f_swap_t 100 2278.569062948227 89.67714946517656 89.31794272916198 73.6428930064473 95.62433742200936 92.17487502130489 80.49812485129917 83.48536175767858
0.9278936286195654 3303.5042237864877 0.17857142857142855 1.1773154807832114 4440.443590720221 0.03571428571428571 t_swap_r_k 100 2281.615805387497 89.67714946517656 89.31794272916198 73.6428930064473 95.62433742200936 92.17487502130489 80.73314360278617 83.48536175767858
0.9278936286195654 3303.5042237864877 0.17857142857142855 1.1677125469383958 4379.10445768586 0.03571428571428571 t_swap_r_k 100 2283.8624081611633 89.67714946517656 89.31794272916198 73.6428930064473 95.62433742200936 92.17487502130489 80.96581216675831 83.48536175767858
0.9278936286195654 3303.5042237864877 0.17857142857142855 1.1609523168320075 4564.049673129154 0.10714285714285714 t_multiswap_k 100 2285.4917783737183 89.67714946517656 89.31794272916198 73.6428930064473 95.62433742200936 92.17487502130489 80.96581216675831 83.78050814010179
0.9278936286195654 3303.5042237864877 0.17857142857142855 1.1888695499744517 4624.2743294194715 0.07142857142857142 move_t 100 2287.263489961624 89.67714946517656 89.49476330187036 73.6428930064473 95.62433742200936 92.17487502130489 80.96581216675831 83.78050814010179
0.9278936286195654 3303.5042237864877 0.17857142857142855 1.168768737060321 4556.9457618110755 0.08928571428571427 f_swap_t 100 2289.8917787075043 89.67714946517656 89.49476330187036 73.6428930064473 95.93809404778926 92.17487502130489 80.96581216675831 83.78050814010179
0.9278936286195654 3303.5042237864877 0.17857142857142855 1.1185395999717018 4350.16832349475 0.12499999999999997 t_move_k 100 2290.8931448459625 89.96037797052479 89.49476330187036 73.6428930064473 95.93809404778926 92.17487502130489 80.96581216675831 83.78050814010179
0.9278936286195654 3303.5042237864877 0.17857142857142855 1.097263827657684 4157.236841409982 0.10714285714285712 t_multiswap_k 100 2291.696149110794 89.96037797052479 89.49476330187036 73.6428930064473 95.93809404778926 92.17487502130489 80.96581216675831 84.13270305870077
0.9278936286195654 3303.5042237864877 0.17857142857142855 1.0875989892056825 4038.4706746678658 0.08928571428571427 swap_t 100 2292.6345133781433 89.96037797052479 89.49476330187036 73.6428930064473 95.93809404778926 92.25312627109183 80.96581216675831 84.13270305870077
0.9278936286195654 3303.5042237864877 0.17857142857142855 1.0614639457681705 3985.5952458510146 0.125 move_t 100 2294.00638794899 89.96037797052479 89.80981566885166 73.6428930064473 95.93809404778926 92.25312627109183 80.96581216675831 84.13270305870077
0.9278936286195654 3303.5042237864877 0.17857142857142855 1.149790457272884 4321.657991793516 0.05357142857142857 f_swap_t 100 2295.314509868622 89.96037797052479 89.80981566885166 73.6428930064473 96.13871310731137 92.25312627109183 80.96581216675831 84.13270305870077
0.9278936286195654 3303.5042237864877 0.17857142857142855 1.1329537825785088 4214.113042966018 0.05357142857142857 f_swap_t 100 2298.524754047394 89.96037797052479 89.80981566885166 73.6428930064473 96.23732597623827 92.25312627109183 80.96581216675831 84.13270305870077
0.9278936286195654 3303.5042237864877 0.17857142857142855 1.1278239534465888 4181.3460493939165 0.05357142857142857 f_swap_t 100 2300.097666978836 89.96037797052479 89.80981566885166 73.6428930064473 96.30495271647588 92.25312627109183 80.96581216675831 84.13270305870077
0.9278936286195654 3303.5042237864877 0.17857142857142855 1.1278239534465888 4181.3460493939165 0.05357142857142857 f_swap_t 100 2301.2129039764404 89.96037797052479 89.80981566885166 73.6428930064473 96.34190318931113 92.25312627109183 80.96581216675831 84.13270305870077
0.9278936286195654 3303.5042237864877 0.17857142857142855 1.1251750695110216 4164.426194822175 0.05357142857142857 t_move_k 100 2302.7113542556763 90.17077419081954 89.80981566885166 73.6428930064473 96.34190318931113 92.25312627109183 80.96581216675831 84.13270305870077
0.9278936286195654 3303.5042237864877 0.17857142857142855 1.1058429319528584 4040.941374799288 0.05357142857142857 t_multiswap_k 100 2304.336037874222 90.17077419081954 89.80981566885166 73.6428930064473 96.34190318931113 92.25312627109183 80.96581216675831 84.48137602811376
0.9278936286195654 3303.5042237864877 0.17857142857142855 1.0743346949765147 3839.68122130843 0.05357142857142857 t_multiswap_k 100 2306.0097818374634 90.17077419081954 89.80981566885166 73.6428930064473 96.34190318931113 92.25312627109183 80.96581216675831 84.66656226783262
0.9278936286195654 3303.5042237864877 0.17857142857142855 1.042408554013344 3806.8465354804007 0.10714285714285714 t_multiswap_k 100 2308.653047323227 90.17077419081954 89.80981566885166 73.6428930064473 96.34190318931113 92.25312627109183 80.96581216675831 84.8898966451543
0.9278936286195654 3303.5042237864877 0.17857142857142855 1.046346883781792 3832.0027780937385 0.10714285714285714 t_swap_k 100 2310.17475438118 90.17077419081954 89.80981566885166 73.94646407638282 96.34190318931113 92.25312627109183 80.96581216675831 84.8898966451543
0.9278936286195654 3303.5042237864877 0.17857142857142855 1.0674166638622211 3966.586860858811 0.10714285714285714 t_swap_k 100 2311.583983182907 90.17077419081954 89.80981566885166 74.436999435619 96.34190318931113 92.25312627109183 80.96581216675831 84.8898966451543
0.9278936286195654 3303.5042237864877 0.17857142857142855 1.0399161068122966 3790.925926954214 0.10714285714285714 t_move_k 100 2313.5635380744934 90.67906644891134 89.80981566885166 74.436999435619 96.34190318931113 92.25312627109183 80.96581216675831 84.8898966451543
0.9278936286195654 3303.5042237864877 0.17857142857142855 1.0624994305848074 3935.1778320100793 0.10714285714285714 t_move_k 100 2315.720470905304 90.84227578442223 89.80981566885166 74.436999435619 96.34190318931113 92.25312627109183 80.96581216675831 84.8898966451543
0.9278936286195654 3303.5042237864877 0.17857142857142855 1.0299882275759482 3727.5111919296455 0.10714285714285714 t_multiswap_k 100 2316.8355774879456 90.84227578442223 89.80981566885166 74.436999435619 96.34190318931113 92.25312627109183 80.96581216675831 85.16099767870276
0.9278936286195654 3303.5042237864877 0.17857142857142855 1.0395764102362466 3731.7244856737957 0.08928571428571427 t_swap_k 100 2318.9450776576996 90.84227578442223 89.80981566885166 74.83262944126281 96.34190318931113 92.25312627109183 80.96581216675831 85.16099767870276
0.9278936286195654 3303.5042237864877 0.17857142857142855 1.0395764102362466 3731.7244856737957 0.08928571428571427 f_swap_t 100 2320.1290295124054 90.84227578442223 89.80981566885166 74.83262944126281 96.37848415741801 92.25312627109183 80.96581216675831 85.16099767870276
0.9278936286195654 3303.5042237864877 0.17857142857142855 1.0333646152588047 3692.0463909726445 0.08928571428571427 t_multiswap_k 100 2320.991487264633 90.84227578442223 89.80981566885166 74.83262944126281 96.37848415741801 92.25312627109183 80.96581216675831 85.36938770191573
0.9278936286195654 3303.5042237864877 0.17857142857142855 1.0333646152588047 3692.0463909726445 0.08928571428571427 move_t 100 2321.8107681274414 90.84227578442223 89.91171751216314 74.83262944126281 96.37848415741801 92.25312627109183 80.96581216675831 85.36938770191573
0.9278936286195654 3303.5042237864877 0.17857142857142855 1.076560042609844 3853.8957204119706 0.05357142857142857 f_swap_t 100 2322.9252076148987 90.84227578442223 89.91171751216314 74.83262944126281 96.49469931584383 92.25312627109183 80.96581216675831 85.36938770191573
0.9278936286195654 3303.5042237864877 0.17857142857142855 1.0469344246324515 3607.6292573475466 0.03571428571428571 t_swap_r_k 100 2324.291648387909 90.84227578442223 89.91171751216314 74.83262944126281 96.49469931584383 92.25312627109183 81.22615404509072 85.36938770191573
0.9278936286195654 3303.5042237864877 0.17857142857142855 1.1342383637726894 4277.437749906639 0.03571428571428571 swap_t 100 2325.1203277111053 90.84227578442223 89.91171751216314 74.83262944126281 96.49469931584383 92.38059500838091 81.22615404509072 85.36938770191573
0.9278936286195654 3303.5042237864877 0.17857142857142855 1.0734939678346669 3834.3110422743175 0.05357142857142857 t_swap_r_k 100 2327.116479873657 90.84227578442223 89.91171751216314 74.83262944126281 96.49469931584383 92.38059500838091 81.45389250463981 85.36938770191573
0.9278936286195654 3303.5042237864877 0.17857142857142855 1.0762007971385468 3851.601025258177 0.05357142857142857 t_multiswap_k 100 2328.897217273712 90.84227578442223 89.91171751216314 74.83262944126281 96.49469931584383 92.38059500838091 81.45389250463981 85.58569382489657
0.9278936286195654 3303.5042237864877 0.17857142857142855 1.0762007971385468 3851.601025258177 0.05357142857142857 move_t 100 2329.6672513484955 90.84227578442223 90.0126003370415 74.83262944126281 96.49469931584383 92.38059500838091 81.45389250463981 85.58569382489657
0.9278936286195654 3303.5042237864877 0.17857142857142855 1.1815907902905176 4721.506033500743 0.017857142857142856 swap_t 100 2330.513786792755 90.84227578442223 90.0126003370415 74.83262944126281 96.49469931584383 92.6667890582971 81.45389250463981 85.58569382489657
0.9278936286195654 3303.5042237864877 0.17857142857142855 1.132896391543457 4230.587920985576 0.05357142857142857 swap_t 100 2331.3299922943115 90.84227578442223 90.0126003370415 74.83262944126281 96.49469931584383 92.80012116771412 81.45389250463981 85.58569382489657
0.9278936286195654 3303.5042237864877 0.17857142857142855 1.1041239810956256 4086.9931213279115 0.07142857142857142 t_move_k 100 2333.149334669113 90.96385302657801 90.0126003370415 74.83262944126281 96.49469931584383 92.80012116771412 81.45389250463981 85.58569382489657
0.9278936286195654 3303.5042237864877 0.17857142857142855 1.0642204460223244 3889.139273072534 0.08928571428571427 t_multiswap_k 100 2334.9656779766083 90.96385302657801 90.0126003370415 74.83262944126281 96.49469931584383 92.80012116771412 81.45389250463981 85.8498368866476
0.9278936286195654 3303.5042237864877 0.17857142857142855 1.105076946313247 4093.0802256655475 0.07142857142857142 t_swap_k 100 2338.331967830658 90.96385302657801 90.0126003370415 75.27430314685019 96.49469931584383 92.80012116771412 81.45389250463981 85.8498368866476
0.9278936286195654 3303.5042237864877 0.17857142857142855 1.0960899166623181 3978.643590386706 0.05357142857142857 swap_t 100 2339.830330848694 90.96385302657801 90.0126003370415 75.27430314685019 96.49469931584383 92.87211995603698 81.45389250463981 85.8498368866476
0.9278936286195654 3303.5042237864877 0.17857142857142855 1.1832970969774306 4478.651409021061 0.03571428571428571 t_move_k 100 2341.743036031723 91.27421449631223 90.0126003370415 75.27430314685019 96.49469931584383 92.87211995603698 81.45389250463981 85.8498368866476
0.9278936286195654 3303.5042237864877 0.17857142857142855 1.117195597929035 4113.456993448823 0.05357142857142857 t_multiswap_k 100 2343.4296350479126 91.27421449631223 90.0126003370415 75.27430314685019 96.49469931584383 92.87211995603698 81.45389250463981 86.05133851778112
0.9278936286195654 3303.5042237864877 0.17857142857142855 1.174686647215986 4480.683424192295 0.05357142857142857 t_swap_k 100 2344.727375268936 91.27421449631223 90.0126003370415 75.80156011538169 96.49469931584383 92.87211995603698 81.45389250463981 86.05133851778112
0.9278936286195654 3303.5042237864877 0.17857142857142855 1.1317307459520778 4149.269230953851 0.03571428571428571 t_swap_r_k 100 2347.8175082206726 91.27421449631223 90.0126003370415 75.80156011538169 96.49469931584383 92.87211995603698 81.67935357959341 86.05133851778112
0.9278936286195654 3303.5042237864877 0.17857142857142855 1.0462645667021957 3831.476974378128 0.10714285714285714 t_move_k 100 2349.575385570526 91.6014723513491 90.0126003370415 75.80156011538169 96.49469931584383 92.87211995603698 81.67935357959341 86.05133851778112
0.9278936286195654 3303.5042237864877 0.17857142857142855 1.0150980644000356 3746.4628960982077 0.14285714285714285 t_multiswap_k 100 2352.214268922806 91.6014723513491 90.0126003370415 75.80156011538169 96.49469931584383 92.87211995603698 81.67935357959341 86.22082513260331
0.9278936286195654 3303.5042237864877 0.17857142857142855 1.0010817899247277 3656.9333691244087 0.14285714285714285 f_swap_t 100 2354.141993522644 91.6014723513491 90.0126003370415 75.80156011538169 96.5297523226854 92.87211995603698 81.67935357959341 86.22082513260331
0.9278936286195654 3303.5042237864877 0.17857142857142855 1.112797522673881 4313.490569700292 0.12499999999999999 t_swap_k 100 2356.715358734131 91.6014723513491 90.0126003370415 76.29354451422788 96.5297523226854 92.87211995603698 81.67935357959341 86.22082513260331
0.9278936286195654 3303.5042237864877 0.17857142857142855 1.0692794591656711 4035.517157609256 0.12499999999999999 t_move_k 100 2359.1562881469727 91.90545762783562 90.0126003370415 76.29354451422788 96.5297523226854 92.87211995603698 81.67935357959341 86.22082513260331
0.9278936286195654 3303.5042237864877 0.17857142857142855 1.0451975351991265 3995.7561134586185 0.1607142857142857 t_move_k 100 2361.5413484573364 92.08640305155726 90.0126003370415 76.29354451422788 96.5297523226854 92.87211995603698 81.67935357959341 86.22082513260331
0.9278936286195654 3303.5042237864877 0.17857142857142855 1.0422490318438469 3976.9224275784018 0.1607142857142857 move_t 100 2362.4382705688477 92.08640305155726 90.14247433367109 76.29354451422788 96.5297523226854 92.87211995603698 81.67935357959341 86.22082513260331
0.9278936286195654 3303.5042237864877 0.17857142857142855 1.0237373147398205 3858.67807679061 0.1607142857142857 t_multiswap_k 100 2363.765552043915 92.08640305155726 90.14247433367109 76.29354451422788 96.5297523226854 92.87211995603698 81.67935357959341 86.47861688127728
0.9278936286195654 3303.5042237864877 0.17857142857142855 1.0156204504938275 3806.8312741516843 0.1607142857142857 swap_t 100 2364.7248437404633 92.08640305155726 90.14247433367109 76.29354451422788 96.5297523226854 92.97339875647661 81.67935357959341 86.47861688127728
0.9278936286195654 3303.5042237864877 0.17857142857142855 1.0156204504938275 3806.8312741516843 0.1607142857142857 f_swap_t 100 2366.1484892368317 92.08640305155726 90.14247433367109 76.29354451422788 96.56445479945855 92.97339875647661 81.67935357959341 86.47861688127728
0.9278936286195654 3303.5042237864877 0.17857142857142855 1.024549021922399 3806.8312741516843 0.14285714285714285 t_swap_r_k 100 2367.419205188751 92.08640305155726 90.14247433367109 76.29354451422788 96.56445479945855 92.97339875647661 81.90256004379748 86.47861688127728
0.9278936286195654 3303.5042237864877 0.17857142857142855 1.0986336092120768 4165.986377161315 0.10714285714285714 t_swap_k 100 2370.1916217803955 92.08640305155726 90.14247433367109 76.7806090690856 96.56445479945855 92.97339875647661 81.90256004379748 86.47861688127728
0.9278936286195654 3303.5042237864877 0.17857142857142855 1.1336079334990052 4218.291458748663 0.05357142857142857 move_t 100 2371.5758879184723 92.08640305155726 90.35104959033438 76.7806090690856 96.56445479945855 92.97339875647661 81.90256004379748 86.47861688127728
0.9278936286195654 3303.5042237864877 0.17857142857142855 1.1372004003385086 4241.238487745306 0.05357142857142857 t_move_k 100 2373.059088230133 92.34553902104169 90.35104959033438 76.7806090690856 96.56445479945855 92.97339875647661 81.90256004379748 86.47861688127728
0.9278936286195654 3303.5042237864877 0.17857142857142855 1.1063972604079968 4101.513785993439 0.07142857142857142 t_swap_k 100 2375.320429086685 92.34553902104169 90.35104959033438 77.01280297839475 96.56445479945855 92.97339875647661 81.90256004379748 86.47861688127728
0.9278936286195654 3303.5042237864877 0.17857142857142855 1.1062737316891347 4043.693125749741 0.05357142857142857 t_move_k 100 2377.8044073581696 92.59208363083127 90.35104959033438 77.01280297839475 96.56445479945855 92.97339875647661 81.90256004379748 86.47861688127728
0.9278936286195654 3303.5042237864877 0.17857142857142855 1.1453008889015606 4407.043921029619 0.08928571428571427 f_swap_t 100 2379.3205745220184 92.59208363083127 90.35104959033438 77.01280297839475 96.77881025146397 92.97339875647661 81.90256004379748 86.47861688127728
0.9278936286195654 3303.5042237864877 0.17857142857142855 1.0710854308720206 4047.052875811863 0.12499999999999999 t_multiswap_k 100 2381.4989318847656 92.59208363083127 90.35104959033438 77.01280297839475 96.77881025146397 92.97339875647661 81.90256004379748 86.6438307124645
0.9278936286195654 3303.5042237864877 0.17857142857142855 1.0702028376330774 4041.4152753687454 0.12499999999999999 swap_t 100 2382.5672702789307 92.59208363083127 90.35104959033438 77.01280297839475 96.77881025146397 93.07366476891184 81.90256004379748 86.6438307124645
0.9278936286195654 3303.5042237864877 0.17857142857142855 1.1043231537566602 4316.391806834537 0.14285714285714285 swap_t 100 2383.6253390312195 92.59208363083127 90.35104959033438 77.01280297839475 96.77881025146397 93.18292812122272 81.90256004379748 86.6438307124645
0.9278936286195654 3303.5042237864877 0.17857142857142855 1.0626892015648632 4050.453232904071 0.14285714285714285 swap_t 100 2385.136765241623 92.59208363083127 90.35104959033438 77.01280297839475 96.77881025146397 93.28109884001049 81.90256004379748 86.6438307124645
0.9278936286195654 3303.5042237864877 0.17857142857142855 1.0626892015648632 4050.453232904071 0.14285714285714285 t_multiswap_k 100 2386.595402956009 92.59208363083127 90.35104959033438 77.01280297839475 96.77881025146397 93.28109884001049 81.90256004379748 86.77739240533987
0.9278936286195654 3303.5042237864877 0.17857142857142855 1.0863389860940953 4315.580430690084 0.17857142857142858 move_t 100 2388.033432483673 92.59208363083127 90.49753909443103 77.01280297839475 96.77881025146397 93.28109884001049 81.90256004379748 86.77739240533987
0.9278936286195654 3303.5042237864877 0.17857142857142855 1.1172955822647026 4456.285340457363 0.1607142857142857 t_swap_k 100 2390.9460089206696 92.59208363083127 90.49753909443103 77.5026749486108 96.77881025146397 93.28109884001049 81.90256004379748 86.77739240533987
0.9278936286195654 3303.5042237864877 0.17857142857142855 1.0789858252093563 4211.580199038463 0.1607142857142857 f_swap_t 100 2393.288740634918 92.59208363083127 90.49753909443103 77.5026749486108 96.90102214894932 93.28109884001049 81.90256004379748 86.77739240533987
0.9278936286195654 3303.5042237864877 0.17857142857142855 1.0789858252093563 4211.580199038463 0.1607142857142857 swap_t 100 2394.5051617622375 92.59208363083127 90.49753909443103 77.5026749486108 96.90102214894932 93.34828785161038 81.90256004379748 86.77739240533987
0.9278936286195654 3303.5042237864877 0.17857142857142855 1.0762136504765731 4193.872819452537 0.1607142857142857 t_multiswap_k 100 2396.9672842025757 92.59208363083127 90.49753909443103 77.5026749486108 96.90102214894932 93.34828785161038 81.90256004379748 86.93961848128647
0.9278936286195654 3303.5042237864877 0.17857142857142855 1.1198099679613234 4341.500992750793 0.16071428571428573 swap_t 100 2399.361091375351 92.59208363083127 90.49753909443103 77.5026749486108 96.90102214894932 93.42480497309428 81.90256004379748 86.93961848128647
0.9278936286195654 3303.5042237864877 0.17857142857142855 1.1247635294589426 4366.07778286386 0.125 swap_t 100 2400.6452293395996 92.59208363083127 90.49753909443103 77.5026749486108 96.90102214894932 93.56055692336334 81.90256004379748 86.93961848128647
0.9278936286195654 3303.5042237864877 0.17857142857142855 1.1061498852236915 4271.02851336305 0.125 t_swap_r_k 100 2401.9168615341187 92.59208363083127 90.49753909443103 77.5026749486108 96.90102214894932 93.56055692336334 82.1235344433595 86.93961848128647
0.9278936286195654 3303.5042237864877 0.17857142857142855 1.1125736985581294 4255.029268503324 0.10714285714285712 f_swap_t 100 2403.908227920532 92.59208363083127 90.49753909443103 77.5026749486108 97.06201192745984 93.56055692336334 82.1235344433595 86.93961848128647
0.9278936286195654 3303.5042237864877 0.17857142857142855 1.0661382385807232 4072.4840980308245 0.14285714285714285 t_move_k 100 2406.9011640548706 92.92616279452295 90.49753909443103 77.5026749486108 97.06201192745984 93.56055692336334 82.1235344433595 86.93961848128647
0.9278936286195654 3303.5042237864877 0.17857142857142855 1.0773914492308663 4087.332826218809 0.125 t_multiswap_k 100 2409.3458576202393 92.92616279452295 90.49753909443103 77.5026749486108 97.06201192745984 93.56055692336334 82.1235344433595 87.20022229647361
0.9278936286195654 3303.5042237864877 0.17857142857142855 1.146888143166969 4588.277419110693 0.14285714285714285 t_swap_k 100 2411.1610798835754 92.92616279452295 90.49753909443103 77.9776481991247 97.06201192745984 93.56055692336334 82.1235344433595 87.20022229647361
0.9278936286195654 3303.5042237864877 0.17857142857142855 1.1162167950208641 4335.331311786164 0.125 swap_t 100 2412.6935002803802 92.92616279452295 90.49753909443103 77.9776481991247 97.06201192745984 93.6249513541297 82.1235344433595 87.20022229647361
0.9278936286195654 3303.5042237864877 0.17857142857142855 1.1073455847952474 4278.666093322884 0.125 t_swap_k 100 2415.178082704544 92.92616279452295 90.49753909443103 78.49787171713345 97.06201192745984 93.6249513541297 82.1235344433595 87.20022229647361
0.9278936286195654 3303.5042237864877 0.17857142857142855 1.0550629286282542 4058.7717178316793 0.1607142857142857 t_move_k 100 2417.677267551422 92.99690116657773 90.49753909443103 78.49787171713345 97.06201192745984 93.6249513541297 82.1235344433595 87.20022229647361
0.9278936286195654 3303.5042237864877 0.17857142857142855 1.0416991627042689 4030.441731435456 0.17857142857142855 t_multiswap_k 100 2420.402365207672 92.99690116657773 90.49753909443103 78.49787171713345 97.06201192745984 93.6249513541297 82.1235344433595 87.38822007350888
0.9278936286195654 3303.5042237864877 0.17857142857142855 1.073509219110357 4233.629768888926 0.17857142857142855 move_t 100 2421.6710302829742 92.99690116657773 90.60256370348672 78.49787171713345 97.06201192745984 93.6249513541297 82.1235344433595 87.38822007350888
0.9278936286195654 3303.5042237864877 0.17857142857142855 1.0824377905389286 4233.629768888926 0.1607142857142857 t_swap_r_k 100 2422.8512830734253 92.99690116657773 90.60256370348672 78.49787171713345 97.06201192745984 93.6249513541297 82.3422990989259 87.38822007350888
0.9278936286195654 3303.5042237864877 0.17857142857142855 1.075246056931344 4130.660660578231 0.14285714285714285 t_swap_k 100 2424.0300676822662 92.99690116657773 90.60256370348672 78.85289299996211 97.06201192745984 93.6249513541297 82.3422990989259 87.38822007350888
0.9278936286195654 3303.5042237864877 0.17857142857142855 1.0431351460945781 3925.5509031331912 0.14285714285714285 f_swap_t 100 2425.8051319122314 92.99690116657773 90.60256370348672 78.85289299996211 97.09139180818524 93.6249513541297 82.3422990989259 87.38822007350888
0.9278936286195654 3303.5042237864877 0.17857142857142855 1.0459633980352756 4000.6480936754747 0.1607142857142857 move_t 100 2427.1844248771667 92.99690116657773 90.82653806645186 78.85289299996211 97.09139180818524 93.6249513541297 82.3422990989259 87.38822007350888
0.9278936286195654 3303.5042237864877 0.17857142857142855 1.0439815738141252 3930.957494840712 0.14285714285714285 f_swap_t 100 2430.370576620102 92.99690116657773 90.82653806645186 78.85289299996211 97.15047789010339 93.6249513541297 82.3422990989259 87.38822007350888
0.9278936286195654 3303.5042237864877 0.17857142857142855 1.0439815738141252 3930.957494840712 0.14285714285714285 swap_t 100 2433.0050535202026 92.99690116657773 90.82653806645186 78.85289299996211 97.15047789010339 93.68870184058841 82.3422990989259 87.38822007350888
0.9278936286195654 3303.5042237864877 0.17857142857142855 1.0196864709878415 3832.803146501654 0.1607142857142857 t_move_k 100 2435.439348459244 93.18693215491196 90.82653806645186 78.85289299996211 97.15047789010339 93.68870184058841 82.3422990989259 87.38822007350888
0.9278936286195654 3303.5042237864877 0.17857142857142855 1.0554303481090272 3947.0553938150856 0.125 t_multiswap_k 100 2437.8039979934692 93.18693215491196 90.82653806645186 78.85289299996211 97.15047789010339 93.68870184058841 82.3422990989259 87.55433787277379
0.9278936286195654 3303.5042237864877 0.17857142857142855 1.0596868253371383 3917.2122008552783 0.10714285714285712 move_t 100 2439.9109196662903 93.18693215491196 90.98827268578734 78.85289299996211 97.15047789010339 93.68870184058841 82.3422990989259 87.55433787277379
0.9278936286195654 3303.5042237864877 0.17857142857142855 1.0528429341447256 3930.5281812011053 0.125 f_swap_t 100 2443.647701740265 93.18693215491196 90.98827268578734 78.85289299996211 97.20897311120235 93.68870184058841 82.3422990989259 87.55433787277379
0.9278936286195654 3303.5042237864877 0.17857142857142855 1.07962864843044 3930.5281812011053 0.07142857142857142 t_swap_r_k 100 2445.5346355438232 93.18693215491196 90.98827268578734 78.85289299996211 97.20897311120235 93.68870184058841 82.55887610793664 87.55433787277379
0.9278936286195654 3303.5042237864877 0.17857142857142855 1.0710198401320226 3761.475834798838 0.03571428571428571 t_swap_r_k 100 2447.2078619003296 93.18693215491196 90.98827268578734 78.85289299996211 97.20897311120235 93.68870184058841 82.77328734685727 87.55433787277379
0.9278936286195654 3303.5042237864877 0.17857142857142855 1.0168978328750213 3814.990606401806 0.1607142857142857 t_move_k 100 2449.1612508296967 93.40506283336283 90.98827268578734 78.85289299996211 97.20897311120235 93.68870184058841 82.77328734685727 87.55433787277379
0.9278936286195654 3303.5042237864877 0.17857142857142855 1.0936735233681965 4077.2720102948288 0.08928571428571427 t_swap_k 100 2451.518360853195 93.40506283336283 90.98827268578734 79.3143640699625 97.20897311120235 93.68870184058841 82.77328734685727 87.55433787277379
0.9278936286195654 3303.5042237864877 0.17857142857142855 1.0670506858594522 4021.280776879903 0.125 t_move_k 100 2453.8371617794037 93.66101220502921 90.98827268578734 79.3143640699625 97.20897311120235 93.68870184058841 82.77328734685727 87.55433787277379
0.9278936286195654 3303.5042237864877 0.17857142857142855 1.0400785236950516 4020.089833422463 0.17857142857142855 t_multiswap_k 100 2456.0820150375366 93.66101220502921 90.98827268578734 79.3143640699625 97.20897311120235 93.68870184058841 82.77328734685727 87.73879449404605
0.9278936286195654 3303.5042237864877 0.17857142857142855 1.0541687167128557 3996.0282871218274 0.14285714285714285 t_move_k 100 2458.6771116256714 94.00440208297891 90.98827268578734 79.3143640699625 97.20897311120235 93.68870184058841 82.77328734685727 87.73879449404605
0.9278936286195654 3303.5042237864877 0.17857142857142855 1.0432932445058345 4040.623994197443 0.17857142857142858 f_swap_t 100 2460.5255138874054 94.00440208297891 90.98827268578734 79.3143640699625 97.30688338009033 93.68870184058841 82.77328734685727 87.73879449404605
0.9278936286195654 3303.5042237864877 0.17857142857142855 1.0415959322805435 4029.782342878124 0.17857142857142858 t_move_k 100 2462.650655269623 94.22435806214912 90.98827268578734 79.3143640699625 97.30688338009033 93.68870184058841 82.77328734685727 87.73879449404605
0.9278936286195654 3303.5042237864877 0.17857142857142855 1.076452481140422 4195.398360094518 0.1607142857142857 t_multiswap_k 100 2464.3390424251556 94.22435806214912 90.98827268578734 79.3143640699625 97.30688338009033 93.68870184058841 82.77328734685727 87.93140654910559
0.9278936286195654 3303.5042237864877 0.17857142857142855 1.060735825184005 4095.0075768042198 0.1607142857142857 t_swap_k 100 2466.3307259082794 94.22435806214912 90.98827268578734 79.67122042926287 97.30688338009033 93.68870184058841 82.77328734685727 87.93140654910559
0.9278936286195654 3303.5042237864877 0.17857142857142855 1.1273790443382858 4386.082321002986 0.14285714285714285 swap_t 100 2467.828665494919 94.22435806214912 90.98827268578734 79.67122042926287 97.30688338009033 93.76181482218253 82.77328734685727 87.93140654910559
0.9278936286195654 3303.5042237864877 0.17857142857142855 1.1093063813236959 4291.190761414475 0.125 move_t 100 2469.728733062744 94.22435806214912 91.39838995892946 79.67122042926287 97.30688338009033 93.76181482218253 82.77328734685727 87.93140654910559
0.9278936286195654 3303.5042237864877 0.17857142857142855 1.1510806430705918 4558.025568371774 0.125 t_swap_k 100 2472.98086309433 94.22435806214912 91.39838995892946 80.02450822497025 97.30688338009033 93.76181482218253 82.77328734685727 87.93140654910559
0.9278936286195654 3303.5042237864877 0.17857142857142855 1.0889045681059393 4160.873344328261 0.125 t_move_k 100 2475.891745567322 94.68211448152763 91.39838995892946 80.02450822497025 97.30688338009033 93.76181482218253 82.77328734685727 87.93140654910559
0.9278936286195654 3303.5042237864877 0.17857142857142855 1.0987695509256863 4284.679597793083 0.125 swap_t 100 2477.1156153678894 94.68211448152763 91.39838995892946 80.02450822497025 97.30688338009033 93.8641966739607 82.77328734685727 87.93140654910559
0.9278936286195654 3303.5042237864877 0.17857142857142855 1.1231563941595692 4322.62666986513 0.10714285714285712 f_swap_t 100 2479.9742562770844 94.68211448152763 91.39838995892946 80.02450822497025 97.53381454628942 93.8641966739607 82.77328734685727 87.93140654910559
0.9278936286195654 3303.5042237864877 0.17857142857142855 1.0942451285129515 4080.9231615558774 0.08928571428571427 f_swap_t 100 2481.854917526245 94.68211448152763 91.39838995892946 80.02450822497025 97.58847640082652 93.8641966739607 82.77328734685727 87.93140654910559
0.9278936286195654 3303.5042237864877 0.17857142857142855 1.0942451285129515 4080.9231615558774 0.08928571428571427 swap_t 100 2482.6024599075317 94.68211448152763 91.39838995892946 80.02450822497025 97.58847640082652 93.9255547072211 82.77328734685727 87.93140654910559
0.9278936286195654 3303.5042237864877 0.17857142857142855 1.0936588908631997 4077.178544570174 0.08928571428571427 f_swap_t 100 2486.2064673900604 94.68211448152763 91.39838995892946 80.02450822497025 97.64259163681825 93.9255547072211 82.77328734685727 87.93140654910559
0.9278936286195654 3303.5042237864877 0.17857142857142855 1.0916839027947924 4064.563227436159 0.08928571428571427 f_swap_t 100 2488.345549106598 94.68211448152763 91.39838995892946 80.02450822497025 97.73616572045007 93.9255547072211 82.77328734685727 87.93140654910559
0.9278936286195654 3303.5042237864877 0.17857142857142855 1.0916839027947924 4064.563227436159 0.08928571428571427 f_swap_t 100 2489.5840513706207 94.68211448152763 91.39838995892946 80.02450822497025 97.75880406324558 93.9255547072211 82.77328734685727 87.93140654910559
0.9278936286195654 3303.5042237864877 0.17857142857142855 1.1733600985390347 4586.937594477052 0.07142857142857142 swap_t 100 2491.0703070163727 94.68211448152763 91.39838995892946 80.02450822497025 97.75880406324558 94.07629916014889 82.77328734685727 87.93140654910559
0.9278936286195654 3303.5042237864877 0.17857142857142855 1.1292029766499452 4304.217847546837 0.08928571428571427 move_t 100 2492.272033929825 94.68211448152763 91.57440605934016 80.02450822497025 97.75880406324558 94.07629916014889 82.77328734685727 87.93140654910559
0.9278936286195654 3303.5042237864877 0.17857142857142855 1.1604511074664978 4560.84817778972 0.10714285714285712 f_swap_t 100 2494.999899148941 94.68211448152763 91.57440605934016 80.02450822497025 97.90121602261313 94.07629916014889 82.77328734685727 87.93140654910559
0.9278936286195654 3303.5042237864877 0.17857142857142855 1.111350244090101 4361.277633996629 0.14285714285714285 move_t 100 2496.0971455574036 94.68211448152763 91.74866199874675 80.02450822497025 97.90121602261313 94.07629916014889 82.77328734685727 87.93140654910559
0.9278936286195654 3303.5042237864877 0.17857142857142855 1.1024216726615297 4361.277633996629 0.1607142857142857 t_swap_r_k 100 2498.307619571686 94.68211448152763 91.74866199874675 80.02450822497025 97.90121602261313 94.07629916014889 83.0155544733887 87.93140654910559
0.9278936286195654 3303.5042237864877 0.17857142857142855 1.096084873416625 4377.832684915213 0.17857142857142855 swap_t 100 2500.3228719234467 94.68211448152763 91.74866199874675 80.02450822497025 97.90121602261313 94.25553616854741 83.0155544733887 87.93140654910559
0.9278936286195654 3303.5042237864877 0.17857142857142855 1.0873347381205751 4308.454039275163 0.17857142857142855 swap_t 100 2502.2255687713623 94.68211448152763 91.74866199874675 80.02450822497025 97.90121602261313 94.45298080686193 83.0155544733887 87.93140654910559
0.9278936286195654 3303.5042237864877 0.17857142857142855 1.0480388641933105 4127.968449710624 0.19642857142857142 t_move_k 100 2504.8380830287933 95.03529333671236 91.74866199874675 80.02450822497025 97.90121602261313 94.45298080686193 83.0155544733887 87.93140654910559
0.9278936286195654 3303.5042237864877 0.17857142857142855 1.0472074241393576 4122.657592330611 0.19642857142857142 move_t 100 2505.882174015045 95.03529333671236 91.86117537875928 80.02450822497025 97.90121602261313 94.45298080686193 83.0155544733887 87.93140654910559
0.9278936286195654 3303.5042237864877 0.17857142857142855 1.0472074241393576 4122.657592330611 0.19642857142857142 t_swap_r_k 100 2508.8156502246857 95.03529333671236 91.86117537875928 80.02450822497025 97.90121602261313 94.45298080686193 83.22539892865481 87.93140654910559
0.9278936286195654 3303.5042237864877 0.17857142857142855 1.1315182326070952 4490.101486234999 0.14285714285714285 t_swap_k 100 2512.1091203689575 95.03529333671236 91.86117537875928 80.38426314272054 97.90121602261313 94.45298080686193 83.22539892865481 87.93140654910559
0.9278936286195654 3303.5042237864877 0.17857142857142855 1.0829997954204855 4123.156367085285 0.125 t_multiswap_k 100 2514.197649240494 95.03529333671236 91.86117537875928 80.38426314272054 97.90121602261313 94.45298080686193 83.22539892865481 88.17209248361453
0.9278936286195654 3303.5042237864877 0.17857142857142855 1.1213091243242523 4310.827158173186 0.10714285714285715 t_multiswap_k 100 2516.6040353775024 95.03529333671236 91.86117537875928 80.38426314272054 97.90121602261313 94.45298080686193 83.22539892865481 88.4703715587784
0.9278936286195654 3303.5042237864877 0.17857142857142855 1.1367800062158866 4466.679665059067 0.125 f_swap_t 100 2517.97776222229 95.03529333671236 91.86117537875928 80.38426314272054 98.05220386238699 94.45298080686193 83.22539892865481 88.4703715587784
0.9278936286195654 3303.5042237864877 0.17857142857142855 1.2027611663174262 4660.010564196352 0.05357142857142857 f_swap_t 100 2519.94624042511 95.03529333671236 91.86117537875928 80.38426314272054 98.32168182376311 94.45298080686193 83.22539892865481 88.4703715587784
0.9278936286195654 3303.5042237864877 0.17857142857142855 1.150447762882932 4325.8565582848105 0.05357142857142857 t_swap_k 100 2521.747859477997 95.03529333671236 91.86117537875928 80.79042051129333 98.32168182376311 94.45298080686193 83.22539892865481 88.4703715587784
0.9278936286195654 3303.5042237864877 0.17857142857142855 1.1521512180526114 4336.737447912875 0.05357142857142857 t_swap_k 100 2523.7732787132263 95.03529333671236 91.86117537875928 81.1225163061804 98.32168182376311 94.45298080686193 83.22539892865481 88.4703715587784
0.9278936286195654 3303.5042237864877 0.17857142857142855 1.1568623673328893 4423.861722289014 0.07142857142857142 t_swap_k 100 2525.506156206131 95.03529333671236 91.86117537875928 81.5312911431186 98.32168182376311 94.45298080686193 83.22539892865481 88.4703715587784
0.9278936286195654 3303.5042237864877 0.17857142857142855 1.1568623673328893 4423.861722289014 0.07142857142857142 t_swap_r_k 100 2526.6783697605133 95.03529333671236 91.86117537875928 81.5312911431186 98.32168182376311 94.45298080686193 83.43314493936826 88.4703715587784
0.9278936286195654 3303.5042237864877 0.17857142857142855 1.147946574953989 4366.911733496647 0.07142857142857142 move_t 100 2527.7611458301544 95.03529333671236 92.03256362497169 81.5312911431186 98.32168182376311 94.45298080686193 83.43314493936826 88.4703715587784
0.9278936286195654 3303.5042237864877 0.17857142857142855 1.1747322892397034 4366.911733496647 0.017857142857142856 t_swap_r_k 100 2531.2820239067078 95.03529333671236 92.03256362497169 81.5312911431186 98.32168182376311 94.45298080686193 83.63881348997458 88.4703715587784
0.9278936286195654 3303.5042237864877 0.17857142857142855 1.1517998257537454 4220.42968422894 0.017857142857142856 swap_t 100 2532.658512353897 95.03529333671236 92.03256362497169 81.5312911431186 98.32168182376311 94.50845099879331 83.63881348997458 88.4703715587784
0.9278936286195654 3303.5042237864877 0.17857142857142855 1.1366703853920521 4180.8213800831445 0.03571428571428571 t_multiswap_k 100 2533.8927404880524 95.03529333671236 92.03256362497169 81.5312911431186 98.32168182376311 94.50845099879331 83.63881348997458 88.5856678431906
0.9278936286195654 3303.5042237864877 0.17857142857142855 1.1366703853920521 4180.8213800831445 0.03571428571428571 t_swap_r_k 100 2535.7678780555725 95.03529333671236 92.03256362497169 81.5312911431186 98.32168182376311 94.50845099879331 83.84242535507484 88.5856678431906
0.9278936286195654 3303.5042237864877 0.17857142857142855 1.152775191456544 4283.691488077879 0.03571428571428571 t_swap_k 100 2538.098279953003 95.03529333671236 92.03256362497169 81.86597823168741 98.32168182376311 94.50845099879331 83.84242535507484 88.5856678431906
0.9278936286195654 3303.5042237864877 0.17857142857142855 1.1222567017556497 4202.816616815242 0.07142857142857142 t_move_k 100 2539.208085536957 95.48494040334523 92.03256362497169 81.86597823168741 98.32168182376311 94.50845099879331 83.84242535507484 88.5856678431906
0.9278936286195654 3303.5042237864877 0.17857142857142855 1.1122742253318505 4139.05314002087 0.07142857142857142 t_swap_k 100 2540.2886641025543 95.48494040334523 92.03256362497169 82.19731844937053 98.32168182376311 94.50845099879331 83.84242535507484 88.5856678431906
0.9278936286195654 3303.5042237864877 0.17857142857142855 1.096393024791066 4094.6429369574753 0.08928571428571427 f_swap_t 100 2541.8142626285553 95.48494040334523 92.03256362497169 82.19731844937053 98.36846500552548 94.50845099879331 83.84242535507484 88.5856678431906
0.9278936286195654 3303.5042237864877 0.17857142857142855 1.079170069819958 4041.6622225450415 0.10714285714285714 t_multiswap_k 100 2542.735256910324 95.48494040334523 92.03256362497169 82.19731844937053 98.36846500552548 94.50845099879331 83.84242535507484 88.7998111647587
0.9278936286195654 3303.5042237864877 0.17857142857142855 1.0880986412485294 4041.6622225450415 0.08928571428571427 t_swap_r_k 100 2545.3636622428894 95.48494040334523 92.03256362497169 82.19731844937053 98.36846500552548 94.50845099879331 84.04400110152409 88.7998111647587
0.9278936286195654 3303.5042237864877 0.17857142857142855 1.0753487488545082 3903.1901474601436 0.07142857142857142 swap_t 100 2547.283518075943 95.48494040334523 92.03256362497169 82.19731844937053 98.36846500552548 94.59336648880537 84.04400110152409 88.7998111647587
0.9278936286195654 3303.5042237864877 0.17857142857142855 1.0791381201876278 3927.3949119701383 0.07142857142857142 t_multiswap_k 100 2549.151653289795 95.48494040334523 92.03256362497169 82.19731844937053 98.36846500552548 94.59336648880537 84.04400110152409 89.15181305311111
0.9278936286195654 3303.5042237864877 0.17857142857142855 1.064668190658806 3929.4957711459547 0.08928571428571427 move_t 100 2550.41255068779 95.48494040334523 92.24223798872197 82.19731844937053 98.36846500552548 94.59336648880537 84.04400110152409 89.15181305311111
0.9278936286195654 3303.5042237864877 0.17857142857142855 1.0534460438405682 3877.3489535766175 0.10714285714285714 t_swap_k 100 2551.6857447624207 95.48494040334523 92.24223798872197 82.46534526487682 98.36846500552548 94.59336648880537 84.04400110152409 89.15181305311111
0.9278936286195654 3303.5042237864877 0.17857142857142855 1.0601318067099 3863.0229220940546 0.08928571428571427 t_multiswap_k 100 2552.5212540626526 95.48494040334523 92.24223798872197 82.46534526487682 98.36846500552548 94.59336648880537 84.04400110152409 89.27029492258
0.9278936286195654 3303.5042237864877 0.17857142857142855 1.0436327490108315 3757.6345156445877 0.08928571428571427 t_swap_k 100 2554.7615723609924 95.48494040334523 92.24223798872197 82.70069181222804 98.36846500552548 94.59336648880537 84.04400110152409 89.27029492258
0.9278936286195654 3303.5042237864877 0.17857142857142855 1.0436327490108315 3757.6345156445877 0.08928571428571427 move_t 100 2555.9743580818176 95.48494040334523 92.31981560883474 82.70069181222804 98.36846500552548 94.59336648880537 84.04400110152409 89.27029492258
0.9278936286195654 3303.5042237864877 0.17857142857142855 1.100546365036956 4064.140952301769 0.07142857142857142 t_swap_k 100 2556.939697265625 95.48494040334523 92.31981560883474 83.05368489410576 98.36846500552548 94.59336648880537 84.04400110152409 89.27029492258
0.9278936286195654 3303.5042237864877 0.17857142857142855 1.083810775031187 3957.241686060692 0.07142857142857142 move_t 100 2558.034478187561 95.48494040334523 92.4266174527464 83.05368489410576 98.36846500552548 94.59336648880537 84.04400110152409 89.27029492258
0.9278936286195654 3303.5042237864877 0.17857142857142855 1.1235569403963188 4211.121944358395 0.07142857142857142 t_move_k 100 2559.886123418808 95.69009099931178 92.4266174527464 83.05368489410576 98.36846500552548 94.59336648880537 84.04400110152409 89.27029492258
0.9278936286195654 3303.5042237864877 0.17857142857142855 1.090976305602417 4003.011805908779 0.07142857142857142 move_t 100 2560.595469713211 95.69009099931178 92.56235127821894 83.05368489410576 98.36846500552548 94.59336648880537 84.04400110152409 89.27029492258
0.9278936286195654 3303.5042237864877 0.17857142857142855 1.0853399363874943 3909.977651325782 0.03571428571428571 swap_t 100 2562.143426656723 95.69009099931178 92.56235127821894 83.05368489410576 98.36846500552548 94.68743282391732 84.04400110152409 89.27029492258
0.9278936286195654 3303.5042237864877 0.17857142857142855 1.1279589524103153 4239.239976296225 0.07142857142857142 t_multiswap_k 100 2563.702381849289 95.69009099931178 92.56235127821894 83.05368489410576 98.36846500552548 94.68743282391732 84.04400110152409 89.4975919733542
0.9278936286195654 3303.5042237864877 0.17857142857142855 1.094261386576619 4023.9953951078255 0.07142857142857142 move_t 100 2565.258967399597 95.69009099931178 92.63672776543675 83.05368489410576 98.36846500552548 94.68743282391732 84.04400110152409 89.4975919733542
0.9278936286195654 3303.5042237864877 0.17857142857142855 1.0783660334093739 3922.463176068307 0.07142857142857142 t_move_k 100 2566.848524093628 95.79319008931866 92.63672776543675 83.05368489410576 98.36846500552548 94.68743282391732 84.04400110152409 89.4975919733542
0.9278936286195654 3303.5042237864877 0.17857142857142855 1.0667932321760882 3848.541434452649 0.07142857142857142 t_swap_k 100 2569.47580909729 95.79319008931866 92.63672776543675 83.2931480451647 98.36846500552548 94.68743282391732 84.04400110152409 89.4975919733542
0.9278936286195654 3303.5042237864877 0.17857142857142855 1.0588837151150061 3798.0190704451948 0.07142857142857142 swap_t 100 2571.2171773910522 95.79319008931866 92.63672776543675 83.2931480451647 98.36846500552548 94.74055849567814 84.04400110152409 89.4975919733542
0.9278936286195654 3303.5042237864877 0.17857142857142855 1.113348986827885 4088.8866075773967 0.05357142857142857 move_t 100 2572.6292881965637 95.79319008931866 92.75036048778237 83.2931480451647 98.36846500552548 94.74055849567814 84.04400110152409 89.4975919733542
0.9278936286195654 3303.5042237864877 0.17857142857142855 1.1097913547858609 4009.1304717803714 0.03571428571428571 swap_t 100 2574.2441267967224 95.79319008931866 92.75036048778237 83.2931480451647 98.36846500552548 94.80315291072137 84.04400110152409 89.4975919733542
0.9278936286195654 3303.5042237864877 0.17857142857142855 1.1260488876169257 4227.039359239051 0.07142857142857142 t_move_k 100 2576.068705558777 96.08525818842547 92.75036048778237 83.2931480451647 98.36846500552548 94.80315291072137 84.04400110152409 89.4975919733542
0.9278936286195654 3303.5042237864877 0.17857142857142855 1.1027407144201975 4021.1258333186865 0.05357142857142857 t_multiswap_k 100 2578.488747358322 96.08525818842547 92.75036048778237 83.2931480451647 98.36846500552548 94.80315291072137 84.04400110152409 89.63261605362067
0.9278936286195654 3303.5042237864877 0.17857142857142855 1.0815348999963144 3942.704441111431 0.07142857142857142 f_swap_t 100 2581.22194981575 96.08525818842547 92.75036048778237 83.2931480451647 98.41478035547023 94.80315291072137 84.04400110152409 89.63261605362067
0.9278936286195654 3303.5042237864877 0.17857142857142855 1.139501565882232 4198.905661359871 0.03571428571428571 t_swap_k 100 2584.886085510254 96.08525818842547 92.75036048778237 83.65021656471305 98.41478035547023 94.80315291072137 84.04400110152409 89.63261605362067
0.9278936286195654 3303.5042237864877 0.17857142857142855 1.1314846073919735 4204.728626320647 0.05357142857142857 t_swap_k 100 2587.6384806632996 96.08525818842547 92.75036048778237 83.92371439906591 98.41478035547023 94.80315291072137 84.04400110152409 89.63261605362067
0.9278936286195654 3303.5042237864877 0.17857142857142855 1.107292112024031 4050.1980718267687 0.05357142857142857 t_move_k 100 2589.7959899902344 96.19440560654121 92.75036048778237 83.92371439906591 98.41478035547023 94.80315291072137 84.04400110152409 89.63261605362067
0.9278936286195654 3303.5042237864877 0.17857142857142855 1.0846226412317106 3962.4275146506598 0.07142857142857142 t_move_k 100 2592.5774965286255 96.40246155047579 92.75036048778237 83.92371439906591 98.41478035547023 94.80315291072137 84.04400110152409 89.63261605362067
0.9278936286195654 3303.5042237864877 0.17857142857142855 1.0632251949617593 3825.7504506868445 0.07142857142857142 t_swap_r_k 100 2595.822252511978 96.40246155047579 92.75036048778237 83.92371439906591 98.41478035547023 94.80315291072137 84.24356109050885 89.63261605362067
0.9278936286195654 3303.5042237864877 0.17857142857142855 1.1504578919184172 4382.952873408868 0.07142857142857142 t_swap_k 100 2599.058761358261 96.40246155047579 92.75036048778237 84.24447725507525 98.41478035547023 94.80315291072137 84.24356109050885 89.63261605362067
0.9278936286195654 3303.5042237864877 0.17857142857142855 1.1012750695689824 4011.7639668346887 0.05357142857142857 t_swap_k 100 2601.8169016838074 96.40246155047579 92.75036048778237 84.5520324825245 98.41478035547023 94.80315291072137 84.24356109050885 89.63261605362067
0.9278936286195654 3303.5042237864877 0.17857142857142855 1.112873054955411 4237.761860525014 0.05357142857142857 swap_t 100 2603.2249619960785 96.40246155047579 92.75036048778237 84.5520324825245 98.41478035547023 94.92512138161415 84.24356109050885 89.63261605362067
0.9278936286195654 3303.5042237864877 0.17857142857142855 1.0834670443899748 3955.0460925191737 0.07142857142857142 t_swap_r_k 100 2604.6393899917603 96.40246155047579 92.75036048778237 84.5520324825245 98.41478035547023 94.92512138161415 84.44112547960376 89.63261605362067
0.9278936286195654 3303.5042237864877 0.17857142857142855 1.0925987148389344 3956.3433958258584 0.05357142857142857 t_multiswap_k 100 2605.9367156028748 96.40246155047579 92.75036048778237 84.5520324825245 98.41478035547023 94.92512138161415 84.44112547960376 89.80628989308445
0.9278936286195654 3303.5042237864877 0.17857142857142855 1.0909573301067184 4002.890599153232 0.07142857142857142 t_swap_k 100 2607.5232050418854 96.40246155047579 92.75036048778237 84.80651215769925 98.41478035547023 94.92512138161415 84.44112547960376 89.80628989308445
0.9278936286195654 3303.5042237864877 0.17857142857142855 1.1354542667544933 4173.053372503351 0.03571428571428571 t_move_k 100 2609.7216532230377 96.48843693497103 92.75036048778237 84.80651215769925 98.41478035547023 94.92512138161415 84.44112547960376 89.80628989308445
0.9278936286195654 3303.5042237864877 0.17857142857142855 1.1376946957358713 4244.395819830175 0.05357142857142857 t_multiswap_k 100 2610.67316865921 96.48843693497103 92.75036048778237 84.80651215769925 98.41478035547023 94.92512138161415 84.44112547960376 90.16822699415361
0.9278936286195654 3303.5042237864877 0.17857142857142855 1.1056568245209957 4039.75260595987 0.05357142857142857 t_swap_k 100 2613.0214505195618 96.48843693497103 92.75036048778237 85.01844703612225 98.41478035547023 94.92512138161415 84.44112547960376 90.16822699415361
0.9278936286195654 3303.5042237864877 0.17857142857142855 1.0886567630788542 3988.1956330879593 0.07142857142857142 t_swap_r_k 100 2615.3914353847504 96.48843693497103 92.75036048778237 85.01844703612225 98.41478035547023 94.92512138161415 84.66671422480772 90.16822699415361
0.9278936286195654 3303.5042237864877 0.17857142857142855 1.1230960830416208 4265.20981463511 0.08928571428571427 t_swap_k 100 2617.9899685382843 96.48843693497103 92.75036048778237 85.29826256576104 98.41478035547023 94.92512138161415 84.66671422480772 90.16822699415361
0.9278936286195654 3303.5042237864877 0.17857142857142855 1.1312030473204693 4316.9933808286405 0.08928571428571427 f_swap_t 100 2620.9831595420837 96.48843693497103 92.75036048778237 85.29826256576104 98.63063255191553 94.92512138161415 84.66671422480772 90.16822699415361
0.9278936286195654 3303.5042237864877 0.17857142857142855 1.1103752151972859 4240.986366039988 0.10714285714285714 move_t 100 2622.169816017151 96.48843693497103 92.85285688290455 85.29826256576104 98.63063255191553 94.92512138161415 84.66671422480772 90.16822699415361
0.9278936286195654 3303.5042237864877 0.17857142857142855 1.2008277921371695 4704.054349423987 0.07142857142857142 move_t 100 2623.6204488277435 96.48843693497103 93.1443283140755 85.29826256576104 98.63063255191553 94.92512138161415 84.66671422480772 90.16822699415361
0.9278936286195654 3303.5042237864877 0.17857142857142855 1.1127921920195079 4256.424904432011 0.10714285714285714 t_swap_k 100 2625.3202831745148 96.48843693497103 93.1443283140755 85.62527994010343 98.63063255191553 94.92512138161415 84.66671422480772 90.16822699415361
0.9278936286195654 3303.5042237864877 0.17857142857142855 1.1358185910338874 4403.506970732806 0.10714285714285714 f_swap_t 100 2628.020983695984 96.48843693497103 93.1443283140755 85.62527994010343 98.74432622639637 94.92512138161415 84.66671422480772 90.16822699415361
0.9278936286195654 3303.5042237864877 0.17857142857142855 1.1626043053196016 4403.506970732806 0.05357142857142857 t_swap_r_k 100 2630.139531850815 96.48843693497103 93.1443283140755 85.62527994010343 98.74432622639637 94.92512138161415 84.86004708255965 90.16822699415361
0.9278936286195654 3303.5042237864877 0.17857142857142855 1.1626043053196016 4403.506970732806 0.05357142857142857 t_swap_r_k 100 2632.47820353508 96.48843693497103 93.1443283140755 85.62527994010343 98.74432622639637 94.92512138161415 85.05144661173405 90.16822699415361
0.9278936286195654 3303.5042237864877 0.17857142857142855 1.1317077263401718 4263.1854232310025 0.07142857142857142 move_t 100 2634.630001306534 96.48843693497103 93.44288503093473 85.62527994010343 98.74432622639637 94.92512138161415 85.05144661173405 90.16822699415361
0.9278936286195654 3303.5042237864877 0.17857142857142855 1.194260831512568 4776.809174150908 0.10714285714285714 f_swap_t 100 2636.3158190250397 96.48843693497103 93.44288503093473 85.62527994010343 98.9168829641324 94.92512138161415 85.05144661173405 90.16822699415361
0.9278936286195654 3303.5042237864877 0.17857142857142855 1.1593522378732237 4553.82910327994 0.10714285714285712 t_move_k 100 2638.516930580139 96.58355256562132 93.44288503093473 85.62527994010343 98.9168829641324 94.92512138161415 85.05144661173405 90.16822699415361
0.9278936286195654 3303.5042237864877 0.17857142857142855 1.1488755626502294 4539.793528777493 0.10714285714285712 swap_t 100 2639.328644514084 96.58355256562132 93.44288503093473 85.62527994010343 98.9168829641324 95.00587016779801 85.05144661173405 90.16822699415361
0.9278936286195654 3303.5042237864877 0.17857142857142855 1.1311495335075537 4430.714790148549 0.125 t_move_k 100 2641.14498090744 96.74771703996511 93.44288503093473 85.62527994010343 98.9168829641324 95.00587016779801 85.05144661173405 90.16822699415361
0.9278936286195654 3303.5042237864877 0.17857142857142855 1.1283501123689557 4298.770142039616 0.08928571428571427 move_t 100 2641.900971889496 96.74771703996511 93.50845618062539 85.62527994010343 98.9168829641324 95.00587016779801 85.05144661173405 90.16822699415361
0.9278936286195654 3303.5042237864877 0.17857142857142855 1.125725304914568 4339.03569247225 0.10714285714285715 move_t 100 2643.288262605667 96.74771703996511 93.60337161881914 85.62527994010343 98.9168829641324 95.00587016779801 85.05144661173405 90.16822699415361
0.9278936286195654 3303.5042237864877 0.17857142857142855 1.125725304914568 4339.03569247225 0.10714285714285715 swap_t 100 2644.1343865394592 96.74771703996511 93.60337161881914 85.62527994010343 98.9168829641324 95.05581146612003 85.05144661173405 90.16822699415361
0.9278936286195654 3303.5042237864877 0.17857142857142855 1.1050074111568877 4320.762528988888 0.14285714285714285 t_move_k 100 2645.1743547916412 96.96023986956546 93.60337161881914 85.62527994010343 98.9168829641324 95.05581146612003 85.05144661173405 90.16822699415361
0.9278936286195654 3303.5042237864877 0.17857142857142855 1.1050074111568877 4320.762528988888 0.14285714285714285 swap_t 100 2646.6192145347595 96.96023986956546 93.60337161881914 85.62527994010343 98.9168829641324 95.10525335145883 85.05144661173405 90.16822699415361
0.9278936286195654 3303.5042237864877 0.17857142857142855 1.1533372208414292 4629.471166752328 0.14285714285714285 t_swap_k 100 2649.501971721649 96.96023986956546 93.60337161881914 85.95902714070239 98.9168829641324 95.10525335145883 85.05144661173405 90.16822699415361
0.9278936286195654 3303.5042237864877 0.17857142857142855 1.1262164192038084 4570.299167079807 0.17857142857142855 t_swap_k 100 2652.923709154129 96.96023986956546 93.60337161881914 86.33943686929537 98.9168829641324 95.10525335145883 85.05144661173405 90.16822699415361
0.9278936286195654 3303.5042237864877 0.17857142857142855 1.1405675466148875 4490.872734402428 0.125 t_move_k 100 2654.9492571353912 97.0406374708698 93.60337161881914 86.33943686929537 98.9168829641324 95.10525335145883 85.05144661173405 90.16822699415361
0.9278936286195654 3303.5042237864877 0.17857142857142855 1.098256607263973 4334.67310827083 0.1607142857142857 move_t 100 2656.1289899349213 97.0406374708698 93.66733790263095 86.33943686929537 98.9168829641324 95.10525335145883 85.05144661173405 90.16822699415361
0.9278936286195654 3303.5042237864877 0.17857142857142855 1.180981778154885 4749.020292739689 0.125 t_move_k 100 2657.694550514221 97.3502310961611 93.66733790263095 86.33943686929537 98.9168829641324 95.10525335145883 85.05144661173405 90.16822699415361
0.9278936286195654 3303.5042237864877 0.17857142857142855 1.140451008004267 4490.1283392565265 0.125 t_multiswap_k 100 2659.0338582992554 97.3502310961611 93.66733790263095 86.33943686929537 98.9168829641324 95.10525335145883 85.05144661173405 90.41654472421207
0.9278936286195654 3303.5042237864877 0.17857142857142855 1.1195831254225368 4413.865500524422 0.14285714285714285 t_move_k 100 2660.947903394699 97.46672878519948 93.66733790263095 86.33943686929537 98.9168829641324 95.10525335145883 85.05144661173405 90.41654472421207
0.9278936286195654 3303.5042237864877 0.17857142857142855 1.1355789388002129 4516.039413270452 0.14285714285714285 t_swap_k 100 2661.931243419647 97.46672878519948 93.66733790263095 86.66604250060242 98.9168829641324 95.10525335145883 85.05144661173405 90.41654472421207
0.9278936286195654 3303.5042237864877 0.17857142857142855 1.109716857545331 4350.844310578466 0.14285714285714285 t_swap_r_k 100 2664.842759847641 97.46672878519948 93.66733790263095 86.66604250060242 98.9168829641324 95.10525335145883 85.24093214561671 90.41654472421207
0.9278936286195654 3303.5042237864877 0.17857142857142855 1.1654700748930509 4592.907037680613 0.10714285714285714 t_swap_k 100 2667.567833185196 97.46672878519948 93.66733790263095 87.19938207559639 98.9168829641324 95.10525335145883 85.24093214561671 90.41654472421207
0.9278936286195654 3303.5042237864877 0.17857142857142855 1.1338646269716481 4619.152407279857 0.17857142857142855 f_swap_t 100 2669.03653550148 97.46672878519948 93.66733790263095 87.19938207559639 99.02771413449108 95.10525335145883 85.24093214561671 90.41654472421207
0.9278936286195654 3303.5042237864877 0.17857142857142855 1.1338646269716481 4619.152407279857 0.17857142857142855 t_swap_r_k 100 2671.984654903412 97.46672878519948 93.66733790263095 87.19938207559639 99.02771413449108 95.10525335145883 85.42852282416054 90.41654472421207
0.9278936286195654 3303.5042237864877 0.17857142857142855 1.1466176431454462 4700.612820140692 0.17857142857142855 f_swap_t 100 2674.243392467499 97.46672878519948 93.66733790263095 87.19938207559639 99.07743699314616 95.10525335145883 85.42852282416054 90.41654472421207
0.9278936286195654 3303.5042237864877 0.17857142857142855 1.1466176431454462 4700.612820140692 0.17857142857142855 swap_t 100 2676.577647447586 97.46672878519948 93.66733790263095 87.19938207559639 99.07743699314616 95.15420081794424 85.42852282416054 90.41654472421207
0.9278936286195654 3303.5042237864877 0.17857142857142855 1.178598456329495 4871.155473476917 0.1607142857142857 swap_t 100 2678.4436600208282 97.46672878519948 93.66733790263095 87.19938207559639 99.07743699314616 95.3326588097648 85.42852282416054 90.41654472421207
0.9278936286195654 3303.5042237864877 0.17857142857142855 1.1073656215952519 4392.857310193649 0.1607142857142857 t_move_k 100 2680.4490134716034 97.68206149734749 93.66733790263095 87.19938207559639 99.07743699314616 95.3326588097648 85.42852282416054 90.41654472421207
0.9278936286195654 3303.5042237864877 0.17857142857142855 1.0851287098438016 4307.849741598106 0.17857142857142855 swap_t 100 2681.770770072937 97.68206149734749 93.66733790263095 87.19938207559639 99.07743699314616 95.40933222166714 85.42852282416054 90.41654472421207
0.9278936286195654 3303.5042237864877 0.17857142857142855 1.0372583483282944 4059.10746331736 0.1964285714285714 t_swap_k 100 2684.4728107452393 97.68206149734749 93.66733790263095 87.38738825484043 99.07743699314616 95.40933222166714 85.42852282416054 90.41654472421207
0.9278936286195654 3303.5042237864877 0.17857142857142855 1.0215342712168984 4015.700892591105 0.2142857142857143 t_move_k 100 2687.1699941158295 97.70524088237401 93.66733790263095 87.38738825484043 99.07743699314616 95.40933222166714 85.42852282416054 90.41654472421207
0.9278936286195654 3303.5042237864877 0.17857142857142855 1.082702744070441 4349.385401407979 0.19642857142857145 f_swap_t 100 2688.574481487274 97.70524088237401 93.66733790263095 87.38738825484043 99.1666626232147 95.40933222166714 85.42852282416054 90.41654472421207
0.9278936286195654 3303.5042237864877 0.17857142857142855 1.0397917575234092 4132.321333752709 0.2142857142857143 swap_t 100 2689.258822441101 97.70524088237401 93.66733790263095 87.38738825484043 99.1666626232147 95.48523889945047 85.42852282416054 90.41654472421207
0.9278936286195654 3303.5042237864877 0.17857142857142855 1.0328378518495958 4087.902976599835 0.2142857142857143 move_t 100 2689.8632805347443 97.70524088237401 93.73066452360464 87.38738825484043 99.1666626232147 95.48523889945047 85.42852282416054 90.41654472421207
0.9278936286195654 3303.5042237864877 0.17857142857142855 1.028665444473522 4061.25155368571 0.2142857142857143 swap_t 100 2690.437737464905 97.70524088237401 93.73066452360464 87.38738825484043 99.1666626232147 95.53038651045595 85.42852282416054 90.41654472421207
0.9278936286195654 3303.5042237864877 0.17857142857142855 1.028665444473522 4061.25155368571 0.2142857142857143 move_t 100 2692.0458147525787 97.70524088237401 93.7933578783686 87.38738825484043 99.1666626232147 95.53038651045595 85.42852282416054 90.41654472421207
0.9278936286195654 3303.5042237864877 0.17857142857142855 1.028665444473522 4061.25155368571 0.2142857142857143 move_t 100 2693.797774076462 97.70524088237401 93.85542429958491 87.38738825484043 99.1666626232147 95.53038651045595 85.42852282416054 90.41654472421207
0.9278936286195654 3303.5042237864877 0.17857142857142855 1.0810608968362905 4338.898034990056 0.19642857142857142 t_swap_k 100 2696.624528646469 97.70524088237401 93.85542429958491 87.53351437229203 99.1666626232147 95.53038651045595 85.42852282416054 90.41654472421207
0.9278936286195654 3303.5042237864877 0.17857142857142855 1.1625089603521177 4631.0244128310505 0.125 t_swap_k 100 2699.056450366974 97.70524088237401 93.85542429958491 87.77817922856912 99.1666626232147 95.53038651045595 85.42852282416054 90.41654472421207
0.9278936286195654 3303.5042237864877 0.17857142857142855 1.1140896344004165 4435.807217237258 0.1607142857142857 swap_t 100 2700.5454425811768 97.70524088237401 93.85542429958491 87.77817922856912 99.1666626232147 95.6050826453514 85.42852282416054 90.41654472421207
0.9278936286195654 3303.5042237864877 0.17857142857142855 1.1042245106774877 4372.793335623583 0.1607142857142857 f_swap_t 100 2702.6718730926514 97.70524088237401 93.85542429958491 87.77817922856912 99.17499599698256 95.6050826453514 85.42852282416054 90.41654472421207
0.9278936286195654 3303.5042237864877 0.17857142857142855 1.0817978525428629 4400.636985228673 0.2142857142857143 t_multiswap_k 100 2703.8231461048126 97.70524088237401 93.85542429958491 87.77817922856912 99.17499599698256 95.6050826453514 85.42852282416054 90.54237927696995
0.9278936286195654 3303.5042237864877 0.17857142857142855 1.0714436615791458 4220.435935603748 0.17857142857142858 t_move_k 100 2705.809907913208 97.75818847355028 93.85542429958491 87.77817922856912 99.17499599698256 95.6050826453514 85.42852282416054 90.54237927696995
0.9278936286195654 3303.5042237864877 0.17857142857142855 1.0431538547041392 4210.828482618907 0.23214285714285715 swap_t 100 2707.0462605953217 97.75818847355028 93.85542429958491 87.77817922856912 99.17499599698256 95.64903181889788 85.42852282416054 90.54237927696995
0.9278936286195654 3303.5042237864877 0.17857142857142855 1.0150457245833167 4031.2866508526604 0.23214285714285715 t_multiswap_k 100 2709.1904640197754 97.75818847355028 93.85542429958491 87.77817922856912 99.17499599698256 95.64903181889788 85.42852282416054 90.66695548420026
0.9278936286195654 3303.5042237864877 0.17857142857142855 1.0159528892808245 3923.017971502685 0.1964285714285714 t_multiswap_k 100 2710.649547100067 97.75818847355028 93.85542429958491 87.77817922856912 99.17499599698256 95.64903181889788 85.42852282416054 90.80028592935825
0.9278936286195654 3303.5042237864877 0.17857142857142855 1.0094385565528228 3881.407404535308 0.19642857142857142 t_swap_r_k 100 2712.339340209961 97.75818847355028 93.85542429958491 87.77817922856912 99.17499599698256 95.64903181889788 85.61423759591894 90.80028592935825
0.9278936286195654 3303.5042237864877 0.17857142857142855 1.0094385565528228 3881.407404535308 0.19642857142857142 move_t 100 2713.3453953266144 97.75818847355028 93.91687005658906 87.77817922856912 99.17499599698256 95.64903181889788 85.61423759591894 90.80028592935825
0.9278936286195654 3303.5042237864877 0.17857142857142855 1.0094385565528228 3881.407404535308 0.19642857142857142 t_move_k 100 2715.468628168106 97.78060658881478 93.91687005658906 87.77817922856912 99.17499599698256 95.64903181889788 85.61423759591894 90.80028592935825
0.9278936286195654 3303.5042237864877 0.17857142857142855 1.0094385565528228 3881.407404535308 0.19642857142857142 move_t 100 2716.080073595047 97.78060658881478 93.97770135602318 87.77817922856912 99.17499599698256 95.64903181889788 85.61423759591894 90.80028592935825
0.9278936286195654 3303.5042237864877 0.17857142857142855 1.0025079840095676 3894.169704204287 0.21428571428571427 t_multiswap_k 100 2717.958528280258 97.78060658881478 93.97770135602318 87.77817922856912 99.17499599698256 95.64903181889788 85.61423759591894 90.95228307006467
0.9278936286195654 3303.5042237864877 0.17857142857142855 1.0025079840095676 3894.169704204287 0.21428571428571427 f_swap_t 100 2719.870299100876 97.78060658881478 93.97770135602318 87.77817922856912 99.18324603701274 95.64903181889788 85.61423759591894 90.95228307006467
0.9278936286195654 3303.5042237864877 0.17857142857142855 1.0025079840095676 3894.169704204287 0.21428571428571427 f_swap_t 100 2721.4648039340973 97.78060658881478 93.97770135602318 87.77817922856912 99.1914135766426 95.64903181889788 85.61423759591894 90.95228307006467
0.9278936286195654 3303.5042237864877 0.17857142857142855 1.0266583851409865 3991.399764543965 0.19642857142857142 t_swap_k 100 2723.5726096630096 97.78060658881478 93.97770135602318 88.03039743628342 99.1914135766426 95.64903181889788 85.61423759591894 90.95228307006467
0.9278936286195654 3303.5042237864877 0.17857142857142855 1.0266583851409865 3991.399764543965 0.19642857142857142 t_swap_r_k 100 2725.6464891433716 97.78060658881478 93.97770135602318 88.03039743628342 99.1914135766426 95.64903181889788 85.79809521995975 90.95228307006467
0.9278936286195654 3303.5042237864877 0.17857142857142855 1.0266583851409865 3991.399764543965 0.19642857142857142 swap_t 100 2726.542214155197 97.78060658881478 93.97770135602318 88.03039743628342 99.1914135766426 95.6925415007089 85.79809521995975 90.95228307006467
0.9278936286195654 3303.5042237864877 0.17857142857142855 1.0266583851409865 3991.399764543965 0.19642857142857142 swap_t 100 2727.837754011154 97.78060658881478 93.97770135602318 88.03039743628342 99.1914135766426 95.7356160857018 85.79809521995975 90.95228307006467
0.9278936286195654 3303.5042237864877 0.17857142857142855 1.0266583851409865 3991.399764543965 0.19642857142857142 t_move_k 100 2729.4382536411285 97.84280052292662 93.97770135602318 88.03039743628342 99.1914135766426 95.7356160857018 85.79809521995975 90.95228307006467
0.9278936286195654 3303.5042237864877 0.17857142857142855 1.0266681177961292 4048.493547772359 0.21428571428571427 f_swap_t 100 2731.078510284424 97.84280052292662 93.97770135602318 88.03039743628342 99.23949944087617 95.7356160857018 85.79809521995975 90.95228307006467
0.9278936286195654 3303.5042237864877 0.17857142857142855 1.0266681177961292 4048.493547772359 0.21428571428571427 f_swap_t 100 2732.5441133975983 97.84280052292662 93.97770135602318 88.03039743628342 99.24710444646742 95.7356160857018 85.79809521995975 90.95228307006467
0.9278936286195654 3303.5042237864877 0.17857142857142855 1.0266681177961292 4048.493547772359 0.21428571428571427 t_swap_r_k 100 2735.383998155594 97.84280052292662 93.97770135602318 88.03039743628342 99.24710444646742 95.7356160857018 85.98011426776016 90.95228307006467
0.9278936286195654 3303.5042237864877 0.17857142857142855 1.0126360299598296 3958.863012307898 0.21428571428571427 t_multiswap_k 100 2737.099531650543 97.84280052292662 93.97770135602318 88.03039743628342 99.24710444646742 95.7356160857018 85.98011426776016 91.10276023936402
0.9278936286195654 3303.5042237864877 0.17857142857142855 1.0102943046945574 3943.9051463163482 0.21428571428571427 t_move_k 100 2738.616252183914 97.89437251769736 93.97770135602318 88.03039743628342 99.24710444646742 95.7356160857018 85.98011426776016 91.10276023936402
0.9278936286195654 3303.5042237864877 0.17857142857142855 1.0022244060468588 3892.358338359087 0.21428571428571427 t_multiswap_k 100 2741.555766105652 97.89437251769736 93.97770135602318 88.03039743628342 99.24710444646742 95.7356160857018 85.98011426776016 91.25173263697037
0.9278936286195654 3303.5042237864877 0.17857142857142855 1.0022244060468588 3892.358338359087 0.21428571428571427 t_swap_r_k 100 2743.7118504047394 97.89437251769736 93.97770135602318 88.03039743628342 99.24710444646742 95.7356160857018 86.16031312508255 91.25173263697037
0.9278936286195654 3303.5042237864877 0.17857142857142855 1.0092365555849936 3937.148730579554 0.21428571428571427 t_move_k 100 2744.9551479816437 98.03542879252039 93.97770135602318 88.03039743628342 99.24710444646742 95.7356160857018 86.16031312508255 91.25173263697037
0.9278936286195654 3303.5042237864877 0.17857142857142855 1.0092365555849936 3937.148730579554 0.21428571428571427 f_swap_t 100 2747.0480568408966 98.03542879252039 93.97770135602318 88.03039743628342 99.25463340200274 95.7356160857018 86.16031312508255 91.25173263697037
0.9278936286195654 3303.5042237864877 0.17857142857142855 1.0092365555849936 3937.148730579554 0.21428571428571427 f_swap_t 100 2748.2244956493378 98.03542879252039 93.97770135602318 88.03039743628342 99.2620870679827 95.7356160857018 86.16031312508255 91.25173263697037
0.9278936286195654 3303.5042237864877 0.17857142857142855 1.0317741936461298 4081.108816283848 0.21428571428571427 t_swap_k 100 2749.659639120102 98.03542879252039 93.97770135602318 88.32009346192059 99.2620870679827 95.7356160857018 86.16031312508255 91.25173263697037
0.9278936286195654 3303.5042237864877 0.17857142857142855 1.0313019228763676 4078.092167409366 0.21428571428571427 t_multiswap_k 100 2752.1437928676605 98.03542879252039 93.97770135602318 88.32009346192059 99.2620870679827 95.7356160857018 86.16031312508255 91.46921531060067
0.9278936286195654 3303.5042237864877 0.17857142857142855 1.0289679890464385 4063.184069530019 0.21428571428571427 move_t 100 2753.970155477524 98.03542879252039 94.06792434246294 88.32009346192059 99.2620870679827 95.7356160857018 86.16031312508255 91.46921531060067
0.9278936286195654 3303.5042237864877 0.17857142857142855 1.0145947770032029 4028.4062047249326 0.23214285714285712 t_swap_k 100 2756.2307665348053 98.03542879252039 94.06792434246294 88.52689252730138 99.2620870679827 95.7356160857018 86.16031312508255 91.46921531060067
0.9278936286195654 3303.5042237864877 0.17857142857142855 1.0065171043699193 3976.809740116515 0.23214285714285712 t_move_k 100 2757.942477941513 98.2150745045952 94.06792434246294 88.52689252730138 99.2620870679827 95.7356160857018 86.16031312508255 91.46921531060067
0.9278936286195654 3303.5042237864877 0.17857142857142855 1.0065171043699193 3976.809740116515 0.23214285714285712 t_multiswap_k 100 2760.0543932914734 98.2150745045952 94.06792434246294 88.52689252730138 99.2620870679827 95.7356160857018 86.16031312508255 91.55452315749467
0.9278936286195654 3303.5042237864877 0.17857142857142855 1.0040294237418586 3960.9195782704037 0.23214285714285712 t_move_k 100 2762.276351213455 98.26292375954924 94.06792434246294 88.52689252730138 99.2620870679827 95.7356160857018 86.16031312508255 91.55452315749467
0.9278936286195654 3303.5042237864877 0.17857142857142855 1.018167645684959 4108.259665181967 0.25 t_swap_k 100 2764.2241945266724 98.26292375954924 94.06792434246294 88.72162360202837 99.2620870679827 95.7356160857018 86.16031312508255 91.55452315749467
0.9278936286195654 3303.5042237864877 0.17857142857142855 1.047852592879893 4183.810249566326 0.21428571428571427 t_swap_k 100 2765.9336807727814 98.26292375954924 94.06792434246294 88.9744073660081 99.2620870679827 95.7356160857018 86.16031312508255 91.55452315749467
0.9278936286195654 3303.5042237864877 0.17857142857142855 1.0567811643084646 4183.810249566326 0.19642857142857142 t_swap_r_k 100 2768.089072227478 98.26292375954924 94.06792434246294 88.9744073660081 99.2620870679827 95.7356160857018 86.33870999383173 91.55452315749467
0.9278936286195654 3303.5042237864877 0.17857142857142855 1.0257822152096743 4042.8348087365403 0.2142857142857143 t_move_k 100 2769.886805295944 98.59029452195375 94.06792434246294 88.9744073660081 99.2620870679827 95.7356160857018 86.33870999383173 91.55452315749467
0.9278936286195654 3303.5042237864877 0.17857142857142855 1.0257822152096743 4042.8348087365403 0.2142857142857143 f_swap_t 100 2772.3893954753876 98.59029452195375 94.06792434246294 88.9744073660081 99.26946619730288 95.7356160857018 86.33870999383173 91.55452315749467
0.9278936286195654 3303.5042237864877 0.17857142857142855 1.0257822152096743 4042.8348087365403 0.21428571428571427 t_swap_r_k 100 2775.6647441387177 98.59029452195375 94.06792434246294 88.9744073660081 99.26946619730288 95.7356160857018 86.51532289389341 91.55452315749467
0.9278936286195654 3303.5042237864877 0.17857142857142855 1.0176345855527298 3990.7914907757654 0.21428571428571427 t_move_k 100 2776.628919839859 98.66439157673422 94.06792434246294 88.9744073660081 99.26946619730288 95.7356160857018 86.51532289389341 91.55452315749467
0.9278936286195654 3303.5042237864877 0.17857142857142855 1.0176345855527298 3990.7914907757654 0.21428571428571427 t_multiswap_k 100 2778.7566118240356 98.66439157673422 94.06792434246294 88.9744073660081 99.26946619730288 95.7356160857018 86.51532289389341 91.63897792591972
0.9278936286195654 3303.5042237864877 0.17857142857142855 1.0346460913820472 4099.453180634502 0.21428571428571427 t_swap_k 100 2781.4755861759186 98.66439157673422 94.06792434246294 89.18466329234802 99.26946619730288 95.7356160857018 86.51532289389341 91.63897792591972
0.9278936286195654 3303.5042237864877 0.17857142857142855 1.0475276077333213 4124.70277814392 0.1964285714285714 t_multiswap_k 100 2784.3687238693237 98.66439157673422 94.06792434246294 89.18466329234802 99.26946619730288 95.7356160857018 86.51532289389341 91.91258814666053
0.9278936286195654 3303.5042237864877 0.17857142857142855 1.095411297785152 4316.4985775007835 0.16071428571428573 move_t 100 2786.059273004532 98.66439157673422 94.40724509903832 89.18466329234802 99.26946619730288 95.7356160857018 86.51532289389341 91.91258814666053
0.9278936286195654 3303.5042237864877 0.17857142857142855 1.0202520583694483 4007.510705540032 0.2142857142857143 t_swap_r_k 100 2787.76930975914 98.66439157673422 94.40724509903832 89.18466329234802 99.26946619730288 95.7356160857018 86.69016966495448 91.91258814666053
0.9278936286195654 3303.5042237864877 0.17857142857142855 1.0202520583694483 4007.510705540032 0.2142857142857143 swap_t 100 2789.5012617111206 98.66439157673422 94.40724509903832 89.18466329234802 99.26946619730288 95.77825992484479 86.69016966495448 91.91258814666053
0.9278936286195654 3303.5042237864877 0.17857142857142855 1.0193214236445982 4058.5978536343428 0.23214285714285715 t_move_k 100 2791.0677514076233 98.80774766096688 94.40724509903832 89.18466329234802 99.26946619730288 95.77825992484479 86.69016966495448 91.91258814666053
0.9278936286195654 3303.5042237864877 0.17857142857142855 1.0310494347569388 4133.511004706055 0.23214285714285715 move_t 100 2792.3959951400757 98.80774766096688 94.50317264804794 89.18466329234802 99.26946619730288 95.77825992484479 86.69016966495448 91.91258814666053
0.9278936286195654 3303.5042237864877 0.17857142857142855 1.0193840061922417 4001.9659867240016 0.2142857142857143 t_multiswap_k 100 2794.1709039211273 98.80774766096688 94.50317264804794 89.18466329234802 99.26946619730288 95.77825992484479 86.69016966495448 92.10346226519393
0.9278936286195654 3303.5042237864877 0.17857142857142855 1.0173829221350095 3989.183980393116 0.2142857142857143 move_t 100 2796.163685321808 98.80774766096688 94.58814092156746 89.18466329234802 99.26946619730288 95.77825992484479 86.69016966495448 92.10346226519393
0.9278936286195654 3303.5042237864877 0.17857142857142855 1.0173829221350095 3989.183980393116 0.2142857142857143 swap_t 100 2797.2009842395782 98.80774766096688 94.58814092156746 89.18466329234802 99.26946619730288 95.82047732559634 86.69016966495448 92.10346226519393
0.9278936286195654 3303.5042237864877 0.17857142857142855 0.9989920029500838 3871.711231258501 0.2142857142857143 t_move_k 100 2798.913221359253 98.87967018435721 94.58814092156746 89.18466329234802 99.26946619730288 95.82047732559634 86.69016966495448 92.10346226519393
0.9278936286195654 3303.5042237864877 0.17857142857142855 0.9989920029500838 3871.711231258501 0.2142857142857143 move_t 100 2800.303483724594 98.87967018435721 94.64225951235179 89.18466329234802 99.26946619730288 95.82047732559634 86.69016966495448 92.10346226519393
0.9278936286195654 3303.5042237864877 0.17857142857142855 0.9989723569264082 3871.585741478053 0.2142857142857143 t_swap_k 100 2802.943268060684 98.87967018435721 94.64225951235179 89.36281665942454 99.26946619730288 95.82047732559634 86.69016966495448 92.10346226519393
0.9278936286195654 3303.5042237864877 0.17857142857142855 1.016829499783551 3871.585741478053 0.17857142857142858 t_swap_r_k 100 2806.836312532425 98.87967018435721 94.64225951235179 89.36281665942454 99.26946619730288 95.82047732559634 86.86326796830494 92.10346226519393
0.9278936286195654 3303.5042237864877 0.17857142857142855 1.012237487973045 4013.3489245480678 0.23214285714285715 t_multiswap_k 100 2809.9855608940125 98.87967018435721 94.64225951235179 89.36281665942454 99.26946619730288 95.82047732559634 86.86326796830494 92.39242764254199
0.9278936286195654 3303.5042237864877 0.17857142857142855 1.0390232022587593 4013.3489245480678 0.17857142857142858 t_swap_r_k 100 2812.717469215393 98.87967018435721 94.64225951235179 89.36281665942454 99.26946619730288 95.82047732559634 87.03463528862189 92.39242764254199
0.9278936286195654 3303.5042237864877 0.17857142857142855 1.0390232022587593 4013.3489245480678 0.17857142857142858 swap_t 100 2813.9668509960175 98.87967018435721 94.64225951235179 89.36281665942454 99.26946619730288 95.86227255234039 87.03463528862189 92.39242764254199
0.9278936286195654 3303.5042237864877 0.17857142857142855 1.0838938366184785 4299.96193832124 0.17857142857142855 f_swap_t 100 2816.306379556656 98.87967018435721 94.64225951235179 89.36281665942454 99.41677153532984 95.86227255234039 87.03463528862189 92.39242764254199
0.9278936286195654 3303.5042237864877 0.17857142857142855 1.0439781512256174 4044.9988639070343 0.17857142857142858 swap_t 100 2816.9650344848633 98.87967018435721 94.64225951235179 89.36281665942454 99.41677153532984 95.90364982681699 87.03463528862189 92.39242764254199
0.9278936286195654 3303.5042237864877 0.17857142857142855 1.0363335438535604 3996.168621382432 0.17857142857142855 move_t 100 2817.694568157196 98.87967018435721 94.69583691722826 89.36281665942454 99.41677153532984 95.90364982681699 87.03463528862189 92.39242764254199
0.9278936286195654 3303.5042237864877 0.17857142857142855 1.031946677101689 3968.1473304264046 0.17857142857142855 t_swap_r_k 100 2819.445785522461 98.87967018435721 94.69583691722826 89.36281665942454 99.41677153532984 95.90364982681699 87.20428893573566 92.39242764254199
0.9278936286195654 3303.5042237864877 0.17857142857142855 1.0462887647185932 4173.821233169984 0.21428571428571427 f_swap_t 100 2820.965574502945 98.87967018435721 94.69583691722826 89.36281665942454 99.43260381997655 95.90364982681699 87.20428893573566 92.39242764254199
0.9278936286195654 3303.5042237864877 0.17857142857142855 1.1210056715975103 4365.9204569544 0.125 t_multiswap_k 100 2821.7850320339203 98.87967018435721 94.69583691722826 89.36281665942454 99.43260381997655 95.90364982681699 87.20428893573566 92.63850336611657
0.9278936286195654 3303.5042237864877 0.17857142857142855 1.0959375878592017 4319.860276892707 0.1607142857142857 f_swap_t 100 2823.428811788559 98.87967018435721 94.69583691722826 89.36281665942454 99.49827778177678 95.90364982681699 87.20428893573566 92.63850336611657
0.9278936286195654 3303.5042237864877 0.17857142857142855 1.0908031218422785 4401.126896018354 0.1964285714285714 t_swap_k 100 2825.9991977214813 98.87967018435721 94.69583691722826 89.5991884928303 99.49827778177678 95.90364982681699 87.20428893573566 92.63850336611657
0.9278936286195654 3303.5042237864877 0.17857142857142855 1.0848332963635783 4191.89954490977 0.14285714285714285 t_multiswap_k 100 2827.5723299980164 98.87967018435721 94.69583691722826 89.5991884928303 99.49827778177678 95.90364982681699 87.20428893573566 92.8921183324554
0.9278936286195654 3303.5042237864877 0.17857142857142855 1.0370899463364187 4001.0001732053793 0.17857142857142855 f_swap_t 100 2830.164468765259 98.87967018435721 94.69583691722826 89.5991884928303 99.56329500395901 95.90364982681699 87.20428893573566 92.8921183324554
0.9278936286195654 3303.5042237864877 0.17857142857142855 1.0454023014733762 4089.761912537561 0.17857142857142855 move_t 100 2831.0991592407227 98.87967018435721 94.78887854805598 89.5991884928303 99.56329500395901 95.90364982681699 87.20428893573566 92.8921183324554
0.9278936286195654 3303.5042237864877 0.17857142857142855 1.1843416395589326 4656.418314005026 0.08928571428571427 f_swap_t 100 2832.9390604496 98.87967018435721 94.78887854805598 89.5991884928303 99.75766205391942 95.90364982681699 87.20428893573566 92.8921183324554
0.9278936286195654 3303.5042237864877 0.17857142857142855 1.0912278513809155 4175.713411351862 0.125 f_swap_t 100 2834.2856431007385 98.87967018435721 94.78887854805598 89.5991884928303 99.88008543338023 95.90364982681699 87.20428893573566 92.8921183324554
0.9278936286195654 3303.5042237864877 0.17857142857142855 1.0792523791277784 4042.1879766181137 0.10714285714285714 t_swap_k 100 2836.7920427322388 98.87967018435721 94.78887854805598 89.71319660790199 99.88008543338023 95.90364982681699 87.20428893573566 92.8921183324554
0.9278936286195654 3303.5042237864877 0.17857142857142855 1.05993740330752 3966.5404225153784 0.125 swap_t 100 2838.308877468109 98.87967018435721 94.78887854805598 89.71319660790199 99.88008543338023 96.00461332854881 87.20428893573566 92.8921183324554
0.9278936286195654 3303.5042237864877 0.17857142857142855 1.0617403598300263 3987.360851986258 0.12499999999999999 t_move_k 100 2839.6800770759583 99.05087348251364 94.78887854805598 89.71319660790199 99.88008543338023 96.00461332854881 87.20428893573566 92.8921183324554
0.9278936286195654 3303.5042237864877 0.17857142857142855 1.1030957394626804 4251.520032291701 0.12499999999999999 t_multiswap_k 100 2841.2815792560577 99.05087348251364 94.78887854805598 89.71319660790199 99.88008543338023 96.00461332854881 87.20428893573566 93.20319714913084
0.9278936286195654 3303.5042237864877 0.17857142857142855 1.0858848499729126 4141.584771139974 0.12499999999999999 t_swap_r_k 100 2842.879570007324 99.05087348251364 94.78887854805598 89.71319660790199 99.88008543338023 96.00461332854881 87.37224604637831 93.20319714913084
0.9278936286195654 3303.5042237864877 0.17857142857142855 1.0592538577542 3914.446602695528 0.10714285714285712 t_swap_k 100 2844.6199867725372 99.05087348251364 94.78887854805598 89.91606464182297 99.88008543338023 96.00461332854881 87.37224604637831 93.20319714913084
0.9278936286195654 3303.5042237864877 0.17857142857142855 1.1302890911739434 4391.807733054557 0.10714285714285714 swap_t 100 2845.6827490329742 99.05087348251364 94.78887854805598 89.91606464182297 99.88008543338023 96.14456719526332 87.37224604637831 93.20319714913084
0.9278936286195654 3303.5042237864877 0.17857142857142855 1.0847305967213503 4248.275162236242 0.1607142857142857 t_multiswap_k 100 2848.356329202652 99.05087348251364 94.78887854805598 89.91606464182297 99.88008543338023 96.14456719526332 87.37224604637831 93.46116517763953
0.9278936286195654 3303.5042237864877 0.17857142857142855 1.1171733901160268 4341.441602115185 0.12499999999999999 t_move_k 100 2850.500769853592 99.3303647476885 94.78887854805598 89.91606464182297 99.88008543338023 96.14456719526332 87.37224604637831 93.46116517763953
0.9278936286195654 3303.5042237864877 0.17857142857142855 1.081134483732159 4168.27322781395 0.14285714285714285 t_swap_r_k 100 2853.6459443569183 99.3303647476885 94.78887854805598 89.91606464182297 99.88008543338023 96.14456719526332 87.53852358591452 93.46116517763953
0.9278936286195654 3303.5042237864877 0.17857142857142855 1.0941527065719157 4251.427659109954 0.14285714285714285 f_swap_t 100 2857.138287782669 99.3303647476885 94.78887854805598 89.91606464182297 99.92128457904643 96.14456719526332 87.53852358591452 93.46116517763953
0.9278936286195654 3303.5042237864877 0.17857142857142855 1.0783897698921532 4150.741255804764 0.14285714285714285 move_t 100 2859.150210618973 99.3303647476885 94.84098976257542 89.91606464182297 99.92128457904643 96.14456719526332 87.53852358591452 93.46116517763953
0.9278936286195654 3303.5042237864877 0.17857142857142855 1.1188151324807403 4408.959914170546 0.14285714285714285 t_move_k 100 2862.379851579666 99.47706110021161 94.84098976257542 89.91606464182297 99.92128457904643 96.14456719526332 87.53852358591452 93.46116517763953
0.9278936286195654 3303.5042237864877 0.17857142857142855 1.0539928455651162 3937.873287471013 0.125 t_multiswap_k 100 2863.5210876464844 99.47706110021161 94.84098976257542 89.91606464182297 99.92128457904643 96.14456719526332 87.53852358591452 93.61655352586314
0.9278936286195654 3303.5042237864877 0.17857142857142855 1.0840207219279598 4129.677576943882 0.125 t_multiswap_k 100 2864.794188976288 99.47706110021161 94.84098976257542 89.91606464182297 99.92128457904643 96.14456719526332 87.53852358591452 93.78038799060451
0.9278936286195654 3303.5042237864877 0.17857142857142855 1.0762423853663248 4137.024749241843 0.14285714285714285 t_move_k 100 2867.224086046219 99.65229048920949 94.84098976257542 89.91606464182297 99.92128457904643 96.14456719526332 87.53852358591452 93.78038799060451
0.9278936286195654 3303.5042237864877 0.17857142857142855 1.0636732368996804 4113.770414382422 0.1607142857142857 t_swap_k 100 2869.6109874248505 99.65229048920949 94.84098976257542 90.21690399540473 99.92128457904643 96.14456719526332 87.53852358591452 93.78038799060451
0.9278936286195654 3303.5042237864877 0.17857142857142855 1.020240109147093 3950.4027638978314 0.19642857142857142 swap_t 100 2871.4934906959534 99.65229048920949 94.84098976257542 90.21690399540473 99.92128457904643 96.18312152331069 87.53852358591452 93.78038799060451
0.9278936286195654 3303.5042237864877 0.17857142857142855 1.020240109147093 3950.4027638978314 0.19642857142857142 t_multiswap_k 100 2873.7389805316925 99.65229048920949 94.84098976257542 90.21690399540473 99.92128457904643 96.18312152331069 87.53852358591452 93.84258411069847
0.9278936286195654 3303.5042237864877 0.17857142857142855 1.034339289313078 4040.4618543646147 0.19642857142857142 t_move_k 100 2875.863252401352 99.8057675843174 94.84098976257542 90.21690399540473 99.92128457904643 96.18312152331069 87.53852358591452 93.84258411069847
0.9278936286195654 3303.5042237864877 0.17857142857142855 1.0789821464559353 4040.4618543646147 0.10714285714285715 t_swap_r_k 100 2878.1697714328766 99.8057675843174 94.84098976257542 90.21690399540473 99.92128457904643 96.18312152331069 87.70313835005537 93.84258411069847
0.9278936286195654 3303.5042237864877 0.17857142857142855 1.054400240126466 3940.4755369085233 0.125 t_move_k 100 2879.597755432129 99.83770990847422 94.84098976257542 90.21690399540473 99.92128457904643 96.18312152331069 87.70313835005537 93.84258411069847
0.9278936286195654 3303.5042237864877 0.17857142857142855 1.0419150070709016 3917.7572151724935 0.14285714285714285 move_t 100 2880.7168469429016 99.83770990847422 94.89257986494967 90.21690399540473 99.92128457904643 96.18312152331069 87.70313835005537 93.84258411069847
0.9278936286195654 3303.5042237864877 0.17857142857142855 1.0519195747252879 4038.6934161018157 0.1607142857142857 f_swap_t 100 2881.9450941085815 99.83770990847422 94.89257986494967 90.21690399540473 99.93207173325597 96.18312152331069 87.70313835005537 93.84258411069847
0.9278936286195654 3303.5042237864877 0.17857142857142855 1.0504716443328148 3915.3814704576644 0.125 t_swap_r_k 100 2884.2425997257233 99.83770990847422 94.89257986494967 90.21690399540473 99.93207173325597 96.18312152331069 87.86610696655481 93.84258411069847
0.9278936286195654 3303.5042237864877 0.17857142857142855 1.111251126480966 4246.5812852203335 0.10714285714285714 t_swap_k 100 2887.7447984218597 99.83770990847422 94.89257986494967 90.4647349554507 99.93207173325597 96.18312152331069 87.86610696655481 93.84258411069847
0.9278936286195654 3303.5042237864877 0.17857142857142855 1.119960177421467 4188.1474736213495 0.07142857142857142 move_t 100 2888.9860877990723 99.83770990847422 95.04365406630016 90.4647349554507 99.93207173325597 96.18312152331069 87.86610696655481 93.84258411069847
0.9278936286195654 3303.5042237864877 0.17857142857142855 1.1349500727838313 4397.95927485737 0.10714285714285712 t_move_k 100 2890.3630695343018 100.20933280938948 95.04365406630016 90.4647349554507 99.93207173325597 96.18312152331069 87.86610696655481 93.84258411069847
0.9278936286195654 3303.5042237864877 0.17857142857142855 1.0849473829167207 4192.628277438154 0.14285714285714285 move_t 100 2891.168804168701 100.20933280938948 95.12321752563716 90.4647349554507 99.93207173325597 96.18312152331069 87.86610696655481 93.84258411069847
0.9278936286195654 3303.5042237864877 0.17857142857142855 1.0571451613587162 4072.0720646346786 0.1607142857142857 t_swap_k 100 2893.057330608368 100.20933280938948 95.12321752563716 90.62008760589619 99.93207173325597 96.18312152331069 87.86610696655481 93.84258411069847
0.9278936286195654 3303.5042237864877 0.17857142857142855 1.0571451613587162 4072.0720646346786 0.1607142857142857 swap_t 100 2894.8144783973694 100.20933280938948 95.12321752563716 90.62008760589619 99.93207173325597 96.22129030807758 87.86610696655481 93.84258411069847
0.9278936286195654 3303.5042237864877 0.17857142857142855 1.0799868918421776 4217.974553134741 0.1607142857142857 f_swap_t 100 2897.7690608501434 100.20933280938948 95.12321752563716 90.62008760589619 100.00275101592341 96.22129030807758 87.86610696655481 93.84258411069847
0.9278936286195654 3303.5042237864877 0.17857142857142855 1.0637090719902613 4113.999312490434 0.1607142857142857 t_move_k 100 2899.4010276794434 100.41723948129558 95.12321752563716 90.62008760589619 100.00275101592341 96.22129030807758 87.86610696655481 93.84258411069847
0.9278936286195654 3303.5042237864877 0.17857142857142855 1.1721789978737829 4578.728942357689 0.08928571428571429 f_swap_t 100 2902.3478326797485 100.41723948129558 95.12321752563716 90.62008760589619 100.22272350576418 96.22129030807758 87.86610696655481 93.84258411069847
0.9278936286195654 3303.5042237864877 0.17857142857142855 1.126828908321355 4346.085004409626 0.10714285714285712 move_t 100 2904.045604944229 100.41723948129558 95.41198535038079 90.62008760589619 100.22272350576418 96.22129030807758 87.86610696655481 93.84258411069847
0.9278936286195654 3303.5042237864877 0.17857142857142855 1.10659921117045 4216.866985746076 0.10714285714285712 t_multiswap_k 100 2905.7144927978516 100.41723948129558 95.41198535038079 90.62008760589619 100.22272350576418 96.22129030807758 87.86610696655481 93.96415826959148
0.9278936286195654 3303.5042237864877 0.17857142857142855 1.1438234963766494 4397.607015798993 0.08928571428571429 swap_t 100 2906.8899869918823 100.41723948129558 95.41198535038079 90.62008760589619 100.22272350576418 96.33907740499681 87.86610696655481 93.96415826959148
0.9278936286195654 3303.5042237864877 0.17857142857142855 1.0796360709685373 4158.702054948087 0.14285714285714285 t_multiswap_k 100 2908.0221910476685 100.41723948129558 95.41198535038079 90.62008760589619 100.22272350576418 96.33907740499681 87.86610696655481 94.12451668689556
0.9278936286195654 3303.5042237864877 0.17857142857142855 1.0948851072757169 4256.105898586652 0.14285714285714285 t_swap_k 100 2909.9631929397583 100.41723948129558 95.41198535038079 90.78388672983722 100.22272350576418 96.33907740499681 87.86610696655481 94.12451668689556
0.9278936286195654 3303.5042237864877 0.17857142857142855 1.124927044776907 4333.9367731657885 0.10714285714285714 f_swap_t 100 2914.396943092346 100.41723948129558 95.41198535038079 90.78388672983722 100.37049627070654 96.33907740499681 87.86610696655481 94.12451668689556
0.9278936286195654 3303.5042237864877 0.17857142857142855 1.1233991539740833 4381.208923613085 0.12499999999999999 f_swap_t 100 2917.35920381546 100.41723948129558 95.41198535038079 90.78388672983722 100.53679130799948 96.33907740499681 87.86610696655481 94.12451668689556
0.9278936286195654 3303.5042237864877 0.17857142857142855 1.0976430961103074 4294.506932536226 0.10714285714285714 swap_t 100 2918.470990419388 100.41723948129558 95.41198535038079 90.78388672983722 100.53679130799948 96.43568663094685 87.86610696655481 94.12451668689556
0.9278936286195654 3303.5042237864877 0.17857142857142855 1.1496908978029206 4321.0220516036115 0.05357142857142857 t_multiswap_k 100 2919.892537355423 100.41723948129558 95.41198535038079 90.78388672983722 100.53679130799948 96.43568663094685 87.86610696655481 94.29327152002661
0.9278936286195654 3303.5042237864877 0.17857142857142855 1.1177040385950439 4173.736294511472 0.07142857142857142 t_move_k 100 2921.676598548889 100.47306708648263 95.41198535038079 90.78388672983722 100.53679130799948 96.43568663094685 87.86610696655481 94.29327152002661
0.9278936286195654 3303.5042237864877 0.17857142857142855 1.1046311464844571 4147.264276505388 0.08928571428571427 t_move_k 100 2923.1089708805084 100.6483364156178 95.41198535038079 90.78388672983722 100.53679130799948 96.43568663094685 87.86610696655481 94.29327152002661
0.9278936286195654 3303.5042237864877 0.17857142857142855 1.0932026353165356 4074.2641935888223 0.08928571428571427 move_t 100 2924.2933955192566 100.6483364156178 95.45786549687698 90.78388672983722 100.53679130799948 96.43568663094685 87.86610696655481 94.29327152002661
0.9278936286195654 3303.5042237864877 0.17857142857142855 1.0932026353165356 4074.2641935888223 0.08928571428571427 t_swap_k 100 2926.2795193195343 100.6483364156178 95.45786549687698 90.87604786253885 100.53679130799948 96.43568663094685 87.86610696655481 94.29327152002661
0.9278936286195654 3303.5042237864877 0.17857142857142855 1.0910129305987295 4060.2773650672466 0.08928571428571427 move_t 100 2927.6644320487976 100.6483364156178 95.54328684190821 90.87604786253885 100.53679130799948 96.43568663094685 87.86610696655481 94.29327152002661
0.9278936286195654 3303.5042237864877 0.17857142857142855 1.1291916889156741 4247.114131186851 0.07142857142857142 t_move_k 100 2929.885052919388 100.77185305146163 95.54328684190821 90.87604786253885 100.53679130799948 96.43568663094685 87.86610696655481 94.29327152002661
0.9278936286195654 3303.5042237864877 0.17857142857142855 1.101018513272383 4124.188433978428 0.08928571428571427 t_swap_r_k 100 2931.4395928382874 100.77185305146163 95.54328684190821 90.87604786253885 100.53679130799948 96.43568663094685 88.05744589688926 94.29327152002661
0.9278936286195654 3303.5042237864877 0.17857142857142855 1.0591442486388007 3799.6832389934953 0.07142857142857142 t_multiswap_k 100 2933.8321492671967 100.77185305146163 95.54328684190821 90.87604786253885 100.53679130799948 96.43568663094685 88.05744589688926 94.41033880482634
0.9278936286195654 3303.5042237864877 0.17857142857142855 1.0433530152325665 3755.8477046848866 0.08928571428571427 t_swap_r_k 100 2937.532218694687 100.77185305146163 95.54328684190821 90.87604786253885 100.53679130799948 96.43568663094685 88.21687143792037 94.41033880482634
0.9278936286195654 3303.5042237864877 0.17857142857142855 1.0636521491335373 3999.5724844224255 0.125 t_swap_k 100 2939.128655195236 100.77185305146163 95.54328684190821 91.00728738391346 100.53679130799948 96.43568663094685 88.21687143792037 94.41033880482634
0.9278936286195654 3303.5042237864877 0.17857142857142855 1.0636521491335373 3999.5724844224255 0.125 t_swap_r_k 100 2942.473226070404 100.77185305146163 95.54328684190821 91.00728738391346 100.53679130799948 96.43568663094685 88.37470272354118 94.41033880482634
0.9278936286195654 3303.5042237864877 0.17857142857142855 1.0393084494923772 3844.076106443752 0.125 t_move_k 100 2943.555488348007 100.91413452094702 95.54328684190821 91.00728738391346 100.53679130799948 96.43568663094685 88.37470272354118 94.41033880482634
0.9278936286195654 3303.5042237864877 0.17857142857142855 1.0348295851498817 3872.881592837342 0.14285714285714285 move_t 100 2945.8474690914154 100.91413452094702 95.68785397348913 91.00728738391346 100.53679130799948 96.43568663094685 88.37470272354118 94.41033880482634
0.9278936286195654 3303.5042237864877 0.17857142857142855 1.033720631207399 3865.41530390375 0.14285714285714285 swap_t 100 2948.472196817398 100.91413452094702 95.68785397348913 91.00728738391346 100.53679130799948 96.50132976463738 88.37470272354118 94.41033880482634
0.9278936286195654 3303.5042237864877 0.17857142857142855 1.0791095636449874 4098.307352370829 0.125 t_move_k 100 2950.093412876129 100.97499317573755 95.68785397348913 91.00728738391346 100.53679130799948 96.50132976463738 88.37470272354118 94.41033880482634
0.9278936286195654 3303.5042237864877 0.17857142857142855 1.1532949943747686 4401.074981486933 0.07142857142857142 swap_t 100 2951.8936684131622 100.97499317573755 95.68785397348913 91.00728738391346 100.53679130799948 96.786316466991 88.37470272354118 94.41033880482634
0.9278936286195654 3303.5042237864877 0.17857142857142855 1.1503400666316939 4496.2634905572095 0.10714285714285714 t_swap_k 100 2955.059224843979 100.97499317573755 95.68785397348913 91.37721451007432 100.53679130799948 96.786316466991 88.37470272354118 94.41033880482634
0.9278936286195654 3303.5042237864877 0.17857142857142855 1.1195332572225134 4299.483734364875 0.10714285714285714 t_swap_r_k 100 2957.681994199753 100.97499317573755 95.68785397348913 91.37721451007432 100.53679130799948 96.786316466991 88.56095569630577 94.41033880482634
0.9278936286195654 3303.5042237864877 0.17857142857142855 1.1195332572225134 4299.483734364875 0.10714285714285714 f_swap_t 100 2960.845218896866 100.97499317573755 95.68785397348913 91.37721451007432 100.53142339491949 96.786316466991 88.56095569630577 94.41033880482634
0.9278936286195654 3303.5042237864877 0.17857142857142855 1.1387385825175795 4370.106383856577 0.10714285714285714 swap_t 100 2962.745501756668 100.97499317573755 95.68785397348913 91.37721451007432 100.53142339491949 96.82845330232108 88.56095569630577 94.41033880482634
0.9278936286195654 3303.5042237864877 0.17857142857142855 1.1175982649140583 4287.1238917848 0.10714285714285712 t_swap_k 100 2965.099482536316 100.97499317573755 95.68785397348913 91.55344236497358 100.53142339491949 96.82845330232108 88.56095569630577 94.41033880482634
0.9278936286195654 3303.5042237864877 0.17857142857142855 1.1155060295309065 4273.7596526282805 0.10714285714285712 f_swap_t 100 2967.1472384929657 100.97499317573755 95.68785397348913 91.55344236497358 100.53610916097028 96.82845330232108 88.56095569630577 94.41033880482634
0.9278936286195654 3303.5042237864877 0.17857142857142855 1.1155060295309065 4273.7596526282805 0.10714285714285712 swap_t 100 2968.905062198639 100.97499317573755 95.68785397348913 91.55344236497358 100.53610916097028 96.86016876929787 88.56095569630577 94.41033880482634
0.9278936286195654 3303.5042237864877 0.17857142857142855 1.1279849786175498 4353.46945075085 0.10714285714285714 t_swap_k 100 2971.5298924446106 100.97499317573755 95.68785397348913 91.91790794132385 100.53610916097028 96.86016876929787 88.56095569630577 94.41033880482634
0.9278936286195654 3303.5042237864877 0.17857142857142855 1.1238774389469661 4384.263988456194 0.125 f_swap_t 100 2974.372966527939 100.97499317573755 95.68785397348913 91.91790794132385 100.54074806936057 96.86016876929787 88.56095569630577 94.41033880482634
0.9278936286195654 3303.5042237864877 0.17857142857142855 1.1129671644562702 4314.57416352967 0.125 move_t 100 2975.5633594989777 100.97499317573755 95.82097543375423 91.91790794132385 100.54074806936057 96.86016876929787 88.56095569630577 94.41033880482634
0.9278936286195654 3303.5042237864877 0.17857142857142855 1.0811287684809665 4168.236721413001 0.14285714285714285 t_multiswap_k 100 2977.3483781814575 100.97499317573755 95.82097543375423 91.91790794132385 100.54074806936057 96.86016876929787 88.56095569630577 94.55623541677808
0.9278936286195654 3303.5042237864877 0.17857142857142855 1.0688868128751796 4147.072344346102 0.1607142857142857 t_multiswap_k 100 2978.9072449207306 100.97499317573755 95.82097543375423 91.91790794132385 100.54074806936057 96.86016876929787 88.56095569630577 94.6406730626103
0.9278936286195654 3303.5042237864877 0.17857142857142855 1.0702680808003453 4155.895249760949 0.1607142857142857 f_swap_t 100 2980.86971616745 100.97499317573755 95.82097543375423 91.91790794132385 100.58534058866697 96.86016876929787 88.56095569630577 94.6406730626103
0.9278936286195654 3303.5042237864877 0.17857142857142855 1.1078503890905198 4338.922166918597 0.14285714285714285 t_swap_k 100 2982.7439045906067 100.97499317573755 95.82097543375423 92.09872886191062 100.58534058866697 96.86016876929787 88.56095569630577 94.6406730626103
0.9278936286195654 3303.5042237864877 0.17857142857142855 1.072954689569986 4173.056073254619 0.1607142857142857 t_swap_r_k 100 2985.873824596405 100.97499317573755 95.82097543375423 92.09872886191062 100.58534058866697 96.86016876929787 88.74534613934271 94.6406730626103
0.9278936286195654 3303.5042237864877 0.17857142857142855 1.0268486348592791 4049.6466079027796 0.21428571428571425 t_multiswap_k 100 2988.3677232265472 100.97499317573755 95.82097543375423 92.09872886191062 100.58534058866697 96.86016876929787 88.74534613934271 94.7542663319842
0.9278936286195654 3303.5042237864877 0.17857142857142855 1.0268486348592791 4049.6466079027796 0.21428571428571425 t_multiswap_k 100 2991.048761844635 100.97499317573755 95.82097543375423 92.09872886191062 100.58534058866697 96.86016876929787 88.74534613934271 94.80672366866436
0.9278936286195654 3303.5042237864877 0.17857142857142855 1.0268486348592791 4049.6466079027796 0.21428571428571425 f_swap_t 100 2992.4533548355103 100.97499317573755 95.82097543375423 92.09872886191062 100.5794871827803 96.86016876929787 88.74534613934271 94.80672366866436
0.9278936286195654 3303.5042237864877 0.17857142857142855 1.027796979932602 4169.7674318701 0.24999999999999997 t_move_k 100 2994.4878516197205 101.10524324398018 95.82097543375423 92.09872886191062 100.5794871827803 96.86016876929787 88.74534613934271 94.80672366866436
0.9278936286195654 3303.5042237864877 0.17857142857142855 1.0220328023226035 4189.98012692218 0.26785714285714285 f_swap_t 100 2995.935907125473 101.10524324398018 95.82097543375423 92.09872886191062 100.6036923109525 96.86016876929787 88.74534613934271 94.80672366866436
0.9278936286195654 3303.5042237864877 0.17857142857142855 1.0427748367604188 4216.644768378819 0.25 move_t 100 2996.6727015972137 101.10524324398018 95.87276567941669 92.09872886191062 100.6036923109525 96.86016876929787 88.74534613934271 94.80672366866436
0.9278936286195654 3303.5042237864877 0.17857142857142855 1.0156739480557064 4128.2144556552375 0.2142857142857143 swap_t 100 2998.5113315582275 101.10524324398018 95.87276567941669 92.09872886191062 100.6036923109525 96.92156708160489 88.74534613934271 94.80672366866436
0.9278936286195654 3303.5042237864877 0.17857142857142855 1.0157797576963978 3978.9437019151956 0.21428571428571425 t_swap_r_k 100 3001.5559322834015 101.10524324398018 95.87276567941669 92.09872886191062 100.6036923109525 96.92156708160489 88.89789267794929 94.80672366866436
0.9278936286195654 3303.5042237864877 0.17857142857142855 1.1718821928465053 4706.760056955677 0.14285714285714285 swap_t 100 3004.0352931022644 101.10524324398018 95.87276567941669 92.09872886191062 100.6036923109525 97.12235141078884 88.89789267794929 94.80672366866436
0.9278936286195654 3303.5042237864877 0.17857142857142855 1.1160597412697424 4448.391355512325 0.1607142857142857 t_move_k 100 3005.2604949474335 101.34419081154039 95.87276567941669 92.09872886191062 100.6036923109525 97.12235141078884 88.89789267794929 94.80672366866436
0.9278936286195654 3303.5042237864877 0.17857142857142855 1.0967070630099314 4381.80694641208 0.17857142857142855 t_multiswap_k 100 3006.1318759918213 101.34419081154039 95.87276567941669 92.09872886191062 100.6036923109525 97.12235141078884 88.89789267794929 95.04865643197772
0.9278936286195654 3303.5042237864877 0.17857142857142855 1.0900924183979213 4396.587248674544 0.1964285714285714 t_move_k 100 3009.110498189926 101.51074890342498 95.87276567941669 92.09872886191062 100.6036923109525 97.12235141078884 88.89789267794929 95.04865643197772
0.9278936286195654 3303.5042237864877 0.17857142857142855 1.1036873146182908 4480.28432872613 0.1964285714285714 swap_t 100 3010.620419025421 101.51074890342498 95.87276567941669 92.09872886191062 100.6036923109525 97.31112789668094 88.89789267794929 95.04865643197772
0.9278936286195654 3303.5042237864877 0.17857142857142855 1.061315944707494 4300.698513284695 0.2142857142857143 swap_t 100 3011.444282770157 101.51074890342498 95.87276567941669 92.09872886191062 100.6036923109525 97.36801661771413 88.89789267794929 95.04865643197772
0.9278936286195654 3303.5042237864877 0.17857142857142855 1.072850324134563 4343.484281249386 0.21428571428571427 t_swap_k 100 3013.9899871349335 101.51074890342498 95.87276567941669 92.2177415732915 100.6036923109525 97.36801661771413 88.89789267794929 95.04865643197772
0.9278936286195654 3303.5042237864877 0.17857142857142855 1.1113766876899773 4532.541390059099 0.1964285714285714 f_swap_t 100 3017.453116416931 101.51074890342498 95.87276567941669 92.2177415732915 100.63765538784297 97.36801661771413 88.89789267794929 95.04865643197772
0.9278936286195654 3303.5042237864877 0.17857142857142855 1.0679501160839446 4312.184001733745 0.21428571428571427 swap_t 100 3018.3923859596252 101.51074890342498 95.87276567941669 92.2177415732915 100.63765538784297 97.39433645153699 88.89789267794929 95.04865643197772
0.9278936286195654 3303.5042237864877 0.17857142857142855 1.0525180910461376 4213.611310087569 0.2142857142857143 t_multiswap_k 100 3020.7561342716217 101.51074890342498 95.87276567941669 92.2177415732915 100.63765538784297 97.39433645153699 88.89789267794929 95.15816986765795
0.9278936286195654 3303.5042237864877 0.17857142857142855 1.1055454448245443 4324.199241065705 0.14285714285714285 t_move_k 100 3022.179265022278 101.68564141439073 95.87276567941669 92.2177415732915 100.63765538784297 97.39433645153699 88.89789267794929 95.15816986765795
0.9278936286195654 3303.5042237864877 0.17857142857142855 1.0054542487599154 4141.115552884903 0.2857142857142857 move_t 100 3022.8516092300415 101.68564141439073 95.91403802262252 92.2177415732915 100.63765538784297 97.39433645153699 88.89789267794929 95.15816986765795
0.9278936286195654 3303.5042237864877 0.17857142857142855 1.0054542487599154 4141.115552884903 0.2857142857142857 swap_t 100 3024.014889717102 101.68564141439073 95.91403802262252 92.2177415732915 100.63765538784297 97.42039308702162 88.89789267794929 95.15816986765795
0.9278936286195654 3303.5042237864877 0.17857142857142855 1.0413311635636053 4313.24919933655 0.26785714285714285 t_move_k 100 3025.459522008896 101.67878500024682 95.91403802262252 92.2177415732915 100.63765538784297 97.42039308702162 88.89789267794929 95.15816986765795
0.9278936286195654 3303.5042237864877 0.17857142857142855 1.0413311635636053 4313.24919933655 0.26785714285714285 f_swap_t 100 3027.310823202133 101.67878500024682 95.91403802262252 92.2177415732915 100.63127883396454 97.42039308702162 88.89789267794929 95.15816986765795
0.9278936286195654 3303.5042237864877 0.17857142857142855 1.020189604540647 4178.2066256377675 0.26785714285714285 t_move_k 100 3029.3102056980133 101.75199715024435 95.91403802262252 92.2177415732915 100.63127883396454 97.42039308702162 88.89789267794929 95.15816986765795
0.9278936286195654 3303.5042237864877 0.17857142857142855 1.020189604540647 4178.2066256377675 0.26785714285714285 swap_t 100 3031.027289867401 101.75199715024435 95.91403802262252 92.2177415732915 100.63127883396454 97.4461891561514 88.89789267794929 95.15816986765795
0.9278936286195654 3303.5042237864877 0.17857142857142855 1.0905209634469384 4171.198135736794 0.125 t_multiswap_k 100 3033.601666212082 101.75199715024435 95.91403802262252 92.2177415732915 100.63127883396454 97.4461891561514 88.89789267794929 95.34658816898137
0.9278936286195654 3303.5042237864877 0.17857142857142855 1.0487304994766258 3961.2914519094347 0.14285714285714285 f_swap_t 100 3036.8553619384766 101.75199715024435 95.91403802262252 92.2177415732915 100.6249660456249 97.4461891561514 88.89789267794929 95.34658816898137
0.9278936286195654 3303.5042237864877 0.17857142857142855 1.0487304994766258 3961.2914519094347 0.14285714285714285 t_swap_r_k 100 3038.5186088085175 101.75199715024435 95.91403802262252 92.2177415732915 100.6249660456249 97.4461891561514 89.04891375116979 95.34658816898137
0.9278936286195654 3303.5042237864877 0.17857142857142855 1.0487304994766258 3961.2914519094347 0.14285714285714285 t_swap_k 100 3040.9414467811584 101.75199715024435 95.91403802262252 92.29556415755859 100.6249660456249 97.4461891561514 89.04891375116979 95.34658816898137
0.9278936286195654 3303.5042237864877 0.17857142857142855 1.0487304994766258 3961.2914519094347 0.14285714285714285 t_multiswap_k 100 3042.530907869339 101.75199715024435 95.91403802262252 92.29556415755859 100.6249660456249 97.4461891561514 89.04891375116979 95.39312228729156
0.9278936286195654 3303.5042237864877 0.17857142857142855 1.1114027010701082 4328.524299537425 0.125 move_t 100 3044.4553141593933 101.75199715024435 96.06489764239629 92.29556415755859 100.6249660456249 97.4461891561514 89.04891375116979 95.39312228729156
0.9278936286195654 3303.5042237864877 0.17857142857142855 1.056253209295875 4123.406299816064 0.17857142857142855 move_t 100 3045.836948633194 101.75199715024435 96.28424866597233 92.29556415755859 100.6249660456249 97.4461891561514 89.04891375116979 95.39312228729156
0.9278936286195654 3303.5042237864877 0.17857142857142855 1.0897184933847206 4280.135556355409 0.1607142857142857 t_multiswap_k 100 3047.084366083145 101.75199715024435 96.28424866597233 92.29556415755859 100.6249660456249 97.4461891561514 89.04891375116979 95.63919106441864
0.9278936286195654 3303.5042237864877 0.17857142857142855 1.0532686168280083 4218.405324242392 0.21428571428571425 f_swap_t 100 3048.361362695694 101.75199715024435 96.28424866597233 92.29556415755859 100.67871638516866 97.4461891561514 89.04891375116979 95.63919106441864
0.9278936286195654 3303.5042237864877 0.17857142857142855 1.050883831873556 4089.10918173302 0.17857142857142855 t_swap_r_k 100 3050.469531059265 101.75199715024435 96.28424866597233 92.29556415755859 100.67871638516866 97.4461891561514 89.19842461365809 95.63919106441864
0.9278936286195654 3303.5042237864877 0.17857142857142855 0.9965558397030762 4027.244985278533 0.26785714285714285 t_multiswap_k 100 3052.2490730285645 101.75199715024435 96.28424866597233 92.29556415755859 100.67871638516866 97.4461891561514 89.19842461365809 95.68279915377445
0.9278936286195654 3303.5042237864877 0.17857142857142855 1.0982270023084804 4277.452389910469 0.14285714285714285 f_swap_t 100 3053.37748169899 101.75199715024435 96.28424866597233 92.29556415755859 100.80192922131697 97.4461891561514 89.19842461365809 95.68279915377445
0.9278936286195654 3303.5042237864877 0.17857142857142855 1.0436347445827012 4099.836955413154 0.1964285714285714 t_multiswap_k 100 3055.568900823593 101.75199715024435 96.28424866597233 92.29556415755859 100.80192922131697 97.4461891561514 89.19842461365809 95.7559711622367
0.9278936286195654 3303.5042237864877 0.17857142857142855 1.0907933399696157 4229.969567420516 0.14285714285714285 t_multiswap_k 100 3058.0175819396973 101.75199715024435 96.28424866597233 92.29556415755859 100.80192922131697 97.4461891561514 89.19842461365809 96.10841145061434
0.9278936286195654 3303.5042237864877 0.17857142857142855 1.0459242160001905 4057.429432317693 0.17857142857142855 t_multiswap_k 100 3060.11857008934 101.75199715024435 96.28424866597233 92.29556415755859 100.80192922131697 97.4461891561514 89.19842461365809 96.4073273361082
0.9278936286195654 3303.5042237864877 0.17857142857142855 1.1062490105934843 4271.661680720344 0.125 f_swap_t 100 3061.862341403961 101.75199715024435 96.28424866597233 92.29556415755859 100.8339099291038 97.4461891561514 89.19842461365809 96.4073273361082
0.9278936286195654 3303.5042237864877 0.17857142857142855 1.101308407457138 4297.1349914362845 0.14285714285714285 t_swap_k 100 3062.936608314514 101.75199715024435 96.28424866597233 92.502608515983 100.8339099291038 97.4461891561514 89.19842461365809 96.4073273361082
0.9278936286195654 3303.5042237864877 0.17857142857142855 1.1356607095687545 4459.530111906578 0.125 t_move_k 100 3064.4926466941833 101.9044771787419 96.28424866597233 92.502608515983 100.8339099291038 97.4461891561514 89.19842461365809 96.4073273361082
0.9278936286195654 3303.5042237864877 0.17857142857142855 1.1389658389722555 4537.6733767637215 0.14285714285714285 f_swap_t 100 3067.100213289261 101.9044771787419 96.28424866597233 92.502608515983 100.98557082981276 97.4461891561514 89.19842461365809 96.4073273361082
0.9278936286195654 3303.5042237864877 0.17857142857142855 1.132452271650767 4496.06769886178 0.14285714285714285 move_t 100 3068.6219165325165 101.9044771787419 96.4114061793126 92.502608515983 100.98557082981276 97.4461891561514 89.19842461365809 96.4073273361082
0.9278936286195654 3303.5042237864877 0.17857142857142855 1.1610260946434605 4564.520931919938 0.10714285714285712 move_t 100 3069.6425857543945 101.9044771787419 96.60729211751948 92.502608515983 100.98557082981276 97.4461891561514 89.19842461365809 96.4073273361082
0.9278936286195654 3303.5042237864877 0.17857142857142855 1.1375102716884256 4357.281034668149 0.08928571428571427 t_swap_k 100 3071.540667772293 101.9044771787419 96.60729211751948 93.06758243082317 100.98557082981276 97.4461891561514 89.19842461365809 96.4073273361082
0.9278936286195654 3303.5042237864877 0.17857142857142855 1.0908350524915766 4116.172776871544 0.10714285714285714 t_swap_r_k 100 3073.9734151363373 101.9044771787419 96.60729211751948 93.06758243082317 100.98557082981276 97.4461891561514 89.34644036752151 96.4073273361082
0.9278936286195654 3303.5042237864877 0.17857142857142855 1.1556978793233952 4473.455122954768 0.08928571428571427 t_move_k 100 3075.6725685596466 102.10543240695448 96.60729211751948 93.06758243082317 100.98557082981276 97.4461891561514 89.34644036752151 96.4073273361082
0.9278936286195654 3303.5042237864877 0.17857142857142855 1.1789937304054678 4622.2583253681 0.08928571428571427 t_swap_k 100 3077.6702420711517 102.10543240695448 96.60729211751948 93.35690660651494 100.98557082981276 97.4461891561514 89.34644036752151 96.4073273361082
0.9278936286195654 3303.5042237864877 0.17857142857142855 1.1573623608927344 4427.055451619996 0.07142857142857142 t_move_k 100 3079.1149735450745 102.15437808288493 96.60729211751948 93.35690660651494 100.98557082981276 97.4461891561514 89.34644036752151 96.4073273361082
0.9278936286195654 3303.5042237864877 0.17857142857142855 1.1854664213707025 4834.697750356956 0.14285714285714285 t_move_k 100 3081.2760310173035 102.43283430205608 96.60729211751948 93.35690660651494 100.98557082981276 97.4461891561514 89.34644036752151 96.4073273361082
0.9278936286195654 3303.5042237864877 0.17857142857142855 1.1667783200870745 4658.29512290633 0.125 move_t 100 3083.0832188129425 102.43283430205608 96.73121919634428 93.35690660651494 100.98557082981276 97.4461891561514 89.34644036752151 96.4073273361082
0.9278936286195654 3303.5042237864877 0.17857142857142855 1.0983011203772066 4277.9258221085165 0.14285714285714285 t_multiswap_k 100 3084.1153767108917 102.43283430205608 96.73121919634428 93.35690660651494 100.98557082981276 97.4461891561514 89.34644036752151 96.75325406274712
0.9278936286195654 3303.5042237864877 0.17857142857142855 1.17745293301215 4498.353187954497 0.05357142857142857 f_swap_t 100 3086.5804722309113 102.43283430205608 96.73121919634428 93.35690660651494 101.09571512151463 97.4461891561514 89.34644036752151 96.75325406274712
0.9278936286195654 3303.5042237864877 0.17857142857142855 1.129052617384052 4304.744439975576 0.08928571428571427 move_t 100 3088.023479938507 102.43283430205608 96.85390700438084 93.35690660651494 101.09571512151463 97.4461891561514 89.34644036752151 96.75325406274712
0.9278936286195654 3303.5042237864877 0.17857142857142855 1.143932051577601 4347.469181986893 0.10714285714285714 swap_t 100 3089.440540790558 102.43283430205608 96.85390700438084 93.35690660651494 101.09571512151463 97.48172726458989 89.34644036752151 96.75325406274712
0.9278936286195654 3303.5042237864877 0.17857142857142855 1.1156488835658729 4274.672138624426 0.10714285714285714 t_move_k 100 3090.473750114441 102.56850595903552 96.85390700438084 93.35690660651494 101.09571512151463 97.48172726458989 89.34644036752151 96.75325406274712
0.9278936286195654 3303.5042237864877 0.17857142857142855 1.1393643968864815 4426.155950765476 0.10714285714285712 t_swap_k 100 3091.604567050934 102.56850595903552 96.85390700438084 93.52333754044979 101.09571512151463 97.48172726458989 89.34644036752151 96.75325406274712
0.9278936286195654 3303.5042237864877 0.17857142857142855 1.180811140963269 4801.5552980270495 0.125 swap_t 100 3093.6889431476593 102.56850595903552 96.85390700438084 93.52333754044979 101.09571512151463 97.65690999194399 89.34644036752151 96.75325406274712
0.9278936286195654 3303.5042237864877 0.17857142857142855 1.1465499149331466 4472.053741431101 0.10714285714285714 f_swap_t 100 3096.732698202133 102.56850595903552 96.85390700438084 93.52333754044979 101.11475797029948 97.65690999194399 89.34644036752151 96.75325406274712
0.9278936286195654 3303.5042237864877 0.17857142857142855 1.114146837693023 4379.140990115165 0.14285714285714285 move_t 100 3097.386756658554 102.56850595903552 96.88536793433704 93.52333754044979 101.11475797029948 97.65690999194399 89.34644036752151 96.75325406274712
0.9278936286195654 3303.5042237864877 0.17857142857142855 1.1904972822949145 4752.769349460493 0.10714285714285714 t_swap_k 100 3099.6065731048584 102.56850595903552 96.88536793433704 93.88810416504529 101.11475797029948 97.65690999194399 89.34644036752151 96.75325406274712
0.9278936286195654 3303.5042237864877 0.17857142857142855 1.1994258537234859 4752.769349460493 0.08928571428571427 t_swap_r_k 100 3102.6927626132965 102.56850595903552 96.88536793433704 93.88810416504529 101.11475797029948 97.65690999194399 89.52297596384629 96.75325406274712
0.9278936286195654 3303.5042237864877 0.17857142857142855 1.1653175974093817 4763.0279279977185 0.1607142857142857 t_multiswap_k 100 3104.2468485832214 102.56850595903552 96.88536793433704 93.88810416504529 101.11475797029948 97.65690999194399 89.52297596384629 96.87572152211965
0.9278936286195654 3303.5042237864877 0.17857142857142855 1.164981015548408 4794.573955172868 0.14285714285714285 swap_t 100 3105.801034450531 102.56850595903552 96.88536793433704 93.88810416504529 101.11475797029948 97.71034089202455 89.52297596384629 96.87572152211965
0.9278936286195654 3303.5042237864877 0.17857142857142855 1.153212588415395 4514.611841038627 0.10714285714285712 f_swap_t 100 3108.1743228435516 102.56850595903552 96.88536793433704 93.88810416504529 101.16361039059649 97.71034089202455 89.52297596384629 96.87572152211965
0.9278936286195654 3303.5042237864877 0.17857142857142855 1.1621411598439664 4514.611841038627 0.08928571428571427 t_swap_r_k 100 3110.0413143634796 102.56850595903552 96.88536793433704 93.88810416504529 101.16361039059649 97.71034089202455 89.66774620420783 96.87572152211965
0.9278936286195654 3303.5042237864877 0.17857142857142855 1.1289801799090053 4530.921186224834 0.1607142857142857 t_swap_k 100 3111.086846590042 102.56850595903552 96.88536793433704 93.97922312339483 101.16361039059649 97.71034089202455 89.66774620420783 96.87572152211965
0.9278936286195654 3303.5042237864877 0.17857142857142855 1.1305071512700546 4483.643162805565 0.14285714285714285 t_move_k 100 3112.594979763031 102.67282089944517 96.88536793433704 93.97922312339483 101.16361039059649 97.71034089202455 89.66774620420783 96.87572152211965
0.9278936286195654 3303.5042237864877 0.17857142857142855 1.1342777820327314 4507.728221154703 0.14285714285714285 f_swap_t 100 3114.004234313965 102.67282089944517 96.88536793433704 93.97922312339483 101.19197428669052 97.71034089202455 89.66774620420783 96.87572152211965
0.9278936286195654 3303.5042237864877 0.17857142857142855 1.264006417250837 5165.280342627111 0.08928571428571429 f_swap_t 100 3116.2340574264526 102.67282089944517 96.88536793433704 93.97922312339483 101.46005454382362 97.71034089202455 89.66774620420783 96.87572152211965
0.9278936286195654 3303.5042237864877 0.17857142857142855 1.1849708750588015 4717.469197013748 0.10714285714285712 t_swap_k 100 3117.416264295578 102.67282089944517 96.88536793433704 94.33943089216088 101.46005454382362 97.71034089202455 89.66774620420783 96.87572152211965
0.9278936286195654 3303.5042237864877 0.17857142857142855 1.1451444183700108 4463.07607459941 0.10714285714285712 t_multiswap_k 100 3118.6543021202087 102.67282089944517 96.88536793433704 94.33943089216088 101.46005454382362 97.71034089202455 89.66774620420783 97.08696430689845
0.9278936286195654 3303.5042237864877 0.17857142857142855 1.1431001712223086 4450.018362261247 0.10714285714285712 move_t 100 3120.1442742347717 102.67282089944517 96.97651425499367 94.33943089216088 101.46005454382362 97.71034089202455 89.66774620420783 97.08696430689845
0.9278936286195654 3303.5042237864877 0.17857142857142855 1.1556357560143318 4551.356093919674 0.10714285714285712 move_t 100 3121.644870996475 102.67282089944517 97.16674911244374 94.33943089216088 101.46005454382362 97.71034089202455 89.66774620420783 97.08696430689845
0.9278936286195654 3303.5042237864877 0.17857142857142855 1.1409665217724476 4265.294742572539 0.05357142857142857 swap_t 100 3123.8372642993927 102.67282089944517 97.16674911244374 94.33943089216088 101.46005454382362 97.7332374831043 89.66774620420783 97.08696430689845
0.9278936286195654 3303.5042237864877 0.17857142857142855 1.1474442320110148 4420.734612880014 0.08928571428571429 t_move_k 100 3125.5676009655 102.78609269045072 97.16674911244374 94.33943089216088 101.46005454382362 97.7332374831043 89.66774620420783 97.08696430689845
0.9278936286195654 3303.5042237864877 0.17857142857142855 1.217080809785127 4938.237884289943 0.08928571428571427 swap_t 100 3126.6946289539337 102.78609269045072 97.16674911244374 94.33943089216088 101.46005454382362 97.99590510827326 89.66774620420783 97.08696430689845
0.9278936286195654 3303.5042237864877 0.17857142857142855 1.183343240562238 4629.375920319283 0.07142857142857142 swap_t 100 3128.561012506485 102.78609269045072 97.16674911244374 94.33943089216088 101.46005454382362 98.02594605719052 89.66774620420783 97.08696430689845
0.9278936286195654 3303.5042237864877 0.17857142857142855 1.173693181779179 4531.3692385419745 0.07142857142857142 f_swap_t 100 3131.022696495056 102.78609269045072 97.16674911244374 94.33943089216088 101.53545399838538 98.02594605719052 89.66774620420783 97.08696430689845
0.9278936286195654 3303.5042237864877 0.17857142857142855 1.1576902599065542 4372.11830449821 0.05357142857142857 swap_t 100 3132.1981930732727 102.78609269045072 97.16674911244374 94.33943089216088 101.53545399838538 98.04568659661862 89.66774620420783 97.08696430689845
0.9278936286195654 3303.5042237864877 0.17857142857142855 1.1601397043028778 4444.795846344143 0.07142857142857142 f_swap_t 100 3134.1149578094482 102.78609269045072 97.16674911244374 94.33943089216088 101.91009945840152 98.04568659661862 89.66774620420783 97.08696430689845
0.9278936286195654 3303.5042237864877 0.17857142857142855 1.118264800652345 4234.3498006028 0.08928571428571427 f_swap_t 100 3136.732367515564 102.78609269045072 97.16674911244374 94.33943089216088 101.9209984638175 98.04568659661862 89.66774620420783 97.08696430689845
0.9278936286195654 3303.5042237864877 0.17857142857142855 1.1075561097056343 4165.947598815398 0.08928571428571427 swap_t 100 3137.44859457016 102.78609269045072 97.16674911244374 94.33943089216088 101.9209984638175 98.12522973065244 89.66774620420783 97.08696430689845
0.9278936286195654 3303.5042237864877 0.17857142857142855 1.098627538277063 4165.947598815398 0.10714285714285712 t_swap_r_k 100 3138.987540960312 102.78609269045072 97.16674911244374 94.33943089216088 101.9209984638175 98.12522973065244 89.84106874216575 97.08696430689845
0.9278936286195654 3303.5042237864877 0.17857142857142855 1.0876816645197898 4153.061997611599 0.12499999999999999 t_multiswap_k 100 3139.860038757324 102.78609269045072 97.16674911244374 94.33943089216088 101.9209984638175 98.12522973065244 89.84106874216575 97.17609466382947
0.9278936286195654 3303.5042237864877 0.17857142857142855 1.1702760549191897 4452.510585346843 0.05357142857142857 t_swap_k 100 3141.351917743683 102.78609269045072 97.16674911244374 94.55603658323926 101.9209984638175 98.12522973065244 89.84106874216575 97.17609466382947
0.9278936286195654 3303.5042237864877 0.17857142857142855 1.1459866794911382 4354.392820998445 0.07142857142857142 f_swap_t 100 3143.0451233386993 102.78609269045072 97.16674911244374 94.55603658323926 101.99178847917932 98.12522973065244 89.84106874216575 97.17609466382947
0.9278936286195654 3303.5042237864877 0.17857142857142855 1.149940702736557 4511.170200172337 0.07142857142857142 swap_t 100 3143.9925389289856 102.78609269045072 97.16674911244374 94.55603658323926 101.99178847917932 98.18397743334592 89.84106874216575 97.17609466382947
0.9278936286195654 3303.5042237864877 0.17857142857142855 1.1885837788102909 4636.779771462719 0.07142857142857142 swap_t 100 3145.6814320087433 102.78609269045072 97.16674911244374 94.55603658323926 101.99178847917932 98.41213765901246 89.84106874216575 97.17609466382947
0.9278936286195654 3303.5042237864877 0.17857142857142855 1.1555083118072433 4472.244252685314 0.08928571428571427 t_swap_k 100 3148.746658563614 102.78609269045072 97.16674911244374 95.01047621740688 101.99178847917932 98.41213765901246 89.84106874216575 97.17609466382947
0.9278936286195654 3303.5042237864877 0.17857142857142855 1.1362182456317167 4291.996549845968 0.07142857142857142 swap_t 100 3150.995407104492 102.78609269045072 97.16674911244374 95.01047621740688 101.99178847917932 98.42801628242233 89.84106874216575 97.17609466382947
0.9278936286195654 3303.5042237864877 0.17857142857142855 1.1605751296888682 4504.608759316759 0.08928571428571427 t_swap_k 100 3152.9944121837616 102.78609269045072 97.16674911244374 95.28037145523281 101.99178847917932 98.42801628242233 89.84106874216575 97.17609466382947
0.9278936286195654 3303.5042237864877 0.17857142857142855 1.1289395678684941 4460.010637933926 0.10714285714285712 swap_t 100 3153.914509534836 102.78609269045072 97.16674911244374 95.28037145523281 101.99178847917932 98.53373611959812 89.84106874216575 97.17609466382947
0.9278936286195654 3303.5042237864877 0.17857142857142855 1.123651063504902 4325.786390557964 0.10714285714285712 move_t 100 3154.923163175583 102.78609269045072 97.2850816213193 95.28037145523281 101.99178847917932 98.53373611959812 89.84106874216575 97.17609466382947
0.9278936286195654 3303.5042237864877 0.17857142857142855 1.2212190168677033 4777.910840167018 0.05357142857142857 f_swap_t 100 3156.878843307495 102.78609269045072 97.2850816213193 95.28037145523281 102.16187059438752 98.53373611959812 89.84106874216575 97.17609466382947
0.9278936286195654 3303.5042237864877 0.17857142857142855 1.166081934179615 4596.815313920288 0.10714285714285712 f_swap_t 100 3160.13378739357 102.78609269045072 97.2850816213193 95.28037145523281 102.52025188844365 98.53373611959812 89.84106874216575 97.17609466382947
0.9278936286195654 3303.5042237864877 0.17857142857142855 1.0998516188799958 4173.766463774945 0.10714285714285712 t_multiswap_k 100 3161.2283709049225 102.78609269045072 97.2850816213193 95.28037145523281 102.52025188844365 98.53373611959812 89.84106874216575 97.30433371719118
0.9278936286195654 3303.5042237864877 0.17857142857142855 1.1049347086014583 4168.47750622814 0.10714285714285712 swap_t 100 3162.5289874076843 102.78609269045072 97.2850816213193 95.28037145523281 102.52025188844365 98.55839875840213 89.84106874216575 97.30433371719118
0.9278936286195654 3303.5042237864877 0.17857142857142855 1.1135460048985621 4261.2399150546535 0.10714285714285712 t_move_k 100 3164.51798248291 102.79823176354621 97.2850816213193 95.28037145523281 102.52025188844365 98.55839875840213 89.84106874216575 97.30433371719118
0.9278936286195654 3303.5042237864877 0.17857142857142855 1.0918165602678664 4235.216122339015 0.12499999999999999 swap_t 100 3166.0168130397797 102.79823176354621 97.2850816213193 95.28037145523281 102.52025188844365 98.63281477081811 89.84106874216575 97.30433371719118
0.9278936286195654 3303.5042237864877 0.17857142857142855 1.1773794160200295 4611.946826148396 0.08928571428571427 f_swap_t 100 3168.968349456787 102.79823176354621 97.2850816213193 95.28037145523281 102.71504936955921 98.63281477081811 89.84106874216575 97.30433371719118
0.9278936286195654 3303.5042237864877 0.17857142857142855 1.106886883083823 4275.736117363992 0.125 t_swap_k 100 3170.14040350914 102.79823176354621 97.2850816213193 95.59756774068049 102.71504936955921 98.63281477081811 89.84106874216575 97.30433371719118
0.9278936286195654 3303.5042237864877 0.17857142857142855 1.091476430394711 4177.30121997818 0.125 f_swap_t 100 3172.306755542755 102.79823176354621 97.2850816213193 95.59756774068049 102.78789887586362 98.63281477081811 89.84106874216575 97.30433371719118
0.9278936286195654 3303.5042237864877 0.17857142857142855 1.116943103831138 4342.887559005413 0.08928571428571427 swap_t 100 3174.1498458385468 102.79823176354621 97.2850816213193 95.59756774068049 102.78789887586362 98.78648662310994 89.84106874216575 97.30433371719118
0.9278936286195654 3303.5042237864877 0.17857142857142855 1.0894836552357265 4107.54067157972 0.10714285714285712 move_t 100 3175.631468772888 102.79823176354621 97.46223080510612 95.59756774068049 102.78789887586362 98.78648662310994 89.84106874216575 97.30433371719118
0.9278936286195654 3303.5042237864877 0.17857142857142855 1.0601091168228476 3976.941220502206 0.125 f_swap_t 100 3176.964817047119 102.79823176354621 97.46223080510612 95.59756774068049 102.79001988710498 98.78648662310994 89.84106874216575 97.30433371719118
0.9278936286195654 3303.5042237864877 0.17857142857142855 1.139307438552104 4356.078159701253 0.07142857142857142 move_t 100 3178.2830967903137 102.79823176354621 97.66760849705506 95.59756774068049 102.79001988710498 98.78648662310994 89.84106874216575 97.30433371719118
0.9278936286195654 3303.5042237864877 0.17857142857142855 1.1102174723666929 4182.947161757038 0.08928571428571427 t_multiswap_k 100 3179.46732378006 102.79823176354621 97.66760849705506 95.59756774068049 102.79001988710498 98.78648662310994 89.84106874216575 97.46129038001928
0.9278936286195654 3303.5042237864877 0.17857142857142855 1.1361976705279049 4405.928356518639 0.10714285714285714 t_swap_k 100 3181.6406190395355 102.79823176354621 97.66760849705506 95.97159206327369 102.79001988710498 98.78648662310994 89.84106874216575 97.46129038001928
0.9278936286195654 3303.5042237864877 0.17857142857142855 1.1131995115391158 4373.089905527841 0.14285714285714285 t_swap_k 100 3183.621649980545 102.79823176354621 97.66760849705506 96.40187614264096 102.79001988710498 98.78648662310994 89.84106874216575 97.46129038001928
0.9278936286195654 3303.5042237864877 0.17857142857142855 1.1275871186963484 4420.76145403318 0.10714285714285712 move_t 100 3184.6260001659393 102.79823176354621 97.7109324120845 96.40187614264096 102.79001988710498 98.78648662310994 89.84106874216575 97.46129038001928
0.9278936286195654 3303.5042237864877 0.17857142857142855 1.1697422661618155 4620.1958342940015 0.10714285714285712 move_t 100 3185.750857114792 102.79823176354621 97.86382308796365 96.40187614264096 102.79001988710498 98.78648662310994 89.84106874216575 97.46129038001928
0.9278936286195654 3303.5042237864877 0.17857142857142855 1.092059779626231 4238.059002569447 0.14285714285714285 t_move_k 100 3186.9322934150696 102.90024944591075 97.86382308796365 96.40187614264096 102.79001988710498 98.78648662310994 89.84106874216575 97.46129038001928
0.9278936286195654 3303.5042237864877 0.17857142857142855 1.0738720631458314 4064.8526035329287 0.125 t_multiswap_k 100 3188.115499019623 102.90024944591075 97.86382308796365 96.40187614264096 102.79001988710498 98.78648662310994 89.84106874216575 97.61667747621908
0.9278936286195654 3303.5042237864877 0.17857142857142855 1.1473608243182043 4420.201842827854 0.08928571428571427 f_swap_t 100 3189.871288537979 102.90024944591075 97.86382308796365 96.40187614264096 102.84211968823392 98.78648662310994 89.84106874216575 97.61667747621908
0.9278936286195654 3303.5042237864877 0.17857142857142855 1.0962761246486397 4264.991078998144 0.14285714285714285 swap_t 100 3191.1186406612396 102.90024944591075 97.86382308796365 96.40187614264096 102.84211968823392 98.85862175687883 89.84106874216575 97.61667747621908
0.9278936286195654 3303.5042237864877 0.17857142857142855 1.065905114468912 4185.058239214104 0.17857142857142855 t_swap_k 100 3193.5468938350677 102.90024944591075 97.86382308796365 96.44785738121455 102.84211968823392 98.85862175687883 89.84106874216575 97.61667747621908
0.9278936286195654 3303.5042237864877 0.17857142857142855 1.065905114468912 4185.058239214104 0.17857142857142855 t_move_k 100 3195.4110741615295 102.87124695145164 97.86382308796365 96.44785738121455 102.84211968823392 98.85862175687883 89.84106874216575 97.61667747621908
0.9278936286195654 3303.5042237864877 0.17857142857142855 1.0663387445212098 4187.828068924006 0.17857142857142855 t_multiswap_k 100 3197.484199285507 102.87124695145164 97.86382308796365 96.44785738121455 102.84211968823392 98.85862175687883 89.84106874216575 97.6805107014569
0.9278936286195654 3303.5042237864877 0.17857142857142855 1.0663387445212098 4187.828068924006 0.17857142857142855 f_swap_t 100 3200.0308723449707 102.87124695145164 97.86382308796365 96.44785738121455 102.81369849135159 98.85862175687883 89.84106874216575 97.6805107014569
0.9278936286195654 3303.5042237864877 0.17857142857142855 1.11212785744865 4309.213055661069 0.125 swap_t 100 3201.1509704589844 102.87124695145164 97.86382308796365 96.44785738121455 102.81369849135159 98.94003553931005 89.84106874216575 97.6805107014569
0.9278936286195654 3303.5042237864877 0.17857142857142855 1.0900606010200362 4168.257551889804 0.125 swap_t 100 3202.634699344635 102.87124695145164 97.86382308796365 96.44785738121455 102.81369849135159 98.95063518391694 89.84106874216575 97.6805107014569
0.9278936286195654 3303.5042237864877 0.17857142857142855 1.0737227266987746 4120.930326359457 0.14285714285714285 move_t 100 3203.416783094406 102.87124695145164 97.88518485708401 96.44785738121455 102.81369849135159 98.95063518391694 89.84106874216575 97.6805107014569
0.9278936286195654 3303.5042237864877 0.17857142857142855 1.05672144362264 4012.3339347551478 0.14285714285714285 move_t 100 3204.1586577892303 102.87124695145164 97.96633300851317 96.44785738121455 102.81369849135159 98.95063518391694 89.84106874216575 97.6805107014569
0.9278936286195654 3303.5042237864877 0.17857142857142855 1.05672144362264 4012.3339347551478 0.14285714285714285 f_swap_t 100 3206.4128601551056 102.87124695145164 97.96633300851317 96.44785738121455 102.78556150643807 98.95063518391694 89.84106874216575 97.6805107014569
0.9278936286195654 3303.5042237864877 0.17857142857142855 1.05672144362264 4012.3339347551478 0.14285714285714285 f_swap_t 100 3208.18678689003 102.87124695145164 97.96633300851317 96.44785738121455 102.75770589137369 98.95063518391694 89.84106874216575 97.6805107014569
0.9278936286195654 3303.5042237864877 0.17857142857142855 1.05672144362264 4012.3339347551478 0.14285714285714285 t_swap_r_k 100 3210.7703874111176 102.87124695145164 97.96633300851317 96.44785738121455 102.75770589137369 98.95063518391694 89.98265805474409 97.6805107014569
0.9278936286195654 3303.5042237864877 0.17857142857142855 1.0759457989153072 4135.130291145061 0.14285714285714285 t_move_k 100 3213.7447612285614 103.01253448193712 97.96633300851317 96.44785738121455 102.75770589137369 98.95063518391694 89.98265805474409 97.6805107014569
0.9278936286195654 3303.5042237864877 0.17857142857142855 1.046184929348349 4059.0947495014793 0.17857142857142855 swap_t 100 3215.4873616695404 103.01253448193712 97.96633300851317 96.44785738121455 102.75770589137369 98.99112883207778 89.98265805474409 97.6805107014569
0.9278936286195654 3303.5042237864877 0.17857142857142855 1.046184929348349 4059.0947495014793 0.17857142857142855 f_swap_t 100 3219.233814239502 103.01253448193712 97.96633300851317 96.44785738121455 102.73012883245995 98.99112883207778 89.98265805474409 97.6805107014569
0.9278936286195654 3303.5042237864877 0.17857142857142855 1.046184929348349 4059.0947495014793 0.17857142857142855 t_swap_r_k 100 3220.39412522316 103.01253448193712 97.96633300851317 96.44785738121455 102.73012883245995 98.99112883207778 90.12283147419666 97.6805107014569
0.9278936286195654 3303.5042237864877 0.17857142857142855 1.1170341565293362 4226.489010890086 0.08928571428571427 f_swap_t 100 3221.37330698967 103.01253448193712 97.96633300851317 96.44785738121455 102.83282754413536 98.99112883207778 90.12283147419666 97.6805107014569
0.9278936286195654 3303.5042237864877 0.17857142857142855 1.0616038588513668 4157.583792883118 0.17857142857142855 f_swap_t 100 3223.716963529587 103.01253448193712 97.96633300851317 96.44785738121455 102.894499268694 98.99112883207778 90.12283147419666 97.6805107014569
0.9278936286195654 3303.5042237864877 0.17857142857142855 1.1142227982990425 4265.562960605077 0.10714285714285714 t_swap_k 100 3225.005683660507 103.01253448193712 97.96633300851317 96.7133788074024 102.894499268694 98.99112883207778 90.12283147419666 97.6805107014569
0.9278936286195654 3303.5042237864877 0.17857142857142855 1.1362257453878808 4457.511245222629 0.10714285714285714 swap_t 100 3225.7166051864624 103.01253448193712 97.96633300851317 96.7133788074024 102.894499268694 99.201217543757 90.12283147419666 97.6805107014569
0.9278936286195654 3303.5042237864877 0.17857142857142855 1.0797952082769111 3931.5920890386465 0.07142857142857142 t_multiswap_k 100 3227.082198381424 103.01253448193712 97.96633300851317 96.7133788074024 102.894499268694 99.201217543757 90.12283147419666 97.82370559444233
0.9278936286195654 3303.5042237864877 0.17857142857142855 1.034804045700666 3758.272427339053 0.10714285714285712 t_swap_r_k 100 3230.5638539791107 103.01253448193712 97.96633300851317 96.7133788074024 102.894499268694 99.201217543757 90.2916031594547 97.82370559444233
0.9278936286195654 3303.5042237864877 0.17857142857142855 1.0287546080960537 3719.631397003028 0.10714285714285715 t_multiswap_k 100 3232.29731464386 103.01253448193712 97.96633300851317 96.7133788074024 102.894499268694 99.201217543757 90.2916031594547 97.9454685384979
0.9278936286195654 3303.5042237864877 0.17857142857142855 1.0232421636378513 3912.5468943527985 0.17857142857142855 t_multiswap_k 100 3233.383209466934 103.01253448193712 97.96633300851317 96.7133788074024 102.894499268694 99.201217543757 90.2916031594547 98.02601385311293
0.9278936286195654 3303.5042237864877 0.17857142857142855 1.0304035508015095 3844.227317024888 0.14285714285714285 t_swap_r_k 100 3235.9179980754852 103.01253448193712 97.96633300851317 96.7133788074024 102.894499268694 99.201217543757 90.42868712786014 98.02601385311293
0.9278936286195654 3303.5042237864877 0.17857142857142855 0.9874948348261249 3684.2093682342224 0.17857142857142855 t_multiswap_k 100 3237.0131664276123 103.01253448193712 97.96633300851317 96.7133788074024 102.894499268694 99.201217543757 90.42868712786014 98.0757537145818
0.9278936286195654 3303.5042237864877 0.17857142857142855 0.9874948348261249 3684.2093682342224 0.17857142857142855 swap_t 100 3239.6209106445312 103.01253448193712 97.96633300851317 96.7133788074024 102.894499268694 99.20920536831943 90.42868712786014 98.0757537145818
0.9278936286195654 3303.5042237864877 0.17857142857142855 0.9874948348261249 3684.2093682342224 0.17857142857142855 t_multiswap_k 100 3241.4960691928864 103.01253448193712 97.96633300851317 96.7133788074024 102.894499268694 99.20920536831943 90.42868712786014 98.09499617743597
0.9278936286195654 3303.5042237864877 0.17857142857142855 0.9874948348261249 3684.2093682342224 0.17857142857142855 swap_t 100 3243.7177786827087 103.01253448193712 97.96633300851317 96.7133788074024 102.894499268694 99.21711331463624 90.42868712786014 98.09499617743597
0.9278936286195654 3303.5042237864877 0.17857142857142855 0.9874948348261249 3684.2093682342224 0.17857142857142855 move_t 100 3244.5785794258118 103.01253448193712 97.98666967842804 96.7133788074024 102.894499268694 99.21711331463624 90.42868712786014 98.09499617743597
0.9278936286195654 3303.5042237864877 0.17857142857142855 1.1463128919349796 4299.444900841883 0.05357142857142857 t_multiswap_k 100 3247.0357999801636 103.01253448193712 97.98666967842804 96.7133788074024 102.894499268694 99.21711331463624 90.42868712786014 98.29404621566161
0.9278936286195654 3303.5042237864877 0.17857142857142855 1.1204528969701726 4134.2631244131535 0.05357142857142857 t_swap_r_k 100 3249.140184879303 103.01253448193712 97.98666967842804 96.7133788074024 102.894499268694 99.21711331463624 90.59440025658154 98.29404621566161
0.9278936286195654 3303.5042237864877 0.17857142857142855 1.0973824838752675 4216.191118616318 0.07142857142857142 swap_t 100 3250.694621324539 103.01253448193712 97.98666967842804 96.7133788074024 102.894499268694 99.25494218148988 90.59440025658154 98.29404621566161
0.9278936286195654 3303.5042237864877 0.17857142857142855 1.093049514933921 4244.380977362597 0.14285714285714285 move_t 100 3252.3964700698853 103.01253448193712 98.06680298164376 96.7133788074024 102.894499268694 99.25494218148988 90.59440025658154 98.29404621566161
0.9278936286195654 3303.5042237864877 0.17857142857142855 1.0902272691938089 4226.353767167677 0.14285714285714285 move_t 100 3253.0645246505737 103.01253448193712 98.14613495182732 96.7133788074024 102.894499268694 99.25494218148988 90.59440025658154 98.29404621566161
0.9278936286195654 3303.5042237864877 0.17857142857142855 1.1240654417530536 4271.40163308554 0.08928571428571427 swap_t 100 3254.3534717559814 103.01253448193712 98.14613495182732 96.7133788074024 102.894499268694 99.33239275967499 90.59440025658154 98.29404621566161
0.9278936286195654 3303.5042237864877 0.17857142857142855 1.1243161952397647 4442.542470715581 0.14285714285714285 swap_t 100 3256.412491083145 103.01253448193712 98.14613495182732 96.7133788074024 102.894499268694 99.61906883207824 90.59440025658154 98.29404621566161
0.9278936286195654 3303.5042237864877 0.17857142857142855 1.124072641886051 4442.542470715581 0.14285714285714285 t_swap_r_k 100 3258.609602212906 103.01253448193712 98.14613495182732 96.7133788074024 102.894499268694 99.61906883207824 90.75845625401573 98.29404621566161
0.9278936286195654 3303.5042237864877 0.17857142857142855 1.1137623397328915 4398.462609279198 0.14285714285714285 move_t 100 3260.213476896286 103.01253448193712 98.25467360230905 96.7133788074024 102.894499268694 99.61906883207824 90.75845625401573 98.29404621566161
0.9278936286195654 3303.5042237864877 0.17857142857142855 1.1137623397328915 4398.462609279198 0.14285714285714285 t_swap_r_k 100 3262.535865545273 103.01253448193712 98.25467360230905 96.7133788074024 102.894499268694 99.61906883207824 90.89087169147557 98.29404621566161
0.9278936286195654 3303.5042237864877 0.17857142857142855 1.1564737591332206 4535.442702496292 0.10714285714285712 f_swap_t 100 3265.308648586273 103.01253448193712 98.25467360230905 96.7133788074024 103.09555427600706 99.61906883207824 90.89087169147557 98.29404621566161
0.9278936286195654 3303.5042237864877 0.17857142857142855 1.1246703518543986 4389.3287521106795 0.125 move_t 100 3266.6003930568695 103.01253448193712 98.28212686628596 96.7133788074024 103.09555427600706 99.61906883207824 90.89087169147557 98.29404621566161
0.9278936286195654 3303.5042237864877 0.17857142857142855 1.1246703518543986 4389.3287521106795 0.125 t_swap_r_k 100 3268.360461950302 103.01253448193712 98.28212686628596 96.7133788074024 103.09555427600706 99.61906883207824 91.02196297456081 98.29404621566161
0.9278936286195654 3303.5042237864877 0.17857142857142855 1.1246703518543986 4389.3287521106795 0.125 t_swap_r_k 100 3270.114931821823 103.01253448193712 98.28212686628596 96.7133788074024 103.09555427600706 99.61906883207824 91.1517433448152 98.29404621566161
0.9278936286195654 3303.5042237864877 0.17857142857142855 1.1044211407012 4317.017702453925 0.14285714285714285 t_multiswap_k 100 3272.562938928604 103.01253448193712 98.28212686628596 96.7133788074024 103.09555427600706 99.61906883207824 91.1517433448152 98.37110575350499
0.9278936286195654 3303.5042237864877 0.17857142857142855 1.123782174275473 4383.655481467327 0.125 t_swap_k 100 3275.1544473171234 103.01253448193712 98.28212686628596 96.93624501932838 103.09555427600706 99.61906883207824 91.1517433448152 98.37110575350499
0.9278936286195654 3303.5042237864877 0.17857142857142855 1.0964120538469184 4265.859332316475 0.14285714285714285 f_swap_t 100 3277.7603600025177 103.01253448193712 98.28212686628596 96.93624501932838 103.094598733247 99.61906883207824 91.1517433448152 98.37110575350499
0.9278936286195654 3303.5042237864877 0.17857142857142855 1.102465129937479 4304.523603630441 0.14285714285714285 f_swap_t 100 3279.215389251709 103.01253448193712 98.28212686628596 96.93624501932838 103.07365274591453 99.61906883207824 91.1517433448152 98.37110575350499
0.9278936286195654 3303.5042237864877 0.17857142857142855 1.112835812944681 4370.7667658677165 0.14285714285714285 t_move_k 100 3282.5608162879944 103.19240913711775 98.28212686628596 96.93624501932838 103.07365274591453 99.61906883207824 91.1517433448152 98.37110575350499
0.9278936286195654 3303.5042237864877 0.17857142857142855 1.0845835679853426 4247.336010166302 0.1607142857142857 move_t 100 3283.696063518524 103.19240913711775 98.3893055976231 96.93624501932838 103.07365274591453 99.61906883207824 91.1517433448152 98.37110575350499
0.9278936286195654 3303.5042237864877 0.17857142857142855 1.0896612035050601 4279.76961490389 0.1607142857142857 t_move_k 100 3284.8803746700287 103.35048504574657 98.3893055976231 96.93624501932838 103.07365274591453 99.61906883207824 91.1517433448152 98.37110575350499
0.9278936286195654 3303.5042237864877 0.17857142857142855 1.0966429267900755 4381.397273682303 0.17857142857142855 f_swap_t 100 3287.1151819229126 103.35048504574657 98.3893055976231 96.93624501932838 103.11291621845538 99.61906883207824 91.1517433448152 98.37110575350499
0.9278936286195654 3303.5042237864877 0.17857142857142855 1.1113100096391832 4418.0522502896365 0.1607142857142857 t_multiswap_k 100 3288.9684674739838 103.35048504574657 98.3893055976231 96.93624501932838 103.11291621845538 99.61906883207824 91.1517433448152 98.45739469596994
0.9278936286195654 3303.5042237864877 0.17857142857142855 1.147024295353469 4418.0522502896365 0.08928571428571427 t_swap_r_k 100 3292.563339471817 103.35048504574657 98.3893055976231 96.93624501932838 103.11291621845538 99.61906883207824 91.28022591136705 98.45739469596994
0.9278936286195654 3303.5042237864877 0.17857142857142855 1.1413745062652745 4381.963991212027 0.08928571428571427 f_swap_t 100 3295.6239705085754 103.35048504574657 98.3893055976231 96.93624501932838 103.14178705627083 99.61906883207824 91.28022591136705 98.45739469596994
0.9278936286195654 3303.5042237864877 0.17857142857142855 1.1200838442749899 4245.969016205848 0.08928571428571427 t_move_k 100 3297.7629294395447 103.4769801952891 98.3893055976231 96.93624501932838 103.14178705627083 99.61906883207824 91.28022591136705 98.45739469596994
0.9278936286195654 3303.5042237864877 0.17857142857142855 1.1200838442749899 4245.969016205848 0.08928571428571427 swap_t 100 3299.214608192444 103.4769801952891 98.3893055976231 96.93624501932838 103.14178705627083 99.62287814375746 91.28022591136705 98.45739469596994
0.9278936286195654 3303.5042237864877 0.17857142857142855 1.1163750535846522 4222.278963850229 0.08928571428571427 t_move_k 100 3300.5868599414825 103.53221039333621 98.3893055976231 96.93624501932838 103.14178705627083 99.62287814375746 91.28022591136705 98.45739469596994
0.9278936286195654 3303.5042237864877 0.17857142857142855 1.1163750535846522 4222.278963850229 0.08928571428571427 move_t 100 3301.867327451706 103.53221039333621 98.40541254164688 96.93624501932838 103.14178705627083 99.62287814375746 91.28022591136705 98.45739469596994
0.9278936286195654 3303.5042237864877 0.17857142857142855 1.116937455015063 4339.934556999665 0.125 t_multiswap_k 100 3303.4591472148895 103.53221039333621 98.40541254164688 96.93624501932838 103.14178705627083 99.62287814375746 91.28022591136705 98.54282074901023
0.9278936286195654 3303.5042237864877 0.17857142857142855 1.1041819715681576 4144.395153340338 0.08928571428571427 f_swap_t 100 3305.952167749405 103.53221039333621 98.40541254164688 96.93624501932838 103.11036918570812 99.62287814375746 91.28022591136705 98.54282074901023
0.9278936286195654 3303.5042237864877 0.17857142857142855 1.0975960262087128 4273.4220042439 0.14285714285714285 move_t 100 3307.199627161026 103.53221039333621 98.4813584162304 96.93624501932838 103.11036918570812 99.62287814375746 91.28022591136705 98.54282074901023
0.9278936286195654 3303.5042237864877 0.17857142857142855 1.0975960262087128 4273.4220042439 0.14285714285714285 t_swap_k 100 3309.320175409317 103.53221039333621 98.4813584162304 96.9668825691351 103.11036918570812 99.62287814375746 91.28022591136705 98.54282074901023
0.9278936286195654 3303.5042237864877 0.17857142857142855 1.0975960262087128 4273.4220042439 0.14285714285714285 swap_t 100 3310.1675984859467 103.53221039333621 98.4813584162304 96.9668825691351 103.11036918570812 99.62664936231988 91.28022591136705 98.54282074901023
0.9278936286195654 3303.5042237864877 0.17857142857142855 1.0975960262087128 4273.4220042439 0.14285714285714285 t_multiswap_k 100 3310.867471218109 103.53221039333621 98.4813584162304 96.9668825691351 103.11036918570812 99.62664936231988 91.28022591136705 98.55739254152013
0.9278936286195654 3303.5042237864877 0.17857142857142855 1.1323680304397823 4438.4979891829025 0.125 t_swap_k 100 3311.8203151226044 103.53221039333621 98.4813584162304 97.15721374344375 103.11036918570812 99.62664936231988 91.28022591136705 98.55739254152013
0.9278936286195654 3303.5042237864877 0.17857142857142855 1.129158664873621 4246.903188766382 0.07142857142857142 move_t 100 3312.3859565258026 103.53221039333621 98.4965448320681 97.15721374344375 103.11036918570812 99.62664936231988 91.28022591136705 98.55739254152013
0.9278936286195654 3303.5042237864877 0.17857142857142855 1.109195085052905 4290.479851928834 0.12499999999999999 move_t 100 3312.9705893993378 103.53221039333621 98.57157938374742 97.15721374344375 103.11036918570812 99.62664936231988 91.28022591136705 98.55739254152013
0.9278936286195654 3303.5042237864877 0.17857142857142855 1.109195085052905 4290.479851928834 0.12499999999999999 t_swap_r_k 100 3315.2539381980896 103.53221039333621 98.57157938374742 97.15721374344375 103.11036918570812 99.62664936231988 91.43742365225339 98.55739254152013
0.9278936286195654 3303.5042237864877 0.17857142857142855 1.0880740639411057 4212.600080473569 0.14285714285714285 move_t 100 3316.4185178279877 103.53221039333621 98.58586358990995 97.15721374344375 103.11036918570812 99.62664936231988 91.43742365225339 98.55739254152013
0.9278936286195654 3303.5042237864877 0.17857142857142855 1.085534852168055 4196.380761329382 0.14285714285714285 swap_t 100 3317.11314868927 103.53221039333621 98.58586358990995 97.15721374344375 103.11036918570812 99.63038286869669 91.43742365225339 98.55739254152013
0.9278936286195654 3303.5042237864877 0.17857142857142855 1.191802961615539 4532.982967588538 0.03571428571428571 f_swap_t 100 3319.6429073810577 103.53221039333621 98.58586358990995 97.15721374344375 103.20926549385103 99.63038286869669 91.43742365225339 98.55739254152013
0.9278936286195654 3303.5042237864877 0.17857142857142855 1.173060949161493 4356.235980329988 0.017857142857142856 swap_t 100 3321.442446947098 103.53221039333621 98.58586358990995 97.15721374344375 103.20926549385103 99.63407904000972 91.43742365225339 98.55739254152013
0.9278936286195654 3303.5042237864877 0.17857142857142855 1.1546708711858753 4295.80021994952 0.03571428571428571 move_t 100 3322.7558948993683 103.53221039333621 98.60000495401084 97.15721374344375 103.20926549385103 99.63407904000972 91.43742365225339 98.55739254152013
0.9278936286195654 3303.5042237864877 0.17857142857142855 1.1344799663244847 4223.861604118486 0.05357142857142857 t_move_k 100 3325.079362630844 103.62688828940286 98.60000495401084 97.15721374344375 103.20926549385103 99.63407904000972 91.43742365225339 98.55739254152013
0.9278936286195654 3303.5042237864877 0.17857142857142855 1.1173856526866177 4171.702591488122 0.07142857142857142 t_swap_k 100 3327.539458990097 103.62688828940286 98.60000495401084 97.21564160600931 103.20926549385103 99.63407904000972 91.43742365225339 98.55739254152013
0.9278936286195654 3303.5042237864877 0.17857142857142855 1.1096996637073144 4122.608022253258 0.07142857142857142 swap_t 100 3329.268743276596 103.62688828940286 98.60000495401084 97.21564160600931 103.20926549385103 99.63773824960963 91.43742365225339 98.55739254152013
0.9278936286195654 3303.5042237864877 0.17857142857142855 1.1053536070778864 4094.84740762492 0.07142857142857142 swap_t 100 3330.905925989151 103.62688828940286 98.60000495401084 97.21564160600931 103.20926549385103 99.64136086711353 91.43742365225339 98.55739254152013
0.9278936286195654 3303.5042237864877 0.17857142857142855 1.1127681733078825 4142.208252937767 0.07142857142857142 t_move_k 100 3332.462566614151 103.64061940650883 98.60000495401084 97.21564160600931 103.20926549385103 99.64136086711353 91.43742365225339 98.55739254152013
0.9278936286195654 3303.5042237864877 0.17857142857142855 1.1679693260832569 4437.776260480295 0.05357142857142857 t_multiswap_k 100 3333.2888507843018 103.64061940650883 98.60000495401084 97.21564160600931 103.20926549385103 99.64136086711353 91.43742365225339 98.85181861610494
0.9278936286195654 3303.5042237864877 0.17857142857142855 1.1477484364393717 4251.582884633115 0.03571428571428571 t_move_k 100 3334.213510990143 103.64421321244374 98.60000495401084 97.21564160600931 103.20926549385103 99.64136086711353 91.43742365225339 98.85181861610494
0.9278936286195654 3303.5042237864877 0.17857142857142855 1.1760078262195415 4603.185740151107 0.08928571428571427 f_swap_t 100 3335.2786741256714 103.64421321244374 98.60000495401084 97.21564160600931 103.60717283891252 99.64136086711353 91.43742365225339 98.85181861610494
0.9278936286195654 3303.5042237864877 0.17857142857142855 1.187655261232224 4678.376552034695 0.07142857142857142 swap_t 100 3337.044609069824 103.64421321244374 98.60000495401084 97.21564160600931 103.60717283891252 99.7549472584424 91.43742365225339 98.85181861610494
0.9278936286195654 3303.5042237864877 0.17857142857142855 1.118918472309991 4238.525155074369 0.08928571428571427 t_multiswap_k 100 3338.8818414211273 103.64421321244374 98.60000495401084 97.21564160600931 103.60717283891252 99.7549472584424 91.43742365225339 98.98330042994388
0.9278936286195654 3303.5042237864877 0.17857142857142855 1.0809608370215729 3996.0692058559925 0.08928571428571427 swap_t 100 3339.9267976284027 103.64421321244374 98.60000495401084 97.21564160600931 103.60717283891252 99.75739778585798 91.43742365225339 98.98330042994388
0.9278936286195654 3303.5042237864877 0.17857142857142855 1.1082336084401552 4227.306765211139 0.10714285714285714 f_swap_t 100 3341.3809044361115 103.64421321244374 98.60000495401084 97.21564160600931 103.6811011105234 99.75739778585798 91.43742365225339 98.98330042994388
0.9278936286195654 3303.5042237864877 0.17857142857142855 1.168388366883729 4497.4845162422025 0.07142857142857142 t_swap_k 100 3344.9776706695557 103.64421321244374 98.60000495401084 97.46348518994922 103.6811011105234 99.75739778585798 91.43742365225339 98.98330042994388
0.9278936286195654 3303.5042237864877 0.17857142857142855 1.120031313774318 4188.601859987186 0.07142857142857142 t_move_k 100 3346.8483412265778 103.69777108031931 98.60000495401084 97.46348518994922 103.6811011105234 99.75739778585798 91.43742365225339 98.98330042994388
0.9278936286195654 3303.5042237864877 0.17857142857142855 1.120031313774318 4188.601859987186 0.07142857142857142 t_swap_r_k 100 3349.4454877376556 103.69777108031931 98.60000495401084 97.46348518994922 103.6811011105234 99.75739778585798 91.56304941573086 98.98330042994388
0.9278936286195654 3303.5042237864877 0.17857142857142855 1.1107297702694825 4243.2511010775215 0.10714285714285712 t_move_k 100 3351.8326466083527 103.73079336951612 98.60000495401084 97.46348518994922 103.6811011105234 99.75739778585798 91.56304941573086 98.98330042994388
0.9278936286195654 3303.5042237864877 0.17857142857142855 1.1130075105890644 4257.80026060922 0.10714285714285712 t_swap_k 100 3352.9022998809814 103.73079336951612 98.60000495401084 97.58885033804974 103.6811011105234 99.75739778585798 91.56304941573086 98.98330042994388
0.9278936286195654 3303.5042237864877 0.17857142857142855 1.1130075105890644 4257.80026060922 0.10714285714285712 f_swap_t 100 3355.460245370865 103.73079336951612 98.60000495401084 97.58885033804974 103.64429009941817 99.75739778585798 91.56304941573086 98.98330042994388
0.9278936286195654 3303.5042237864877 0.17857142857142855 1.1212710215723454 4324.427203884289 0.10714285714285712 swap_t 100 3356.1979253292084 103.73079336951612 98.60000495401084 97.58885033804974 103.64429009941817 99.82982380799939 91.56304941573086 98.98330042994388
0.9278936286195654 3303.5042237864877 0.17857142857142855 1.1530245955553113 4456.379413454008 0.08928571428571427 f_swap_t 100 3358.2667095661163 103.73079336951612 98.60000495401084 97.58885033804974 103.84784719842399 99.82982380799939 91.56304941573086 98.98330042994388
0.9278936286195654 3303.5042237864877 0.17857142857142855 1.1262887599550104 4171.539938122593 0.05357142857142857 t_move_k 100 3360.95720410347 103.72348543582096 98.60000495401084 97.58885033804974 103.84784719842399 99.82982380799939 91.56304941573086 98.98330042994388
0.9278936286195654 3303.5042237864877 0.17857142857142855 1.126080268223344 4284.271419642388 0.08928571428571427 t_move_k 100 3362.614082336426 103.94625058146275 98.60000495401084 97.58885033804974 103.84784719842399 99.82982380799939 91.56304941573086 98.98330042994388
0.9278936286195654 3303.5042237864877 0.17857142857142855 1.1102728201610708 4069.2374670687964 0.05357142857142857 t_swap_r_k 100 3365.399518251419 103.94625058146275 98.60000495401084 97.58885033804974 103.84784719842399 99.82982380799939 91.71741892157355 98.98330042994388
0.9278936286195654 3303.5042237864877 0.17857142857142855 1.0845131893820392 4018.760001975682 0.08928571428571427 swap_t 100 3368.393291950226 103.94625058146275 98.60000495401084 97.58885033804974 103.84784719842399 99.83152556991939 91.71741892157355 98.98330042994388
0.9278936286195654 3303.5042237864877 0.17857142857142855 1.0845131893820392 4018.760001975682 0.08928571428571427 move_t 100 3369.521379709244 103.94625058146275 98.61400490447073 97.58885033804974 103.84784719842399 99.83152556991939 91.71741892157355 98.98330042994388
0.9278936286195654 3303.5042237864877 0.17857142857142855 1.0728397073282738 4001.2267729930504 0.10714285714285712 t_multiswap_k 100 3371.6677174568176 103.94625058146275 98.61400490447073 97.58885033804974 103.84784719842399 99.83152556991939 91.71741892157355 99.02346742564444
0.9278936286195654 3303.5042237864877 0.17857142857142855 1.1247133789981716 4446.635205248126 0.14285714285714285 t_swap_k 100 3374.891255378723 103.94625058146275 98.61400490447073 97.77296183466925 103.84784719842399 99.83152556991939 91.71741892157355 99.02346742564444
0.9278936286195654 3303.5042237864877 0.17857142857142855 1.1192906729643899 4490.006701279243 0.14285714285714285 swap_t 100 3376.763680458069 103.94625058146275 98.61400490447073 97.77296183466925 103.84784719842399 99.9532103142202 91.71741892157355 99.02346742564444
0.9278936286195654 3303.5042237864877 0.17857142857142855 1.1192906729643899 4490.006701279243 0.14285714285714285 t_swap_r_k 100 3379.8471777439117 103.94625058146275 98.61400490447073 97.77296183466925 103.84784719842399 99.9532103142202 91.84024473235782 99.02346742564444
0.9278936286195654 3303.5042237864877 0.17857142857142855 1.1039423137436701 4363.384603877442 0.1607142857142857 swap_t 100 3381.4137151241302 103.94625058146275 98.61400490447073 97.77296183466925 103.84784719842399 100.013678211078 91.84024473235782 99.02346742564444
0.9278936286195654 3303.5042237864877 0.17857142857142855 1.0786380772662685 4209.358944816765 0.1607142857142857 t_move_k 100 3382.878353357315 104.05678807564811 98.61400490447073 97.77296183466925 103.84784719842399 100.013678211078 91.84024473235782 99.02346742564444
0.9278936286195654 3303.5042237864877 0.17857142857142855 1.104957639943178 4320.444613323909 0.14285714285714285 f_swap_t 100 3385.5572698116302 104.05678807564811 98.61400490447073 97.77296183466925 103.96936872643975 100.013678211078 91.84024473235782 99.02346742564444
0.9278936286195654 3303.5042237864877 0.17857142857142855 1.0793302173303985 4213.780017809473 0.1607142857142857 t_swap_k 100 3388.5640873908997 104.05678807564811 98.61400490447073 98.03523221632256 103.96936872643975 100.013678211078 91.84024473235782 99.02346742564444
0.9278936286195654 3303.5042237864877 0.17857142857142855 1.051480025182223 4035.885775402322 0.1607142857142857 t_move_k 100 3391.303861141205 104.25622019489164 98.61400490447073 98.03523221632256 103.96936872643975 100.013678211078 91.84024473235782 99.02346742564444
0.9278936286195654 3303.5042237864877 0.17857142857142855 1.0509157541327863 4032.281470975345 0.1607142857142857 t_multiswap_k 100 3393.4604444503784 104.25622019489164 98.61400490447073 98.03523221632256 103.96936872643975 100.013678211078 91.84024473235782 99.063232751388
0.9278936286195654 3303.5042237864877 0.17857142857142855 1.0834164264941255 4239.880846113669 0.1607142857142857 t_move_k 100 3396.3902554512024 104.37365799294273 98.61400490447073 98.03523221632256 103.96936872643975 100.013678211078 91.84024473235782 99.063232751388
0.9278936286195654 3303.5042237864877 0.17857142857142855 1.0886112604980052 4273.063060966417 0.1607142857142857 move_t 100 3397.758553981781 104.37365799294273 98.69786485542602 98.03523221632256 103.96936872643975 100.013678211078 91.84024473235782 99.063232751388
0.9278936286195654 3303.5042237864877 0.17857142857142855 1.0603347620348353 4092.44576952119 0.1607142857142857 f_swap_t 100 3400.922546863556 104.37365799294273 98.69786485542602 98.03523221632256 104.08967503917536 100.013678211078 91.84024473235782 99.063232751388
0.9278936286195654 3303.5042237864877 0.17857142857142855 1.095240436865839 4144.312349898621 0.10714285714285714 move_t 100 3402.363955259323 104.37365799294273 98.87088620687176 98.03523221632256 104.08967503917536 100.013678211078 91.84024473235782 99.063232751388
0.9278936286195654 3303.5042237864877 0.17857142857142855 1.0992726428072364 4284.131461400057 0.14285714285714285 f_swap_t 100 3405.2452807426453 104.37365799294273 98.87088620687176 98.03523221632256 104.24877828878361 100.013678211078 91.84024473235782 99.063232751388
0.9278936286195654 3303.5042237864877 0.17857142857142855 1.05650088444584 4010.925103984644 0.14285714285714285 t_move_k 100 3406.60205411911 104.4799214130133 98.87088620687176 98.03523221632256 104.24877828878361 100.013678211078 91.84024473235782 99.063232751388
0.9278936286195654 3303.5042237864877 0.17857142857142855 1.0461497523435301 3944.8068239526924 0.14285714285714285 t_multiswap_k 100 3407.3223099708557 104.4799214130133 98.87088620687176 98.03523221632256 104.24877828878361 100.013678211078 91.84024473235782 99.10260042387412
0.9278936286195654 3303.5042237864877 0.17857142857142855 1.0450709303088248 3937.915804043926 0.14285714285714285 move_t 100 3409.027371406555 104.4799214130133 98.91217734480304 98.03523221632256 104.24877828878361 100.013678211078 91.84024473235782 99.10260042387412
0.9278936286195654 3303.5042237864877 0.17857142857142855 1.0165638829427213 3926.920718529363 0.19642857142857142 swap_t 100 3410.4331550598145 104.4799214130133 98.91217734480304 98.03523221632256 104.24877828878361 100.07354142896722 91.84024473235782 99.10260042387412
0.9278936286195654 3303.5042237864877 0.17857142857142855 0.9845008258101633 3779.1482440741242 0.21428571428571427 move_t 100 3411.4545691013336 104.4799214130133 98.92305557135501 98.03523221632256 104.24877828878361 100.07354142896722 91.84024473235782 99.10260042387412
0.9278936286195654 3303.5042237864877 0.17857142857142855 0.9845008258101633 3779.1482440741242 0.21428571428571427 swap_t 100 3412.9908599853516 104.4799214130133 98.92305557135501 98.03523221632256 104.24877828878361 100.07280601467754 91.84024473235782 99.10260042387412
0.9278936286195654 3303.5042237864877 0.17857142857142855 1.01577303309162 3921.8691327316424 0.19642857142857142 t_move_k 100 3414.742894887924 104.61512219888317 98.92305557135501 98.03523221632256 104.24877828878361 100.07280601467754 91.84024473235782 99.10260042387412
0.9278936286195654 3303.5042237864877 0.17857142857142855 1.1462351173331051 4584.106189864969 0.14285714285714285 f_swap_t 100 3417.3686697483063 104.61512219888317 98.92305557135501 98.03523221632256 104.32629050589577 100.07280601467754 91.84024473235782 99.10260042387412
0.9278936286195654 3303.5042237864877 0.17857142857142855 1.1590288291121316 4608.794932074835 0.125 t_swap_k 100 3418.835223674774 104.61512219888317 98.92305557135501 98.30487989415933 104.32629050589577 100.07280601467754 91.84024473235782 99.10260042387412
0.9278936286195654 3303.5042237864877 0.17857142857142855 1.1490380879659479 4602.0102795231705 0.14285714285714285 f_swap_t 100 3420.9039056301117 104.61512219888317 98.92305557135501 98.30487989415933 104.47302760083682 100.07280601467754 91.84024473235782 99.10260042387412
0.9278936286195654 3303.5042237864877 0.17857142857142855 1.0974641248285537 4386.64270976921 0.17857142857142858 f_swap_t 100 3422.9993867874146 104.61512219888317 98.92305557135501 98.30487989415933 104.42829732482845 100.07280601467754 91.84024473235782 99.10260042387412
0.9278936286195654 3303.5042237864877 0.17857142857142855 1.0956720037428553 4375.1954629729935 0.17857142857142858 move_t 100 3424.113160610199 104.61512219888317 98.96382501564146 98.30487989415933 104.42829732482845 100.07280601467754 91.84024473235782 99.10260042387412
0.9278936286195654 3303.5042237864877 0.17857142857142855 1.1131911958642935 4430.068404309768 0.1607142857142857 t_swap_k 100 3425.3372387886047 104.61512219888317 98.96382501564146 98.59183109521773 104.42829732482845 100.07280601467754 91.84024473235782 99.10260042387412
0.9278936286195654 3303.5042237864877 0.17857142857142855 1.0954986874749857 4488.151629207714 0.21428571428571427 f_swap_t 100 3426.913056373596 104.61512219888317 98.96382501564146 98.59183109521773 104.55401435158016 100.07280601467754 91.84024473235782 99.10260042387412
0.9278936286195654 3303.5042237864877 0.17857142857142855 1.0954986874749857 4488.151629207714 0.21428571428571427 t_swap_r_k 100 3429.854106426239 104.61512219888317 98.96382501564146 98.59183109521773 104.55401435158016 100.07280601467754 91.96184228503424 99.10260042387412
0.9278936286195654 3303.5042237864877 0.17857142857142855 1.0695036471398705 4335.670144276452 0.21428571428571427 move_t 100 3431.3326308727264 104.61512219888317 99.15418676548505 98.59183109521773 104.55401435158016 100.07280601467754 91.96184228503424 99.10260042387412
0.9278936286195654 3303.5042237864877 0.17857142857142855 1.073289248891814 4358.582625437097 0.21428571428571427 swap_t 100 3432.8258304595947 104.61512219888317 99.15418676548505 98.59183109521773 104.55401435158016 100.14207795453076 91.96184228503424 99.10260042387412
0.9278936286195654 3303.5042237864877 0.17857142857142855 1.051299055088561 4317.192020983527 0.25 move_t 100 3435.4639501571655 104.61512219888317 99.1726448978302 98.59183109521773 104.55401435158016 100.14207795453076 91.96184228503424 99.10260042387412
0.9278936286195654 3303.5042237864877 0.17857142857142855 1.055296846984644 4288.392342889716 0.23214285714285712 t_move_k 100 3438.41886305809 104.81897097689433 99.1726448978302 98.59183109521773 104.55401435158016 100.14207795453076 91.96184228503424 99.10260042387412
0.9278936286195654 3303.5042237864877 0.17857142857142855 1.0312939777626848 4078.0414176704817 0.21428571428571427 t_move_k 100 3439.636168241501 104.80078126712539 99.1726448978302 98.59183109521773 104.55401435158016 100.14207795453076 91.96184228503424 99.10260042387412
0.9278936286195654 3303.5042237864877 0.17857142857142855 1.0474010222401855 4123.894208124678 0.19642857142857142 t_swap_k 100 3441.0108604431152 104.80078126712539 99.1726448978302 98.78591278426555 104.55401435158016 100.14207795453076 91.96184228503424 99.10260042387412
0.9278936286195654 3303.5042237864877 0.17857142857142855 1.027716937968769 3884.098083073262 0.1607142857142857 t_multiswap_k 100 3441.7462882995605 104.80078126712539 99.1726448978302 98.78591278426555 104.55401435158016 100.14207795453076 91.96184228503424 99.18157441963538
0.9278936286195654 3303.5042237864877 0.17857142857142855 1.0366455093973403 3884.098083073262 0.14285714285714285 t_swap_r_k 100 3443.63840508461 104.80078126712539 99.1726448978302 98.78591278426555 104.55401435158016 100.14207795453076 92.0822238621839 99.18157441963538
0.9278936286195654 3303.5042237864877 0.17857142857142855 1.0716927637408133 4222.027085858513 0.17857142857142858 f_swap_t 100 3445.936375141144 104.80078126712539 99.1726448978302 98.78591278426555 104.61847420806436 100.14207795453076 92.0822238621839 99.18157441963538
0.9278936286195654 3303.5042237864877 0.17857142857142855 1.0471846322795237 4179.543623888187 0.21428571428571427 f_swap_t 100 3447.4097270965576 104.80078126712539 99.1726448978302 98.78591278426555 104.7222894659837 100.14207795453076 92.0822238621839 99.18157441963538
0.9278936286195654 3303.5042237864877 0.17857142857142855 1.0471846322795237 4179.543623888187 0.21428571428571427 swap_t 100 3449.2305784225464 104.80078126712539 99.1726448978302 98.78591278426555 104.7222894659837 100.14065717498545 92.0822238621839 99.18157441963538
0.9278936286195654 3303.5042237864877 0.17857142857142855 1.0783347390169036 4378.516205817433 0.21428571428571427 t_swap_k 100 3451.4745800495148 104.80078126712539 99.1726448978302 98.89805365642289 104.7222894659837 100.14065717498545 92.0822238621839 99.18157441963538
0.9278936286195654 3303.5042237864877 0.17857142857142855 1.0507716741504904 4254.138084792901 0.21428571428571427 move_t 100 3453.350208044052 104.80078126712539 99.33091844885189 98.89805365642289 104.7222894659837 100.14065717498545 92.0822238621839 99.18157441963538
0.9278936286195654 3303.5042237864877 0.17857142857142855 1.0476077456381432 4241.517641206491 0.23214285714285715 swap_t 100 3454.375314474106 104.80078126712539 99.33091844885189 98.89805365642289 104.7222894659837 100.1692506032356 92.0822238621839 99.18157441963538
0.9278936286195654 3303.5042237864877 0.17857142857142855 1.0101552417856057 4114.1117227785935 0.26785714285714285 t_move_k 100 3456.7590708732605 105.01277345445413 99.33091844885189 98.89805365642289 104.7222894659837 100.1692506032356 92.0822238621839 99.18157441963538
0.9278936286195654 3303.5042237864877 0.17857142857142855 1.0097037225404195 4111.227625116814 0.26785714285714285 swap_t 100 3458.392349243164 105.01277345445413 99.33091844885189 98.89805365642289 104.7222894659837 100.19755809720324 92.0822238621839 99.18157441963538
0.9278936286195654 3303.5042237864877 0.17857142857142855 0.9926387254935053 4002.224257915991 0.26785714285714285 t_swap_k 100 3460.070832967758 105.01277345445413 99.33091844885189 98.99907311985866 104.7222894659837 100.19755809720324 92.0822238621839 99.18157441963538
0.9278936286195654 3303.5042237864877 0.17857142857142855 1.0551387254935052 4002.224257915991 0.14285714285714285 t_swap_r_k 100 3462.7765440940857 105.01277345445413 99.33091844885189 98.99907311985866 104.7222894659837 100.19755809720324 92.20140162356205 99.18157441963538
0.9278936286195654 3303.5042237864877 0.17857142857142855 1.0786586041550614 4095.426830168687 0.125 t_swap_k 100 3464.9237372875214 105.01277345445413 99.33091844885189 99.15908238866008 104.7222894659837 100.19755809720324 92.20140162356205 99.18157441963538
0.9278936286195654 3303.5042237864877 0.17857142857142855 1.0363092807477277 4167.108486286483 0.23214285714285712 t_multiswap_k 100 3466.425616502762 105.01277345445413 99.33091844885189 99.15908238866008 104.7222894659837 100.19755809720324 92.20140162356205 99.37975867543904
0.9278936286195654 3303.5042237864877 0.17857142857142855 1.0676580946051886 4367.350318079415 0.23214285714285715 move_t 100 3467.5047495365143 105.01277345445413 99.40760926436337 99.15908238866008 104.7222894659837 100.19755809720324 92.20140162356205 99.37975867543904
0.9278936286195654 3303.5042237864877 0.17857142857142855 1.07658666603376 4367.350318079415 0.2142857142857143 t_swap_r_k 100 3469.9772703647614 105.01277345445413 99.40760926436337 99.15908238866008 104.7222894659837 100.19755809720324 92.31938760732643 99.37975867543904
0.9278936286195654 3303.5042237864877 0.17857142857142855 1.0202680673671396 4178.7078101539 0.26785714285714285 t_move_k 100 3471.4832417964935 105.4726457199096 99.40760926436337 99.15908238866008 104.7222894659837 100.19755809720324 92.31938760732643 99.37975867543904
0.9278936286195654 3303.5042237864877 0.17857142857142855 1.010326278448673 4115.204226465403 0.26785714285714285 t_swap_k 100 3475.4195630550385 105.4726457199096 99.40760926436337 99.29749156477348 104.7222894659837 100.19755809720324 92.31938760732643 99.37975867543904
0.9278936286195654 3303.5042237864877 0.17857142857142855 0.9936046104154735 4008.393887394016 0.26785714285714285 t_multiswap_k 100 3477.0947597026825 105.4726457199096 99.40760926436337 99.29749156477348 104.7222894659837 100.19755809720324 92.31938760732643 99.47596108868464
0.9278936286195654 3303.5042237864877 0.17857142857142855 1.0349757239657524 4215.621953247102 0.25 t_multiswap_k 100 3479.678244113922 105.4726457199096 99.40760926436337 99.29749156477348 104.7222894659837 100.19755809720324 92.31938760732643 99.4912014777978
0.9278936286195654 3303.5042237864877 0.17857142857142855 1.1563636292911945 4762.8657056031725 0.17857142857142858 t_swap_k 100 3481.7838871479034 105.4726457199096 99.40760926436337 99.90451664912574 104.7222894659837 100.19755809720324 92.31938760732643 99.4912014777978
0.9278936286195654 3303.5042237864877 0.17857142857142855 1.1733010424174093 4471.832816821003 0.05357142857142857 t_swap_r_k 100 3484.0202896595 105.4726457199096 99.40760926436337 99.90451664912574 104.7222894659837 100.19755809720324 92.46619373125317 99.4912014777978
0.9278936286195654 3303.5042237864877 0.17857142857142855 1.142039649058687 4443.244233528141 0.10714285714285714 move_t 100 3485.209267616272 105.4726457199096 99.44353317171974 99.90451664912574 104.7222894659837 100.19755809720324 92.46619373125317 99.4912014777978
0.9278936286195654 3303.5042237864877 0.17857142857142855 1.244878792236794 5402.228057433121 0.08928571428571427 swap_t 100 3487.2227914333344 105.4726457199096 99.44353317171974 99.90451664912574 104.7222894659837 100.33558251623121 92.46619373125317 99.4912014777978
0.9278936286195654 3303.5042237864877 0.17857142857142855 1.122405409874181 4431.892957990837 0.14285714285714285 t_multiswap_k 100 3489.607867002487 105.4726457199096 99.44353317171974 99.90451664912574 104.7222894659837 100.33558251623121 92.46619373125317 99.80628946301982
0.9278936286195654 3303.5042237864877 0.17857142857142855 1.1417358803543336 4441.30389849417 0.10714285714285712 f_swap_t 100 3492.237193584442 105.4726457199096 99.44353317171974 99.90451664912574 104.80506657132386 100.33558251623121 92.46619373125317 99.80628946301982
0.9278936286195654 3303.5042237864877 0.17857142857142855 1.135873241050862 4175.729587972316 0.03571428571428571 t_swap_r_k 100 3494.907397031784 105.4726457199096 99.44353317171974 99.90451664912574 104.80506657132386 100.33558251623121 92.61153179394064 99.80628946301982
0.9278936286195654 3303.5042237864877 0.17857142857142855 1.0683359226955655 4200.585126268129 0.17857142857142855 t_multiswap_k 100 3498.3229327201843 105.4726457199096 99.44353317171974 99.90451664912574 104.80506657132386 100.33558251623121 92.61153179394064 99.93822656838962
0.9278936286195654 3303.5042237864877 0.17857142857142855 1.1042657344818148 4430.088269856496 0.17857142857142855 t_swap_k 100 3502.1540207862854 105.4726457199096 99.44353317171974 100.09547148263448 104.80506657132386 100.33558251623121 92.61153179394064 99.93822656838962
0.9278936286195654 3303.5042237864877 0.17857142857142855 1.0681646877017976 4256.522971231111 0.1964285714285714 t_move_k 100 3503.7875123023987 105.59791926271049 99.44353317171974 100.09547148263448 104.80506657132386 100.33558251623121 92.61153179394064 99.93822656838962
0.9278936286195654 3303.5042237864877 0.17857142857142855 1.0681646877017976 4256.522971231111 0.1964285714285714 move_t 100 3506.3044123649597 105.59791926271049 99.44909784000254 100.09547148263448 104.80506657132386 100.33558251623121 92.61153179394064 99.93822656838962
0.9278936286195654 3303.5042237864877 0.17857142857142855 1.0640341191358313 4173.107179933981 0.17857142857142855 t_multiswap_k 100 3507.131731033325 105.59791926271049 99.44909784000254 100.09547148263448 104.80506657132386 100.33558251623121 92.61153179394064 100.03884430270573
0.9278936286195654 3303.5042237864877 0.17857142857142855 1.068419670843535 4160.7864548695925 0.19642857142857142 swap_t 100 3507.9821770191193 105.59791926271049 99.44909784000254 100.09547148263448 104.80506657132386 100.3422266910689 92.61153179394064 100.03884430270573
0.9278936286195654 3303.5042237864877 0.17857142857142855 1.047825267793029 4069.5724784648974 0.17857142857142858 t_swap_k 100 3509.2213966846466 105.59791926271049 99.44909784000254 100.19451676780814 104.80506657132386 100.3422266910689 92.61153179394064 100.03884430270573
0.9278936286195654 3303.5042237864877 0.17857142857142855 1.0530909965308208 3989.1443053420985 0.14285714285714285 t_swap_r_k 100 3511.2129628658295 105.59791926271049 99.44909784000254 100.19451676780814 104.80506657132386 100.3422266910689 92.75541647600123 100.03884430270573
0.9278936286195654 3303.5042237864877 0.17857142857142855 1.122945943600096 4378.31402379686 0.125 t_swap_k 100 3512.8285591602325 105.59791926271049 99.44909784000254 100.44257160013005 104.80506657132386 100.3422266910689 92.75541647600123 100.03884430270573
0.9278936286195654 3303.5042237864877 0.17857142857142855 1.1413079721061503 4381.539001547015 0.08928571428571427 t_move_k 100 3514.6634130477905 105.78194007008338 99.44909784000254 100.44257160013005 104.80506657132386 100.3422266910689 92.75541647600123 100.03884430270573
0.9278936286195654 3303.5042237864877 0.17857142857142855 1.0935058051853934 4133.232319031813 0.10714285714285715 move_t 100 3517.1395757198334 105.78194007008338 99.45460686160251 100.44257160013005 104.80506657132386 100.3422266910689 92.75541647600123 100.03884430270573
0.9278936286195654 3303.5042237864877 0.17857142857142855 1.0488629480425362 4133.232319031813 0.19642857142857142 t_swap_r_k 100 3519.011489868164 105.78194007008338 99.45460686160251 100.44257160013005 104.80506657132386 100.3422266910689 92.89786231124121 100.03884430270573
0.9278936286195654 3303.5042237864877 0.17857142857142855 1.0488629480425362 4133.232319031813 0.19642857142857142 f_swap_t 100 3520.823716878891 105.78194007008338 99.45460686160251 100.44257160013005 104.75701590561063 100.3422266910689 92.89786231124121 100.03884430270573
0.9278936286195654 3303.5042237864877 0.17857142857142855 1.116362977992261 4564.39152348107 0.19642857142857142 t_swap_k 100 3522.5665616989136 105.78194007008338 99.45460686160251 100.63814588412875 104.75701590561063 100.3422266910689 92.89786231124121 100.03884430270573
0.9278936286195654 3303.5042237864877 0.17857142857142855 1.1526016156515537 4738.835689480175 0.17857142857142855 t_swap_k 100 3524.4242763519287 105.78194007008338 99.45460686160251 100.87176442528747 104.75701590561063 100.3422266910689 92.89786231124121 100.03884430270573
0.9278936286195654 3303.5042237864877 0.17857142857142855 1.1091289832551223 4404.120854980109 0.1607142857142857 t_move_k 100 3525.9479644298553 106.08412066938254 99.45460686160251 100.87176442528747 104.75701590561063 100.3422266910689 92.89786231124121 100.03884430270573
0.9278936286195654 3303.5042237864877 0.17857142857142855 1.0541986096887102 4110.2824607193 0.17857142857142858 t_multiswap_k 100 3527.971113204956 106.08412066938254 99.45460686160251 100.87176442528747 104.75701590561063 100.3422266910689 92.89786231124121 100.13845585967867
0.9278936286195654 3303.5042237864877 0.17857142857142855 1.0360807043026263 4108.616829391254 0.21428571428571427 t_move_k 100 3530.202516078949 106.17327946268871 99.45460686160251 100.87176442528747 104.75701590561063 100.3422266910689 92.89786231124121 100.13845585967867
0.9278936286195654 3303.5042237864877 0.17857142857142855 1.0360114261302749 3880.0478502483847 0.14285714285714285 swap_t 100 3531.358868122101 106.17327946268871 99.45460686160251 100.87176442528747 104.75701590561063 100.33880442415821 92.89786231124121 100.13845585967867
0.9278936286195654 3303.5042237864877 0.17857142857142855 1.0739110052589422 4122.132963369798 0.14285714285714285 t_multiswap_k 100 3533.0193157196045 106.17327946268871 99.45460686160251 100.87176442528747 104.75701590561063 100.33880442415821 92.89786231124121 100.25707130108188
0.9278936286195654 3303.5042237864877 0.17857142857142855 1.0389293105845905 4018.361746733428 0.10714285714285714 move_t 100 3534.3285727500916 106.17327946268871 99.53006079298649 100.87176442528747 104.75701590561063 100.33880442415821 92.89786231124121 100.25707130108188
0.9278936286195654 3303.5042237864877 0.17857142857142855 1.0216931327628997 4016.7156272192606 0.21428571428571427 t_move_k 100 3536.463787794113 106.14154666806182 99.53006079298649 100.87176442528747 104.75701590561063 100.33880442415821 92.89786231124121 100.25707130108188
0.9278936286195654 3303.5042237864877 0.17857142857142855 1.0466332581993782 4104.470583526473 0.17857142857142858 swap_t 100 3537.9731810092926 106.14154666806182 99.53006079298649 100.87176442528747 104.75701590561063 100.34541637991663 92.89786231124121 100.25707130108188
0.9278936286195654 3303.5042237864877 0.17857142857142855 1.0216931327628997 4016.7156272192606 0.21428571428571427 t_move_k 100 3540.071551322937 106.11013120138121 99.53006079298649 100.87176442528747 104.75701590561063 100.34541637991663 92.89786231124121 100.25707130108188
0.9278936286195654 3303.5042237864877 0.17857142857142855 1.0216931327628997 4016.7156272192606 0.21428571428571427 t_swap_r_k 100 3542.399489402771 106.11013120138121 99.53006079298649 100.87176442528747 104.75701590561063 100.34541637991663 93.0088836881288 100.25707130108188
0.9278936286195654 3303.5042237864877 0.17857142857142855 1.0455256504275334 4054.8835784068783 0.17857142857142855 t_swap_k 100 3544.9752838611603 106.11013120138121 99.53006079298649 101.0030467810346 104.75701590561063 100.34541637991663 93.0088836881288 100.25707130108188
0.9278936286195654 3303.5042237864877 0.17857142857142855 1.0375341948167625 4060.8694440543545 0.19642857142857142 swap_t 100 3545.7615370750427 106.11013120138121 99.53006079298649 101.0030467810346 104.75701590561063 100.40196221611747 93.0088836881288 100.25707130108188
0.9278936286195654 3303.5042237864877 0.17857142857142855 1.0320939950797696 4083.1515610324445 0.21428571428571427 t_move_k 100 3546.6458547115326 106.10902988936739 99.53006079298649 101.0030467810346 104.75701590561063 100.40196221611747 93.0088836881288 100.25707130108188
0.9278936286195654 3303.5042237864877 0.17857142857142855 1.0786566256846561 4209.477423598504 0.1607142857142857 f_swap_t 100 3548.333776473999 106.10902988936739 99.53006079298649 101.0030467810346 104.74944574655453 100.40196221611747 93.0088836881288 100.25707130108188
0.9278936286195654 3303.5042237864877 0.17857142857142855 1.059801642093922 4146.0720595703515 0.17857142857142855 t_move_k 100 3550.5052678585052 106.32793959047372 99.53006079298649 101.0030467810346 104.74944574655453 100.40196221611747 93.0088836881288 100.25707130108188
0.9278936286195654 3303.5042237864877 0.17857142857142855 1.054472625775504 4121.419293689111 0.1607142857142857 move_t 100 3551.276205778122 106.32793959047372 99.59476018505663 101.0030467810346 104.74944574655453 100.40196221611747 93.0088836881288 100.25707130108188
0.9278936286195654 3303.5042237864877 0.17857142857142855 0.9857158544986061 3900.972520549841 0.25 f_swap_t 100 3553.3122313022614 106.32793959047372 99.59476018505663 101.0030467810346 104.79195128908898 100.40196221611747 93.0088836881288 100.25707130108188
0.9278936286195654 3303.5042237864877 0.17857142857142855 0.981574992343472 3874.5225940257874 0.25 t_multiswap_k 100 3554.876916885376 106.32793959047372 99.59476018505663 101.0030467810346 104.79195128908898 100.40196221611747 93.0088836881288 100.28450058807105
0.9278936286195654 3303.5042237864877 0.17857142857142855 1.0164885324094044 3983.4710294085517 0.21428571428571427 f_swap_t 100 3557.4007930755615 106.32793959047372 99.59476018505663 101.0030467810346 104.78403177619809 100.40196221611747 93.0088836881288 100.28450058807105
0.9278936286195654 3303.5042237864877 0.17857142857142855 1.0072001063845704 3867.109212453587 0.19642857142857142 move_t 100 3558.2500908374786 106.32793959047372 99.62881258320606 101.0030467810346 104.78403177619809 100.40196221611747 93.0088836881288 100.28450058807105
0.9278936286195654 3303.5042237864877 0.17857142857142855 0.9745930627397851 3829.9252328736734 0.25 t_swap_k 100 3560.101254940033 106.32793959047372 99.62881258320606 100.99301631322425 104.78403177619809 100.40196221611747 93.0088836881288 100.28450058807105
0.9278936286195654 3303.5042237864877 0.17857142857142855 1.0303285424493127 3960.8599754346874 0.19642857142857142 swap_t 100 3561.1684572696686 106.32793959047372 99.62881258320606 100.99301631322425 104.78403177619809 100.40794259395629 93.0088836881288 100.28450058807105
0.9278936286195654 3303.5042237864877 0.17857142857142855 1.0667735330781443 4247.636914124958 0.19642857142857142 t_swap_k 100 3562.990649461746 106.32793959047372 99.62881258320606 101.213086150092 104.78403177619809 100.40794259395629 93.0088836881288 100.28450058807105
0.9278936286195654 3303.5042237864877 0.17857142857142855 1.1015671422524709 4469.882517018683 0.1964285714285714 f_swap_t 100 3564.2388620376587 106.32793959047372 99.62881258320606 101.213086150092 104.92619145843611 100.40794259395629 93.0088836881288 100.28450058807105
0.9278936286195654 3303.5042237864877 0.17857142857142855 1.1124000538742944 4539.078183453401 0.1964285714285714 f_swap_t 100 3565.980157136917 106.32793959047372 99.62881258320606 101.213086150092 104.98692954385174 100.40794259395629 93.0088836881288 100.28450058807105
0.9278936286195654 3303.5042237864877 0.17857142857142855 1.1495135549393207 4662.078959774312 0.1607142857142857 f_swap_t 100 3569.186568260193 106.32793959047372 99.62881258320606 101.213086150092 105.18706024841323 100.40794259395629 93.0088836881288 100.28450058807105
0.9278936286195654 3303.5042237864877 0.17857142857142855 1.0876928057556476 4381.2596246927515 0.19642857142857142 swap_t 100 3571.345206260681 106.32793959047372 99.62881258320606 101.213086150092 105.18706024841323 100.52386316801673 93.0088836881288 100.28450058807105
0.9278936286195654 3303.5042237864877 0.17857142857142855 1.0979875071734553 4275.92260493165 0.14285714285714285 t_swap_r_k 100 3573.647970676422 106.32793959047372 99.62881258320606 101.213086150092 105.18706024841323 100.52386316801673 93.11879485124751 100.28450058807105
0.9278936286195654 3303.5042237864877 0.17857142857142855 1.0794836228909233 4271.791517602313 0.17857142857142855 t_swap_k 100 3575.7538130283356 106.32793959047372 99.62881258320606 101.32095528859108 105.18706024841323 100.52386316801673 93.11879485124751 100.28450058807105
0.9278936286195654 3303.5042237864877 0.17857142857142855 1.1611689055192742 4622.4647577304895 0.12499999999999999 f_swap_t 100 3577.988328933716 106.32793959047372 99.62881258320606 101.32095528859108 105.4051896459291 100.52386316801673 93.11879485124751 100.28450058807105
0.9278936286195654 3303.5042237864877 0.17857142857142855 1.1074160008607077 4222.084263328267 0.10714285714285714 t_multiswap_k 100 3580.374508857727 106.32793959047372 99.62881258320606 101.32095528859108 105.4051896459291 100.52386316801673 93.11879485124751 100.34165558219034
0.9278936286195654 3303.5042237864877 0.17857142857142855 1.0693300194619773 3978.808498076363 0.10714285714285715 move_t 100 3581.892395734787 106.32793959047372 99.752524457374 101.32095528859108 105.4051896459291 100.52386316801673 93.11879485124751 100.34165558219034
0.9278936286195654 3303.5042237864877 0.17857142857142855 1.0471712757471439 3837.2686155192946 0.10714285714285715 t_move_k 100 3583.1845710277557 106.30466019456898 99.752524457374 101.32095528859108 105.4051896459291 100.52386316801673 93.11879485124751 100.34165558219034
0.9278936286195654 3303.5042237864877 0.17857142857142855 1.1249283932824052 4333.94538679986 0.10714285714285715 t_move_k 100 3585.495650291443 106.5216135926233 99.752524457374 101.32095528859108 105.4051896459291 100.52386316801673 93.11879485124751 100.34165558219034
0.9278936286195654 3303.5042237864877 0.17857142857142855 1.080314031464467 4048.9693243779507 0.10714285714285715 move_t 100 3587.625400543213 106.5216135926233 99.75499921280026 101.32095528859108 105.4051896459291 100.52386316801673 93.11879485124751 100.34165558219034
0.9278936286195654 3303.5042237864877 0.17857142857142855 1.1088961977773892 4345.602312716645 0.14285714285714285 t_multiswap_k 100 3590.1527161598206 106.5216135926233 99.75499921280026 101.32095528859108 105.4051896459291 100.52386316801673 93.11879485124751 100.51823902636843
0.9278936286195654 3303.5042237864877 0.17857142857142855 1.1004539493563903 4120.582258854336 0.08928571428571429 t_swap_r_k 100 3591.416543483734 106.5216135926233 99.75499921280026 101.32095528859108 105.4051896459291 100.52386316801673 93.22760690273503 100.51823902636843
0.9278936286195654 3303.5042237864877 0.17857142857142855 1.0878746774657033 4211.326491199956 0.14285714285714285 move_t 100 3592.2734014987946 106.5216135926233 99.78744922067226 101.32095528859108 105.4051896459291 100.52386316801673 93.22760690273503 100.51823902636843
0.9278936286195654 3303.5042237864877 0.17857142857142855 1.0878746774657033 4211.326491199956 0.14285714285714285 t_move_k 100 3594.1467168331146 106.45639745669706 99.78744922067226 101.32095528859108 105.4051896459291 100.52386316801673 93.22760690273503 100.51823902636843
0.9278936286195654 3303.5042237864877 0.17857142857142855 1.0878746774657033 4211.326491199956 0.14285714285714285 t_swap_r_k 100 3596.474266767502 106.45639745669706 99.78744922067226 101.32095528859108 105.4051896459291 100.52386316801673 93.33533083370769 100.51823902636843
0.9278936286195654 3303.5042237864877 0.17857142857142855 1.188614506297295 4626.679809712859 0.07142857142857142 t_swap_k 100 3599.39480304718 106.45639745669706 99.78744922067226 101.46774573570517 105.4051896459291 100.52386316801673 93.33533083370769 100.51823902636843
0.9278936286195654 3303.5042237864877 0.17857142857142855 1.152188710786923 4508.071780773852 0.10714285714285714 t_move_k 100 3601.5026762485504 106.52183348213009 99.78744922067226 101.46774573570517 105.4051896459291 100.52386316801673 93.33533083370769 100.51823902636843
0.9278936286195654 3303.5042237864877 0.17857142857142855 1.152188710786923 4508.071780773852 0.10714285714285714 t_swap_r_k 100 3604.027324438095 106.52183348213009 99.78744922067226 101.46774573570517 105.4051896459291 100.52386316801673 93.4419775253706 100.51823902636843
0.9278936286195654 3303.5042237864877 0.17857142857142855 1.152188710786923 4508.071780773852 0.10714285714285714 f_swap_t 100 3606.292371034622 106.52183348213009 99.78744922067226 101.46774573570517 105.35113774946981 100.52386316801673 93.4419775253706 100.51823902636843