5
6 75 5 140

Solution history:
B_obj   B_dis   B_sim   C_obj   C_dis   C_sim   neighbor   iterations   time   scores
1.008193687104368 2259.7951466405502 0.0 1.008193687104368 2259.7951466405502 0.0 0 0 0 3.0 3.0 3.0 3.0 3.0 3.0 3.0
1.008193687104368 2259.7951466405502 0.0 1.008193687104368 2259.7951466405502 0.0 t_multiswap_k 100 1.231438159942627 3.0 3.0 3.0 3.0 3.0 3.0 3.9699999999999998
1.0075430766877855 2256.9020641425673 0.0 1.0075430766877855 2256.9020641425673 0.0 t_move_k 100 4.032998561859131 3.9699999999999998 3.0 3.0 3.0 3.0 3.0 3.9699999999999998
1.0075430766877855 2256.9020641425673 0.0 1.0115705344560229 2274.8110420557327 0.0 t_move_k 100 7.149885654449463 4.9703 3.0 3.0 3.0 3.0 3.0 3.9699999999999998
1.0075430766877855 2256.9020641425673 0.0 1.0114433610189666 2274.245537361099 0.0 t_multiswap_k 100 8.547191381454468 4.9703 3.0 3.0 3.0 3.0 3.0 4.9303
1.0075430766877855 2256.9020641425673 0.0 1.0114433610189666 2274.245537361099 0.0 swap_t 100 10.580381870269775 4.9703 3.0 3.0 3.0 3.9699999999999998 3.0 4.9303
1.0075430766877855 2256.9020641425673 0.0 1.0226492302621062 2324.074902762749 0.0 swap_t 100 11.607058763504028 4.9703 3.0 3.0 3.0 4.9403 3.0 4.9303
1.0075430766877855 2256.9020641425673 0.0 1.0204316353213099 2314.2138784887557 0.0 t_swap_r_k 100 15.4626944065094 4.9703 3.0 3.0 3.0 4.9403 4.01 4.9303
1.0075430766877855 2256.9020641425673 0.0 1.0204316353213099 2314.2138784887557 0.0 move_t 100 17.298083305358887 4.9703 3.9699999999999998 3.0 3.0 4.9403 4.01 4.9303
1.0075430766877855 2256.9020641425673 0.0 1.0529323466494391 2458.7354488769142 0.0 t_move_k 100 20.038350820541382 6.020597 3.9699999999999998 3.0 3.0 4.9403 4.01 4.9303
1.0075430766877855 2256.9020641425673 0.0 1.0414106167261612 2407.5015394006255 0.0 swap_t 100 21.46328091621399 6.020597 3.9699999999999998 3.0 3.0 5.890897 4.01 4.9303
1.0075430766877855 2256.9020641425673 0.0 1.0369918868959735 2387.852684096127 0.0 move_t 100 22.97463583946228 6.020597 4.9303 3.0 3.0 5.890897 4.01 4.9303
1.0075430766877855 2256.9020641425673 0.0 1.0369918868959735 2387.852684096127 0.0 t_swap_r_k 100 27.39539361000061 6.020597 4.9303 3.0 3.0 5.890897 5.0099 4.9303
1.0075430766877855 2256.9020641425673 0.0 1.0691960029230418 2639.217460115525 0.0 swap_t 100 30.539386510849 6.020597 4.9303 3.0 3.0 6.87198803 5.0099 4.9303
1.0075430766877855 2256.9020641425673 0.0 1.0584485017377567 2483.2642472721154 0.0 swap_t 100 32.319812059402466 6.020597 4.9303 3.0 3.0 7.8032681497 5.0099 4.9303
1.0075430766877855 2256.9020641425673 0.0 1.0569457085421505 2476.581746375291 0.0 f_swap_t 100 34.366379737854004 6.020597 4.9303 3.0 3.9699999999999998 7.8032681497 5.0099 4.9303
1.0075430766877855 2256.9020641425673 0.0 1.0757736248056817 2513.8855785015207 0.0 move_t 100 36.61487936973572 6.020597 5.890997 3.0 3.9699999999999998 7.8032681497 5.0099 4.9303
1.0075430766877855 2256.9020641425673 0.0 1.0723863424237625 2545.2419253427533 0.0 t_swap_r_k 100 41.22061228752136 6.020597 5.890997 3.0 3.9699999999999998 7.8032681497 5.999801 4.9303
1.0075430766877855 2256.9020641425673 0.0 1.0694251576145488 2532.074364961798 0.0 t_swap_k 100 44.892515420913696 6.020597 5.890997 4.07 3.9699999999999998 7.8032681497 5.999801 4.9303
1.0075430766877855 2256.9020641425673 0.0 1.0671591649298748 2521.9981294612635 0.0 f_swap_t 100 48.65674185752869 6.020597 5.890997 4.07 4.9303 7.8032681497 5.999801 4.9303
1.0075430766877855 2256.9020641425673 0.0 1.0652278046151378 2513.409910488049 0.0 f_swap_t 100 52.17056226730347 6.020597 5.890997 4.07 5.880997 7.8032681497 5.999801 4.9303
1.0075430766877855 2256.9020641425673 0.0 1.0644796809899524 2510.083214033172 0.0 t_multiswap_k 100 53.865113496780396 6.020597 5.890997 4.07 5.880997 7.8032681497 5.999801 5.880997
1.0075430766877855 2256.9020641425673 0.0 1.0622808536642203 2555.889646904575 0.025 t_multiswap_k 100 55.60132312774658 6.020597 5.890997 4.07 5.880997 7.8032681497 5.999801 6.85218703
1.0075430766877855 2256.9020641425673 0.0 1.0604086392196284 2547.564433068358 0.025 t_move_k 100 58.876797676086426 7.020391030000001 5.890997 4.07 5.880997 7.8032681497 5.999801 6.85218703
1.0075430766877855 2256.9020641425673 0.0 1.058712408353408 2540.0217689693463 0.025 move_t 100 61.871702909469604 7.020391030000001 6.89208703 4.07 5.880997 7.8032681497 5.999801 6.85218703
1.0075430766877855 2256.9020641425673 0.0 1.0577728993667694 2535.844035356936 0.025 f_swap_t 100 65.16836667060852 7.020391030000001 6.89208703 4.07 6.82218703 7.8032681497 5.999801 6.85218703
1.0075430766877855 2256.9020641425673 0.0 1.057024775741584 2532.5173389020583 0.025 t_swap_r_k 100 70.44349217414856 7.020391030000001 6.89208703 4.07 6.82218703 7.8032681497 6.97980299 6.85218703
1.0075430766877855 2256.9020641425673 0.0 1.0754873264486495 2614.615136535391 0.025 move_t 100 72.66744923591614 7.020391030000001 7.9631661597 4.07 6.82218703 7.8032681497 6.97980299 6.85218703
1.0075430766877855 2256.9020641425673 0.0 1.0621697350241797 2555.395533400537 0.025 t_swap_r_k 100 76.52983570098877 7.020391030000001 7.9631661597 4.07 6.82218703 7.8032681497 7.950004960099999 6.85218703
1.0075430766877855 2256.9020641425673 0.0 1.0615514394418655 2552.646145929661 0.025 t_swap_r_k 100 80.1102135181427 7.020391030000001 7.9631661597 4.07 6.82218703 7.8032681497 8.910504910499 6.85218703
1.0075430766877855 2256.9020641425673 0.0 1.0615514394418655 2552.646145929661 0.025 t_move_k 100 84.3441367149353 7.950187119700001 7.9631661597 4.07 6.82218703 7.8032681497 8.910504910499 6.85218703
1.0075430766877855 2256.9020641425673 0.0 1.0615514394418655 2552.646145929661 0.025 f_swap_t 100 87.52469491958618 7.950187119700001 7.9631661597 4.07 7.7539651597 7.8032681497 8.910504910499 6.85218703
1.0075430766877855 2256.9020641425673 0.0 1.0740514394418654 2552.646145929661 0.0 t_swap_r_k 100 93.75611615180969 7.950187119700001 7.9631661597 4.07 7.7539651597 7.8032681497 9.86139986139401 6.85218703
1.0075430766877855 2256.9020641425673 0.0 1.0821214976966593 2644.115439999719 0.025 t_multiswap_k 100 94.9657552242279 7.950187119700001 7.9631661597 4.07 7.7539651597 7.8032681497 9.86139986139401 7.853665159699999
1.0075430766877855 2256.9020641425673 0.0 1.0821214976966593 2644.115439999719 0.025 t_swap_r_k 100 100.45261549949646 7.950187119700001 7.9631661597 4.07 7.7539651597 7.8032681497 10.802785862780071 7.853665159699999
1.0075430766877855 2256.9020641425673 0.0 1.0859141127991092 2617.4739327348793 0.0 move_t 100 103.27240347862244 7.950187119700001 8.923534498103 4.07 7.7539651597 7.8032681497 10.802785862780071 7.853665159699999
1.0075430766877855 2256.9020641425673 0.0 1.0767765366014135 2620.347893395902 0.025 t_swap_r_k 100 106.62361907958984 7.950187119700001 8.923534498103 4.07 7.7539651597 7.8032681497 11.73475800415227 7.853665159699999
1.0075430766877855 2256.9020641425673 0.0 1.0746036110737525 2610.6855015047345 0.025 t_swap_r_k 100 111.78355884552002 7.950187119700001 8.923534498103 4.07 7.7539651597 7.8032681497 12.657410424110749 7.853665159699999
1.0075430766877855 2256.9020641425673 0.0 1.0726671939114611 2602.074796145227 0.025 t_move_k 100 114.33530330657959 8.870685248503001 8.923534498103 4.07 7.7539651597 7.8032681497 12.657410424110749 7.853665159699999
1.0075430766877855 2256.9020641425673 0.0 1.097453104737204 2712.2908071079446 0.025 move_t 100 117.27139973640442 8.870685248503001 9.934299153121971 4.07 7.7539651597 7.8032681497 12.657410424110749 7.853665159699999
1.0075430766877855 2256.9020641425673 0.0 1.084214188061798 2653.4210485709464 0.025 t_move_k 100 120.22789168357849 9.87197839601797 9.934299153121971 4.07 7.7539651597 7.8032681497 12.657410424110749 7.853665159699999
1.0075430766877855 2256.9020641425673 0.0 1.084214188061798 2653.4210485709464 0.025 t_swap_k 100 122.98090076446533 9.87197839601797 9.934299153121971 5.0293 7.7539651597 7.8032681497 12.657410424110749 7.853665159699999
1.0075430766877855 2256.9020641425673 0.0 1.079909052149649 2634.2773136392207 0.025 t_swap_k 100 125.25774955749512 9.87197839601797 9.934299153121971 6.009007 7.7539651597 7.8032681497 12.657410424110749 7.853665159699999
1.0075430766877855 2256.9020641425673 0.0 1.078639994721476 2628.6341703067365 0.025 t_move_k 100 126.85088872909546 10.80325861205779 9.934299153121971 6.009007 7.7539651597 7.8032681497 12.657410424110749 7.853665159699999
1.0075430766877855 2256.9020641425673 0.0 1.078639994721476 2628.6341703067365 0.025 t_swap_r_k 100 130.79580998420715 10.80325861205779 9.934299153121971 6.009007 7.7539651597 7.8032681497 13.570836319869642 7.853665159699999
1.0075430766877855 2256.9020641425673 0.0 1.078639994721476 2628.6341703067365 0.025 move_t 100 133.49617409706116 10.80325861205779 10.834956161590751 6.009007 7.7539651597 7.8032681497 13.570836319869642 7.853665159699999
1.0075430766877855 2256.9020641425673 0.0 1.0880808590317546 2670.6150525762914 0.025 t_swap_k 100 138.50823664665222 10.80325861205779 10.834956161590751 7.048916930000001 7.7539651597 7.8032681497 13.570836319869642 7.853665159699999
1.0075430766877855 2256.9020641425673 0.0 1.102592428231497 2679.5599380206795 0.0 move_t 100 141.54001379013062 10.80325861205779 11.856606599974844 7.048916930000001 7.7539651597 7.8032681497 13.570836319869642 7.853665159699999
1.0075430766877855 2256.9020641425673 0.0 1.0931343495025327 2637.5025080473943 0.0 swap_t 100 144.92518424987793 10.80325861205779 11.856606599974844 7.048916930000001 7.7539651597 8.725235468203 13.570836319869642 7.853665159699999
1.0075430766877855 2256.9020641425673 0.0 1.0876702597255434 2613.205229525096 0.0 t_multiswap_k 100 148.2960958480835 10.80325861205779 11.856606599974844 7.048916930000001 7.7539651597 8.725235468203 13.570836319869642 8.835128508102999
1.0075430766877855 2256.9020641425673 0.0 1.097049872126085 2704.321744188286 0.02222222222222222 t_multiswap_k 100 150.86752820014954 10.80325861205779 11.856606599974844 7.048916930000001 7.7539651597 8.725235468203 13.570836319869642 9.816777223021969
1.0075430766877855 2256.9020641425673 0.0 1.0932981771733923 2687.639006364293 0.02222222222222222 t_multiswap_k 100 152.17065453529358 10.80325861205779 11.856606599974844 7.048916930000001 7.7539651597 8.725235468203 13.570836319869642 10.748609450791749
1.0075430766877855 2256.9020641425673 0.0 1.0883515879422607 2670.745220818333 0.02222222222222222 move_t 100 152.92058539390564 10.80325861205779 12.768040533975096 7.048916930000001 7.7539651597 8.725235468203 13.570836319869642 10.748609450791749
1.0075430766877855 2256.9020641425673 0.0 1.089499020785914 2670.745220818333 0.02222222222222222 t_swap_r_k 100 155.88519525527954 10.80325861205779 12.768040533975096 7.048916930000001 7.7539651597 8.725235468203 14.475127956670946 10.748609450791749
1.0075430766877855 2256.9020641425673 0.0 1.0883515879422607 2665.6429079856844 0.02222222222222222 t_swap_r_k 100 161.63515043258667 10.80325861205779 12.768040533975096 7.048916930000001 7.7539651597 8.725235468203 15.370376677104236 10.748609450791749
1.0075430766877855 2256.9020641425673 0.0 1.0883515879422607 2665.6429079856844 0.02222222222222222 swap_t 100 164.62445068359375 10.80325861205779 12.768040533975096 7.048916930000001 7.7539651597 9.637983113520969 15.370376677104236 10.748609450791749
1.0075430766877855 2256.9020641425673 0.0 1.0883515879422607 2665.6429079856844 0.02222222222222222 swap_t 100 165.68984603881836 10.80325861205779 12.768040533975096 7.048916930000001 7.7539651597 10.54160328238576 15.370376677104236 10.748609450791749
1.0075430766877855 2256.9020641425673 0.0 1.0883515879422607 2665.6429079856844 0.02222222222222222 t_swap_r_k 100 170.0318639278412 10.80325861205779 12.768040533975096 7.048916930000001 7.7539651597 10.54160328238576 16.256672910333194 10.748609450791749
1.0075430766877855 2256.9020641425673 0.0 1.0883515879422607 2665.6429079856844 0.02222222222222222 t_swap_r_k 100 173.7423677444458 10.80325861205779 12.768040533975096 7.048916930000001 7.7539651597 10.54160328238576 17.13410618122986 10.748609450791749
1.0075430766877855 2256.9020641425673 0.0 1.0883515879422607 2665.6429079856844 0.02222222222222222 swap_t 100 176.16025400161743 10.80325861205779 12.768040533975096 7.048916930000001 7.7539651597 11.436187249561902 17.13410618122986 10.748609450791749
1.0075430766877855 2256.9020641425673 0.0 1.0883515879422607 2665.6429079856844 0.02222222222222222 f_swap_t 100 179.87931752204895 10.80325861205779 12.768040533975096 7.048916930000001 8.676425508103 11.436187249561902 17.13410618122986 10.748609450791749
1.0075430766877855 2256.9020641425673 0.0 1.0883515879422607 2665.6429079856844 0.02222222222222222 f_swap_t 100 184.1748604774475 10.80325861205779 12.768040533975096 7.048916930000001 9.58966125302197 11.436187249561902 17.13410618122986 10.748609450791749
1.0075430766877855 2256.9020641425673 0.0 1.0883515879422607 2665.6429079856844 0.02222222222222222 f_swap_t 100 187.5410442352295 10.80325861205779 12.768040533975096 7.048916930000001 10.493764640491749 11.436187249561902 17.13410618122986 10.748609450791749
1.0075430766877855 2256.9020641425673 0.0 1.0883515879422607 2665.6429079856844 0.02222222222222222 move_t 100 190.39247059822083 10.80325861205779 13.640360128635345 7.048916930000001 10.493764640491749 11.436187249561902 17.13410618122986 10.748609450791749
1.0075430766877855 2256.9020641425673 0.0 1.0883515879422607 2665.6429079856844 0.02222222222222222 swap_t 100 192.70248818397522 10.80325861205779 13.640360128635345 7.048916930000001 10.493764640491749 12.321825377066283 17.13410618122986 10.748609450791749
1.0075430766877855 2256.9020641425673 0.0 1.0822845906609386 2638.6646684700927 0.02222222222222222 t_move_k 100 195.4291799068451 11.755226025937212 13.640360128635345 7.048916930000001 10.493764640491749 12.321825377066283 17.13410618122986 10.748609450791749
1.0075430766877855 2256.9020641425673 0.0 1.080772899329913 2631.9426000545345 0.02222222222222222 f_swap_t 100 198.77230310440063 11.755226025937212 13.640360128635345 7.048916930000001 11.388826994086832 12.321825377066283 17.13410618122986 10.748609450791749
1.0075430766877855 2256.9020641425673 0.0 1.080772899329913 2631.9426000545345 0.02222222222222222 f_swap_t 100 201.5352807044983 11.755226025937212 13.640360128635345 7.048916930000001 12.274938724145963 12.321825377066283 17.13410618122986 10.748609450791749
1.0075430766877855 2256.9020641425673 0.0 1.080772899329913 2631.9426000545345 0.02222222222222222 t_swap_r_k 100 207.42119669914246 11.755226025937212 13.640360128635345 7.048916930000001 12.274938724145963 12.321825377066283 18.00276511941756 10.748609450791749
1.0075430766877855 2256.9020641425673 0.0 1.080772899329913 2631.9426000545345 0.02222222222222222 swap_t 100 211.05017280578613 11.755226025937212 13.640360128635345 7.048916930000001 12.274938724145963 13.19860712329562 18.00276511941756 10.748609450791749
1.0075430766877855 2256.9020641425673 0.0 1.080772899329913 2631.9426000545345 0.02222222222222222 swap_t 100 213.84533643722534 11.755226025937212 13.640360128635345 7.048916930000001 12.274938724145963 14.066621052062663 18.00276511941756 10.748609450791749
1.0075430766877855 2256.9020641425673 0.0 1.080772899329913 2631.9426000545345 0.02222222222222222 swap_t 100 216.18134093284607 11.755226025937212 13.640360128635345 7.048916930000001 12.274938724145963 14.925954841542037 18.00276511941756 10.748609450791749
1.0075430766877855 2256.9020641425673 0.0 1.080772899329913 2631.9426000545345 0.02222222222222222 t_swap_r_k 100 221.28356289863586 11.755226025937212 13.640360128635345 7.048916930000001 12.274938724145963 14.925954841542037 18.862737468223386 10.748609450791749
1.0075430766877855 2256.9020641425673 0.0 1.080772899329913 2631.9426000545345 0.02222222222222222 f_swap_t 100 224.05286383628845 11.755226025937212 13.640360128635345 7.048916930000001 13.152189336904504 14.925954841542037 18.862737468223386 10.748609450791749
1.0075430766877855 2256.9020641425673 0.0 1.080772899329913 2631.9426000545345 0.02222222222222222 t_multiswap_k 100 224.8149435520172 11.755226025937212 13.640360128635345 7.048916930000001 13.152189336904504 14.925954841542037 18.862737468223386 11.641123356283831
1.0075430766877855 2256.9020641425673 0.0 1.080772899329913 2631.9426000545345 0.02222222222222222 t_swap_r_k 100 229.6703701019287 11.755226025937212 13.640360128635345 7.048916930000001 13.152189336904504 14.925954841542037 19.71411009354115 11.641123356283831
1.0075430766877855 2256.9020641425673 0.0 1.0920022276689099 2681.8762814921924 0.02222222222222222 t_move_k 100 232.28005599975586 12.717673765677839 13.640360128635345 7.048916930000001 13.152189336904504 14.925954841542037 19.71411009354115 11.641123356283831
1.0075430766877855 2256.9020641425673 0.0 1.0920022276689099 2681.8762814921924 0.02222222222222222 t_multiswap_k 100 234.4639856815338 12.717673765677839 13.640360128635345 7.048916930000001 13.152189336904504 14.925954841542037 19.71411009354115 12.524712122720993
1.0075430766877855 2256.9020641425673 0.0 1.1320007997027437 2810.33073822481 0.0 t_swap_k 100 238.63978576660156 12.717673765677839 13.640360128635345 8.0584277607 13.152189336904504 14.925954841542037 19.71411009354115 12.524712122720993
1.0075430766877855 2256.9020641425673 0.0 1.1213665010100624 2763.0429871498695 0.0 t_swap_r_k 100 242.45042395591736 12.717673765677839 13.640360128635345 8.0584277607 13.152189336904504 14.925954841542037 20.55696899260574 12.524712122720993
1.0075430766877855 2256.9020641425673 0.0 1.1454256578272983 2801.826851974223 0.0 swap_t 100 243.7318937778473 12.717673765677839 13.640360128635345 8.0584277607 13.152189336904504 15.786695293126616 20.55696899260574 12.524712122720993
1.0075430766877855 2256.9020641425673 0.0 1.135353154369019 2825.2377215205524 0.0 t_move_k 100 245.51910281181335 13.62049702802106 13.640360128635345 8.0584277607 13.152189336904504 15.786695293126616 20.55696899260574 12.524712122720993
1.0075430766877855 2256.9020641425673 0.0 1.1295990600984607 2810.0263564037964 0.0 move_t 100 247.5965130329132 13.62049702802106 14.563956527348992 8.0584277607 13.152189336904504 15.786695293126616 20.55696899260574 12.524712122720993
1.0075430766877855 2256.9020641425673 0.0 1.1062357947030796 2695.760969396783 0.0 t_multiswap_k 100 248.75938844680786 13.62049702802106 14.563956527348992 8.0584277607 13.152189336904504 15.786695293126616 20.55696899260574 13.459465001493783
1.0075430766877855 2256.9020641425673 0.0 1.1018610567170108 2676.3077335152593 0.0 t_swap_r_k 100 254.08604836463928 13.62049702802106 14.563956527348992 8.0584277607 13.152189336904504 15.786695293126616 21.39139930267968 13.459465001493783
1.0075430766877855 2256.9020641425673 0.0 1.1385285274438783 2839.357717194302 0.0 t_swap_k 100 256.6662359237671 13.62049702802106 14.563956527348992 9.047843483093 13.152189336904504 15.786695293126616 21.39139930267968 13.459465001493783
1.0075430766877855 2256.9020641425673 0.0 1.1311464869463772 2806.5318484126387 0.0 f_swap_t 100 260.2470426559448 13.62049702802106 14.563956527348992 9.047843483093 14.020667443535459 15.786695293126616 21.39139930267968 13.459465001493783
1.0075430766877855 2256.9020641425673 0.0 1.1404408809241866 2847.861418092448 0.0 f_swap_t 100 264.8674247264862 13.62049702802106 14.563956527348992 9.047843483093 14.900460769100103 15.786695293126616 21.39139930267968 13.459465001493783
1.0075430766877855 2256.9020641425673 0.0 1.1246582873941033 2777.6806402400102 0.0 t_move_k 100 267.706670999527 14.574292057740848 14.563956527348992 9.047843483093 14.900460769100103 15.786695293126616 21.39139930267968 13.459465001493783
1.0075430766877855 2256.9020641425673 0.0 1.1491214713680207 2886.461575183581 0.0 f_swap_t 100 270.79717779159546 14.574292057740848 14.563956527348992 9.047843483093 15.791456161409103 15.786695293126616 21.39139930267968 13.459465001493783
1.0075430766877855 2256.9020641425673 0.0 1.1310169445254097 2805.955809509333 0.0 t_multiswap_k 100 272.3090617656708 14.574292057740848 14.563956527348992 9.047843483093 15.791456161409103 15.786695293126616 21.39139930267968 14.444870351478844
1.0075430766877855 2256.9020641425673 0.0 1.1268946073946888 2787.6249296160813 0.0 t_move_k 100 274.2056179046631 15.48854913716344 14.563956527348992 9.047843483093 15.791456161409103 15.786695293126616 21.39139930267968 14.444870351478844
1.0075430766877855 2256.9020641425673 0.0 1.1266359153078662 2786.474598281572 0.0 t_swap_r_k 100 280.0753571987152 15.48854913716344 14.563956527348992 9.047843483093 15.791456161409103 15.786695293126616 22.217485309652883 14.444870351478844
1.0075430766877855 2256.9020641425673 0.0 1.1266359153078662 2786.474598281572 0.0 t_move_k 100 282.74759459495544 16.333663645791805 14.563956527348992 9.047843483093 15.791456161409103 15.786695293126616 22.217485309652883 14.444870351478844
1.0075430766877855 2256.9020641425673 0.0 1.1405552164451858 2848.3698361661054 0.0 t_move_k 100 284.3353521823883 17.210327009333888 14.563956527348992 9.047843483093 15.791456161409103 15.786695293126616 22.217485309652883 14.444870351478844
1.0075430766877855 2256.9020641425673 0.0 1.137989408930017 2836.9604079950686 0.0 t_multiswap_k 100 285.6617555618286 17.210327009333888 14.563956527348992 9.047843483093 15.791456161409103 15.786695293126616 22.217485309652883 15.420421647964055
1.0075430766877855 2256.9020641425673 0.0 1.1356142056502865 2826.3985435327145 0.0 f_swap_t 100 288.0313036441803 17.210327009333888 14.563956527348992 9.047843483093 16.633541599795013 15.786695293126616 22.217485309652883 15.420421647964055
1.0075430766877855 2256.9020641425673 0.0 1.1393865740306182 2843.1732103055097 0.0 t_multiswap_k 100 289.5378928184509 17.210327009333888 14.563956527348992 9.047843483093 16.633541599795013 15.786695293126616 22.217485309652883 16.336217431484414
1.0075430766877855 2256.9020641425673 0.0 1.136205060505406 2829.025909766986 0.0 t_swap_r_k 100 295.17036604881287 17.210327009333888 14.563956527348992 9.047843483093 16.633541599795013 15.786695293126616 23.035310456556353 16.336217431484414
1.0075430766877855 2256.9020641425673 0.0 1.1302328450058745 2802.4691383174404 0.0 t_move_k 100 296.76293563842773 18.068223739240548 14.563956527348992 9.047843483093 16.633541599795013 15.786695293126616 23.035310456556353 16.336217431484414
1.0075430766877855 2256.9020641425673 0.0 1.1298771679300288 2800.8875418707253 0.0 swap_t 100 298.9709792137146 18.068223739240548 14.563956527348992 9.047843483093 16.633541599795013 16.62882834019535 23.035310456556353 16.336217431484414
1.0075430766877855 2256.9020641425673 0.0 1.1298771679300288 2800.8875418707253 0.0 t_swap_r_k 100 303.6936662197113 18.068223739240548 14.563956527348992 9.047843483093 16.633541599795013 16.62882834019535 23.84495735199079 16.336217431484414
1.0075430766877855 2256.9020641425673 0.0 1.1298771679300288 2800.8875418707253 0.0 t_swap_r_k 100 309.17369747161865 18.068223739240548 14.563956527348992 9.047843483093 16.633541599795013 16.62882834019535 24.64650777847088 16.336217431484414
1.0075430766877855 2256.9020641425673 0.0 1.1780615927713363 3001.6966085315776 0.0 swap_t 100 310.9918487071991 18.068223739240548 14.563956527348992 9.047843483093 16.633541599795013 17.5625400567934 24.64650777847088 16.336217431484414
1.0075430766877855 2256.9020641425673 0.0 1.1525764825704896 2901.82504337504 0.0 f_swap_t 100 313.72336530685425 18.068223739240548 14.563956527348992 9.047843483093 17.557206183797064 17.5625400567934 24.64650777847088 16.336217431484414
1.0075430766877855 2256.9020641425673 0.0 1.1430321289741074 2859.383973203902 0.0 f_swap_t 100 317.4751727581024 18.068223739240548 14.563956527348992 9.047843483093 18.38163412195909 17.5625400567934 24.64650777847088 16.336217431484414
1.0075430766877855 2256.9020641425673 0.0 1.142978909143163 2859.1473195052727 0.0 swap_t 100 319.7756586074829 18.068223739240548 14.563956527348992 9.047843483093 18.38163412195909 18.386914656225464 24.64650777847088 16.336217431484414
1.0075430766877855 2256.9020641425673 0.0 1.130478909143163 2859.1473195052727 0.025 t_swap_r_k 100 324.4895842075348 18.068223739240548 14.563956527348992 9.047843483093 18.38163412195909 18.386914656225464 25.47004270068617 16.336217431484414
1.0075430766877855 2256.9020641425673 0.0 1.1193030055125865 2809.4512027990595 0.025 t_multiswap_k 100 326.618754863739 18.068223739240548 14.563956527348992 9.047843483093 18.38163412195909 18.386914656225464 25.47004270068617 17.232855257169568
1.0075430766877855 2256.9020641425673 0.0 1.1193030055125865 2809.4512027990595 0.025 swap_t 100 328.99842715263367 18.068223739240548 14.563956527348992 9.047843483093 18.38163412195909 19.20304550966321 25.47004270068617 17.232855257169568
1.0075430766877855 2256.9020641425673 0.0 1.1193030055125865 2809.4512027990595 0.025 swap_t 100 329.88098335266113 18.068223739240548 14.563956527348992 9.047843483093 18.38163412195909 20.011015054566577 25.47004270068617 17.232855257169568
1.0075430766877855 2256.9020641425673 0.0 1.1175172912268723 2809.4512027990595 0.02857142857142857 t_swap_r_k 100 332.611953496933 18.068223739240548 14.563956527348992 9.047843483093 18.38163412195909 20.011015054566577 26.28534227367931 17.232855257169568
1.0075430766877855 2256.9020641425673 0.0 1.1362799552385883 2892.88352033396 0.02857142857142857 f_swap_t 100 335.30530834198 18.068223739240548 14.563956527348992 9.047843483093 19.2078177807395 20.011015054566577 26.28534227367931 17.232855257169568
1.0075430766877855 2256.9020641425673 0.0 1.1289298545979989 2860.1996791600095 0.02857142857142857 t_multiswap_k 100 337.47775864601135 18.068223739240548 14.563956527348992 9.047843483093 19.2078177807395 20.011015054566577 26.28534227367931 18.060526704597873
1.0075430766877855 2256.9020641425673 0.0 1.1543562642326024 2965.323237299873 0.025 t_swap_k 100 341.22020149230957 18.068223739240548 14.563956527348992 10.117365048262071 19.2078177807395 20.011015054566577 26.28534227367931 18.060526704597873
1.0075430766877855 2256.9020641425673 0.0 1.134078360650462 2875.1530733215172 0.025 t_swap_k 100 344.7181758880615 18.068223739240548 14.563956527348992 11.106191397779451 19.2078177807395 20.011015054566577 26.28534227367931 18.060526704597873
1.0075430766877855 2256.9020641425673 0.0 1.127499196856283 2845.897372614662 0.025 swap_t 100 347.6581041812897 18.068223739240548 14.563956527348992 11.106191397779451 19.2078177807395 20.810904904020912 26.28534227367931 18.060526704597873
1.0075430766877855 2256.9020641425673 0.0 1.1242950878903306 2831.649596472807 0.025 t_swap_k 100 349.4480211734772 18.068223739240548 14.563956527348992 12.125129483801656 19.2078177807395 20.810904904020912 26.28534227367931 18.060526704597873
1.0075430766877855 2256.9020641425673 0.0 1.1240778174785298 2830.6834557383686 0.025 t_multiswap_k 100 350.43528175354004 18.068223739240548 14.563956527348992 12.125129483801656 19.2078177807395 20.810904904020912 26.28534227367931 18.889921437551894
1.0075430766877855 2256.9020641425673 0.0 1.1164352255789118 2796.698987767273 0.025 t_move_k 100 351.76076102256775 19.037541501848143 14.563956527348992 12.125129483801656 19.2078177807395 20.810904904020912 26.28534227367931 18.889921437551894
1.0075430766877855 2256.9020641425673 0.0 1.1164352255789118 2796.698987767273 0.025 t_swap_r_k 100 356.93803000450134 19.037541501848143 14.563956527348992 12.125129483801656 19.2078177807395 20.810904904020912 27.062488850942515 18.889921437551894
1.0075430766877855 2256.9020641425673 0.0 1.1172938219549455 2800.516925637654 0.025 t_move_k 100 359.3375737667084 19.887166086829662 14.563956527348992 12.125129483801656 19.2078177807395 20.810904904020912 27.062488850942515 18.889921437551894
1.0075430766877855 2256.9020641425673 0.0 1.1134237763394883 2783.307915527909 0.025 t_multiswap_k 100 360.59537625312805 19.887166086829662 14.563956527348992 12.125129483801656 19.2078177807395 20.810904904020912 27.062488850942515 19.731022223176375
1.0075430766877855 2256.9020641425673 0.0 1.1123688734957078 2778.6170577171097 0.025 t_multiswap_k 100 362.69313502311707 19.887166086829662 14.563956527348992 12.125129483801656 19.2078177807395 20.810904904020912 27.062488850942515 20.59371200094461
1.0075430766877855 2256.9020641425673 0.0 1.1123688734957078 2778.6170577171097 0.025 t_swap_r_k 100 368.6520609855652 19.887166086829662 14.563956527348992 12.125129483801656 19.2078177807395 20.810904904020912 27.83186396243309 20.59371200094461
1.0075430766877855 2256.9020641425673 0.0 1.1123688734957078 2778.6170577171097 0.025 f_swap_t 100 371.7974433898926 19.887166086829662 14.563956527348992 12.125129483801656 20.015739602932104 20.810904904020912 27.83186396243309 20.59371200094461
1.0075430766877855 2256.9020641425673 0.0 1.127845992481294 2847.439475734323 0.025 t_move_k 100 373.45631313323975 20.728294425961366 14.563956527348992 12.125129483801656 20.015739602932104 20.810904904020912 27.83186396243309 20.59371200094461
1.0075430766877855 2256.9020641425673 0.0 1.1184900109497222 2792.301097256359 0.0 swap_t 100 374.237539768219 20.728294425961366 14.563956527348992 12.125129483801656 20.015739602932104 21.632795854980703 27.83186396243309 20.59371200094461
1.0075430766877855 2256.9020641425673 0.0 1.1119022476605367 2776.5421031783685 0.025 t_move_k 100 375.943240404129 21.58101148170175 14.563956527348992 12.125129483801656 20.015739602932104 21.632795854980703 27.83186396243309 20.59371200094461
1.0075430766877855 2256.9020641425673 0.0 1.1091551472553745 2764.326516246756 0.025 f_swap_t 100 377.5133624076843 21.58101148170175 14.563956527348992 12.125129483801656 20.815582206902782 21.632795854980703 27.83186396243309 20.59371200094461
1.0075430766877855 2256.9020641425673 0.0 1.1091551472553745 2764.326516246756 0.025 t_swap_r_k 100 382.69297218322754 21.58101148170175 14.563956527348992 12.125129483801656 20.815582206902782 21.632795854980703 28.593545322808758 20.59371200094461
1.0075430766877855 2256.9020641425673 0.0 1.121664316542481 2827.891864143371 0.02857142857142857 t_move_k 100 384.8869915008545 22.44520136688473 14.563956527348992 12.125129483801656 20.815582206902782 21.632795854980703 28.593545322808758 20.59371200094461
1.0075430766877855 2256.9020641425673 0.0 1.1204621634198433 2822.5462255394464 0.02857142857142857 t_swap_r_k 100 389.1661477088928 22.44520136688473 14.563956527348992 12.125129483801656 20.815582206902782 21.632795854980703 29.34760986958067 20.59371200094461
1.0075430766877855 2256.9020641425673 0.0 1.1185571742416995 2814.075271632678 0.02857142857142857 t_move_k 100 393.1009330749512 23.350749353215885 14.563956527348992 12.125129483801656 20.815582206902782 21.632795854980703 29.34760986958067 20.59371200094461
1.0075430766877855 2256.9020641425673 0.0 1.1123366847534217 2805.2864905343076 0.02857142857142857 swap_t 100 395.42644739151 23.350749353215885 14.563956527348992 12.125129483801656 20.815582206902782 22.446467896430896 29.34760986958067 20.59371200094461
1.0075430766877855 2256.9020641425673 0.0 1.1204706624248104 2822.584018236726 0.02857142857142857 move_t 100 397.5254032611847 23.350749353215885 15.488316962075503 12.125129483801656 20.815582206902782 22.446467896430896 29.34760986958067 20.59371200094461
1.0075430766877855 2256.9020641425673 0.0 1.111470881421489 2782.564510029107 0.02857142857142857 f_swap_t 100 400.5281159877777 23.350749353215885 15.488316962075503 12.125129483801656 21.637426384833756 22.446467896430896 29.34760986958067 20.59371200094461
1.0075430766877855 2256.9020641425673 0.0 1.111470881421489 2782.564510029107 0.02857142857142857 t_move_k 100 403.46483755111694 24.117241859683727 15.488316962075503 12.125129483801656 21.637426384833756 22.446467896430896 29.34760986958067 20.59371200094461
1.0075430766877855 2256.9020641425673 0.0 1.1257565957072035 2782.564510029107 0.0 t_swap_r_k 100 408.76642870903015 24.117241859683727 15.488316962075503 12.125129483801656 21.637426384833756 22.446467896430896 30.094133770884863 20.59371200094461
1.0075430766877855 2256.9020641425673 0.0 1.1251100565565453 2808.2669688499154 0.0 swap_t 100 411.09362411499023 24.117241859683727 15.488316962075503 12.125129483801656 21.637426384833756 23.252003217466587 30.094133770884863 20.59371200094461
1.0075430766877855 2256.9020641425673 0.0 1.1211593678325265 2825.6464985022517 0.02857142857142857 f_swap_t 100 414.6731901168823 24.117241859683727 15.488316962075503 12.125129483801656 22.45105212098542 23.252003217466587 30.094133770884863 20.59371200094461
1.0075430766877855 2256.9020641425673 0.0 1.118778415451574 2825.6464985022517 0.03333333333333333 t_swap_r_k 100 419.6051630973816 24.117241859683727 15.488316962075503 12.125129483801656 22.45105212098542 23.252003217466587 30.833192433176013 20.59371200094461
1.0075430766877855 2256.9020641425673 0.0 1.1449218240978445 2923.370921541534 0.025 t_swap_k 100 423.4215214252472 24.117241859683727 15.488316962075503 13.14387818896364 22.45105212098542 23.252003217466587 30.833192433176013 20.59371200094461
1.0075430766877855 2256.9020641425673 0.0 1.1449218240978445 2923.370921541534 0.025 t_swap_r_k 100 429.1591718196869 24.117241859683727 15.488316962075503 13.14387818896364 22.45105212098542 23.252003217466587 31.56486050884425 20.59371200094461
1.0075430766877855 2256.9020641425673 0.0 1.1449218240978445 2923.370921541534 0.025 swap_t 100 431.4029676914215 24.117241859683727 15.488316962075503 13.14387818896364 22.45105212098542 24.01948318529192 31.56486050884425 20.59371200094461
1.0075430766877855 2256.9020641425673 0.0 1.1386197508744949 2903.2879369104025 0.02857142857142857 t_multiswap_k 100 433.66937351226807 24.117241859683727 15.488316962075503 13.14387818896364 22.45105212098542 24.01948318529192 31.56486050884425 21.537774880935164
1.0075430766877855 2256.9020641425673 0.0 1.1258342978915952 2846.434604546154 0.02857142857142857 t_swap_r_k 100 438.2229609489441 24.117241859683727 15.488316962075503 13.14387818896364 22.45105212098542 24.01948318529192 32.289211903755806 21.537774880935164
1.0075430766877855 2256.9020641425673 0.0 1.1409839468899217 2924.3882842549865 0.03333333333333333 t_swap_k 100 440.8452332019806 24.117241859683727 15.488316962075503 14.182439407074003 22.45105212098542 24.01948318529192 32.289211903755806 21.537774880935164
1.0075430766877855 2256.9020641425673 0.0 1.174498124424229 3054.8884543821587 0.025 t_swap_k 100 443.57368659973145 24.117241859683727 15.488316962075503 15.090615013003264 22.45105212098542 24.01948318529192 32.289211903755806 21.537774880935164
1.0075430766877855 2256.9020641425673 0.0 1.174498124424229 3054.8884543821587 0.025 t_swap_r_k 100 448.54438495635986 24.117241859683727 15.488316962075503 15.090615013003264 22.45105212098542 24.01948318529192 33.00631978471825 21.537774880935164
1.0075430766877855 2256.9020641425673 0.0 1.174498124424229 3054.8884543821587 0.025 t_swap_r_k 100 454.0381019115448 24.117241859683727 15.488316962075503 15.090615013003264 22.45105212098542 24.01948318529192 33.71625658687107 21.537774880935164
1.0075430766877855 2256.9020641425673 0.0 1.1687868786909172 3029.492142470164 0.025 f_swap_t 100 456.16629338264465 24.117241859683727 15.488316962075503 15.090615013003264 23.316541599775565 24.01948318529192 33.71625658687107 21.537774880935164
1.0075430766877855 2256.9020641425673 0.0 1.1560127823416428 2980.6298817086176 0.02857142857142857 swap_t 100 458.6727201938629 24.117241859683727 15.488316962075503 15.090615013003264 23.316541599775565 24.809288353439 33.71625658687107 21.537774880935164
1.0075430766877855 2256.9020641425673 0.0 1.1560127823416428 2980.6298817086176 0.02857142857142857 t_swap_r_k 100 463.77391958236694 24.117241859683727 15.488316962075503 15.090615013003264 23.316541599775565 24.809288353439 34.41909402100236 21.537774880935164
1.0075430766877855 2256.9020641425673 0.0 1.1615287895157085 2997.217450540249 0.025 t_swap_k 100 467.43825936317444 24.117241859683727 15.488316962075503 16.10970886287323 23.316541599775565 24.809288353439 34.41909402100236 21.537774880935164
1.0075430766877855 2256.9020641425673 0.0 1.154249751484348 2972.790176738268 0.02857142857142857 t_swap_r_k 100 474.0061995983124 24.117241859683727 15.488316962075503 16.10970886287323 23.316541599775565 24.809288353439 35.11490308079234 21.537774880935164
1.0075430766877855 2256.9020641425673 0.0 1.1306045325661116 2941.7585073003197 0.06190476190476191 t_swap_k 100 478.6070544719696 24.117241859683727 15.488316962075503 17.038611774244497 23.316541599775565 24.809288353439 35.11490308079234 21.537774880935164
1.0075430766877855 2256.9020641425673 0.0 1.1283634370183688 2931.792982402119 0.06190476190476191 f_swap_t 100 482.27462005615234 24.117241859683727 15.488316962075503 17.038611774244497 24.08337618377781 24.809288353439 35.11490308079234 21.537774880935164
1.0075430766877855 2256.9020641425673 0.0 1.1251286748090155 2917.4088998628736 0.06190476190476191 move_t 100 484.7550685405731 24.117241859683727 16.36343379245475 17.038611774244497 24.08337618377781 24.809288353439 35.11490308079234 21.537774880935164
1.0075430766877855 2256.9020641425673 0.0 1.1238281102063572 2911.625652940375 0.06190476190476191 t_multiswap_k 100 486.1613495349884 24.117241859683727 16.36343379245475 17.038611774244497 24.08337618377781 24.809288353439 35.11490308079234 22.352397132125812
1.0075430766877855 2256.9020641425673 0.0 1.1234066834194456 2909.751685923678 0.06190476190476191 f_swap_t 100 489.45267486572266 24.117241859683727 16.36343379245475 17.038611774244497 24.84254242194003 24.809288353439 35.11490308079234 22.352397132125812
1.0075430766877855 2256.9020641425673 0.0 1.2081259438119973 3148.837956162908 0.0 f_swap_t 100 493.18224930763245 24.117241859683727 16.36343379245475 17.038611774244497 25.69411699772063 24.809288353439 35.11490308079234 22.352397132125812
1.0075430766877855 2256.9020641425673 0.0 1.1731227362122396 3067.300488740049 0.03333333333333333 t_swap_r_k 100 496.10201120376587 24.117241859683727 16.36343379245475 17.038611774244497 25.69411699772063 24.809288353439 35.80375404998441 22.352397132125812
1.0075430766877855 2256.9020641425673 0.0 1.1604474496532364 3074.461610283241 0.06190476190476191 t_multiswap_k 100 498.20875215530396 24.117241859683727 16.36343379245475 17.038611774244497 25.69411699772063 24.809288353439 35.80375404998441 23.188873160804555
1.0075430766877855 2256.9020641425673 0.0 1.1602542816860884 3073.6026463769094 0.06190476190476191 f_swap_t 100 501.6137249469757 24.117241859683727 16.36343379245475 17.038611774244497 26.437175827743424 24.809288353439 35.80375404998441 23.188873160804555
1.0075430766877855 2256.9020641425673 0.0 1.1602542816860884 3073.6026463769094 0.06190476190476191 t_swap_r_k 100 506.9407331943512 24.117241859683727 16.36343379245475 17.038611774244497 26.437175827743424 24.809288353439 36.48571650948457 23.188873160804555
1.0075430766877855 2256.9020641425673 0.0 1.1541335585274577 3046.3855029160877 0.06190476190476191 move_t 100 509.2425785064697 24.117241859683727 17.2897994545302 17.038611774244497 26.437175827743424 24.809288353439 36.48571650948457 23.188873160804555
1.0075430766877855 2256.9020641425673 0.0 1.174184219459928 2997.908604016772 0.0 f_swap_t 100 512.2318472862244 24.117241859683727 17.2897994545302 17.038611774244497 27.21280406946599 24.809288353439 36.48571650948457 23.188873160804555
1.0075430766877855 2256.9020641425673 0.0 1.1454996793177363 3007.9930576144156 0.06190476190476191 move_t 100 516.1798405647278 24.117241859683727 18.1869014599849 17.038611774244497 27.21280406946599 24.809288353439 36.48571650948457 23.188873160804555
1.0075430766877855 2256.9020641425673 0.0 1.136873250791779 2969.6337434189277 0.06190476190476191 f_swap_t 100 521.0547425746918 24.117241859683727 18.1869014599849 17.038611774244497 27.97067602877133 24.809288353439 36.48571650948457 23.188873160804555
1.0075430766877855 2256.9020641425673 0.0 1.1276151832925894 2928.4657074262996 0.06190476190476191 t_swap_k 100 525.0891616344452 24.117241859683727 18.1869014599849 17.95822565650205 27.97067602877133 24.809288353439 36.48571650948457 23.188873160804555
1.0075430766877855 2256.9020641425673 0.0 1.1913008349367824 3147.6799204877366 0.03333333333333333 swap_t 100 527.9889917373657 24.117241859683727 18.1869014599849 17.95822565650205 27.97067602877133 25.661195469904612 36.48571650948457 23.188873160804555
1.0075430766877855 2256.9020641425673 0.0 1.1607234380214537 3012.164278699855 0.03333333333333333 t_multiswap_k 100 531.2831513881683 24.117241859683727 18.1869014599849 17.95822565650205 27.97067602877133 25.661195469904612 36.48571650948457 24.01698442919651
1.0075430766877855 2256.9020641425673 0.0 1.1420328064778058 3003.1642731467873 0.06666666666666667 t_multiswap_k 100 534.0632491111755 24.117241859683727 18.1869014599849 17.95822565650205 27.97067602877133 25.661195469904612 36.48571650948457 24.896814584904543
1.0075430766877855 2256.9020641425673 0.0 1.1336994731444723 3003.1642731467873 0.08333333333333333 t_swap_r_k 100 539.6968750953674 24.117241859683727 18.1869014599849 17.95822565650205 27.97067602877133 25.661195469904612 37.19085934438972 24.896814584904543
1.0075430766877855 2256.9020641425673 0.0 1.1420328064778058 3003.1642731467873 0.06666666666666667 t_swap_r_k 100 545.9726853370667 24.117241859683727 18.1869014599849 17.95822565650205 27.97067602877133 25.661195469904612 37.85895075094582 24.896814584904543
1.0075430766877855 2256.9020641425673 0.0 1.1813383153551476 3029.7208669253014 0.0 f_swap_t 100 550.3607654571533 24.117241859683727 18.1869014599849 17.95822565650205 28.700969268483615 25.661195469904612 37.85895075094582 24.896814584904543
1.0075430766877855 2256.9020641425673 0.0 1.1677225573203458 2969.175400293879 0.0 move_t 100 552.1560091972351 24.117241859683727 19.09503244538505 17.95822565650205 28.700969268483615 25.661195469904612 37.85895075094582 24.896814584904543
1.0075430766877855 2256.9020641425673 0.0 1.1650970022422782 2957.5002914265065 0.0 t_swap_r_k 100 557.1402657032013 24.117241859683727 19.09503244538505 17.95822565650205 28.700969268483615 25.661195469904612 38.52036124343636 24.896814584904543
1.0075430766877855 2256.9020641425673 0.0 1.1937987195959194 3085.128798473834 0.0 f_swap_t 100 560.7539503574371 24.117241859683727 19.09503244538505 17.95822565650205 29.543959575798777 25.661195469904612 38.52036124343636 24.896814584904543
1.0075430766877855 2256.9020641425673 0.0 1.1791854384926066 3020.1476258388066 0.0 f_swap_t 100 563.8652617931366 24.117241859683727 19.09503244538505 17.95822565650205 30.278519980040787 25.661195469904612 38.52036124343636 24.896814584904543
1.0075430766877855 2256.9020641425673 0.0 1.1637439446342226 2951.4836227952387 0.0 t_move_k 100 566.2095227241516 25.09606944108689 19.09503244538505 17.95822565650205 30.278519980040787 25.661195469904612 38.52036124343636 24.896814584904543
1.0075430766877855 2256.9020641425673 0.0 1.1507936940639376 2893.8974816661407 0.0 t_swap_k 100 569.0743622779846 25.09606944108689 19.09503244538505 18.83864339993703 30.278519980040787 25.661195469904612 38.52036124343636 24.896814584904543
1.0075430766877855 2256.9020641425673 0.0 1.1601773382200862 2998.6418198471406 0.03333333333333333 swap_t 100 572.797506570816 25.09606944108689 19.09503244538505 18.83864339993703 30.278519980040787 26.474583515205566 38.52036124343636 24.896814584904543
1.0075430766877855 2256.9020641425673 0.0 1.1444808172705467 2929.35045939352 0.02857142857142857 t_multiswap_k 100 576.0814220905304 25.09606944108689 19.09503244538505 18.83864339993703 30.278519980040787 26.474583515205566 38.52036124343636 25.677846439055497
1.0075430766877855 2256.9020641425673 0.0 1.1444808172705467 2929.35045939352 0.02857142857142857 t_swap_r_k 100 581.2754492759705 25.09606944108689 19.09503244538505 18.83864339993703 30.278519980040787 26.474583515205566 39.175157631002 25.677846439055497
1.0075430766877855 2256.9020641425673 0.0 1.1444808172705467 2929.35045939352 0.02857142857142857 f_swap_t 100 585.9804124832153 25.09606944108689 19.09503244538505 18.83864339993703 30.97573478024038 26.474583515205566 39.175157631002 25.677846439055497
1.0075430766877855 2256.9020641425673 0.0 1.137490020521198 2908.8517712066855 0.03333333333333333 t_multiswap_k 100 589.0991871356964 25.09606944108689 19.09503244538505 18.83864339993703 30.97573478024038 26.474583515205566 39.175157631002 26.511067974664943
1.0075430766877855 2256.9020641425673 0.0 1.137490020521198 2908.8517712066855 0.03333333333333333 f_swap_t 100 592.0909578800201 25.09606944108689 19.09503244538505 18.83864339993703 31.665977432437977 26.474583515205566 39.175157631002 26.511067974664943
1.0075430766877855 2256.9020641425673 0.0 1.1951164757611705 3097.5171925139166 0.02857142857142857 swap_t 100 595.2823989391327 25.09606944108689 19.09503244538505 18.83864339993703 31.665977432437977 27.25983768005351 39.175157631002 26.511067974664943
1.0075430766877855 2256.9020641425673 0.0 1.1734271207969293 3058.066572721921 0.02857142857142857 t_multiswap_k 100 598.4052972793579 25.09606944108689 19.09503244538505 18.83864339993703 31.665977432437977 27.25983768005351 39.175157631002 27.305957294918294
1.0075430766877855 2256.9020641425673 0.0 1.1606895030670845 3012.013379451929 0.03333333333333333 f_swap_t 100 600.9747779369354 25.09606944108689 19.09503244538505 18.83864339993703 32.40931765811359 27.25983768005351 39.175157631002 27.305957294918294
1.0075430766877855 2256.9020641425673 0.0 1.1590945089026907 3004.920886642436 0.03333333333333333 t_swap_r_k 100 606.1928467750549 25.09606944108689 19.09503244538505 18.83864339993703 32.40931765811359 27.25983768005351 39.82340605469198 27.305957294918294
1.0075430766877855 2256.9020641425673 0.0 1.2038451303358637 3185.3863791112476 0.025 t_swap_k 100 610.3712427616119 25.09606944108689 19.09503244538505 19.84025696593766 32.40931765811359 27.25983768005351 39.82340605469198 27.305957294918294
1.0075430766877855 2256.9020641425673 0.0 1.1582490608030942 3001.161415478812 0.03333333333333333 t_move_k 100 613.5288228988647 26.08510874667602 19.09503244538505 19.84025696593766 32.40931765811359 27.25983768005351 39.82340605469198 27.305957294918294
1.0075430766877855 2256.9020641425673 0.0 1.1527521772986202 2976.718312425256 0.03333333333333333 f_swap_t 100 616.896092414856 26.08510874667602 19.09503244538505 19.84025696593766 33.08522448153246 27.25983768005351 39.82340605469198 27.305957294918294
1.0075430766877855 2256.9020641425673 0.0 1.1526432786462093 2976.2340705851107 0.03333333333333333 swap_t 100 619.7220966815948 26.08510874667602 19.09503244538505 19.84025696593766 33.08522448153246 27.987239303252977 39.82340605469198 27.305957294918294
1.0075430766877855 2256.9020641425673 0.0 1.1526432786462093 2976.2340705851107 0.03333333333333333 t_swap_r_k 100 623.1891860961914 26.08510874667602 19.09503244538505 19.84025696593766 33.08522448153246 27.987239303252977 40.46517199414506 27.305957294918294
1.0075430766877855 2256.9020641425673 0.0 1.1523476496823672 2974.9194912925122 0.03333333333333333 t_move_k 100 627.1365242004395 26.88425765920926 19.09503244538505 19.84025696593766 33.08522448153246 27.987239303252977 40.46517199414506 27.305957294918294
1.0075430766877855 2256.9020641425673 0.0 1.1503350553566865 2965.9700473998805 0.03333333333333333 t_move_k 100 630.4217510223389 27.70541508261717 19.09503244538505 19.84025696593766 33.08522448153246 27.987239303252977 40.46517199414506 27.305957294918294
1.0075430766877855 2256.9020641425673 0.0 1.14630475512776 2954.4139150322853 0.03333333333333333 move_t 100 633.3561160564423 27.70541508261717 19.964082120931202 19.84025696593766 33.08522448153246 27.987239303252977 40.46517199414506 27.305957294918294
1.0075430766877855 2256.9020641425673 0.0 1.1385689316245429 2913.649387030856 0.03333333333333333 f_swap_t 100 636.3639714717865 27.70541508261717 19.964082120931202 19.84025696593766 33.78437223671713 27.987239303252977 40.46517199414506 27.305957294918294
1.0075430766877855 2256.9020641425673 0.0 1.145225295190977 2943.24837352636 0.03333333333333333 f_swap_t 100 638.8574273586273 27.70541508261717 19.964082120931202 19.84025696593766 34.48652851434996 27.987239303252977 40.46517199414506 27.305957294918294
1.0075430766877855 2256.9020641425673 0.0 1.1365114958533657 2904.50054577562 0.03333333333333333 swap_t 100 641.1207587718964 27.70541508261717 19.964082120931202 19.84025696593766 34.48652851434996 28.707366910220447 40.46517199414506 27.305957294918294
1.0075430766877855 2256.9020641425673 0.0 1.1365114958533657 2904.50054577562 0.03333333333333333 f_swap_t 100 645.5255863666534 27.70541508261717 19.964082120931202 19.84025696593766 35.141663229206465 28.707366910220447 40.46517199414506 27.305957294918294
1.0075430766877855 2256.9020641425673 0.0 1.1365114958533657 2904.50054577562 0.03333333333333333 swap_t 100 648.1784691810608 27.70541508261717 19.964082120931202 19.84025696593766 35.141663229206465 29.42029324111824 40.46517199414506 27.305957294918294
1.0075430766877855 2256.9020641425673 0.0 1.1334968876741773 2880.5079975078825 0.02857142857142857 t_multiswap_k 100 651.2224056720734 27.70541508261717 19.964082120931202 19.84025696593766 35.141663229206465 29.42029324111824 40.46517199414506 28.12289772196911
1.0075430766877855 2256.9020641425673 0.0 1.1516439852219553 2961.2030631977855 0.02857142857142857 t_multiswap_k 100 653.7790467739105 27.70541508261717 19.964082120931202 19.84025696593766 35.141663229206465 29.42029324111824 40.46517199414506 28.91166874474942
1.0075430766877855 2256.9020641425673 0.0 1.1516439852219553 2961.2030631977855 0.02857142857142857 move_t 100 656.3349454402924 27.70541508261717 20.76444129972189 19.84025696593766 35.141663229206465 29.42029324111824 40.46517199414506 28.91166874474942
1.0075430766877855 2256.9020641425673 0.0 1.1415250348752604 2916.2069220358394 0.02857142857142857 f_swap_t 100 659.4151639938354 27.70541508261717 20.76444129972189 19.84025696593766 35.8502465969144 29.42029324111824 40.46517199414506 28.91166874474942
1.0075430766877855 2256.9020641425673 0.0 1.1503766667175714 2892.0430777306947 0.0 t_swap_k 100 663.5396687984467 27.70541508261717 20.76444129972189 20.711854396278284 35.8502465969144 29.42029324111824 40.46517199414506 28.91166874474942
1.0075430766877855 2256.9020641425673 0.0 1.138767096098587 2840.4185652562337 0.0 t_swap_r_k 100 668.3945772647858 27.70541508261717 20.76444129972189 20.711854396278284 35.8502465969144 29.42029324111824 41.10052027420361 28.91166874474942
1.0075430766877855 2256.9020641425673 0.0 1.1514855549127105 2896.973993295233 0.0 t_swap_k 100 672.033976316452 27.70541508261717 20.76444129972189 21.554735852315503 35.8502465969144 29.42029324111824 41.10052027420361 28.91166874474942
1.0075430766877855 2256.9020641425673 0.0 1.1484066060176148 2883.282768971813 0.0 swap_t 100 673.5496003627777 27.70541508261717 20.76444129972189 21.554735852315503 35.8502465969144 30.12609030870706 41.10052027420361 28.91166874474942
1.0075430766877855 2256.9020641425673 0.0 1.1478793738922095 2880.938315216528 0.0 f_swap_t 100 677.4040608406067 27.70541508261717 20.76444129972189 21.554735852315503 36.49174413094526 30.12609030870706 41.10052027420361 28.91166874474942
1.0075430766877855 2256.9020641425673 0.0 1.1478793738922095 2880.938315216528 0.0 swap_t 100 680.144880771637 27.70541508261717 20.76444129972189 21.554735852315503 36.49174413094526 30.82482940561999 41.10052027420361 28.91166874474942
1.0075430766877855 2256.9020641425673 0.0 1.1503880808781253 2892.093833309281 0.0 t_multiswap_k 100 682.1512999534607 27.70541508261717 20.76444129972189 21.554735852315503 36.49174413094526 30.82482940561999 41.10052027420361 29.692552057301924
1.0075430766877855 2256.9020641425673 0.0 1.1487197155799256 2940.259082407082 0.025 f_swap_t 100 685.6436133384705 27.70541508261717 20.76444129972189 21.554735852315503 37.15682668963581 30.82482940561999 41.10052027420361 29.692552057301924
1.0075430766877855 2256.9020641425673 0.0 1.1457336562787275 2940.259082407082 0.025 move_t 100 688.4057140350342 27.70541508261717 21.586796886724674 21.554735852315503 37.15682668963581 30.82482940561999 41.10052027420361 29.692552057301924
1.0075430766877855 2256.9020641425673 0.0 1.1671905498889945 3022.3937149009785 0.025 t_swap_k 100 692.9599583148956 27.70541508261717 21.586796886724674 22.42918849379235 37.15682668963581 30.82482940561999 41.10052027420361 29.692552057301924
1.0075430766877855 2256.9020641425673 0.0 1.197083672699455 3155.3200686892637 0.025 swap_t 100 695.9852983951569 27.70541508261717 21.586796886724674 22.42918849379235 37.15682668963581 31.55658111156379 41.10052027420361 29.692552057301924
1.0075430766877855 2256.9020641425673 0.0 1.1716886819712407 3042.3956498056136 0.025 t_move_k 100 698.329033613205 28.488360931790996 21.586796886724674 22.42918849379235 37.15682668963581 31.55658111156379 41.10052027420361 29.692552057301924
1.0075430766877855 2256.9020641425673 0.0 1.1885050258061807 3142.717794484275 0.03333333333333333 move_t 100 700.9986116886139 28.488360931790996 22.480928917857426 22.42918849379235 37.15682668963581 31.55658111156379 41.10052027420361 29.692552057301924
1.0075430766877855 2256.9020641425673 0.0 1.2015661119545573 3175.2522219820517 0.025 f_swap_t 100 704.0309975147247 28.488360931790996 22.480928917857426 22.42918849379235 37.91525842273945 31.55658111156379 41.10052027420361 29.692552057301924
1.0075430766877855 2256.9020641425673 0.0 1.2015661119545573 3175.2522219820517 0.025 t_swap_r_k 100 707.9731318950653 28.488360931790996 22.480928917857426 22.42918849379235 37.91525842273945 31.55658111156379 41.72951507146158 29.692552057301924
1.0075430766877855 2256.9020641425673 0.0 1.1985554736606483 3161.8647557905083 0.025 t_swap_k 100 710.2786808013916 28.488360931790996 22.480928917857426 23.294896608854426 37.91525842273945 31.55658111156379 41.72951507146158 29.692552057301924
1.0075430766877855 2256.9020641425673 0.0 1.1985554736606483 3161.8647557905083 0.025 t_swap_r_k 100 716.0541703701019 28.488360931790996 22.480928917857426 23.294896608854426 37.91525842273945 31.55658111156379 42.35221992074696 29.692552057301924
1.0075430766877855 2256.9020641425673 0.0 1.199054959697975 3172.0264022850442 0.02857142857142857 t_swap_k 100 719.3145813941956 28.488360931790996 22.480928917857426 24.191947642765882 37.91525842273945 31.55658111156379 42.35221992074696 29.692552057301924
1.0075430766877855 2256.9020641425673 0.0 1.2093034627740935 3203.482056046407 0.02222222222222222 t_swap_k 100 722.8602333068848 28.488360931790996 22.480928917857426 25.150028166338224 37.91525842273945 31.55658111156379 42.35221992074696 29.692552057301924
1.0075430766877855 2256.9020641425673 0.0 1.1943828207294385 3137.1341352971517 0.02222222222222222 f_swap_t 100 726.0429112911224 28.488360931790996 22.480928917857426 25.150028166338224 38.56610583851205 31.55658111156379 42.35221992074696 29.692552057301924
1.0075430766877855 2256.9020641425673 0.0 1.1677516839372666 3024.88892102234 0.025 t_swap_k 100 728.7661871910095 28.488360931790996 22.480928917857426 26.018527884674842 38.56610583851205 31.55658111156379 42.35221992074696 29.692552057301924
1.0075430766877855 2256.9020641425673 0.0 1.1677516839372666 3024.88892102234 0.025 f_swap_t 100 731.7147872447968 28.488360931790996 22.480928917857426 26.018527884674842 39.18044478012693 31.55658111156379 42.35221992074696 29.692552057301924
1.0075430766877855 2256.9020641425673 0.0 1.1677516839372666 3024.88892102234 0.025 t_swap_r_k 100 736.9264979362488 28.488360931790996 22.480928917857426 26.018527884674842 39.18044478012693 31.55658111156379 42.96869772153949 29.692552057301924
1.0075430766877855 2256.9020641425673 0.0 1.166149234853789 3017.7632782733826 0.025 t_move_k 100 739.4745032787323 29.293477322473088 22.480928917857426 26.018527884674842 39.18044478012693 31.55658111156379 42.96869772153949 29.692552057301924
1.0075430766877855 2256.9020641425673 0.0 1.1902293788834126 3126.31000582271 0.025 swap_t 100 742.886646270752 29.293477322473088 22.480928917857426 26.018527884674842 39.18044478012693 32.37101530044815 42.96869772153949 29.692552057301924
1.0075430766877855 2256.9020641425673 0.0 1.1800858901627014 3076.3478515836537 0.02857142857142857 swap_t 100 744.5264921188354 29.293477322473088 22.480928917857426 26.018527884674842 39.18044478012693 33.10730514744367 42.96869772153949 29.692552057301924
1.0075430766877855 2256.9020641425673 0.0 1.1740617046893869 3052.947817920668 0.025 f_swap_t 100 747.9526398181915 29.293477322473088 22.480928917857426 26.018527884674842 39.848640332325665 33.10730514744367 42.96869772153949 29.692552057301924
1.0075430766877855 2256.9020641425673 0.0 1.1740617046893869 3052.947817920668 0.025 f_swap_t 100 752.1862287521362 29.293477322473088 22.480928917857426 26.018527884674842 40.45015392900241 33.10730514744367 42.96869772153949 29.692552057301924
1.0075430766877855 2256.9020641425673 0.0 1.1740617046893869 3052.947817920668 0.025 t_swap_r_k 100 757.4474484920502 29.293477322473088 22.480928917857426 26.018527884674842 40.45015392900241 33.10730514744367 43.579010744324094 29.692552057301924
1.0075430766877855 2256.9020641425673 0.0 1.1690686447246144 3030.7450771909103 0.025 t_move_k 100 760.2957363128662 30.280542549248356 22.480928917857426 26.018527884674842 40.45015392900241 33.10730514744367 43.579010744324094 29.692552057301924
1.0075430766877855 2256.9020641425673 0.0 1.1656047816863093 3015.3422473620103 0.025 t_swap_k 100 762.2878289222717 30.280542549248356 22.480928917857426 26.848342605828094 40.45015392900241 33.10730514744367 43.579010744324094 29.692552057301924
1.0075430766877855 2256.9020641425673 0.0 1.185291938032325 3102.8855236576555 0.025 t_swap_k 100 765.5277705192566 30.280542549248356 22.480928917857426 27.68985917976981 40.45015392900241 33.10730514744367 43.579010744324094 29.692552057301924
1.0075430766877855 2256.9020641425673 0.0 1.1666403198215811 3019.9469957318342 0.025 t_swap_k 100 769.1033172607422 30.280542549248356 22.480928917857426 28.692960587972113 40.45015392900241 33.10730514744367 43.579010744324094 29.692552057301924
1.0075430766877855 2256.9020641425673 0.0 1.1646602802033441 3011.142313515211 0.025 f_swap_t 100 772.6546747684479 30.280542549248356 22.480928917857426 28.692960587972113 41.04565238971239 33.10730514744367 43.579010744324094 29.692552057301924
1.0075430766877855 2256.9020641425673 0.0 1.145573595380421 2926.2691660858104 0.025 t_move_k 100 776.1724362373352 31.12773712375587 22.480928917857426 28.692960587972113 41.04565238971239 33.10730514744367 43.579010744324094 29.692552057301924
1.0075430766877855 2256.9020641425673 0.0 1.145573595380421 2926.2691660858104 0.025 t_swap_r_k 100 782.3662014007568 31.12773712375587 22.480928917857426 28.692960587972113 41.04565238971239 33.10730514744367 44.183220636880854 29.692552057301924
1.0075430766877855 2256.9020641425673 0.0 1.1435872475414464 2917.43643297645 0.025 t_move_k 100 784.8620929718018 31.906459752518312 22.480928917857426 28.692960587972113 41.04565238971239 33.10730514744367 44.183220636880854 29.692552057301924
1.0075430766877855 2256.9020641425673 0.0 1.1393305433540726 2898.5080603748124 0.025 t_move_k 100 787.300518989563 32.67739515499313 22.480928917857426 28.692960587972113 41.04565238971239 33.10730514744367 44.183220636880854 29.692552057301924
1.0075430766877855 2256.9020641425673 0.0 1.1393305433540726 2898.5080603748124 0.025 move_t 100 789.4641473293304 32.67739515499313 23.256119628678853 28.692960587972113 41.04565238971239 33.10730514744367 44.183220636880854 29.692552057301924
1.0075430766877855 2256.9020641425673 0.0 1.1547297065850053 2966.9838309611564 0.025 t_swap_k 100 792.8355219364166 32.67739515499313 23.256119628678853 29.516030982092392 41.04565238971239 33.10730514744367 44.183220636880854 29.692552057301924
1.0075430766877855 2256.9020641425673 0.0 1.1515785200836182 2897.3873834009237 0.0 t_swap_r_k 100 798.3353025913239 32.67739515499313 23.256119628678853 29.516030982092392 41.04565238971239 33.10730514744367 44.781388430512045 29.692552057301924
1.0075430766877855 2256.9020641425673 0.0 1.1272041911268356 2844.58556467105 0.025 t_multiswap_k 100 800.0400543212891 32.67739515499313 23.256119628678853 29.516030982092392 41.04565238971239 33.10730514744367 44.781388430512045 30.575626536728905
1.0075430766877855 2256.9020641425673 0.0 1.1272041911268356 2844.58556467105 0.025 t_swap_r_k 100 803.6715888977051 32.67739515499313 23.256119628678853 29.516030982092392 41.04565238971239 33.10730514744367 45.373574546206925 30.575626536728905
1.0075430766877855 2256.9020641425673 0.0 1.118887115018347 2807.601854126959 0.025 t_multiswap_k 100 805.6262438297272 32.67739515499313 23.256119628678853 29.516030982092392 41.04565238971239 33.10730514744367 45.373574546206925 31.359870271361615
1.0075430766877855 2256.9020641425673 0.0 1.1371412648958126 2846.0756863577776 0.0 swap_t 100 808.2775166034698 32.67739515499313 23.256119628678853 29.516030982092392 41.04565238971239 33.816232095969234 45.373574546206925 31.359870271361615
1.0075430766877855 2256.9020641425673 0.0 1.1237664557867837 2773.7149145944904 0.0 t_swap_r_k 100 812.828006029129 32.67739515499313 23.256119628678853 29.516030982092392 41.04565238971239 33.816232095969234 45.959838800744855 31.359870271361615
1.0075430766877855 2256.9020641425673 0.0 1.1237664557867837 2773.7149145944904 0.0 t_swap_r_k 100 818.8528666496277 32.67739515499313 23.256119628678853 29.516030982092392 41.04565238971239 33.816232095969234 46.540240412737404 31.359870271361615
1.0075430766877855 2256.9020641425673 0.0 1.1237664557867837 2773.7149145944904 0.0 t_swap_r_k 100 824.2504925727844 32.67739515499313 23.256119628678853 29.516030982092392 41.04565238971239 33.816232095969234 47.11483800861003 31.359870271361615
1.0075430766877855 2256.9020641425673 0.0 1.1442616316040088 2898.628614916034 0.0 swap_t 100 826.045084476471 32.67739515499313 23.256119628678853 29.516030982092392 41.04565238971239 34.548069775009544 47.11483800861003 31.359870271361615
1.0075430766877855 2256.9020641425673 0.0 1.1273887641428575 2789.8223064224603 0.0 move_t 100 827.5760021209717 32.67739515499313 24.053558432392066 29.516030982092392 41.04565238971239 34.548069775009544 47.11483800861003 31.359870271361615
1.0075430766877855 2256.9020641425673 0.0 1.1268709279783873 2787.519633876699 0.0 f_swap_t 100 831.0705609321594 32.67739515499313 24.053558432392066 29.516030982092392 41.63519586581526 34.548069775009544 47.11483800861003 31.359870271361615
1.0075430766877855 2256.9020641425673 0.0 1.1535673013414423 2863.9180693033086 0.0 move_t 100 833.8662338256836 32.67739515499313 24.873022848068146 29.516030982092392 41.63519586581526 34.548069775009544 47.11483800861003 31.359870271361615
1.0075430766877855 2256.9020641425673 0.0 1.135629671954113 2826.467317858745 0.0 t_move_k 100 837.0188546180725 33.5306212034432 24.873022848068146 29.516030982092392 41.63519586581526 34.548069775009544 47.11483800861003 31.359870271361615
1.0075430766877855 2256.9020641425673 0.0 1.126716407334949 2771.4465877830557 0.0 move_t 100 838.8795394897461 33.5306212034432 25.684292619587463 29.516030982092392 41.63519586581526 34.548069775009544 47.11483800861003 31.359870271361615
1.0075430766877855 2256.9020641425673 0.0 1.123883288443583 2774.2344367324145 0.0 t_swap_r_k 100 844.627742767334 33.5306212034432 25.684292619587463 29.516030982092392 41.63519586581526 34.548069775009544 47.68368962852393 31.359870271361615
1.0075430766877855 2256.9020641425673 0.0 1.121646691949188 2766.3663553083534 0.0 move_t 100 845.5508015155792 33.5306212034432 26.48744969339159 29.516030982092392 41.63519586581526 34.548069775009544 47.68368962852393 31.359870271361615
1.0075430766877855 2256.9020641425673 0.0 1.1171529730069223 2744.3066069599004 0.0 t_move_k 100 846.7543392181396 34.225314991408766 26.48744969339159 29.516030982092392 41.63519586581526 34.548069775009544 47.68368962852393 31.359870271361615
1.0075430766877855 2256.9020641425673 0.0 1.1171321958790426 2744.2142168851415 0.0 swap_t 100 848.3610889911652 34.225314991408766 26.48744969339159 29.516030982092392 41.63519586581526 35.20258907725945 47.68368962852393 31.359870271361615
1.0075430766877855 2256.9020641425673 0.0 1.1171321958790426 2744.2142168851415 0.0 f_swap_t 100 851.2290325164795 34.225314991408766 26.48744969339159 29.516030982092392 42.21884390715711 35.20258907725945 47.68368962852393 31.359870271361615
1.0075430766877855 2256.9020641425673 0.0 1.1159553028935627 2738.980903044002 0.0 move_t 100 852.9670262336731 34.225314991408766 27.252575196457673 29.516030982092392 42.21884390715711 35.20258907725945 47.68368962852393 31.359870271361615
1.0075430766877855 2256.9020641425673 0.0 1.113356308367721 2727.423901521399 0.0 move_t 100 854.8091332912445 34.225314991408766 27.980049444493098 29.516030982092392 42.21884390715711 35.20258907725945 47.68368962852393 31.359870271361615
1.0075430766877855 2256.9020641425673 0.0 1.113356308367721 2727.423901521399 0.0 t_swap_r_k 100 859.3189606666565 34.225314991408766 27.980049444493098 29.516030982092392 42.21884390715711 35.20258907725945 48.24685273223869 31.359870271361615
1.0075430766877855 2256.9020641425673 0.0 1.113356308367721 2727.423901521399 0.0 t_swap_r_k 100 863.9303915500641 34.225314991408766 27.980049444493098 29.516030982092392 42.21884390715711 35.20258907725945 48.8043842049163 31.359870271361615
1.0075430766877855 2256.9020641425673 0.0 1.113356308367721 2727.423901521399 0.0 t_swap_r_k 100 868.1853346824646 34.225314991408766 27.980049444493098 29.516030982092392 42.21884390715711 35.20258907725945 49.356340362867144 31.359870271361615
1.0075430766877855 2256.9020641425673 0.0 1.0988319461009477 2662.8381260751908 0.0 t_multiswap_k 100 868.762880563736 34.225314991408766 27.980049444493098 29.516030982092392 42.21884390715711 35.20258907725945 49.356340362867144 32.136271568648
1.0075430766877855 2256.9020641425673 0.0 1.0948992261993118 2645.35042094951 0.0 t_swap_r_k 100 872.8742949962616 34.225314991408766 27.980049444493098 29.516030982092392 42.21884390715711 35.20258907725945 49.90277695923847 32.136271568648
1.0075430766877855 2256.9020641425673 0.0 1.0938228180041079 2640.5639348575914 0.0 t_move_k 100 875.2262215614319 34.95306184149468 27.980049444493098 29.516030982092392 42.21884390715711 35.20258907725945 49.90277695923847 32.136271568648
1.0075430766877855 2256.9020641425673 0.0 1.0902436283815788 2624.648279974149 0.0 f_swap_t 100 876.5629322528839 34.95306184149468 27.980049444493098 29.516030982092392 42.79665546808554 35.20258907725945 49.90277695923847 32.136271568648
1.0075430766877855 2256.9020641425673 0.0 1.0902436283815788 2624.648279974149 0.0 swap_t 100 878.1272494792938 34.95306184149468 27.980049444493098 29.516030982092392 42.79665546808554 35.85056318648685 49.90277695923847 32.136271568648
1.0075430766877855 2256.9020641425673 0.0 1.087407570956267 2612.0371260618863 0.0 t_move_k 100 880.9509878158569 35.66353122307974 27.980049444493098 29.516030982092392 42.79665546808554 35.85056318648685 49.90277695923847 32.136271568648
1.0075430766877855 2256.9020641425673 0.0 1.1133485752593897 2727.3895145521806 0.0 t_swap_k 100 883.7174263000488 35.66353122307974 27.980049444493098 30.26087067227147 42.79665546808554 35.85056318648685 49.90277695923847 32.136271568648
1.0075430766877855 2256.9020641425673 0.0 1.1097799084680515 2711.5206517550178 0.0 t_move_k 100 886.6642560958862 36.33689591084894 27.980049444493098 30.26087067227147 42.79665546808554 35.85056318648685 49.90277695923847 32.136271568648
1.0075430766877855 2256.9020641425673 0.0 1.1096887817337702 2711.115436662655 0.0 swap_t 100 888.5898597240448 36.33689591084894 27.980049444493098 30.26087067227147 42.79665546808554 36.49205755462199 49.90277695923847 32.136271568648
1.0075430766877855 2256.9020641425673 0.0 1.1096887817337702 2711.115436662655 0.0 t_swap_r_k 100 894.7411849498749 36.33689591084894 27.980049444493098 30.26087067227147 42.79665546808554 36.49205755462199 50.44374918964609 32.136271568648
1.0075430766877855 2256.9020641425673 0.0 1.1096887817337702 2711.115436662655 0.0 t_multiswap_k 100 896.7734060287476 36.33689591084894 27.980049444493098 30.26087067227147 42.79665546808554 36.49205755462199 50.44374918964609 32.814908852961516
1.0075430766877855 2256.9020641425673 0.0 1.1096887817337702 2711.115436662655 0.0 swap_t 100 898.8392763137817 36.33689591084894 27.980049444493098 30.26087067227147 42.79665546808554 37.127136979075765 50.44374918964609 32.814908852961516
1.0075430766877855 2256.9020641425673 0.0 1.1096887817337702 2711.115436662655 0.0 swap_t 100 901.1598920822144 36.33689591084894 27.980049444493098 30.26087067227147 42.79665546808554 37.75586560928501 50.44374918964609 32.814908852961516
1.0075430766877855 2256.9020641425673 0.0 1.0972668747562033 2655.8786916730205 0.0 t_multiswap_k 100 902.4877326488495 36.33689591084894 27.980049444493098 30.26087067227147 42.79665546808554 37.75586560928501 50.44374918964609 33.5467597644319
1.0075430766877855 2256.9020641425673 0.0 1.0955597614779427 2648.2876365322936 0.0 t_swap_r_k 100 907.7862513065338 36.33689591084894 27.980049444493098 30.26087067227147 42.79665546808554 37.75586560928501 50.97931169774963 33.5467597644319
1.0075430766877855 2256.9020641425673 0.0 1.0944255227318709 2643.24399416021 0.0 t_multiswap_k 100 909.4202375411987 36.33689591084894 27.980049444493098 30.26087067227147 42.79665546808554 37.75586560928501 50.97931169774963 34.24129216678758
1.0075430766877855 2256.9020641425673 0.0 1.0943497860837368 2642.907214475182 0.0 t_move_k 100 912.2283599376678 37.00352695174045 27.980049444493098 30.26087067227147 42.79665546808554 37.75586560928501 50.97931169774963 34.24129216678758
1.0075430766877855 2256.9020641425673 0.0 1.0918652467167398 2631.8591630222645 0.0 t_multiswap_k 100 913.5302386283875 37.00352695174045 27.980049444493098 30.26087067227147 42.79665546808554 37.75586560928501 50.97931169774963 34.9288792451197
1.0075430766877855 2256.9020641425673 0.0 1.0914598922668317 2630.056665191583 0.0 t_swap_r_k 100 918.7196688652039 37.00352695174045 27.980049444493098 30.26087067227147 42.79665546808554 37.75586560928501 51.50951858077213 34.9288792451197
1.0075430766877855 2256.9020641425673 0.0 1.0990768065748033 2663.926952096576 0.0 t_move_k 100 920.9263932704926 37.76349168222304 27.980049444493098 30.26087067227147 42.79665546808554 37.75586560928501 51.50951858077213 34.9288792451197
1.0075430766877855 2256.9020641425673 0.0 1.1053787229942764 2691.9498112950114 0.0 move_t 100 923.0820915699005 37.76349168222304 28.800248950048168 30.26087067227147 42.79665546808554 37.75586560928501 51.50951858077213 34.9288792451197
1.0075430766877855 2256.9020641425673 0.0 1.0996828641990153 2666.6219207916465 0.0 move_t 100 924.7949512004852 37.76349168222304 29.552246460547686 30.26087067227147 42.79665546808554 37.75586560928501 51.50951858077213 34.9288792451197
1.0075430766877855 2256.9020641425673 0.0 1.0968140386763565 2653.865056318178 0.0 f_swap_t 100 925.7044818401337 37.76349168222304 29.552246460547686 30.26087067227147 43.36868891340468 37.75586560928501 51.50951858077213 34.9288792451197
1.0075430766877855 2256.9020641425673 0.0 1.0968140386763565 2653.865056318178 0.0 t_swap_r_k 100 927.6730511188507 37.76349168222304 29.552246460547686 30.26087067227147 43.36868891340468 37.75586560928501 52.034423394964406 34.9288792451197
1.0075430766877855 2256.9020641425673 0.0 1.0978714133434906 2658.566905635876 0.0 swap_t 100 928.5305473804474 37.76349168222304 29.552246460547686 30.26087067227147 43.36868891340468 38.388306953192156 52.034423394964406 34.9288792451197
1.0075430766877855 2256.9020641425673 0.0 1.0974757275766456 2656.80740173372 0.0 t_move_k 100 930.9589464664459 38.44585676540081 29.552246460547686 30.26087067227147 43.36868891340468 38.388306953192156 52.034423394964406 34.9288792451197
1.0075430766877855 2256.9020641425673 0.0 1.099861036212571 2667.4142018878447 0.0 t_swap_k 100 933.6780071258545 38.44585676540081 29.552246460547686 30.968261965548756 43.36868891340468 38.388306953192156 52.034423394964406 34.9288792451197
1.0075430766877855 2256.9020641425673 0.0 1.0949500552742846 2645.576443625207 0.0 t_swap_k 100 937.370934009552 38.44585676540081 29.552246460547686 31.688579345893267 43.36868891340468 38.388306953192156 52.034423394964406 34.9288792451197
1.0075430766877855 2256.9020641425673 0.0 1.0923646669124945 2634.079944907476 0.0 move_t 100 938.5812282562256 38.44585676540081 30.286723995942207 31.688579345893267 43.36868891340468 38.388306953192156 52.034423394964406 34.9288792451197
1.0075430766877855 2256.9020641425673 0.0 1.0919284484427214 2632.140203415439 0.0 swap_t 100 939.2188155651093 38.44585676540081 30.286723995942207 31.688579345893267 43.36868891340468 39.00442388366024 52.034423394964406 34.9288792451197
1.0075430766877855 2256.9020641425673 0.0 1.0915324388870786 2630.3792597150864 0.0 t_swap_r_k 100 942.5361394882202 38.44585676540081 30.286723995942207 31.688579345893267 43.36868891340468 39.00442388366024 52.55407916101476 34.9288792451197
1.0075430766877855 2256.9020641425673 0.0 1.1064356325314368 2696.649592309849 0.0 t_multiswap_k 100 943.7218582630157 38.44585676540081 30.286723995942207 31.688579345893267 43.36868891340468 39.00442388366024 52.55407916101476 35.5895904526685
1.0075430766877855 2256.9020641425673 0.0 1.1031495607745962 2682.0373505680577 0.0 t_swap_r_k 100 950.06849193573 38.44585676540081 30.286723995942207 31.688579345893267 43.36868891340468 39.00442388366024 53.068538369404614 35.5895904526685
1.0075430766877855 2256.9020641425673 0.0 1.1132311807899442 2782.451497002515 0.025 move_t 100 952.4865679740906 38.44585676540081 31.023856755982784 31.688579345893267 43.36868891340468 39.00442388366024 53.068538369404614 35.5895904526685
1.0075430766877855 2256.9020641425673 0.0 1.1068372449877026 2803.2401157330064 0.025 swap_t 100 953.6410689353943 38.44585676540081 31.023856755982784 31.688579345893267 43.36868891340468 39.64437964482364 53.068538369404614 35.5895904526685
1.0075430766877855 2256.9020641425673 0.0 1.1068372449877026 2803.2401157330064 0.025 f_swap_t 100 955.8077492713928 38.44585676540081 31.023856755982784 31.688579345893267 43.93500202427064 39.64437964482364 53.068538369404614 35.5895904526685
1.0075430766877855 2256.9020641425673 0.0 1.1068372449877026 2803.2401157330064 0.025 swap_t 100 956.9162096977234 38.44585676540081 31.023856755982784 31.688579345893267 43.93500202427064 40.2479358483754 53.068538369404614 35.5895904526685
1.0075430766877855 2256.9020641425673 0.0 1.1068372449877026 2803.2401157330064 0.025 f_swap_t 100 959.816171169281 38.44585676540081 31.023856755982784 31.688579345893267 44.49565200402793 40.2479358483754 53.068538369404614 35.5895904526685
1.0075430766877855 2256.9020641425673 0.0 1.1307025933054988 2804.557977582018 0.0 t_multiswap_k 100 961.7696673870087 38.44585676540081 31.023856755982784 31.688579345893267 44.49565200402793 40.2479358483754 53.068538369404614 36.37369454814182
1.0075430766877855 2256.9020641425673 0.0 1.1255438314309179 2781.6184068186008 0.0 t_multiswap_k 100 963.89963555336 38.44585676540081 31.023856755982784 31.688579345893267 44.49565200402793 40.2479358483754 53.068538369404614 37.0499576026604
1.0075430766877855 2256.9020641425673 0.0 1.115876864919044 2788.040113815786 0.02222222222222222 move_t 100 966.6269364356995 38.44585676540081 31.913618188422955 31.688579345893267 44.49565200402793 40.2479358483754 53.068538369404614 37.0499576026604
1.0075430766877855 2256.9020641425673 0.0 1.1122240807746757 2777.9732049960703 0.025 move_t 100 967.9033663272858 38.44585676540081 32.65448200653873 31.688579345893267 44.49565200402793 40.2479358483754 53.068538369404614 37.0499576026604
1.0075430766877855 2256.9020641425673 0.0 1.1611373250598305 2939.8927148150306 0.0 f_swap_t 100 970.6924452781677 38.44585676540081 32.65448200653873 31.688579345893267 45.13069548398765 40.2479358483754 53.068538369404614 37.0499576026604
1.0075430766877855 2256.9020641425673 0.0 1.141173111956624 2851.1174446337254 0.0 f_swap_t 100 974.5006356239319 38.44585676540081 32.65448200653873 31.688579345893267 45.67938852914777 40.2479358483754 53.068538369404614 37.0499576026604
1.0075430766877855 2256.9020641425673 0.0 1.139921959077058 2845.5539178196514 0.0 t_swap_r_k 100 979.6620075702667 38.44585676540081 32.65448200653873 31.688579345893267 45.67938852914777 40.2479358483754 53.57785298571057 37.0499576026604
1.0075430766877855 2256.9020641425673 0.0 1.1389945034474787 2841.4297821138543 0.0 f_swap_t 100 982.3132395744324 38.44585676540081 32.65448200653873 31.688579345893267 46.25259464385629 40.2479358483754 53.57785298571057 37.0499576026604
1.0075430766877855 2256.9020641425673 0.0 1.1358444568614847 2827.42240625037 0.0 t_multiswap_k 100 983.5466055870056 38.44585676540081 32.65448200653873 31.688579345893267 46.25259464385629 40.2479358483754 53.57785298571057 37.7094580266338
1.0075430766877855 2256.9020641425673 0.0 1.1344478136584766 2821.21192467251 0.0 t_swap_k 100 987.9219393730164 38.44585676540081 32.65448200653873 32.601693552434334 46.25259464385629 40.2479358483754 53.57785298571057 37.7094580266338
1.0075430766877855 2256.9020641425673 0.0 1.1294031072964792 2798.7795268636664 0.0 t_swap_r_k 100 994.4576027393341 38.44585676540081 32.65448200653873 32.601693552434334 46.25259464385629 40.2479358483754 54.082074455853466 37.7094580266338
1.0075430766877855 2256.9020641425673 0.0 1.1294031072964792 2798.7795268636664 0.0 t_swap_r_k 100 999.5943956375122 38.44585676540081 32.65448200653873 32.601693552434334 46.25259464385629 40.2479358483754 54.581253711294934 37.7094580266338
1.0075430766877855 2256.9020641425673 0.0 1.127297954829138 2789.4185028105303 0.0 t_swap_k 100 1002.800244808197 38.44585676540081 32.65448200653873 33.30567661690999 46.25259464385629 40.2479358483754 54.581253711294934 37.7094580266338
1.0075430766877855 2256.9020641425673 0.0 1.1527186558623232 2902.4572482272843 0.0 f_swap_t 100 1004.9264891147614 38.44585676540081 32.65448200653873 33.30567661690999 46.88006869741773 40.2479358483754 54.581253711294934 37.7094580266338
1.0075430766877855 2256.9020641425673 0.0 1.1328035838578265 2813.900494763489 0.0 move_t 100 1006.9127266407013 38.44585676540081 33.44793718647334 33.30567661690999 46.88006869741773 40.2479358483754 54.581253711294934 37.7094580266338
1.0075430766877855 2256.9020641425673 0.0 1.1285350069389009 2794.919327446333 0.0 f_swap_t 100 1009.7731111049652 38.44585676540081 33.44793718647334 33.30567661690999 47.44126801044355 40.2479358483754 54.581253711294934 37.7094580266338
1.0075430766877855 2256.9020641425673 0.0 1.1260186735010422 2783.7298966554818 0.0 swap_t 100 1011.8339078426361 38.44585676540081 33.44793718647334 33.30567661690999 47.44126801044355 40.845456489891646 54.581253711294934 37.7094580266338
1.0075430766877855 2256.9020641425673 0.0 1.129319436026221 2798.4074641339616 0.0 t_multiswap_k 100 1013.0277464389801 38.44585676540081 33.44793718647334 33.30567661690999 47.44126801044355 40.845456489891646 54.581253711294934 38.46236344636746
1.0075430766877855 2256.9020641425673 0.0 1.1277532723646537 2791.4431725044838 0.0 t_swap_k 100 1016.4789113998413 38.44585676540081 33.44793718647334 34.062619850740894 47.44126801044355 40.845456489891646 54.581253711294934 38.46236344636746
1.0075430766877855 2256.9020641425673 0.0 1.1211094671226187 2761.900029364076 0.0 move_t 100 1019.467915058136 38.44585676540081 34.11345781460861 34.062619850740894 47.44126801044355 40.845456489891646 54.581253711294934 38.46236344636746
1.0075430766877855 2256.9020641425673 0.0 1.1211094671226187 2761.900029364076 0.0 t_swap_r_k 100 1023.6617441177368 38.44585676540081 34.11345781460861 34.062619850740894 47.44126801044355 40.845456489891646 55.07544117418198 38.46236344636746
1.0075430766877855 2256.9020641425673 0.0 1.1207067229696737 2760.1091387936935 0.0 t_multiswap_k 100 1026.6843857765198 38.44585676540081 34.11345781460861 34.062619850740894 47.44126801044355 40.845456489891646 55.07544117418198 39.107739811903784
1.0075430766877855 2256.9020641425673 0.0 1.1615387400546908 2941.6776949912755 0.0 t_swap_k 100 1031.3183455467224 38.44585676540081 34.11345781460861 34.85199365223349 47.44126801044355 40.845456489891646 55.07544117418198 39.107739811903784
1.0075430766877855 2256.9020641425673 0.0 1.1467704220540864 2876.0071166494463 0.0 t_move_k 100 1033.8483865261078 39.2213981977468 34.11345781460861 34.85199365223349 47.44126801044355 40.845456489891646 55.07544117418198 39.107739811903784
1.0075430766877855 2256.9020641425673 0.0 1.1603001051497248 2936.1698321080303 0.0 move_t 100 1035.5626616477966 39.2213981977468 34.882323236462526 34.85199365223349 47.44126801044355 40.845456489891646 55.07544117418198 39.107739811903784
1.0075430766877855 2256.9020641425673 0.0 1.1424331341073266 2856.7204106151435 0.0 t_multiswap_k 100 1036.5416762828827 39.2213981977468 34.882323236462526 34.85199365223349 47.44126801044355 40.845456489891646 55.07544117418198 39.77666241378475
1.0075430766877855 2256.9020641425673 0.0 1.1419318828049037 2854.4914863108756 0.0 f_swap_t 100 1039.0598583221436 39.2213981977468 34.882323236462526 34.85199365223349 47.966855330339115 40.845456489891646 55.07544117418198 39.77666241378475
1.0075430766877855 2256.9020641425673 0.0 1.1432580935627148 2860.3887745101856 0.0 t_swap_k 100 1042.8131663799286 39.2213981977468 34.882323236462526 35.71347371571115 47.966855330339115 40.845456489891646 55.07544117418198 39.77666241378475
1.0075430766877855 2256.9020641425673 0.0 1.1293130537768221 2847.7870865559594 0.02222222222222222 move_t 100 1045.6494362354279 39.2213981977468 35.5935000040979 35.71347371571115 47.966855330339115 40.845456489891646 55.07544117418198 39.77666241378475
1.0075430766877855 2256.9020641425673 0.0 1.1189103109914 2801.528999817036 0.02222222222222222 t_move_k 100 1047.6857857704163 39.92918421576933 35.5935000040979 35.71347371571115 47.966855330339115 40.845456489891646 55.07544117418198 39.77666241378475
1.0075430766877855 2256.9020641425673 0.0 1.123664599087486 2822.669988849156 0.02222222222222222 t_multiswap_k 100 1048.9200417995453 39.92918421576933 35.5935000040979 35.71347371571115 47.966855330339115 40.845456489891646 55.07544117418198 40.4188957896469
1.0075430766877855 2256.9020641425673 0.0 1.1149931036198268 2784.1102745725257 0.02222222222222222 move_t 100 1050.6055171489716 39.92918421576933 36.29756500405692 35.71347371571115 47.966855330339115 40.845456489891646 55.07544117418198 40.4188957896469
1.0075430766877855 2256.9020641425673 0.0 1.1124873932045192 2772.9680813909013 0.02222222222222222 t_swap_r_k 100 1056.9516649246216 39.92918421576933 36.29756500405692 35.71347371571115 47.966855330339115 40.845456489891646 55.56468676244016 40.4188957896469
1.0075430766877855 2256.9020641425673 0.0 1.1124059073831485 2772.6057367409658 0.02222222222222222 t_swap_r_k 100 1063.0934708118439 39.92918421576933 36.29756500405692 35.71347371571115 47.966855330339115 40.845456489891646 56.049039894815756 40.4188957896469
1.0075430766877855 2256.9020641425673 0.0 1.1122541819519833 2771.9310561975635 0.02222222222222222 f_swap_t 100 1065.6817038059235 39.92918421576933 36.29756500405692 35.71347371571115 48.517186777035725 40.845456489891646 56.049039894815756 40.4188957896469
1.0075430766877855 2256.9020641425673 0.0 1.1754251742499449 3003.4267827797944 0.0 f_swap_t 100 1068.009000301361 39.92918421576933 36.29756500405692 35.71347371571115 49.07201490926537 40.845456489891646 56.049039894815756 40.4188957896469
1.0075430766877855 2256.9020641425673 0.0 1.1614560034768042 2941.3097885770435 0.0 t_move_k 100 1069.3315155506134 40.62989237361164 36.29756500405692 35.71347371571115 49.07201490926537 40.845456489891646 56.049039894815756 40.4188957896469
1.0075430766877855 2256.9020641425673 0.0 1.1593494563419044 2931.9425628274676 0.0 move_t 100 1071.9423520565033 40.62989237361164 36.93458935401635 35.71347371571115 49.07201490926537 40.845456489891646 56.049039894815756 40.4188957896469
1.0075430766877855 2256.9020641425673 0.0 1.1588772852326772 2929.842950006428 0.0 t_move_k 100 1074.7113282680511 41.253593449875524 36.93458935401635 35.71347371571115 49.07201490926537 40.845456489891646 56.049039894815756 40.4188957896469
1.0075430766877855 2256.9020641425673 0.0 1.1588772852326772 2929.842950006428 0.0 move_t 100 1077.721388578415 41.253593449875524 37.56524346047619 35.71347371571115 49.07201490926537 40.845456489891646 56.049039894815756 40.4188957896469
1.0075430766877855 2256.9020641425673 0.0 1.1547090079413285 2911.307787071775 0.0 t_move_k 100 1079.9345376491547 41.93105751537677 37.56524346047619 35.71347371571115 49.07201490926537 40.845456489891646 56.049039894815756 40.4188957896469
1.0075430766877855 2256.9020641425673 0.0 1.1376007067727227 2890.81596106266 0.025 t_move_k 100 1081.713184595108 42.61174694022301 37.56524346047619 35.71347371571115 49.07201490926537 40.845456489891646 56.049039894815756 40.4188957896469
1.0075430766877855 2256.9020641425673 0.0 1.133948795661757 2874.576934065797 0.025 f_swap_t 100 1083.347386598587 42.61174694022301 37.56524346047619 35.71347371571115 49.58129476017272 40.845456489891646 56.049039894815756 40.4188957896469
1.0075430766877855 2256.9020641425673 0.0 1.1224386414194838 2823.3944984043496 0.025 t_move_k 100 1086.2304632663727 43.21562947082078 37.56524346047619 35.71347371571115 49.58129476017272 40.845456489891646 56.049039894815756 40.4188957896469
1.0075430766877855 2256.9020641425673 0.0 1.1224386414194838 2823.3944984043496 0.025 t_multiswap_k 100 1087.5034782886505 43.21562947082078 37.56524346047619 35.71347371571115 49.58129476017272 40.845456489891646 56.049039894815756 41.01470683175044
1.0075430766877855 2256.9020641425673 0.0 1.114847956769891 2789.6408474517634 0.025 t_multiswap_k 100 1088.8150799274445 43.21562947082078 37.56524346047619 35.71347371571115 49.58129476017272 40.845456489891646 56.049039894815756 41.66455976343293
1.0075430766877855 2256.9020641425673 0.0 1.1226265014578047 2768.645856624296 0.0 f_swap_t 100 1092.1419863700867 43.21562947082078 37.56524346047619 35.71347371571115 50.09548181257099 40.845456489891646 56.049039894815756 41.66455976343293
1.0075430766877855 2256.9020641425673 0.0 1.1327726292229765 2863.1708506621253 0.02222222222222222 t_move_k 100 1094.7701334953308 43.83347317611257 37.56524346047619 35.71347371571115 50.09548181257099 40.845456489891646 56.049039894815756 41.66455976343293
1.0075430766877855 2256.9020641425673 0.0 1.130147010291265 2851.495457855464 0.02222222222222222 t_swap_k 100 1099.1899847984314 43.83347317611257 37.56524346047619 36.416338978554045 50.09548181257099 40.845456489891646 56.049039894815756 41.66455976343293
1.0075430766877855 2256.9020641425673 0.0 1.1535940875060828 2926.35201437947 0.0 swap_t 100 1101.9283072948456 43.83347317611257 37.56524346047619 36.416338978554045 50.09548181257099 41.447001924992726 56.049039894815756 41.66455976343293
1.0075430766877855 2256.9020641425673 0.0 1.1469811155952012 2926.35201437947 0.02222222222222222 t_swap_r_k 100 1104.9043061733246 43.83347317611257 37.56524346047619 36.416338978554045 50.09548181257099 41.447001924992726 56.558549495867595 41.66455976343293
1.0075430766877855 2256.9020641425673 0.0 1.1772210643467078 3011.412603594863 0.0 move_t 100 1106.9324672222137 43.83347317611257 38.209591025871426 36.416338978554045 50.09548181257099 41.447001924992726 56.558549495867595 41.66455976343293
1.0075430766877855 2256.9020641425673 0.0 1.164373598762789 2954.28351854346 0.0 t_swap_r_k 100 1109.2570412158966 43.83347317611257 38.209591025871426 36.416338978554045 50.09548181257099 41.447001924992726 57.03296400090892 41.66455976343293
1.0075430766877855 2256.9020641425673 0.0 1.1629128444191603 2947.787952659958 0.0 t_swap_k 100 1113.2088978290558 43.83347317611257 38.209591025871426 37.33217558876851 50.09548181257099 41.447001924992726 57.03296400090892 41.66455976343293
1.0075430766877855 2256.9020641425673 0.0 1.1486069497742517 2884.1736416063927 0.0 t_swap_k 100 1116.4249019622803 43.83347317611257 38.209591025871426 38.188853832880824 50.09548181257099 41.447001924992726 57.03296400090892 41.66455976343293
1.0075430766877855 2256.9020641425673 0.0 1.1393125267638196 2842.843942826634 0.0 f_swap_t 100 1119.1795735359192 43.83347317611257 38.209591025871426 38.188853832880824 50.624526994445276 41.447001924992726 57.03296400090892 41.66455976343293
1.0075430766877855 2256.9020641425673 0.0 1.137646234452943 2835.4344071071746 0.0 f_swap_t 100 1121.8659853935242 43.83347317611257 38.209591025871426 38.188853832880824 51.118281724500825 41.447001924992726 57.03296400090892 41.66455976343293
1.0075430766877855 2256.9020641425673 0.0 1.1413637404888735 2851.9651163835333 0.0 t_swap_k 100 1126.0032596588135 43.83347317611257 38.209591025871426 38.976965294552016 51.118281724500825 41.447001924992726 57.03296400090892 41.66455976343293
1.0075430766877855 2256.9020641425673 0.0 1.1413637404888735 2851.9651163835333 0.0 f_swap_t 100 1128.4317247867584 43.83347317611257 38.209591025871426 38.976965294552016 51.60709890725582 41.447001924992726 57.03296400090892 41.66455976343293
1.0075430766877855 2256.9020641425673 0.0 1.1704275302469473 2981.2036581145485 0.0 t_swap_k 100 1132.4693117141724 43.83347317611257 38.209591025871426 39.747195641606496 51.60709890725582 41.447001924992726 57.03296400090892 41.66455976343293
1.0075430766877855 2256.9020641425673 0.0 1.1581762249228729 2926.7255309479087 0.0 f_swap_t 100 1136.885312795639 43.83347317611257 38.209591025871426 39.747195641606496 52.09102791818326 41.447001924992726 57.03296400090892 41.66455976343293
1.0075430766877855 2256.9020641425673 0.0 1.1449504922251805 2867.9143978712555 0.0 t_swap_k 100 1140.6211476325989 43.83347317611257 38.209591025871426 40.49972368519043 52.09102791818326 41.447001924992726 57.03296400090892 41.66455976343293
1.0075430766877855 2256.9020641425673 0.0 1.1250977301144514 2779.634719072291 0.0 t_move_k 100 1142.3716306686401 44.55513844435144 38.209591025871426 40.49972368519043 52.09102791818326 41.447001924992726 57.03296400090892 41.66455976343293
1.0075430766877855 2256.9020641425673 0.0 1.11813003249038 2748.6513171259744 0.0 t_swap_r_k 100 1147.1540393829346 44.55513844435144 38.209591025871426 40.49972368519043 52.09102791818326 41.447001924992726 57.50263436089983 41.66455976343293
1.0075430766877855 2256.9020641425673 0.0 1.11813003249038 2748.6513171259744 0.0 move_t 100 1148.8863279819489 44.55513844435144 38.82749511561271 40.49972368519043 52.09102791818326 41.447001924992726 57.50263436089983 41.66455976343293
1.0075430766877855 2256.9020641425673 0.0 1.11813003249038 2748.6513171259744 0.0 t_swap_r_k 100 1153.2508590221405 44.55513844435144 38.82749511561271 40.49972368519043 52.09102791818326 41.447001924992726 57.967608017290836 41.66455976343293
1.0075430766877855 2256.9020641425673 0.0 1.11813003249038 2748.6513171259744 0.0 t_swap_r_k 100 1158.8238124847412 44.55513844435144 38.82749511561271 40.49972368519043 52.09102791818326 41.447001924992726 58.427931937117926 41.66455976343293
1.0075430766877855 2256.9020641425673 0.0 1.11813003249038 2748.6513171259744 0.0 swap_t 100 1160.3763377666473 44.55513844435144 38.82749511561271 40.49972368519043 52.09102791818326 42.0325319057428 58.427931937117926 41.66455976343293
1.0075430766877855 2256.9020641425673 0.0 1.1160388426087697 2739.3523807852 0.0 t_move_k 100 1162.3962996006012 45.139587059907925 38.82749511561271 40.49972368519043 52.09102791818326 42.0325319057428 58.427931937117926 41.66455976343293
1.0075430766877855 2256.9020641425673 0.0 1.1327064767701844 2813.468686712885 0.0 t_move_k 100 1163.473714351654 45.768191189308844 38.82749511561271 40.49972368519043 52.09102791818326 42.0325319057428 58.427931937117926 41.66455976343293
1.0075430766877855 2256.9020641425673 0.0 1.1547065860741503 3042.1654156086156 0.0 swap_t 100 1164.9345111846924 45.768191189308844 38.82749511561271 40.49972368519043 52.09102791818326 42.652206586685374 58.427931937117926 41.66455976343293
1.0075430766877855 2256.9020641425673 0.0 1.128583676135797 2795.135745748504 0.0 t_swap_k 100 1167.9809565544128 45.768191189308844 38.82749511561271 41.244726448338525 52.09102791818326 42.652206586685374 58.427931937117926 41.66455976343293
1.0075430766877855 2256.9020641425673 0.0 1.1207709320329182 2760.394658533849 0.0 t_swap_k 100 1170.2962608337402 45.768191189308844 38.82749511561271 41.95227918385514 52.09102791818326 42.652206586685374 58.427931937117926 41.66455976343293
1.0075430766877855 2256.9020641425673 0.0 1.113534211792096 2728.214988276656 0.0 t_swap_k 100 1173.640350818634 45.768191189308844 38.82749511561271 42.56275639201659 52.09102791818326 42.652206586685374 58.427931937117926 41.66455976343293
1.0075430766877855 2256.9020641425673 0.0 1.1135189089551705 2728.1469408422 0.0 t_swap_r_k 100 1178.7198131084442 45.768191189308844 38.82749511561271 42.56275639201659 52.09102791818326 42.652206586685374 58.88365261774675 41.66455976343293
1.0075430766877855 2256.9020641425673 0.0 1.1129552754439191 2725.640620308258 0.0 move_t 100 1181.0115342140198 45.768191189308844 39.46922016445659 42.56275639201659 52.09102791818326 42.652206586685374 58.88365261774675 41.66455976343293
1.0075430766877855 2256.9020641425673 0.0 1.1130294363735487 2725.9703932139423 0.0 t_multiswap_k 100 1183.100242137909 45.768191189308844 39.46922016445659 42.56275639201659 52.09102791818326 42.652206586685374 58.88365261774675 42.387914165798605
1.0075430766877855 2256.9020641425673 0.0 1.1418027055830389 2852.78122927342 0.0 move_t 100 1186.6368169784546 45.768191189308844 40.20452796281202 42.56275639201659 52.09102791818326 42.652206586685374 58.88365261774675 42.387914165798605
1.0075430766877855 2256.9020641425673 0.0 1.1342159312405924 2820.1808084350932 0.0 t_multiswap_k 100 1189.407037973404 45.768191189308844 40.20452796281202 42.56275639201659 52.09102791818326 42.652206586685374 58.88365261774675 42.96403502414062
1.0075430766877855 2256.9020641425673 0.0 1.1339991769912197 2819.216962930563 0.0 f_swap_t 100 1192.594271659851 45.768191189308844 40.20452796281202 42.56275639201659 52.570117639001424 42.652206586685374 58.88365261774675 42.96403502414062
1.0075430766877855 2256.9020641425673 0.0 1.1282571457579866 2793.6837565134333 0.0 t_move_k 100 1193.7878720760345 46.40050927741576 40.20452796281202 42.56275639201659 52.570117639001424 42.652206586685374 58.88365261774675 42.96403502414062
1.0075430766877855 2256.9020641425673 0.0 1.1250004242854283 2779.2020272743684 0.0 t_move_k 100 1194.7373673915863 47.0565041846416 40.20452796281202 42.56275639201659 52.570117639001424 42.652206586685374 58.88365261774675 42.96403502414062
1.0075430766877855 2256.9020641425673 0.0 1.1215475136413304 2763.847899678302 0.0 t_multiswap_k 100 1196.9686403274536 47.0565041846416 40.20452796281202 42.56275639201659 52.570117639001424 42.652206586685374 58.88365261774675 43.534394673899214
1.0075430766877855 2256.9020641425673 0.0 1.1207044016480303 2760.098816525794 0.0 t_swap_k 100 1200.1365013122559 47.0565041846416 40.20452796281202 43.197128828096425 52.570117639001424 42.652206586685374 58.88365261774675 43.534394673899214
1.0075430766877855 2256.9020641425673 0.0 1.1113376636066563 2718.447553035377 0.0 t_move_k 100 1202.405817747116 47.67593914279518 40.20452796281202 43.197128828096425 52.570117639001424 42.652206586685374 58.88365261774675 43.534394673899214
1.0075430766877855 2256.9020641425673 0.0 1.111028735925096 2717.0738380657344 0.0 swap_t 100 1203.7198905944824 47.67593914279518 40.20452796281202 43.197128828096425 52.570117639001424 43.22568452081852 58.88365261774675 43.534394673899214
1.0075430766877855 2256.9020641425673 0.0 1.110008436911182 2712.536853805063 0.0 f_swap_t 100 1206.529862165451 47.67593914279518 40.20452796281202 43.197128828096425 53.07441646261141 43.22568452081852 58.88365261774675 43.534394673899214
1.0075430766877855 2256.9020641425673 0.0 1.0951751226243527 2646.5772551627324 0.0 t_move_k 100 1209.1659495830536 48.34917975136723 40.20452796281202 43.197128828096425 53.07441646261141 43.22568452081852 58.88365261774675 43.534394673899214
1.0075430766877855 2256.9020641425673 0.0 1.0907368455763895 2626.8414788496075 0.0 f_swap_t 100 1211.8718225955963 48.34917975136723 40.20452796281202 43.197128828096425 53.543672297985296 43.22568452081852 58.88365261774675 43.534394673899214
1.0075430766877855 2256.9020641425673 0.0 1.0907368455763895 2626.8414788496075 0.0 move_t 100 1213.1685428619385 48.34917975136723 40.802482683183904 43.197128828096425 53.543672297985296 43.22568452081852 58.88365261774675 43.534394673899214
1.0075430766877855 2256.9020641425673 0.0 1.0866301534985223 2608.580168129301 0.0 t_move_k 100 1215.5903306007385 48.92568795385356 40.802482683183904 43.197128828096425 53.543672297985296 43.22568452081852 58.88365261774675 43.534394673899214
1.0075430766877855 2256.9020641425673 0.0 1.08143650897846 2649.0100586429116 0.02857142857142857 f_swap_t 100 1218.7395491600037 48.92568795385356 40.802482683183904 43.197128828096425 54.038235575005444 43.22568452081852 58.88365261774675 43.534394673899214
1.0075430766877855 2256.9020641425673 0.0 1.0958608395824871 2713.151021271251 0.02857142857142857 t_multiswap_k 100 1220.662053823471 48.92568795385356 40.802482683183904 43.197128828096425 54.038235575005444 43.22568452081852 58.88365261774675 44.139050727160225
1.0075430766877855 2256.9020641425673 0.0 1.0921597921605173 2696.6934988464664 0.02857142857142857 t_swap_r_k 100 1226.2484078407288 48.92568795385356 40.802482683183904 43.197128828096425 54.038235575005444 43.22568452081852 59.33481609156928 44.139050727160225
1.0075430766877855 2256.9020641425673 0.0 1.10722582952522 2763.687951905991 0.02857142857142857 t_move_k 100 1228.9731895923615 49.51643107431502 40.802482683183904 43.197128828096425 54.038235575005444 43.22568452081852 59.33481609156928 44.139050727160225
1.0075430766877855 2256.9020641425673 0.0 1.1014961231889102 2738.2095508572793 0.02857142857142857 swap_t 100 1230.0032949447632 49.51643107431502 40.802482683183904 43.197128828096425 54.038235575005444 43.82342767561033 59.33481609156928 44.139050727160225
1.0075430766877855 2256.9020641425673 0.0 1.1001855254593556 2732.3816894264914 0.02857142857142857 f_swap_t 100 1231.0469303131104 49.51643107431502 40.802482683183904 43.197128828096425 54.52785321925539 43.82342767561033 59.33481609156928 44.139050727160225
1.0075430766877855 2256.9020641425673 0.0 1.0966265715323393 2716.5560170195513 0.02857142857142857 t_multiswap_k 100 1232.2622499465942 49.51643107431502 40.802482683183904 43.197128828096425 54.52785321925539 43.82342767561033 59.33481609156928 44.75766021988862
1.0075430766877855 2256.9020641425673 0.0 1.0942746336175195 2706.0976071258874 0.02857142857142857 t_swap_r_k 100 1237.4268238544464 49.51643107431502 40.802482683183904 43.197128828096425 54.52785321925539 43.82342767561033 59.78146793065359 44.75766021988862
1.0075430766877855 2256.9020641425673 0.0 1.0938449466839735 2704.1869095480906 0.02857142857142857 t_swap_k 100 1239.7651572227478 49.51643107431502 40.802482683183904 43.81515753981546 54.52785321925539 43.82342767561033 59.78146793065359 44.75766021988862
1.0075430766877855 2256.9020641425673 0.0 1.1519817643332266 2895.2946480803325 0.0 move_t 100 1240.9933898448944 49.51643107431502 41.47445785635207 43.81515753981546 54.52785321925539 43.82342767561033 59.78146793065359 44.75766021988862
1.0075430766877855 2256.9020641425673 0.0 1.1453811543293992 2869.829431760206 0.0 t_swap_r_k 100 1246.845534324646 49.51643107431502 41.47445785635207 43.81515753981546 54.52785321925539 43.82342767561033 60.22365325134705 44.75766021988862
1.0075430766877855 2256.9020641425673 0.0 1.1435967271405652 2861.8945832896607 0.0 swap_t 100 1248.3355553150177 49.51643107431502 41.47445785635207 43.81515753981546 54.52785321925539 44.38519339885423 60.22365325134705 44.75766021988862
1.0075430766877855 2256.9020641425673 0.0 1.1433458320931658 2860.778923208049 0.0 f_swap_t 100 1251.903706073761 49.51643107431502 41.47445785635207 43.81515753981546 54.98257468706284 44.38519339885423 60.22365325134705 44.75766021988862
1.0075430766877855 2256.9020641425673 0.0 1.1433458320931658 2860.778923208049 0.0 f_swap_t 100 1254.5376379489899 49.51643107431502 41.47445785635207 43.81515753981546 55.432748940192205 44.38519339885423 60.22365325134705 44.75766021988862
1.0075430766877855 2256.9020641425673 0.0 1.1317471867811812 2864.786995329104 0.025 t_swap_k 100 1257.0336184501648 49.51643107431502 41.47445785635207 44.55700596441731 55.432748940192205 44.38519339885423 60.22365325134705 44.75766021988862
1.0075430766877855 2256.9020641425673 0.0 1.1317471867811812 2864.786995329104 0.025 t_swap_r_k 100 1261.6936044692993 49.51643107431502 41.47445785635207 44.55700596441731 55.432748940192205 44.38519339885423 60.66141671883358 44.75766021988862
1.0075430766877855 2256.9020641425673 0.0 1.1294137447260229 2854.410831348675 0.025 f_swap_t 100 1263.491985321045 49.51643107431502 41.47445785635207 44.55700596441731 55.908421450790286 44.38519339885423 60.66141671883358 44.75766021988862
1.0075430766877855 2256.9020641425673 0.0 1.1159145797741872 2820.665128362434 0.025 move_t 100 1264.9889771938324 49.51643107431502 42.08971327778855 44.55700596441731 55.908421450790286 44.38519339885423 60.66141671883358 44.75766021988862
1.0075430766877855 2256.9020641425673 0.0 1.1017009186072344 2725.003646643211 0.02222222222222222 t_move_k 100 1267.2475969791412 50.17126676357187 42.08971327778855 44.55700596441731 55.908421450790286 44.38519339885423 60.66141671883358 44.75766021988862
1.0075430766877855 2256.9020641425673 0.0 1.1011359863894283 2722.4915511245654 0.02222222222222222 t_move_k 100 1268.9031887054443 50.69955409593615 42.08971327778855 44.55700596441731 55.908421450790286 44.38519339885423 60.66141671883358 44.75766021988862
1.0075430766877855 2256.9020641425673 0.0 1.1011359863894283 2722.4915511245654 0.02222222222222222 t_swap_r_k 100 1274.8013274669647 50.69955409593615 42.08971327778855 44.55700596441731 55.908421450790286 44.38519339885423 61.094802551645245 44.75766021988862
1.0075430766877855 2256.9020641425673 0.0 1.1171482386764051 2744.2855547166378 0.0 t_swap_k 100 1277.8778460025787 50.69955409593615 42.08971327778855 45.241435904773134 55.908421450790286 44.38519339885423 61.094802551645245 44.75766021988862
1.0075430766877855 2256.9020641425673 0.0 1.0989540429533056 2718.965059429889 0.025 t_multiswap_k 100 1279.3547632694244 50.69955409593615 42.08971327778855 45.241435904773134 55.908421450790286 44.38519339885423 61.094802551645245 45.40008361768973
1.0075430766877855 2256.9020641425673 0.0 1.1090642633932248 2757.7463808263788 0.02222222222222222 t_move_k 100 1282.3466365337372 51.35255855497679 42.08971327778855 45.241435904773134 55.908421450790286 44.38519339885423 61.094802551645245 45.40008361768973
1.0075430766877855 2256.9020641425673 0.0 1.0960318697644784 2694.854172247932 0.02 t_move_k 100 1283.946964263916 51.89903296942702 42.08971327778855 45.241435904773134 55.908421450790286 44.38519339885423 61.094802551645245 45.40008361768973
1.0075430766877855 2256.9020641425673 0.0 1.0980122773235035 2703.6604905942986 0.02 move_t 100 1286.3875205516815 51.89903296942702 42.678816145010664 45.241435904773134 55.908421450790286 44.38519339885423 61.094802551645245 45.40008361768973
1.0075430766877855 2256.9020641425673 0.0 1.095329529798549 2691.7310629166404 0.02 t_swap_k 100 1290.6153588294983 51.89903296942702 42.678816145010664 45.8490215457254 55.908421450790286 44.38519339885423 61.094802551645245 45.40008361768973
1.0075430766877855 2256.9020641425673 0.0 1.0948992590867621 2689.8177694403334 0.02 swap_t 100 1292.5925858020782 51.89903296942702 42.678816145010664 45.8490215457254 55.908421450790286 44.97134146486569 61.094802551645245 45.40008361768973
1.0075430766877855 2256.9020641425673 0.0 1.0954561003501437 2692.2938867483003 0.02 t_multiswap_k 100 1294.9882125854492 51.89903296942702 42.678816145010664 45.8490215457254 55.908421450790286 44.97134146486569 61.094802551645245 46.04608278151284
1.0075430766877855 2256.9020641425673 0.0 1.0981607536070364 2704.32072308721 0.02 f_swap_t 100 1297.3933556079865 51.89903296942702 42.678816145010664 45.8490215457254 56.38933723628238 44.97134146486569 61.094802551645245 46.04608278151284
1.0075430766877855 2256.9020641425673 0.0 1.1186040946112548 2795.2265409962843 0.02 move_t 100 1299.8165371418 51.89903296942702 43.29202798356056 45.8490215457254 56.38933723628238 44.97134146486569 61.094802551645245 46.04608278151284
1.0075430766877855 2256.9020641425673 0.0 1.1177610860682297 2791.4779178582066 0.02 move_t 100 1301.0492720603943 51.89903296942702 43.88910770372495 45.8490215457254 56.38933723628238 44.97134146486569 61.094802551645245 46.04608278151284
1.0075430766877855 2256.9020641425673 0.0 1.1074043279132728 2745.42431190561 0.02 t_move_k 100 1303.8037476539612 52.54004263973275 43.88910770372495 45.8490215457254 56.38933723628238 44.97134146486569 61.094802551645245 46.04608278151284
1.0075430766877855 2256.9020641425673 0.0 1.0874403862965534 2667.767049511142 0.025 t_swap_k 100 1306.5215463638306 52.54004263973275 43.88910770372495 46.540531330268145 56.38933723628238 44.97134146486569 61.094802551645245 46.04608278151284
1.0075430766877855 2256.9020641425673 0.0 1.0803321640598542 2636.1587739277493 0.025 t_multiswap_k 100 1307.7432281970978 52.54004263973275 43.88910770372495 46.540531330268145 56.38933723628238 44.97134146486569 61.094802551645245 46.67562195369771
1.0075430766877855 2256.9020641425673 0.0 1.0701844495650938 2591.0347266468466 0.025 t_swap_r_k 100 1312.9328439235687 52.54004263973275 43.88910770372495 46.540531330268145 56.38933723628238 44.97134146486569 61.523854526128794 46.67562195369771
1.0075430766877855 2256.9020641425673 0.0 1.068468308030698 2583.4035253769666 0.025 t_move_k 100 1314.7415990829468 53.10464221333542 43.88910770372495 46.540531330268145 56.38933723628238 44.97134146486569 61.523854526128794 46.67562195369771
1.0075430766877855 2256.9020641425673 0.0 1.0664649661376095 2574.4952244634746 0.025 t_multiswap_k 100 1315.2243897914886 53.10464221333542 43.88910770372495 46.540531330268145 56.38933723628238 44.97134146486569 61.523854526128794 47.23886573416073
1.0075430766877855 2256.9020641425673 0.0 1.0704286035769037 2592.1204112291657 0.025 t_swap_k 100 1317.8613483905792 53.10464221333542 43.88910770372495 47.11512601696546 56.38933723628238 44.97134146486569 61.523854526128794 47.23886573416073
1.0075430766877855 2256.9020641425673 0.0 1.0704286035769037 2592.1204112291657 0.025 t_swap_r_k 100 1324.4451339244843 53.10464221333542 43.88910770372495 47.11512601696546 56.38933723628238 44.97134146486569 61.94861598086751 47.23886573416073
1.0075430766877855 2256.9020641425673 0.0 1.0686711159881261 2584.305355623044 0.025 t_move_k 100 1326.5535004138947 53.66359579120206 43.88910770372495 47.11512601696546 56.38933723628238 44.97134146486569 61.94861598086751 47.23886573416073
1.0075430766877855 2256.9020641425673 0.0 1.0865598657806852 2608.2676183128283 0.0 t_multiswap_k 100 1327.9894123077393 53.66359579120206 43.88910770372495 47.11512601696546 56.38933723628238 44.97134146486569 61.94861598086751 47.896477076819124
1.0075430766877855 2256.9020641425673 0.0 1.1331978056958212 2815.653488983618 0.0 f_swap_t 100 1330.9340059757233 53.66359579120206 43.88910770372495 47.11512601696546 56.86544386391956 44.97134146486569 61.94861598086751 47.896477076819124
1.0075430766877855 2256.9020641425673 0.0 1.1004959550614846 2744.3495121237343 0.03333333333333333 t_swap_k 100 1335.5014753341675 53.66359579120206 43.88910770372495 47.763974756795804 56.86544386391956 44.97134146486569 61.94861598086751 47.896477076819124
1.0075430766877855 2256.9020641425673 0.0 1.104153999165398 2760.6158108243762 0.03333333333333333 f_swap_t 100 1338.1325132846832 53.66359579120206 43.88910770372495 47.763974756795804 57.336789425280365 44.97134146486569 61.94861598086751 47.896477076819124
1.0075430766877855 2256.9020641425673 0.0 1.0947864295692906 2718.9608496427086 0.03333333333333333 t_multiswap_k 100 1340.2955920696259 53.66359579120206 43.88910770372495 47.763974756795804 57.336789425280365 44.97134146486569 61.94861598086751 48.507512306050934
1.0075430766877855 2256.9020641425673 0.0 1.089529607016692 2695.5852304790783 0.03333333333333333 t_multiswap_k 100 1341.762377023697 53.66359579120206 43.88910770372495 47.763974756795804 57.336789425280365 44.97134146486569 61.94861598086751 49.052437182990424
1.0075430766877855 2256.9020641425673 0.0 1.0869294416777744 2684.023022678291 0.03333333333333333 t_move_k 100 1344.4732720851898 54.226959833290046 43.88910770372495 47.763974756795804 57.336789425280365 44.97134146486569 61.94861598086751 49.052437182990424
1.0075430766877855 2256.9020641425673 0.0 1.1018245535336337 2750.2574178206814 0.03333333333333333 t_multiswap_k 100 1346.350061416626 54.226959833290046 43.88910770372495 47.763974756795804 57.336789425280365 44.97134146486569 61.94861598086751 49.57191281116052
1.0075430766877855 2256.9020641425673 0.0 1.1056778693572535 2742.6880339769637 0.02222222222222222 t_swap_r_k 100 1351.4729506969452 54.226959833290046 43.88910770372495 47.763974756795804 57.336789425280365 44.97134146486569 62.369129821058834 49.57191281116052
1.0075430766877855 2256.9020641425673 0.0 1.1163909157572558 2790.3259540747163 0.02222222222222222 t_move_k 100 1354.1945436000824 54.81469023495715 43.88910770372495 47.763974756795804 57.336789425280365 44.97134146486569 62.369129821058834 49.57191281116052
1.0075430766877855 2256.9020641425673 0.0 1.138507396586727 2888.671756683916 0.02222222222222222 t_multiswap_k 100 1356.92835354805 54.81469023495715 43.88910770372495 47.763974756795804 57.336789425280365 44.97134146486569 62.369129821058834 50.12619368304892
1.0075430766877855 2256.9020641425673 0.0 1.1437238404351935 2911.867823047225 0.02222222222222222 t_move_k 100 1359.0509557724 55.376543332607575 43.88910770372495 47.763974756795804 57.336789425280365 44.97134146486569 62.369129821058834 50.12619368304892
1.0075430766877855 2256.9020641425673 0.0 1.1532798296748015 2904.952631168945 0.0 t_multiswap_k 100 1360.9495661258698 55.376543332607575 43.88910770372495 47.763974756795804 57.336789425280365 44.97134146486569 62.369129821058834 50.69493174621843
1.0075430766877855 2256.9020641425673 0.0 1.1144551076741074 2795.834529262461 0.02857142857142857 t_move_k 100 1364.045839548111 56.0327778992815 43.88910770372495 47.763974756795804 57.336789425280365 44.97134146486569 62.369129821058834 50.69493174621843
1.0075430766877855 2256.9020641425673 0.0 1.1305741267946312 2827.3235530618795 0.02857142857142857 move_t 100 1366.030503988266 56.0327778992815 44.4602166266877 47.763974756795804 57.336789425280365 44.97134146486569 62.369129821058834 50.69493174621843
1.0075430766877855 2256.9020641425673 0.0 1.1257277279139877 2845.960717671354 0.02857142857142857 move_t 100 1368.3878309726715 56.0327778992815 45.07561446042082 47.763974756795804 57.336789425280365 44.97134146486569 62.369129821058834 50.69493174621843
1.0075430766877855 2256.9020641425673 0.0 1.1289104294886678 2867.9227090475106 0.02857142857142857 swap_t 100 1370.5124111175537 56.0327778992815 45.07561446042082 47.763974756795804 57.336789425280365 45.53162805021703 62.369129821058834 50.69493174621843
1.0075430766877855 2256.9020641425673 0.0 1.1246281620984342 2841.0712561206647 0.02857142857142857 t_swap_k 100 1372.9429912567139 56.0327778992815 45.07561446042082 48.376335009227844 57.336789425280365 45.53162805021703 62.369129821058834 50.69493174621843
1.0075430766877855 2256.9020641425673 0.0 1.123557611041083 2836.3108150820967 0.02857142857142857 t_swap_k 100 1375.594878911972 56.0327778992815 45.07561446042082 48.93257165913557 57.336789425280365 45.53162805021703 62.369129821058834 50.69493174621843
1.0075430766877855 2256.9020641425673 0.0 1.147363943538809 2878.646340639507 0.0 t_swap_k 100 1378.1146371364594 56.0327778992815 45.07561446042082 49.57324594254421 57.336789425280365 45.53162805021703 62.369129821058834 50.69493174621843
1.0075430766877855 2256.9020641425673 0.0 1.140706865192747 2849.044175718975 0.0 t_swap_r_k 100 1382.505372285843 56.0327778992815 45.07561446042082 49.57324594254421 57.336789425280365 45.53162805021703 62.785438522848246 50.69493174621843
1.0075430766877855 2256.9020641425673 0.0 1.1303755689890367 2803.103791939953 0.0 t_multiswap_k 100 1384.3131444454193 56.0327778992815 45.07561446042082 49.57324594254421 57.336789425280365 45.53162805021703 62.785438522848246 51.247982428756245
1.0075430766877855 2256.9020641425673 0.0 1.1296552062010743 2799.9005401614177 0.0 swap_t 100 1385.721807718277 56.0327778992815 45.07561446042082 49.57324594254421 57.336789425280365 46.07631176971486 62.785438522848246 51.247982428756245
1.0075430766877855 2256.9020641425673 0.0 1.1266962643089866 2792.8979557976954 0.0 move_t 100 1387.4481446743011 56.0327778992815 45.65485831581662 49.57324594254421 57.336789425280365 46.07631176971486 62.785438522848246 51.247982428756245
1.0075430766877855 2256.9020641425673 0.0 1.1151907300271164 2772.3208571991313 0.02857142857142857 move_t 100 1388.4796011447906 56.0327778992815 46.22830973265845 49.57324594254421 57.336789425280365 46.07631176971486 62.785438522848246 51.247982428756245
1.0075430766877855 2256.9020641425673 0.0 1.1252057446056245 2843.6396039369674 0.02857142857142857 t_multiswap_k 100 1389.4243595600128 56.0327778992815 46.22830973265845 49.57324594254421 57.336789425280365 46.07631176971486 62.785438522848246 51.74550260446868
1.0075430766877855 2256.9020641425673 0.0 1.1115925391521884 2793.692917027761 0.03333333333333333 t_swap_k 100 1392.4060788154602 56.0327778992815 46.22830973265845 50.16751348311877 57.336789425280365 46.07631176971486 62.785438522848246 51.74550260446868
1.0075430766877855 2256.9020641425673 0.0 1.0980209193220336 2733.343720643635 0.03333333333333333 swap_t 100 1393.7680072784424 56.0327778992815 46.22830973265845 50.16751348311877 57.336789425280365 46.615548652017715 62.785438522848246 51.74550260446868
1.0075430766877855 2256.9020641425673 0.0 1.0980209193220336 2733.343720643635 0.03333333333333333 move_t 100 1394.974361896515 56.0327778992815 46.76602663533187 50.16751348311877 57.336789425280365 46.615548652017715 62.785438522848246 51.74550260446868
1.0075430766877855 2256.9020641425673 0.0 1.0928360876494856 2699.700795675306 0.02857142857142857 t_move_k 100 1397.0567526817322 56.60245012028869 46.76602663533187 50.16751348311877 57.336789425280365 46.615548652017715 62.785438522848246 51.74550260446868
1.0075430766877855 2256.9020641425673 0.0 1.090400065113781 2688.868484997347 0.02857142857142857 t_move_k 100 1398.9528276920319 57.0964256190858 46.76602663533187 50.16751348311877 57.336789425280365 46.615548652017715 62.785438522848246 51.74550260446868
1.0075430766877855 2256.9020641425673 0.0 1.089213366132957 2683.5915666383853 0.02857142857142857 f_swap_t 100 1401.0095794200897 57.0964256190858 46.76602663533187 50.16751348311877 57.79342153102756 46.615548652017715 62.785438522848246 51.74550260446868
1.0075430766877855 2256.9020641425673 0.0 1.0909990804186713 2683.5915666383853 0.025 t_swap_r_k 100 1405.5355477333069 57.0964256190858 46.76602663533187 50.16751348311877 57.79342153102756 46.615548652017715 63.197584137619764 51.74550260446868
1.0075430766877855 2256.9020641425673 0.0 1.0909990804186713 2683.5915666383853 0.025 move_t 100 1407.3782324790955 57.0964256190858 47.29836636897855 50.16751348311877 57.79342153102756 46.615548652017715 63.197584137619764 51.74550260446868
1.0075430766877855 2256.9020641425673 0.0 1.0980870967813763 2715.1099923532256 0.025 move_t 100 1408.8757514953613 57.0964256190858 47.865382705288766 50.16751348311877 57.79342153102756 46.615548652017715 63.197584137619764 51.74550260446868
1.0075430766877855 2256.9020641425673 0.0 1.1153445998671438 2799.789852187175 0.02857142857142857 t_swap_k 100 1411.8612895011902 57.0964256190858 47.865382705288766 50.73583834828758 57.79342153102756 46.615548652017715 63.197584137619764 51.74550260446868
1.0075430766877855 2256.9020641425673 0.0 1.1153445998671438 2799.789852187175 0.02857142857142857 t_swap_r_k 100 1416.2069773674011 57.0964256190858 47.865382705288766 50.73583834828758 57.79342153102756 46.615548652017715 63.60560829624357 51.74550260446868
1.0075430766877855 2256.9020641425673 0.0 1.1153445998671438 2799.789852187175 0.02857142857142857 t_swap_r_k 100 1421.0272243022919 57.0964256190858 47.865382705288766 50.73583834828758 57.79342153102756 46.615548652017715 64.00955221328113 51.74550260446868
1.0075430766877855 2256.9020641425673 0.0 1.1153445998671438 2799.789852187175 0.02857142857142857 t_swap_r_k 100 1426.041870355606 57.0964256190858 47.865382705288766 50.73583834828758 57.79342153102756 46.615548652017715 64.4094566911483 51.74550260446868
1.0075430766877855 2256.9020641425673 0.0 1.1153445998671438 2799.789852187175 0.02857142857142857 f_swap_t 100 1427.8902287483215 57.0964256190858 47.865382705288766 50.73583834828758 58.21548731571728 46.615548652017715 64.4094566911483 51.74550260446868
1.0075430766877855 2256.9020641425673 0.0 1.1077990906482216 2766.237083735821 0.02857142857142857 f_swap_t 100 1429.6815235614777 57.0964256190858 47.865382705288766 50.73583834828758 58.69333244256011 46.615548652017715 64.4094566911483 51.74550260446868
1.0075430766877855 2256.9020641425673 0.0 1.120933150125166 2761.1159970055005 0.0 t_move_k 100 1431.279614686966 57.72546136289494 47.865382705288766 50.73583834828758 58.69333244256011 46.615548652017715 64.4094566911483 51.74550260446868
1.0075430766877855 2256.9020641425673 0.0 1.108483532081226 2705.7560286565695 0.0 t_swap_r_k 100 1436.084328174591 57.72546136289494 47.865382705288766 50.73583834828758 58.69333244256011 46.615548652017715 64.80536212423682 51.74550260446868
1.0075430766877855 2256.9020641425673 0.0 1.1034978211203428 2683.585966891039 0.0 t_multiswap_k 100 1437.414713382721 57.72546136289494 47.865382705288766 50.73583834828758 58.69333244256011 46.615548652017715 64.80536212423682 52.31804757842399
1.0075430766877855 2256.9020641425673 0.0 1.0912671635570286 2678.6076570392524 0.02222222222222222 t_move_k 100 1439.0043058395386 58.21820674926599 47.865382705288766 50.73583834828758 58.69333244256011 46.615548652017715 64.80536212423682 52.31804757842399
1.0075430766877855 2256.9020641425673 0.0 1.0912671635570286 2678.6076570392524 0.02222222222222222 move_t 100 1440.6757032871246 58.21820674926599 48.38672887823588 50.73583834828758 58.69333244256011 46.615548652017715 64.80536212423682 52.31804757842399
1.0075430766877855 2256.9020641425673 0.0 1.087752366532915 2662.978338025521 0.02222222222222222 t_multiswap_k 100 1441.9640424251556 58.21820674926599 48.38672887823588 50.73583834828758 58.69333244256011 46.615548652017715 64.80536212423682 52.85486710263975
1.0075430766877855 2256.9020641425673 0.0 1.086116327073487 2655.7033282724615 0.02222222222222222 t_move_k 100 1443.485377073288 58.66602468177333 48.38672887823588 50.73583834828758 58.69333244256011 46.615548652017715 64.80536212423682 52.85486710263975
1.0075430766877855 2256.9020641425673 0.0 1.0861068157180094 2661.8370342481276 0.025 t_swap_k 100 1446.1180233955383 58.66602468177333 48.38672887823588 51.32847996480471 58.69333244256011 46.615548652017715 64.80536212423682 52.85486710263975
1.0075430766877855 2256.9020641425673 0.0 1.080331978461705 2636.157948624705 0.025 t_multiswap_k 100 1446.9215669631958 58.66602468177333 48.38672887823588 51.32847996480471 58.69333244256011 46.615548652017715 64.80536212423682 53.32631843161335
1.0075430766877855 2256.9020641425673 0.0 1.0767306061403348 2620.1436534856816 0.025 t_multiswap_k 100 1448.1882264614105 58.66602468177333 48.38672887823588 51.32847996480471 58.69333244256011 46.615548652017715 64.80536212423682 53.82305524729722
1.0075430766877855 2256.9020641425673 0.0 1.1130284432035245 2725.9659768647084 0.0 t_swap_k 100 1450.4522709846497 58.66602468177333 48.38672887823588 51.89519516515666 58.69333244256011 46.615548652017715 64.80536212423682 53.82305524729722
1.0075430766877855 2256.9020641425673 0.0 1.1000461477724979 2723.8213440171608 0.025 t_move_k 100 1452.8565700054169 59.139364434955596 48.38672887823588 51.89519516515666 58.69333244256011 46.615548652017715 64.80536212423682 53.82305524729722
1.0075430766877855 2256.9020641425673 0.0 1.1000461477724979 2723.8213440171608 0.025 t_swap_k 100 1454.8513572216034 59.139364434955596 48.38672887823588 52.37624321350509 58.69333244256011 46.615548652017715 64.80536212423682 53.82305524729722
1.0075430766877855 2256.9020641425673 0.0 1.1000461477724979 2723.8213440171608 0.025 f_swap_t 100 1456.0142984390259 59.139364434955596 48.38672887823588 52.37624321350509 59.10639911813451 46.615548652017715 64.80536212423682 53.82305524729722
1.0075430766877855 2256.9020641425673 0.0 1.1000461477724979 2723.8213440171608 0.025 t_swap_r_k 100 1460.6620728969574 59.139364434955596 48.38672887823588 52.37624321350509 59.10639911813451 46.615548652017715 65.19730850299446 53.82305524729722
1.0075430766877855 2256.9020641425673 0.0 1.104207993783457 2742.327908847233 0.025 t_move_k 100 1462.3771138191223 59.55797079060604 48.38672887823588 52.37624321350509 59.10639911813451 46.615548652017715 65.19730850299446 53.82305524729722
1.0075430766877855 2256.9020641425673 0.0 1.104207993783457 2742.327908847233 0.025 t_swap_r_k 100 1466.8767058849335 59.55797079060604 48.38672887823588 52.37624321350509 59.10639911813451 46.615548652017715 65.58533541796452 53.82305524729722
1.0075430766877855 2256.9020641425673 0.0 1.104207993783457 2742.327908847233 0.025 t_swap_r_k 100 1471.323528289795 59.55797079060604 48.38672887823588 52.37624321350509 59.10639911813451 46.615548652017715 65.96948206378487 53.82305524729722
1.0075430766877855 2256.9020641425673 0.0 1.104207993783457 2742.327908847233 0.025 t_multiswap_k 100 1472.6078824996948 59.55797079060604 48.38672887823588 52.37624321350509 59.10639911813451 46.615548652017715 65.96948206378487 54.284824694824245
1.0075430766877855 2256.9020641425673 0.0 1.104207993783457 2742.327908847233 0.025 t_swap_r_k 100 1477.5351650714874 59.55797079060604 48.38672887823588 52.37624321350509 59.10639911813451 46.615548652017715 66.34978724314702 54.284824694824245
1.0075430766877855 2256.9020641425673 0.0 1.104207993783457 2742.327908847233 0.025 t_swap_r_k 100 1482.2912652492523 59.55797079060604 48.38672887823588 52.37624321350509 59.10639911813451 46.615548652017715 66.72628937071555 54.284824694824245
1.0075430766877855 2256.9020641425673 0.0 1.1090128749299824 2763.693871019984 0.025 move_t 100 1484.0192821025848 59.55797079060604 48.91286158945352 52.37624321350509 59.10639911813451 46.615548652017715 66.72628937071555 54.284824694824245
1.0075430766877855 2256.9020641425673 0.0 1.1090128749299824 2763.693871019984 0.025 f_swap_t 100 1486.4917531013489 59.55797079060604 48.91286158945352 52.37624321350509 59.51533512695317 46.615548652017715 66.72628937071555 54.284824694824245
1.0075430766877855 2256.9020641425673 0.0 1.108998702935976 2763.630852127608 0.025 t_move_k 100 1487.891621351242 59.99239108269998 48.91286158945352 52.37624321350509 59.51533512695317 46.615548652017715 66.72628937071555 54.284824694824245
1.0075430766877855 2256.9020641425673 0.0 1.108998702935976 2763.630852127608 0.025 t_swap_r_k 100 1492.9797909259796 59.99239108269998 48.91286158945352 52.37624321350509 59.51533512695317 46.615548652017715 67.0990264770084 54.284824694824245
1.0075430766877855 2256.9020641425673 0.0 1.108998702935976 2763.630852127608 0.025 t_swap_r_k 100 1498.0830078125 59.99239108269998 48.91286158945352 52.37624321350509 59.51533512695317 46.615548652017715 67.4680362122383 54.284824694824245
1.0075430766877855 2256.9020641425673 0.0 1.108998702935976 2763.630852127608 0.025 t_swap_r_k 100 1503.0027990341187 59.99239108269998 48.91286158945352 52.37624321350509 59.51533512695317 46.615548652017715 67.83335585011592 54.284824694824245
1.0075430766877855 2256.9020641425673 0.0 1.106793770622648 2753.8261350152793 0.025 t_multiswap_k 100 1504.091093301773 59.99239108269998 48.91286158945352 52.37624321350509 59.51533512695317 46.615548652017715 67.83335585011592 54.801976447876
1.0075430766877855 2256.9020641425673 0.0 1.1033960812249255 2738.7175608523175 0.025 t_multiswap_k 100 1505.6708190441132 59.99239108269998 48.91286158945352 52.37624321350509 59.51533512695317 46.615548652017715 67.83335585011592 55.28395668339724
1.0075430766877855 2256.9020641425673 0.0 1.1011388124110648 2728.6801179645668 0.025 t_move_k 100 1507.5554320812225 60.42246717187298 48.91286158945352 52.37624321350509 59.51533512695317 46.615548652017715 67.83335585011592 55.28395668339724
1.0075430766877855 2256.9020641425673 0.0 1.1011388124110648 2728.6801179645668 0.025 t_multiswap_k 100 1508.062052488327 60.42246717187298 48.91286158945352 52.37624321350509 59.51533512695317 46.615548652017715 67.83335585011592 55.73111711656327
1.0075430766877855 2256.9020641425673 0.0 1.1011388124110648 2728.6801179645668 0.025 t_multiswap_k 100 1509.308259487152 60.42246717187298 48.91286158945352 52.37624321350509 59.51533512695317 46.615548652017715 67.83335585011592 56.17380594539764
1.0075430766877855 2256.9020641425673 0.0 1.1011388124110648 2728.6801179645668 0.025 t_swap_r_k 100 1514.041665315628 60.42246717187298 48.91286158945352 52.37624321350509 59.51533512695317 46.615548652017715 68.19502229161476 56.17380594539764
1.0075430766877855 2256.9020641425673 0.0 1.100085300403744 2732.0129071862007 0.025 move_t 100 1515.4010663032532 60.42246717187298 49.453732973558985 52.37624321350509 59.51533512695317 46.615548652017715 68.19502229161476 56.17380594539764
1.0075430766877855 2256.9020641425673 0.0 1.100085300403744 2732.0129071862007 0.025 t_swap_r_k 100 1519.8877339363098 60.42246717187298 49.453732973558985 52.37624321350509 59.51533512695317 46.615548652017715 68.55307206869861 56.17380594539764
1.0075430766877855 2256.9020641425673 0.0 1.100085300403744 2732.0129071862007 0.025 t_move_k 100 1521.819771528244 60.81824250015425 49.453732973558985 52.37624321350509 59.51533512695317 46.615548652017715 68.55307206869861 56.17380594539764
1.0075430766877855 2256.9020641425673 0.0 1.100085300403744 2732.0129071862007 0.025 t_swap_r_k 100 1526.4730541706085 60.81824250015425 49.453732973558985 52.37624321350509 59.51533512695317 46.615548652017715 68.90754134801162 56.17380594539764
1.0075430766877855 2256.9020641425673 0.0 1.100085300403744 2732.0129071862007 0.025 t_swap_r_k 100 1530.8108134269714 60.81824250015425 49.453732973558985 52.37624321350509 59.51533512695317 46.615548652017715 69.2584659345315 56.17380594539764
1.0075430766877855 2256.9020641425673 0.0 1.095203284404766 2702.2864855331827 0.025 t_multiswap_k 100 1531.9891896247864 60.81824250015425 49.453732973558985 52.37624321350509 59.51533512695317 46.615548652017715 69.2584659345315 56.64206788594366
1.0075430766877855 2256.9020641425673 0.0 1.1174236431304154 2801.0942040842433 0.025 t_swap_k 100 1534.8476693630219 60.81824250015425 49.453732973558985 52.91248078137004 59.51533512695317 46.615548652017715 69.2584659345315 56.64206788594366
1.0075430766877855 2256.9020641425673 0.0 1.115973030099215 2739.059730967908 0.0 f_swap_t 100 1536.4581036567688 60.81824250015425 49.453732973558985 52.91248078137004 59.92018177568364 46.615548652017715 69.2584659345315 56.64206788594366
1.0075430766877855 2256.9020641425673 0.0 1.1191080147299761 2753.000130530431 0.0 t_multiswap_k 100 1537.7632925510406 60.81824250015425 49.453732973558985 52.91248078137004 59.92018177568364 46.615548652017715 69.2584659345315 57.08564720708422
1.0075430766877855 2256.9020641425673 0.0 1.118159961408126 2748.784402649825 0.0 move_t 100 1539.1884243488312 60.81824250015425 49.95919564382339 52.91248078137004 59.92018177568364 46.615548652017715 69.2584659345315 57.08564720708422
1.0075430766877855 2256.9020641425673 0.0 1.1326756380197154 2813.331555417461 0.0 t_multiswap_k 100 1540.701426744461 60.81824250015425 49.95919564382339 52.91248078137004 59.92018177568364 46.615548652017715 69.2584659345315 57.55479073501338
1.0075430766877855 2256.9020641425673 0.0 1.1350605512427858 2823.9365972812466 0.0 t_move_k 100 1542.742669582367 61.22006007515271 49.95919564382339 52.91248078137004 59.92018177568364 46.615548652017715 69.2584659345315 57.55479073501338
1.0075430766877855 2256.9020641425673 0.0 1.1232601979372978 2771.4637275761397 0.0 t_swap_k 100 1545.6667325496674 61.22006007515271 49.95919564382339 53.44335597355634 59.92018177568364 46.615548652017715 69.2584659345315 57.55479073501338
1.0075430766877855 2256.9020641425673 0.0 1.1179401519860797 2747.806971647177 0.0 move_t 100 1547.2134952545166 61.22006007515271 50.45960368738516 53.44335597355634 59.92018177568364 46.615548652017715 69.2584659345315 57.55479073501338
1.0075430766877855 2256.9020641425673 0.0 1.115618195628644 2737.481881351109 0.0 t_swap_r_k 100 1551.7591443061829 61.22006007515271 50.45960368738516 53.44335597355634 59.92018177568364 46.615548652017715 69.60588127518619 57.55479073501338
1.0075430766877855 2256.9020641425673 0.0 1.1158839913302447 2812.775804222344 0.03333333333333333 t_swap_k 100 1554.6364946365356 61.22006007515271 50.45960368738516 53.94892241382078 59.92018177568364 46.615548652017715 69.60588127518619 57.55479073501338
1.0075430766877855 2256.9020641425673 0.0 1.1138006612618532 2803.5118182719734 0.03333333333333333 t_swap_k 100 1557.758010149002 61.22006007515271 50.45960368738516 54.409433189682574 59.92018177568364 46.615548652017715 69.60588127518619 57.55479073501338
1.0075430766877855 2256.9020641425673 0.0 1.1475228115575458 2879.352782271522 0.0 t_move_k 100 1559.5420031547546 61.61785947440118 50.45960368738516 54.409433189682574 59.92018177568364 46.615548652017715 69.60588127518619 57.55479073501338
1.0075430766877855 2256.9020641425673 0.0 1.1461105889989316 2873.0730236579975 0.0 t_swap_r_k 100 1564.4226036071777 61.61785947440118 50.45960368738516 54.409433189682574 59.92018177568364 46.615548652017715 69.94982246243433 57.55479073501338
1.0075430766877855 2256.9020641425673 0.0 1.1461105889989316 2873.0730236579975 0.0 t_swap_r_k 100 1569.4585418701172 61.61785947440118 50.45960368738516 54.409433189682574 59.92018177568364 46.615548652017715 70.29032423780998 57.55479073501338
1.0075430766877855 2256.9020641425673 0.0 1.1434542321830357 2861.260948080061 0.0 t_move_k 100 1571.4892086982727 62.09168087965717 50.45960368738516 54.409433189682574 59.92018177568364 46.615548652017715 70.29032423780998 57.55479073501338
1.0075430766877855 2256.9020641425673 0.0 1.1464528017119604 2874.594747850258 0.0 t_swap_k 100 1573.8525826931 62.09168087965717 50.45960368738516 54.935338857785744 59.92018177568364 46.615548652017715 70.29032423780998 57.55479073501338
1.0075430766877855 2256.9020641425673 0.0 1.1273640575206154 2789.7124429856462 0.0 t_move_k 100 1575.3502035140991 62.5607640708606 50.45960368738516 54.935338857785744 59.92018177568364 46.615548652017715 70.29032423780998 57.55479073501338
1.0075430766877855 2256.9020641425673 0.0 1.1238328104767419 2774.009975336348 0.0 t_multiswap_k 100 1576.0555460453033 62.5607640708606 50.45960368738516 54.935338857785744 59.92018177568364 46.615548652017715 70.29032423780998 57.97924282766324
1.0075430766877855 2256.9020641425673 0.0 1.1249467984457724 2778.96356816859 0.0 t_multiswap_k 100 1576.9985702037811 62.5607640708606 50.45960368738516 54.935338857785744 59.92018177568364 46.615548652017715 70.29032423780998 58.40945039938661
1.0075430766877855 2256.9020641425673 0.0 1.1232462351134958 2771.4016388051423 0.0 move_t 100 1579.1465430259705 62.5607640708606 50.95500765051131 54.935338857785744 59.92018177568364 46.615548652017715 70.29032423780998 58.40945039938661
1.0075430766877855 2256.9020641425673 0.0 1.1230991862063802 2770.7477534558134 0.0 t_swap_r_k 100 1583.7092413902283 62.5607640708606 50.95500765051131 54.935338857785744 59.92018177568364 46.615548652017715 70.62742099543189 58.40945039938661
1.0075430766877855 2256.9020641425673 0.0 1.122195201761962 2788.4141405941737 0.0 move_t 100 1585.4369006156921 62.5607640708606 51.4754575740062 54.935338857785744 59.92018177568364 46.615548652017715 70.62742099543189 58.40945039938661
1.0075430766877855 2256.9020641425673 0.0 1.120148231897446 2821.150259889552 0.02857142857142857 f_swap_t 100 1587.1743280887604 62.5607640708606 51.4754575740062 54.935338857785744 60.3209799579268 46.615548652017715 70.62742099543189 58.40945039938661
1.0075430766877855 2256.9020641425673 0.0 1.1177672795164937 2821.150259889552 0.03333333333333333 t_swap_r_k 100 1592.163387298584 62.5607640708606 51.4754575740062 54.935338857785744 60.3209799579268 46.615548652017715 70.99114678547757 58.40945039938661
1.0075430766877855 2256.9020641425673 0.0 1.1177672795164937 2821.150259889552 0.03333333333333333 t_multiswap_k 100 1592.880514383316 62.5607640708606 51.4754575740062 54.935338857785744 60.3209799579268 46.615548652017715 70.99114678547757 58.82535589539274
1.0075430766877855 2256.9020641425673 0.0 1.1177672795164937 2821.150259889552 0.03333333333333333 move_t 100 1594.5901577472687 62.5607640708606 51.960702998266136 54.935338857785744 60.3209799579268 46.615548652017715 70.99114678547757 58.82535589539274
1.0075430766877855 2256.9020641425673 0.0 1.1177672795164937 2821.150259889552 0.03333333333333333 t_multiswap_k 100 1595.4949746131897 62.5607640708606 51.960702998266136 54.935338857785744 60.3209799579268 46.615548652017715 70.99114678547757 59.23710233643881
1.0075430766877855 2256.9020641425673 0.0 1.1154675915261454 2810.924190791788 0.03333333333333333 t_multiswap_k 100 1596.4447920322418 62.5607640708606 51.960702998266136 54.935338857785744 60.3209799579268 46.615548652017715 70.99114678547757 59.70473131307442
1.0075430766877855 2256.9020641425673 0.0 1.1154675915261454 2810.924190791788 0.03333333333333333 move_t 100 1598.5178487300873 62.5607640708606 52.44109596828348 54.935338857785744 60.3209799579268 46.615548652017715 70.99114678547757 59.70473131307442
1.0075430766877855 2256.9020641425673 0.0 1.1326228045974047 2813.096619969919 0.0 t_swap_k 100 1601.3822131156921 62.5607640708606 52.44109596828348 55.42598546920789 60.3209799579268 46.615548652017715 70.99114678547757 59.70473131307442
1.0075430766877855 2256.9020641425673 0.0 1.1305893855425644 2804.0545743329553 0.0 t_swap_k 100 1604.0597515106201 62.5607640708606 52.44109596828348 55.87172561451581 60.3209799579268 46.615548652017715 70.99114678547757 59.70473131307442
1.0075430766877855 2256.9020641425673 0.0 1.1305893855425644 2804.0545743329553 0.0 t_multiswap_k 100 1605.1004106998444 62.5607640708606 52.44109596828348 55.87172561451581 60.3209799579268 46.615548652017715 70.99114678547757 60.107683999943674
1.0075430766877855 2256.9020641425673 0.0 1.1328805094720498 2814.242561448072 0.0 t_move_k 100 1607.2354056835175 63.03515643015199 52.44109596828348 55.87172561451581 60.3209799579268 46.615548652017715 70.99114678547757 60.107683999943674
1.0075430766877855 2256.9020641425673 0.0 1.1271542107409078 2788.779313066179 0.0 t_move_k 100 1609.1563546657562 63.464804865850475 52.44109596828348 55.87172561451581 60.3209799579268 46.615548652017715 70.99114678547757 60.107683999943674
1.0075430766877855 2256.9020641425673 0.0 1.1229828265807096 2770.2303347549764 0.0 f_swap_t 100 1610.5388271808624 63.464804865850475 52.44109596828348 55.87172561451581 60.717770158347534 46.615548652017715 70.99114678547757 60.107683999943674
1.0075430766877855 2256.9020641425673 0.0 1.1217120118289121 2764.5793770959895 0.0 f_swap_t 100 1612.1978211402893 63.464804865850475 52.44109596828348 55.87172561451581 61.14059245676406 46.615548652017715 70.99114678547757 60.107683999943674
1.0075430766877855 2256.9020641425673 0.0 1.1214209004839266 2763.2848863905288 0.0 t_move_k 100 1613.9619624614716 63.83015681719197 52.44109596828348 55.87172561451581 61.14059245676406 46.615548652017715 70.99114678547757 60.107683999943674
1.0075430766877855 2256.9020641425673 0.0 1.1149703775448383 2734.6012155757603 0.0 t_multiswap_k 100 1615.3141827583313 63.83015681719197 52.44109596828348 55.87172561451581 61.14059245676406 46.615548652017715 70.99114678547757 60.596607159944234
1.0075430766877855 2256.9020641425673 0.0 1.1171691314260488 2744.378458929034 0.0 t_swap_k 100 1618.530950307846 63.83015681719197 52.44109596828348 56.38300835837065 61.14059245676406 46.615548652017715 70.99114678547757 60.596607159944234
1.0075430766877855 2256.9020641425673 0.0 1.1111174297825848 2717.468234835659 0.0 f_swap_t 100 1620.5079805850983 63.83015681719197 52.44109596828348 56.38300835837065 61.52918653219642 46.615548652017715 70.99114678547757 60.596607159944234
1.0075430766877855 2256.9020641425673 0.0 1.1111174297825848 2717.468234835659 0.0 t_multiswap_k 100 1621.5153234004974 63.83015681719197 52.44109596828348 56.38300835837065 61.52918653219642 46.615548652017715 70.99114678547757 60.990641088344795
1.0075430766877855 2256.9020641425673 0.0 1.1111174297825848 2717.468234835659 0.0 swap_t 100 1623.1036422252655 63.83015681719197 52.44109596828348 56.38300835837065 61.52918653219642 47.149393165497536 70.99114678547757 60.990641088344795
1.0075430766877855 2256.9020641425673 0.0 1.1111174297825848 2717.468234835659 0.0 f_swap_t 100 1625.2478470802307 63.83015681719197 52.44109596828348 56.38300835837065 61.913894666874455 47.149393165497536 70.99114678547757 60.990641088344795
1.0075430766877855 2256.9020641425673 0.0 1.1111174297825848 2717.468234835659 0.0 swap_t 100 1627.0861055850983 63.83015681719197 52.44109596828348 56.38300835837065 61.913894666874455 47.67789923384256 70.99114678547757 60.990641088344795
1.0075430766877855 2256.9020641425673 0.0 1.149939877744791 2901.3980244828836 0.0 move_t 100 1629.338138103485 63.83015681719197 52.956685008600644 56.38300835837065 61.913894666874455 47.67789923384256 70.99114678547757 60.990641088344795
1.0075430766877855 2256.9020641425673 0.0 1.1397731489377088 2844.892200763329 0.0 t_swap_r_k 100 1634.8366372585297 63.83015681719197 52.956685008600644 56.38300835837065 61.913894666874455 47.67789923384256 71.3212353176228 60.990641088344795
1.0075430766877855 2256.9020641425673 0.0 1.1701549603518617 2944.1984477758224 0.0 swap_t 100 1637.2265875339508 63.83015681719197 52.956685008600644 56.38300835837065 61.913894666874455 48.271120241504136 71.3212353176228 60.990641088344795
1.0075430766877855 2256.9020641425673 0.0 1.1866225483456843 3077.3580068658457 0.0 swap_t 100 1640.1210017204285 63.83015681719197 52.956685008600644 56.38300835837065 61.913894666874455 48.898409039089096 71.3212353176228 60.990641088344795
1.0075430766877855 2256.9020641425673 0.0 1.1686980636809365 2973.5132041570882 0.0 t_move_k 100 1642.4182968139648 64.29185524902005 52.956685008600644 56.38300835837065 61.913894666874455 48.898409039089096 71.3212353176228 60.990641088344795
1.0075430766877855 2256.9020641425673 0.0 1.1630445648382748 2948.373676511674 0.0 t_move_k 100 1644.4392354488373 64.77893669652984 52.956685008600644 56.38300835837065 61.913894666874455 48.898409039089096 71.3212353176228 60.990641088344795
1.0075430766877855 2256.9020641425673 0.0 1.1583124521109607 2927.3312951403673 0.0 move_t 100 1646.3772053718567 64.77893669652984 53.42711815851464 56.38300835837065 61.913894666874455 48.898409039089096 71.3212353176228 60.990641088344795
1.0075430766877855 2256.9020641425673 0.0 1.1421118980506755 2855.29196374505 0.0 t_multiswap_k 100 1648.0753931999207 64.77893669652984 53.42711815851464 56.38300835837065 61.913894666874455 48.898409039089096 71.3212353176228 61.470734677461344
1.0075430766877855 2256.9020641425673 0.0 1.1368381536534342 2831.841097872603 0.0 t_move_k 100 1649.8887584209442 65.19114732956454 53.42711815851464 56.38300835837065 61.913894666874455 48.898409039089096 71.3212353176228 61.470734677461344
1.0075430766877855 2256.9020641425673 0.0 1.144815956729178 2867.3161561602074 0.0 t_move_k 100 1652.0367109775543 65.6492358562689 53.42711815851464 56.38300835837065 61.913894666874455 48.898409039089096 71.3212353176228 61.470734677461344
1.0075430766877855 2256.9020641425673 0.0 1.1435187749317224 2861.5479516260198 0.0 t_multiswap_k 100 1653.971549987793 65.6492358562689 53.42711815851464 56.38300835837065 61.913894666874455 48.898409039089096 71.3212353176228 61.89602733068673
1.0075430766877855 2256.9020641425673 0.0 1.1545823330157035 2910.744499118003 0.0 t_swap_k 100 1656.5821113586426 65.6492358562689 53.42711815851464 56.93917827478695 61.913894666874455 48.898409039089096 71.3212353176228 61.89602733068673
1.0075430766877855 2256.9020641425673 0.0 1.1786177090507581 3017.6230918474375 0.0 move_t 100 1659.1119549274445 65.6492358562689 54.03284697692949 56.93917827478695 61.913894666874455 48.898409039089096 71.3212353176228 61.89602733068673
1.0075430766877855 2256.9020641425673 0.0 1.1505599996917169 2892.8583081747283 0.0 t_move_k 100 1661.9168727397919 66.21274349770621 54.03284697692949 56.93917827478695 61.913894666874455 48.898409039089096 71.3212353176228 61.89602733068673
1.0075430766877855 2256.9020641425673 0.0 1.148073528082286 2881.801664580301 0.0 t_swap_r_k 100 1666.2806227207184 66.21274349770621 54.03284697692949 56.93917827478695 61.913894666874455 48.898409039089096 71.64802296444657 61.89602733068673
1.0075430766877855 2256.9020641425673 0.0 1.1470123858149488 2877.0830617985794 0.0 swap_t 100 1668.4545493125916 66.21274349770621 54.03284697692949 56.93917827478695 61.913894666874455 49.4094249486982 71.64802296444657 61.89602733068673
1.0075430766877855 2256.9020641425673 0.0 1.1470123858149488 2877.0830617985794 0.0 t_swap_r_k 100 1673.1133732795715 66.21274349770621 54.03284697692949 56.93917827478695 61.913894666874455 49.4094249486982 71.9715427348021 61.89602733068673
1.0075430766877855 2256.9020641425673 0.0 1.1751538089933171 3002.2200974047983 0.0 f_swap_t 100 1677.04407954216 66.21274349770621 54.03284697692949 56.93917827478695 62.36475572020571 49.4094249486982 71.9715427348021 61.89602733068673
1.0075430766877855 2256.9020641425673 0.0 1.15157894589776 2897.3892768772807 0.0 t_multiswap_k 100 1678.4005167484283 66.21274349770621 54.03284697692949 56.93917827478695 62.36475572020571 49.4094249486982 71.9715427348021 62.42706705737986
1.0075430766877855 2256.9020641425673 0.0 1.1633526849200915 2946.0032580215575 0.0 move_t 100 1680.1449918746948 66.21274349770621 54.5025185071602 56.93917827478695 62.36475572020571 49.4094249486982 71.9715427348021 62.42706705737986
1.0075430766877855 2256.9020641425673 0.0 1.1571940783613104 2920.969714759046 0.0 move_t 100 1682.4439189434052 66.21274349770621 55.0174933220886 56.93917827478695 62.36475572020571 49.4094249486982 71.9715427348021 62.42706705737986
1.0075430766877855 2256.9020641425673 0.0 1.1555925413893777 2915.236613124637 0.0 t_swap_r_k 100 1687.2570505142212 66.21274349770621 55.0174933220886 56.93917827478695 62.36475572020571 49.4094249486982 72.29182730745408 62.42706705737986
1.0075430766877855 2256.9020641425673 0.0 1.1545140836994294 2910.441013502989 0.0 t_swap_r_k 100 1691.863843679428 66.21274349770621 55.0174933220886 56.93917827478695 62.36475572020571 49.4094249486982 72.60890903437955 62.42706705737986
1.0075430766877855 2256.9020641425673 0.0 1.151064270806647 2895.1006607403483 0.0 t_move_k 100 1694.625937461853 66.80061606272915 55.0174933220886 56.93917827478695 62.36475572020571 49.4094249486982 72.60890903437955 62.42706705737986
1.0075430766877855 2256.9020641425673 0.0 1.142068054045263 2855.097001719438 0.0 swap_t 100 1697.0351045131683 66.80061606272915 55.0174933220886 56.93917827478695 62.36475572020571 49.91533069921122 72.60890903437955 62.42706705737986
1.0075430766877855 2256.9020641425673 0.0 1.1471487758077226 2877.6895499379275 0.0 swap_t 100 1699.2241957187653 66.80061606272915 55.0174933220886 56.93917827478695 62.36475572020571 50.4261773922191 72.60890903437955 62.42706705737986
1.0075430766877855 2256.9020641425673 0.0 1.1566637563585211 2920.000006393201 0.0 t_multiswap_k 100 1700.9422988891602 66.80061606272915 55.0174933220886 56.93917827478695 62.36475572020571 50.4261773922191 72.60890903437955 62.84279638680606
1.0075430766877855 2256.9020641425673 0.0 1.1408690746976717 2849.7654760052033 0.0 t_swap_k 100 1704.3855390548706 66.80061606272915 55.0174933220886 57.48978649203908 62.36475572020571 50.4261773922191 72.60890903437955 62.84279638680606
1.0075430766877855 2256.9020641425673 0.0 1.1336059861365475 2817.4685532048256 0.0 t_move_k 100 1706.571273803711 67.20260990210186 55.0174933220886 57.48978649203908 62.36475572020571 50.4261773922191 72.60890903437955 62.84279638680606
1.0075430766877855 2256.9020641425673 0.0 1.1491811484945682 2886.7269426691673 0.0 f_swap_t 100 1709.7717096805573 67.20260990210186 55.0174933220886 57.48978649203908 62.79110816300365 50.4261773922191 72.60890903437955 62.84279638680606
1.0075430766877855 2256.9020641425673 0.0 1.1437328346781241 2862.4998154296927 0.0 f_swap_t 100 1712.6046996116638 67.20260990210186 55.0174933220886 57.48978649203908 63.16319708137361 50.4261773922191 72.60890903437955 62.84279638680606
1.0075430766877855 2256.9020641425673 0.0 1.1411181183269317 2850.872903348329 0.0 f_swap_t 100 1714.9916048049927 67.20260990210186 55.0174933220886 57.48978649203908 63.561565110559876 50.4261773922191 72.60890903437955 62.84279638680606
1.0075430766877855 2256.9020641425673 0.0 1.1347600193657899 2822.6002161055653 0.0 t_multiswap_k 100 1716.8582451343536 67.20260990210186 55.0174933220886 57.48978649203908 63.561565110559876 50.4261773922191 72.60890903437955 63.374368422938
1.0075430766877855 2256.9020641425673 0.0 1.1397304005689146 2827.4091751916676 0.0 swap_t 100 1719.5332329273224 67.20260990210186 55.0174933220886 57.48978649203908 63.561565110559876 50.93191561829691 72.60890903437955 63.374368422938
1.0075430766877855 2256.9020641425673 0.0 1.1308767508255964 2805.3324073489625 0.0 t_swap_r_k 100 1724.300802230835 67.20260990210186 55.0174933220886 57.48978649203908 63.561565110559876 50.93191561829691 72.92281994403575 63.374368422938
1.0075430766877855 2256.9020641425673 0.0 1.1241958681483397 2775.624391227466 0.0 move_t 100 1726.5345408916473 67.20260990210186 55.52731838886771 57.48978649203908 63.561565110559876 50.93191561829691 72.92281994403575 63.374368422938
1.0075430766877855 2256.9020641425673 0.0 1.1227149217327659 2769.0390368492613 0.0 t_swap_k 100 1729.2826311588287 67.20260990210186 55.52731838886771 57.94488862711869 63.561565110559876 50.93191561829691 72.92281994403575 63.374368422938
1.0075430766877855 2256.9020641425673 0.0 1.1191235855772173 2753.069369731778 0.0 f_swap_t 100 1731.7106120586395 67.20260990210186 55.52731838886771 57.94488862711869 63.955949459454274 50.93191561829691 72.92281994403575 63.374368422938
1.0075430766877855 2256.9020641425673 0.0 1.1422175267885915 2855.7616651902763 0.0 f_swap_t 100 1734.0261125564575 67.20260990210186 55.52731838886771 57.94488862711869 64.32638996485973 50.93191561829691 72.92281994403575 63.374368422938
1.0075430766877855 2256.9020641425673 0.0 1.1508668914051805 2894.2229697638586 0.0 t_swap_k 100 1736.513662815094 67.20260990210186 55.52731838886771 58.4354397408475 64.32638996485973 50.93191561829691 72.92281994403575 63.374368422938
1.0075430766877855 2256.9020641425673 0.0 1.1454320520111956 2870.0557595112527 0.0 f_swap_t 100 1740.4449353218079 67.20260990210186 55.52731838886771 58.4354397408475 64.71312606521113 50.93191561829691 72.92281994403575 63.374368422938
1.0075430766877855 2256.9020641425673 0.0 1.1435166275873598 2861.5384029864126 0.0 t_multiswap_k 100 1742.7079141139984 67.20260990210186 55.52731838886771 58.4354397408475 64.71312606521113 50.93191561829691 72.92281994403575 63.77062473870862
1.0075430766877855 2256.9020641425673 0.0 1.1356987136479235 2826.774326954977 0.0 t_move_k 100 1744.5341310501099 67.68058380308084 55.52731838886771 58.4354397408475 64.71312606521113 50.93191561829691 72.92281994403575 63.77062473870862
1.0075430766877855 2256.9020641425673 0.0 1.1319755913132161 2810.2186435692593 0.0 t_swap_k 100 1747.8610355854034 67.68058380308084 55.52731838886771 58.881085343439025 64.71312606521113 50.93191561829691 72.92281994403575 63.77062473870862
1.0075430766877855 2256.9020641425673 0.0 1.1661605688730405 2962.2296746741026 0.0 f_swap_t 100 1749.9797859191895 67.68058380308084 55.52731838886771 58.881085343439025 65.11599480455902 50.93191561829691 72.92281994403575 63.77062473870862
1.0075430766877855 2256.9020641425673 0.0 1.15266448560508 2902.21636824881 0.0 t_swap_r_k 100 1754.542757511139 67.68058380308084 55.52731838886771 58.881085343439025 65.11599480455902 50.93191561829691 73.2335917445954 63.77062473870862
1.0075430766877855 2256.9020641425673 0.0 1.1406273816794763 2848.690734772964 0.0 t_swap_k 100 1757.5141687393188 67.68058380308084 55.52731838886771 59.47227449000464 65.11599480455902 50.93191561829691 73.2335917445954 63.77062473870862
1.0075430766877855 2256.9020641425673 0.0 1.1378985053472765 2836.5561851951747 0.0 t_swap_r_k 100 1762.3958024978638 67.68058380308084 55.52731838886771 59.47227449000464 65.11599480455902 50.93191561829691 73.54125582714944 63.77062473870862
1.0075430766877855 2256.9020641425673 0.0 1.1378985053472765 2836.5561851951747 0.0 t_swap_r_k 100 1767.1698813438416 67.68058380308084 55.52731838886771 59.47227449000464 65.11599480455902 50.93191561829691 73.84584326887794 63.77062473870862
1.0075430766877855 2256.9020641425673 0.0 1.1378985053472765 2836.5561851951747 0.0 swap_t 100 1768.666413784027 67.68058380308084 55.52731838886771 59.47227449000464 65.11599480455902 51.422596462113944 73.84584326887794 63.77062473870862
1.0075430766877855 2256.9020641425673 0.0 1.1360943655751936 2836.209895768103 0.0 move_t 100 1769.9237723350525 67.68058380308084 56.032045204979035 59.47227449000464 65.11599480455902 51.422596462113944 73.84584326887794 63.77062473870862
1.0075430766877855 2256.9020641425673 0.0 1.1434511876502622 2861.247409894602 0.0 t_move_k 100 1772.8428049087524 68.21377796505003 56.032045204979035 59.47227449000464 65.11599480455902 51.422596462113944 73.84584326887794 63.77062473870862
1.0075430766877855 2256.9020641425673 0.0 1.1365742646121926 2830.6676571357702 0.0 t_multiswap_k 100 1775.4562730789185 68.21377796505003 56.032045204979035 59.47227449000464 65.11599480455902 51.422596462113944 73.84584326887794 64.16291849132153
1.0075430766877855 2256.9020641425673 0.0 1.156199222133908 2917.93435266143 0.0 t_swap_k 100 1778.6433379650116 68.21377796505003 56.032045204979035 59.97755174510459 65.11599480455902 51.422596462113944 73.84584326887794 64.16291849132153
1.0075430766877855 2256.9020641425673 0.0 1.1446808851730161 2866.715530739606 0.0 t_swap_k 100 1781.9793198108673 68.21377796505003 56.032045204979035 60.507776227653544 65.11599480455902 51.422596462113944 73.84584326887794 64.16291849132153
1.0075430766877855 2256.9020641425673 0.0 1.1276373011477008 2790.9274809485464 0.0 t_swap_k 100 1785.2454652786255 68.21377796505003 56.032045204979035 61.052698465377006 65.11599480455902 51.422596462113944 73.84584326887794 64.16291849132153
1.0075430766877855 2256.9020641425673 0.0 1.117477429374742 2745.749373652799 0.0 t_multiswap_k 100 1787.0689017772675 68.21377796505003 56.032045204979035 61.052698465377006 65.11599480455902 51.422596462113944 73.84584326887794 64.58128930640832
1.0075430766877855 2256.9020641425673 0.0 1.1165162631171754 2741.475336215735 0.0 t_swap_k 100 1789.7967364788055 68.21377796505003 56.032045204979035 61.572171480723235 65.11599480455902 51.422596462113944 73.84584326887794 64.58128930640832
1.0075430766877855 2256.9020641425673 0.0 1.109080113335884 2708.408858587485 0.0 t_swap_r_k 100 1794.6470124721527 68.21377796505003 56.032045204979035 61.572171480723235 65.11599480455902 51.422596462113944 74.14738483618916 64.58128930640832
1.0075430766877855 2256.9020641425673 0.0 1.148163833120141 2882.203225818545 0.0 t_swap_k 100 1797.7427396774292 68.21377796505003 56.032045204979035 61.996449765916005 65.11599480455902 51.422596462113944 74.14738483618916 64.58128930640832
1.0075430766877855 2256.9020641425673 0.0 1.1340392091095126 2819.394974560624 0.0 t_move_k 100 1799.9913074970245 68.65164018539953 56.032045204979035 61.996449765916005 65.11599480455902 51.422596462113944 74.14738483618916 64.58128930640832
1.0075430766877855 2256.9020641425673 0.0 1.1319677511743307 2810.18378066511 0.0 f_swap_t 100 1803.3476421833038 68.65164018539953 56.032045204979035 61.996449765916005 65.50483485651343 51.422596462113944 74.14738483618916 64.58128930640832
1.0075430766877855 2256.9020641425673 0.0 1.1296893052803378 2800.0521692268317 0.0 swap_t 100 1805.149041891098 68.65164018539953 56.032045204979035 61.996449765916005 65.50483485651343 51.908370497492804 74.14738483618916 64.58128930640832
1.0075430766877855 2256.9020641425673 0.0 1.1349443545670526 2823.4199031731914 0.0 t_swap_k 100 1808.7690176963806 68.65164018539953 56.032045204979035 62.60648526825685 65.50483485651343 51.908370497492804 74.14738483618916 64.58128930640832
1.0075430766877855 2256.9020641425673 0.0 1.1338151467334447 2818.3986318613124 0.0 t_swap_r_k 100 1813.2690637111664 68.65164018539953 56.032045204979035 62.60648526825685 65.50483485651343 51.908370497492804 74.44591098782728 64.58128930640832
1.0075430766877855 2256.9020641425673 0.0 1.1338151467334447 2818.3986318613124 0.0 swap_t 100 1815.0173122882843 68.65164018539953 56.032045204979035 62.60648526825685 65.50483485651343 52.38928679251788 74.44591098782728 64.58128930640832
1.0075430766877855 2256.9020641425673 0.0 1.1262271091941887 2784.6567518677975 0.0 f_swap_t 100 1817.6918132305145 68.65164018539953 56.032045204979035 62.60648526825685 65.8797865079483 52.38928679251788 74.44591098782728 64.58128930640832
1.0075430766877855 2256.9020641425673 0.0 1.1108108383418154 2716.1049084751917 0.0 t_move_k 100 1819.8037745952606 69.12512378354553 56.032045204979035 62.60648526825685 65.8797865079483 52.38928679251788 74.44591098782728 64.58128930640832
1.0075430766877855 2256.9020641425673 0.0 1.1103837055775378 2714.2055685735386 0.0 t_swap_r_k 100 1823.9088611602783 69.12512378354553 56.032045204979035 62.60648526825685 65.8797865079483 52.38928679251788 74.741451877949 64.58128930640832
1.0075430766877855 2256.9020641425673 0.0 1.1060361873290256 2694.873371249527 0.0 f_swap_t 100 1825.986716747284 69.12512378354553 56.032045204979035 62.60648526825685 66.2809886428688 52.38928679251788 74.741451877949 64.58128930640832
1.0075430766877855 2256.9020641425673 0.0 1.0995743597355745 2666.1394317995664 0.0 t_move_k 100 1827.6209516525269 69.53387254571008 56.032045204979035 62.60648526825685 66.2809886428688 52.38928679251788 74.741451877949 64.58128930640832
1.0075430766877855 2256.9020641425673 0.0 1.0938742168774698 2640.7924912673097 0.0 move_t 100 1829.0032453536987 69.53387254571008 56.47172475292925 62.60648526825685 66.2809886428688 52.38928679251788 74.741451877949 64.58128930640832
1.0075430766877855 2256.9020641425673 0.0 1.0937950839643316 2640.440609341999 0.0 swap_t 100 1830.5762507915497 69.53387254571008 56.47172475292925 62.60648526825685 66.2809886428688 52.8653939245927 74.741451877949 64.58128930640832
1.0075430766877855 2256.9020641425673 0.0 1.1186655401886973 2751.0325700387 0.0 swap_t 100 1832.1564061641693 69.53387254571008 56.47172475292925 62.60648526825685 66.2809886428688 53.35673998534678 74.741451877949 64.58128930640832
1.0075430766877855 2256.9020641425673 0.0 1.1439419563300808 2869.892968107771 0.0 move_t 100 1833.5593049526215 69.53387254571008 56.98700750539996 62.60648526825685 66.2809886428688 53.35673998534678 74.741451877949 64.58128930640832
1.0075430766877855 2256.9020641425673 0.0 1.133932429191126 2818.9201541379152 0.0 f_swap_t 100 1835.504088640213 69.53387254571008 56.98700750539996 62.60648526825685 66.61817875644012 53.35673998534678 74.741451877949 64.58128930640832
1.0075430766877855 2256.9020641425673 0.0 1.1332159567455242 2815.7342016234365 0.0 t_swap_r_k 100 1839.4627826213837 69.53387254571008 56.98700750539996 62.60648526825685 66.61817875644012 53.35673998534678 75.03403735916952 64.58128930640832
1.0075430766877855 2256.9020641425673 0.0 1.1332159567455242 2815.7342016234365 0.0 swap_t 100 1840.9828000068665 69.53387254571008 56.98700750539996 62.60648526825685 66.61817875644012 53.82317258549331 75.03403735916952 64.58128930640832
1.0075430766877855 2256.9020641425673 0.0 1.1313188130489142 2807.298134378079 0.0 t_swap_k 100 1843.6828227043152 69.53387254571008 56.98700750539996 63.070420415574276 66.61817875644012 53.82317258549331 75.03403735916952 64.58128930640832
1.0075430766877855 2256.9020641425673 0.0 1.1377049722808605 2835.6955977945463 0.0 t_move_k 100 1845.3794043064117 69.87853382025298 56.98700750539996 63.070420415574276 66.61817875644012 53.82317258549331 75.03403735916952 64.58128930640832
1.0075430766877855 2256.9020641425673 0.0 1.135638426902689 2826.5062486656466 0.0 swap_t 100 1846.3112647533417 69.87853382025298 56.98700750539996 63.070420415574276 66.61817875644012 54.31494085963838 75.03403735916952 64.58128930640832
1.0075430766877855 2256.9020641425673 0.0 1.135331890103524 2825.143165281108 0.0 t_swap_r_k 100 1850.3435411453247 69.87853382025298 56.98700750539996 63.070420415574276 66.61817875644012 54.31494085963838 75.32369698557783 64.58128930640832
1.0075430766877855 2256.9020641425673 0.0 1.1330598640815919 2815.0401012177613 0.0 move_t 100 1852.072624206543 69.87853382025298 57.47713743034596 63.070420415574276 66.61817875644012 54.31494085963838 75.32369698557783 64.58128930640832
1.0075430766877855 2256.9020641425673 0.0 1.1386859384097285 2840.0576797197773 0.0 move_t 100 1852.9111323356628 69.87853382025298 57.9123660560425 63.070420415574276 66.61817875644012 54.31494085963838 75.32369698557783 64.58128930640832
1.0075430766877855 2256.9020641425673 0.0 1.1242827815344183 2776.010870739161 0.0 move_t 100 1853.9096674919128 69.87853382025298 58.42324239548208 63.070420415574276 66.61817875644012 54.31494085963838 75.32369698557783 64.58128930640832
1.0075430766877855 2256.9020641425673 0.0 1.120678025479882 2759.9815290854317 0.0 t_swap_k 100 1856.7257823944092 69.87853382025298 58.42324239548208 63.479716211418534 66.61817875644012 54.31494085963838 75.32369698557783 64.58128930640832
1.0075430766877855 2256.9020641425673 0.0 1.1045497013705332 2688.26338407379 0.0 t_move_k 100 1858.4001550674438 70.26974848205046 58.42324239548208 63.479716211418534 66.61817875644012 54.31494085963838 75.32369698557783 64.58128930640832
1.0075430766877855 2256.9020641425673 0.0 1.1022637211807995 2678.0982697302584 0.0 t_swap_r_k 100 1862.5981562137604 70.26974848205046 58.42324239548208 63.479716211418534 66.61817875644012 54.31494085963838 75.61046001572204 64.58128930640832
1.0075430766877855 2256.9020641425673 0.0 1.1022637211807995 2678.0982697302584 0.0 t_move_k 100 1864.278366804123 70.56705099722996 58.42324239548208 63.479716211418534 66.61817875644012 54.31494085963838 75.61046001572204 64.58128930640832
1.0075430766877855 2256.9020641425673 0.0 1.1002337275755503 2669.0714561092705 0.0 t_move_k 100 1865.976392507553 70.92138048725765 58.42324239548208 63.479716211418534 66.61817875644012 54.31494085963838 75.61046001572204 64.58128930640832
1.0075430766877855 2256.9020641425673 0.0 1.0957497146320871 2649.132305064621 0.0 swap_t 100 1867.5592980384827 70.92138048725765 58.42324239548208 63.479716211418534 66.61817875644012 54.77179145104199 75.61046001572204 64.58128930640832
1.0075430766877855 2256.9020641425673 0.0 1.0956705817189492 2648.78042313931 0.0 f_swap_t 100 1869.2913715839386 70.92138048725765 58.42324239548208 63.479716211418534 66.95199696887572 54.77179145104199 75.61046001572204 64.58128930640832
1.0075430766877855 2256.9020641425673 0.0 1.1021960113661518 2677.7971831280365 0.0 move_t 100 1870.7107226848602 70.92138048725765 58.909009971527254 63.479716211418534 66.95199696887572 54.77179145104199 75.61046001572204 64.58128930640832
1.0075430766877855 2256.9020641425673 0.0 1.0971000393007295 2655.136821078927 0.0 f_swap_t 100 1872.0491693019867 70.92138048725765 58.909009971527254 63.479716211418534 67.28247699918695 54.77179145104199 75.61046001572204 64.58128930640832
1.0075430766877855 2256.9020641425673 0.0 1.0971000393007295 2655.136821078927 0.0 move_t 100 1874.1035628318787 70.92138048725765 59.31991987181198 63.479716211418534 67.28247699918695 54.77179145104199 75.61046001572204 64.58128930640832
1.0075430766877855 2256.9020641425673 0.0 1.0959268636754187 2649.9200372984346 0.0 t_multiswap_k 100 1875.4947543144226 70.92138048725765 59.31991987181198 63.479716211418534 67.28247699918695 54.77179145104199 75.61046001572204 64.96547641334423
1.0075430766877855 2256.9020641425673 0.0 1.084128338684685 2660.9798722397113 0.02857142857142857 t_move_k 100 1877.3417377471924 71.24216668238508 59.31991987181198 63.479716211418534 67.28247699918695 54.77179145104199 75.61046001572204 64.96547641334423
1.0075430766877855 2256.9020641425673 0.0 1.1177297660731087 2810.3960189951135 0.02857142857142857 t_swap_k 100 1880.1010954380035 71.24216668238508 59.31991987181198 63.874919049304346 67.28247699918695 54.77179145104199 75.61046001572204 64.96547641334423
1.0075430766877855 2256.9020641425673 0.0 1.1041122719228986 2760.4302614512235 0.03333333333333333 t_move_k 100 1882.7135360240936 71.68974501556123 59.31991987181198 63.874919049304346 67.28247699918695 54.77179145104199 75.61046001572204 64.96547641334423
1.0075430766877855 2256.9020641425673 0.0 1.1055492801965963 2766.8202352053 0.03333333333333333 t_multiswap_k 100 1884.9673171043396 71.68974501556123 59.31991987181198 63.874919049304346 67.28247699918695 54.77179145104199 75.61046001572204 65.4158216492108
1.0075430766877855 2256.9020641425673 0.0 1.112565952099711 2791.4631483021635 0.02857142857142857 move_t 100 1887.3861553668976 71.68974501556123 59.766720673093864 63.874919049304346 67.28247699918695 54.77179145104199 75.61046001572204 65.4158216492108
1.0075430766877855 2256.9020641425673 0.0 1.1024575650734552 2753.0722430374344 0.03333333333333333 t_move_k 100 1890.0520362854004 72.06284756540562 59.766720673093864 63.874919049304346 67.28247699918695 54.77179145104199 75.61046001572204 65.4158216492108
1.0075430766877855 2256.9020641425673 0.0 1.1024575650734552 2753.0722430374344 0.03333333333333333 t_move_k 100 1892.2823870182037 72.34221908975157 59.766720673093864 63.874919049304346 67.28247699918695 54.77179145104199 75.61046001572204 65.4158216492108
1.0075430766877855 2256.9020641425673 0.0 1.1024575650734552 2753.0722430374344 0.03333333333333333 swap_t 100 1894.8419034481049 72.34221908975157 59.766720673093864 63.874919049304346 67.28247699918695 55.22407353653157 75.61046001572204 65.4158216492108
1.0075430766877855 2256.9020641425673 0.0 1.1008661371357036 2745.995608240079 0.03333333333333333 t_move_k 100 1897.1723096370697 72.67879689885405 59.766720673093864 63.874919049304346 67.28247699918695 55.22407353653157 75.61046001572204 65.4158216492108
1.0075430766877855 2256.9020641425673 0.0 1.1008661371357036 2745.995608240079 0.03333333333333333 f_swap_t 100 1900.0077500343323 72.67879689885405 59.766720673093864 63.874919049304346 67.60965222919509 55.22407353653157 75.61046001572204 65.4158216492108
1.0075430766877855 2256.9020641425673 0.0 1.100281052481846 2751.123994148428 0.03333333333333333 move_t 100 1902.1618192195892 72.67879689885405 60.199053466362926 63.874919049304346 67.60965222919509 55.22407353653157 75.61046001572204 65.4158216492108
1.0075430766877855 2256.9020641425673 0.0 1.1141944244820516 2775.617971647385 0.02 t_swap_k 100 1905.2470798492432 72.67879689885405 60.199053466362926 64.2461698588113 67.60965222919509 55.22407353653157 75.61046001572204 65.4158216492108
1.0075430766877855 2256.9020641425673 0.0 1.1098379272927543 2761.186647735732 0.02222222222222222 t_swap_k 100 1908.5788207054138 72.67879689885405 60.199053466362926 64.70370816022319 67.60965222919509 55.22407353653157 75.61046001572204 65.4158216492108
1.0075430766877855 2256.9020641425673 0.0 1.1098379272927543 2761.186647735732 0.02222222222222222 f_swap_t 100 1911.3111786842346 72.67879689885405 60.199053466362926 64.70370816022319 67.93355570690314 55.22407353653157 75.61046001572204 65.4158216492108
1.0075430766877855 2256.9020641425673 0.0 1.1098379272927543 2761.186647735732 0.02222222222222222 t_swap_r_k 100 1916.2791638374329 72.67879689885405 60.199053466362926 64.70370816022319 67.93355570690314 55.22407353653157 75.89435541556482 65.4158216492108
1.0075430766877855 2256.9020641425673 0.0 1.1098379272927543 2761.186647735732 0.02222222222222222 f_swap_t 100 1918.7026045322418 72.67879689885405 60.199053466362926 64.70370816022319 68.2542201498341 55.22407353653157 75.89435541556482 65.4158216492108
1.0075430766877855 2256.9020641425673 0.0 1.124979938963347 2779.1109347783545 0.0 move_t 100 1920.152338027954 72.67879689885405 60.6370629316993 64.70370816022319 68.2542201498341 55.22407353653157 75.89435541556482 65.4158216492108
1.0075430766877855 2256.9020641425673 0.0 1.1185322933287334 2750.440058531586 0.0 t_move_k 100 1922.579740524292 72.9820089298655 60.6370629316993 64.70370816022319 68.2542201498341 55.22407353653157 75.89435541556482 65.4158216492108
1.0075430766877855 2256.9020641425673 0.0 1.1231053536110553 2820.183180678399 0.02222222222222222 t_swap_k 100 1925.9714787006378 72.9820089298655 60.6370629316993 65.22667107862095 68.2542201498341 55.22407353653157 75.89435541556482 65.4158216492108
1.0075430766877855 2256.9020641425673 0.0 1.1096009732176335 2760.1329792575075 0.02222222222222222 t_move_k 100 1928.5292184352875 73.37218884056685 60.6370629316993 65.22667107862095 68.2542201498341 55.22407353653157 75.89435541556482 65.4158216492108
1.0075430766877855 2256.9020641425673 0.0 1.10874590428925 2756.330726959936 0.02222222222222222 t_swap_k 100 1931.3536920547485 73.37218884056685 60.6370629316993 65.60440436783475 68.2542201498341 55.22407353653157 75.89435541556482 65.4158216492108
1.0075430766877855 2256.9020641425673 0.0 1.1056795759939795 2742.6956229130096 0.02222222222222222 swap_t 100 1933.4082624912262 73.37218884056685 60.6370629316993 65.60440436783475 68.2542201498341 55.67183280116625 75.89435541556482 65.4158216492108
1.0075430766877855 2256.9020641425673 0.0 1.1056795759939795 2742.6956229130096 0.02222222222222222 move_t 100 1934.5921540260315 73.37218884056685 61.030692302382306 65.60440436783475 68.2542201498341 55.67183280116625 75.89435541556482 65.4158216492108
1.0075430766877855 2256.9020641425673 0.0 1.1056795759939795 2742.6956229130096 0.02222222222222222 move_t 100 1936.0298409461975 73.37218884056685 61.420385379358486 65.60440436783475 68.2542201498341 55.67183280116625 75.89435541556482 65.4158216492108
1.0075430766877855 2256.9020641425673 0.0 1.1087690416468738 2756.4336123160333 0.02222222222222222 t_swap_k 100 1938.8638017177582 73.37218884056685 61.420385379358486 66.0183603241564 68.2542201498341 55.67183280116625 75.89435541556482 65.4158216492108
1.0075430766877855 2256.9020641425673 0.0 1.1314421781241992 2807.8467043534 0.0 t_move_k 100 1941.320855140686 73.87846695216118 61.420385379358486 66.0183603241564 68.2542201498341 55.67183280116625 75.89435541556482 65.4158216492108
1.0075430766877855 2256.9020641425673 0.0 1.1345877322267994 2821.8341034001182 0.0 t_swap_k 100 1943.4280183315277 73.87846695216118 61.420385379358486 66.48817672091484 68.2542201498341 55.67183280116625 75.89435541556482 65.4158216492108
1.0075430766877855 2256.9020641425673 0.0 1.1330214395566043 2814.8692381053647 0.0 swap_t 100 1945.4165263175964 73.87846695216118 61.420385379358486 66.48817672091484 68.2542201498341 56.11511447315459 75.89435541556482 65.4158216492108
1.0075430766877855 2256.9020641425673 0.0 1.1200471079522782 2757.1760153551586 0.0 t_move_k 100 1948.536946773529 74.31968228263956 61.420385379358486 66.48817672091484 68.2542201498341 56.11511447315459 75.89435541556482 65.4158216492108
1.0075430766877855 2256.9020641425673 0.0 1.1191947230963124 2753.385698376692 0.0 t_move_k 100 1950.6708126068115 74.57648545981317 61.420385379358486 66.48817672091484 68.2542201498341 56.11511447315459 75.89435541556482 65.4158216492108
1.0075430766877855 2256.9020641425673 0.0 1.1124514392733564 2723.4002018185524 0.0 t_multiswap_k 100 1952.5099613666534 74.57648545981317 61.420385379358486 66.48817672091484 68.2542201498341 56.11511447315459 75.89435541556482 65.8216634327187
1.0075430766877855 2256.9020641425673 0.0 1.1117269628585857 2720.1786578924903 0.0 t_swap_r_k 100 1956.739206314087 74.57648545981317 61.420385379358486 66.48817672091484 68.2542201498341 56.11511447315459 76.17541186140917 65.8216634327187
1.0075430766877855 2256.9020641425673 0.0 1.1192087817353915 2753.4482132114194 0.0 t_move_k 100 1958.6455962657928 74.93072060521504 61.420385379358486 66.48817672091484 68.2542201498341 56.11511447315459 76.17541186140917 65.8216634327187
1.0075430766877855 2256.9020641425673 0.0 1.1127201982593742 2724.5952978373166 0.0 move_t 100 1959.9540662765503 74.93072060521504 61.8061815255649 66.48817672091484 68.2542201498341 56.11511447315459 76.17541186140917 65.8216634327187
1.0075430766877855 2256.9020641425673 0.0 1.1127201982593742 2724.5952978373166 0.0 t_swap_r_k 100 1965.117904663086 74.93072060521504 61.8061815255649 66.48817672091484 68.2542201498341 56.11511447315459 76.45365774279509 65.8216634327187
1.0075430766877855 2256.9020641425673 0.0 1.110557593374193 2714.978798955798 0.0 t_multiswap_k 100 1966.8520352840424 74.93072060521504 61.8061815255649 66.48817672091484 68.2542201498341 56.11511447315459 76.45365774279509 66.25344679839151
1.0075430766877855 2256.9020641425673 0.0 1.1602215607560078 2935.8205671639325 0.0 move_t 100 1968.6547853946686 74.93072060521504 62.26811971030925 66.48817672091484 68.2542201498341 56.11511447315459 76.45365774279509 66.25344679839151
1.0075430766877855 2256.9020641425673 0.0 1.1402339769650038 2846.9413740725267 0.0 t_swap_r_k 100 1973.5223548412323 74.93072060521504 62.26811971030925 66.48817672091484 68.2542201498341 56.11511447315459 76.72912116536713 66.25344679839151
1.0075430766877855 2256.9020641425673 0.0 1.124936998269403 2778.91998952612 0.0 t_move_k 100 1976.0030055046082 75.4614133991629 62.26811971030925 66.48817672091484 68.2542201498341 56.11511447315459 76.72912116536713 66.25344679839151
1.0075430766877855 2256.9020641425673 0.0 1.11696471662321 2743.46948349097 0.0 t_move_k 100 1978.3548214435577 75.73679926517127 62.26811971030925 66.48817672091484 68.2542201498341 56.11511447315459 76.72912116536713 66.25344679839151
1.0075430766877855 2256.9020641425673 0.0 1.11696471662321 2743.46948349097 0.0 t_swap_r_k 100 1982.9769203662872 75.73679926517127 62.26811971030925 66.48817672091484 68.2542201498341 56.11511447315459 77.00182995371347 66.25344679839151
1.0075430766877855 2256.9020641425673 0.0 1.1318458627937944 2809.6417771381934 0.0 t_multiswap_k 100 1983.9230427742004 75.73679926517127 62.26811971030925 66.48817672091484 68.2542201498341 56.11511447315459 77.00182995371347 66.6009123304076
1.0075430766877855 2256.9020641425673 0.0 1.1310379961315928 2806.049420112316 0.0 t_swap_r_k 100 1988.4163942337036 75.73679926517127 62.26811971030925 66.48817672091484 68.2542201498341 56.11511447315459 77.27181165417633 66.6009123304076
1.0075430766877855 2256.9020641425673 0.0 1.1310379961315928 2806.049420112316 0.0 move_t 100 1989.4889097213745 75.73679926517127 62.64543851320616 66.48817672091484 68.2542201498341 56.11511447315459 77.27181165417633 66.6009123304076
1.0075430766877855 2256.9020641425673 0.0 1.126466019517873 2785.719119236075 0.0 t_swap_k 100 1992.1689476966858 75.73679926517127 62.64543851320616 66.91329495370569 68.2542201498341 56.11511447315459 77.27181165417633 66.6009123304076
1.0075430766877855 2256.9020641425673 0.0 1.1221778288804303 2766.650735200103 0.0 t_swap_r_k 100 1995.9276802539825 75.73679926517127 62.64543851320616 66.91329495370569 68.2542201498341 56.11511447315459 77.53909353763457 66.6009123304076
1.0075430766877855 2256.9020641425673 0.0 1.1220781860385436 2766.207651359814 0.0 move_t 100 1997.0974414348602 75.73679926517127 63.018984128074095 66.91329495370569 68.2542201498341 56.11511447315459 77.53909353763457 66.6009123304076
1.0075430766877855 2256.9020641425673 0.0 1.118663652344157 2751.0241753222012 0.0 t_move_k 100 1998.7712035179138 76.00943127251956 63.018984128074095 66.91329495370569 68.2542201498341 56.11511447315459 77.53909353763457 66.6009123304076
1.0075430766877855 2256.9020641425673 0.0 1.118663652344157 2751.0241753222012 0.0 t_multiswap_k 100 1999.8599619865417 76.00943127251956 63.018984128074095 66.91329495370569 68.2542201498341 56.11511447315459 77.53909353763457 66.93490320710352
1.0075430766877855 2256.9020641425673 0.0 1.131365993954201 2807.5079346638486 0.0 t_move_k 100 2001.3764655590057 76.29933695979437 63.018984128074095 66.91329495370569 68.2542201498341 56.11511447315459 77.53909353763457 66.93490320710352
1.0075430766877855 2256.9020641425673 0.0 1.129879054521599 2800.8959310156165 0.0 t_move_k 100 2002.8646245002747 76.56634359019642 63.018984128074095 66.91329495370569 68.2542201498341 56.11511447315459 77.53909353763457 66.93490320710352
1.0075430766877855 2256.9020641425673 0.0 1.1284057324975492 2794.3444801734045 0.0 swap_t 100 2003.917890548706 76.56634359019642 63.018984128074095 66.91329495370569 68.2542201498341 56.553963328423045 77.53909353763457 66.93490320710352
1.0075430766877855 2256.9020641425673 0.0 1.1284057324975492 2794.3444801734045 0.0 t_multiswap_k 100 2005.0103063583374 76.56634359019642 63.018984128074095 66.91329495370569 68.2542201498341 56.553963328423045 77.53909353763457 67.26555417503248
1.0075430766877855 2256.9020641425673 0.0 1.1536228430064925 2906.477915488404 0.0 t_swap_k 100 2007.682885169983 76.56634359019642 63.018984128074095 67.43416200416863 68.2542201498341 56.553963328423045 77.53909353763457 67.26555417503248
1.0075430766877855 2256.9020641425673 0.0 1.1307770203519236 2879.000937583859 0.03333333333333333 t_swap_k 100 2009.9171628952026 76.56634359019642 63.018984128074095 67.81982038412694 68.2542201498341 56.553963328423045 77.53909353763457 67.26555417503248
1.0075430766877855 2256.9020641425673 0.0 1.121076685861051 2825.2788349074526 0.02857142857142857 t_move_k 100 2011.7281773090363 76.89068015429446 63.018984128074095 67.81982038412694 68.2542201498341 56.553963328423045 77.53909353763457 67.26555417503248
1.0075430766877855 2256.9020641425673 0.0 1.121076685861051 2825.2788349074526 0.02857142857142857 f_swap_t 100 2013.6009786128998 76.89068015429446 63.018984128074095 67.81982038412694 68.57167794833576 56.553963328423045 77.53909353763457 67.26555417503248
1.0075430766877855 2256.9020641425673 0.0 1.121076685861051 2825.2788349074526 0.02857142857142857 f_swap_t 100 2015.346953868866 76.89068015429446 63.018984128074095 67.81982038412694 68.8859611688524 56.553963328423045 77.53909353763457 67.26555417503248
1.0075430766877855 2256.9020641425673 0.0 1.1506335816722086 2934.4032136665496 0.02222222222222222 swap_t 100 2017.0971603393555 76.89068015429446 63.018984128074095 67.81982038412694 68.8859611688524 57.05842369513881 77.53909353763457 67.26555417503248
1.0075430766877855 2256.9020641425673 0.0 1.1706254001819056 2982.0835303562376 0.0 f_swap_t 100 2019.6626455783844 76.89068015429446 63.018984128074095 67.81982038412694 69.26710155716388 57.05842369513881 77.53909353763457 67.26555417503248
1.0075430766877855 2256.9020641425673 0.0 1.1434411348075717 2861.202707715691 0.0 t_multiswap_k 100 2020.8280959129333 76.89068015429446 63.018984128074095 67.81982038412694 69.26710155716388 57.05842369513881 77.53909353763457 67.62289863328215
1.0075430766877855 2256.9020641425673 0.0 1.128439826599007 2843.9040896033903 0.02222222222222222 t_swap_k 100 2023.66304397583 76.89068015429446 63.018984128074095 68.31162218028567 69.26710155716388 57.05842369513881 77.53909353763457 67.62289863328215
1.0075430766877855 2256.9020641425673 0.0 1.1237870907691287 2847.918676337046 0.03333333333333333 t_swap_k 100 2026.5133180618286 76.89068015429446 63.018984128074095 68.6585059584828 69.26710155716388 57.05842369513881 77.53909353763457 67.62289863328215
1.0075430766877855 2256.9020641425673 0.0 1.1355449475958506 2889.6151469835027 0.02857142857142857 t_swap_k 100 2029.6040832996368 76.89068015429446 63.018984128074095 69.04192089889798 69.26710155716388 57.05842369513881 77.53909353763457 67.62289863328215
1.0075430766877855 2256.9020641425673 0.0 1.1532537348744523 2904.8365948924657 0.0 t_swap_k 100 2033.1594023704529 76.89068015429446 63.018984128074095 69.391501689909 69.26710155716388 57.05842369513881 77.53909353763457 67.62289863328215
1.0075430766877855 2256.9020641425673 0.0 1.1512071657038474 2895.736074369772 0.0 swap_t 100 2035.3744974136353 76.89068015429446 63.018984128074095 69.391501689909 69.26710155716388 57.48783945818742 77.53909353763457 67.62289863328215
1.0075430766877855 2256.9020641425673 0.0 1.1455687392473963 2944.7755731581806 0.03333333333333333 t_swap_k 100 2037.27831864357 76.89068015429446 63.018984128074095 69.72758667300991 69.26710155716388 57.48783945818742 77.53909353763457 67.62289863328215
1.0075430766877855 2256.9020641425673 0.0 1.1409302958519776 2924.149713099471 0.03333333333333333 t_swap_r_k 100 2041.5982003211975 76.89068015429446 63.018984128074095 69.72758667300991 69.26710155716388 57.48783945818742 77.80370260225823 67.62289863328215
1.0075430766877855 2256.9020641425673 0.0 1.1592623825329569 3005.6673737093774 0.03333333333333333 t_multiswap_k 100 2042.9818124771118 76.89068015429446 63.018984128074095 69.72758667300991 69.26710155716388 57.48783945818742 77.80370260225823 67.95666964694932
1.0075430766877855 2256.9020641425673 0.0 1.1618200349137946 2992.3365370299084 0.02222222222222222 t_swap_r_k 100 2047.496069908142 76.89068015429446 63.018984128074095 69.72758667300991 69.26710155716388 57.48783945818742 78.06566557623565 67.95666964694932
1.0075430766877855 2256.9020641425673 0.0 1.1618200349137946 2992.3365370299084 0.02222222222222222 move_t 100 2048.6262018680573 76.89068015429446 63.388794286793356 69.72758667300991 69.26710155716388 57.48783945818742 78.06566557623565 67.95666964694932
1.0075430766877855 2256.9020641425673 0.0 1.1597399045024628 2983.086779059299 0.02222222222222222 move_t 100 2049.8866004943848 76.89068015429446 63.78490634392542 69.72758667300991 69.26710155716388 57.48783945818742 78.06566557623565 67.95666964694932
1.0075430766877855 2256.9020641425673 0.0 1.1511864457721894 2969.75594237983 0.03333333333333333 t_swap_r_k 100 2054.549768447876 76.89068015429446 63.78490634392542 69.72758667300991 69.26710155716388 57.48783945818742 78.3550089204733 67.95666964694932
1.0075430766877855 2256.9020641425673 0.0 1.1504167353030355 2979.4064613577852 0.03333333333333333 move_t 100 2056.7250101566315 76.89068015429446 64.17705728048617 69.72758667300991 69.26710155716388 57.48783945818742 78.3550089204733 67.95666964694932
1.0075430766877855 2256.9020641425673 0.0 1.1457414677844768 2945.543648637443 0.03333333333333333 t_multiswap_k 100 2058.280468225479 76.89068015429446 64.17705728048617 69.72758667300991 69.26710155716388 57.48783945818742 78.3550089204733 68.30710295047983
1.0075430766877855 2256.9020641425673 0.0 1.143528142383431 2935.7016098122085 0.03333333333333333 t_swap_r_k 100 2062.590228319168 76.89068015429446 64.17705728048617 69.72758667300991 69.26710155716388 57.48783945818742 78.61145883126856 68.30710295047983
1.0075430766877855 2256.9020641425673 0.0 1.143528142383431 2935.7016098122085 0.03333333333333333 t_swap_r_k 100 2066.6500327587128 76.89068015429446 64.17705728048617 69.72758667300991 69.26710155716388 57.48783945818742 78.86534424295589 68.30710295047983
1.0075430766877855 2256.9020641425673 0.0 1.143528142383431 2935.7016098122085 0.03333333333333333 t_swap_r_k 100 2072.0470974445343 76.89068015429446 64.17705728048617 69.72758667300991 69.26710155716388 57.48783945818742 79.11669080052633 68.30710295047983
1.0075430766877855 2256.9020641425673 0.0 1.1463542330278937 2948.2684442384925 0.03333333333333333 t_move_k 100 2074.5932245254517 77.16177335275151 64.17705728048617 69.72758667300991 69.26710155716388 57.48783945818742 79.11669080052633 68.30710295047983
1.0075430766877855 2256.9020641425673 0.0 1.1445897647707288 2940.4223475530694 0.03333333333333333 swap_t 100 2076.227326631546 77.16177335275151 64.17705728048617 69.72758667300991 69.26710155716388 57.94296106360555 79.11669080052633 68.30710295047983
1.0075430766877855 2256.9020641425673 0.0 1.137274858422534 2907.895005550913 0.03333333333333333 t_swap_k 100 2078.551189184189 77.16177335275151 64.17705728048617 70.09031080627982 69.26710155716388 57.94296106360555 79.11669080052633 68.30710295047983
1.0075430766877855 2256.9020641425673 0.0 1.1340706088108008 2893.6466039966203 0.03333333333333333 move_t 100 2080.070906639099 77.16177335275151 64.53528670768131 70.09031080627982 69.26710155716388 57.94296106360555 79.11669080052633 68.30710295047983
1.0075430766877855 2256.9020641425673 0.0 1.1325715780249164 2894.5020397706107 0.03333333333333333 move_t 100 2081.4768710136414 77.16177335275151 64.9199338406045 70.09031080627982 69.26710155716388 57.94296106360555 79.11669080052633 68.30710295047983
1.0075430766877855 2256.9020641425673 0.0 1.1313457060019254 2881.5297235653625 0.03333333333333333 t_swap_k 100 2084.1268882751465 77.16177335275151 64.9199338406045 70.41940769821701 69.26710155716388 57.94296106360555 79.11669080052633 68.30710295047983
1.0075430766877855 2256.9020641425673 0.0 1.1272143500573155 2863.158739529985 0.03333333333333333 t_swap_k 100 2086.729768037796 77.16177335275151 64.9199338406045 70.81521362123485 69.26710155716388 57.94296106360555 79.11669080052633 68.30710295047983
1.0075430766877855 2256.9020641425673 0.0 1.1291287131909165 2861.0839476870415 0.02857142857142857 t_swap_r_k 100 2091.25377368927 77.16177335275151 64.9199338406045 70.81521362123485 69.26710155716388 57.94296106360555 79.39552389252107 68.30710295047983
1.0075430766877855 2256.9020641425673 0.0 1.1291287131909165 2861.0839476870415 0.02857142857142857 t_multiswap_k 100 2092.427357196808 77.16177335275151 64.9199338406045 70.81521362123485 69.26710155716388 57.94296106360555 79.39552389252107 68.62403192097503
1.0075430766877855 2256.9020641425673 0.0 1.1258471460446384 2846.4917366881446 0.02857142857142857 t_multiswap_k 100 2093.6993477344513 77.16177335275151 64.9199338406045 70.81521362123485 69.26710155716388 57.94296106360555 79.39552389252107 68.96779160176528
1.0075430766877855 2256.9020641425673 0.0 1.1220644856628934 2840.258733371541 0.03333333333333333 t_swap_r_k 100 2098.0685188770294 77.16177335275151 64.9199338406045 70.81521362123485 69.26710155716388 57.94296106360555 79.67156865359586 68.96779160176528
1.0075430766877855 2256.9020641425673 0.0 1.1220644856628934 2840.258733371541 0.03333333333333333 t_multiswap_k 100 2099.4198303222656 77.16177335275151 64.9199338406045 70.81521362123485 69.26710155716388 57.94296106360555 79.67156865359586 69.27811368574763
1.0075430766877855 2256.9020641425673 0.0 1.1197078006421062 2829.779214425763 0.03333333333333333 t_swap_k 100 2101.6877930164337 77.16177335275151 64.9199338406045 71.1370614850225 69.26710155716388 57.94296106360555 79.67156865359586 69.27811368574763
1.0075430766877855 2256.9020641425673 0.0 1.1320649563005107 2884.728028414885 0.03333333333333333 t_move_k 100 2104.1582667827606 77.430155619224 64.9199338406045 71.1370614850225 69.26710155716388 57.94296106360555 79.67156865359586 69.27811368574763
1.0075430766877855 2256.9020641425673 0.0 1.1271817767750834 2863.01389525709 0.03333333333333333 t_multiswap_k 100 2105.732659101486 77.430155619224 64.9199338406045 71.1370614850225 69.26710155716388 57.94296106360555 79.67156865359586 69.58533254889015
1.0075430766877855 2256.9020641425673 0.0 1.1249791885193128 2853.2196015129107 0.03333333333333333 f_swap_t 100 2107.7740998268127 77.430155619224 64.9199338406045 71.1370614850225 69.57443054159225 57.94296106360555 79.67156865359586 69.58533254889015
1.0075430766877855 2256.9020641425673 0.0 1.1247966630423334 2852.4079617828565 0.03333333333333333 swap_t 100 2108.8362390995026 77.430155619224 64.9199338406045 71.1370614850225 69.57443054159225 58.3635314529695 79.67156865359586 69.58533254889015
1.0075430766877855 2256.9020641425673 0.0 1.1247966630423334 2852.4079617828565 0.03333333333333333 t_swap_r_k 100 2113.1949002742767 77.430155619224 64.9199338406045 71.1370614850225 69.57443054159225 58.3635314529695 79.9148529670599 69.58533254889015
1.0075430766877855 2256.9020641425673 0.0 1.118841108982191 2825.92527909282 0.03333333333333333 t_swap_k 100 2116.1298060417175 77.430155619224 64.9199338406045 71.51569087017228 69.57443054159225 58.3635314529695 79.9148529670599 69.58533254889015
1.0075430766877855 2256.9020641425673 0.0 1.1135492845050783 2802.394016163539 0.03333333333333333 f_swap_t 100 2118.824096441269 77.430155619224 64.9199338406045 71.51569087017228 69.87868623617632 58.3635314529695 79.9148529670599 69.58533254889015
1.0075430766877855 2256.9020641425673 0.0 1.1378830315499409 2836.487377547605 0.0 f_swap_t 100 2121.6979401111603 77.430155619224 64.9199338406045 71.51569087017228 70.27989937381456 58.3635314529695 79.9148529670599 69.58533254889015
1.0075430766877855 2256.9020641425673 0.0 1.1315263705270548 2808.2210844139668 0.0 t_swap_r_k 100 2125.854280948639 77.430155619224 64.9199338406045 71.51569087017228 70.27989937381456 58.3635314529695 80.1557044373893 69.58533254889015
1.0075430766877855 2256.9020641425673 0.0 1.1314946126796452 2820.2795114535543 0.02857142857142857 move_t 100 2127.4363582134247 77.430155619224 65.28073450219846 71.51569087017228 70.27989937381456 58.3635314529695 80.1557044373893 69.58533254889015
1.0075430766877855 2256.9020641425673 0.0 1.1273218307170194 2789.52467220406 0.0 t_swap_r_k 100 2132.739703655243 77.430155619224 65.28073450219846 71.51569087017228 70.27989937381456 58.3635314529695 80.39414739301542 69.58533254889015
1.0075430766877855 2256.9020641425673 0.0 1.113036116431305 2789.52467220406 0.02857142857142857 t_move_k 100 2134.4169425964355 77.65585406303175 65.28073450219846 71.51569087017228 70.27989937381456 58.3635314529695 80.39414739301542 69.58533254889015
1.0075430766877855 2256.9020641425673 0.0 1.113036116431305 2789.52467220406 0.02857142857142857 f_swap_t 100 2135.6937696933746 77.65585406303175 65.28073450219846 71.51569087017228 70.57710038007642 58.3635314529695 80.39414739301542 69.58533254889015
1.0075430766877855 2256.9020641425673 0.0 1.123880263409795 2837.745559895677 0.02857142857142857 move_t 100 2137.210622549057 77.65585406303175 65.63792715717648 71.51569087017228 70.57710038007642 58.3635314529695 80.39414739301542 69.58533254889015
1.0075430766877855 2256.9020641425673 0.0 1.1213235555022278 2826.3765951338005 0.02857142857142857 t_multiswap_k 100 2137.94287776947 77.65585406303175 65.63792715717648 71.51569087017228 70.57710038007642 58.3635314529695 80.39414739301542 69.88947922340125
1.0075430766877855 2256.9020641425673 0.0 1.1205119322517252 2822.767533610748 0.02857142857142857 t_multiswap_k 100 2138.7000625133514 77.65585406303175 65.63792715717648 71.51569087017228 70.57710038007642 58.3635314529695 80.39414739301542 70.19058443116724
1.0075430766877855 2256.9020641425673 0.0 1.1342988504326321 2820.5495268833733 0.0 t_swap_r_k 100 2142.993370294571 77.65585406303175 65.63792715717648 71.51569087017228 70.57710038007642 58.3635314529695 80.63020591908526 70.19058443116724
1.0075430766877855 2256.9020641425673 0.0 1.1390657286568264 2905.2710753349766 0.02857142857142857 t_swap_k 100 2145.9941964149475 77.65585406303175 65.63792715717648 71.87053396147056 70.57710038007642 58.3635314529695 80.63020591908526 70.19058443116724
1.0075430766877855 2256.9020641425673 0.0 1.132368014990715 2875.4882165149324 0.02857142857142857 t_move_k 100 2148.011898756027 77.94929552240144 65.63792715717648 71.87053396147056 70.57710038007642 58.3635314529695 80.63020591908526 70.19058443116724
1.0075430766877855 2256.9020641425673 0.0 1.133938900791793 2893.06093528471 0.03333333333333333 t_swap_k 100 2150.985376596451 77.94929552240144 65.63792715717648 72.19182862185585 70.57710038007642 58.3635314529695 80.63020591908526 70.19058443116724
1.0075430766877855 2256.9020641425673 0.0 1.1326472251556317 2887.3172151093117 0.03333333333333333 t_multiswap_k 100 2151.753988265991 77.94929552240144 65.63792715717648 72.19182862185585 70.57710038007642 58.3635314529695 80.63020591908526 70.51867858685557
1.0075430766877855 2256.9020641425673 0.0 1.1303379135251295 2877.0483523762377 0.03333333333333333 t_swap_k 100 2153.696159362793 77.94929552240144 65.63792715717648 72.52991033563728 70.57710038007642 58.3635314529695 80.63020591908526 70.51867858685557
1.0075430766877855 2256.9020641425673 0.0 1.1303379135251295 2877.0483523762377 0.03333333333333333 swap_t 100 2154.876480817795 77.94929552240144 65.63792715717648 72.52991033563728 70.57710038007642 58.7798961384398 80.63020591908526 70.51867858685557
1.0075430766877855 2256.9020641425673 0.0 1.125651293021676 2856.208262196851 0.03333333333333333 t_move_k 100 2156.639923810959 78.26980256717742 65.63792715717648 72.52991033563728 70.57710038007642 58.7798961384398 80.63020591908526 70.51867858685557
1.0075430766877855 2256.9020641425673 0.0 1.1251567700086829 2854.0092567132697 0.03333333333333333 t_move_k 100 2157.849438905716 78.54710454150565 65.63792715717648 72.52991033563728 70.57710038007642 58.7798961384398 80.63020591908526 70.51867858685557
1.0075430766877855 2256.9020641425673 0.0 1.1198391161394605 2830.363137703698 0.03333333333333333 t_move_k 100 2159.4517085552216 78.82163349609058 65.63792715717648 72.52991033563728 70.57710038007642 58.7798961384398 80.63020591908526 70.51867858685557
1.0075430766877855 2256.9020641425673 0.0 1.1135508903962283 2802.4011571121955 0.03333333333333333 t_swap_k 100 2161.845725297928 78.82163349609058 65.63792715717648 72.86461123228091 70.57710038007642 58.7798961384398 80.63020591908526 70.51867858685557
1.0075430766877855 2256.9020641425673 0.0 1.1135508903962283 2802.4011571121955 0.03333333333333333 swap_t 100 2163.108337163925 78.82163349609058 65.63792715717648 72.86461123228091 70.57710038007642 59.1920971770554 80.63020591908526 70.51867858685557
1.0075430766877855 2256.9020641425673 0.0 1.1135508903962283 2802.4011571121955 0.03333333333333333 t_swap_r_k 100 2167.4909341335297 78.82163349609058 65.63792715717648 72.86461123228091 70.57710038007642 59.1920971770554 80.8639038598944 70.51867858685557
1.0075430766877855 2256.9020641425673 0.0 1.1135508903962283 2802.4011571121955 0.03333333333333333 t_swap_r_k 100 2172.562263727188 78.82163349609058 65.63792715717648 72.86461123228091 70.57710038007642 59.1920971770554 81.09526482129546 70.51867858685557
1.0075430766877855 2256.9020641425673 0.0 1.113308672598382 2801.3240823316687 0.03333333333333333 t_multiswap_k 100 2173.623336791992 78.82163349609058 65.63792715717648 72.86461123228091 70.57710038007642 59.1920971770554 81.09526482129546 70.84349180098701
1.0075430766877855 2256.9020641425673 0.0 1.1367596304660272 2831.4919272270326 0.0 f_swap_t 100 2175.246409893036 78.82163349609058 65.63792715717648 72.86461123228091 70.94132937627565 59.1920971770554 81.09526482129546 70.84349180098701
1.0075430766877855 2256.9020641425673 0.0 1.123518601705923 2772.61277684029 0.0 t_swap_k 100 2177.8247039318085 78.82163349609058 65.63792715717648 73.1359651199581 70.94132937627565 59.1920971770554 81.09526482129546 70.84349180098701
1.0075430766877855 2256.9020641425673 0.0 1.1129146537466095 2788.9845616274474 0.02857142857142857 f_swap_t 100 2179.3126890659332 78.82163349609058 65.63792715717648 73.1359651199581 71.29191608251288 59.1920971770554 81.09526482129546 70.84349180098701
1.0075430766877855 2256.9020641425673 0.0 1.1112624875684833 2781.63784086819 0.02857142857142857 t_move_k 100 2180.8709523677826 79.06341716112968 65.63792715717648 73.1359651199581 71.29191608251288 59.1920971770554 81.09526482129546 70.84349180098701
1.0075430766877855 2256.9020641425673 0.0 1.131199670207877 2880.8803432464006 0.03333333333333333 t_swap_k 100 2183.2121362686157 79.06341716112968 65.63792715717648 73.42460546875851 71.29191608251288 59.1920971770554 81.09526482129546 70.84349180098701
1.0075430766877855 2256.9020641425673 0.0 1.1469649026080704 2876.8719172622077 0.0 f_swap_t 100 2186.176749944687 79.06341716112968 65.63792715717648 73.42460546875851 71.64899692168775 59.1920971770554 81.09526482129546 70.84349180098701
1.0075430766877855 2256.9020641425673 0.0 1.1506431229784364 2899.44009179508 0.025 move_t 100 2188.656920671463 79.06341716112968 66.02154788560472 73.42460546875851 71.64899692168775 59.1920971770554 81.09526482129546 70.84349180098701
1.0075430766877855 2256.9020641425673 0.0 1.1374231276532578 2890.0263164006055 0.025 move_t 100 2190.6126067638397 79.06341716112968 66.40133240674866 73.42460546875851 71.64899692168775 59.1920971770554 81.09526482129546 70.84349180098701
1.0075430766877855 2256.9020641425673 0.0 1.1302074655857894 2857.9402859487664 0.025 move_t 100 2192.7156450748444 79.06341716112968 66.73731908268118 73.42460546875851 71.64899692168775 59.1920971770554 81.09526482129546 70.84349180098701
1.0075430766877855 2256.9020641425673 0.0 1.1264679316834003 2859.8396258504195 0.03333333333333333 move_t 100 2194.348205089569 79.06341716112968 67.09994589185438 73.42460546875851 71.64899692168775 59.1920971770554 81.09526482129546 70.84349180098701
1.0075430766877855 2256.9020641425673 0.0 1.115367956647136 2810.4811423601864 0.03333333333333333 t_swap_k 100 2198.928745985031 79.06341716112968 67.09994589185438 73.81035941407093 71.64899692168775 59.1920971770554 81.09526482129546 70.84349180098701
1.0075430766877855 2256.9020641425673 0.0 1.115367956647136 2810.4811423601864 0.03333333333333333 f_swap_t 100 2201.6010439395905 79.06341716112968 67.09994589185438 73.81035941407093 71.93250695247087 59.1920971770554 81.09526482129546 70.84349180098701
1.0075430766877855 2256.9020641425673 0.0 1.1151047455547562 2809.31071627227 0.03333333333333333 t_multiswap_k 100 2203.5833084583282 79.06341716112968 67.09994589185438 73.81035941407093 71.93250695247087 59.1920971770554 81.09526482129546 71.20505688297715
1.0075430766877855 2256.9020641425673 0.0 1.1151047455547562 2809.31071627227 0.03333333333333333 t_swap_r_k 100 2209.915050268173 79.06341716112968 67.09994589185438 73.81035941407093 71.93250695247087 59.1920971770554 81.3243121730825 71.20505688297715
1.0075430766877855 2256.9020641425673 0.0 1.1465032110031181 2874.818903864775 0.0 f_swap_t 100 2212.4544925689697 79.06341716112968 67.09994589185438 73.81035941407093 72.22318188294616 59.1920971770554 81.3243121730825 71.20505688297715
1.0075430766877855 2256.9020641425673 0.0 1.1327432529884534 2813.6322202664583 0.0 t_move_k 100 2215.844001531601 79.41278298951838 67.09994589185438 73.81035941407093 72.22318188294616 59.1920971770554 81.3243121730825 71.20505688297715
1.0075430766877855 2256.9020641425673 0.0 1.1208454822130247 2804.6488188687063 0.0 move_t 100 2218.0889809131622 79.41278298951838 67.45894643293583 73.81035941407093 72.22318188294616 59.1920971770554 81.3243121730825 71.20505688297715
1.0075430766877855 2256.9020641425673 0.0 1.1154167853404902 2800.1108407914517 0.02857142857142857 t_swap_r_k 100 2224.0541429519653 79.41278298951838 67.45894643293583 73.81035941407093 72.22318188294616 59.1920971770554 81.55106905135167 71.20505688297715
1.0075430766877855 2256.9020641425673 0.0 1.1394520359877343 2899.0483041260986 0.025 t_swap_k 100 2227.244063615799 79.41278298951838 67.45894643293583 74.17225581993021 72.22318188294616 59.1920971770554 81.55106905135167 71.20505688297715
1.0075430766877855 2256.9020641425673 0.0 1.1415396271431963 2908.331237938525 0.025 move_t 100 2229.340717792511 79.41278298951838 67.88435696860647 74.17225581993021 72.22318188294616 59.1920971770554 81.55106905135167 71.20505688297715
1.0075430766877855 2256.9020641425673 0.0 1.1384955843689881 2902.7358031991043 0.02857142857142857 t_swap_r_k 100 2234.9058651924133 79.41278298951838 67.88435696860647 74.17225581993021 72.22318188294616 59.1920971770554 81.77555836083816 71.20505688297715
1.0075430766877855 2256.9020641425673 0.0 1.1548924164317487 2987.848960980578 0.02857142857142857 swap_t 100 2238.095780611038 79.41278298951838 67.88435696860647 74.17225581993021 72.22318188294616 59.640176205284845 81.77555836083816 71.20505688297715
1.0075430766877855 2256.9020641425673 0.0 1.1367832738910713 2895.121637565552 0.02857142857142857 t_swap_r_k 100 2244.282469511032 79.41278298951838 67.88435696860647 74.17225581993021 72.22318188294616 59.640176205284845 81.99780277722978 71.20505688297715
1.0075430766877855 2256.9020641425673 0.0 1.1338977066475868 2882.2903273434868 0.02857142857142857 t_swap_r_k 100 2249.830970287323 79.41278298951838 67.88435696860647 74.17225581993021 72.22318188294616 59.640176205284845 82.21782474945748 71.20505688297715
1.0075430766877855 2256.9020641425673 0.0 1.1338977066475868 2882.2903273434868 0.02857142857142857 f_swap_t 100 2253.015995979309 79.41278298951838 67.88435696860647 74.17225581993021 72.50095006411671 59.640176205284845 82.21782474945748 71.20505688297715
1.0075430766877855 2256.9020641425673 0.0 1.1338977066475868 2882.2903273434868 0.02857142857142857 t_swap_r_k 100 2259.6913952827454 79.41278298951838 67.88435696860647 74.17225581993021 72.50095006411671 59.640176205284845 82.4356465019629 71.20505688297715
1.0075430766877855 2256.9020641425673 0.0 1.1338977066475868 2882.2903273434868 0.02857142857142857 f_swap_t 100 2263.0035808086395 79.41278298951838 67.88435696860647 74.17225581993021 72.77594056347554 59.640176205284845 82.4356465019629 71.20505688297715
1.0075430766877855 2256.9020641425673 0.0 1.1338977066475868 2882.2903273434868 0.02857142857142857 f_swap_t 100 2266.8348944187164 79.41278298951838 67.88435696860647 74.17225581993021 73.04818115784079 59.640176205284845 82.4356465019629 71.20505688297715
1.0075430766877855 2256.9020641425673 0.0 1.1312283013339615 2870.4202287467915 0.02857142857142857 t_move_k 100 2269.693392276764 79.67865515962319 67.88435696860647 74.17225581993021 73.04818115784079 59.640176205284845 82.4356465019629 71.20505688297715
1.0075430766877855 2256.9020641425673 0.0 1.1272332209674016 2844.7146522502226 0.025 t_move_k 100 2272.5124368667603 80.00186860802695 67.88435696860647 74.17225581993021 73.04818115784079 59.640176205284845 82.4356465019629 71.20505688297715
1.0075430766877855 2256.9020641425673 0.0 1.1175859818397238 2809.756650736491 0.02857142857142857 f_swap_t 100 2274.6568615436554 80.00186860802695 67.88435696860647 74.17225581993021 73.31769934626237 59.640176205284845 82.4356465019629 71.20505688297715
1.0075430766877855 2256.9020641425673 0.0 1.1138791410756836 2793.273366940353 0.02857142857142857 t_swap_k 100 2277.406800031662 80.00186860802695 67.88435696860647 74.43053326173091 73.31769934626237 59.640176205284845 82.4356465019629 71.20505688297715
1.0075430766877855 2256.9020641425673 0.0 1.1138791410756836 2793.273366940353 0.02857142857142857 t_swap_r_k 100 2283.3236610889435 80.00186860802695 67.88435696860647 74.43053326173091 73.31769934626237 59.640176205284845 82.65129003694328 71.20505688297715
1.0075430766877855 2256.9020641425673 0.0 1.1375272701446364 2884.313408610861 0.02222222222222222 t_swap_k 100 2286.862399816513 80.00186860802695 67.88435696860647 74.7762279291136 73.31769934626237 59.640176205284845 82.65129003694328 71.20505688297715
1.0075430766877855 2256.9020641425673 0.0 1.1304252833099036 2852.7328601155023 0.02222222222222222 t_swap_k 100 2289.9397149086 80.00186860802695 67.88435696860647 75.08846564982247 73.31769934626237 59.640176205284845 82.65129003694328 71.20505688297715
1.0075430766877855 2256.9020641425673 0.0 1.1405107247505673 2911.696568689992 0.02857142857142857 t_swap_k 100 2293.109794616699 80.00186860802695 67.88435696860647 75.43758099332425 73.31769934626237 59.640176205284845 82.65129003694328 71.20505688297715
1.0075430766877855 2256.9020641425673 0.0 1.1384420380169749 2894.557125722361 0.025 move_t 100 2295.0596177577972 80.00186860802695 68.2055133989204 75.43758099332425 73.31769934626237 59.640176205284845 82.65129003694328 71.20505688297715
1.0075430766877855 2256.9020641425673 0.0 1.1333454402507044 2865.7179810441994 0.02222222222222222 move_t 100 2297.0029575824738 80.00186860802695 68.5534582649312 75.43758099332425 73.31769934626237 59.640176205284845 82.65129003694328 71.20505688297715
1.0075430766877855 2256.9020641425673 0.0 1.1330437245846972 2864.3763358899796 0.02222222222222222 move_t 100 2299.2694838047028 80.00186860802695 68.86792368228188 75.43758099332425 73.31769934626237 59.640176205284845 82.65129003694328 71.20505688297715
1.0075430766877855 2256.9020641425673 0.0 1.133474618371724 2872.468400319993 0.025 t_swap_k 100 2303.012360095978 80.00186860802695 68.86792368228188 75.783205183391 73.31769934626237 59.640176205284845 82.65129003694328 71.20505688297715
1.0075430766877855 2256.9020641425673 0.0 1.1401903399854767 2910.271907275297 0.02857142857142857 t_swap_k 100 2306.4702174663544 80.00186860802695 68.86792368228188 76.1253731315571 73.31769934626237 59.640176205284845 82.65129003694328 71.20505688297715
1.0075430766877855 2256.9020641425673 0.0 1.1349837814545705 2887.1197981535133 0.02857142857142857 t_move_k 100 2308.2578959465027 80.30184992194668 68.86792368228188 76.1253731315571 73.31769934626237 59.640176205284845 82.65129003694328 71.20505688297715
1.0075430766877855 2256.9020641425673 0.0 1.1349837814545705 2887.1197981535133 0.02857142857142857 t_swap_r_k 100 2313.614207983017 80.30184992194668 68.86792368228188 76.1253731315571 73.31769934626237 59.640176205284845 82.86477713657385 71.20505688297715
1.0075430766877855 2256.9020641425673 0.0 1.1349530909022552 2886.983325853818 0.02857142857142857 f_swap_t 100 2316.4294402599335 80.30184992194668 68.86792368228188 76.1253731315571 73.61452235279975 59.640176205284845 82.86477713657385 71.20505688297715
1.0075430766877855 2256.9020641425673 0.0 1.1335297391261825 2891.2415078309637 0.03333333333333333 t_move_k 100 2318.381703853607 80.55883142272722 68.86792368228188 76.1253731315571 73.61452235279975 59.640176205284845 82.86477713657385 71.20505688297715
1.0075430766877855 2256.9020641425673 0.0 1.1276748873846334 2865.206620177715 0.03333333333333333 t_move_k 100 2320.8641254901886 80.84324310849995 68.86792368228188 76.1253731315571 73.61452235279975 59.640176205284845 82.86477713657385 71.20505688297715
1.0075430766877855 2256.9020641425673 0.0 1.1210477599741993 2835.7376386883957 0.03333333333333333 t_multiswap_k 100 2322.79022026062 80.84324310849995 68.86792368228188 76.1253731315571 73.61452235279975 59.640176205284845 82.86477713657385 71.49300631414738
1.0075430766877855 2256.9020641425673 0.0 1.1207522394717186 2834.4235416931265 0.03333333333333333 t_move_k 100 2324.5909881591797 81.06481067741495 68.86792368228188 76.1253731315571 73.61452235279975 59.640176205284845 82.86477713657385 71.49300631414738
1.0075430766877855 2256.9020641425673 0.0 1.116677158563119 2816.3027969985355 0.03333333333333333 t_multiswap_k 100 2325.6205036640167 81.06481067741495 68.86792368228188 76.1253731315571 73.61452235279975 59.640176205284845 82.86477713657385 71.8380762510059
1.0075430766877855 2256.9020641425673 0.0 1.1174366541694505 2819.6800614719727 0.03333333333333333 t_move_k 100 2328.6569056510925 81.29416257064081 68.86792368228188 76.1253731315571 73.61452235279975 59.640176205284845 82.86477713657385 71.8380762510059
1.0075430766877855 2256.9020641425673 0.0 1.1412785241380596 2925.698186862093 0.03333333333333333 move_t 100 2330.9156625270844 81.29416257064081 69.31924444545906 76.1253731315571 73.61452235279975 59.640176205284845 82.86477713657385 71.8380762510059
1.0075430766877855 2256.9020641425673 0.0 1.1386969687160085 2914.2187321550205 0.03333333333333333 t_swap_r_k 100 2337.461676836014 81.29416257064081 69.31924444545906 76.1253731315571 73.61452235279975 59.640176205284845 83.07612936520812 71.8380762510059
1.0075430766877855 2256.9020641425673 0.0 1.1410779210969608 2914.2187321550205 0.02857142857142857 t_swap_r_k 100 2342.2609560489655 81.29416257064081 69.31924444545906 76.1253731315571 73.61452235279975 59.640176205284845 83.28536807155604 71.8380762510059
1.0075430766877855 2256.9020641425673 0.0 1.1410779210969608 2914.2187321550205 0.02857142857142857 f_swap_t 100 2344.5914962291718 81.29416257064081 69.31924444545906 76.1253731315571 73.87837712927175 59.640176205284845 83.28536807155604 71.8380762510059
1.0075430766877855 2256.9020641425673 0.0 1.1375677912286193 2895.3606141865325 0.02857142857142857 move_t 100 2346.0361552238464 81.29416257064081 69.68605200100447 76.1253731315571 73.87837712927175 59.640176205284845 83.28536807155604 71.8380762510059
1.0075430766877855 2256.9020641425673 0.0 1.1337748569215578 2881.7440489821233 0.02857142857142857 t_move_k 100 2347.3079450130463 81.5912209449344 69.68605200100447 76.1253731315571 73.87837712927175 59.640176205284845 83.28536807155604 71.8380762510059
1.0075430766877855 2256.9020641425673 0.0 1.140322489257258 2902.918966284567 0.025 t_multiswap_k 100 2348.5833926200867 81.5912209449344 69.68605200100447 76.1253731315571 73.87837712927175 59.640176205284845 83.28536807155604 72.18969548849584
1.0075430766877855 2256.9020641425673 0.0 1.1205243350287415 2814.882113459879 0.025 t_move_k 100 2350.994976043701 81.86530873548506 69.68605200100447 76.1253731315571 73.87837712927175 59.640176205284845 83.28536807155604 72.18969548849584
1.0075430766877855 2256.9020641425673 0.0 1.119200029485856 2817.7149538092585 0.025 swap_t 100 2352.8647603988647 81.86530873548506 69.68605200100447 76.1253731315571 73.87837712927175 60.073774443232 83.28536807155604 72.18969548849584
1.0075430766877855 2256.9020641425673 0.0 1.1163797524548968 2804.3928861350482 0.02857142857142857 swap_t 100 2355.2070252895355 81.86530873548506 69.68605200100447 76.1253731315571 73.87837712927175 60.473036698799675 83.28536807155604 72.18969548849584
1.0075430766877855 2256.9020641425673 0.0 1.1163797524548968 2804.3928861350482 0.02857142857142857 swap_t 100 2358.170140028 81.86530873548506 69.68605200100447 76.1253731315571 73.87837712927175 60.86830633181168 83.28536807155604 72.18969548849584
1.0075430766877855 2256.9020641425673 0.0 1.1156842009911363 2801.2999633736486 0.02857142857142857 f_swap_t 100 2360.670035839081 81.86530873548506 69.68605200100447 76.1253731315571 74.16959335797904 60.86830633181168 83.28536807155604 72.18969548849584
1.0075430766877855 2256.9020641425673 0.0 1.1056599711788053 2748.7844460973033 0.025 t_move_k 100 2363.224110364914 82.10665564813021 69.68605200100447 76.1253731315571 74.16959335797904 60.86830633181168 83.28536807155604 72.18969548849584
1.0075430766877855 2256.9020641425673 0.0 1.105454324065478 2747.869990919268 0.025 t_swap_r_k 100 2369.552490234375 82.10665564813021 69.68605200100447 76.1253731315571 74.16959335797904 60.86830633181168 83.49251439084047 72.18969548849584
1.0075430766877855 2256.9020641425673 0.0 1.098482651245321 2716.8689123881186 0.025 t_multiswap_k 100 2371.0813426971436 82.10665564813021 69.68605200100447 76.1253731315571 74.16959335797904 60.86830633181168 83.49251439084047 72.52779853361089
1.0075430766877855 2256.9020641425673 0.0 1.098482651245321 2716.8689123881186 0.025 t_swap_r_k 100 2376.597108602524 82.10665564813021 69.68605200100447 76.1253731315571 74.16959335797904 60.86830633181168 83.69758924693207 72.52779853361089
1.0075430766877855 2256.9020641425673 0.0 1.098482651245321 2716.8689123881186 0.025 t_move_k 100 2378.4199335575104 82.28558909164892 69.68605200100447 76.1253731315571 74.16959335797904 60.86830633181168 83.69758924693207 72.52779853361089
1.0075430766877855 2256.9020641425673 0.0 1.098482651245321 2716.8689123881186 0.025 t_swap_r_k 100 2384.7392332553864 82.28558909164892 69.68605200100447 76.1253731315571 74.16959335797904 60.86830633181168 83.90061335446275 72.52779853361089
1.0075430766877855 2256.9020641425673 0.0 1.098482651245321 2716.8689123881186 0.025 move_t 100 2386.505314350128 82.28558909164892 69.98919148099442 76.1253731315571 74.16959335797904 60.86830633181168 83.90061335446275 72.52779853361089
1.0075430766877855 2256.9020641425673 0.0 1.1072062765055628 2755.6604332677493 0.025 t_swap_k 100 2390.9073565006256 82.28558909164892 69.98919148099442 76.43411940024153 74.16959335797904 60.86830633181168 83.90061335446275 72.52779853361089
1.0075430766877855 2256.9020641425673 0.0 1.1072062765055628 2755.6604332677493 0.025 t_multiswap_k 100 2392.140545129776 82.28558909164892 69.98919148099442 76.43411940024153 74.16959335797904 60.86830633181168 83.90061335446275 72.80252054827479
1.0075430766877855 2256.9020641425673 0.0 1.1839439186570595 3041.307255826118 0.0 move_t 100 2395.53427529335 82.28558909164892 70.38929956618448 76.43411940024153 74.16959335797904 60.86830633181168 83.90061335446275 72.80252054827479
1.0075430766877855 2256.9020641425673 0.0 1.1601376983191556 2935.447654369868 0.0 t_multiswap_k 100 2397.008579492569 82.28558909164892 70.38929956618448 76.43411940024153 74.16959335797904 60.86830633181168 83.90061335446275 73.26449534279203
1.0075430766877855 2256.9020641425673 0.0 1.1491037595686462 2941.9668185789974 0.025 t_swap_k 100 2398.274658679962 82.28558909164892 70.38929956618448 76.76977820623911 74.16959335797904 60.86830633181168 83.90061335446275 73.26449534279203
1.0075430766877855 2256.9020641425673 0.0 1.1491037595686462 2941.9668185789974 0.025 t_multiswap_k 100 2400.424958229065 82.28558909164892 70.38929956618448 76.76977820623911 74.16959335797904 60.86830633181168 83.90061335446275 73.53185038936411
1.0075430766877855 2256.9020641425673 0.0 1.1452077679708739 2924.6424339449354 0.025 f_swap_t 100 2404.2879230976105 82.28558909164892 70.38929956618448 76.76977820623911 74.45789742439925 60.86830633181168 83.90061335446275 73.53185038936411
1.0075430766877855 2256.9020641425673 0.0 1.1766078415950674 3058.0937760822226 0.02222222222222222 t_swap_k 100 2407.158631324768 82.28558909164892 70.38929956618448 77.11208042417672 74.45789742439925 60.86830633181168 83.90061335446275 73.53185038936411
1.0075430766877855 2256.9020641425673 0.0 1.162554704760531 3001.779408608489 0.025 t_move_k 100 2409.817022562027 82.58273320073242 70.38929956618448 77.11208042417672 74.45789742439925 60.86830633181168 83.90061335446275 73.53185038936411
1.0075430766877855 2256.9020641425673 0.0 1.1483287554395953 2957.0485929812294 0.03333333333333333 t_swap_k 100 2412.4399406909943 82.58273320073242 70.38929956618448 77.43095961993495 74.45789742439925 60.86830633181168 83.90061335446275 73.53185038936411
1.0075430766877855 2256.9020641425673 0.0 1.1586956196035898 2971.253756877612 0.03333333333333333 swap_t 100 2414.882054567337 82.58273320073242 70.38929956618448 77.43095961993495 74.45789742439925 61.26962326849356 83.90061335446275 73.53185038936411
1.0075430766877855 2256.9020641425673 0.0 1.1859581924695402 3113.7887425688577 0.02857142857142857 t_swap_k 100 2417.5493166446686 82.58273320073242 70.38929956618448 77.8466500237356 74.45789742439925 61.26962326849356 83.90061335446275 73.53185038936411
1.0075430766877855 2256.9020641425673 0.0 1.1988004863599029 3162.9542587156543 0.025 t_multiswap_k 100 2419.1302156448364 82.58273320073242 70.38929956618448 77.8466500237356 74.45789742439925 61.26962326849356 83.90061335446275 73.93653188547047
1.0075430766877855 2256.9020641425673 0.0 1.2100062976048078 3211.1678439573175 0.025 move_t 100 2421.0583634376526 82.58273320073242 70.88540657052263 77.8466500237356 74.45789742439925 61.26962326849356 83.90061335446275 73.93653188547047
1.0075430766877855 2256.9020641425673 0.0 1.1788847358718055 3082.3350600553827 0.02857142857142857 t_move_k 100 2423.380794763565 82.9969058687251 70.88540657052263 77.8466500237356 74.45789742439925 61.26962326849356 83.90061335446275 73.93653188547047
1.0075430766877855 2256.9020641425673 0.0 1.238770169724023 3224.296537680362 0.025 swap_t 100 2425.4294090270996 82.9969058687251 70.88540657052263 77.8466500237356 74.45789742439925 61.676927035808625 83.90061335446275 73.93653188547047
1.0075430766877855 2256.9020641425673 0.0 1.2217199462526644 3235.016438538411 0.0 swap_t 100 2426.973687171936 82.9969058687251 70.88540657052263 77.8466500237356 74.45789742439925 62.120157765450536 83.90061335446275 73.93653188547047
1.0075430766877855 2256.9020641425673 0.0 1.2019149210806246 3121.2192757656676 0.0 move_t 100 2429.49858379364 82.9969058687251 71.23655250481741 77.8466500237356 74.45789742439925 62.120157765450536 83.90061335446275 73.93653188547047
1.0075430766877855 2256.9020641425673 0.0 1.189236922246638 3064.843761938646 0.0 t_swap_k 100 2432.132814884186 82.9969058687251 71.23655250481741 78.15818352349825 74.45789742439925 62.120157765450536 83.90061335446275 73.93653188547047
1.0075430766877855 2256.9020641425673 0.0 1.195719798618649 3082.579849001324 0.0 swap_t 100 2433.9812457561493 82.9969058687251 71.23655250481741 78.15818352349825 74.45789742439925 62.50895618779603 83.90061335446275 73.93653188547047
1.0075430766877855 2256.9020641425673 0.0 1.1968678282305507 3098.776265912028 0.0 move_t 100 2435.246894836426 82.9969058687251 71.53418697976923 78.15818352349825 74.45789742439925 62.50895618779603 83.90061335446275 73.93653188547047
1.0075430766877855 2256.9020641425673 0.0 1.1933015096666473 3082.917845025292 0.0 f_swap_t 100 2437.767354488373 82.9969058687251 71.53418697976923 78.15818352349825 74.71331845015526 62.50895618779603 83.90061335446275 73.93653188547047
1.0075430766877855 2256.9020641425673 0.0 1.2101265209823102 3157.7339631277177 0.0 f_swap_t 100 2440.254507303238 82.9969058687251 71.53418697976923 78.15818352349825 74.9761852656537 62.50895618779603 83.90061335446275 73.93653188547047
1.0075430766877855 2256.9020641425673 0.0 1.2000620042453556 3112.9798729991207 0.0 swap_t 100 2442.3815608024597 82.9969058687251 71.53418697976923 78.15818352349825 74.9761852656537 62.88386662591807 83.90061335446275 73.93653188547047
1.0075430766877855 2256.9020641425673 0.0 1.1784561817345716 3016.9048250636674 0.0 move_t 100 2444.203790664673 82.9969058687251 71.87884510997154 78.15818352349825 74.9761852656537 62.88386662591807 83.90061335446275 73.93653188547047
1.0075430766877855 2256.9020641425673 0.0 1.1779597866120306 3014.6974948326974 0.0 swap_t 100 2445.766547679901 82.9969058687251 71.87884510997154 78.15818352349825 74.9761852656537 63.25502795965889 83.90061335446275 73.93653188547047
1.0075430766877855 2256.9020641425673 0.0 1.1779597866120306 3014.6974948326974 0.0 swap_t 100 2446.96914601326 82.9969058687251 71.87884510997154 78.15818352349825 74.9761852656537 63.6224776800623 83.90061335446275 73.93653188547047
1.0075430766877855 2256.9020641425673 0.0 1.1779597866120306 3014.6974948326974 0.0 t_swap_r_k 100 2451.2435257434845 82.9969058687251 71.87884510997154 78.15818352349825 74.9761852656537 63.6224776800623 84.10160722091813 73.93653188547047
1.0075430766877855 2256.9020641425673 0.0 1.1779597866120306 3014.6974948326974 0.0 f_swap_t 100 2454.1335887908936 82.9969058687251 71.87884510997154 78.15818352349825 75.22642341299716 63.6224776800623 84.10160722091813 73.93653188547047
1.0075430766877855 2256.9020641425673 0.0 1.176819678538663 3005.5427353584705 0.0 move_t 100 2455.8189780712128 82.9969058687251 72.19005665887182 78.15818352349825 75.22642341299716 63.6224776800623 84.10160722091813 73.93653188547047
1.0075430766877855 2256.9020641425673 0.0 1.160230808997611 2999.386266149103 0.02857142857142857 t_move_k 100 2457.83918428421 83.26693681003785 72.19005665887182 78.15818352349825 75.22642341299716 63.6224776800623 84.10160722091813 73.93653188547047
1.0075430766877855 2256.9020641425673 0.0 1.1542264662614374 2972.6866338666096 0.02857142857142857 move_t 100 2459.7511467933655 83.26693681003785 72.49815609228311 78.15818352349825 75.22642341299716 63.6224776800623 84.10160722091813 73.93653188547047
1.0075430766877855 2256.9020641425673 0.0 1.1501086409625347 2954.3758168271543 0.02857142857142857 t_swap_r_k 100 2464.4869000911713 83.26693681003785 72.49815609228311 78.15818352349825 75.22642341299716 63.6224776800623 84.30059114870895 73.93653188547047
1.0075430766877855 2256.9020641425673 0.0 1.1357311753196324 2890.443249569291 0.02857142857142857 t_swap_k 100 2467.8719577789307 83.26693681003785 72.49815609228311 78.46660168826327 75.22642341299716 63.6224776800623 84.30059114870895 73.93653188547047
1.0075430766877855 2256.9020641425673 0.0 1.1357311753196324 2890.443249569291 0.02857142857142857 t_swap_r_k 100 2473.0270817279816 83.26693681003785 72.49815609228311 78.46660168826327 75.22642341299716 63.6224776800623 84.49758523722186 73.93653188547047
1.0075430766877855 2256.9020641425673 0.0 1.1345459703747618 2884.0872683789476 0.02857142857142857 move_t 100 2474.5268745422363 83.26693681003785 72.83317453136029 78.46660168826327 75.22642341299716 63.6224776800623 84.49758523722186 73.93653188547047
1.0075430766877855 2256.9020641425673 0.0 1.1345459703747618 2884.0872683789476 0.02857142857142857 swap_t 100 2476.0207674503326 83.26693681003785 72.83317453136029 78.46660168826327 75.22642341299716 63.98625290326168 84.49758523722186 73.93653188547047
1.0075430766877855 2256.9020641425673 0.0 1.1345459703747618 2884.0872683789476 0.02857142857142857 t_multiswap_k 100 2477.3489122390747 83.26693681003785 72.83317453136029 78.46660168826327 75.22642341299716 63.98625290326168 84.49758523722186 74.19716656661576
1.0075430766877855 2256.9020641425673 0.0 1.1345459703747618 2884.0872683789476 0.02857142857142857 move_t 100 2479.4492490291595 83.26693681003785 73.10484278604669 78.46660168826327 75.22642341299716 63.98625290326168 84.49758523722186 74.19716656661576
1.0075430766877855 2256.9020641425673 0.0 1.1506256898108174 2956.6749883981015 0.02857142857142857 f_swap_t 100 2482.20881152153 83.26693681003785 73.10484278604669 78.46660168826327 75.51415917886719 63.98625290326168 84.49758523722186 74.19716656661576
1.0075430766877855 2256.9020641425673 0.0 1.1542114343581489 2972.6197911982363 0.02857142857142857 t_multiswap_k 100 2483.3877017498016 83.26693681003785 73.10484278604669 78.46660168826327 75.51415917886719 63.98625290326168 84.49758523722186 74.5251949009496
1.0075430766877855 2256.9020641425673 0.0 1.150393471507234 2966.2298076779844 0.03333333333333333 t_move_k 100 2486.215529203415 83.58426744193747 73.10484278604669 78.46660168826327 75.51415917886719 63.98625290326168 84.49758523722186 74.5251949009496
1.0075430766877855 2256.9020641425673 0.0 1.1450795675874537 2945.690669426913 0.03333333333333333 move_t 100 2488.1753454208374 83.58426744193747 73.49379435818622 78.46660168826327 75.51415917886719 63.98625290326168 84.49758523722186 74.5251949009496
1.0075430766877855 2256.9020641425673 0.0 1.1457745305323073 2945.690669426913 0.03333333333333333 t_swap_r_k 100 2492.747419834137 83.58426744193747 73.49379435818622 78.46660168826327 75.51415917886719 63.98625290326168 84.69260938484963 74.5251949009496
1.0075430766877855 2256.9020641425673 0.0 1.1457745305323073 2945.690669426913 0.03333333333333333 f_swap_t 100 2494.875262260437 83.58426744193747 73.49379435818622 78.46660168826327 75.75901758707852 63.98625290326168 84.69260938484963 74.5251949009496
1.0075430766877855 2256.9020641425673 0.0 1.187288527126583 3056.179793952098 0.0 t_swap_k 100 2496.9296917915344 83.58426744193747 73.49379435818622 78.75193567138064 75.75901758707852 63.98625290326168 84.69260938484963 74.5251949009496
1.0075430766877855 2256.9020641425673 0.0 1.205528924206584 3137.2897365589165 0.0 t_multiswap_k 100 2499.014127969742 83.58426744193747 73.49379435818622 78.75193567138064 75.75901758707852 63.98625290326168 84.69260938484963 74.87994295194011
1.0075430766877855 2256.9020641425673 0.0 1.2018185921307754 3120.7909278761244 0.0 f_swap_t 100 2501.0588755607605 83.58426744193747 73.49379435818622 78.75193567138064 76.00142741120773 63.98625290326168 84.69260938484963 74.87994295194011
1.0075430766877855 2256.9020641425673 0.0 1.1964782375235181 3097.0438650356127 0.0 t_move_k 100 2504.0230429172516 83.8984247675181 73.49379435818622 78.75193567138064 76.00142741120773 63.98625290326168 84.69260938484963 74.87994295194011
1.0075430766877855 2256.9020641425673 0.0 1.2059701536613203 3139.2517604991376 0.0 f_swap_t 100 2505.706792116165 83.8984247675181 73.49379435818622 78.75193567138064 76.25141313709565 63.98625290326168 84.69260938484963 74.87994295194011
1.0075430766877855 2256.9020641425673 0.0 1.1985203799599118 3106.1247011097594 0.0 t_swap_k 100 2508.8042271137238 83.8984247675181 73.49379435818622 79.18441631466683 76.25141313709565 63.98625290326168 84.69260938484963 74.87994295194011
1.0075430766877855 2256.9020641425673 0.0 1.1985203799599118 3106.1247011097594 0.0 t_swap_r_k 100 2513.193419933319 83.8984247675181 73.49379435818622 79.18441631466683 76.25141313709565 63.98625290326168 84.88568329100113 74.87994295194011
1.0075430766877855 2256.9020641425673 0.0 1.1886898517346753 3062.411092428626 0.0 t_move_k 100 2515.4767804145813 84.20944051984291 73.49379435818622 79.18441631466683 76.25141313709565 63.98625290326168 84.88568329100113 74.87994295194011
1.0075430766877855 2256.9020641425673 0.0 1.1860701369063191 3050.7619535177655 0.0 t_swap_r_k 100 2520.1422629356384 84.20944051984291 73.49379435818622 79.18441631466683 76.25141313709565 63.98625290326168 85.07682645809112 74.87994295194011
1.0075430766877855 2256.9020641425673 0.0 1.1832650439258041 3076.4467666730598 0.0 move_t 100 2521.978008031845 84.20944051984291 73.82885641460436 79.18441631466683 76.25141313709565 63.98625290326168 85.07682645809112 74.87994295194011
1.0075430766877855 2256.9020641425673 0.0 1.1874115144655135 3056.7266842395334 0.0 t_multiswap_k 100 2524.6949417591095 84.20944051984291 73.82885641460436 79.18441631466683 76.25141313709565 63.98625290326168 85.07682645809112 75.32114352242071
1.0075430766877855 2256.9020641425673 0.0 1.1843929446711892 3043.3039488846784 0.0 t_swap_r_k 100 2529.135752439499 84.20944051984291 73.82885641460436 79.18441631466683 76.25141313709565 63.98625290326168 85.2660581935102 75.32114352242071
1.0075430766877855 2256.9020641425673 0.0 1.1822680202096643 3033.8550043051177 0.0 move_t 100 2531.379170656204 84.20944051984291 74.12056785045831 79.18441631466683 76.25141313709565 63.98625290326168 85.2660581935102 75.32114352242071
1.0075430766877855 2256.9020641425673 0.0 1.1822680202096643 3033.8550043051177 0.0 t_swap_r_k 100 2536.031124353409 84.20944051984291 74.12056785045831 79.18441631466683 76.25141313709565 63.98625290326168 85.4533976115751 75.32114352242071
1.0075430766877855 2256.9020641425673 0.0 1.1822680202096643 3033.8550043051177 0.0 f_swap_t 100 2538.9742290973663 84.20944051984291 74.12056785045831 79.18441631466683 76.48889900572469 63.98625290326168 85.4533976115751 75.32114352242071
1.0075430766877855 2256.9020641425673 0.0 1.1822680202096643 3033.8550043051177 0.0 f_swap_t 100 2541.9125130176544 84.20944051984291 74.12056785045831 79.18441631466683 76.72401001566745 63.98625290326168 85.4533976115751 75.32114352242071
1.0075430766877855 2256.9020641425673 0.0 1.1822680202096643 3033.8550043051177 0.0 t_swap_r_k 100 2546.289530277252 84.20944051984291 74.12056785045831 79.18441631466683 76.72401001566745 63.98625290326168 85.63886363545934 75.32114352242071
1.0075430766877855 2256.9020641425673 0.0 1.2165773348941782 3195.036017882942 0.0 move_t 100 2548.0299644470215 84.20944051984291 74.53936217195373 79.18441631466683 76.72401001566745 63.98625290326168 85.63886363545934 75.32114352242071
1.0075430766877855 2256.9020641425673 0.0 1.2006671154287325 3115.6706331365885 0.0 t_multiswap_k 100 2549.443925857544 84.20944051984291 74.53936217195373 79.18441631466683 76.72401001566745 63.98625290326168 85.63886363545934 75.6879320871965
1.0075430766877855 2256.9020641425673 0.0 1.196767628293431 3101.798378811856 0.0 move_t 100 2551.0495352745056 84.20944051984291 74.93396855023418 79.18441631466683 76.72401001566745 63.98625290326168 85.63886363545934 75.6879320871965
1.0075430766877855 2256.9020641425673 0.0 1.1786253952167012 3017.6572700769884 0.0 t_move_k 100 2553.807422399521 84.52734611464449 74.93396855023418 79.18441631466683 76.72401001566745 63.98625290326168 85.63886363545934 75.6879320871965
1.0075430766877855 2256.9020641425673 0.0 1.1841592946589303 3051.5119025131526 0.0 move_t 100 2554.735967874527 84.52734611464449 75.22462886473184 79.18441631466683 76.72401001566745 63.98625290326168 85.63886363545934 75.6879320871965
1.0075430766877855 2256.9020641425673 0.0 1.1810667100555432 3028.513114146346 0.0 t_multiswap_k 100 2557.0629444122314 84.52734611464449 75.22462886473184 79.18441631466683 76.72401001566745 63.98625290326168 85.63886363545934 76.06105276632454
1.0075430766877855 2256.9020641425673 0.0 1.1756681512830518 3004.50723366711 0.0 swap_t 100 2558.850430250168 84.52734611464449 75.22462886473184 79.18441631466683 76.72401001566745 64.37639037422906 85.63886363545934 76.06105276632454
1.0075430766877855 2256.9020641425673 0.0 1.1632836490272171 2949.4368170101106 0.0 t_move_k 100 2562.0307009220123 84.77207265349804 75.22462886473184 79.18441631466683 76.72401001566745 64.37639037422906 85.63886363545934 76.06105276632454
1.0075430766877855 2256.9020641425673 0.0 1.1895529491915235 3066.249045346099 0.0 t_swap_k 100 2565.3296558856964 84.77207265349804 75.22462886473184 79.55257215152017 76.72401001566745 64.37639037422906 85.63886363545934 76.06105276632454
1.0075430766877855 2256.9020641425673 0.0 1.1773656805142279 3012.0556712318294 0.0 t_swap_k 100 2568.5933005809784 84.77207265349804 75.22462886473184 79.82704643000497 76.72401001566745 64.37639037422906 85.63886363545934 76.06105276632454
1.0075430766877855 2256.9020641425673 0.0 1.1736396955341244 2999.2408908246202 0.0 move_t 100 2569.827769756317 84.77207265349804 75.53238257608453 79.82704643000497 76.72401001566745 64.37639037422906 85.63886363545934 76.06105276632454
1.0075430766877855 2256.9020641425673 0.0 1.1618689261988917 2943.145940396693 0.0 t_swap_k 100 2574.1960937976837 84.77207265349804 75.53238257608453 80.11877596570491 76.72401001566745 64.37639037422906 85.63886363545934 76.06105276632454
1.0075430766877855 2256.9020641425673 0.0 1.1587794104824116 2929.40772837491 0.0 t_swap_r_k 100 2578.4179272651672 84.77207265349804 75.53238257608453 80.11877596570491 76.72401001566745 64.37639037422906 85.82247499910476 76.06105276632454
1.0075430766877855 2256.9020641425673 0.0 1.1674063808856396 2967.769452147017 0.0 f_swap_t 100 2580.974507331848 84.77207265349804 75.53238257608453 80.11877596570491 76.99676991551077 64.37639037422906 85.82247499910476 76.06105276632454
1.0075430766877855 2256.9020641425673 0.0 1.158495029591848 2928.1431661172505 0.0 f_swap_t 100 2584.0651021003723 84.77207265349804 75.53238257608453 80.11877596570491 77.22680221635567 64.37639037422906 85.82247499910476 76.06105276632454
1.0075430766877855 2256.9020641425673 0.0 1.1570657058784732 2921.787363452982 0.0 t_swap_k 100 2586.797908782959 84.77207265349804 75.53238257608453 80.34758820604786 77.22680221635567 64.37639037422906 85.82247499910476 76.06105276632454
1.0075430766877855 2256.9020641425673 0.0 1.1611609502528624 2939.9977694387035 0.0 t_move_k 100 2589.097110748291 84.99435192696306 75.53238257608453 80.34758820604786 77.22680221635567 64.37639037422906 85.82247499910476 76.06105276632454
1.0075430766877855 2256.9020641425673 0.0 1.1565234038435754 2919.3758980263683 0.0 t_swap_k 100 2590.9264912605286 84.99435192696306 75.53238257608453 80.54411232398738 77.22680221635567 64.37639037422906 85.82247499910476 76.06105276632454
1.0075430766877855 2256.9020641425673 0.0 1.176456937922735 3008.0147471709615 0.0 t_swap_k 100 2593.7518589496613 84.99435192696306 75.53238257608453 80.85867120074751 77.22680221635567 64.37639037422906 85.82247499910476 76.06105276632454
1.0075430766877855 2256.9020641425673 0.0 1.1725736133011457 2990.7466890360815 0.0 t_swap_r_k 100 2598.039584875107 84.99435192696306 75.53238257608453 80.85867120074751 77.22680221635567 64.37639037422906 86.00425024911371 76.06105276632454
1.0075430766877855 2256.9020641425673 0.0 1.1636497487615975 2951.0647601033293 0.0 t_swap_k 100 2600.4207367897034 84.99435192696306 75.53238257608453 81.19008448874003 77.22680221635567 64.37639037422906 86.00425024911371 76.06105276632454
1.0075430766877855 2256.9020641425673 0.0 1.1785339349126285 3026.0640439233375 0.0 move_t 100 2602.7323179244995 84.99435192696306 75.82705875032369 81.19008448874003 77.22680221635567 64.37639037422906 86.00425024911371 76.06105276632454
1.0075430766877855 2256.9020641425673 0.0 1.1763329360902057 3007.463345714323 0.0 t_multiswap_k 100 2605.2879450321198 84.99435192696306 75.82705875032369 81.19008448874003 77.22680221635567 64.37639037422906 86.00425024911371 76.40044223866128
1.0075430766877855 2256.9020641425673 0.0 1.2477177523427274 3324.891651898981 0.0 f_swap_t 100 2609.7912046909332 84.99435192696306 75.82705875032369 81.19008448874003 77.55453419419212 64.37639037422906 86.00425024911371 76.40044223866128
1.0075430766877855 2256.9020641425673 0.0 1.232080716562085 3255.3581286348817 0.0 f_swap_t 100 2614.2471463680267 84.99435192696306 75.82705875032369 81.19008448874003 77.7789888522502 64.37639037422906 86.00425024911371 76.40044223866128
1.0075430766877855 2256.9020641425673 0.0 1.2311612948626443 3251.2697175687176 0.0 f_swap_t 100 2617.4699981212616 84.99435192696306 75.82705875032369 81.19008448874003 78.00119896372769 64.37639037422906 86.00425024911371 76.40044223866128
1.0075430766877855 2256.9020641425673 0.0 1.210915391258634 3161.24184854031 0.0 t_multiswap_k 100 2619.27983212471 84.99435192696306 75.82705875032369 81.19008448874003 78.00119896372769 64.37639037422906 86.00425024911371 76.78643781627467
1.0075430766877855 2256.9020641425673 0.0 1.2077066498730415 3146.9734733243527 0.0 swap_t 100 2621.5635323524475 84.99435192696306 75.82705875032369 81.19008448874003 78.00119896372769 64.80262647048677 86.00425024911371 76.78643781627467
1.0075430766877855 2256.9020641425673 0.0 1.2064233348419175 3141.266930420467 0.0 t_swap_r_k 100 2626.504717350006 84.99435192696306 75.82705875032369 81.19008448874003 78.00119896372769 64.80262647048677 86.18420774662258 76.78643781627467
1.0075430766877855 2256.9020641425673 0.0 1.2064233348419175 3141.266930420467 0.0 t_swap_r_k 100 2631.3758749961853 84.99435192696306 75.82705875032369 81.19008448874003 78.00119896372769 64.80262647048677 86.36236566915635 76.78643781627467
1.0075430766877855 2256.9020641425673 0.0 1.2001871391409016 3113.536312869993 0.0 move_t 100 2632.669414997101 84.99435192696306 76.12878816282046 81.19008448874003 78.00119896372769 64.80262647048677 86.36236566915635 76.78643781627467
1.0075430766877855 2256.9020641425673 0.0 1.190310837572138 3069.6191629364343 0.0 t_swap_k 100 2636.2195813655853 84.99435192696306 76.12878816282046 81.43818364385262 78.00119896372769 64.80262647048677 86.36236566915635 76.78643781627467
1.0075430766877855 2256.9020641425673 0.0 1.1707405200544132 2982.595436221611 0.0 t_multiswap_k 100 2639.0172848701477 84.99435192696306 76.12878816282046 81.43818364385262 78.00119896372769 64.80262647048677 86.36236566915635 77.20857343811193
1.0075430766877855 2256.9020641425673 0.0 1.1635791648632536 2950.750893255008 0.0 t_swap_r_k 100 2643.691055059433 84.99435192696306 76.12878816282046 81.43818364385262 78.00119896372769 64.80262647048677 86.53874201246478 77.20857343811193
1.0075430766877855 2256.9020641425673 0.0 1.1596555707083485 2933.3037677718826 0.0 move_t 100 2645.937047481537 84.99435192696306 76.39750028119225 81.43818364385262 78.00119896372769 64.80262647048677 86.53874201246478 77.20857343811193
1.0075430766877855 2256.9020641425673 0.0 1.193719795629168 3084.7778456746473 0.0 t_multiswap_k 100 2648.514487028122 84.99435192696306 76.39750028119225 81.43818364385262 78.00119896372769 64.80262647048677 86.53874201246478 77.5964877037308
1.0075430766877855 2256.9020641425673 0.0 1.178409911915789 3016.6990761246816 0.0 move_t 100 2650.403551340103 84.99435192696306 76.75352527838032 81.43818364385262 78.00119896372769 64.80262647048677 86.53874201246478 77.5964877037308
1.0075430766877855 2256.9020641425673 0.0 1.1763886092566558 3007.7109087095632 0.0 t_swap_r_k 100 2654.315015077591 84.99435192696306 76.75352527838032 81.43818364385262 78.00119896372769 64.80262647048677 86.71335459234014 77.5964877037308
1.0075430766877855 2256.9020641425673 0.0 1.1763886092566558 3007.7109087095632 0.0 t_swap_r_k 100 2658.0484912395477 84.99435192696306 76.75352527838032 81.43818364385262 78.00119896372769 64.80262647048677 86.88622104641674 77.5964877037308
1.0075430766877855 2256.9020641425673 0.0 1.1975474779721784 3101.798478164008 0.0 t_multiswap_k 100 2659.010761976242 84.99435192696306 76.75352527838032 81.43818364385262 78.00119896372769 64.80262647048677 86.88622104641674 77.98052282669349
1.0075430766877855 2256.9020641425673 0.0 1.1991211535919566 3108.7961733699913 0.0 t_multiswap_k 100 2661.3040239810944 84.99435192696306 76.75352527838032 81.43818364385262 78.00119896372769 64.80262647048677 86.88622104641674 78.36071759842655
1.0075430766877855 2256.9020641425673 0.0 1.1856131223887814 3101.996413893038 0.0 move_t 100 2662.393849134445 84.99435192696306 77.04599002559652 81.43818364385262 78.00119896372769 64.80262647048677 86.88622104641674 78.36071759842655
1.0075430766877855 2256.9020641425673 0.0 1.1840344563380956 3041.709851563501 0.0 t_swap_r_k 100 2667.6524846553802 84.99435192696306 77.04599002559652 81.43818364385262 78.00119896372769 64.80262647048677 87.05735883595257 78.36071759842655
1.0075430766877855 2256.9020641425673 0.0 1.1791035894706572 3019.7836661375104 0.0 t_move_k 100 2670.5510284900665 85.32440840769343 77.04599002559652 81.43818364385262 78.00119896372769 64.80262647048677 87.05735883595257 78.36071759842655
1.0075430766877855 2256.9020641425673 0.0 1.1719894263299742 2988.1489730162193 0.0 t_multiswap_k 100 2673.2046570777893 85.32440840769343 77.04599002559652 81.43818364385262 78.00119896372769 64.80262647048677 87.05735883595257 78.70711042244228
1.0075430766877855 2256.9020641425673 0.0 1.1566863470830557 2920.1004610248847 0.0 move_t 100 2675.529405593872 85.32440840769343 77.36553012534056 81.43818364385262 78.00119896372769 64.80262647048677 87.05735883595257 78.70711042244228
1.0075430766877855 2256.9020641425673 0.0 1.1536447528120553 2906.5753422639254 0.0 t_swap_r_k 100 2680.555086374283 85.32440840769343 77.36553012534056 81.43818364385262 78.00119896372769 64.80262647048677 87.22678524759304 78.70711042244228
1.0075430766877855 2256.9020641425673 0.0 1.1513849401490401 2896.5265875906903 0.0 move_t 100 2683.059464931488 85.32440840769343 77.65187482408714 81.43818364385262 78.00119896372769 64.80262647048677 87.22678524759304 78.70711042244228
1.0075430766877855 2256.9020641425673 0.0 1.1450148498565256 2931.725152894377 0.02857142857142857 f_swap_t 100 2686.1923093795776 85.32440840769343 77.65187482408714 81.43818364385262 78.25118697409042 64.80262647048677 87.22678524759304 78.70711042244228
1.0075430766877855 2256.9020641425673 0.0 1.1374213433042175 2897.958953729914 0.02857142857142857 swap_t 100 2688.620864391327 85.32440840769343 77.65187482408714 81.43818364385262 78.25118697409042 65.1846002057819 87.22678524759304 78.70711042244228
1.0075430766877855 2256.9020641425673 0.0 1.1489101003775715 2885.5216675253814 0.0 t_multiswap_k 100 2691.408591747284 85.32440840769343 77.65187482408714 81.43818364385262 78.25118697409042 65.1846002057819 87.22678524759304 79.05003931821786
1.0075430766877855 2256.9020641425673 0.0 1.141979033470356 2853.5336918176 0.0 swap_t 100 2694.1536498069763 85.32440840769343 77.65187482408714 81.43818364385262 78.25118697409042 65.59275420372408 87.22678524759304 79.05003931821786
1.0075430766877855 2256.9020641425673 0.0 1.131584014152098 2872.0019841294747 0.02857142857142857 t_swap_k 100 2697.2198774814606 85.32440840769343 77.65187482408714 81.6538018074141 78.25118697409042 65.59275420372408 87.22678524759304 79.05003931821786
1.0075430766877855 2256.9020641425673 0.0 1.1394942239066705 2907.1764738287543 0.02857142857142857 t_swap_k 100 2700.059910058975 85.32440840769343 77.65187482408714 81.87726378933996 78.25118697409042 65.59275420372408 87.22678524759304 79.05003931821786
1.0075430766877855 2256.9020641425673 0.0 1.1552826377354508 2977.383132921123 0.02857142857142857 t_move_k 100 2702.445856332779 85.66116432361649 77.65187482408714 81.87726378933996 78.25118697409042 65.59275420372408 87.22678524759304 79.05003931821786
1.0075430766877855 2256.9020641425673 0.0 1.1676657591240163 2968.9228346055193 0.0 t_multiswap_k 100 2704.65527844429 85.66116432361649 77.65187482408714 81.87726378933996 78.25118697409042 65.59275420372408 87.22678524759304 79.43953892503568
1.0075430766877855 2256.9020641425673 0.0 1.136960473728074 2832.385021022422 0.0 t_swap_k 100 2707.5033116340637 85.66116432361649 77.65187482408714 82.23849115144657 78.25118697409042 65.59275420372408 87.22678524759304 79.43953892503568
1.0075430766877855 2256.9020641425673 0.0 1.1433741650829166 2924.4294867287963 0.02857142857142857 move_t 100 2709.2027690410614 85.66116432361649 77.99535607584627 82.23849115144657 78.25118697409042 65.59275420372408 87.22678524759304 79.43953892503568
1.0075430766877855 2256.9020641425673 0.0 1.1398022360965019 2933.955947719685 0.04 t_multiswap_k 100 2709.9861941337585 85.66116432361649 77.99535607584627 82.23849115144657 78.25118697409042 65.59275420372408 87.22678524759304 79.67514353578532
1.0075430766877855 2256.9020641425673 0.0 1.1398022360965019 2933.955947719685 0.04 t_swap_r_k 100 2714.6762721538544 85.66116432361649 77.99535607584627 82.23849115144657 78.25118697409042 65.59275420372408 87.3945173951171 79.67514353578532
1.0075430766877855 2256.9020641425673 0.0 1.1386806073743376 2928.968378595949 0.04 f_swap_t 100 2717.8698756694794 85.66116432361649 77.99535607584627 82.23849115144657 78.49867510434952 65.59275420372408 87.3945173951171 79.67514353578532
1.0075430766877855 2256.9020641425673 0.0 1.1381372293218446 2926.552128420133 0.04 f_swap_t 100 2720.8645689487457 85.66116432361649 77.99535607584627 82.23849115144657 78.74368835330603 65.59275420372408 87.3945173951171 79.67514353578532
1.0075430766877855 2256.9020641425673 0.0 1.1381372293218446 2926.552128420133 0.04 swap_t 100 2723.1475942134857 85.66116432361649 77.99535607584627 82.23849115144657 78.74368835330603 65.93682666168684 87.3945173951171 79.67514353578532
1.0075430766877855 2256.9020641425673 0.0 1.1381372293218446 2926.552128420133 0.04 t_swap_r_k 100 2728.378542661667 85.66116432361649 77.99535607584627 82.23849115144657 78.74368835330603 65.93682666168684 87.56057222116594 79.67514353578532
1.0075430766877855 2256.9020641425673 0.0 1.1712043549558475 2984.6579802588585 0.0 t_swap_k 100 2731.8848741054535 85.66116432361649 77.99535607584627 82.6261062399321 78.74368835330603 65.93682666168684 87.56057222116594 79.67514353578532
1.0075430766877855 2256.9020641425673 0.0 1.1402568044192591 2847.0428813750477 0.0 t_multiswap_k 100 2734.1320502758026 85.66116432361649 77.99535607584627 82.6261062399321 78.74368835330603 65.93682666168684 87.56057222116594 79.96839210042747
1.0075430766877855 2256.9020641425673 0.0 1.1326493593896418 2813.214701701629 0.0 t_move_k 100 2736.1593651771545 85.98455268038032 77.99535607584627 82.6261062399321 78.74368835330603 65.93682666168684 87.56057222116594 79.96839210042747
1.0075430766877855 2256.9020641425673 0.0 1.1386143453013635 2839.739325196843 0.0 t_move_k 100 2738.9001932144165 86.20470715357652 77.99535607584627 82.6261062399321 78.74368835330603 65.93682666168684 87.56057222116594 79.96839210042747
1.0075430766877855 2256.9020641425673 0.0 1.1479271022143755 2822.8699714761556 0.0 swap_t 100 2741.128746986389 86.20470715357652 77.99535607584627 82.6261062399321 78.74368835330603 66.28745839506996 87.56057222116594 79.96839210042747
1.0075430766877855 2256.9020641425673 0.0 1.156613614705046 2919.7770404885805 0.0 t_multiswap_k 100 2743.3400478363037 86.20470715357652 77.99535607584627 82.6261062399321 78.74368835330603 66.28745839506996 87.56057222116594 80.29870817942319
1.0075430766877855 2256.9020641425673 0.0 1.153048236815922 2903.922802519412 0.0 t_swap_r_k 100 2746.8691470623016 86.20470715357652 77.99535607584627 82.6261062399321 78.74368835330603 66.28745839506996 87.72496649895429 80.29870817942319
1.0075430766877855 2256.9020641425673 0.0 1.1405862996806193 2848.508054617765 0.0 t_move_k 100 2749.2312037944794 86.52266008204076 77.99535607584627 82.6261062399321 78.74368835330603 66.28745839506996 87.72496649895429 80.29870817942319
1.0075430766877855 2256.9020641425673 0.0 1.1198567312111902 2830.4414669994226 0.03333333333333333 t_swap_r_k 100 2753.68816614151 86.52266008204076 77.99535607584627 82.6261062399321 78.74368835330603 66.28745839506996 87.94771683396475 80.29870817942319
1.0075430766877855 2256.9020641425673 0.0 1.125711567636566 2856.4762865459343 0.03333333333333333 t_move_k 100 2755.834751367569 86.76743348122035 77.99535607584627 82.6261062399321 78.74368835330603 66.28745839506996 87.94771683396475 80.29870817942319
1.0075430766877855 2256.9020641425673 0.0 1.1235665842565452 2836.3507164607754 0.02857142857142857 move_t 100 2757.6756479740143 86.76743348122035 78.21540251508782 82.6261062399321 78.74368835330603 66.28745839506996 87.94771683396475 80.29870817942319
1.0075430766877855 2256.9020641425673 0.0 1.1211856318755926 2836.3507164607745 0.03333333333333333 f_swap_t 100 2759.115439414978 86.76743348122035 78.21540251508782 82.6261062399321 78.95625146977297 66.28745839506996 87.94771683396475 80.29870817942319
1.0075430766877855 2256.9020641425673 0.0 1.1367746832693355 2905.6708665811657 0.03333333333333333 t_move_k 100 2759.9988989830017 86.90975914640815 78.21540251508782 82.6261062399321 78.95625146977297 66.28745839506996 87.94771683396475 80.29870817942319
1.0075430766877855 2256.9020641425673 0.0 1.1310110692340323 2880.041687481559 0.03333333333333333 t_multiswap_k 100 2760.4472415447235 86.90975914640815 78.21540251508782 82.6261062399321 78.95625146977297 66.28745839506996 87.94771683396475 80.52572109762896
1.0075430766877855 2256.9020641425673 0.0 1.1468763824050685 2950.5902964344227 0.03333333333333333 t_swap_k 100 2761.677616596222 86.90975914640815 78.21540251508782 82.89984517753278 78.95625146977297 66.28745839506996 87.94771683396475 80.52572109762896
1.0075430766877855 2256.9020641425673 0.0 1.1327353539894012 2906.705975436735 0.03333333333333333 move_t 100 2762.679401397705 86.90975914640815 78.49324848993695 82.89984517753278 78.95625146977297 66.28745839506996 87.94771683396475 80.52572109762896
1.0075430766877855 2256.9020641425673 0.0 1.1272414317203048 2863.2791641085246 0.03333333333333333 f_swap_t 100 2764.687114238739 86.90975914640815 78.49324848993695 82.89984517753278 79.16668895507523 66.28745839506996 87.94771683396475 80.52572109762896
1.0075430766877855 2256.9020641425673 0.0 1.1272414317203048 2863.2791641085246 0.03333333333333333 t_move_k 100 2766.044657468796 87.04066155494407 78.49324848993695 82.89984517753278 79.16668895507523 66.28745839506996 87.94771683396475 80.52572109762896
1.0075430766877855 2256.9020641425673 0.0 1.1272414317203048 2863.2791641085246 0.03333333333333333 swap_t 100 2767.3529007434845 87.04066155494407 78.49324848993695 82.89984517753278 79.16668895507523 66.62458381111927 87.94771683396475 80.52572109762896
1.0075430766877855 2256.9020641425673 0.0 1.1272414317203048 2863.2791641085246 0.03333333333333333 t_swap_r_k 100 2772.9182300567627 87.04066155494407 78.49324848993695 82.89984517753278 79.16668895507523 66.62458381111927 88.1082396656251 80.52572109762896
1.0075430766877855 2256.9020641425673 0.0 1.1272414317203048 2863.2791641085246 0.03333333333333333 t_swap_r_k 100 2777.741523504257 87.04066155494407 78.49324848993695 82.89984517753278 79.16668895507523 66.62458381111927 88.26715726896886 80.52572109762896
1.0075430766877855 2256.9020641425673 0.0 1.126648931043566 2860.6444793659716 0.03333333333333333 move_t 100 2779.448706150055 87.04066155494407 78.73831600503757 82.89984517753278 79.16668895507523 66.62458381111927 88.26715726896886 80.52572109762896
1.0075430766877855 2256.9020641425673 0.0 1.1266866214314555 2860.8120779760857 0.03333333333333333 t_move_k 100 2781.66890668869 87.25025493939462 78.73831600503757 82.89984517753278 79.16668895507523 66.62458381111927 88.26715726896886 80.52572109762896
1.0075430766877855 2256.9020641425673 0.0 1.118502961488391 2824.421631793122 0.03333333333333333 f_swap_t 100 2784.3565969467163 87.25025493939462 78.73831600503757 82.89984517753278 79.37502206552448 66.62458381111927 88.26715726896886 80.52572109762896
1.0075430766877855 2256.9020641425673 0.0 1.118502961488391 2824.421631793122 0.03333333333333333 f_swap_t 100 2786.0181937217712 87.25025493939462 78.73831600503757 82.89984517753278 79.58127184486924 66.62458381111927 88.26715726896886 80.52572109762896
1.0075430766877855 2256.9020641425673 0.0 1.118502961488391 2824.421631793122 0.03333333333333333 f_swap_t 100 2786.9583518505096 87.25025493939462 78.73831600503757 82.89984517753278 79.78545912642055 66.62458381111927 88.26715726896886 80.52572109762896
1.0075430766877855 2256.9020641425673 0.0 1.1221359942095066 2840.5767118720237 0.03333333333333333 move_t 100 2788.868026971817 87.25025493939462 79.0209328449872 82.89984517753278 79.78545912642055 66.62458381111927 88.26715726896886 80.52572109762896
1.0075430766877855 2256.9020641425673 0.0 1.119758792888112 2830.0059626773927 0.03333333333333333 f_swap_t 100 2789.6661739349365 87.25025493939462 79.0209328449872 82.89984517753278 79.98760453515634 66.62458381111927 88.26715726896886 80.52572109762896
1.0075430766877855 2256.9020641425673 0.0 1.1156823758032743 2811.8792763808997 0.03333333333333333 t_move_k 100 2790.469510793686 87.40775239000068 79.0209328449872 82.89984517753278 79.98760453515634 66.62458381111927 88.26715726896886 80.52572109762896
1.0075430766877855 2256.9020641425673 0.0 1.1135066039076642 2802.204227487805 0.03333333333333333 swap_t 100 2791.3254013061523 87.40775239000068 79.0209328449872 82.89984517753278 79.98760453515634 66.95833797300807 88.26715726896886 80.52572109762896
1.0075430766877855 2256.9020641425673 0.0 1.1135066039076642 2802.204227487805 0.03333333333333333 t_swap_r_k 100 2794.6725749969482 87.40775239000068 79.0209328449872 82.89984517753278 79.98760453515634 66.95833797300807 88.42448569627918 80.52572109762896
1.0075430766877855 2256.9020641425673 0.0 1.1301732705743308 2802.204227487805 0.0 t_swap_r_k 100 2800.263157606125 87.40775239000068 79.0209328449872 82.89984517753278 79.98760453515634 66.95833797300807 88.58024083931639 80.52572109762896
1.0075430766877855 2256.9020641425673 0.0 1.11923463721914 2817.087759956119 0.02857142857142857 f_swap_t 100 2802.268048763275 87.40775239000068 79.0209328449872 82.89984517753278 80.24772848980477 66.95833797300807 88.58024083931639 80.52572109762896
1.0075430766877855 2256.9020641425673 0.0 1.1265236842103816 2849.5001126327074 0.02857142857142857 t_swap_k 100 2805.1283354759216 87.40775239000068 79.0209328449872 83.11084672575745 80.24772848980477 66.95833797300807 88.58024083931639 80.52572109762896
1.0075430766877855 2256.9020641425673 0.0 1.1172480100193112 2808.253784607198 0.02857142857142857 f_swap_t 100 2806.509874343872 87.40775239000068 79.0209328449872 83.11084672575745 80.47525120490673 66.95833797300807 88.58024083931639 80.52572109762896
1.0075430766877855 2256.9020641425673 0.0 1.1172480100193112 2808.253784607198 0.02857142857142857 swap_t 100 2808.05956697464 87.40775239000068 79.0209328449872 83.11084672575745 80.47525120490673 67.28875459327799 88.58024083931639 80.52572109762896
1.0075430766877855 2256.9020641425673 0.0 1.1158439195925232 2812.5976164157682 0.03333333333333333 t_multiswap_k 100 2809.0931725502014 87.40775239000068 79.0209328449872 83.11084672575745 80.47525120490673 67.28875459327799 88.58024083931639 80.75046388665267
1.0075430766877855 2256.9020641425673 0.0 1.1158439195925232 2812.5976164157682 0.03333333333333333 t_multiswap_k 100 2810.1196341514587 87.40775239000068 79.0209328449872 83.11084672575745 80.47525120490673 67.28875459327799 88.58024083931639 80.94295924778613
1.0075430766877855 2256.9020641425673 0.0 1.112497241533176 2797.715875402862 0.03333333333333333 t_multiswap_k 100 2811.1295347213745 87.40775239000068 79.0209328449872 83.11084672575745 80.47525120490673 67.28875459327799 88.58024083931639 81.17352965530827
1.0075430766877855 2256.9020641425673 0.0 1.112497241533176 2797.715875402862 0.03333333333333333 t_swap_r_k 100 2816.4326775074005 87.40775239000068 79.0209328449872 83.11084672575745 80.47525120490673 67.28875459327799 88.73443843092322 81.17352965530827
1.0075430766877855 2256.9020641425673 0.0 1.1166349552447594 2816.1151306492266 0.03333333333333333 f_swap_t 100 2818.436196565628 87.40775239000068 79.0209328449872 83.11084672575745 80.71049869285766 67.28875459327799 88.73443843092322 81.17352965530827
1.0075430766877855 2256.9020641425673 0.0 1.1485305497658 2947.358486785814 0.02857142857142857 t_multiswap_k 100 2819.8254261016846 87.40775239000068 79.0209328449872 83.11084672575745 80.71049869285766 67.28875459327799 88.73443843092322 81.47179435875519
1.0075430766877855 2256.9020641425673 0.0 1.1700337264064005 3042.9770972543133 0.02857142857142857 t_swap_k 100 2821.8423500061035 87.40775239000068 79.0209328449872 83.38973825849988 80.71049869285766 67.28875459327799 88.73443843092322 81.47179435875519
1.0075430766877855 2256.9020641425673 0.0 1.1817280019757916 3094.9782689449016 0.02857142857142857 f_swap_t 100 2823.0620131492615 87.40775239000068 79.0209328449872 83.38973825849988 80.94339370592908 67.28875459327799 88.73443843092322 81.47179435875519
1.0075430766877855 2256.9020641425673 0.0 1.1707787804852055 3032.1735721525106 0.02222222222222222 move_t 100 2825.1285185813904 87.40775239000068 79.23072351653732 83.38973825849988 80.94339370592908 67.28875459327799 88.73443843092322 81.47179435875519
1.0075430766877855 2256.9020641425673 0.0 1.1707787804852055 3032.1735721525106 0.02222222222222222 t_swap_r_k 100 2828.9869933128357 87.40775239000068 79.23072351653732 83.38973825849988 80.94339370592908 67.28875459327799 88.88709404661398 81.47179435875519
1.0075430766877855 2256.9020641425673 0.0 1.1750810552726911 3065.421156606039 0.02857142857142857 f_swap_t 100 2831.5111808776855 87.40775239000068 79.23072351653732 83.38973825849988 81.14395976886979 67.28875459327799 88.88709404661398 81.47179435875519
1.0075430766877855 2256.9020641425673 0.0 1.176875522230045 3059.2840769756062 0.02222222222222222 t_swap_k 100 2834.5977714061737 87.40775239000068 79.23072351653732 83.69584087591488 81.14395976886979 67.28875459327799 88.88709404661398 81.47179435875519
1.0075430766877855 2256.9020641425673 0.0 1.1879866333411564 3059.2840769756062 0.0 t_swap_r_k 100 2839.7280654907227 87.40775239000068 79.23072351653732 83.69584087591488 81.14395976886979 67.28875459327799 89.03822310614784 81.47179435875519
1.0075430766877855 2256.9020641425673 0.0 1.2229819057180837 3214.898262431837 0.0 swap_t 100 2841.318525314331 87.40775239000068 79.23072351653732 83.69584087591488 81.14395976886979 67.65586704734521 89.03822310614784 81.47179435875519
1.0075430766877855 2256.9020641425673 0.0 1.249163286870921 3361.7147099196077 0.0 move_t 100 2843.5709245204926 87.40775239000068 79.56841628137195 83.69584087591488 81.14395976886979 67.65586704734521 89.03822310614784 81.47179435875519
1.0075430766877855 2256.9020641425673 0.0 1.214738625531659 3178.2427017069053 0.0 t_move_k 100 2845.8705067634583 87.66367486610068 79.56841628137195 83.69584087591488 81.14395976886979 67.65586704734521 89.03822310614784 81.47179435875519
1.0075430766877855 2256.9020641425673 0.0 1.222663827115781 3213.483855877853 0.0 t_swap_k 100 2849.9581174850464 87.66367486610068 79.56841628137195 84.12888246715573 81.14395976886979 67.65586704734521 89.03822310614784 81.47179435875519
1.0075430766877855 2256.9020641425673 0.0 1.2027178119551847 3124.3441720125097 0.0 move_t 100 2851.4567337036133 87.66367486610068 79.80273211855824 84.12888246715573 81.14395976886979 67.65586704734521 89.03822310614784 81.47179435875519
1.0075430766877855 2256.9020641425673 0.0 1.185896325292196 3049.989061897912 0.0 t_swap_k 100 2853.4156432151794 87.66367486610068 79.80273211855824 84.40759364248417 81.14395976886979 67.65586704734521 89.03822310614784 81.47179435875519
1.0075430766877855 2256.9020641425673 0.0 1.1858605220351448 3049.829854830663 0.0 move_t 100 2855.276338338852 87.66367486610068 80.03470479737265 84.40759364248417 81.14395976886979 67.65586704734521 89.03822310614784 81.47179435875519
1.0075430766877855 2256.9020641425673 0.0 1.1850490784811094 3046.2215923675262 0.0 t_swap_r_k 100 2860.2206139564514 87.66367486610068 80.03470479737265 84.40759364248417 81.14395976886979 67.65586704734521 89.18784087508637 81.47179435875519
1.0075430766877855 2256.9020641425673 0.0 1.1850490784811094 3046.2215923675262 0.0 t_swap_r_k 100 2864.944751262665 87.66367486610068 80.03470479737265 84.40759364248417 81.14395976886979 67.65586704734521 89.3359624663355 81.47179435875519
1.0075430766877855 2256.9020641425673 0.0 1.17495181556702 3045.789091400307 0.02 t_swap_k 100 2867.3266019821167 87.66367486610068 80.03470479737265 84.65351770605933 81.14395976886979 67.65586704734521 89.3359624663355 81.47179435875519
1.0075430766877855 2256.9020641425673 0.0 1.154355856320485 2973.261995259084 0.02857142857142857 t_multiswap_k 100 2868.3597106933594 87.66367486610068 80.03470479737265 84.65351770605933 81.14395976886979 67.65586704734521 89.3359624663355 81.74707641516764
1.0075430766877855 2256.9020641425673 0.0 1.154355856320485 2973.261995259084 0.02857142857142857 f_swap_t 100 2870.8010432720184 87.66367486610068 80.03470479737265 84.65351770605933 81.33252017118109 67.65586704734521 89.3359624663355 81.74707641516764
1.0075430766877855 2256.9020641425673 0.0 1.1838241185224703 3104.2991127868763 0.02857142857142857 t_swap_k 100 2872.7304363250732 87.66367486610068 80.03470479737265 85.02698252899874 81.33252017118109 67.65586704734521 89.3359624663355 81.74707641516764
1.0075430766877855 2256.9020641425673 0.0 1.1928073184524517 3144.2448896003234 0.02857142857142857 t_swap_k 100 2875.3742005825043 87.66367486610068 80.03470479737265 85.32671270370875 81.33252017118109 67.65586704734521 89.3359624663355 81.74707641516764
1.0075430766877855 2256.9020641425673 0.0 1.1600961109441656 3029.1379316974094 0.042222222222222223 t_move_k 100 2878.3515968322754 87.99703811743967 80.03470479737265 85.32671270370875 81.33252017118109 67.65586704734521 89.3359624663355 81.74707641516764
1.0075430766877855 2256.9020641425673 0.0 1.1525202170516806 3005.1540620938486 0.05357142857142857 swap_t 100 2880.505219936371 87.99703811743967 80.03470479737265 85.32671270370875 81.33252017118109 68.00930837687176 89.3359624663355 81.74707641516764
1.0075430766877855 2256.9020641425673 0.0 1.1410597207769326 2969.721803235766 0.05357142857142857 t_move_k 100 2882.2663316726685 88.26706773626528 80.03470479737265 85.32671270370875 81.33252017118109 68.00930837687176 89.3359624663355 81.74707641516764
1.0075430766877855 2256.9020641425673 0.0 1.1338183116602094 2937.5212828592717 0.05357142857142857 t_swap_r_k 100 2885.5852563381195 88.26706773626528 80.03470479737265 85.32671270370875 81.33252017118109 68.00930837687176 89.48260284167215 81.74707641516764
1.0075430766877855 2256.9020641425673 0.0 1.1338183116602094 2937.5212828592717 0.05357142857142857 t_swap_r_k 100 2890.1036500930786 88.26706773626528 80.03470479737265 85.32671270370875 81.33252017118109 68.00930837687176 89.62777681325542 81.74707641516764
1.0075430766877855 2256.9020641425673 0.0 1.121236393683501 2881.57301372354 0.05357142857142857 t_move_k 100 2892.9257349967957 88.44439705890262 80.03470479737265 85.32671270370875 81.33252017118109 68.00930837687176 89.62777681325542 81.74707641516764
1.0075430766877855 2256.9020641425673 0.0 1.1208092609192235 2879.6736738218865 0.05357142857142857 t_swap_r_k 100 2898.3034217357635 88.44439705890262 80.03470479737265 85.32671270370875 81.33252017118109 68.00930837687176 89.77149904512287 81.74707641516764
1.0075430766877855 2256.9020641425673 0.0 1.1208092609192235 2879.6736738218865 0.05357142857142857 swap_t 100 2899.733693599701 88.44439705890262 80.03470479737265 85.32671270370875 81.33252017118109 68.32921529310303 89.77149904512287 81.74707641516764
1.0075430766877855 2256.9020641425673 0.0 1.1208092609192235 2879.6736738218865 0.05357142857142857 move_t 100 2901.4746556282043 88.44439705890262 80.23435774939892 85.32671270370875 81.33252017118109 68.32921529310303 89.77149904512287 81.74707641516764
1.0075430766877855 2256.9020641425673 0.0 1.1208092609192235 2879.6736738218865 0.05357142857142857 t_swap_r_k 100 2906.3173203468323 88.44439705890262 80.23435774939892 85.32671270370875 81.33252017118109 68.32921529310303 89.91378405467164 81.74707641516764
1.0075430766877855 2256.9020641425673 0.0 1.117767043234901 2865.616411460948 0.05333333333333333 t_multiswap_k 100 2907.899224758148 88.44439705890262 80.23435774939892 85.32671270370875 81.33252017118109 68.32921529310303 89.91378405467164 82.01960565101597
1.0075430766877855 2256.9020641425673 0.0 1.117767043234901 2865.616411460948 0.05333333333333333 t_swap_r_k 100 2910.7051906585693 88.44439705890262 80.23435774939892 85.32671270370875 81.33252017118109 68.32921529310303 90.05464621412492 82.01960565101597
1.0075430766877855 2256.9020641425673 0.0 1.1117577570385333 2838.894796994027 0.05333333333333333 t_move_k 100 2912.9448742866516 88.6199530883136 80.23435774939892 85.32671270370875 81.33252017118109 68.32921529310303 90.05464621412492 82.01960565101597
1.0075430766877855 2256.9020641425673 0.0 1.1117577570385333 2838.894796994027 0.05333333333333333 t_swap_r_k 100 2915.242061138153 88.6199530883136 80.23435774939892 85.32671270370875 81.33252017118109 68.32921529310303 90.19409975198367 82.01960565101597
1.0075430766877855 2256.9020641425673 0.0 1.167429047449883 3086.449450015421 0.05333333333333333 t_multiswap_k 100 2915.9897158145905 88.6199530883136 80.23435774939892 85.32671270370875 81.33252017118109 68.32921529310303 90.19409975198367 82.2894095945058
1.0075430766877855 2256.9020641425673 0.0 1.162841035202545 3010.9932118062857 0.02857142857142857 t_swap_k 100 2917.963364839554 88.6199530883136 80.23435774939892 85.47344557667166 81.33252017118109 68.32921529310303 90.19409975198367 82.2894095945058
1.0075430766877855 2256.9020641425673 0.0 1.1652568506634464 3021.735667276031 0.02857142857142857 t_swap_k 100 2919.3014907836914 88.6199530883136 80.23435774939892 85.68871112090496 81.33252017118109 68.32921529310303 90.19409975198367 82.2894095945058
1.0075430766877855 2256.9020641425673 0.0 1.159134052792347 2994.509298149313 0.02857142857142857 f_swap_t 100 2921.814738035202 88.6199530883136 80.23435774939892 85.68871112090496 81.51919496946928 68.32921529310303 90.19409975198367 82.2894095945058
1.0075430766877855 2256.9020641425673 0.0 1.15857497086563 2992.0232172383753 0.02857142857142857 t_swap_r_k 100 2926.8383617401123 88.6199530883136 80.23435774939892 85.68871112090496 81.51919496946928 68.32921529310303 90.33215875446383 82.2894095945058
1.0075430766877855 2256.9020641425673 0.0 1.15857497086563 2992.0232172383753 0.02857142857142857 swap_t 100 2929.477062225342 88.6199530883136 80.23435774939892 85.68871112090496 81.51919496946928 68.645923140172 90.33215875446383 82.2894095945058
1.0075430766877855 2256.9020641425673 0.0 1.15857497086563 2992.0232172383753 0.02857142857142857 t_swap_r_k 100 2933.8764069080353 88.6199530883136 80.23435774939892 85.68871112090496 81.51919496946928 68.645923140172 90.4688371669192 82.2894095945058
1.0075430766877855 2256.9020641425673 0.0 1.15857497086563 2992.0232172383753 0.02857142857142857 swap_t 100 2935.6448922157288 88.6199530883136 80.23435774939892 85.68871112090496 81.51919496946928 68.95946390877029 90.4688371669192 82.2894095945058
1.0075430766877855 2256.9020641425673 0.0 1.1528369593146444 2966.5078852235915 0.02857142857142857 t_multiswap_k 100 2936.977815389633 88.6199530883136 80.23435774939892 85.68871112090496 81.51919496946928 68.95946390877029 90.4688371669192 82.52651549856074
1.0075430766877855 2256.9020641425673 0.0 1.148823164191215 3003.7142926259835 0.05333333333333333 t_move_k 100 2938.6518211364746 88.82375355743046 80.23435774939892 85.68871112090496 81.51919496946928 68.95946390877029 90.4688371669192 82.52651549856074
1.0075430766877855 2256.9020641425673 0.0 1.1353329681993314 2943.7271652702916 0.05333333333333333 t_swap_k 100 2942.577263355255 88.82375355743046 80.23435774939892 86.0718240096959 81.51919496946928 68.95946390877029 90.4688371669192 82.52651549856074
1.0075430766877855 2256.9020641425673 0.0 1.1353329681993314 2943.7271652702916 0.05333333333333333 f_swap_t 100 2945.6900215148926 88.82375355743046 80.23435774939892 86.0718240096959 81.70400301977459 68.95946390877029 90.4688371669192 82.52651549856074
1.0075430766877855 2256.9020641425673 0.0 1.1352515632558287 2943.3651802616064 0.05333333333333333 t_multiswap_k 100 2946.8821392059326 88.82375355743046 80.23435774939892 86.0718240096959 81.70400301977459 68.95946390877029 90.4688371669192 82.74125034357513
1.0075430766877855 2256.9020641425673 0.0 1.1352515632558287 2943.3651802616064 0.05333333333333333 f_swap_t 100 2948.1548776626587 88.82375355743046 80.23435774939892 86.0718240096959 81.88696298957684 68.95946390877029 90.4688371669192 82.74125034357513
1.0075430766877855 2256.9020641425673 0.0 1.1254984317827192 2899.995733283503 0.05333333333333333 t_multiswap_k 100 2949.633020401001 88.82375355743046 80.23435774939892 86.0718240096959 81.88696298957684 68.95946390877029 90.4688371669192 82.97383784013938
1.0075430766877855 2256.9020641425673 0.0 1.1375815064170438 2954.2551570949254 0.05357142857142857 t_multiswap_k 100 2951.277493238449 88.82375355743046 80.23435774939892 86.0718240096959 81.88696298957684 68.95946390877029 90.4688371669192 83.21409946173799
1.0075430766877855 2256.9020641425673 0.0 1.1271900951290164 2908.0474583546456 0.05357142857142857 f_swap_t 100 2953.7529084682465 88.82375355743046 80.23435774939892 86.0718240096959 82.06809335968107 68.95946390877029 90.4688371669192 83.21409946173799
1.0075430766877855 2256.9020641425673 0.0 1.1271900951290164 2908.0474583546456 0.05357142857142857 f_swap_t 100 2956.4930906295776 88.82375355743046 80.23435774939892 86.0718240096959 82.24741242608427 68.95946390877029 90.4688371669192 83.21409946173799
1.0075430766877855 2256.9020641425673 0.0 1.2145076571183697 3251.327653541428 0.03333333333333333 f_swap_t 100 2958.7558238506317 88.82375355743046 80.23435774939892 86.0718240096959 82.46493830182342 68.95946390877029 90.4688371669192 83.21409946173799
1.0075430766877855 2256.9020641425673 0.0 1.2143474981104991 3176.5034674927006 0.0 t_swap_k 100 2961.538204431534 88.82375355743046 80.23435774939892 86.44110576959895 82.46493830182342 68.95946390877029 90.4688371669192 83.21409946173799
1.0075430766877855 2256.9020641425673 0.0 1.2026932182038494 3180.2641481364503 0.025 move_t 100 2963.406530380249 88.82375355743046 80.49201417190494 86.44110576959895 82.46493830182342 68.95946390877029 90.4688371669192 83.21409946173799
1.0075430766877855 2256.9020641425673 0.0 1.1854626128903187 3103.644467000587 0.025 t_move_k 100 2965.3207347393036 89.08551602185617 80.49201417190494 86.44110576959895 82.46493830182342 68.95946390877029 90.4688371669192 83.21409946173799
1.0075430766877855 2256.9020641425673 0.0 1.1830894954931308 3037.507875062407 0.0 t_swap_k 100 2968.732841491699 89.08551602185617 80.49201417190494 86.61669471190297 82.46493830182342 68.95946390877029 90.4688371669192 83.21409946173799
1.0075430766877855 2256.9020641425673 0.0 1.157339702691057 2986.5303252632602 0.02857142857142857 t_move_k 100 2971.2034075260162 89.2846608616376 80.49201417190494 86.61669471190297 82.46493830182342 68.95946390877029 90.4688371669192 83.21409946173799
1.0075430766877855 2256.9020641425673 0.0 1.147290209824241 2927.5210239489406 0.02857142857142857 swap_t 100 2973.0639941692352 89.2846608616376 80.49201417190494 86.61669471190297 82.46493830182342 69.29986926968259 90.4688371669192 83.21409946173799
1.0075430766877855 2256.9020641425673 0.0 1.1191183536533291 2827.15810857923 0.03333333333333333 t_multiswap_k 100 2975.029541492462 89.2846608616376 80.49201417190494 86.61669471190297 82.46493830182342 69.29986926968259 90.4688371669192 83.4719584671206
1.0075430766877855 2256.9020641425673 0.0 1.1128512270682256 2799.2899500409076 0.03333333333333333 move_t 100 2977.1371808052063 89.2846608616376 80.68709403018589 86.61669471190297 82.46493830182342 69.29986926968259 90.4688371669192 83.4719584671206
1.0075430766877855 2256.9020641425673 0.0 1.1327016353374417 2887.55916196521 0.03333333333333333 f_swap_t 100 2979.369528055191 89.2846608616376 80.68709403018589 86.61669471190297 82.68028891880519 69.29986926968259 90.4688371669192 83.4719584671206
1.0075430766877855 2256.9020641425673 0.0 1.124487527378496 2851.033321974217 0.03333333333333333 t_multiswap_k 100 2980.805923461914 89.2846608616376 80.68709403018589 86.61669471190297 82.68028891880519 69.29986926968259 90.4688371669192 83.7472388824494
1.0075430766877855 2256.9020641425673 0.0 1.1243031672849515 2850.2135242175777 0.03333333333333333 f_swap_t 100 2983.866674184799 89.2846608616376 80.68709403018589 86.61669471190297 82.88348602961713 69.29986926968259 90.4688371669192 83.7472388824494
1.0075430766877855 2256.9020641425673 0.0 1.121595757228955 2838.1744291643367 0.03333333333333333 f_swap_t 100 2986.7396578788757 89.2846608616376 80.68709403018589 86.61669471190297 83.08465116932096 69.29986926968259 90.4688371669192 83.7472388824494
1.0075430766877855 2256.9020641425673 0.0 1.1401987138760665 2902.368571793671 0.025 t_multiswap_k 100 2988.539306640625 89.2846608616376 80.68709403018589 86.61669471190297 83.08465116932096 69.29986926968259 90.4688371669192 84.0397664936249
1.0075430766877855 2256.9020641425673 0.0 1.1407371866755676 2849.1790068698833 0.0 t_move_k 100 2990.752784013748 89.55181425302123 80.68709403018589 86.61669471190297 83.08465116932096 69.29986926968259 90.4688371669192 84.0397664936249
1.0075430766877855 2256.9020641425673 0.0 1.1191260350212184 2816.6048363661466 0.02857142857142857 move_t 100 2992.8049244880676 89.55181425302123 80.94022308988403 86.61669471190297 83.08465116932096 69.29986926968259 90.4688371669192 84.0397664936249
1.0075430766877855 2256.9020641425673 0.0 1.1161563033359392 2803.3992704185316 0.02857142857142857 t_swap_k 100 2996.11399269104 89.55181425302123 80.94022308988403 86.78052776478394 83.08465116932096 69.29986926968259 90.4688371669192 84.0397664936249
1.0075430766877855 2256.9020641425673 0.0 1.1161563033359392 2803.3992704185316 0.02857142857142857 swap_t 100 2997.6201632022858 89.55181425302123 80.94022308988403 86.78052776478394 83.08465116932096 69.60687057698576 90.4688371669192 84.0397664936249
1.0075430766877855 2256.9020641425673 0.0 1.1161563033359392 2803.3992704185316 0.02857142857142857 t_swap_r_k 100 3002.2930524349213 89.55181425302123 80.94022308988403 86.78052776478394 83.08465116932096 69.60687057698576 90.60414879525001 84.0397664936249
1.0075430766877855 2256.9020641425673 0.0 1.1161563033359392 2803.3992704185316 0.02857142857142857 f_swap_t 100 3005.68918299675 89.55181425302123 80.94022308988403 86.78052776478394 83.25380465762775 69.60687057698576 90.60414879525001 84.0397664936249
1.0075430766877855 2256.9020641425673 0.0 1.1111738732389989 2781.243797737051 0.02857142857142857 f_swap_t 100 3008.7590408325195 89.55181425302123 80.94022308988403 86.78052776478394 83.45126661105148 69.60687057698576 90.60414879525001 84.0397664936249
1.0075430766877855 2256.9020641425673 0.0 1.0969544076847544 2728.6012417759976 0.03333333333333333 t_swap_k 100 3011.6532390117645 89.55181425302123 80.94022308988403 87.0327224871361 83.45126661105148 69.60687057698576 90.60414879525001 84.0397664936249
1.0075430766877855 2256.9020641425673 0.0 1.0969544076847544 2728.6012417759976 0.03333333333333333 move_t 100 3013.924482345581 89.55181425302123 81.13082085898519 87.0327224871361 83.45126661105148 69.60687057698576 90.60414879525001 84.0397664936249
1.0075430766877855 2256.9020641425673 0.0 1.1664858674968173 2963.676186643601 0.0 f_swap_t 100 3016.1917102336884 89.55181425302123 81.13082085898519 87.0327224871361 83.73675394494097 69.60687057698576 90.60414879525001 84.0397664936249
1.0075430766877855 2256.9020641425673 0.0 1.1440833569593805 2864.0584899470523 0.0 t_swap_r_k 100 3021.176686525345 89.55181425302123 81.13082085898519 87.0327224871361 83.73675394494097 69.60687057698576 90.73810730729751 84.0397664936249
1.0075430766877855 2256.9020641425673 0.0 1.125276518879303 2854.5417464381717 0.03333333333333333 t_move_k 100 3022.806833744049 89.80629611049102 81.13082085898519 87.0327224871361 83.73675394494097 69.60687057698576 90.73810730729751 84.0397664936249
1.0075430766877855 2256.9020641425673 0.0 1.1169431855459697 2854.5417464381717 0.05 t_swap_r_k 100 3027.0838730335236 89.80629611049102 81.13082085898519 87.0327224871361 83.73675394494097 69.60687057698576 90.90072623422454 84.0397664936249
1.0075430766877855 2256.9020641425673 0.0 1.0872489162682117 2722.499638675558 0.05 f_swap_t 100 3029.5339126586914 89.80629611049102 81.13082085898519 87.0327224871361 83.95938640549156 69.60687057698576 90.90072623422454 84.0397664936249
1.0075430766877855 2256.9020641425673 0.0 1.0872489162682117 2722.499638675558 0.05 f_swap_t 100 3031.9320809841156 89.80629611049102 81.13082085898519 87.0327224871361 84.11979254143664 69.60687057698576 90.90072623422454 84.0397664936249
1.0075430766877855 2256.9020641425673 0.0 1.0872489162682117 2722.499638675558 0.05 swap_t 100 3033.5937588214874 89.80629611049102 81.13082085898519 87.0327224871361 84.11979254143664 69.9108018712159 90.90072623422454 84.0397664936249
1.0075430766877855 2256.9020641425673 0.0 1.096217853446116 2762.3819930208797 0.05 f_swap_t 100 3035.8110888004303 89.80629611049102 81.13082085898519 87.0327224871361 84.28859461602227 69.9108018712159 90.90072623422454 84.0397664936249
1.0075430766877855 2256.9020641425673 0.0 1.096217853446116 2762.3819930208797 0.05 t_swap_k 100 3038.8145639896393 89.80629611049102 81.13082085898519 87.16239526226474 84.28859461602227 69.9108018712159 90.90072623422454 84.0397664936249
1.0075430766877855 2256.9020641425673 0.0 1.096217853446116 2762.3819930208797 0.05 t_swap_r_k 100 3043.058968067169 89.80629611049102 81.13082085898519 87.16239526226474 84.28859461602227 69.9108018712159 91.03171897188228 84.0397664936249
1.0075430766877855 2256.9020641425673 0.0 1.1560485449368572 3028.4323389456954 0.05 move_t 100 3044.322429418564 89.80629611049102 81.36951265039534 87.16239526226474 84.28859461602227 69.9108018712159 91.03171897188228 84.0397664936249
1.0075430766877855 2256.9020641425673 0.0 1.1449656217033992 2931.506249070233 0.02857142857142857 t_move_k 100 3045.8643419742584 90.00823314938611 81.36951265039534 87.16239526226474 84.28859461602227 69.9108018712159 91.03171897188228 84.0397664936249
1.0075430766877855 2256.9020641425673 0.0 1.1766086578814339 3072.213978022026 0.02857142857142857 t_swap_k 100 3049.0208218097687 90.00823314938611 81.36951265039534 87.44077130964209 84.28859461602227 69.9108018712159 91.03171897188228 84.0397664936249
1.0075430766877855 2256.9020641425673 0.0 1.176680456707795 3058.416675172626 0.02222222222222222 t_multiswap_k 100 3050.7059071063995 90.00823314938611 81.36951265039534 87.44077130964209 84.28859461602227 69.9108018712159 91.03171897188228 84.23936882868864
1.0075430766877855 2256.9020641425673 0.0 1.1716193136336184 3050.0277600460113 0.02857142857142857 f_swap_t 100 3053.3341946601868 90.00823314938611 81.36951265039534 87.44077130964209 84.44570866986204 69.9108018712159 91.03171897188228 84.23936882868864
1.0075430766877855 2256.9020641425673 0.0 1.1573335993479041 3050.0277600460113 0.05714285714285714 t_swap_r_k 100 3058.609943628311 90.00823314938611 81.36951265039534 87.44077130964209 84.44570866986204 69.9108018712159 91.19140178216347 84.23936882868864
1.0075430766877855 2256.9020641425673 0.0 1.1548914283080556 3039.1681086903213 0.05714285714285714 f_swap_t 100 3060.638503074646 90.00823314938611 81.36951265039534 87.44077130964209 84.63125158316342 69.9108018712159 91.19140178216347 84.23936882868864
1.0075430766877855 2256.9020641425673 0.0 1.1548122722360132 3038.816123783843 0.05714285714285714 move_t 100 3062.146161556244 90.00823314938611 81.55581752389138 87.44077130964209 84.63125158316342 69.9108018712159 91.19140178216347 84.23936882868864
1.0075430766877855 2256.9020641425673 0.0 1.134594259592924 2948.912278055458 0.05714285714285714 t_move_k 100 3064.1467185020447 90.19815081789226 81.55581752389138 87.44077130964209 84.63125158316342 69.9108018712159 91.19140178216347 84.23936882868864
1.0075430766877855 2256.9020641425673 0.0 1.1309593492288816 2943.3362777308093 0.06190476190476191 f_swap_t 100 3066.0332872867584 90.19815081789226 81.55581752389138 87.44077130964209 84.81493906733178 69.9108018712159 91.19140178216347 84.23936882868864
1.0075430766877855 2256.9020641425673 0.0 1.1255512319180014 2919.287893105599 0.06190476190476191 t_swap_k 100 3068.511991262436 90.19815081789226 81.55581752389138 87.62636359654567 84.81493906733178 69.9108018712159 91.19140178216347 84.23936882868864
1.0075430766877855 2256.9020641425673 0.0 1.1219756601431063 2895.4477539481272 0.05833333333333333 t_swap_k 100 3071.141168832779 90.19815081789226 81.55581752389138 87.85009996058021 84.81493906733178 69.9108018712159 91.19140178216347 84.23936882868864
1.0075430766877855 2256.9020641425673 0.0 1.12337214716471 2901.6575410309774 0.05833333333333333 t_move_k 100 3072.7738769054413 90.39616930971333 81.55581752389138 87.85009996058021 84.81493906733178 69.9108018712159 91.19140178216347 84.23936882868864
1.0075430766877855 2256.9020641425673 0.0 1.1339584791708943 2948.7319976709464 0.05833333333333333 t_multiswap_k 100 3074.595613718033 90.39616930971333 81.55581752389138 87.85009996058021 84.81493906733178 69.9108018712159 91.19140178216347 84.46697514040176
1.0075430766877855 2256.9020641425673 0.0 1.1299091299835284 2930.7256747415895 0.05833333333333333 t_move_k 100 3076.6670627593994 90.5822076166162 81.55581752389138 87.85009996058021 84.81493906733178 69.9108018712159 91.19140178216347 84.46697514040176
1.0075430766877855 2256.9020641425673 0.0 1.1299091299835284 2930.7256747415895 0.05833333333333333 move_t 100 3078.0209786891937 90.5822076166162 81.74025934865246 87.85009996058021 84.81493906733178 69.9108018712159 91.19140178216347 84.46697514040176
1.0075430766877855 2256.9020641425673 0.0 1.1281234156978144 2930.7256747415895 0.06190476190476191 t_swap_r_k 100 3082.4729747772217 90.5822076166162 81.74025934865246 87.85009996058021 84.81493906733178 69.9108018712159 91.34948776434183 84.46697514040176
1.0075430766877855 2256.9020641425673 0.0 1.1887432232135149 3051.743729456166 0.0 swap_t 100 3084.591855287552 90.5822076166162 81.74025934865246 87.85009996058021 84.81493906733178 70.26169385250374 91.34948776434183 84.46697514040176
1.0075430766877855 2256.9020641425673 0.0 1.179162725699105 3020.0466284005784 0.0 t_swap_r_k 100 3089.0352623462677 90.5822076166162 81.74025934865246 87.85009996058021 84.81493906733178 70.26169385250374 91.4759928866984 84.46697514040176
1.0075430766877855 2256.9020641425673 0.0 1.179112477393911 3019.823188245602 0.0 swap_t 100 3090.8815398216248 90.5822076166162 81.74025934865246 87.85009996058021 84.81493906733178 70.5890769139787 91.4759928866984 84.46697514040176
1.0075430766877855 2256.9020641425673 0.0 1.1632437941356963 3012.784168100111 0.02857142857142857 f_swap_t 100 3094.0716149806976 90.5822076166162 81.74025934865246 87.85009996058021 84.99678967665847 70.5890769139787 91.4759928866984 84.46697514040176
1.0075430766877855 2256.9020641425673 0.0 1.1632437941356963 3012.784168100111 0.02857142857142857 t_swap_r_k 100 3097.9553940296173 90.5822076166162 81.74025934865246 87.85009996058021 84.99678967665847 70.5890769139787 91.60123295783143 84.46697514040176
1.0075430766877855 2256.9020641425673 0.0 1.149226836424171 2942.5141069216825 0.025 t_swap_k 100 3101.367360830307 90.5822076166162 81.74025934865246 88.2215989609744 84.99678967665847 70.5890769139787 91.60123295783143 84.46697514040176
1.0075430766877855 2256.9020641425673 0.0 1.1387830192078698 2896.073373680242 0.025 t_multiswap_k 100 3103.580874681473 90.5822076166162 81.74025934865246 88.2215989609744 84.99678967665847 70.5890769139787 91.60123295783143 84.71230538899773
1.0075430766877855 2256.9020641425673 0.0 1.1353868836359853 2880.97170894606 0.025 t_move_k 100 3105.5957152843475 90.80638554045004 81.74025934865246 88.2215989609744 84.99678967665847 70.5890769139787 91.60123295783143 84.71230538899773
1.0075430766877855 2256.9020641425673 0.0 1.1253093169202835 2844.100161043307 0.02857142857142857 f_swap_t 100 3108.193078994751 90.80638554045004 81.74025934865246 88.2215989609744 85.14682177989188 70.5890769139787 91.60123295783143 84.71230538899773
1.0075430766877855 2256.9020641425673 0.0 1.173561828124281 2995.1410038767153 0.0 f_swap_t 100 3111.177248954773 90.80638554045004 81.74025934865246 88.2215989609744 85.34535356209297 70.5890769139787 91.60123295783143 84.71230538899773
1.0075430766877855 2256.9020641425673 0.0 1.1746892618708373 3000.1543863198226 0.0 t_multiswap_k 100 3112.8725566864014 90.80638554045004 81.74025934865246 88.2215989609744 85.34535356209297 70.5890769139787 91.60123295783143 84.90518233510775
1.0075430766877855 2256.9020641425673 0.0 1.1392120822845262 2905.921868971264 0.02857142857142857 t_move_k 100 3115.5336706638336 91.11832168504554 81.74025934865246 88.2215989609744 85.34535356209297 70.5890769139787 91.60123295783143 84.90518233510775
1.0075430766877855 2256.9020641425673 0.0 1.1409743229561002 2913.7580602067874 0.02857142857142857 t_move_k 100 3117.8312046527863 91.30713846819509 81.74025934865246 88.2215989609744 85.34535356209297 70.5890769139787 91.60123295783143 84.90518233510775
1.0075430766877855 2256.9020641425673 0.0 1.1363915091442574 2893.379569342471 0.02857142857142857 move_t 100 3119.1729311943054 91.30713846819509 81.92285675516594 88.2215989609744 85.34535356209297 70.5890769139787 91.60123295783143 84.90518233510775
1.0075430766877855 2256.9020641425673 0.0 1.1363774524613528 2893.3170632063034 0.02857142857142857 t_swap_k 100 3121.494072675705 91.30713846819509 81.92285675516594 88.43938297136467 85.34535356209297 70.5890769139787 91.60123295783143 84.90518233510775
1.0075430766877855 2256.9020641425673 0.0 1.1358720653443648 2891.069748091762 0.02857142857142857 t_multiswap_k 100 3123.8421597480774 91.30713846819509 81.92285675516594 88.43938297136467 85.34535356209297 70.5890769139787 91.60123295783143 85.21613051175667
1.0075430766877855 2256.9020641425673 0.0 1.1282340510497313 2857.105635449333 0.02857142857142857 move_t 100 3125.396537065506 91.30713846819509 82.19362818761428 88.43938297136467 85.34535356209297 70.5890769139787 91.60123295783143 85.21613051175667
1.0075430766877855 2256.9020641425673 0.0 1.1236422256005854 2847.2745014621923 0.03333333333333333 t_multiswap_k 100 3127.2790410518646 91.30713846819509 82.19362818761428 88.43938297136467 85.34535356209297 70.5890769139787 91.60123295783143 85.5439692066391
1.0075430766877855 2256.9020641425673 0.0 1.1127771610812347 2788.373170211543 0.02857142857142857 t_swap_r_k 100 3131.6634089946747 91.30713846819509 82.19362818761428 88.43938297136467 85.34535356209297 70.5890769139787 91.72522062825311 85.5439692066391
1.0075430766877855 2256.9020641425673 0.0 1.1127771610812347 2788.373170211543 0.02857142857142857 f_swap_t 100 3134.543658018112 91.30713846819509 82.19362818761428 88.43938297136467 85.49190002647204 70.5890769139787 91.72522062825311 85.5439692066391
1.0075430766877855 2256.9020641425673 0.0 1.10987267977502 2786.045183551231 0.03333333333333333 move_t 100 3136.194399356842 91.30713846819509 82.43169190573813 88.43938297136467 85.49190002647204 70.5890769139787 91.72522062825311 85.5439692066391
1.0075430766877855 2256.9020641425673 0.0 1.0990900120007667 2727.510247573475 0.02857142857142857 t_swap_k 100 3138.7794094085693 91.30713846819509 82.43169190573813 88.64498914165102 85.49190002647204 70.5890769139787 91.72522062825311 85.5439692066391
1.0075430766877855 2256.9020641425673 0.0 1.0943973450398077 2717.230699596241 0.03333333333333333 t_swap_r_k 100 3143.3939974308014 91.30713846819509 82.43169190573813 88.64498914165102 85.49190002647204 70.5890769139787 91.84796842197058 85.5439692066391
1.0075430766877855 2256.9020641425673 0.0 1.1244037407957592 2789.211354679884 0.03333333333333333 move_t 100 3145.491968393326 91.30713846819509 82.61737498668076 88.64498914165102 85.49190002647204 70.5890769139787 91.84796842197058 85.5439692066391
1.0075430766877855 2256.9020641425673 0.0 1.1223389417689458 2830.8917337821545 0.02857142857142857 t_swap_k 100 3148.6339259147644 91.30713846819509 82.61737498668076 88.75853925023452 85.49190002647204 70.5890769139787 91.84796842197058 85.5439692066391
1.0075430766877855 2256.9020641425673 0.0 1.1169601725181209 2806.9738517691553 0.02857142857142857 t_swap_k 100 3151.6235806941986 91.30713846819509 82.61737498668076 88.93095385773218 85.49190002647204 70.5890769139787 91.84796842197058 85.5439692066391
1.0075430766877855 2256.9020641425673 0.0 1.1253764054157631 2844.398484813018 0.02857142857142857 t_swap_k 100 3153.7377042770386 91.30713846819509 82.61737498668076 89.08164431915486 85.49190002647204 70.5890769139787 91.84796842197058 85.5439692066391
1.0075430766877855 2256.9020641425673 0.0 1.1235330414072082 2836.201560794226 0.02857142857142857 t_swap_r_k 100 3158.088239431381 91.30713846819509 82.61737498668076 89.08164431915486 85.49190002647204 70.5890769139787 91.96948873775086 85.5439692066391
1.0075430766877855 2256.9020641425673 0.0 1.15872430247206 2929.1626784707223 0.0 t_move_k 100 3160.0839846134186 91.42406708351314 82.61737498668076 89.08164431915486 85.49190002647204 70.5890769139787 91.96948873775086 85.5439692066391
1.0075430766877855 2256.9020641425673 0.0 1.1389073829008844 2915.1543851665247 0.03333333333333333 t_multiswap_k 100 3162.2358860969543 91.42406708351314 82.61737498668076 89.08164431915486 85.49190002647204 70.5890769139787 91.96948873775086 85.81852951457272
1.0075430766877855 2256.9020641425673 0.0 1.1636340685968052 3007.2937400686747 0.03333333333333333 move_t 100 3164.31818819046 91.42406708351314 82.93120123681395 89.08164431915486 85.49190002647204 70.5890769139787 91.96948873775086 85.81852951457272
1.0075430766877855 2256.9020641425673 0.0 1.1573235560311097 2986.458525583907 0.02857142857142857 t_swap_r_k 100 3168.3668479919434 91.42406708351314 82.93120123681395 89.08164431915486 85.49190002647204 70.5890769139787 92.08979385037335 85.81852951457272
1.0075430766877855 2256.9020641425673 0.0 1.154285423143222 2983.5362277322724 0.03333333333333333 f_swap_t 100 3171.275295972824 91.42406708351314 82.93120123681395 89.08164431915486 85.66698102620732 70.5890769139787 92.08979385037335 85.81852951457272
1.0075430766877855 2256.9020641425673 0.0 1.1326858037235643 2877.4071308709476 0.03333333333333333 move_t 100 3173.313852071762 91.42406708351314 83.2218892244458 89.08164431915486 85.66698102620732 70.5890769139787 92.08979385037335 85.81852951457272
1.0075430766877855 2256.9020641425673 0.0 1.1470852640388922 2877.4071308709476 0.0 t_swap_r_k 100 3178.1717658042908 91.42406708351314 83.2218892244458 89.08164431915486 85.66698102620732 70.5890769139787 92.20889591186962 85.81852951457272
1.0075430766877855 2256.9020641425673 0.0 1.132811367261872 2869.5191081955923 0.025 t_swap_r_k 100 3182.785271167755 91.42406708351314 83.2218892244458 89.08164431915486 85.66698102620732 70.5890769139787 92.32680695275093 85.81852951457272
1.0075430766877855 2256.9020641425673 0.0 1.1383935331523425 2894.3414381597913 0.025 t_move_k 100 3185.126551628113 91.70982641267801 83.2218892244458 89.08164431915486 85.66698102620732 70.5890769139787 92.32680695275093 85.81852951457272
1.0075430766877855 2256.9020641425673 0.0 1.1320579995525915 2899.666878515554 0.025 swap_t 100 3187.8004190921783 91.70982641267801 83.2218892244458 89.08164431915486 85.66698102620732 70.94318614483892 92.32680695275093 85.81852951457272
1.0075430766877855 2256.9020641425673 0.0 1.123669270862894 2828.866763239784 0.025 t_move_k 100 3190.083417415619 91.96272814855124 83.2218892244458 89.08164431915486 85.66698102620732 70.94318614483892 92.32680695275093 85.81852951457272
1.0075430766877855 2256.9020641425673 0.0 1.1238838442699994 2829.8209111488977 0.025 t_move_k 100 3192.2584178447723 92.18310086706572 83.2218892244458 89.08164431915486 85.66698102620732 70.94318614483892 92.32680695275093 85.81852951457272
1.0075430766877855 2256.9020641425673 0.0 1.1154866556765 2792.4809627974364 0.025 t_swap_k 100 3195.2430424690247 92.18310086706572 83.2218892244458 89.22082787596331 85.66698102620732 70.94318614483892 92.32680695275093 85.81852951457272
1.0075430766877855 2256.9020641425673 0.0 1.1154866556765 2792.4809627974364 0.025 t_swap_r_k 100 3199.804706096649 92.18310086706572 83.2218892244458 89.22082787596331 85.66698102620732 70.94318614483892 92.44353888322343 85.81852951457272
1.0075430766877855 2256.9020641425673 0.0 1.1570014066369612 2921.5014427153 0.0 t_swap_k 100 3203.279797077179 92.18310086706572 83.2218892244458 89.47861959720368 85.66698102620732 70.94318614483892 92.44353888322343 85.81852951457272
1.0075430766877855 2256.9020641425673 0.0 1.1429479698577323 2859.0097411590027 0.0 move_t 100 3205.1088626384735 92.18310086706572 83.38967033220135 89.47861959720368 85.66698102620732 70.94318614483892 92.44353888322343 85.81852951457272
1.0075430766877855 2256.9020641425673 0.0 1.1387995841497331 2840.5630305303357 0.0 t_swap_r_k 100 3209.2930059432983 92.18310086706572 83.38967033220135 89.47861959720368 85.66698102620732 70.94318614483892 92.5591034943912 85.81852951457272
1.0075430766877855 2256.9020641425673 0.0 1.1565363499550894 2919.4334657622717 0.0 f_swap_t 100 3212.454012155533 92.18310086706572 83.38967033220135 89.47861959720368 85.86031121594525 70.94318614483892 92.5591034943912 85.81852951457272
1.0075430766877855 2256.9020641425673 0.0 1.1663273770013782 2962.971423752069 0.0 t_swap_k 100 3215.6174297332764 92.18310086706572 83.38967033220135 89.69383340123164 85.86031121594525 70.94318614483892 92.5591034943912 85.81852951457272
1.0075430766877855 2256.9020641425673 0.0 1.1585686679176823 2928.4706151500695 0.0 swap_t 100 3217.586033344269 92.18310086706572 83.38967033220135 89.69383340123164 85.86031121594525 71.23375428339052 92.5591034943912 85.81852951457272
1.0075430766877855 2256.9020641425673 0.0 1.1734836334319985 2994.7932939570587 0.0 t_multiswap_k 100 3219.5312914848328 92.18310086706572 83.38967033220135 89.69383340123164 85.86031121594525 71.23375428339052 92.5591034943912 86.08034421942699
1.0075430766877855 2256.9020641425673 0.0 1.1673620990236242 2967.572543095594 0.0 t_swap_k 100 3222.440188884735 92.18310086706572 83.38967033220135 89.86689506721933 85.86031121594525 71.23375428339052 92.5591034943912 86.08034421942699
1.0075430766877855 2256.9020641425673 0.0 1.1614779185996014 2941.4072389968173 0.0 t_swap_r_k 100 3227.0044405460358 92.18310086706572 83.38967033220135 89.86689506721933 85.86031121594525 71.23375428339052 92.67351245944728 86.08034421942699
1.0075430766877855 2256.9020641425673 0.0 1.1660588850760907 2961.777515277656 0.0 t_multiswap_k 100 3228.8094160556793 92.18310086706572 83.38967033220135 89.86689506721933 85.86031121594525 71.23375428339052 92.67351245944728 86.40954077723272
1.0075430766877855 2256.9020641425673 0.0 1.1452183024828426 2869.1052751604507 0.0 t_multiswap_k 100 3230.928488254547 92.18310086706572 83.38967033220135 89.86689506721933 85.86031121594525 71.23375428339052 92.67351245944728 86.6054453694604
1.0075430766877855 2256.9020641425673 0.0 1.139241228309066 2842.526898545873 0.0 move_t 100 3232.910285949707 92.18310086706572 83.58577362887934 89.86689506721933 85.86031121594525 71.23375428339052 92.67351245944728 86.6054453694604
1.0075430766877855 2256.9020641425673 0.0 1.131028696130219 2806.008065608114 0.0 t_move_k 100 3235.542201757431 92.38126985839506 83.58577362887934 89.86689506721933 85.86031121594525 71.23375428339052 92.67351245944728 86.6054453694604
1.0075430766877855 2256.9020641425673 0.0 1.1238943045152106 2774.28342212092 0.0 t_multiswap_k 100 3237.195789575577 92.38126985839506 83.58577362887934 89.86689506721933 85.86031121594525 71.23375428339052 92.67351245944728 86.8293909157658
1.0075430766877855 2256.9020641425673 0.0 1.1124867668523304 2723.557293678475 0.0 t_swap_k 100 3240.2092745304108 92.38126985839506 83.58577362887934 90.05822611654713 85.86031121594525 71.23375428339052 92.67351245944728 86.8293909157658
1.0075430766877855 2256.9020641425673 0.0 1.1107404433683286 2715.7918817228533 0.0 swap_t 100 3241.9587869644165 92.38126985839506 83.58577362887934 90.05822611654713 85.86031121594525 71.52141674055662 92.67351245944728 86.8293909157658
1.0075430766877855 2256.9020641425673 0.0 1.110523439740072 2714.8269273001965 0.0 f_swap_t 100 3245.727026939392 92.38126985839506 83.58577362887934 90.05822611654713 86.00170810378579 71.52141674055662 92.67351245944728 86.8293909157658
1.0075430766877855 2256.9020641425673 0.0 1.109321189077915 2709.4808549653203 0.0 t_swap_k 100 3248.995604276657 92.38126985839506 83.58577362887934 90.15764385538166 86.00170810378579 71.52141674055662 92.67351245944728 86.8293909157658
1.0075430766877855 2256.9020641425673 0.0 1.1424052200956525 2856.5962848148733 0.0 t_swap_k 100 3251.802002429962 92.38126985839506 83.58577362887934 90.33606741682785 86.00170810378579 71.52141674055662 92.67351245944728 86.8293909157658
1.0075430766877855 2256.9020641425673 0.0 1.1316811841479129 2808.909497272934 0.0 f_swap_t 100 3254.983127117157 92.38126985839506 83.58577362887934 90.33606741682785 86.14169102274793 71.52141674055662 92.67351245944728 86.8293909157658
1.0075430766877855 2256.9020641425673 0.0 1.1305171716902322 2803.733459535268 0.0 swap_t 100 3257.0396547317505 92.38126985839506 83.58577362887934 90.33606741682785 86.14169102274793 71.80620257315105 92.67351245944728 86.8293909157658
1.0075430766877855 2256.9020641425673 0.0 1.1192674438893082 2753.709067397681 0.0 t_move_k 100 3259.7036278247833 92.5174571598111 83.58577362887934 90.33606741682785 86.14169102274793 71.80620257315105 92.67351245944728 86.8293909157658
1.0075430766877855 2256.9020641425673 0.0 1.1109650013275179 2716.790428141654 0.0 t_multiswap_k 100 3261.54549407959 92.5174571598111 83.58577362887934 90.33606741682785 86.14169102274793 71.80620257315105 92.67351245944728 86.99109700660814
1.0075430766877855 2256.9020641425673 0.0 1.1103834192429036 2714.2042953235295 0.0 t_swap_k 100 3264.3473029136658 92.5174571598111 83.58577362887934 90.43270674265956 86.14169102274793 71.80620257315105 92.67351245944728 86.99109700660814
1.0075430766877855 2256.9020641425673 0.0 1.1103834192429036 2714.2042953235295 0.0 swap_t 100 3266.656469345093 92.5174571598111 83.58577362887934 90.43270674265956 86.14169102274793 72.08814054741954 92.67351245944728 86.99109700660814
1.0075430766877855 2256.9020641425673 0.0 1.1094863249625178 2710.215168043248 0.0 t_multiswap_k 100 3268.822286128998 92.5174571598111 83.58577362887934 90.43270674265956 86.14169102274793 72.08814054741954 92.67351245944728 87.15118603654206
1.0075430766877855 2256.9020641425673 0.0 1.1540412075953603 2908.3382657671277 0.0 t_swap_k 100 3272.7026488780975 92.5174571598111 83.58577362887934 90.64837967523296 86.14169102274793 72.08814054741954 92.67351245944728 87.15118603654206
1.0075430766877855 2256.9020641425673 0.0 1.132455480273974 2867.936578328708 0.025 f_swap_t 100 3275.7336387634277 92.5174571598111 83.58577362887934 90.64837967523296 86.31027411252046 72.08814054741954 92.67351245944728 87.15118603654206
1.0075430766877855 2256.9020641425673 0.0 1.1418951113500837 2909.9119767509424 0.025 t_swap_k 100 3278.5657782554626 92.5174571598111 83.58577362887934 90.87189587848063 86.31027411252046 72.08814054741954 92.67351245944728 87.15118603654206
1.0075430766877855 2256.9020641425673 0.0 1.1499800615135782 2945.8634881606927 0.025 t_swap_k 100 3282.5541582107544 92.5174571598111 83.58577362887934 91.07317691969583 86.31027411252046 72.08814054741954 92.67351245944728 87.15118603654206
1.0075430766877855 2256.9020641425673 0.0 1.1448550812195113 2923.074134634578 0.025 t_move_k 100 3285.4260880947113 92.66228258821299 83.58577362887934 91.07317691969583 86.31027411252046 72.08814054741954 92.67351245944728 87.15118603654206
1.0075430766877855 2256.9020641425673 0.0 1.1275320083037867 2846.043275941887 0.025 t_swap_k 100 3288.3047540187836 92.66228258821299 83.58577362887934 91.28244515049887 86.31027411252046 72.08814054741954 92.67351245944728 87.15118603654206
1.0075430766877855 2256.9020641425673 0.0 1.1145447505116222 2806.8205749880913 0.03333333333333333 f_swap_t 100 3291.8618404865265 92.66228258821299 83.58577362887934 91.28244515049887 86.44717137139526 72.08814054741954 92.67351245944728 87.15118603654206
1.0075430766877855 2256.9020641425673 0.0 1.1145447505116222 2806.8205749880913 0.03333333333333333 f_swap_t 100 3295.3408801555634 92.66228258821299 83.58577362887934 91.28244515049887 86.5826996576813 72.08814054741954 92.67351245944728 87.15118603654206
1.0075430766877855 2256.9020641425673 0.0 1.1133347786299579 2801.4401685502708 0.03333333333333333 t_multiswap_k 100 3296.9682054519653 92.66228258821299 83.58577362887934 91.28244515049887 86.5826996576813 72.08814054741954 92.67351245944728 87.33967417617664
1.0075430766877855 2256.9020641425673 0.0 1.109096494447433 2782.5937045567384 0.03333333333333333 t_swap_k 100 3299.9691157341003 92.66228258821299 83.58577362887934 91.42962069899389 86.5826996576813 72.08814054741954 92.67351245944728 87.33967417617664
1.0075430766877855 2256.9020641425673 0.0 1.109096494447433 2782.5937045567384 0.03333333333333333 swap_t 100 3301.8004355430603 92.66228258821299 83.58577362887934 91.42962069899389 86.5826996576813 72.36725914194534 92.67351245944728 87.33967417617664
1.0075430766877855 2256.9020641425673 0.0 1.117713676736059 2802.383902384375 0.025 t_swap_k 100 3303.8207371234894 92.66228258821299 83.58577362887934 91.58532449200395 86.5826996576813 72.36725914194534 92.67351245944728 87.33967417617664
1.0075430766877855 2256.9020641425673 0.0 1.1107569874421952 2771.4494514026346 0.025 t_multiswap_k 100 3306.1631569862366 92.66228258821299 83.58577362887934 91.58532449200395 86.5826996576813 72.36725914194534 92.67351245944728 87.55627743441488
1.0075430766877855 2256.9020641425673 0.0 1.157867612047184 2793.4713180951803 0.025 swap_t 100 3308.297206878662 92.66228258821299 83.58577362887934 91.58532449200395 86.5826996576813 72.65358655052589 92.67351245944728 87.55627743441488
1.0075430766877855 2256.9020641425673 0.0 1.1314961369678398 2863.6706470466484 0.025 t_move_k 100 3311.2195148468018 92.77565976233086 83.58577362887934 91.58532449200395 86.5826996576813 72.65358655052589 92.67351245944728 87.55627743441488
1.0075430766877855 2256.9020641425673 0.0 1.1601185563337821 2990.946538128277 0.025 t_multiswap_k 100 3313.4600319862366 92.77565976233086 83.58577362887934 91.58532449200395 86.5826996576813 72.65358655052589 92.67351245944728 87.77071466007074
1.0075430766877855 2256.9020641425673 0.0 1.1522280707974897 2955.859756509344 0.025 f_swap_t 100 3317.6045792102814 92.77565976233086 83.58577362887934 91.58532449200395 86.71687266110449 72.65358655052589 92.67351245944728 87.77071466007074
1.0075430766877855 2256.9020641425673 0.0 1.1522280707974897 2955.859756509344 0.025 swap_t 100 3319.8710367679596 92.77565976233086 83.58577362887934 91.58532449200395 86.71687266110449 72.92705068502063 92.67351245944728 87.77071466007074
1.0075430766877855 2256.9020641425673 0.0 1.1522280707974897 2955.859756509344 0.025 t_swap_r_k 100 3324.008812904358 92.77565976233086 83.58577362887934 91.58532449200395 86.71687266110449 72.92705068502063 92.78677733485281 87.77071466007074
1.0075430766877855 2256.9020641425673 0.0 1.1522280707974897 2955.859756509344 0.025 move_t 100 3326.1240890026093 92.77565976233086 83.74991589259055 91.58532449200395 86.71687266110449 72.92705068502063 92.78677733485281 87.77071466007074
1.0075430766877855 2256.9020641425673 0.0 1.1756463929534178 3004.410480462664 0.0 f_swap_t 100 3329.3016822338104 92.77565976233086 83.74991589259055 91.58532449200395 86.89970393449344 72.92705068502063 92.78677733485281 87.77071466007074
1.0075430766877855 2256.9020641425673 0.0 1.1681048721468825 2970.875447365339 0.0 swap_t 100 3331.3563311100006 92.77565976233086 83.74991589259055 91.58532449200395 86.89970393449344 73.19778017817042 92.78677733485281 87.77071466007074
1.0075430766877855 2256.9020641425673 0.0 1.1968047960301489 3098.4959793516778 0.0 t_swap_k 100 3334.137444257736 92.77565976233086 83.74991589259055 91.7494712470839 86.89970393449344 73.19778017817042 92.78677733485281 87.77071466007074
1.0075430766877855 2256.9020641425673 0.0 1.166954314976967 3021.343244339826 0.025 t_multiswap_k 100 3336.4302237033844 92.77565976233086 83.74991589259055 91.7494712470839 86.89970393449344 73.19778017817042 92.78677733485281 88.01300751347003
1.0075430766877855 2256.9020641425673 0.0 1.159861371067823 2989.802907204576 0.025 f_swap_t 100 3339.584882736206 92.77565976233086 83.74991589259055 91.7494712470839 87.03070689514851 73.19778017817042 92.78677733485281 88.01300751347003
1.0075430766877855 2256.9020641425673 0.0 1.1721127336909472 3044.2812891640583 0.025 t_move_k 100 3342.0293118953705 92.94790316470755 83.74991589259055 91.7494712470839 87.03070689514851 73.19778017817042 92.78677733485281 88.01300751347003
1.0075430766877855 2256.9020641425673 0.0 1.1693760068061405 3032.111830375216 0.025 f_swap_t 100 3345.158225297928 92.94790316470755 83.74991589259055 91.7494712470839 87.16039982619702 73.19778017817042 92.78677733485281 88.01300751347003
1.0075430766877855 2256.9020641425673 0.0 1.1693760068061405 3032.111830375216 0.025 t_swap_r_k 100 3350.2906398773193 92.94790316470755 83.74991589259055 91.7494712470839 87.16039982619702 73.19778017817042 92.89890956150428 88.01300751347003
1.0075430766877855 2256.9020641425673 0.0 1.1652530185152408 3041.7747893371934 0.0 swap_t 100 3352.6044261455536 92.94790316470755 83.74991589259055 91.7494712470839 87.16039982619702 73.49580237638871 92.89890956150428 88.01300751347003
1.0075430766877855 2256.9020641425673 0.0 1.158923834610974 2985.633944880275 0.025 swap_t 100 3354.045117855072 92.94790316470755 83.74991589259055 91.7494712470839 87.16039982619702 73.76084435262483 92.89890956150428 88.01300751347003
1.0075430766877855 2256.9020641425673 0.0 1.158923834610974 2985.633944880275 0.025 t_swap_r_k 100 3358.3248047828674 92.94790316470755 83.74991589259055 91.7494712470839 87.16039982619702 73.76084435262483 93.00992046588924 88.01300751347003
1.0075430766877855 2256.9020641425673 0.0 1.1528574760974384 2958.658545786319 0.025 move_t 100 3360.561000108719 92.94790316470755 84.03241673366465 91.7494712470839 87.16039982619702 73.76084435262483 93.00992046588924 88.01300751347003
1.0075430766877855 2256.9020641425673 0.0 1.1524853418117147 2957.003768731593 0.025 t_multiswap_k 100 3362.679280757904 92.94790316470755 84.03241673366465 91.7494712470839 87.16039982619702 73.76084435262483 93.00992046588924 88.13287743833533
1.0075430766877855 2256.9020641425673 0.0 1.1450772211149347 2924.0619286003266 0.025 t_move_k 100 3365.236540555954 93.22842413306049 84.03241673366465 91.7494712470839 87.16039982619702 73.76084435262483 93.00992046588924 88.13287743833533
1.0075430766877855 2256.9020641425673 0.0 1.1379132525924818 2892.2057648806067 0.025 t_swap_k 100 3367.502946615219 93.22842413306049 84.03241673366465 91.89197653461306 87.16039982619702 73.76084435262483 93.00992046588924 88.13287743833533
1.0075430766877855 2256.9020641425673 0.0 1.136185646666789 2884.52358467008 0.025 t_swap_r_k 100 3371.5075504779816 93.22842413306049 84.03241673366465 91.89197653461306 87.16039982619702 73.76084435262483 93.11982126123034 88.13287743833533
1.0075430766877855 2256.9020641425673 0.0 1.1662146192303213 3018.0540243029045 0.025 t_multiswap_k 100 3373.5173513889313 93.22842413306049 84.03241673366465 91.89197653461306 87.16039982619702 73.76084435262483 93.11982126123034 88.34154866395197
1.0075430766877855 2256.9020641425673 0.0 1.1452259694347304 2943.251371699695 0.03333333333333333 f_swap_t 100 3376.297756433487 93.22842413306049 84.03241673366465 91.89197653461306 87.31879582793505 73.76084435262483 93.11982126123034 88.34154866395197
1.0075430766877855 2256.9020641425673 0.0 1.1404369451467384 2921.955920540489 0.03333333333333333 move_t 100 3378.5298919677734 93.22842413306049 84.192092566328 91.89197653461306 87.31879582793505 73.76084435262483 93.11982126123034 88.34154866395197
1.0075430766877855 2256.9020641425673 0.0 1.121896228030947 2854.332939506406 0.04 t_multiswap_k 100 3380.0173223018646 93.22842413306049 84.192092566328 91.89197653461306 87.31879582793505 73.76084435262483 93.11982126123034 88.51813317731245
1.0075430766877855 2256.9020641425673 0.0 1.121896228030947 2854.332939506406 0.04 f_swap_t 100 3382.283133506775 93.22842413306049 84.192092566328 91.89197653461306 87.4456078696557 73.76084435262483 93.11982126123034 88.51813317731245
1.0075430766877855 2256.9020641425673 0.0 1.1276448510629455 2920.657059870498 0.05833333333333333 t_move_k 100 3384.7314722537994 93.39613989172989 84.192092566328 91.89197653461306 87.4456078696557 73.76084435262483 93.11982126123034 88.51813317731245
1.0075430766877855 2256.9020641425673 0.0 1.1174606480193523 2875.3707582215216 0.05833333333333333 t_multiswap_k 100 3386.216128587723 93.39613989172989 84.192092566328 91.89197653461306 87.4456078696557 73.76084435262483 93.11982126123034 88.66295184553933
1.0075430766877855 2256.9020641425673 0.0 1.1351401664233831 2898.4026274642433 0.03333333333333333 t_swap_k 100 3389.6360268592834 93.39613989172989 84.192092566328 92.04305676926694 87.4456078696557 73.76084435262483 93.11982126123034 88.66295184553933
1.0075430766877855 2256.9020641425673 0.0 1.1803389061507428 3025.27677380307 0.0 t_swap_k 100 3393.0598859786987 93.39613989172989 84.192092566328 92.24262620157427 87.4456078696557 73.76084435262483 93.11982126123034 88.66295184553933
1.0075430766877855 2256.9020641425673 0.0 1.1897831540892216 3000.8973947498703 0.03333333333333333 swap_t 100 3395.0825402736664 93.39613989172989 84.192092566328 92.24262620157427 87.4456078696557 74.03323590909858 93.11982126123034 88.66295184553933
1.0075430766877855 2256.9020641425673 0.0 1.1806793734210879 3026.790736500048 0.0 f_swap_t 100 3398.114832639694 93.39613989172989 84.192092566328 92.24262620157427 87.57115179095915 74.03323590909858 93.11982126123034 88.66295184553933
1.0075430766877855 2256.9020641425673 0.0 1.178737679827119 3018.1565683250847 0.0 f_swap_t 100 3401.337427854538 93.39613989172989 84.192092566328 92.24262620157427 87.69544027304956 74.03323590909858 93.11982126123034 88.66295184553933
1.0075430766877855 2256.9020641425673 0.0 1.178737679827119 3018.1565683250847 0.0 t_swap_r_k 100 3406.134995698929 93.39613989172989 84.192092566328 92.24262620157427 87.69544027304956 74.03323590909858 93.22862304861803 88.66295184553933
1.0075430766877855 2256.9020641425673 0.0 1.186713510537862 3060.360611777908 0.0 move_t 100 3407.92932844162 93.39613989172989 84.39017164066472 92.24262620157427 87.69544027304956 74.03323590909858 93.22862304861803 88.66295184553933
1.0075430766877855 2256.9020641425673 0.0 1.1826735642526347 3109.770348952324 0.03333333333333333 t_multiswap_k 100 3409.4244899749756 93.39613989172989 84.39017164066472 92.24262620157427 87.69544027304956 74.03323590909858 93.22862304861803 88.83632232708393
1.0075430766877855 2256.9020641425673 0.0 1.1793421602790826 3094.9565275256405 0.03333333333333333 t_multiswap_k 100 3410.828136444092 93.39613989172989 84.39017164066472 92.24262620157427 87.69544027304956 74.03323590909858 93.22862304861803 89.00795910381309
1.0075430766877855 2256.9020641425673 0.0 1.1713224459824532 3059.2951017644714 0.03333333333333333 t_swap_r_k 100 3415.1636910438538 93.39613989172989 84.39017164066472 92.24262620157427 87.69544027304956 74.03323590909858 93.33633681813185 89.00795910381309
1.0075430766877855 2256.9020641425673 0.0 1.158972933818703 2993.792847150586 0.02857142857142857 t_multiswap_k 100 3417.1425697803497 93.39613989172989 84.39017164066472 92.24262620157427 87.69544027304956 74.03323590909858 93.33633681813185 89.26787951277497
1.0075430766877855 2256.9020641425673 0.0 1.1581769396206774 2990.2532836512805 0.02857142857142857 t_swap_k 100 3420.177483320236 93.39613989172989 84.39017164066472 92.39019993955853 87.69544027304956 74.03323590909858 93.33633681813185 89.26787951277497
1.0075430766877855 2256.9020641425673 0.0 1.1572905341313573 2996.899115541443 0.03333333333333333 t_swap_k 100 3423.0732448101044 93.39613989172989 84.39017164066472 92.65629794016294 87.69544027304956 74.03323590909858 93.33633681813185 89.26787951277497
1.0075430766877855 2256.9020641425673 0.0 1.1376072717515673 2909.3731546241693 0.03333333333333333 t_multiswap_k 100 3424.913487672806 93.39613989172989 84.39017164066472 92.65629794016294 87.69544027304956 74.03323590909858 93.33633681813185 89.46520071764722
1.0075430766877855 2256.9020641425673 0.0 1.1290679850128214 2871.4013355763127 0.03333333333333333 t_multiswap_k 100 3426.162235021591 93.39613989172989 84.39017164066472 92.65629794016294 87.69544027304956 74.03323590909858 93.33633681813185 89.63054871047075
1.0075430766877855 2256.9020641425673 0.0 1.1275294768842035 2868.562487679734 0.03333333333333333 move_t 100 3428.282155275345 93.39613989172989 84.57626992425807 92.65629794016294 87.69544027304956 74.03323590909858 93.33633681813185 89.63054871047075
1.0075430766877855 2256.9020641425673 0.0 1.1395046024441036 2907.2226242810634 0.02857142857142857 t_multiswap_k 100 3430.005790233612 93.39613989172989 84.57626992425807 92.65629794016294 87.69544027304956 74.03323590909858 93.33633681813185 89.74424322336604
1.0075430766877855 2256.9020641425673 0.0 1.1383130814951021 2901.924263978683 0.02857142857142857 t_move_k 100 3432.8461966514587 93.5421784928126 84.57626992425807 92.65629794016294 87.69544027304956 74.03323590909858 93.33633681813185 89.74424322336604
1.0075430766877855 2256.9020641425673 0.0 1.1383130814951021 2901.924263978683 0.02857142857142857 f_swap_t 100 3436.2474451065063 93.5421784928126 84.57626992425807 92.65629794016294 87.81848587031907 74.03323590909858 93.33633681813185 89.74424322336604
1.0075430766877855 2256.9020641425673 0.0 1.1361346174983897 2898.499871288796 0.02857142857142857 swap_t 100 3438.686509847641 93.5421784928126 84.57626992425807 92.65629794016294 87.81848587031907 74.3229035500076 93.33633681813185 89.74424322336604
1.0075430766877855 2256.9020641425673 0.0 1.1526102551400847 2965.499795185496 0.02857142857142857 t_swap_k 100 3441.159994363785 93.5421784928126 84.57626992425807 92.79973496076131 87.81848587031907 74.3229035500076 93.33633681813185 89.74424322336604
1.0075430766877855 2256.9020641425673 0.0 1.1460386240631393 2936.277590364711 0.02857142857142857 t_move_k 100 3443.17889547348 93.69675670788448 84.57626992425807 92.79973496076131 87.81848587031907 74.3229035500076 93.33633681813185 89.74424322336604
1.0075430766877855 2256.9020641425673 0.0 1.138163966461863 2911.8486202515655 0.03333333333333333 t_swap_r_k 100 3447.718654870987 93.69675670788448 84.57626992425807 92.79973496076131 87.81848587031907 74.3229035500076 93.47297344995053 89.74424322336604
1.0075430766877855 2256.9020641425673 0.0 1.1371531483511974 2907.3537949151196 0.03333333333333333 t_move_k 100 3449.9925010204315 93.78978914080562 84.57626992425807 92.79973496076131 87.81848587031907 74.3229035500076 93.47297344995053 89.74424322336604
1.0075430766877855 2256.9020641425673 0.0 1.1367387346037634 2905.5110129229065 0.03333333333333333 t_swap_r_k 100 3454.2139909267426 93.78978914080562 84.57626992425807 92.79973496076131 87.81848587031907 74.3229035500076 93.57824371545102 89.74424322336604
1.0075430766877855 2256.9020641425673 0.0 1.1367387346037634 2905.5110129229065 0.03333333333333333 t_swap_r_k 100 3458.8727004528046 93.78978914080562 84.57626992425807 92.79973496076131 87.81848587031907 74.3229035500076 93.68246127829651 89.74424322336604
1.0075430766877855 2256.9020641425673 0.0 1.1367387346037634 2905.5110129229065 0.03333333333333333 t_swap_r_k 100 3463.7485337257385 93.78978914080562 84.57626992425807 92.79973496076131 87.81848587031907 74.3229035500076 93.78563666551355 89.74424322336604
1.0075430766877855 2256.9020641425673 0.0 1.1367387346037634 2905.5110129229065 0.03333333333333333 t_swap_r_k 100 3467.971223115921 93.78978914080562 84.57626992425807 92.79973496076131 87.81848587031907 74.3229035500076 93.88778029885842 89.74424322336604
1.0075430766877855 2256.9020641425673 0.0 1.1367387346037634 2905.5110129229065 0.03333333333333333 t_swap_r_k 100 3472.178241968155 93.78978914080562 84.57626992425807 92.79973496076131 87.81848587031907 74.3229035500076 93.98890249586984 89.74424322336604
1.0075430766877855 2256.9020641425673 0.0 1.1335143404898531 2891.1730344033613 0.03333333333333333 t_multiswap_k 100 3473.185700893402 93.78978914080562 84.57626992425807 92.79973496076131 87.81848587031907 74.3229035500076 93.98890249586984 89.91680079113237
1.0075430766877855 2256.9020641425673 0.0 1.1371188560558623 2896.613877564862 0.02857142857142857 t_multiswap_k 100 3475.2398476600647 93.78978914080562 84.57626992425807 92.79973496076131 87.81848587031907 74.3229035500076 93.98890249586984 90.08763278322105
1.0075430766877855 2256.9020641425673 0.0 1.136517888063272 2893.941541037661 0.02857142857142857 t_move_k 100 3477.8775222301483 93.88189124939757 84.57626992425807 92.79973496076131 87.81848587031907 74.3229035500076 93.98890249586984 90.08763278322105
1.0075430766877855 2256.9020641425673 0.0 1.1346213511176382 2877.567600013867 0.025 t_multiswap_k 100 3480.0941622257233 93.88189124939757 84.57626992425807 92.79973496076131 87.81848587031907 74.3229035500076 93.98890249586984 90.24675645538885
1.0075430766877855 2256.9020641425673 0.0 1.1265665315388786 2860.278071821952 0.03333333333333333 t_swap_r_k 100 3484.928913116455 93.88189124939757 84.57626992425807 92.79973496076131 87.81848587031907 74.3229035500076 94.08901347091114 90.24675645538885
1.0075430766877855 2256.9020641425673 0.0 1.1262830340067411 2859.017437612072 0.03333333333333333 t_swap_r_k 100 3488.9641065597534 93.88189124939757 84.57626992425807 92.79973496076131 87.81848587031907 74.3229035500076 94.18812333620203 90.24675645538885
1.0075430766877855 2256.9020641425673 0.0 1.1262830340067411 2859.017437612072 0.03333333333333333 move_t 100 3491.14511013031 93.88189124939757 84.73050722501549 92.79973496076131 87.81848587031907 74.3229035500076 94.18812333620203 90.24675645538885
1.0075430766877855 2256.9020641425673 0.0 1.1262830340067411 2859.017437612072 0.03333333333333333 f_swap_t 100 3494.144198656082 93.88189124939757 84.73050722501549 92.79973496076131 87.94030101161587 74.3229035500076 94.18812333620203 90.24675645538885
1.0075430766877855 2256.9020641425673 0.0 1.1368048913008937 2831.6931894968316 0.0 t_move_k 100 3496.3570194244385 94.1030723369036 84.73050722501549 92.79973496076131 87.94030101161587 74.3229035500076 94.18812333620203 90.24675645538885
1.0075430766877855 2256.9020641425673 0.0 1.1410814008503576 2850.7096310026377 0.0 t_swap_k 100 3499.4013426303864 94.1030723369036 84.73050722501549 92.9717376111537 87.94030101161587 74.3229035500076 94.18812333620203 90.24675645538885
1.0075430766877855 2256.9020641425673 0.0 1.122417290971568 2841.827559873095 0.03333333333333333 t_swap_r_k 100 3504.3057703971863 94.1030723369036 84.73050722501549 92.9717376111537 87.94030101161587 74.3229035500076 94.28624210284 90.24675645538885
1.0075430766877855 2256.9020641425673 0.0 1.1099149116873066 2786.2329770497345 0.03333333333333333 t_multiswap_k 100 3507.0086624622345 94.1030723369036 84.73050722501549 92.9717376111537 87.94030101161587 74.3229035500076 94.28624210284 90.43428889083496
1.0075430766877855 2256.9020641425673 0.0 1.1099149116873066 2786.2329770497345 0.03333333333333333 t_swap_k 100 3510.8192965984344 94.1030723369036 84.73050722501549 93.04202023504216 87.94030101161587 74.3229035500076 94.28624210284 90.43428889083496
1.0075430766877855 2256.9020641425673 0.0 1.1001706513708545 2742.9029776233574 0.03333333333333333 t_move_k 100 3512.779876232147 94.35204161353455 84.73050722501549 93.04202023504216 87.94030101161587 74.3229035500076 94.28624210284 90.43428889083496
1.0075430766877855 2256.9020641425673 0.0 1.1292633242289507 2872.2699544194015 0.03333333333333333 t_multiswap_k 100 3515.105080604553 94.35204161353455 84.73050722501549 93.04202023504216 87.94030101161587 74.3229035500076 94.28624210284 90.53994600192661
1.0075430766877855 2256.9020641425673 0.0 1.12354833352023 2881.5741091525883 0.03333333333333333 swap_t 100 3516.7969963550568 94.35204161353455 84.73050722501549 93.04202023504216 87.94030101161587 74.60967451450752 94.28624210284 90.53994600192661
1.0075430766877855 2256.9020641425673 0.0 1.1213740729384505 2837.1886611461964 0.03333333333333333 t_swap_k 100 3519.2933082580566 94.35204161353455 84.73050722501549 93.14160003269174 87.94030101161587 74.60967451450752 94.28624210284 90.53994600192661
1.0075430766877855 2256.9020641425673 0.0 1.1759540750187447 3130.296856053257 0.02222222222222222 swap_t 100 3521.6778376102448 94.35204161353455 84.73050722501549 93.14160003269174 87.94030101161587 74.91357776936245 94.28624210284 90.53994600192661
1.0075430766877855 2256.9020641425673 0.0 1.1581037073031168 2989.9276400236636 0.02857142857142857 move_t 100 3524.7131588459015 94.35204161353455 84.88320215276534 93.14160003269174 87.94030101161587 74.91357776936245 94.28624210284 90.53994600192661
1.0075430766877855 2256.9020641425673 0.0 1.165025405148348 3031.2939229300996 0.03333333333333333 t_multiswap_k 100 3526.965348958969 94.35204161353455 84.88320215276534 93.14160003269174 87.94030101161587 74.91357776936245 94.28624210284 90.70454654190735
1.0075430766877855 2256.9020641425673 0.0 1.17897298467286 3019.20290314167 0.0 f_swap_t 100 3530.2437703609467 94.35204161353455 84.88320215276534 93.14160003269174 88.19089800149972 74.91357776936245 94.28624210284 90.70454654190735
1.0075430766877855 2256.9020641425673 0.0 1.1950872204665357 3090.8584013550735 0.0 f_swap_t 100 3533.24316906929 94.35204161353455 84.88320215276534 93.14160003269174 88.38898902148472 74.91357776936245 94.28624210284 90.70454654190735
1.0075430766877855 2256.9020641425673 0.0 1.1728036320539266 2991.7695180761903 0.0 t_swap_r_k 100 3538.18323469162 94.35204161353455 84.88320215276534 93.14160003269174 88.38898902148472 74.91357776936245 94.3833796818116 90.70454654190735
1.0075430766877855 2256.9020641425673 0.0 1.1711548560418237 2984.4378724367557 0.0 t_swap_k 100 3540.9707107543945 94.35204161353455 84.88320215276534 93.33018403236483 88.38898902148472 74.91357776936245 94.3833796818116 90.70454654190735
1.0075430766877855 2256.9020641425673 0.0 1.1680520490272834 3044.7525614802926 0.03333333333333333 t_move_k 100 3543.0464963912964 94.5085211973992 84.88320215276534 93.33018403236483 88.38898902148472 74.91357776936245 94.3833796818116 90.70454654190735
1.0075430766877855 2256.9020641425673 0.0 1.1624134885391113 3019.679460517916 0.03333333333333333 t_multiswap_k 100 3545.959093809128 94.5085211973992 84.88320215276534 93.33018403236483 88.38898902148472 74.91357776936245 94.3833796818116 90.82750107648828
1.0075430766877855 2256.9020641425673 0.0 1.1624134885391113 3019.679460517916 0.03333333333333333 swap_t 100 3548.307502269745 94.5085211973992 84.88320215276534 93.33018403236483 88.38898902148472 75.16444199166882 94.3833796818116 90.82750107648828
1.0075430766877855 2256.9020641425673 0.0 1.1624134885391113 3019.679460517916 0.03333333333333333 t_swap_r_k 100 3552.412880420685 94.5085211973992 84.88320215276534 93.33018403236483 88.38898902148472 75.16444199166882 94.47954588499348 90.82750107648828
1.0075430766877855 2256.9020641425673 0.0 1.1600208950761308 3009.0402667759895 0.03333333333333333 t_multiswap_k 100 3554.972583770752 94.5085211973992 84.88320215276534 93.33018403236483 88.38898902148472 75.16444199166882 94.47954588499348 90.9792260657234
1.0075430766877855 2256.9020641425673 0.0 1.1600018314388845 3008.955496114685 0.03333333333333333 swap_t 100 3558.007565975189 94.5085211973992 84.88320215276534 93.33018403236483 88.38898902148472 75.44279757175214 94.47954588499348 90.9792260657234
1.0075430766877855 2256.9020641425673 0.0 1.1522672548634325 2974.561998025173 0.03333333333333333 t_move_k 100 3560.038113117218 94.79343598542522 84.88320215276534 93.33018403236483 88.38898902148472 75.44279757175214 94.47954588499348 90.9792260657234
1.0075430766877855 2256.9020641425673 0.0 1.1466684141576262 2949.665519822373 0.03333333333333333 t_move_k 100 3562.7496614456177 94.96550162557097 84.88320215276534 93.33018403236483 88.38898902148472 75.44279757175214 94.47954588499348 90.9792260657234
1.0075430766877855 2256.9020641425673 0.0 1.1633940679726003 3024.039822916984 0.03333333333333333 t_swap_k 100 3566.016015768051 94.96550162557097 84.88320215276534 93.60688219204118 88.38898902148472 75.44279757175214 94.47954588499348 90.9792260657234
1.0075430766877855 2256.9020641425673 0.0 1.1333371612956222 2890.3851680969337 0.03333333333333333 t_multiswap_k 100 3568.6453166007996 94.96550162557097 84.88320215276534 93.60688219204118 88.38898902148472 75.44279757175214 94.47954588499348 91.25943380506617
1.0075430766877855 2256.9020641425673 0.0 1.1333371612956222 2890.3851680969337 0.03333333333333333 t_swap_r_k 100 3573.0970973968506 94.96550162557097 84.88320215276534 93.60688219204118 88.38898902148472 75.44279757175214 94.57475042614355 91.25943380506617
1.0075430766877855 2256.9020641425673 0.0 1.124792980553161 2852.391586783775 0.03333333333333333 move_t 100 3575.5021092891693 94.96550162557097 85.24437013123769 93.60688219204118 88.38898902148472 75.44279757175214 94.57475042614355 91.25943380506617
1.0075430766877855 2256.9020641425673 0.0 1.1122581682890877 2796.6527835731295 0.03333333333333333 t_move_k 100 3578.058141708374 95.38584660931525 85.24437013123769 93.60688219204118 88.38898902148472 75.44279757175214 94.57475042614355 91.25943380506617
1.0075430766877855 2256.9020641425673 0.0 1.110623355822577 2789.383229914291 0.03333333333333333 t_multiswap_k 100 3579.8799476623535 95.38584660931525 85.24437013123769 93.60688219204118 88.38898902148472 75.44279757175214 94.57475042614355 91.44683946701551
1.0075430766877855 2256.9020641425673 0.0 1.1091667490908792 2782.9061073006465 0.03333333333333333 t_move_k 100 3582.040246486664 95.4619881432221 85.24437013123769 93.60688219204118 88.38898902148472 75.44279757175214 94.57475042614355 91.44683946701551
1.0075430766877855 2256.9020641425673 0.0 1.1091347613602387 2782.7638668118575 0.03333333333333333 t_move_k 100 3584.5916180610657 95.56736826178988 85.24437013123769 93.60688219204118 88.38898902148472 75.44279757175214 94.57475042614355 91.44683946701551
1.0075430766877855 2256.9020641425673 0.0 1.1091347613602387 2782.7638668118575 0.03333333333333333 t_swap_r_k 100 3589.109400033951 95.56736826178988 85.24437013123769 93.60688219204118 88.38898902148472 75.44279757175214 94.66900292188211 91.44683946701551
1.0075430766877855 2256.9020641425673 0.0 1.1091347613602387 2782.7638668118575 0.03333333333333333 t_swap_r_k 100 3593.8186564445496 95.56736826178988 85.24437013123769 93.60688219204118 88.38898902148472 75.44279757175214 94.76231289266329 91.44683946701551
1.0075430766877855 2256.9020641425673 0.0 1.10494215074759 2764.1205004052385 0.03333333333333333 t_multiswap_k 100 3596.0302999019623 95.56736826178988 85.24437013123769 93.60688219204118 88.38898902148472 75.44279757175214 94.76231289266329 91.60237107234535
1.0075430766877855 2256.9020641425673 0.0 1.10494215074759 2764.1205004052385 0.03333333333333333 t_swap_r_k 100 3599.944583415985 95.56736826178988 85.24437013123769 93.60688219204118 88.38898902148472 75.44279757175214 94.85468976373666 91.60237107234535